Epoch,Layer0_theta_1,Layer0_r,Layer0_theta_2,Layer0_bx,Layer0_bp,Layer0_gamma,Layer1_theta_1,Layer1_r,Layer1_theta_2,Layer1_bx,Layer1_bp,Layer1_gamma,Layer2_theta_1,Layer2_r,Layer2_theta_2,Layer2_bx,Layer2_bp,Layer2_gamma,Layer3_theta_1,Layer3_r,Layer3_theta_2,Layer3_bx,Layer3_bp,Layer3_gamma,Layer4_theta_1,Layer4_r,Layer4_theta_2,Layer4_bx,Layer4_bp,Layer4_gamma,Layer5_theta_1,Layer5_r,Layer5_theta_2,Layer5_bx,Layer5_bp,Layer5_gamma
1,0.07591537,0.080790125,0.07591319,0.052592743,-0.048379973,-0.046829086,0.07582213,0.080790125,0.07582082,0.0573512,-0.049744938,-0.04480159,0.07572888,0.080790125,0.07572838,0.060380828,-0.050669115,-0.038411252,0.0756349,0.080790125,0.075633965,0.062248323,-0.05124812,-0.032150112,0.07553869,0.080790125,0.07553516,0.06329311,-0.051544275,-0.025392825,0.07543843,0.080790125,0.07542941,0.06370467,0.0007908538,0.0007908538
2,0.12429549,0.13958779,0.124587975,0.055753596,-0.029597213,-0.048583876,0.12459714,0.13311683,0.12518762,0.066116795,-0.033191454,-0.04788049,0.12492491,0.13054802,0.12528786,0.072319575,-0.035746764,-0.033016387,0.12515706,0.13091236,0.12444884,0.075742505,-0.037318617,-0.013860017,0.12428771,0.13452582,0.12376833,0.077166244,-0.038047533,0.008382275,0.12348316,0.14122581,0.12302929,0.0770359,0.0007908538,0.0007908538
3,0.09212924,0.16029517,0.09360324,0.08206352,-0.0031294024,-0.06858863,0.09385157,0.11773595,0.09702664,0.07973406,-0.0008220412,-0.0760873,0.0966418,0.10509872,0.098599605,0.07514992,-0.0013044276,-0.06346547,0.09867907,0.10633303,0.095984705,0.07322623,-0.0025199712,-0.032773484,0.096018136,0.12292144,0.09286575,0.07232264,-0.0031761448,0.026042031,0.09245381,0.16829427,0.09066946,0.07032769,0.0007908538,0.0007908538
4,0.08906781,0.17727737,0.08725059,0.087363236,0.022060867,-0.075369634,0.0871377,0.11705302,0.0902935,0.08003989,0.025736041,-0.08644265,0.089938834,0.099464945,0.092391744,0.071622215,0.02547962,-0.07306014,0.09267033,0.10096197,0.088928655,0.06780232,0.024282623,-0.03372242,0.0889614,0.12401745,0.085417114,0.06553902,0.023866298,0.045589555,0.08519267,0.18886974,0.08669831,0.061747268,0.0007908538,0.0007908538
5,0.11000359,0.19022386,0.10148291,0.080196835,0.017897105,-0.08894792,0.10085058,0.12937436,0.10187171,0.077289775,0.02028616,-0.095015004,0.10212208,0.111726195,0.104419105,0.073447965,0.019021919,-0.07476664,0.105130725,0.11280291,0.10156577,0.072571374,0.017315118,-0.026035372,0.10135623,0.13669418,0.09998406,0.07154468,0.016488247,0.06404192,0.09986931,0.20516628,0.10885317,0.0685688,0.0007908538,0.0007908538
6,0.10192104,0.1917338,0.09472577,0.08766246,0.011711685,-0.10117345,0.09440638,0.12597741,0.09641928,0.08243109,0.015833462,-0.105512306,0.09684236,0.10722025,0.09965736,0.07678886,0.015116994,-0.08402325,0.10064935,0.10848669,0.096835166,0.07542548,0.013346622,-0.03163003,0.096626334,0.13412815,0.094506435,0.07471762,0.012241652,0.067539945,0.09403676,0.20889008,0.101674825,0.07231744,0.0007908538,0.0007908538
7,0.10089915,0.20093916,0.094061024,0.08823608,0.02876575,-0.08715671,0.093093,0.12644215,0.09552803,0.079942785,0.033085447,-0.09698083,0.094938114,0.10484615,0.097602405,0.071910225,0.032541994,-0.07876073,0.09816277,0.10629539,0.09354869,0.06918971,0.031131353,-0.026148366,0.09334864,0.13432108,0.09001132,0.06738284,0.030885575,0.077365726,0.08971637,0.21493892,0.095745675,0.06315363,0.0007908538,0.0007908538
8,0.105442695,0.20137417,0.0971829,0.088161305,0.014241092,-0.0955581,0.09601738,0.12866043,0.09798971,0.082709424,0.018680176,-0.10239084,0.09769655,0.107671134,0.10038197,0.07713952,0.018040461,-0.08127939,0.10116637,0.10886017,0.09675305,0.076068275,0.016457679,-0.025445191,0.09638365,0.13631237,0.09363857,0.07545831,0.01582888,0.08139479,0.09314013,0.21635099,0.10078346,0.07286551,0.0007908538,0.0007908538
9,0.104886614,0.20293453,0.09678779,0.08903604,0.01534426,-0.09430409,0.09545062,0.12846571,0.09753843,0.08309763,0.019978663,-0.10186525,0.0970871,0.1069791,0.09975131,0.0771492,0.019432686,-0.08098037,0.10053291,0.108212516,0.0959552,0.07591812,0.01793169,-0.024298249,0.09557431,0.13612704,0.09254612,0.07523573,0.017456112,0.08467078,0.09200344,0.21751261,0.0991999,0.072513506,0.0007908538,0.0007908538
10,0.103872,0.20430894,0.09609815,0.08970563,0.01827102,-0.09160183,0.09456415,0.12804218,0.09678591,0.08299708,0.02303825,-0.10030192,0.09616934,0.10602624,0.09879407,0.07640933,0.022577913,-0.079894915,0.09956888,0.107304424,0.09481928,0.074822895,0.021166274,-0.022686575,0.09445483,0.13567135,0.09109946,0.073916465,0.020868454,0.08778921,0.090576835,0.2182746,0.09716669,0.07085971,0.0007908538,0.0007908538
11,0.10521603,0.20380905,0.09701839,0.089178234,0.016723469,-0.09473778,0.09546973,0.12868136,0.09749639,0.083037496,0.02140871,-0.10224805,0.097137265,0.107098505,0.099755384,0.07696316,0.02090445,-0.0805249,0.10074459,0.10831676,0.0961044,0.0756653,0.019480476,-0.021806056,0.09574491,0.13638878,0.09265716,0.07490633,0.019154804,0.089996,0.09212936,0.21850356,0.099383615,0.07204928,0.0007908538,0.0007908538
12,0.10428141,0.20340593,0.09630965,0.08968223,0.01739838,-0.095676064,0.09475327,0.12820101,0.09684199,0.08319326,0.022181535,-0.103023246,0.09658618,0.106678195,0.09922229,0.07682509,0.021727256,-0.08091775,0.10034858,0.10791311,0.09570759,0.07536515,0.020324595,-0.02133352,0.095379144,0.13601321,0.09223689,0.07453702,0.020026766,0.091756776,0.09169829,0.2184089,0.09878942,0.071612775,0.0007908538,0.0007908538
13,0.10397739,0.2038732,0.09611734,0.08968288,0.019085739,-0.09452642,0.0944001,0.1281154,0.096487164,0.08288009,0.023873262,-0.10225445,0.09625099,0.10644901,0.098849304,0.07625688,0.02343479,-0.07992873,0.10007207,0.10766533,0.095377915,0.074637175,0.022061247,-0.019458499,0.09507861,0.13588384,0.091837406,0.07368466,0.021832488,0.09477144,0.09136998,0.21870409,0.09829973,0.07056208,0.0007908538,0.0007908538
14,0.10438174,0.20318352,0.09636657,0.0895256,0.017574595,-0.09680695,0.09460948,0.1282926,0.0965862,0.08306702,0.022342017,-0.10370467,0.09657555,0.10696277,0.09917689,0.07674152,0.02187953,-0.08030532,0.10059999,0.10811414,0.095993176,0.07529844,0.020474263,-0.018459385,0.09570128,0.13608603,0.092622906,0.07447002,0.020178737,0.09703611,0.09216491,0.21858177,0.099443115,0.07153274,0.0007908538,0.0007908538
15,0.10391376,0.20315383,0.0960273,0.08968676,0.01834143,-0.09671093,0.09417319,0.1280764,0.09615648,0.083007686,0.023142487,-0.10367543,0.096216984,0.10673561,0.09880426,0.07649576,0.02270129,-0.07990353,0.10035225,0.107867874,0.095731765,0.074942164,0.021309631,-0.01709076,0.09546658,0.13586615,0.092339225,0.07404992,0.021041209,0.0996486,0.09192169,0.2186168,0.09909314,0.07102423,0.0007908538,0.0007908538
16,0.104540825,0.20406291,0.096540265,0.08948341,0.01730375,-0.094837785,0.09439766,0.1284399,0.096290484,0.08309553,0.022075571,-0.102283314,0.096290424,0.106886014,0.09880913,0.076817274,0.021608796,-0.07825117,0.1003993,0.10791671,0.09573078,0.07541652,0.020200863,-0.014425567,0.095454395,0.13594131,0.092277244,0.0746214,0.019914644,0.10344594,0.09194766,0.21893524,0.09910087,0.07168767,0.0007908538,0.0007908538
17,0.1039543,0.20375763,0.0960993,0.089656256,0.017859302,-0.09547426,0.0938948,0.12814415,0.095795065,0.08307095,0.022671157,-0.10274676,0.09590914,0.106660485,0.09842344,0.07662242,0.022224259,-0.078184985,0.10016424,0.10767442,0.09550054,0.07512284,0.020820297,-0.013252722,0.09524581,0.13568585,0.092041485,0.07428123,0.020542374,0.10601431,0.091737814,0.21887892,0.09880681,0.07128976,0.0007908538,0.0007908538
18,0.103852086,0.20329416,0.09599806,0.08968298,0.017361792,-0.09674133,0.09371291,0.12807655,0.095555104,0.08317112,0.022183506,-0.103569604,0.095846355,0.106780395,0.098355286,0.076782316,0.021734303,-0.07816338,0.100279875,0.107739784,0.09565951,0.07531924,0.020315746,-0.011888902,0.09541302,0.13562407,0.09226856,0.07451829,0.020007497,0.10876038,0.09199789,0.21878204,0.09918527,0.07159421,0.0007908538,0.0007908538
19,0.10368107,0.20304951,0.0958602,0.089637324,0.018095866,-0.09732345,0.09353009,0.12799303,0.095343456,0.08300651,0.022911461,-0.1039615,0.09575019,0.10680225,0.09825004,0.07652417,0.022466812,-0.07801938,0.1003241,0.107740775,0.09572286,0.074992836,0.021057652,-0.01063566,0.09549914,0.13557817,0.09237844,0.07413746,0.020771224,0.11137881,0.09214354,0.21881841,0.09938874,0.0711365,0.0007908538,0.0007908538
20,0.10383784,0.2033919,0.09599616,0.089584604,0.017910684,-0.09652657,0.093498014,0.12809008,0.09526158,0.08301534,0.022719983,-0.10336779,0.09568641,0.10682359,0.09814896,0.07658096,0.022270888,-0.07706853,0.10031703,0.107700735,0.09569809,0.07508112,0.020861397,-0.008614001,0.095480554,0.13554427,0.0923361,0.074243985,0.020579746,0.1147007,0.09217244,0.21898697,0.099414155,0.07124853,0.0007908538,0.0007908538
21,0.103945,0.20360903,0.09608908,0.08950737,0.018018411,-0.09603646,0.09345377,0.12816338,0.09517085,0.08295488,0.022818033,-0.10298939,0.09563881,0.10686415,0.098070614,0.076535024,0.022366226,-0.0762805,0.10034989,0.10768812,0.09572276,0.075041,0.020960685,-0.0066994247,0.09551499,0.13552703,0.092360534,0.07419912,0.020691982,0.11799837,0.09226572,0.2191516,0.0995305,0.07117942,0.0007908538,0.0007908538
22,0.10349386,0.20282744,0.095714025,0.08966174,0.018101346,-0.09786549,0.09307374,0.1279196,0.09476932,0.08300831,0.022930443,-0.10425901,0.095456794,0.10687627,0.097907215,0.07650774,0.022489758,-0.07667446,0.10040211,0.10766366,0.09583661,0.074965104,0.021076242,-0.0056667603,0.095640615,0.13536535,0.092553064,0.07411568,0.02078969,0.120642476,0.09247695,0.21896942,0.09984615,0.071107246,0.0007908538,0.0007908538
23,0.10246024,0.20253778,0.094947144,0.090434834,0.01683275,-0.09807493,0.0922037,0.12736902,0.093969814,0.08365277,0.021800613,-0.10453554,0.094706565,0.106284074,0.09717193,0.07701417,0.021401638,-0.07659761,0.09978613,0.10701835,0.09521634,0.07544305,0.019966073,-0.0044645723,0.095010184,0.13471754,0.09183152,0.0746761,0.019625735,0.12348349,0.091758065,0.21867146,0.098848894,0.071810335,0.0007908538,0.0007908538
24,0.10352927,0.20246726,0.09572301,0.08964769,0.017148193,-0.09905183,0.09289185,0.12793688,0.094487585,0.08317003,0.021984927,-0.10499053,0.0954135,0.10708408,0.09784137,0.076816835,0.021534579,-0.076047525,0.100649856,0.10774584,0.09613779,0.075369105,0.020099401,-0.0022958394,0.09593736,0.13528505,0.09291993,0.07460082,0.019773895,0.12720487,0.09294645,0.21903889,0.100502305,0.07169706,0.0007908538,0.0007908538
25,0.10298057,0.20297027,0.09535746,0.08982451,0.018586423,-0.09757832,0.09238138,0.12769385,0.09401509,0.08299093,0.023462253,-0.104021,0.094907515,0.106621996,0.09730311,0.07633593,0.02304199,-0.075013444,0.10019459,0.10726322,0.09561924,0.074716605,0.021637797,-0.0002646825,0.095434085,0.13496548,0.092278406,0.07383706,0.021385606,0.13080586,0.092381306,0.21929492,0.0996735,0.07074616,0.0007908538,0.0007908538
26,0.10289751,0.20245369,0.095266946,0.090017185,0.017155096,-0.099011526,0.09222809,0.12761709,0.09381767,0.083368845,0.022066558,-0.104991384,0.09487336,0.10673212,0.0972778,0.07686163,0.021646203,-0.075140804,0.10035041,0.10729672,0.095831275,0.07534723,0.020217722,0.0011352281,0.09562564,0.13484599,0.09253761,0.074577406,0.01990987,0.1339773,0.09266336,0.21915813,0.10008452,0.07165726,0.0007908538,0.0007908538
27,0.10220946,0.202322,0.09476001,0.09045909,0.01692697,-0.09901483,0.09162831,0.12726314,0.093254924,0.0836439,0.021916892,-0.105068244,0.09437031,0.10634411,0.096777625,0.076983,0.02152404,-0.074824385,0.099984266,0.10685835,0.09546192,0.07540715,0.020091174,0.0027148982,0.095248185,0.13442011,0.09209668,0.07465175,0.019776292,0.13733804,0.092257395,0.21908355,0.099511996,0.0717542,0.0007908538,0.0007908538
28,0.10337105,0.20271459,0.09563231,0.08970757,0.017145324,-0.09883448,0.09236818,0.12789525,0.09384112,0.08320764,0.022014918,-0.10472554,0.09504782,0.107040524,0.097404234,0.07683802,0.021578537,-0.07375212,0.10075298,0.10747354,0.09625285,0.07539348,0.02015806,0.0053196526,0.09603789,0.1349654,0.09299098,0.07463414,0.019877156,0.14157204,0.09328688,0.21961272,0.1009232,0.07168095,0.0007908538,0.0007908538
29,0.10147179,0.20187844,0.094196714,0.09069169,0.018393485,-0.10012025,0.090997815,0.12693106,0.092633784,0.0834736,0.023435922,-0.10587748,0.093981095,0.106147245,0.09639974,0.0764956,0.023079067,-0.07453122,0.099941984,0.10658719,0.09545891,0.0747337,0.021672942,0.0057812054,0.0952458,0.13411051,0.0920915,0.07386769,0.021422645,0.1441229,0.09234659,0.21926114,0.099614866,0.07079729,0.0007908538,0.0007908538
30,0.10311674,0.20274946,0.09545222,0.08987396,0.01775431,-0.09914178,0.09208275,0.12780607,0.09355026,0.08319469,0.022666046,-0.104952104,0.09488361,0.10696465,0.097234845,0.07669167,0.022258472,-0.07310224,0.1008578,0.10730906,0.09637494,0.07517571,0.020871134,0.008634701,0.09614728,0.13479479,0.09308628,0.07436642,0.020659423,0.14866382,0.09348016,0.21997185,0.101153515,0.071309805,0.0007908538,0.0007908538
31,0.10140367,0.20160367,0.09413593,0.09090013,0.017296214,-0.10116312,0.0908297,0.12689653,0.09242776,0.08380779,0.022378491,-0.10659323,0.09394488,0.10623493,0.096367784,0.076937884,0.022027116,-0.074146196,0.10019723,0.10654757,0.09576837,0.07526362,0.020613816,0.009006286,0.095509484,0.13394704,0.092400275,0.074486375,0.020350855,0.15117136,0.09273037,0.21943079,0.10013348,0.07152259,0.0007908538,0.0007908538
32,0.10226524,0.20143694,0.09475672,0.09010124,0.018726485,-0.10220146,0.091447346,0.12735699,0.09291103,0.083114676,0.02368482,-0.107142285,0.09461785,0.10693354,0.09701651,0.07637062,0.023303332,-0.0738027,0.10104909,0.10720077,0.09667804,0.07470528,0.021921147,0.011027259,0.096419506,0.1344873,0.09345847,0.07382653,0.021727374,0.15506218,0.09389545,0.21988337,0.101744995,0.070687525,0.0007908538,0.0007908538
33,0.10198126,0.20213243,0.094591916,0.09031979,0.018916415,-0.10043116,0.09117503,0.1272274,0.09268985,0.083189435,0.023916489,-0.105958045,0.094255276,0.10651176,0.09662763,0.076317474,0.023553208,-0.07279815,0.10068545,0.10674249,0.09625399,0.07460438,0.022184761,0.012992868,0.095982835,0.1341848,0.09289229,0.07370836,0.022028992,0.15893783,0.09338343,0.22017664,0.100989535,0.07049878,0.0007908538,0.0007908538
34,0.10169746,0.2020581,0.09438159,0.090677656,0.017358769,-0.100520596,0.0908445,0.12705535,0.09235728,0.08366812,0.022414438,-0.10602389,0.09397943,0.106313825,0.096351795,0.07688035,0.022051048,-0.0723241,0.100543104,0.10644526,0.09612656,0.07526028,0.020649778,0.015019768,0.09580805,0.13384832,0.09269354,0.074489705,0.020433892,0.16300508,0.09324538,0.22013673,0.1007954,0.07144598,0.0007908538,0.0007908538
35,0.10156855,0.20147333,0.094253846,0.09045794,0.018851956,-0.10200899,0.09078089,0.12699264,0.09226344,0.08325725,0.023879513,-0.107044205,0.0940852,0.10648868,0.09647383,0.076330364,0.023522668,-0.07257857,0.100883245,0.1065903,0.0965294,0.074594066,0.022144424,0.016398229,0.096198685,0.13389613,0.09316894,0.07371248,0.021982612,0.16649194,0.09376836,0.22026071,0.101524495,0.07050567,0.0007908538,0.0007908538
36,0.10122167,0.20184751,0.09402413,0.09078996,0.018163737,-0.10093824,0.09042197,0.12680851,0.091935955,0.08355584,0.023246014,-0.10631778,0.09370787,0.10610696,0.09608214,0.076587066,0.022900647,-0.07167773,0.10057466,0.10613159,0.096192,0.0748665,0.021514218,0.018652266,0.09582534,0.13352269,0.092701666,0.07403783,0.02134622,0.17084344,0.09338113,0.22041795,0.10095813,0.070868775,0.0007908538,0.0007908538
37,0.10208725,0.2018266,0.09465835,0.090301126,0.017590357,-0.10155397,0.09101757,0.12723565,0.09242008,0.083422214,0.022594444,-0.10659772,0.094295986,0.106671184,0.096651636,0.076764956,0.02221685,-0.071225025,0.10129713,0.106610455,0.09696585,0.07520002,0.020834582,0.020791372,0.096560225,0.13388397,0.0935551,0.07441429,0.02066989,0.17504239,0.09433292,0.22076201,0.10227602,0.07128003,0.0007908538,0.0007908538
38,0.10004653,0.20173024,0.093163006,0.09162539,0.017210804,-0.10077744,0.089496486,0.12619562,0.091126174,0.08416058,0.022429645,-0.106365375,0.092910394,0.105355315,0.09531551,0.0769772,0.022118645,-0.071235016,0.10003143,0.105257876,0.09565795,0.07520907,0.02070897,0.021808295,0.09520065,0.13268489,0.09196021,0.07446393,0.020517629,0.17840073,0.09268336,0.22044697,0.09995645,0.071371704,0.0007908538,0.0007908538
39,0.10189182,0.20171835,0.09451768,0.09037444,0.017707206,-0.102152325,0.09088011,0.12717083,0.09230362,0.08342661,0.022736711,-0.107041575,0.09428385,0.106642775,0.09666202,0.076730795,0.022369498,-0.07084748,0.10158574,0.1064636,0.09730316,0.07515951,0.021000851,0.024209702,0.0968123,0.13369802,0.0938205,0.074367695,0.02087932,0.1830556,0.094691515,0.22119987,0.102730475,0.07116392,0.0007908538,0.0007908538
40,0.100445285,0.20193453,0.09347319,0.09138359,0.017531028,-0.10116282,0.08985042,0.12645975,0.091476396,0.08396779,0.02272842,-0.10661823,0.093305424,0.10563439,0.09572468,0.076864876,0.022416465,-0.07081184,0.10068351,0.10543062,0.09635615,0.075142086,0.02104024,0.025169507,0.09581171,0.1328247,0.09261799,0.07436956,0.020927861,0.18643695,0.093421474,0.22117226,0.10092185,0.07115392,0.0007908538,0.0007908538
41,0.09961934,0.20024934,0.09276871,0.09203904,0.015062254,-0.10532976,0.08938578,0.12600936,0.09108493,0.08474251,0.020353604,-0.10972275,0.09315546,0.105666004,0.09569118,0.07773859,0.020028923,-0.07303138,0.10086577,0.105384156,0.09669711,0.07613625,0.018558715,0.02464425,0.09602749,0.1324024,0.09297723,0.07558621,0.01827179,0.18854395,0.09358497,0.2205766,0.10120134,0.072736755,0.0007908538,0.0007908538
42,0.10153455,0.2028076,0.09433287,0.09006106,0.021013765,-0.10075631,0.09073387,0.12716556,0.09227384,0.082561925,0.026055312,-0.10607095,0.09414226,0.10626979,0.096514955,0.07546486,0.0257262,-0.069480024,0.101721846,0.105987445,0.097393386,0.07366424,0.024442883,0.029676601,0.096789986,0.13351324,0.09363421,0.07262163,0.02455056,0.19571489,0.094680846,0.22264901,0.102559656,0.068858966,0.0007908538,0.0007908538
43,0.09854859,0.19974856,0.091961026,0.09215384,0.016162096,-0.10741252,0.08872031,0.12556873,0.09053104,0.08446886,0.02150277,-0.11124639,0.09273233,0.105311245,0.09532768,0.077173814,0.021173751,-0.073634446,0.10079508,0.104922034,0.09668301,0.07544952,0.01966168,0.027331533,0.095855385,0.13191156,0.09275779,0.074871436,0.019366983,0.19654068,0.09336074,0.22099592,0.10083438,0.07187875,0.0007908538,0.0007908538
44,0.10079864,0.20211682,0.093762495,0.09035303,0.018621188,-0.10374027,0.09020766,0.12685165,0.09180589,0.08304707,0.023729853,-0.10813646,0.09386964,0.106113896,0.09630957,0.07612509,0.023352897,-0.07012395,0.10184281,0.10561968,0.09761068,0.074528635,0.021953292,0.032933712,0.09678083,0.13298239,0.09363031,0.073734626,0.021895535,0.20466928,0.09471113,0.22290704,0.10256467,0.07022607,0.0007908538,0.0007908538
45,0.09913791,0.20246772,0.09256858,0.09155944,0.01666471,-0.10261585,0.08892929,0.1260021,0.09073618,0.08397481,0.021964222,-0.10755362,0.092615806,0.104852356,0.09508545,0.07679145,0.02160616,-0.06976173,0.10064137,0.104268834,0.09634349,0.07519245,0.020126559,0.03464674,0.095389746,0.13183254,0.0919669,0.074588224,0.019966535,0.2092463,0.09301024,0.22287962,0.10014699,0.071264684,0.0007908538,0.0007908538
46,0.09959715,0.20173867,0.09286671,0.09126625,0.0147098275,-0.10559267,0.089311995,0.12621912,0.09104934,0.08417005,0.019966839,-0.10954025,0.09313351,0.105399586,0.09563691,0.07741046,0.019549357,-0.070595086,0.10139171,0.10468597,0.09719895,0.07607797,0.018006563,0.036083963,0.096075475,0.1319958,0.092790514,0.07566082,0.017736355,0.21361375,0.09381439,0.22307573,0.10126706,0.07257719,0.0007908538,0.0007908538
47,0.10001678,0.20254509,0.093230315,0.09017546,0.019505965,-0.10465592,0.08970132,0.12651572,0.09140154,0.08263628,0.024654595,-0.108696386,0.09349285,0.105545074,0.09594022,0.07555852,0.024258008,-0.06944464,0.10183433,0.1048403,0.0975872,0.07394782,0.022826895,0.03895967,0.096443355,0.13241823,0.09309965,0.07314434,0.02281774,0.21910845,0.09433675,0.22428198,0.10189185,0.06937494,0.0007908538,0.0007908538
48,0.09859916,0.20084484,0.092093594,0.09111758,0.017032156,-0.10840314,0.088739425,0.12573385,0.090548195,0.08355642,0.022306714,-0.11153976,0.09289421,0.10514374,0.09545733,0.07643798,0.021895949,-0.071323924,0.10158806,0.10431404,0.09747882,0.07489896,0.020346189,0.039144333,0.09614058,0.13158101,0.09285128,0.07435194,0.02013785,0.22225904,0.09392861,0.22360276,0.10137079,0.070979856,0.0007908538,0.0007908538
49,0.099970326,0.20197357,0.09317259,0.09012622,0.017777923,-0.10685579,0.08979975,0.12645184,0.09152363,0.082917795,0.022925097,-0.11021859,0.0937101,0.1056411,0.09621124,0.07611468,0.022490378,-0.06995079,0.10237168,0.10475486,0.098228544,0.07470482,0.021011414,0.042010736,0.09683866,0.13215917,0.09356341,0.074065745,0.020933367,0.22762218,0.09481684,0.22466078,0.10253281,0.070452124,0.0007908538,0.0007908538
50,0.09861645,0.20165318,0.09216264,0.09102108,0.016991831,-0.10714102,0.08886667,0.12574612,0.09075748,0.083499886,0.022271756,-0.11061825,0.09290958,0.10481841,0.09547419,0.07641666,0.02186164,-0.07027008,0.10174839,0.10384827,0.09762493,0.07493148,0.020338705,0.043279655,0.096102126,0.13127816,0.092711695,0.074386686,0.020213239,0.2318434,0.09391664,0.22451968,0.10125969,0.07086202,0.0007908538,0.0007908538
51,0.09893512,0.20170121,0.09240167,0.090862,0.016567057,-0.107434586,0.08923453,0.12589972,0.09114619,0.08350867,0.02182583,-0.110831514,0.09323645,0.10497216,0.09582348,0.076571114,0.021407137,-0.070371054,0.10217569,0.10393939,0.098092884,0.07516938,0.01989579,0.044613753,0.0964663,0.13131072,0.093118586,0.074649684,0.019790752,0.23582685,0.09430402,0.22485556,0.10177627,0.071117,0.0007908538,0.0007908538
52,0.09808175,0.20098005,0.091732636,0.09145787,0.015815105,-0.10883814,0.088748746,0.12543304,0.09077684,0.08395227,0.02115599,-0.11200803,0.09290251,0.1046104,0.09556727,0.07687689,0.020749573,-0.07132083,0.10205392,0.1035069,0.098045215,0.0754435,0.019202331,0.04517691,0.096276365,0.13074613,0.09293531,0.07500834,0.019046552,0.23916635,0.0940001,0.22464496,0.101361394,0.07159049,0.0007908538,0.0007908538
53,0.0997381,0.20276923,0.09305869,0.08976495,0.020925703,-0.10576874,0.090102114,0.12635979,0.09203416,0.08209618,0.02607693,-0.109531514,0.09395106,0.105174035,0.09651274,0.07494722,0.025701458,-0.069105566,0.10303126,0.10410067,0.09893015,0.07332058,0.024351783,0.048712626,0.09719848,0.13172184,0.09383235,0.07240007,0.024581041,0.24510702,0.09523161,0.2263921,0.102949984,0.06811687,0.0007908538,0.0007908538
54,0.09744358,0.20067151,0.091261916,0.09150457,0.015685499,-0.11023094,0.088606246,0.1251641,0.09079996,0.08393428,0.02105109,-0.113128975,0.09283831,0.104326844,0.09559078,0.07681233,0.02062677,-0.0722087,0.10226739,0.10309426,0.098338105,0.075402156,0.01904299,0.047357645,0.09629659,0.13024972,0.09293448,0.07502316,0.018878363,0.24721739,0.093882225,0.22514743,0.10112734,0.071553566,0.0007908538,0.0007908538
55,0.09669143,0.20157424,0.09078292,0.09182735,0.014969115,-0.108606726,0.088069834,0.124865964,0.09040725,0.08418293,0.020399265,-0.11199104,0.092233956,0.10355618,0.09499251,0.07698295,0.01996365,-0.071231924,0.101704106,0.10219919,0.09771405,0.07562392,0.018343119,0.050091963,0.09552153,0.12959836,0.09194502,0.07534612,0.01817367,0.25329843,0.09300747,0.22572753,0.099801935,0.071848445,0.0007908538,0.0007908538
56,0.09803905,0.20208964,0.091820955,0.09041973,0.01696503,-0.10886122,0.0891994,0.12567917,0.09143275,0.083031945,0.022231182,-0.11187336,0.09333135,0.104412295,0.09606889,0.076102264,0.021766363,-0.07042301,0.10295624,0.10296083,0.09900239,0.07481352,0.020220747,0.053182118,0.09671274,0.13040136,0.09323894,0.074345626,0.020211734,0.2595148,0.094589464,0.22699645,0.10191764,0.07043685,0.0007908538,0.0007908538
57,0.096955515,0.20094773,0.09096462,0.09057461,0.019007402,-0.11147473,0.088743895,0.1252061,0.091134906,0.0826391,0.024318058,-0.11397389,0.09315002,0.10422864,0.096002474,0.07527958,0.02387578,-0.072294705,0.10308531,0.10276166,0.099244796,0.073738284,0.022311315,0.05287575,0.09679007,0.13000594,0.09336917,0.073156305,0.022332108,0.26241237,0.09448428,0.22694911,0.1017597,0.06905179,0.0007908538,0.0007908538
58,0.096249595,0.20217483,0.09051897,0.09119345,0.018915497,-0.10858316,0.088215224,0.12484034,0.09075914,0.08298609,0.024328165,-0.11195627,0.09249124,0.10324708,0.095335744,0.07538052,0.023931066,-0.070708774,0.10243571,0.10167629,0.09850563,0.07377592,0.022409987,0.05606793,0.09594209,0.12929216,0.09227731,0.07319038,0.022548009,0.26877284,0.0935965,0.22761004,0.10042307,0.06891241,0.0007908538,0.0007908538
59,0.09670869,0.20071793,0.09077116,0.0916809,0.013456247,-0.112959355,0.088814184,0.12499154,0.09138893,0.08439611,0.018892284,-0.11523101,0.09321721,0.10390558,0.09619743,0.07752971,0.018429246,-0.07330845,0.103438154,0.102162726,0.09971975,0.07642082,0.016816836,0.055419527,0.09683248,0.12915567,0.093417004,0.07629021,0.016715398,0.27156973,0.09433679,0.22710729,0.10152328,0.072753236,0.0007908538,0.0007908538
60,0.09678352,0.2024578,0.090922594,0.090865485,0.020979501,-0.10986392,0.089155465,0.12511873,0.09184579,0.08251598,0.026394706,-0.113015555,0.093371674,0.103485234,0.096299835,0.074825235,0.026062977,-0.0719013,0.10356607,0.10184706,0.099712536,0.0731173,0.024689764,0.05798181,0.09682089,0.12940662,0.093202256,0.072306454,0.025108837,0.27730134,0.09428419,0.22881119,0.10128672,0.06756719,0.0007908538,0.0007908538
61,0.09647814,0.20172876,0.090653844,0.09157433,0.017306997,-0.11192122,0.08911289,0.12487464,0.09190666,0.08364489,0.022794062,-0.11464501,0.09339169,0.10336506,0.09641436,0.07627159,0.022432867,-0.07327308,0.10377459,0.10158246,0.10002819,0.07483603,0.020992804,0.05844829,0.09686014,0.1288651,0.093293086,0.074344344,0.021266516,0.28121543,0.09414557,0.22859173,0.101110354,0.07006126,0.0007908538,0.0007908538
62,0.09585276,0.20263013,0.09024997,0.09239363,0.014937064,-0.11018503,0.08875593,0.12452102,0.09173799,0.08456685,0.020533944,-0.11353977,0.09284642,0.10248484,0.09589705,0.07723062,0.02017993,-0.07280091,0.103203714,0.10058257,0.0994123,0.07593113,0.018723791,0.060313564,0.09604104,0.128031,0.09228116,0.07564243,0.01897989,0.28654167,0.09307557,0.22890285,0.09954743,0.07152287,0.0007908538,0.0007908538
63,0.096396975,0.20262063,0.09065453,0.09182996,0.015623338,-0.110974625,0.089382075,0.12482182,0.09237176,0.08413966,0.02115494,-0.11402734,0.09347364,0.10284475,0.09655718,0.07693998,0.020793276,-0.07296645,0.10400332,0.10085029,0.10027685,0.075685024,0.019378765,0.06217255,0.09673071,0.1282336,0.093046986,0.07532197,0.019722622,0.29175505,0.093919784,0.22958794,0.1006856,0.0710058,0.0007908538,0.0007908538
64,0.09542253,0.20210348,0.08991105,0.09171616,0.019812467,-0.11221321,0.08900992,0.124409094,0.09215417,0.08318718,0.025375735,-0.11506931,0.09331951,0.10251969,0.09648379,0.07532897,0.02507476,-0.07392017,0.10413434,0.100522004,0.100469336,0.0736484,0.023703594,0.063004844,0.09676697,0.12791593,0.09307011,0.07297615,0.02422401,0.29605824,0.09387796,0.23003882,0.10057406,0.06810504,0.0007908538,0.0007908538
65,0.09596654,0.2028248,0.090358086,0.091740206,0.017617222,-0.11140494,0.08958518,0.12466238,0.09280193,0.0836854,0.023176484,-0.11447383,0.09369046,0.10249005,0.09687682,0.07620649,0.022858247,-0.073595166,0.10451652,0.100366086,0.100858696,0.074794956,0.021517731,0.06497834,0.09695369,0.12779695,0.09322061,0.07426289,0.022066683,0.3014804,0.094049074,0.23069996,0.100747675,0.069475636,0.0007908538,0.0007908538
66,0.09435123,0.2019037,0.0891202,0.09291862,0.014987032,-0.11355026,0.08869836,0.12385775,0.09218336,0.08475408,0.02069326,-0.11637887,0.09294783,0.10171075,0.096278295,0.07714663,0.020349076,-0.07572654,0.10397831,0.09948086,0.100420445,0.07579572,0.018865913,0.064282514,0.09619176,0.12664473,0.09240289,0.07558241,0.019203117,0.30444783,0.09276714,0.23017241,0.09895476,0.071218446,0.0007908538,0.0007908538
67,0.0962625,0.2032781,0.090612575,0.09145918,0.016259754,-0.11238295,0.09040401,0.1249016,0.09384277,0.083781786,0.021798132,-0.11529289,0.0943204,0.102506384,0.09761629,0.076624446,0.021438768,-0.074864194,0.10531043,0.100213684,0.10173821,0.07545647,0.020090336,0.066902615,0.09736573,0.12751204,0.093622856,0.075043924,0.02065706,0.31064767,0.09415898,0.23179398,0.100788005,0.07020459,0.0007908538,0.0007908538
68,0.094590105,0.2036359,0.08939882,0.09231632,0.018575242,-0.1117326,0.08960605,0.124155335,0.09339551,0.08371325,0.02427284,-0.1152425,0.093499966,0.10137171,0.09689543,0.075788796,0.023990186,-0.075979754,0.10455988,0.09911267,0.10097097,0.07423243,0.02264693,0.066611804,0.09639789,0.12654819,0.09245364,0.073676944,0.02332622,0.31413087,0.092581764,0.23208639,0.09849563,0.068473235,0.0007908538,0.0007908538
69,0.09590008,0.20399171,0.090383254,0.09238288,0.013084313,-0.11236548,0.09077188,0.12474595,0.09457931,0.08498898,0.018756792,-0.11564265,0.09441661,0.10186915,0.09786215,0.07802,0.018417586,-0.076410085,0.10550526,0.09940527,0.101997584,0.07708503,0.01709585,0.06807817,0.09711398,0.12658449,0.09326386,0.076922745,0.017703986,0.31933045,0.09327949,0.23247999,0.09945626,0.072252765,0.0007908538,0.0007908538
70,0.09328665,0.20306554,0.08840011,0.09294559,0.021100814,-0.11376965,0.08941767,0.12354869,0.093583584,0.083539985,0.026927495,-0.11714465,0.09344146,0.10072637,0.09702528,0.07497024,0.026730835,-0.078485355,0.10488118,0.09840717,0.101418,0.073052675,0.025436714,0.067213476,0.09637041,0.12568517,0.092389606,0.07231534,0.026302662,0.32217366,0.092007846,0.2327308,0.09760683,0.06666582,0.0007908538,0.0007908538
71,0.09556696,0.20385414,0.090134405,0.09218992,0.016970607,-0.11363041,0.09127593,0.12463531,0.095349014,0.08415859,0.022665951,-0.116795965,0.09497536,0.1017175,0.098556556,0.07671043,0.022417488,-0.07796963,0.10641497,0.09919875,0.10300741,0.07544446,0.021247339,0.06986652,0.097710975,0.12634419,0.093862645,0.074922234,0.022209631,0.32841444,0.0936506,0.23378918,0.09985383,0.069496036,0.0007908538,0.0007908538
72,0.09416927,0.20348774,0.089086756,0.09329219,0.016270705,-0.11439338,0.09066182,0.12396022,0.09504293,0.08488064,0.022123396,-0.11775526,0.094408415,0.100898184,0.09812484,0.07708753,0.02191641,-0.079690136,0.10600436,0.09833746,0.10266159,0.0757036,0.020720035,0.06933985,0.09707947,0.12534761,0.09314478,0.075287156,0.021681368,0.33177078,0.09245846,0.2336599,0.09814626,0.06993742,0.0007908538,0.0007908538
73,0.09415178,0.20416355,0.089113906,0.093290396,0.01716608,-0.11345107,0.09106601,0.12400051,0.09563701,0.08472275,0.023038855,-0.117246784,0.09461651,0.10062813,0.09838835,0.076805,0.022867616,-0.080111094,0.10621783,0.09805685,0.1028793,0.07535408,0.021738736,0.07000328,0.097106926,0.12512425,0.09310923,0.07483574,0.02284963,0.33608848,0.09219542,0.23436058,0.09769852,0.06918771,0.0007908538,0.0007908538
74,0.09475211,0.20392676,0.089547254,0.092906475,0.016807849,-0.114636205,0.09186221,0.124312006,0.096489176,0.08463478,0.02263034,-0.11811527,0.095387705,0.101051375,0.099231236,0.076975286,0.02245191,-0.08094341,0.107169874,0.098387085,0.10393202,0.07565491,0.021373343,0.07103082,0.09792318,0.12524964,0.09403786,0.07513368,0.022559458,0.34071115,0.09305657,0.23490141,0.09887855,0.069409244,0.0007908538,0.0007908538
75,0.0942958,0.20497552,0.08927224,0.092807196,0.020396264,-0.11266955,0.09188272,0.12418843,0.096712954,0.08383038,0.026257401,-0.116801925,0.09529412,0.10045865,0.099169806,0.07562382,0.026155986,-0.080415994,0.10713186,0.09778495,0.10384848,0.07397288,0.025173135,0.073032804,0.0977087,0.12497888,0.093670554,0.073127635,0.026624609,0.3464906,0.09280529,0.23607562,0.09839905,0.06666912,0.0007908538,0.0007908538
76,0.09354209,0.20495395,0.088733554,0.09395371,0.014267892,-0.11332593,0.091551244,0.12381391,0.0966217,0.08567186,0.02025493,-0.1174773,0.094899975,0.09980242,0.09889625,0.07796348,0.020092728,-0.08140159,0.10685367,0.09688841,0.10364242,0.07678952,0.019010952,0.07409018,0.09708744,0.123890914,0.09295682,0.07650562,0.0202595,0.3520053,0.09187699,0.23604491,0.09703966,0.07074619,0.0007908538,0.0007908538
77,0.09182084,0.20450555,0.0874476,0.09418123,0.018980525,-0.114481635,0.09078692,0.123152435,0.0961558,0.08466672,0.025058605,-0.11859252,0.094416134,0.099094525,0.09854601,0.076005824,0.024957612,-0.082797386,0.10670763,0.09618367,0.10355922,0.07427965,0.023835953,0.07460185,0.096758656,0.12323729,0.09253536,0.073690854,0.025205975,0.35684133,0.09130567,0.2367024,0.09612419,0.067242555,0.0007908538,0.0007908538
78,0.09338089,0.20403132,0.08858035,0.09366712,0.015375622,-0.11721798,0.092378646,0.12395006,0.09776714,0.08526552,0.021364406,-0.12055358,0.09593418,0.100189835,0.10017429,0.07752394,0.021210972,-0.084539175,0.108431004,0.097114086,0.105453245,0.076336734,0.020164402,0.07503852,0.09827282,0.12365728,0.09427815,0.07597599,0.021558532,0.36152658,0.09276412,0.23724358,0.0981517,0.06984453,0.0007908538,0.0007908538
79,0.09180689,0.20479901,0.0874606,0.094904386,0.016615111,-0.1159787,0.09175888,0.12325727,0.0975712,0.085694276,0.022818638,-0.12015892,0.09518193,0.0989171,0.099540144,0.077253915,0.022772029,-0.08580054,0.10766923,0.095886424,0.104662,0.07573124,0.02177139,0.07441943,0.097213134,0.122576095,0.09298439,0.07528635,0.023335805,0.36513308,0.090860724,0.2376638,0.095363386,0.068825796,0.0007908538,0.0007908538
80,0.093374774,0.20664334,0.08872495,0.09410804,0.015988769,-0.113464385,0.09317825,0.12408015,0.09902885,0.08550001,0.022103572,-0.11812428,0.096193634,0.09917295,0.10053187,0.07757402,0.02206418,-0.084267154,0.108604446,0.09597995,0.10554956,0.07636133,0.021241775,0.07809826,0.09789461,0.12296469,0.09359788,0.075831965,0.023084009,0.3731024,0.09191915,0.23949416,0.096703425,0.06894372,0.0007908538,0.0007908538
81,0.09140945,0.20562403,0.087221816,0.094938986,0.018258648,-0.11559681,0.092358075,0.12320188,0.09857755,0.08535669,0.024514686,-0.12017306,0.095592625,0.098363675,0.100110225,0.07663691,0.024519728,-0.08711078,0.108280115,0.095224924,0.10533707,0.07498997,0.02359839,0.076397195,0.09735259,0.12194878,0.09301538,0.07438668,0.02540655,0.37555972,0.09059947,0.23930067,0.09481141,0.06728739,0.0007908538,0.0007908538
82,0.0913806,0.20335282,0.08707759,0.09483348,0.016618663,-0.12088501,0.09288693,0.12316468,0.09920661,0.08560263,0.02283288,-0.12417696,0.09644968,0.09908203,0.10116075,0.0771954,0.022780137,-0.09046197,0.10963759,0.09582777,0.10697044,0.07572525,0.02178637,0.07554677,0.09854185,0.12177304,0.094496645,0.075312644,0.023456743,0.37912282,0.091595575,0.23900191,0.096266456,0.06855234,0.0007908538,0.0007908538
83,0.09011265,0.20685521,0.08633514,0.09583147,0.019456495,-0.11396768,0.09216633,0.12261313,0.09887549,0.08557191,0.025891626,-0.11930084,0.095270954,0.09693149,0.099949084,0.07628372,0.02600238,-0.08747049,0.108219564,0.09358498,0.10529231,0.07440867,0.025190584,0.08016772,0.09672388,0.12062887,0.092126355,0.07368067,0.027320279,0.38868523,0.089810275,0.24112494,0.09347925,0.06585826,0.0007908538,0.0007908538
84,0.09133717,0.20602137,0.08718733,0.09581571,0.015156511,-0.11752268,0.09355002,0.123196855,0.10033459,0.08660948,0.021570334,-0.12193702,0.09668939,0.09786595,0.101528466,0.07817081,0.02165388,-0.08978988,0.10996573,0.09431274,0.10725052,0.07681691,0.02093093,0.08042976,0.09820553,0.12071383,0.09385008,0.07637769,0.02308696,0.39381155,0.09116724,0.2414225,0.095394924,0.06898743,0.0007908538,0.0007908538
85,0.09211494,0.2085909,0.08789702,0.09516275,0.01932555,-0.11345073,0.094568,0.12373838,0.101541296,0.085456334,0.025723882,-0.11892531,0.09731427,0.09752343,0.102145754,0.076671705,0.02591939,-0.08801177,0.11049367,0.09392254,0.10766103,0.075094335,0.02543928,0.083991446,0.09848605,0.120948955,0.0939292,0.07415381,0.028107414,0.40208235,0.09171411,0.24381389,0.09595244,0.06552978,0.0007908538,0.0007908538
86,0.08830698,0.20487545,0.08488553,0.09777569,0.015371954,-0.121240765,0.09253168,0.12195295,0.100062884,0.087460294,0.02209855,-0.12550364,0.09594268,0.09646416,0.101160675,0.078085534,0.022249633,-0.09492115,0.10973627,0.09284191,0.10725102,0.07631653,0.021374755,0.078398906,0.09738345,0.1186712,0.09294155,0.07603585,0.023451783,0.40137663,0.08892954,0.24148029,0.09213014,0.06860201,0.0007908538,0.0007908538
87,0.09080185,0.20821278,0.08694078,0.09567034,0.015892645,-0.11725688,0.09464167,0.12345168,0.10215559,0.08626783,0.02237568,-0.12209285,0.09741957,0.09701826,0.10255066,0.07770123,0.022466281,-0.09205691,0.11099867,0.09314095,0.1083871,0.07642673,0.021784157,0.08395797,0.098299906,0.11956237,0.093714036,0.07594879,0.024192372,0.41209435,0.090707526,0.24462938,0.09435417,0.06764258,0.0007908538,0.0007908538
88,0.09198497,0.20861806,0.08787176,0.09390316,0.017629264,-0.11866609,0.096061155,0.12433639,0.10363247,0.08487333,0.023902675,-0.122909375,0.09880225,0.09792961,0.10400891,0.076710485,0.023908637,-0.09269288,0.11262581,0.093891196,0.11011189,0.07565399,0.023233743,0.086125515,0.09967474,0.12017556,0.09518491,0.07502107,0.025730317,0.41942185,0.09248964,0.24643579,0.09670279,0.0661301,0.0007908538,0.0007908538
89,0.08648754,0.20711306,0.0837729,0.09775709,0.013916061,-0.12188855,0.092776455,0.121980794,0.101223364,0.087456,0.020744657,-0.12640603,0.09595494,0.09520578,0.101539806,0.07809196,0.020783411,-0.09800585,0.1101127,0.09114625,0.107757814,0.076601036,0.019705169,0.08145604,0.096646495,0.11686563,0.09185943,0.07666554,0.021703303,0.42034608,0.08737865,0.2446863,0.08938819,0.06872509,0.0007908538,0.0007908538
90,0.09085306,0.21067727,0.08723089,0.09316205,0.020488352,-0.118412465,0.09654874,0.124658145,0.10482187,0.08355587,0.026763357,-0.12312373,0.09909719,0.09729934,0.1045724,0.07501038,0.02669393,-0.09507292,0.113090165,0.09310787,0.11063835,0.073881984,0.025847202,0.086940795,0.09946591,0.11940375,0.094723545,0.07316922,0.0283538,0.43070066,0.09146171,0.24915457,0.09478786,0.063303,0.0007908538,0.0007908538
91,0.08867463,0.21166228,0.08570763,0.094786264,0.015928686,-0.117555834,0.0954577,0.123837925,0.10427255,0.08518759,0.022432225,-0.12295842,0.09782176,0.09560032,0.10346729,0.0765598,0.022312736,-0.09650057,0.11177239,0.091237836,0.10931886,0.07563041,0.021281896,0.08702962,0.09761266,0.1175807,0.09255139,0.07544772,0.023537321,0.43654013,0.08877552,0.24959905,0.09079389,0.06599535,0.0007908538,0.0007908538
92,0.08800104,0.21114416,0.08520114,0.09493548,0.014617961,-0.119779766,0.09560988,0.123662435,0.10472341,0.08542912,0.021145632,-0.124819234,0.09801713,0.0954082,0.103835635,0.07687542,0.020969564,-0.09892675,0.11219801,0.09095559,0.10988053,0.07605867,0.01982439,0.08653839,0.09768258,0.11689776,0.09264052,0.07607863,0.021934941,0.4411522,0.08830666,0.24995439,0.090045035,0.06674869,0.0007908538,0.0007908538
93,0.08881631,0.21125966,0.085816525,0.093645506,0.017712884,-0.120919935,0.09698093,0.1242422,0.10625885,0.08402028,0.024086375,-0.125716,0.0992846,0.096030414,0.105213016,0.075462475,0.02388219,-0.10052232,0.11361535,0.0915946,0.11140045,0.07459286,0.022754956,0.0866185,0.098875575,0.11728886,0.09394015,0.07433298,0.024999259,0.4459106,0.08925501,0.25121263,0.09128796,0.064304054,0.0007908538,0.0007908538
94,0.08586209,0.20971425,0.083564155,0.09613191,0.014136577,-0.123702586,0.09545546,0.122777864,0.10526883,0.086055815,0.020854477,-0.12842225,0.098012015,0.09449207,0.10420383,0.077002116,0.020704366,-0.10421607,0.11266566,0.0900055,0.1106182,0.07596562,0.019437622,0.08447307,0.0975056,0.11517006,0.09248686,0.07617288,0.021477723,0.4488744,0.08669571,0.25015873,0.08765024,0.066844955,0.0007908538,0.0007908538
95,0.08945558,0.21393733,0.08645209,0.09286366,0.019839752,-0.11773823,0.09862075,0.12479642,0.10838399,0.08316305,0.02616799,-0.12354431,0.100324705,0.09543627,0.10638472,0.07458181,0.02600992,-0.1005754,0.114596866,0.090838805,0.11235827,0.073770195,0.0250797,0.09029523,0.09919692,0.11691958,0.09404374,0.07320074,0.027785955,0.45973757,0.08956857,0.25449744,0.09140288,0.061854642,0.0007908538,0.0007908538
96,0.08784205,0.21162167,0.0851717,0.094595745,0.011601381,-0.12338979,0.09811596,0.12402591,0.10829123,0.085881844,0.01813979,-0.1281483,0.10008333,0.09503306,0.106445454,0.07794502,0.017922388,-0.10546436,0.11478011,0.09026013,0.11282954,0.07765384,0.01688073,0.087530434,0.098893024,0.11524403,0.093857676,0.077934854,0.019242134,0.46252128,0.08806857,0.25318915,0.0892812,0.06805394,0.0007908538,0.0007908538
97,0.085811585,0.21443649,0.08386061,0.09580771,0.015464561,-0.119015366,0.0972905,0.12331627,0.108052075,0.08568565,0.022282938,-0.12541215,0.09895554,0.09288603,0.105397366,0.076565474,0.022230161,-0.10503272,0.11349299,0.088125624,0.111371525,0.07567723,0.021250082,0.08946354,0.09709244,0.113933705,0.09157164,0.07563311,0.023976782,0.47058377,0.08579367,0.2553417,0.08570565,0.06449618,0.0007908538,0.0007908538
98,0.087293826,0.21396291,0.08493287,0.09437255,0.017114224,-0.122067735,0.09913409,0.12422232,0.109984316,0.08460664,0.023757888,-0.12754543,0.10087556,0.09413568,0.107469596,0.07587757,0.023674387,-0.1070128,0.11582259,0.08925869,0.113889486,0.0751725,0.022788582,0.09035433,0.09915832,0.11456099,0.0938636,0.07492486,0.02570562,0.47694975,0.08804433,0.25681543,0.088815264,0.063217565,0.0007908538,0.0007908538
99,0.086455695,0.21332258,0.084291026,0.09521241,0.01558519,-0.12443657,0.09929329,0.12395334,0.11053508,0.08542656,0.022372987,-0.12965883,0.101129994,0.09382129,0.10795122,0.07663829,0.022334369,-0.10997385,0.11637766,0.08887804,0.114608034,0.075947866,0.021477371,0.08935451,0.09932444,0.113667935,0.09406056,0.075864,0.02445518,0.48150578,0.08746804,0.25706345,0.08791829,0.06425586,0.0007908538,0.0007908538
100,0.08542844,0.21554479,0.08365685,0.095896035,0.01940985,-0.12105615,0.0992365,0.12366157,0.11094206,0.08497366,0.0263793,-0.12752749,0.10080141,0.09243928,0.107711285,0.0752701,0.026491545,-0.109728985,0.11597567,0.08749398,0.114108294,0.07409757,0.02574554,0.09131793,0.098513775,0.11289346,0.092941135,0.07362914,0.029125674,0.4892787,0.08648729,0.25919467,0.086269304,0.06073277,0.0007908538,0.0007908538
101,0.08402165,0.21316984,0.08249161,0.09785206,0.012123098,-0.1264353,0.09891529,0.12285335,0.111023955,0.08770407,0.0193496,-0.13195157,0.10073985,0.0920078,0.10794643,0.07847036,0.019476939,-0.114475146,0.11638353,0.08693252,0.11480057,0.077665456,0.018735904,0.08894889,0.098413825,0.111257054,0.09297932,0.07789696,0.021937681,0.4927165,0.08523501,0.25803804,0.084540114,0.06627969,0.0007908538,0.0007908538
102,0.08732634,0.2186776,0.08520623,0.09549225,0.015026117,-0.11868624,0.101694174,0.12466721,0.1138285,0.085971445,0.02199394,-0.12570773,0.10248711,0.092114575,0.10954157,0.07734368,0.022155894,-0.10955829,0.11765543,0.086703256,0.11579433,0.07698637,0.021869734,0.09722695,0.09923071,0.11239919,0.09346617,0.07659612,0.025853176,0.50762206,0.088024914,0.26330265,0.08814253,0.06287568,0.0007908538,0.0007908538
103,0.08470328,0.21795638,0.08326539,0.096524805,0.016248295,-0.121282965,0.10064393,0.12361556,0.11331524,0.08598836,0.023389127,-0.12812936,0.101658344,0.090849094,0.10893674,0.076527536,0.023519317,-0.11307734,0.11713141,0.08549824,0.11538724,0.075755574,0.022895372,0.09564611,0.09818029,0.11086897,0.092299215,0.075505555,0.02654816,0.5120948,0.08591845,0.26359162,0.08498585,0.061655127,0.0007908538,0.0007908538
104,0.08257487,0.2146565,0.081558414,0.097727396,0.011252924,-0.12878335,0.0999683,0.12268973,0.11307989,0.08754874,0.018530801,-0.13410895,0.10149844,0.090644546,0.10911618,0.07829608,0.018540962,-0.11912641,0.11760319,0.08526244,0.116207674,0.07771213,0.01759253,0.09184013,0.09813551,0.10926625,0.092449404,0.07816945,0.020645618,0.51396716,0.084378436,0.26216948,0.08278774,0.06563636,0.0007908538,0.0007908538
105,0.08230365,0.21785586,0.08157885,0.09641038,0.018903952,-0.12522009,0.10060626,0.12305662,0.11411393,0.08493681,0.026108634,-0.13146634,0.1018517,0.0897687,0.10950997,0.07478819,0.02612638,-0.11789946,0.11794105,0.08430037,0.116405986,0.073747694,0.025093146,0.09616866,0.09796355,0.10924975,0.09193168,0.0735478,0.028425725,0.5257474,0.08504068,0.26631075,0.08324903,0.05876329,0.0007908538,0.0007908538
106,0.0853413,0.21970183,0.0839362,0.09413394,0.015507622,-0.12516552,0.10345197,0.124865934,0.11701895,0.0845676,0.02239634,-0.13101122,0.10425236,0.0911512,0.11199934,0.07601839,0.02228008,-0.11765043,0.120416984,0.085262574,0.118953794,0.076047145,0.021529747,0.10006951,0.099958494,0.11009285,0.09398268,0.075923935,0.025133232,0.5365355,0.08817248,0.26947677,0.08746944,0.060635705,0.0007908538,0.0007908538
107,0.08230914,0.21898788,0.08172658,0.09608912,0.013321885,-0.12833352,0.10228209,0.12387444,0.11658508,0.0859417,0.02053679,-0.13406189,0.10334964,0.089797,0.11143715,0.07681334,0.020432688,-0.12228242,0.11985366,0.08391349,0.11857258,0.07660862,0.019421607,0.097110905,0.098772004,0.1080606,0.09268272,0.0769299,0.022708645,0.5402994,0.085299425,0.2692958,0.083123244,0.062083047,0.0007908538,0.0007908538
108,0.08099876,0.22189923,0.08094629,0.096627854,0.018653411,-0.12497532,0.10224702,0.12378576,0.11715404,0.084966436,0.026072208,-0.13198075,0.10309257,0.08834919,0.11132087,0.07465441,0.026114346,-0.12234831,0.11954964,0.08244646,0.11817292,0.073835656,0.025112582,0.09905601,0.09796549,0.107287884,0.0915259,0.0736902,0.028797831,0.5491489,0.084423415,0.27227536,0.0814578,0.057049375,0.0007908538,0.0007908538
109,0.081552826,0.22007485,0.08125161,0.0972676,0.011847278,-0.13046834,0.103566505,0.124094166,0.1188037,0.08708668,0.01936405,-0.13628766,0.104546994,0.08910594,0.11309041,0.07784643,0.019424269,-0.12703873,0.12148475,0.083045036,0.12042145,0.07769858,0.018672364,0.09688043,0.09936436,0.10654626,0.09318359,0.07807545,0.022435222,0.5532015,0.08471894,0.2719078,0.08189892,0.06245076,0.0007908538,0.0007908538
110,0.08086543,0.22306901,0.080908746,0.09762286,0.017346637,-0.12642756,0.10398139,0.12403494,0.11973967,0.086069815,0.025022056,-0.13364571,0.10457729,0.08768297,0.113205425,0.07575921,0.025252499,-0.1266233,0.12136067,0.08164605,0.12016751,0.07504612,0.024624972,0.09941791,0.09872613,0.105970025,0.092208065,0.07484665,0.028923389,0.5626325,0.084226854,0.27509958,0.08085438,0.057234623,0.0007908538,0.0007908538
111,0.08037531,0.22250684,0.08051672,0.098943785,0.012354078,-0.12854949,0.1044404,0.12374312,0.120621875,0.08811174,0.020248104,-0.13555169,0.1049912,0.087168,0.113851264,0.078228615,0.020574266,-0.12952799,0.122030556,0.08099856,0.121000335,0.077828534,0.020192973,0.09906826,0.09881281,0.10471943,0.0923146,0.07797969,0.024687855,0.56873745,0.083653755,0.27545384,0.07996758,0.06079468,0.0007908538,0.0007908538
112,0.07976776,0.22139229,0.08001003,0.099133074,0.014174499,-0.13142139,0.10499358,0.12345455,0.12154324,0.08777313,0.022119267,-0.13794623,0.10573338,0.08701299,0.1148067,0.077517115,0.022481523,-0.13262111,0.12320299,0.08090547,0.1223376,0.07689414,0.022075742,0.098594725,0.0995204,0.10411966,0.09308857,0.0769159,0.02666744,0.57448405,0.083857276,0.27641854,0.0801847,0.059167597,0.0007908538,0.0007908538
113,0.080521554,0.22374153,0.08067999,0.09881623,0.015459275,-0.12876293,0.10644764,0.12398175,0.12337799,0.08744607,0.023413338,-0.13615893,0.10667248,0.08652616,0.115842596,0.07718151,0.023865461,-0.13276537,0.12394429,0.0803603,0.12303313,0.0766367,0.02373598,0.10054707,0.09975377,0.10391612,0.093158655,0.07636325,0.028844962,0.5829934,0.08420786,0.27912408,0.08045105,0.05733664,0.0007908538,0.0007908538
114,0.08064555,0.22399275,0.08077768,0.09955367,0.012123064,-0.12990071,0.107571624,0.12414851,0.124976374,0.08883259,0.020230241,-0.13736781,0.10756537,0.0862614,0.11697391,0.07896082,0.0207865,-0.13569969,0.124901116,0.08005799,0.124124505,0.07869368,0.020956537,0.099442974,0.10014259,0.103009924,0.0935622,0.07859479,0.026398625,0.588409,0.08351843,0.27983472,0.07934349,0.05962819,0.0007908538,0.0007908538
115,0.07802805,0.2240991,0.078877404,0.10152586,0.015700689,-0.13039884,0.10681001,0.123090014,0.12490605,0.08905322,0.02418997,-0.13840231,0.10697893,0.0845526,0.116632685,0.07773791,0.02495199,-0.13861503,0.1245919,0.07852397,0.12388378,0.07662376,0.025050782,0.098618746,0.09928696,0.10144971,0.09253856,0.07629385,0.030715723,0.5945301,0.08171988,0.2809889,0.07652878,0.05627763,0.0007908538,0.0007908538
116,0.08036946,0.22467078,0.080602475,0.10049322,0.01304386,-0.13102879,0.10930737,0.124226294,0.12755717,0.08942569,0.02140977,-0.13873573,0.10915809,0.085499816,0.11896138,0.079219595,0.022222662,-0.13959157,0.1269444,0.07919705,0.12636127,0.07881797,0.022849295,0.10078731,0.10119844,0.101691276,0.0945638,0.07843213,0.029141914,0.60315424,0.08429634,0.2830612,0.08020186,0.0579266,0.0007908538,0.0007908538
117,0.07655127,0.225372,0.07787901,0.10386395,0.013983347,-0.13035291,0.107680485,0.1226458,0.12682241,0.09107039,0.022973321,-0.13919377,0.10760713,0.082765795,0.11767867,0.079278246,0.02408311,-0.14276212,0.12546754,0.076681264,0.12490843,0.077958934,0.024694614,0.09899768,0.099065095,0.099251896,0.092130795,0.07758231,0.031234473,0.60839134,0.08050566,0.2836484,0.074411124,0.056460723,0.0007908538,0.0007908538
118,0.07832704,0.22731993,0.07927441,0.102745086,0.01666341,-0.12899566,0.10995598,0.12378028,0.12938634,0.09007211,0.025556998,-0.13817433,0.10954509,0.08322103,0.11975172,0.07845449,0.02676932,-0.1430572,0.12746638,0.07698448,0.1269333,0.077308774,0.027781345,0.10155369,0.10064307,0.099651046,0.09367959,0.07645902,0.03507844,0.6178961,0.08280233,0.2868987,0.07752277,0.053628925,0.0007908538,0.0007908538
119,0.07695462,0.22537334,0.078181766,0.10431549,0.013482112,-0.13351363,0.11003514,0.12314644,0.12999618,0.091791466,0.022663677,-0.1419772,0.10991926,0.08275148,0.12044119,0.08014378,0.023997314,-0.14784305,0.1283552,0.07657151,0.12807515,0.07895202,0.025127111,0.099096596,0.100959584,0.09813296,0.09410743,0.07841271,0.03252217,0.62197894,0.08172029,0.2864762,0.07590778,0.05611674,0.0007908538,0.0007908538
120,0.074273966,0.22694676,0.0763433,0.106896736,0.011957636,-0.13204254,0.10912225,0.1221473,0.12987167,0.093639106,0.02164666,-0.14159799,0.108835034,0.08037611,0.1195748,0.081156716,0.02321385,-0.14998154,0.12722926,0.074232966,0.12694776,0.07952947,0.02445503,0.09910039,0.09910019,0.09598472,0.091955066,0.07912264,0.03211738,0.6297052,0.079077326,0.28790277,0.071720555,0.05631948,0.0007908538,0.0007908538
121,0.07697911,0.22707748,0.0783249,0.10385606,0.0150275845,-0.13394079,0.11204228,0.123711534,0.13284265,0.09120829,0.024231814,-0.14251804,0.11172823,0.08214185,0.122622445,0.07949295,0.025631245,-0.15065837,0.13067292,0.07565705,0.13055916,0.07842278,0.026972285,0.10304089,0.102180935,0.09697781,0.09521807,0.07764043,0.034917574,0.6412753,0.08434477,0.29146954,0.07928758,0.053297292,0.0007908538,0.0007908538
122,0.07436998,0.22794294,0.07649264,0.105942436,0.014938851,-0.13375092,0.11126414,0.1228548,0.13282415,0.09231198,0.024558363,-0.1429297,0.11101253,0.080200754,0.12216847,0.07967021,0.026136337,-0.15298766,0.1301976,0.073661506,0.13015367,0.07811601,0.027459498,0.103796646,0.10101456,0.09501692,0.09383879,0.07739549,0.035578296,0.6505473,0.083186924,0.29334745,0.07728891,0.052240957,0.0007908538,0.0007908538
123,0.072053395,0.22688301,0.07478057,0.10789447,0.011967301,-0.13677235,0.11078111,0.12199512,0.13304801,0.094036825,0.021936616,-0.14572544,0.11076095,0.07895755,0.12224493,0.08102903,0.023604393,-0.15735583,0.13035464,0.07245009,0.13051929,0.07925311,0.024852319,0.10204232,0.100468725,0.09295702,0.093279764,0.07890812,0.032820962,0.65659285,0.08150024,0.29352808,0.07463623,0.05412513,0.0007908538,0.0007908538
124,0.07233062,0.23060735,0.075183,0.10777973,0.015690679,-0.13254516,0.11213841,0.12261505,0.13496426,0.09325955,0.025764018,-0.14275843,0.111619346,0.077895954,0.123232745,0.07973037,0.027630175,-0.15670368,0.1310158,0.071204074,0.13108698,0.07780401,0.029255874,0.10595123,0.10050911,0.092535,0.093036175,0.07690963,0.038159728,0.6695628,0.08290252,0.29820615,0.07623915,0.04949516,0.0007908538,0.0007908538
125,0.07281223,0.22890167,0.0754464,0.10801827,0.010948556,-0.13724528,0.11365416,0.12288274,0.13690442,0.09471017,0.021082656,-0.14642477,0.113241546,0.07841263,0.12517184,0.0820228,0.022969212,-0.16130538,0.13308392,0.07168238,0.13342533,0.08059204,0.024872402,0.10387932,0.10194271,0.09158241,0.09466256,0.080028705,0.03388736,0.6745454,0.083033405,0.29826522,0.07640759,0.053267628,0.0007908538,0.0007908538
126,0.07003538,0.23006286,0.07349388,0.110129416,0.015431277,-0.13656408,0.1130984,0.12199633,0.13719746,0.094731666,0.026006246,-0.14664862,0.11273799,0.07633605,0.12492561,0.08032287,0.028140478,-0.1642295,0.13264333,0.06989486,0.13301434,0.07788875,0.02990631,0.10282776,0.10085756,0.08992294,0.093369186,0.07703302,0.039224755,0.6815673,0.080810286,0.30023044,0.0727866,0.048609074,0.0007908538,0.0007908538
127,0.07192265,0.22944954,0.07481232,0.10991206,0.008171053,-0.13951066,0.11546428,0.12283114,0.13988756,0.09674591,0.018765604,-0.14877145,0.11491902,0.077093765,0.12737735,0.08393316,0.020977419,-0.16714086,0.13517056,0.07032779,0.1357563,0.082508035,0.023484116,0.10355199,0.102688976,0.089232326,0.09534114,0.08194015,0.033386953,0.6904672,0.08283275,0.30160666,0.07576091,0.053895358,0.0007908538,0.0007908538
128,0.06956088,0.2337651,0.07330448,0.11273437,0.011651228,-0.13448264,0.11516242,0.12223716,0.14056586,0.09766919,0.022903152,-0.1458021,0.11421301,0.07405008,0.12686686,0.08315055,0.025577895,-0.1677305,0.1341513,0.06735969,0.1345818,0.08085533,0.028468082,0.105778955,0.100807875,0.08743331,0.092992105,0.07977955,0.039433505,0.7031021,0.081219934,0.30609587,0.07282859,0.04884544,0.0007908538,0.0007908538
129,0.06992279,0.23264943,0.073496126,0.11279151,0.01161682,-0.13842888,0.11685763,0.12256171,0.14276884,0.097837195,0.022917593,-0.1489858,0.11603516,0.07444542,0.12899664,0.08341369,0.025652766,-0.17241387,0.136324,0.06797633,0.13695835,0.081186436,0.028700747,0.103039615,0.102369,0.086846925,0.09468917,0.08007088,0.039915293,0.7074879,0.080965266,0.30681685,0.07235728,0.048773453,0.0007908538,0.0007908538
130,0.0699352,0.23284969,0.07351013,0.11294511,0.013084712,-0.13980009,0.11828822,0.12281147,0.14475915,0.09767531,0.024465386,-0.15029928,0.117413536,0.07420701,0.13063136,0.08300632,0.027313009,-0.17564741,0.13785793,0.06789456,0.13861096,0.08068508,0.030555975,0.10203759,0.10330363,0.08617536,0.09563449,0.079370834,0.04224462,0.71424794,0.081040956,0.30866045,0.07228774,0.0469321,0.0007908538,0.0007908538
131,0.068929285,0.23362024,0.07282236,0.11437966,0.012018514,-0.13986602,0.11880678,0.122550026,0.14593914,0.09889616,0.023738768,-0.15077038,0.11783052,0.07298062,0.13128968,0.08388608,0.026823245,-0.1781671,0.13839237,0.06668862,0.13922189,0.081400216,0.030414263,0.10234461,0.10315093,0.084742345,0.095378086,0.08003683,0.04268803,0.7230158,0.08078082,0.31074315,0.071670845,0.04661684,0.0007908538,0.0007908538
132,0.06871643,0.23428605,0.072701395,0.1148513,0.010988849,-0.14018911,0.11989819,0.122638695,0.14759628,0.09952099,0.022854883,-0.15120922,0.118796825,0.07225295,0.1324881,0.08454861,0.02606926,-0.18023612,0.1395869,0.065837614,0.14051022,0.08218062,0.02999254,0.10407381,0.1036459,0.083630666,0.09580345,0.08074641,0.042786904,0.73413336,0.08229619,0.3136349,0.07373535,0.046122264,0.0007908538,0.0007908538
133,0.066909425,0.23471838,0.07142732,0.11651723,0.010573684,-0.14111009,0.12005638,0.1221762,0.14854641,0.10053672,0.022789454,-0.15249565,0.118948564,0.070830174,0.13292582,0.08489038,0.026160814,-0.18401125,0.13981403,0.06464944,0.1408483,0.08213366,0.030082755,0.10232586,0.10316013,0.081941396,0.09524263,0.080768935,0.043005973,0.7406452,0.08050367,0.3150011,0.07076522,0.04549337,0.0007908538,0.0007908538
134,0.067793824,0.23634094,0.07213595,0.11607099,0.010598177,-0.1402332,0.12197377,0.12289731,0.15096305,0.100439385,0.022790166,-0.15196867,0.12048756,0.07057681,0.13466246,0.08504488,0.02624163,-0.18551388,0.14126511,0.06432608,0.14234565,0.0825865,0.030563999,0.103555456,0.10401045,0.08144752,0.09602642,0.081016675,0.04415001,0.7501836,0.081808224,0.31811175,0.07249222,0.044212118,0.0007908538,0.0007908538
135,0.06643726,0.23502651,0.071110345,0.11663102,0.012928899,-0.14370793,0.12250784,0.12254485,0.15211856,0.10005318,0.025228431,-0.15488255,0.12134844,0.070110835,0.13581434,0.083960325,0.028714253,-0.1899429,0.14260729,0.06415473,0.14387941,0.08108091,0.032805253,0.10165635,0.10477006,0.08030545,0.096851654,0.079473615,0.04635708,0.75615144,0.08168061,0.3192231,0.07214454,0.04191809,0.0007908538,0.0007908538
136,0.062711224,0.2364059,0.06849799,0.12072588,0.009537334,-0.14414178,0.121356845,0.12156847,0.15211102,0.1032534,0.022738809,-0.15623155,0.12025979,0.06735347,0.13508964,0.08596614,0.026637264,-0.19449608,0.14160027,0.06160994,0.14298876,0.08228096,0.030838959,0.0995119,0.10283924,0.07734622,0.09475722,0.08098491,0.044596918,0.76409274,0.07829383,0.32065165,0.06660577,0.04314816,0.0007908538,0.0007908538
137,0.06351556,0.2376593,0.06912084,0.120739944,0.0054188427,-0.14526853,0.12318586,0.122404814,0.15453236,0.104490526,0.018711234,-0.15725945,0.12178102,0.06724616,0.13688554,0.087966554,0.022644777,-0.19746731,0.1431984,0.06137627,0.14470114,0.084837906,0.027252102,0.099579595,0.10364695,0.07632349,0.09555183,0.08370723,0.041244064,0.7733295,0.0790404,0.32313833,0.06745516,0.04557772,0.0007908538,0.0007908538
138,0.06387741,0.2400715,0.06948854,0.119760565,0.011274097,-0.14424881,0.12506564,0.123245955,0.15702762,0.10235397,0.02439011,-0.15674327,0.12338016,0.06691219,0.13868585,0.08513479,0.028240185,-0.19939314,0.14470087,0.061250653,0.14620796,0.0818618,0.03261225,0.1003004,0.10453216,0.076257415,0.096335165,0.080293186,0.046776168,0.7832455,0.08043469,0.32753527,0.069146946,0.039479606,0.0007908538,0.0007908538
139,0.06558402,0.24029626,0.070720665,0.118006,0.010842746,-0.14638267,0.12771595,0.12444829,0.1601074,0.10148528,0.02360513,-0.15839031,0.12576637,0.06783249,0.14132638,0.085047856,0.027239975,-0.20289059,0.14709881,0.062301736,0.1487594,0.08238895,0.031628825,0.098547496,0.10636828,0.076112054,0.098281674,0.08086368,0.0456995,0.78856176,0.081079945,0.32915762,0.069932096,0.039694674,0.0007908538,0.0007908538
140,0.06159565,0.24014479,0.06788074,0.12162589,0.010172853,-0.1485422,0.12651835,0.12315027,0.15998718,0.10359688,0.023720015,-0.16091909,0.124902464,0.06533914,0.1407987,0.08564321,0.027685057,-0.20813556,0.1465424,0.06031388,0.14834706,0.08194594,0.031873204,0.09565951,0.105014555,0.07348875,0.096844964,0.080615066,0.045851883,0.79501617,0.07803535,0.33018348,0.06494788,0.039016362,0.0007908538,0.0007908538
141,0.061206743,0.24323978,0.06775348,0.12307966,0.0064625083,-0.14609677,0.12756176,0.12346663,0.16182779,0.105705775,0.02046071,-0.15960981,0.12540983,0.06367595,0.1415233,0.08787088,0.024771895,-0.2096949,0.14678863,0.058540165,0.14858845,0.08434967,0.02977807,0.09744425,0.10443334,0.07188853,0.09607242,0.08297279,0.044826146,0.8071998,0.07853936,0.334112,0.06528573,0.039814465,0.0007908538,0.0007908538
142,0.06317281,0.24448754,0.06920149,0.12132004,0.0080028,-0.14625107,0.13038303,0.12475543,0.16506198,0.10445159,0.021675348,-0.15966962,0.12787575,0.06430241,0.14419869,0.08715097,0.025911273,-0.21154611,0.14924668,0.059130184,0.1511214,0.08420368,0.031249365,0.09840038,0.106369495,0.071924984,0.09801203,0.08255588,0.046934206,0.8165123,0.08119701,0.33761588,0.06915138,0.037543558,0.0007908538,0.0007908538
143,0.061014254,0.24285169,0.06761383,0.12269378,0.009962173,-0.15067954,0.13058692,0.12426188,0.16608146,0.10456915,0.023907067,-0.16351439,0.12854469,0.06358306,0.14520402,0.086246945,0.028214404,-0.21749379,0.15033785,0.059066426,0.15243074,0.08259085,0.033116132,0.09364052,0.10690572,0.070409484,0.09864201,0.08105418,0.048499037,0.8186724,0.07847819,0.3374077,0.06474986,0.035944164,0.0007908538,0.0007908538
144,0.058918104,0.24387677,0.066175275,0.12504625,0.009269938,-0.15109996,0.13062415,0.12381128,0.1670226,0.10616918,0.023799904,-0.16451801,0.12859988,0.06174893,0.14552821,0.086963736,0.02844631,-0.22109935,0.15051067,0.057543837,0.15268701,0.08275821,0.03357874,0.09266826,0.1063809,0.06853709,0.09802699,0.08120646,0.049476307,0.8269236,0.07736801,0.3397259,0.062697425,0.034863427,0.0007908538,0.0007908538
145,0.058620002,0.24593404,0.066056065,0.12635666,0.0059638293,-0.1499316,0.13173339,0.12405212,0.16887294,0.10809966,0.020925393,-0.16407959,0.12936214,0.060384568,0.14651467,0.08902561,0.025936088,-0.22304446,0.15124889,0.05609001,0.15346396,0.084983446,0.03193969,0.094357796,0.10638222,0.06698534,0.097901836,0.08334851,0.04903355,0.8388771,0.078675374,0.3434836,0.06438042,0.03533528,0.0007908538,0.0007908538
146,0.05822632,0.2468023,0.06581658,0.12687148,0.0070332726,-0.15057984,0.13309716,0.12435028,0.17097183,0.108189136,0.02214881,-0.16501473,0.1305996,0.059673164,0.14800473,0.088712335,0.027290473,-0.22658627,0.15241991,0.055785406,0.15472123,0.084525794,0.033455502,0.09238512,0.10699712,0.066031516,0.09849364,0.08276206,0.051030885,0.84464663,0.07748558,0.34544984,0.062240943,0.03340549,0.0007908538,0.0007908538
147,0.058108363,0.2454692,0.065674245,0.12700558,0.0066364575,-0.15396002,0.1345116,0.12444756,0.17296137,0.10842381,0.021807615,-0.16770571,0.13217895,0.059616406,0.14985186,0.08900441,0.02701476,-0.23083794,0.1543705,0.05605806,0.15684679,0.084872566,0.033357847,0.09030536,0.1084366,0.06500376,0.10001163,0.08311788,0.051253185,0.8499974,0.077399425,0.34641987,0.061995175,0.033251073,0.0007908538,0.0007908538
148,0.05697551,0.2459291,0.064892754,0.12836064,0.0070668855,-0.15473953,0.13516085,0.124230415,0.17433256,0.109184176,0.022601014,-0.16874418,0.13285659,0.058415625,0.1507513,0.08915379,0.028070033,-0.23394325,0.15524948,0.05516345,0.15780336,0.084708996,0.034706015,0.08991259,0.10875383,0.06369227,0.10027665,0.08281237,0.053264923,0.8581171,0.07746847,0.3489587,0.061853796,0.031324677,0.0007908538,0.0007908538
149,0.05495542,0.24804679,0.06355751,0.13118903,0.0060912445,-0.1538043,0.13534357,0.12385932,0.17550632,0.1112749,0.022389777,-0.16891053,0.13288668,0.05614113,0.15101871,0.090258494,0.028365044,-0.23721425,0.15518448,0.05331924,0.15776497,0.085240304,0.035561875,0.08902645,0.10799538,0.061838787,0.099388905,0.08320056,0.055166233,0.8666993,0.07555507,0.35198107,0.058389746,0.029766738,0.0007908538,0.0007908538
150,0.057457164,0.24971768,0.065372095,0.12956558,0.004872729,-0.15340383,0.13834791,0.12533851,0.17890213,0.11100918,0.020922469,-0.16859515,0.13536295,0.056744464,0.15368886,0.09102618,0.026915679,-0.23870493,0.157561,0.053764,0.16019464,0.08689707,0.03493094,0.090239495,0.10988933,0.061670363,0.101260036,0.0846436,0.05564922,0.87579966,0.07805702,0.35547096,0.06212833,0.029527573,0.0007908538,0.0007908538
151,0.05672323,0.24894157,0.0648203,0.12967424,0.00911531,-0.15638834,0.1394704,0.12547126,0.18065852,0.10975613,0.025113031,-0.17123695,0.13670759,0.056666214,0.15527326,0.088902906,0.030999186,-0.24338865,0.15911408,0.0544767,0.16188352,0.08434156,0.03840955,0.08602574,0.11111627,0.061192136,0.10256429,0.082021475,0.058648933,0.8765043,0.07544009,0.35571647,0.057795603,0.026256775,0.0007908538,0.0007908538
152,0.055944074,0.249811,0.06430942,0.13139075,0.004160694,-0.15673429,0.14017895,0.12529546,0.18211831,0.112336144,0.020715863,-0.17202605,0.13721289,0.055180956,0.15598825,0.09171263,0.027013928,-0.24627413,0.1598031,0.053110983,0.16264296,0.08728669,0.035397604,0.086820856,0.1111059,0.059408993,0.10248028,0.0849944,0.056850627,0.8871069,0.07642906,0.35879967,0.059109617,0.028139299,0.0007908538,0.0007908538
153,0.05400783,0.25106853,0.063005134,0.1337392,0.0037963076,-0.15668218,0.14026459,0.1248726,0.18306582,0.11387371,0.020978874,-0.17275721,0.13726813,0.05330656,0.15624407,0.092318386,0.02766938,-0.24953064,0.15995085,0.051729895,0.16283688,0.08734616,0.036383953,0.08597902,0.110695474,0.0578498,0.10198839,0.084956884,0.058558814,0.89446145,0.07517518,0.36136454,0.05675357,0.026479138,0.0007908538,0.0007908538
154,0.054108452,0.25116715,0.06307897,0.13404281,0.0018706413,-0.15799044,0.14159636,0.12512873,0.18496445,0.11472209,0.019203156,-0.1740214,0.13848357,0.052861787,0.15765882,0.09342598,0.026041798,-0.25253063,0.16135564,0.05149812,0.16434032,0.088666886,0.035262723,0.08543897,0.111618966,0.056788784,0.10291086,0.08626118,0.058121353,0.9012141,0.075482294,0.3632882,0.05705623,0.026948214,0.0007908538,0.0007908538
155,0.05411041,0.25277644,0.063147746,0.13413437,0.004646996,-0.15746881,0.14301944,0.12564544,0.18699342,0.11408033,0.022018045,-0.17409287,0.13968742,0.052293215,0.15902714,0.09225042,0.028923417,-0.25487086,0.1624778,0.051354203,0.16548938,0.087399125,0.038201682,0.08469465,0.11238519,0.056393605,0.10363213,0.08474756,0.061504457,0.90676016,0.07488256,0.36599827,0.055769917,0.023367863,0.0007908538,0.0007908538
156,0.05489689,0.25303724,0.06370606,0.13349795,0.0053581065,-0.15853523,0.14476785,0.12627657,0.18916865,0.11364049,0.022618461,-0.17505644,0.14129677,0.05245114,0.16080615,0.092001535,0.029530836,-0.2573022,0.16427787,0.051703736,0.16737443,0.08742504,0.0390851,0.08439274,0.11385464,0.05594569,0.10511277,0.08464463,0.062931605,0.9124181,0.075634204,0.36803475,0.056806564,0.022024553,0.0007908538,0.0007908538
157,0.052489124,0.25348178,0.06203782,0.13633831,0.0035392365,-0.159457,0.14435355,0.12550044,0.18958673,0.11582793,0.021574553,-0.1764822,0.14101245,0.050437342,0.16070357,0.09330116,0.028940076,-0.26069257,0.16437833,0.050153583,0.16754566,0.088121384,0.03887757,0.08418003,0.113408744,0.054111354,0.10461169,0.08533081,0.06339036,0.9205932,0.07528393,0.37056383,0.05596113,0.021376943,0.0007908538,0.0007908538
158,0.051971592,0.25394768,0.061691802,0.13738465,0.0005045038,-0.16040209,0.14512457,0.12553278,0.1909889,0.117383055,0.018881777,-0.17771141,0.14162827,0.049548127,0.16149424,0.09494628,0.026450187,-0.26387438,0.16510533,0.049634837,0.1683522,0.08980074,0.036853112,0.08283737,0.113680325,0.052862793,0.10487587,0.0870846,0.061878,0.92517287,0.07365661,0.37177,0.053097516,0.022851046,0.0007908538,0.0007908538
159,0.05324699,0.25438488,0.06259637,0.13588503,0.0031010043,-0.1612463,0.14725891,0.12644683,0.1934832,0.11579859,0.021079073,-0.17849144,0.14353575,0.05012932,0.163551,0.093534365,0.028433962,-0.26625225,0.1670407,0.050582785,0.17035563,0.08876445,0.038724456,0.081540786,0.11540639,0.052975785,0.10662558,0.08591073,0.063783064,0.92792344,0.07302183,0.37321293,0.051878262,0.020566208,0.0007908538,0.0007908538
160,0.052077275,0.25609204,0.061854534,0.13763373,0.0012055696,-0.16047971,0.14763227,0.12628447,0.19459274,0.11746633,0.019729078,-0.17861943,0.14370503,0.04846363,0.16386348,0.094794855,0.027451409,-0.26847672,0.16738412,0.049201652,0.17072037,0.08985737,0.038360614,0.08281419,0.115222566,0.05162511,0.10635593,0.086897306,0.06438781,0.937776,0.07422031,0.37698695,0.053498525,0.019605737,0.0007908538,0.0007908538
161,0.051099174,0.25520575,0.061142225,0.13851847,0.0011480383,-0.1628241,0.14809586,0.12600511,0.19559841,0.11795567,0.01989306,-0.18072219,0.14435135,0.047862355,0.16467042,0.09491548,0.027728219,-0.27185798,0.16849214,0.049070764,0.17193678,0.08975237,0.038659062,0.081558056,0.11600261,0.05057618,0.107154585,0.08681217,0.064823076,0.94195175,0.0735424,0.3779656,0.052244626,0.018968929,0.0007908538,0.0007908538
162,0.05243016,0.25544596,0.062076226,0.13731045,0.0010487915,-0.16371767,0.15007937,0.12677741,0.19791727,0.117386125,0.01952693,-0.18152362,0.14607409,0.04828356,0.16653252,0.094914846,0.027262148,-0.27398634,0.1703574,0.049679793,0.17387392,0.090301804,0.038508352,0.081291124,0.11759907,0.05033028,0.108762115,0.0872806,0.06512511,0.9464545,0.07394824,0.37966016,0.05276003,0.01854409,0.0007908538,0.0007908538
163,0.050311867,0.25740293,0.060683634,0.13992931,0.0011673394,-0.16294356,0.14999506,0.12639405,0.19872408,0.1189117,0.020371914,-0.18196012,0.14588143,0.04621033,0.16648753,0.09524923,0.028520843,-0.27709335,0.17021807,0.0483399,0.17374896,0.08996454,0.0399958,0.08017071,0.11702325,0.04903732,0.10811499,0.0868155,0.06719762,0.9520302,0.07140074,0.38224146,0.048179876,0.016247535,0.0007908538,0.0007908538
164,0.051175587,0.25735822,0.061278224,0.13941303,0.0003501915,-0.16401544,0.1515167,0.12685731,0.20057426,0.11903415,0.019512773,-0.18282951,0.14727461,0.046315286,0.16800931,0.09583206,0.027754627,-0.27880406,0.1720494,0.048408143,0.17565589,0.090967245,0.039843984,0.08176902,0.11854473,0.048386052,0.10962139,0.08768675,0.06798894,0.9600644,0.07422456,0.38498494,0.05270415,0.015645867,0.0007908538,0.0007908538
165,0.051901244,0.2604321,0.06188679,0.1394406,-0.00065045804,-0.16191317,0.15296212,0.1278596,0.20254521,0.11955469,0.018641679,-0.18191944,0.14812873,0.045784768,0.16898051,0.09647525,0.027013663,-0.28011298,0.1727457,0.047984388,0.17635815,0.0918407,0.03961079,0.08248821,0.11892825,0.04785815,0.10995445,0.088449396,0.06851942,0.96556383,0.07393761,0.38775006,0.051895794,0.015005222,0.0007908538,0.0007908538
166,0.050833113,0.2604223,0.061150618,0.14046782,-0.0012004134,-0.16349784,0.15321119,0.12774347,0.20334029,0.12026422,0.018375974,-0.1835736,0.14845234,0.045070622,0.1694385,0.096785136,0.026859399,-0.28306,0.17354573,0.04765867,0.1772526,0.091878675,0.03939982,0.08215882,0.11939908,0.04678367,0.11043748,0.08856561,0.06826811,0.97070885,0.07445017,0.38929102,0.05253651,0.01466688,0.0007908538,0.0007908538
167,0.050549544,0.26070902,0.060968086,0.14041041,0.00062964193,-0.16452102,0.1539733,0.12804909,0.20451458,0.11958551,0.02012612,-0.18477038,0.14915973,0.044987343,0.1702566,0.095713004,0.028470036,-0.2856349,0.17451666,0.04805562,0.1783032,0.09065209,0.040519174,0.080997854,0.12020177,0.04641124,0.1112696,0.087391615,0.06878328,0.9724888,0.07363633,0.38998678,0.05100955,0.013282942,0.0007908538,0.0007908538
168,0.04936864,0.26038125,0.06014417,0.14152217,-0.0006517199,-0.16615093,0.1539669,0.12777585,0.20499156,0.120509416,0.019134328,-0.18648566,0.14922522,0.044277646,0.17043124,0.09630957,0.027560588,-0.28846353,0.17509179,0.047742095,0.17897798,0.09095309,0.03948895,0.08066704,0.12049839,0.045319263,0.11159276,0.087843165,0.067512095,0.9764389,0.073821954,0.39085853,0.05114814,0.013874174,0.0007908538,0.0007908538
169,0.048573684,0.26126605,0.059631262,0.14211199,9.215623e-05,-0.16648433,0.15440398,0.12789357,0.20595315,0.12051823,0.019991165,-0.18734506,0.14954965,0.043610867,0.17086178,0.09581626,0.028374363,-0.290897,0.17572403,0.047523797,0.17967376,0.09023013,0.039950095,0.08059983,0.12086329,0.044615734,0.11195816,0.08717587,0.06749967,0.98099935,0.07410142,0.39271215,0.051365845,0.012579255,0.0007908538,0.0007908538
170,0.049780603,0.26233754,0.06050823,0.14079702,-0.0015205439,-0.16638583,0.1559318,0.12874874,0.20775573,0.12019066,0.018030893,-0.18763094,0.15059672,0.04393571,0.171997,0.09622807,0.026116302,-0.29251215,0.17686959,0.047962878,0.18088233,0.091222845,0.0376455,0.08100494,0.121771276,0.044312503,0.11288645,0.088315606,0.064825155,0.98450345,0.0746682,0.3940232,0.05208768,0.014007593,0.0007908538,0.0007908538
171,0.04719259,0.26464826,0.058820587,0.1435626,-0.0022349756,-0.16533616,0.15509278,0.12835805,0.20771301,0.121865384,0.018052623,-0.18795012,0.14965838,0.041860424,0.17115077,0.09663611,0.026405055,-0.29498574,0.17615516,0.046486843,0.18019028,0.09079243,0.03763833,0.08105953,0.120702505,0.04301231,0.111784354,0.087976344,0.06440766,0.9896897,0.07348098,0.39645034,0.049791947,0.012767372,0.0007908538,0.0007908538
172,0.05012276,0.2663732,0.060889546,0.14032418,-0.0019166193,-0.16427802,0.15745254,0.13014266,0.21002789,0.11985364,0.017463164,-0.18735018,0.15124899,0.043482836,0.17279236,0.09581141,0.025177278,-0.29554152,0.17749058,0.04807532,0.18157516,0.09089615,0.035948284,0.08042645,0.122094475,0.043715302,0.11322931,0.088265,0.06174421,0.9868968,0.071301565,0.39566147,0.046124596,0.014408305,0.0007908538,0.0007908538
173,0.04784389,0.26723632,0.059378583,0.14263013,-0.0032181633,-0.16458468,0.15669622,0.12958983,0.20992723,0.12145581,0.016793422,-0.18846211,0.15052079,0.04190736,0.17214713,0.0965142,0.024748882,-0.29819855,0.17722003,0.04708075,0.18136184,0.09092329,0.03534613,0.08038811,0.12153064,0.042493273,0.11266047,0.08841779,0.060864396,0.99082524,0.07041857,0.39707312,0.04447171,0.014311408,0.0007908538,0.0007908538
174,0.04715007,0.26630816,0.058873005,0.14322214,-0.004909926,-0.16657795,0.15685922,0.12932988,0.21044469,0.12222686,0.01526761,-0.19026561,0.15076298,0.04157219,0.17247792,0.09730006,0.023257364,-0.3006437,0.17810859,0.047032755,0.18235473,0.09162927,0.03386982,0.0806203,0.12220164,0.041533608,0.11335482,0.08926368,0.059287425,0.9943324,0.07086585,0.39766213,0.045131136,0.015450681,0.0007908538,0.0007908538
175,0.04836962,0.2670024,0.059732605,0.14140512,-0.00022325933,-0.16650468,0.15837127,0.1302038,0.2120424,0.11965983,0.019325962,-0.1903884,0.15200913,0.04247743,0.17377031,0.09463024,0.026880486,-0.30156633,0.17955506,0.04819685,0.18383825,0.08921228,0.036698177,0.080865666,0.12370175,0.042158153,0.114867784,0.08678391,0.06113337,0.99461484,0.070496015,0.39843336,0.04440232,0.012374624,0.0007908538,0.0007908538
176,0.047452554,0.2676295,0.05913486,0.1425965,-0.0027969924,-0.16651909,0.1581738,0.12997122,0.21221969,0.12115094,0.01716011,-0.19089691,0.15170184,0.04156102,0.17351142,0.096029125,0.02495224,-0.30277553,0.17982627,0.047317304,0.18415621,0.090476535,0.03518428,0.08332748,0.12371694,0.041140188,0.11486152,0.088084854,0.06016304,1.0010909,0.072642244,0.40076512,0.04769031,0.012957606,0.0007908538,0.0007908538
177,0.04529729,0.26693442,0.057644624,0.14457542,-0.0022742704,-0.16840704,0.15751472,0.12924692,0.21208502,0.122001156,0.018172503,-0.19285566,0.15134217,0.040498428,0.17323492,0.09587519,0.026162617,-0.30566671,0.18012135,0.046882566,0.18453991,0.08959394,0.036050726,0.08259987,0.12382356,0.04009504,0.11498339,0.08728087,0.060672026,1.0032997,0.07114931,0.40125886,0.045149732,0.011885214,0.0007908538,0.0007908538
178,0.047492273,0.2678262,0.059176072,0.14221047,-0.00039415085,-0.16790837,0.15965602,0.13035922,0.21427742,0.1201371,0.019395743,-0.19252585,0.15301047,0.041487582,0.17495818,0.094725475,0.027046736,-0.30604327,0.18200906,0.047777716,0.18645954,0.08923991,0.036976583,0.08462104,0.12564105,0.040469542,0.11678058,0.08678557,0.06168185,1.0074195,0.07306268,0.40341064,0.04810042,0.010194013,0.0007908538,0.0007908538
179,0.046556845,0.26743695,0.05853135,0.14311825,-0.0033055632,-0.16940792,0.15942132,0.13014096,0.21438058,0.12147394,0.01677226,-0.19411291,0.15274239,0.04104523,0.17475285,0.09609306,0.024497773,-0.30838785,0.18223993,0.04766602,0.18679337,0.09039773,0.03443098,0.08396284,0.12573226,0.03948879,0.116917424,0.088207915,0.05899527,1.0072551,0.07044596,0.40258417,0.043791,0.012859722,0.0007908538,0.0007908538
180,0.045585833,0.26843297,0.05791413,0.14451821,-0.006774108,-0.1693589,0.15921536,0.13005577,0.21462275,0.12339564,0.013799438,-0.19477361,0.15232523,0.040101003,0.17439428,0.097942375,0.021782551,-0.31025404,0.18215762,0.046994388,0.18676983,0.09202321,0.032117214,0.08420518,0.12542605,0.038447227,0.116621055,0.089973524,0.057171416,1.0092913,0.06850969,0.40313745,0.040519897,0.014940391,0.0007908538,0.0007908538
181,0.045639306,0.27154252,0.058066607,0.1443394,-0.0016615572,-0.1666061,0.15988545,0.13079095,0.21557543,0.12172385,0.018786281,-0.19338311,0.1525881,0.039792344,0.17466824,0.0953445,0.026656713,-0.31012213,0.18260756,0.046841417,0.18718138,0.08919905,0.0363459,0.08714191,0.12584578,0.038888134,0.1169892,0.08692196,0.060749654,1.0140655,0.070613705,0.40664965,0.043588262,0.00961329,0.0007908538,0.0007908538
182,0.0464322,0.27105287,0.058584034,0.14366162,-0.0051709986,-0.16783978,0.16064101,0.1311541,0.21643627,0.12243621,0.0151726175,-0.1944535,0.15310864,0.04024203,0.17524661,0.096947,0.022960888,-0.31152147,0.18363523,0.047191024,0.18831427,0.09121663,0.032994453,0.08805913,0.12676112,0.03819429,0.11793897,0.08914602,0.057647895,1.0156415,0.07057201,0.4063721,0.043491382,0.012932824,0.0007908538,0.0007908538
183,0.04428824,0.27180475,0.05716442,0.14590696,-0.0042002965,-0.16784413,0.15979552,0.13057587,0.21608482,0.12337803,0.016742837,-0.19520044,0.15236892,0.03892007,0.1745431,0.09667844,0.02482501,-0.31326267,0.18348536,0.04635733,0.18819769,0.09013579,0.0346049,0.08896385,0.12646905,0.03740818,0.117634356,0.088040866,0.05907292,1.0185759,0.06956258,0.40782654,0.04169961,0.010848468,0.0007908538,0.0007908538
184,0.04510133,0.26934928,0.057620436,0.14462796,-0.0043875156,-0.17115696,0.16070816,0.13072771,0.21697427,0.12261502,0.016168244,-0.19739924,0.15343396,0.040040914,0.1756809,0.09655857,0.024031576,-0.31508994,0.18535075,0.04747123,0.19020921,0.09035972,0.033691015,0.08913636,0.12833922,0.036961224,0.11954662,0.08842153,0.0579821,1.0190455,0.06955948,0.40684068,0.04175541,0.012080951,0.0007908538,0.0007908538
185,0.04489476,0.2720575,0.057576254,0.14503206,-0.0027419436,-0.16894738,0.16105764,0.1312563,0.21764824,0.122380026,0.017933045,-0.19651331,0.15333162,0.039517764,0.1755936,0.09575415,0.025842577,-0.31560004,0.18534476,0.047220934,0.19018944,0.08932687,0.035280578,0.090303995,0.12832657,0.037007254,0.11951521,0.08731114,0.059378505,1.0197682,0.06727288,0.40813908,0.037959952,0.010092435,0.0007908538,0.0007908538
186,0.047122043,0.27308613,0.05911807,0.14277588,-0.0050939005,-0.16816472,0.16249089,0.1323765,0.21893832,0.1219105,0.015069388,-0.19597909,0.15412083,0.04064021,0.17638987,0.09664313,0.022719035,-0.3151769,0.1864947,0.04782935,0.19139653,0.09108716,0.03255445,0.093608655,0.12951402,0.03707566,0.120711304,0.08918469,0.05708282,1.0217376,0.06916002,0.40869024,0.040868748,0.012595087,0.0007908538,0.0007908538
187,0.044537555,0.27425122,0.057423174,0.14566551,-0.0067382297,-0.16771513,0.1611708,0.13156828,0.21815728,0.124099314,0.014317846,-0.19644134,0.15286198,0.03878242,0.17515053,0.09781192,0.022485,-0.31640026,0.18602495,0.046215035,0.19094756,0.09148444,0.032654025,0.0968601,0.12877429,0.0359597,0.11993855,0.0895347,0.057830106,1.028456,0.07124526,0.41174868,0.0439277,0.011444948,0.0007908538,0.0007908538
188,0.044227634,0.2730042,0.05717018,0.14544027,-0.0041857134,-0.16981836,0.16147335,0.13149537,0.21859096,0.12304541,0.016706474,-0.19810778,0.1533343,0.039201118,0.17566973,0.09641089,0.02474145,-0.31820917,0.1871965,0.04697477,0.19221601,0.08989444,0.03431391,0.09682217,0.12998253,0.03576445,0.12117032,0.08801781,0.058798444,1.0280333,0.06988467,0.41124997,0.041738518,0.010070997,0.0007908538,0.0007908538
189,0.044466503,0.27250648,0.057311993,0.14525291,-0.0058149938,-0.17095035,0.16184127,0.13160764,0.21905988,0.12346285,0.01507354,-0.19913515,0.15358377,0.039456703,0.17595366,0.097201206,0.023106845,-0.31942314,0.18803538,0.047244594,0.19313978,0.090815544,0.032863688,0.0977721,0.13079098,0.03524401,0.12199934,0.08905812,0.05759017,1.0285976,0.06871353,0.41092944,0.03987706,0.011671215,0.0007908538,0.0007908538
190,0.043694083,0.27542266,0.056903128,0.14624251,-0.005004063,-0.16832577,0.16136837,0.13193777,0.21881518,0.12378454,0.016167568,-0.19804838,0.1526872,0.038777206,0.17502715,0.09677728,0.024271404,-0.31928128,0.18747371,0.04660278,0.19256516,0.0898757,0.033576418,0.10057506,0.13029043,0.035164688,0.121496804,0.088168375,0.057647683,1.0297053,0.06812204,0.41217303,0.03877956,0.010527822,0.0007908538,0.0007908538
191,0.044383287,0.276226,0.057396006,0.145553,-0.0063965064,-0.16800193,0.16179664,0.13255388,0.21925786,0.123801984,0.014606341,-0.19816244,0.15273781,0.039294656,0.1750879,0.097222574,0.02252714,-0.31974745,0.18799871,0.046920944,0.19316545,0.09044807,0.031592045,0.10248118,0.13087231,0.03486331,0.1221108,0.08898623,0.055154726,1.0299236,0.06812379,0.41178977,0.03871785,0.01257131,0.0007908538,0.0007908538
192,0.04507915,0.27611682,0.057858367,0.14447515,-0.0051083937,-0.16864467,0.16248792,0.13304795,0.21994363,0.122701146,0.015540839,-0.19876146,0.15325347,0.040076036,0.17562756,0.096313685,0.023210127,-0.32049224,0.18905357,0.04767436,0.194301,0.089671254,0.031781934,0.103706986,0.13201727,0.034840655,0.123277016,0.08834031,0.054630212,1.0299133,0.06787714,0.41151097,0.03828615,0.012448744,0.0007908538,0.0007908538
193,0.041805074,0.27601585,0.055662233,0.1477004,-0.0071181217,-0.16979882,0.16054532,0.1319842,0.218504,0.12503858,0.014441727,-0.20040624,0.15159181,0.038485534,0.17398986,0.09744513,0.022494925,-0.32277316,0.18820621,0.046596345,0.19353715,0.089643285,0.030705199,0.10413359,0.13103235,0.033530973,0.12232833,0.08861532,0.0530978,1.0306097,0.06604148,0.41119367,0.035453144,0.013552273,0.0007908538,0.0007908538
194,0.042785846,0.27761173,0.05638691,0.14580314,-0.0097159445,-0.1689271,0.16076502,0.13306445,0.21860008,0.124379136,0.011207345,-0.20030896,0.15111466,0.03956344,0.17349005,0.09765765,0.018488416,-0.32324722,0.18788053,0.04757613,0.19330758,0.09015043,0.02530319,0.10449185,0.13092741,0.03357503,0.122328274,0.08995064,0.04513902,1.0252633,0.06389136,0.40812433,0.032311805,0.019225031,0.0007908538,0.0007908538
195,0.04426855,0.2827659,0.057614207,0.14266177,-0.004717312,-0.16426311,0.16162221,0.13504586,0.21934454,0.12048428,0.015078,-0.19765131,0.1508976,0.04066061,0.1732001,0.09368099,0.021216318,-0.3216728,0.18760037,0.048456248,0.19299188,0.08641848,0.025388343,0.108734965,0.1308488,0.03506636,0.12228401,0.08672103,0.040852528,1.0256631,0.06811227,0.4099015,0.038106106,0.017730717,0.0007908538,0.0007908538
196,0.0436621,0.28295228,0.057233736,0.14199121,-0.0030290158,-0.16538008,0.16140747,0.13538082,0.21924211,0.11915552,0.016412193,-0.19886658,0.15060169,0.041201342,0.17292738,0.09204065,0.02202274,-0.32322055,0.18802863,0.049211044,0.19354282,0.0844626,0.02451059,0.10991466,0.13129431,0.03490711,0.122797094,0.08532014,0.037333123,1.0254921,0.06982501,0.40934426,0.04042033,0.018465271,0.0007908538,0.0007908538
197,0.039808873,0.2819387,0.05464403,0.14515749,-0.0047657825,-0.16792193,0.15914719,0.134066,0.21750432,0.12126535,0.015519708,-0.20135425,0.14883895,0.039682034,0.17120267,0.09287888,0.02141273,-0.32602015,0.18733837,0.048265338,0.19297796,0.08404089,0.023182878,0.11051433,0.13039713,0.03344723,0.12195348,0.0853548,0.03504267,1.0270263,0.069707684,0.40910187,0.04015801,0.019735554,0.0007908538,0.0007908538
198,0.04378111,0.28386825,0.05736286,0.14020848,-7.847638e-05,-0.16601764,0.1617536,0.13623141,0.2196409,0.11679212,0.018748328,-0.19983713,0.15054978,0.04232622,0.1728819,0.08961551,0.02374904,-0.3245598,0.18914406,0.050439253,0.19480711,0.08195824,0.024467196,0.11354625,0.13258976,0.035131063,0.12414976,0.083350986,0.03468002,1.0256593,0.07178383,0.4092534,0.042967442,0.01855954,0.0007908538,0.0007908538
199,0.040923722,0.28454146,0.05549634,0.14260681,-0.0001301869,-0.16639079,0.16014509,0.13553081,0.21848303,0.11802947,0.019352661,-0.20075563,0.14911835,0.040996842,0.17146638,0.08963474,0.024600642,-0.3259965,0.18853071,0.049442228,0.1942492,0.080967635,0.024715947,0.115686096,0.13183239,0.034312204,0.12340417,0.08257476,0.034156628,1.0285771,0.07289433,0.4105801,0.044342976,0.01782047,0.0007908538,0.0007908538
200,0.04177742,0.28406096,0.056056317,0.14124128,-0.0017344555,-0.16778363,0.16091594,0.13604891,0.21929064,0.11761047,0.01735867,-0.20187975,0.14964774,0.04183078,0.17204158,0.08998582,0.02226139,-0.32739985,0.18957843,0.050297383,0.19541916,0.081739746,0.022077713,0.11631757,0.13285816,0.03398485,0.124469295,0.083698876,0.030946774,1.028506,0.072805904,0.4098106,0.04412157,0.020540258,0.0007908538,0.0007908538
201,0.03944654,0.2856024,0.05456686,0.14357862,-0.0013472445,-0.16757998,0.16006614,0.13581464,0.21907978,0.118779175,0.018389734,-0.20254463,0.14883114,0.040437292,0.17129338,0.08987652,0.02354295,-0.32950488,0.18922389,0.04942717,0.19511916,0.080664,0.02283243,0.11696175,0.13222618,0.03307246,0.12384393,0.08276712,0.031033449,1.0313506,0.072499,0.4113604,0.043465722,0.019275054,0.0007908538,0.0007908538
202,0.041564103,0.2867993,0.056015886,0.14099543,-0.000882532,-0.16695604,0.16151671,0.1372085,0.22040562,0.11698214,0.018073186,-0.20235103,0.1496383,0.04194296,0.17211658,0.08892278,0.022604935,-0.32999632,0.19011599,0.050871465,0.19609489,0.08027527,0.021016918,0.11715057,0.1333254,0.03346661,0.1249905,0.082772866,0.027697084,1.028194,0.07089925,0.4096947,0.04112913,0.02151704,0.0007908538,0.0007908538
203,0.04000516,0.28789973,0.0550332,0.14218922,-0.000824951,-0.16698115,0.16086872,0.13720316,0.2201614,0.11748865,0.018419364,-0.2030502,0.14890282,0.0413091,0.1714202,0.088661544,0.02292369,-0.33174524,0.1898139,0.050665345,0.19586584,0.079331525,0.020480357,0.11737845,0.13293669,0.032876477,0.124639064,0.08217332,0.02587221,1.028081,0.069591574,0.4095814,0.039160673,0.021971012,0.0007908538,0.0007908538
204,0.037387174,0.28732565,0.053296965,0.14475286,-0.0052542454,-0.16872051,0.1593772,0.1362752,0.21916644,0.12027312,0.014739603,-0.20488755,0.14763775,0.039946135,0.17020652,0.09095531,0.019491578,-0.33406377,0.1894684,0.049588818,0.19563752,0.080914065,0.017057054,0.11868257,0.13229038,0.031301502,0.124025,0.08414347,0.022371503,1.0312188,0.07000592,0.41005167,0.039628893,0.02483369,0.0007908538,0.0007908538
205,0.039034054,0.28822035,0.054419372,0.14232796,-0.00030423648,-0.1683512,0.16093579,0.13737938,0.22066528,0.1171399,0.01891208,-0.2046436,0.14883487,0.04121274,0.1714251,0.0879301,0.023186984,-0.33427116,0.19091015,0.050914675,0.19711913,0.07827175,0.019742101,0.119780615,0.13389456,0.03208571,0.12561814,0.08149914,0.023608444,1.0308809,0.069618866,0.4105753,0.03898282,0.022003938,0.0007908538,0.0007908538
206,0.03977505,0.2898013,0.054967824,0.1417811,-0.0038907058,-0.16717015,0.16130476,0.1380382,0.22109734,0.11803074,0.015282493,-0.20413841,0.1486597,0.041339748,0.17125171,0.08956693,0.019465122,-0.33423144,0.19108984,0.05069737,0.19734392,0.080277406,0.016368965,0.12222335,0.13410908,0.031705115,0.12583944,0.08370295,0.020604653,1.0319166,0.069080025,0.4109549,0.03812769,0.024885217,0.0007908538,0.0007908538
207,0.038357403,0.29070047,0.054074638,0.14314209,-0.0045541693,-0.16686764,0.16062355,0.13776244,0.22073473,0.11902214,0.015032228,-0.20434983,0.14795408,0.040435143,0.17055869,0.08999444,0.019412577,-0.33479002,0.19117992,0.04973195,0.19747335,0.080251455,0.01628241,0.1257241,0.13403146,0.031047616,0.1257444,0.08369118,0.020495849,1.036867,0.07126494,0.41341949,0.040988576,0.023926994,0.0007908538,0.0007908538
208,0.03778544,0.29015666,0.05368512,0.14292157,0.00022067112,-0.16820282,0.16079314,0.13778462,0.22103867,0.117169924,0.01961532,-0.20546277,0.14827585,0.04080542,0.17090967,0.087345034,0.023851741,-0.336137,0.19216065,0.05049108,0.19853526,0.07715851,0.019602677,0.12601559,0.1351065,0.031107603,0.12682547,0.080670625,0.022355583,1.0363612,0.06977144,0.41335112,0.038841918,0.020775693,0.0007908538,0.0007908538
209,0.038774766,0.28981933,0.054327402,0.14182872,-0.0015930395,-0.16896518,0.16151205,0.1381999,0.22173044,0.117111094,0.017529052,-0.20606457,0.148733,0.041478295,0.17139035,0.08806271,0.021578796,-0.3367489,0.19324975,0.050935395,0.19972289,0.078330226,0.01748267,0.12800343,0.13622804,0.03075696,0.12795357,0.08200553,0.020392075,1.0376841,0.070200704,0.41336802,0.039398108,0.022720594,0.0007908538,0.0007908538
210,0.037079267,0.2910376,0.053260442,0.14351663,-0.0039284923,-0.16881016,0.16068922,0.13805506,0.22135863,0.11878866,0.01569937,-0.20659994,0.14781068,0.040450886,0.17050785,0.0892125,0.019894026,-0.3382701,0.19275364,0.05016585,0.19928955,0.07889232,0.015589328,0.12870044,0.13554727,0.029820362,0.12729995,0.08286849,0.018191762,1.0388956,0.06887065,0.4138292,0.037433557,0.024175141,0.0007908538,0.0007908538
211,0.03753738,0.29240406,0.05360869,0.1424704,-0.001086464,-0.16814946,0.16143225,0.13874617,0.2222382,0.11708007,0.018152846,-0.2064798,0.14819844,0.040849034,0.1709129,0.087298036,0.02199827,-0.3389998,0.19334553,0.050831515,0.19991475,0.077015944,0.016707366,0.12932654,0.13616847,0.030148696,0.12792996,0.08114655,0.017797193,1.0386492,0.067856416,0.4143171,0.035881583,0.022777947,0.0007908538,0.0007908538
212,0.036443554,0.29059464,0.052835308,0.14311934,-0.0077867303,-0.17110829,0.1607439,0.13817506,0.22180137,0.11938956,0.011635524,-0.20889205,0.14757714,0.040583037,0.17034914,0.0903398,0.0153233,-0.34152526,0.19363585,0.050713893,0.20038798,0.08013513,0.010110853,0.12986445,0.13621786,0.028625187,0.12804253,0.08495811,0.011168751,1.0397825,0.06790711,0.41309068,0.035933472,0.029058523,0.0007908538,0.0007908538
213,0.03523052,0.2927006,0.052117966,0.14317088,0.0017230525,-0.1698085,0.16067794,0.13848948,0.22197087,0.11609376,0.02099653,-0.20829833,0.14752167,0.040359195,0.17027879,0.08518622,0.02457495,-0.3414731,0.1941574,0.050794963,0.20087893,0.074110165,0.01746231,0.13327433,0.13673954,0.029526558,0.12852903,0.078741424,0.015882187,1.0437539,0.07121283,0.41677523,0.04013317,0.020804916,0.0007908538,0.0007908538
214,0.036980405,0.29262742,0.05327122,0.14108895,-0.0007995049,-0.17059815,0.16192959,0.13930784,0.22317308,0.115622826,0.01791407,-0.20891362,0.14831567,0.04142777,0.17110832,0.08598341,0.021058967,-0.34238824,0.19533418,0.051735923,0.20216523,0.07575598,0.013981969,0.13418189,0.13793394,0.029331248,0.12974188,0.08071082,0.012326738,1.0436208,0.07068382,0.41616145,0.03933718,0.024204444,0.0007908538,0.0007908538
215,0.037557416,0.29584843,0.05374923,0.14095193,0.00025347434,-0.16776253,0.16268244,0.14018682,0.2241718,0.11536778,0.019010512,-0.20737286,0.14846252,0.041074865,0.17126049,0.0855329,0.022222506,-0.3419186,0.1956852,0.05121251,0.2024784,0.07538265,0.015305872,0.13776553,0.1382121,0.029593842,0.12997727,0.08007728,0.013859174,1.0475813,0.072060145,0.41931117,0.041020595,0.021960173,0.0007908538,0.0007908538
216,0.035822254,0.29441997,0.052566454,0.14242043,-0.0016165241,-0.17028762,0.16185386,0.13950542,0.2236633,0.11670524,0.017533384,-0.20945661,0.14793342,0.04055854,0.17078507,0.086490445,0.020862661,-0.34410083,0.1962269,0.05092061,0.20316708,0.07580938,0.013727634,0.13925748,0.13856041,0.028426608,0.1303519,0.08082663,0.012038522,1.0501654,0.07296903,0.41953903,0.042178348,0.02333238,0.0007908538,0.0007908538
217,0.03559112,0.29567423,0.052456427,0.1424428,-0.00035858597,-0.16989566,0.16208667,0.13994944,0.22413741,0.11620931,0.018749457,-0.20969261,0.1478771,0.040566545,0.17075256,0.08559776,0.02193513,-0.34536475,0.19642645,0.05131067,0.20342276,0.07462737,0.014033096,0.13924494,0.13881092,0.028312424,0.1306278,0.079892576,0.011217738,1.0485882,0.07027503,0.4190185,0.038383752,0.02325789,0.0007908538,0.0007908538
218,0.03595523,0.29692975,0.052735172,0.14224061,-0.0020848557,-0.16900124,0.16232984,0.14039785,0.22447123,0.11668739,0.01701631,-0.20942023,0.14770368,0.040599495,0.17057788,0.08637484,0.02013927,-0.3455453,0.19673207,0.0511528,0.20377454,0.07553564,0.012329902,0.14171973,0.13917576,0.028059969,0.13099445,0.080925025,0.009578774,1.0498327,0.07016367,0.41963708,0.038132027,0.024594279,0.0007908538,0.0007908538
219,0.037098218,0.29594427,0.053447038,0.14053893,0.00078667887,-0.1702514,0.16328385,0.14077622,0.22525539,0.114667065,0.019352619,-0.21020928,0.14854859,0.041810416,0.17142496,0.084662795,0.02223482,-0.34598312,0.19843085,0.052274026,0.20557256,0.07415641,0.01400783,0.14406353,0.14107342,0.028358743,0.1328732,0.07955367,0.010788381,1.0505214,0.07100111,0.41978535,0.039226666,0.02320176,0.0007908538,0.0007908538
220,0.033594683,0.29487282,0.05111692,0.14408217,-0.0026187531,-0.1726015,0.16121145,0.13948944,0.22371367,0.1177925,0.016986426,-0.21245204,0.14693797,0.040241823,0.1698558,0.08677047,0.020395009,-0.34851503,0.19788182,0.051185686,0.20514983,0.075116575,0.012325314,0.14475803,0.1403446,0.026829217,0.13218336,0.08084781,0.009681244,1.0513709,0.06903592,0.41946024,0.03650825,0.025063412,0.0007908538,0.0007908538
221,0.035636324,0.29812664,0.05254924,0.14224164,-0.0022650615,-0.16946693,0.16254343,0.14085466,0.22496285,0.11680235,0.016960887,-0.21046506,0.14735141,0.04082454,0.17022927,0.08647053,0.020226363,-0.34716585,0.19839437,0.051344503,0.20562029,0.07551002,0.012513481,0.14832394,0.14115183,0.027615214,0.13295658,0.081033535,0.0103981,1.0517782,0.06797921,0.42093503,0.034936193,0.024554009,0.0007908538,0.0007908538
222,0.034373436,0.29857177,0.051749866,0.1437498,-0.0058232048,-0.16968974,0.1618154,0.14049582,0.22454418,0.11893739,0.013925916,-0.21102889,0.14654432,0.039923728,0.16943727,0.08851665,0.017449934,-0.3480465,0.19841386,0.050358538,0.20570646,0.07728561,0.010286268,0.15141596,0.14101887,0.02674177,0.1328236,0.08290631,0.0090898825,1.0551846,0.06892687,0.42234936,0.03611688,0.02618604,0.0007908538,0.0007908538
223,0.03508832,0.2986174,0.052217968,0.14244564,-0.00022463594,-0.16998944,0.16273247,0.14098713,0.22540885,0.11625288,0.019077802,-0.21122509,0.1473742,0.04080706,0.17027181,0.085446976,0.022428444,-0.34827128,0.19990034,0.051284306,0.20724294,0.074174725,0.01436149,0.15354162,0.14269273,0.027286602,0.13446383,0.079658456,0.011824765,1.056219,0.06947602,0.42331472,0.036786146,0.022132125,0.0007908538,0.0007908538
224,0.035100907,0.2975591,0.052194208,0.1422629,-0.004676519,-0.17165446,0.16269472,0.14088157,0.22544353,0.117552035,0.014619021,-0.21254422,0.14721611,0.04100553,0.1701423,0.087551035,0.017857872,-0.34954524,0.20054822,0.05136149,0.2080263,0.07659158,0.010166934,0.15503687,0.14333625,0.026372742,0.1351264,0.082461454,0.008318081,1.0569254,0.06884471,0.42257547,0.035913747,0.026175726,0.0007908538,0.0007908538
225,0.032708652,0.2982739,0.050659966,0.14465286,-0.002047126,-0.17156284,0.161579,0.14028648,0.2247307,0.11808255,0.017901093,-0.2129503,0.14634274,0.03981395,0.169277,0.08654153,0.0215511,-0.35029525,0.20062755,0.05034091,0.20813455,0.074473225,0.01339529,0.15837969,0.14331119,0.025995495,0.13507982,0.080178775,0.010914881,1.0610214,0.07040366,0.4251752,0.037885647,0.022245541,0.0007908538,0.0007908538
226,0.035319064,0.29940474,0.052395485,0.14183496,-0.00076446834,-0.17039682,0.16342226,0.14150272,0.22638385,0.11601055,0.018398738,-0.21213987,0.14749983,0.041137096,0.17042802,0.085458875,0.021606207,-0.3497833,0.20209165,0.051343665,0.2096314,0.07432241,0.013303201,0.1610352,0.14502141,0.026639644,0.13675533,0.07997296,0.010419116,1.061671,0.070700526,0.4258309,0.038209755,0.022070795,0.0007908538,0.0007908538
227,0.03357229,0.30008802,0.051284485,0.14326754,-0.00090609153,-0.17069416,0.16268152,0.14126042,0.22605327,0.11675289,0.01862862,-0.21288757,0.14676447,0.04033124,0.16972466,0.08542482,0.0219193,-0.3512592,0.2020611,0.05083456,0.2096745,0.0736257,0.013016244,0.16275771,0.1448625,0.026021622,0.13660926,0.07953882,0.009282274,1.063474,0.07059217,0.42676678,0.037917193,0.021829503,0.0007908538,0.0007908538
228,0.035125222,0.30013528,0.052298706,0.14111027,-0.0018380894,-0.1707867,0.16351259,0.14194846,0.22666775,0.11562266,0.01705768,-0.21308589,0.14707315,0.041559696,0.17001073,0.085289925,0.019861065,-0.3514305,0.20297776,0.051859554,0.21068594,0.07415507,0.010527935,0.16474415,0.14616054,0.026173135,0.13791654,0.08047108,0.0061533567,1.0617049,0.06942859,0.42540327,0.036290154,0.024543727,0.0007908538,0.0007908538
229,0.03225949,0.30269426,0.05051712,0.14436874,-0.0034277225,-0.16908231,0.16195065,0.14150988,0.22573294,0.11811608,0.01645797,-0.21271905,0.14543498,0.03952114,0.1683853,0.08646399,0.0197713,-0.3520164,0.20218033,0.049842447,0.2098888,0.07425732,0.010539286,0.16944596,0.1451042,0.025544455,0.13684893,0.0805067,0.00633559,1.0672764,0.072079256,0.42900863,0.03962489,0.023226896,0.0007908538,0.0007908538
230,0.039719194,0.30891058,0.05553328,0.13633226,0.0017362541,-0.16191934,0.16621205,0.14565554,0.22910331,0.11149315,0.019267896,-0.2080328,0.14738752,0.043448023,0.17020619,0.08209108,0.021063464,-0.34861162,0.20299283,0.05319062,0.21060559,0.07201082,0.009979813,0.1703765,0.14719775,0.028537469,0.13894795,0.07867137,0.002444502,1.0577679,0.06744648,0.42585418,0.03328975,0.025060784,0.0007908538,0.0007908538
231,0.033065908,0.30938938,0.05131446,0.14203842,-0.0063820877,-0.16311356,0.16160558,0.14355718,0.22529662,0.11734223,0.012855543,-0.20992532,0.14325261,0.040248256,0.16605484,0.08642178,0.015235369,-0.35071602,0.20043178,0.05027293,0.20815271,0.074460514,0.003950247,0.17469697,0.14435156,0.02659775,0.13617967,0.082019255,-0.003477199,1.0609522,0.06984119,0.42666325,0.036236785,0.030279487,0.0007908538,0.0007908538
232,0.029211175,0.30775267,0.04883132,0.14374042,-0.004686886,-0.16629037,0.15898083,0.1424476,0.22286716,0.11706929,0.014763786,-0.21291693,0.14110625,0.0400907,0.16387704,0.08464019,0.016824154,-0.35372582,0.19943972,0.05112141,0.2073415,0.07106901,0.0026269495,0.17344524,0.14362538,0.025831103,0.13557884,0.080080025,-0.008856671,1.0551132,0.06732038,0.4223367,0.032835532,0.033186797,0.0007908538,0.0007908538
233,0.031968966,0.30453867,0.05050733,0.13832754,-0.00020787315,-0.17039342,0.16069296,0.14340384,0.22394754,0.111548744,0.017423438,-0.21538451,0.14266147,0.04366603,0.16543761,0.08047061,0.018153148,-0.35530117,0.20185581,0.054965038,0.20999236,0.06796696,0.0012558477,0.17286293,0.1465868,0.026579548,0.13859206,0.07815086,-0.014238528,1.0499038,0.06795116,0.41806227,0.0336478,0.035885468,0.0007908538,0.0007908538
234,0.028941728,0.30515623,0.04857987,0.14061597,0.0026345241,-0.17130287,0.15932691,0.14294071,0.22313216,0.11168847,0.02080058,-0.21658798,0.141607,0.04262101,0.16443439,0.07884718,0.021675467,-0.35731152,0.2015988,0.05449109,0.2098151,0.06492097,0.0032125418,0.17423074,0.14608583,0.026020074,0.13811849,0.07552151,-0.014565123,1.0516895,0.06889191,0.41913304,0.034664735,0.033704583,0.0007908538,0.0007908538
235,0.028167097,0.3054883,0.048092164,0.14125948,-0.001328311,-0.1721333,0.15907836,0.14300162,0.22325963,0.1132584,0.017014718,-0.21757898,0.14119309,0.042185,0.16408706,0.08061341,0.017754648,-0.35911715,0.2017406,0.054217838,0.2100769,0.0666416,-0.00079181336,0.17537884,0.14601585,0.02506993,0.13807474,0.07775785,-0.018588888,1.0531487,0.06891383,0.41925588,0.034600053,0.03714547,0.0007908538,0.0007908538
236,0.031970706,0.31220368,0.050744206,0.13744725,0.0022109281,-0.16559707,0.16186854,0.14586976,0.22600146,0.10996574,0.019590423,-0.21329376,0.14237331,0.043134417,0.16522436,0.07810593,0.019790746,-0.3565586,0.20220664,0.054611426,0.21038298,0.06529198,0.00079468836,0.17936102,0.1468175,0.027007446,0.1388152,0.07601263,-0.018239385,1.054337,0.069300175,0.42253342,0.03482848,0.034396518,0.0007908538,0.0007908538
237,0.028904174,0.31179115,0.048783675,0.14026059,-0.0016371976,-0.16748843,0.1603587,0.14496633,0.22514366,0.11283357,0.016555179,-0.21507546,0.14118329,0.041572277,0.1641125,0.08023954,0.017035333,-0.35905075,0.2018997,0.05345468,0.21020557,0.06657313,-0.0019299432,0.18063168,0.14609072,0.025533495,0.13811678,0.07771015,-0.020656945,1.0572306,0.069452174,0.42339978,0.03491666,0.036416702,0.0007908538,0.0007908538
238,0.02873576,0.31104,0.048658714,0.13988906,0.0009994728,-0.16889858,0.16075248,0.14498843,0.22566798,0.11161905,0.019034678,-0.21608594,0.14166127,0.041915,0.16462904,0.07872653,0.019455714,-0.36024222,0.20311731,0.05400807,0.21152353,0.06490285,-0.00010956795,0.18192999,0.14730035,0.025383182,0.13930719,0.07609162,-0.019695457,1.0585729,0.06955332,0.423949,0.034989886,0.034546494,0.0007908538,0.0007908538
239,0.028891891,0.30915058,0.048707046,0.13938428,-0.00012889795,-0.17138512,0.16118309,0.14478947,0.22619134,0.11159618,0.017738253,-0.21776064,0.14220737,0.042336635,0.16523102,0.07915724,0.01802422,-0.3618433,0.20456058,0.054505553,0.21312118,0.065616846,-0.0014677824,0.18328191,0.14863025,0.024725733,0.14062533,0.07699586,-0.020807752,1.0606158,0.07034241,0.42405695,0.035994943,0.035688154,0.0007908538,0.0007908538
240,0.026491467,0.30988458,0.04718604,0.14191572,-1.5898055e-05,-0.17191629,0.16029102,0.1444292,0.22591864,0.11306767,0.018568913,-0.2186704,0.14148706,0.041066617,0.16458087,0.07937831,0.019220583,-0.36390355,0.20426877,0.05381243,0.21290098,0.06474734,-0.0006213491,0.1829901,0.1481163,0.023768175,0.14012961,0.076297574,-0.020278849,1.0612965,0.0674608,0.42458192,0.03218606,0.034727488,0.0007908538,0.0007908538
241,0.028989915,0.31055397,0.048802648,0.1386039,-0.0024045447,-0.17175063,0.16180938,0.14567651,0.22723718,0.111692876,0.015230686,-0.21856667,0.14224617,0.042572014,0.16534756,0.07965688,0.015131073,-0.36411247,0.2053747,0.05502033,0.21411645,0.0662989,-0.005044142,0.18504718,0.14949712,0.023979831,0.14151292,0.07840151,-0.025179615,1.0607,0.06808828,0.42380095,0.03290192,0.038822208,0.0007908538,0.0007908538
242,0.025266426,0.3128804,0.04649617,0.14140701,0.00074475294,-0.17135312,0.16018696,0.14545263,0.22637947,0.11202964,0.019092027,-0.21899989,0.1408164,0.040902164,0.16396946,0.077823915,0.0192166,-0.36586788,0.2045022,0.05395206,0.21328083,0.062769905,-0.0027609977,0.18690833,0.1482682,0.023557851,0.14031588,0.07528543,-0.025596047,1.0633495,0.06913471,0.42617434,0.033978004,0.03563514,0.0007908538,0.0007908538
243,0.028648749,0.31827402,0.04882468,0.13675947,-0.0008384886,-0.16676144,0.16181785,0.14823042,0.22768927,0.10948667,0.016185822,-0.21623921,0.14077875,0.042699497,0.1638596,0.07693176,0.015096001,-0.36417833,0.20422728,0.05503465,0.21300454,0.06319508,-0.008508277,0.19069923,0.14863099,0.024828186,0.14071727,0.076688804,-0.03411369,1.0612038,0.07093608,0.42584616,0.034955565,0.04061349,0.0007908538,0.0007908538
244,0.027229473,0.32156816,0.048026968,0.13598816,0.0056242147,-0.16536078,0.16132192,0.14929354,0.22745147,0.10631358,0.022313379,-0.21571448,0.13996908,0.042936306,0.16304757,0.07236816,0.020784955,-0.3645851,0.2037838,0.0555244,0.21259148,0.05765245,-0.0059452187,0.19286953,0.148345,0.025556851,0.14046177,0.071939826,-0.036352046,1.0608039,0.072243765,0.426926,0.035668302,0.03749917,0.0007908538,0.0007908538
245,0.027005387,0.31989592,0.047863845,0.13450316,0.0025324072,-0.1682606,0.16095825,0.14923263,0.22699898,0.106019445,0.018725911,-0.2176958,0.1395801,0.043833137,0.16266866,0.072977126,0.016574189,-0.36597538,0.2046713,0.05627228,0.21368873,0.058724985,-0.011095434,0.19546576,0.14935988,0.024981644,0.14150597,0.07398175,-0.042738814,1.0617045,0.0747073,0.42611846,0.03833408,0.042029697,0.0007908538,0.0007908538
246,0.024797587,0.31987885,0.046479713,0.13564363,0.0053469487,-0.17000984,0.16014032,0.14909902,0.2266184,0.10551715,0.021806367,-0.2191934,0.13908447,0.04348665,0.16224355,0.071236186,0.019692482,-0.36802873,0.20497008,0.056370288,0.21412225,0.055884555,-0.00950161,0.1962264,0.14944908,0.024355348,0.14161429,0.07166473,-0.043264225,1.0629598,0.07507929,0.42669877,0.038506173,0.040361132,0.0007908538,0.0007908538
247,0.024888046,0.31945673,0.046537522,0.13487367,0.002071631,-0.17153928,0.16015029,0.14945357,0.22670762,0.10594467,0.01827753,-0.22051781,0.13884996,0.04412308,0.16204557,0.072314814,0.01573751,-0.36976418,0.20528454,0.05719546,0.2146127,0.057184838,-0.014041231,0.19586392,0.1499789,0.023540227,0.14218898,0.07385593,-0.048395615,1.0607497,0.072798304,0.4245094,0.035535485,0.045125972,0.0007908538,0.0007908538
248,0.02253689,0.32194978,0.045119435,0.13737786,0.002132511,-0.17054328,0.15918359,0.14964852,0.22640644,0.107492104,0.019085646,-0.22046717,0.13781436,0.042786848,0.16107245,0.07249683,0.016876081,-0.3711544,0.20444429,0.056225047,0.21380799,0.056106623,-0.013515563,0.1962075,0.14898486,0.022771593,0.1412249,0.073054954,-0.048641685,1.06133,0.07047595,0.42543727,0.03245748,0.04435271,0.0007908538,0.0007908538
249,0.022325953,0.32017535,0.044945847,0.13704331,0.0014078857,-0.17326751,0.15940504,0.14954531,0.22678956,0.10735693,0.018211607,-0.22238313,0.1382062,0.04326039,0.16153903,0.07256859,0.015808703,-0.37318772,0.2057317,0.056909245,0.21529233,0.056203272,-0.015016123,0.19691208,0.1501626,0.021927992,0.1424018,0.07361694,-0.050566435,1.0625684,0.07084138,0.4250107,0.032863908,0.04578577,0.0007908538,0.0007908538
250,0.02293308,0.3222691,0.045386463,0.13612206,0.00555323,-0.17220023,0.16049004,0.15061474,0.22811961,0.10539131,0.022104656,-0.2218369,0.13890147,0.043593403,0.16227801,0.070131354,0.01959468,-0.3737879,0.20644066,0.057479892,0.21602361,0.053579357,-0.012205655,0.19756009,0.15087304,0.022254895,0.14309601,0.07101292,-0.049327534,1.063045,0.069699936,0.42615515,0.03128116,0.042929832,0.0007908538,0.0007908538
