Epoch,Layer0_theta_1,Layer0_r,Layer0_theta_2,Layer0_bx,Layer0_bp,Layer0_gamma,Layer1_theta_1,Layer1_r,Layer1_theta_2,Layer1_bx,Layer1_bp,Layer1_gamma,Layer2_theta_1,Layer2_r,Layer2_theta_2,Layer2_bx,Layer2_bp,Layer2_gamma,Layer3_theta_1,Layer3_r,Layer3_theta_2,Layer3_bx,Layer3_bp,Layer3_gamma,Layer4_theta_1,Layer4_r,Layer4_theta_2,Layer4_bx,Layer4_bp,Layer4_gamma,Layer5_theta_1,Layer5_r,Layer5_theta_2,Layer5_bx,Layer5_bp,Layer5_gamma
1,0.0758503,0.080790125,0.075836256,0.06253479,-0.06276763,-0.042727746,0.07578064,0.080790125,0.07577695,0.06609725,-0.06374624,-0.03693361,0.07568707,0.080790125,0.07566025,0.06848624,-0.06435291,-0.030126542,0.07546263,0.080790125,0.07544474,0.06998707,-0.06469098,-0.022425126,0.07519073,0.080790125,0.075212784,0.07087267,-0.06484115,-0.014893376,0.07492083,0.080790125,0.074981585,0.07133287,0.0007908538,0.0007908538
2,0.1106843,0.13559698,0.11113077,0.07672368,-0.07800992,0.0006574162,0.11078489,0.12325556,0.11108345,0.08656268,-0.08217199,0.0033679316,0.110413454,0.11841287,0.11040742,0.093415,-0.08493378,0.006815105,0.10946254,0.11850201,0.10854407,0.09772092,-0.086529,0.014823433,0.10766879,0.122903615,0.10695013,0.10012812,-0.08722455,0.02782721,0.10609754,0.13351344,0.106868476,0.101174414,0.0007908538,0.0007908538
3,0.07539633,0.14976673,0.077532,0.082654245,-0.088059254,0.009070448,0.077198125,0.10472064,0.07858748,0.09482365,-0.09406375,-0.0010002377,0.07767293,0.09035696,0.07800362,0.10398642,-0.09836578,-0.004990705,0.07644471,0.09054149,0.07435815,0.11020311,-0.101052195,0.0058370526,0.07300564,0.10435561,0.07076809,0.113974564,-0.10216268,0.0361733,0.069462724,0.14630695,0.06937292,0.1154928,0.0007908538,0.0007908538
4,0.07766075,0.1692071,0.07609313,0.08492825,-0.07825382,0.026490165,0.07586143,0.10958481,0.07642088,0.09594694,-0.085139446,0.009795079,0.075406544,0.09083874,0.075636774,0.10521837,-0.09021453,0.0024510268,0.073733725,0.09107959,0.07139074,0.11175053,-0.09331998,0.014942601,0.06981602,0.10967785,0.06816951,0.115401484,-0.094384775,0.05372744,0.06694847,0.16690473,0.07076037,0.11610258,0.0007908538,0.0007908538
5,0.095639415,0.18989044,0.08883155,0.09099462,-0.08973696,0.023817657,0.088318735,0.12404449,0.08736204,0.1013784,-0.09650568,0.009535052,0.08620227,0.1032076,0.08629992,0.11132952,-0.10166578,0.00484739,0.084312335,0.10303215,0.0823833,0.11876933,-0.10479331,0.021660058,0.08086428,0.12296793,0.08098768,0.12301158,-0.10594554,0.066717945,0.080176175,0.18515468,0.08953697,0.1242557,0.0007908538,0.0007908538
6,0.08456922,0.19257376,0.08029755,0.09065649,-0.08606252,0.018601155,0.07970657,0.11995513,0.079753876,0.10143724,-0.09319632,0.003192837,0.07850622,0.09723303,0.07877737,0.11150768,-0.09858112,-0.002053309,0.0766564,0.09719302,0.0742023,0.11901059,-0.10183783,0.016097464,0.0724425,0.11910685,0.07129055,0.12332792,-0.10288501,0.06556113,0.07014409,0.18763605,0.07684312,0.12444032,0.0007908538,0.0007908538
7,0.082277626,0.19556743,0.078479685,0.08934875,-0.075597756,0.020773558,0.07798154,0.120117374,0.07827365,0.0994459,-0.083048694,0.0040479074,0.077031724,0.09657059,0.07730473,0.109044716,-0.088538885,-0.0018065835,0.07510043,0.09671583,0.07236809,0.1161669,-0.09168127,0.016785705,0.07047345,0.11989379,0.06882356,0.1200229,-0.09222412,0.06826083,0.067554615,0.19198187,0.073571585,0.12028958,0.0007908538,0.0007908538
8,0.088579856,0.20101467,0.08319376,0.09100543,-0.08021136,0.018776612,0.082605585,0.124894716,0.08248284,0.101050414,-0.08754953,0.0034644103,0.08119806,0.101007424,0.081460804,0.1109387,-0.09299275,-0.0011334455,0.079246245,0.100972496,0.076680854,0.11838091,-0.09607957,0.0188058,0.07481636,0.12417053,0.07371599,0.12245616,-0.09663483,0.071652606,0.07261346,0.19653758,0.08032764,0.12301644,0.0007908538,0.0007908538
9,0.084141165,0.20035301,0.079930484,0.09098655,-0.0809662,0.01762238,0.07931509,0.122815564,0.079617746,0.1013369,-0.08833657,0.0017930943,0.07830883,0.09853685,0.07865251,0.11132695,-0.0938147,-0.0032089541,0.0764115,0.098523475,0.0736913,0.11883446,-0.09696609,0.016699968,0.07177073,0.12207837,0.07019795,0.1230304,-0.09759652,0.07020299,0.06899113,0.19564983,0.07552791,0.12374715,0.0007908538,0.0007908538
10,0.08485829,0.20128766,0.08047706,0.09062629,-0.07792554,0.020496935,0.07991076,0.12357661,0.08017532,0.10067506,-0.085365385,0.003946972,0.078871764,0.099204786,0.07919802,0.11049215,-0.09085632,-0.0014543245,0.07693372,0.099226385,0.07418063,0.1178705,-0.09395525,0.018234495,0.07225091,0.123002306,0.070665084,0.121902525,-0.09442522,0.071737535,0.0694856,0.19709527,0.07614196,0.12233634,0.0007908538,0.0007908538
11,0.08593876,0.20224996,0.08129586,0.09164981,-0.0830435,0.01842567,0.0806463,0.124360755,0.08085832,0.10204106,-0.0903657,0.0025894898,0.07951876,0.099897146,0.079871714,0.11216995,-0.09582148,-0.0023148016,0.077610336,0.0998046,0.07492984,0.119820595,-0.09895182,0.017791396,0.07302022,0.12340057,0.07158317,0.12413114,-0.0995903,0.07160166,0.07044982,0.19718054,0.077458285,0.1250086,0.0007908538,0.0007908538
12,0.08489467,0.20187186,0.08052553,0.09092331,-0.078954205,0.020196322,0.07993055,0.12381548,0.080218874,0.101040065,-0.08636872,0.0036902372,0.0788941,0.09932528,0.07922961,0.11092695,-0.09184566,-0.001654964,0.07695107,0.0993238,0.0741853,0.11837078,-0.0949364,0.018167473,0.072244965,0.12315755,0.07063292,0.12246879,-0.09541287,0.07192981,0.06945372,0.19747266,0.07609043,0.123000674,0.0007908538,0.0007908538
13,0.08480616,0.20193733,0.08046477,0.09107302,-0.07959022,0.020349098,0.079857856,0.12379716,0.0801598,0.101240374,-0.08698656,0.0037748923,0.07882487,0.09927412,0.07916458,0.11116562,-0.092453964,-0.001618301,0.076879896,0.09926004,0.074110836,0.11864282,-0.095542565,0.018172596,0.07216949,0.12309417,0.07054597,0.122779466,-0.09603021,0.071936615,0.0693689,0.19743447,0.075979546,0.12337496,0.0007908538,0.0007908538
14,0.08515886,0.2022395,0.0807331,0.09146822,-0.081586994,0.018850487,0.08008159,0.12400912,0.08036304,0.10177376,-0.08893519,0.0027456796,0.07900934,0.09946082,0.079354584,0.11181876,-0.09438639,-0.0023263139,0.07707007,0.09940923,0.07432423,0.11939951,-0.097485304,0.01773225,0.07238304,0.12316648,0.07080623,0.12364485,-0.09803649,0.07169908,0.06963197,0.1973629,0.07634247,0.12441651,0.0007908538,0.0007908538
15,0.08493818,0.20208646,0.08056706,0.09109974,-0.079461634,0.020959614,0.07995523,0.12390051,0.08024783,0.101240486,-0.0868554,0.0042337873,0.078902006,0.09935634,0.07923484,0.111155204,-0.09231658,-0.0012506333,0.076938465,0.099343754,0.07416051,0.11862722,-0.09539303,0.018472906,0.07221456,0.12320529,0.070584044,0.12275672,-0.095859885,0.072203636,0.06941038,0.19760612,0.07602712,0.123341486,0.0007908538,0.0007908538
16,0.08505914,0.20227163,0.080663644,0.0916012,-0.08220857,0.019153962,0.07999642,0.12396229,0.08029002,0.10195547,-0.089540325,0.002942714,0.07892131,0.09938355,0.07926824,0.112036966,-0.09498424,-0.0022041895,0.07697372,0.09932067,0.07422251,0.119649604,-0.098084226,0.017791806,0.07227939,0.123076856,0.07068802,0.12393258,-0.098650895,0.071723096,0.069516696,0.19728637,0.07619142,0.124765866,0.0007908538,0.0007908538
17,0.08477401,0.20213751,0.08045289,0.09105836,-0.079050064,0.020132767,0.07982103,0.123794094,0.08012376,0.101164,-0.08644665,0.003616266,0.07876427,0.09922848,0.07908602,0.11104954,-0.09190293,-0.0017152508,0.07677861,0.09923665,0.07397496,0.11849886,-0.094966896,0.018171223,0.072007455,0.123147234,0.070328355,0.12260775,-0.095405914,0.072101936,0.06912458,0.1976687,0.07563609,0.12316138,0.0007908538,0.0007908538
18,0.08562045,0.2026356,0.0810865,0.091581896,-0.08138942,0.01901039,0.08041003,0.12429642,0.08065261,0.10181877,-0.08872237,0.0029282172,0.07927398,0.09971837,0.07959809,0.11183853,-0.09415199,-0.0020997585,0.07729182,0.09967431,0.074530125,0.11940816,-0.097216085,0.018020969,0.07257163,0.1234735,0.07099276,0.12363844,-0.09771407,0.07208208,0.06980994,0.19775498,0.07656269,0.12439237,0.0007908538,0.0007908538
19,0.08459731,0.2021473,0.080328286,0.09107937,-0.078728534,0.020224394,0.07968601,0.12368919,0.08000102,0.101154484,-0.08611806,0.0036407085,0.07862965,0.09909886,0.0789419,0.111013174,-0.091559336,-0.0017345172,0.07662208,0.099121794,0.07379309,0.11844217,-0.09459965,0.018142559,0.07181073,0.12308051,0.07008427,0.12253532,-0.09499834,0.072126985,0.06886053,0.19771796,0.07527335,0.123070985,0.0007908538,0.0007908538
20,0.085549586,0.20272884,0.08104219,0.091678284,-0.08143724,0.01866441,0.080343515,0.12425108,0.08059094,0.10191201,-0.088755704,0.0026536458,0.07919533,0.0996438,0.07950979,0.111929305,-0.09416763,-0.0023190558,0.07719059,0.09960751,0.074408226,0.11949938,-0.0972091,0.017876614,0.07243337,0.12343862,0.07081788,0.1237347,-0.09767599,0.07205641,0.06961399,0.19780436,0.076292,0.124503635,0.0007908538,0.0007908538
21,0.08489721,0.20243335,0.080559865,0.091177344,-0.0787224,0.01948089,0.07989036,0.12386102,0.08017872,0.10122192,-0.086097956,0.0031491555,0.07878915,0.09925206,0.079085276,0.11107281,-0.091522165,-0.0020322797,0.07675275,0.09928313,0.07391105,0.118500896,-0.094537765,0.018036906,0.07191043,0.123265825,0.0701773,0.12259114,-0.09490254,0.072220095,0.06893445,0.19795683,0.07535816,0.1231276,0.0007908538,0.0007908538
22,0.08540898,0.20278136,0.08094534,0.091511585,-0.08030447,0.018141,0.08023553,0.124157615,0.080487505,0.10165623,-0.087640956,0.0022573285,0.07908053,0.09953495,0.0793766,0.1116028,-0.093049705,-0.0026091172,0.07704302,0.099534556,0.07422471,0.1191148,-0.09606762,0.017722227,0.07222299,0.12344703,0.07054566,0.12328955,-0.09647372,0.072093286,0.069305934,0.197994,0.075860806,0.12396324,0.0007908538,0.0007908538
23,0.08533494,0.20271514,0.08088925,0.09132648,-0.07932638,0.01987539,0.08020165,0.12413182,0.08045724,0.10139682,-0.086685374,0.0035089846,0.079049654,0.09950486,0.079339094,0.111285694,-0.09209999,-0.0016802285,0.07699392,0.09951934,0.07415927,0.11874932,-0.09510864,0.018374281,0.07215805,0.12348622,0.070455715,0.12287115,-0.09547799,0.072526984,0.06922726,0.19813576,0.07574503,0.12345841,0.0007908538,0.0007908538
24,0.08478151,0.20255214,0.08048452,0.09169589,-0.08176405,0.018819353,0.07975241,0.12379951,0.08006445,0.10201034,-0.08907947,0.0026363179,0.078634575,0.0991216,0.0789459,0.11206028,-0.09448697,-0.002459994,0.076597095,0.0990947,0.07376828,0.119652525,-0.09752762,0.01767153,0.07176654,0.12299063,0.07003844,0.12392281,-0.09799547,0.07190005,0.06880338,0.19754419,0.075203635,0.12474654,0.0007908538,0.0007908538
25,0.08537845,0.20284893,0.080929354,0.091179386,-0.07881595,0.019628413,0.080229,0.12417244,0.08047982,0.10121588,-0.08619547,0.003346886,0.07905801,0.0995293,0.07933558,0.11108324,-0.09162017,-0.0017611682,0.07697446,0.09956155,0.07411994,0.11852919,-0.0946292,0.018395444,0.072098695,0.12357853,0.070365384,0.12262654,-0.09498395,0.072673984,0.06911932,0.19834007,0.07558285,0.123166524,0.0007908538,0.0007908538
26,0.08514125,0.20280592,0.08075808,0.0915845,-0.08123255,0.018996032,0.080023006,0.124042064,0.08030607,0.10184199,-0.088565126,0.002846872,0.07886738,0.099359915,0.07916628,0.111866,-0.09397901,-0.0021911298,0.07680535,0.099343866,0.07396953,0.11943977,-0.09701315,0.018004647,0.0719565,0.12327579,0.07023342,0.12368033,-0.09745691,0.07229778,0.068997994,0.19789588,0.07544269,0.12444939,0.0007908538,0.0007908538
27,0.085572734,0.20294952,0.08107572,0.09140269,-0.08006467,0.02088329,0.080370925,0.12432606,0.0806159,0.10153269,-0.08742001,0.0042814855,0.07918301,0.09966114,0.07947018,0.111480735,-0.09283876,-0.0010504632,0.07710147,0.09965753,0.0742651,0.11899599,-0.095857315,0.0188885,0.0722584,0.12362988,0.07056011,0.123165175,-0.09625299,0.07294565,0.069348045,0.19829854,0.075893715,0.12381825,0.0007908538,0.0007908538
28,0.085385986,0.20298904,0.08094494,0.09169228,-0.08180961,0.01921534,0.08019743,0.1242125,0.08046599,0.10198398,-0.08913195,0.0030389992,0.0790158,0.09951413,0.07931476,0.11204599,-0.09454367,-0.002009662,0.076946385,0.09948263,0.07411803,0.11965405,-0.0975813,0.018176096,0.07210627,0.1233981,0.07040407,0.12392702,-0.09804206,0.07244767,0.069180556,0.1979839,0.07568346,0.12474499,0.0007908538,0.0007908538
29,0.08503002,0.20282106,0.08068158,0.09132066,-0.07992683,0.019935608,0.079957955,0.12400737,0.08024803,0.10147763,-0.08729181,0.0035176147,0.078803465,0.09931162,0.0790902,0.11142522,-0.09271642,-0.0016851797,0.07671326,0.099324614,0.07384845,0.11893577,-0.09574155,0.01839893,0.0718219,0.12334107,0.07004997,0.12310628,-0.096140206,0.07264766,0.06880678,0.1981381,0.07516526,0.12375785,0.0007908538,0.0007908538
30,0.08557125,0.20311092,0.08108601,0.09136146,-0.07998848,0.020155223,0.08035944,0.124348,0.08060743,0.10149378,-0.08735108,0.003778106,0.07915808,0.09965588,0.07943822,0.11144509,-0.09277342,-0.001373562,0.07705732,0.099660575,0.07420514,0.11896294,-0.09579228,0.018745052,0.07218101,0.12366548,0.07045409,0.123131685,-0.09618396,0.07299256,0.06922687,0.19841988,0.075717196,0.123778515,0.0007908538,0.0007908538
31,0.08470741,0.20283599,0.08045441,0.091402166,-0.08069035,0.01899647,0.079703294,0.123849235,0.080028586,0.101653144,-0.08804841,0.0028006753,0.078567676,0.0991122,0.07886103,0.11165997,-0.09347538,-0.0022422348,0.07647641,0.099117145,0.07360036,0.11921683,-0.09651434,0.01799871,0.07156154,0.12313717,0.069749765,0.123439535,-0.09694585,0.072422184,0.06849261,0.19798175,0.07474243,0.12416865,0.0007908538,0.0007908538
32,0.08607312,0.20357601,0.0814773,0.091507964,-0.08075042,0.019204503,0.08072391,0.12472805,0.080945335,0.10168129,-0.08810238,0.0031854745,0.07948168,0.10000702,0.07976206,0.11168755,-0.093523495,-0.0016858701,0.077376105,0.09999233,0.074536555,0.1192557,-0.09654619,0.018685656,0.07250686,0.123978674,0.070815176,0.12346701,-0.09695772,0.07314797,0.06959504,0.19870886,0.07618996,0.12417372,0.0007908538,0.0007908538
33,0.084735684,0.20317598,0.08050619,0.09133266,-0.080019556,0.01903014,0.07975749,0.124037385,0.08010135,0.10150969,-0.08739009,0.0028281098,0.07863881,0.099251434,0.07893353,0.11147455,-0.092818156,-0.0021908868,0.07654337,0.0992674,0.07364857,0.11900298,-0.0958449,0.018120768,0.07160037,0.123362824,0.06975273,0.12319133,-0.09624005,0.07269587,0.06849327,0.19840206,0.07470013,0.12385794,0.0007908538,0.0007908538
34,0.08535681,0.20378052,0.08099762,0.09149549,-0.079914466,0.019472139,0.080253966,0.12459684,0.080571964,0.10159882,-0.087268844,0.0032148086,0.07911261,0.09977178,0.07940923,0.111545675,-0.09267732,-0.0018183306,0.07702095,0.09977488,0.074134566,0.119071506,-0.095672466,0.018512458,0.072093494,0.12389594,0.0702813,0.123248264,-0.09602066,0.07314978,0.06904405,0.19900517,0.07539266,0.123897605,0.0007908538,0.0007908538
35,0.08445156,0.20355763,0.08034775,0.091530636,-0.08029936,0.021074476,0.07961831,0.12422137,0.08003574,0.10172797,-0.08765209,0.004210192,0.078574255,0.09931902,0.07889643,0.11171399,-0.09306,-0.0012633043,0.07650151,0.09930866,0.07359044,0.11926647,-0.09606141,0.018715983,0.07155625,0.12348002,0.069654964,0.12348267,-0.09642096,0.07315287,0.068430364,0.19876315,0.07455824,0.12419053,0.0007908538,0.0007908538
36,0.08517322,0.20416538,0.08090467,0.091867365,-0.08170373,0.019588355,0.080136396,0.1247382,0.080512956,0.10213829,-0.089023195,0.003238054,0.07903694,0.09980455,0.079362325,0.11221296,-0.09441691,-0.001853471,0.0769691,0.09975933,0.07408485,0.1198466,-0.09741541,0.018464064,0.07205095,0.12387452,0.07021569,0.124138236,-0.097801164,0.07317426,0.06900174,0.19905512,0.07530487,0.1249636,0.0007908538,0.0007908538
37,0.08462479,0.20402025,0.08050773,0.091476366,-0.07978273,0.0195521,0.07975504,0.12445309,0.08017386,0.10161715,-0.08714675,0.0031395731,0.07870199,0.09950488,0.07901717,0.11157557,-0.09255516,-0.0019782493,0.07661594,0.09951111,0.07368457,0.11910998,-0.09554407,0.018370273,0.07162723,0.123748645,0.06969291,0.12329936,-0.095870584,0.0732115,0.0684444,0.1992081,0.07453311,0.12395616,0.0007908538,0.0007908538
38,0.08525319,0.20444098,0.08098328,0.09118173,-0.07800386,0.019222617,0.080234304,0.12485548,0.08059656,0.10113792,-0.08540461,0.0030252973,0.079122745,0.09991972,0.079411454,0.110984705,-0.09082183,-0.0018906224,0.07700106,0.09996319,0.07405478,0.118431725,-0.09378882,0.018664153,0.071978785,0.124277785,0.070052855,0.12251222,-0.094045244,0.07370422,0.06879251,0.19987272,0.07496202,0.12298927,0.0007908538,0.0007908538
39,0.08491293,0.2043856,0.0807381,0.09136444,-0.07935185,0.018851886,0.07996071,0.12467133,0.08035985,0.101467736,-0.08673399,0.0026983416,0.07886685,0.09969319,0.07916729,0.11141167,-0.09215031,-0.002195976,0.07674798,0.09971305,0.07379938,0.118935734,-0.095135875,0.018383024,0.07171946,0.12400109,0.06976751,0.12310304,-0.09544446,0.07345994,0.06850516,0.1995764,0.07458689,0.12371442,0.0007908538,0.0007908538
40,0.0849479,0.20444834,0.08076834,0.091592684,-0.08089837,0.01986892,0.079978235,0.124737136,0.080387846,0.10184761,-0.088259436,0.0034459736,0.07887819,0.09972225,0.07919318,0.11190499,-0.09367418,-0.0016398429,0.07676442,0.09969896,0.07383282,0.11952049,-0.0966773,0.018748716,0.07176672,0.12393454,0.06983837,0.12378259,-0.09704131,0.07362972,0.06861053,0.19941396,0.07473645,0.1245398,0.0007908538,0.0007908538
41,0.08503715,0.2045308,0.0808381,0.09099982,-0.077870905,0.020832913,0.080079466,0.12480503,0.08046888,0.1009978,-0.08529841,0.00421071,0.078961916,0.0998045,0.07924523,0.11086752,-0.090733424,-0.0009600924,0.0767979,0.09985047,0.07381918,0.11832802,-0.0937132,0.01939819,0.07172663,0.12424181,0.0697356,0.12241503,-0.093977906,0.07432196,0.068486825,0.20002334,0.07452952,0.122886114,0.0007908538,0.0007908538
42,0.08514818,0.20491639,0.080939434,0.091944024,-0.08252868,0.016706249,0.08005592,0.124831334,0.080452524,0.10233953,-0.08985181,0.0012099044,0.078887634,0.09974876,0.07918598,0.112511404,-0.095242076,-0.0031789225,0.07672785,0.09971536,0.07377588,0.12022433,-0.0982296,0.017858945,0.07166205,0.12394637,0.06970024,0.12458856,-0.098602474,0.07335612,0.068420745,0.19946793,0.074474,0.1255091,0.0007908538,0.0007908538
43,0.085068524,0.20482957,0.08087902,0.09095786,-0.07728465,0.021519879,0.08007134,0.12480657,0.08044901,0.10088464,-0.084712476,0.004728611,0.07888016,0.09973328,0.0791227,0.11071444,-0.09013061,-0.00051174994,0.07661303,0.09981651,0.073566586,0.118150026,-0.0930731,0.019856451,0.071418814,0.12434602,0.06932463,0.12221139,-0.09327014,0.074914396,0.0680331,0.20043665,0.07389427,0.12264414,0.0007908538,0.0007908538
44,0.085295886,0.20529178,0.08106895,0.09236543,-0.08471652,0.018582601,0.08011141,0.12494398,0.08050629,0.10294685,-0.091996334,0.002605149,0.078856915,0.09974278,0.079141565,0.11327462,-0.09736298,-0.0020916634,0.07661494,0.09966875,0.07363591,0.12112249,-0.10034204,0.018694492,0.07149671,0.123915985,0.069494285,0.12562953,-0.10074294,0.074019894,0.06823,0.19950521,0.07421688,0.12677383,0.0007908538,0.0007908538
45,0.08578367,0.20564137,0.08143935,0.09103667,-0.07815941,0.02028789,0.08053451,0.12524758,0.08085631,0.10102587,-0.08558741,0.0040023425,0.07920064,0.10008262,0.07940412,0.11093959,-0.09100674,-0.0007895752,0.07682471,0.100168794,0.07374008,0.11845112,-0.09394641,0.020029284,0.07152813,0.12476758,0.06939872,0.122573316,-0.094150156,0.075535335,0.068073414,0.20103091,0.07391547,0.123085275,0.0007908538,0.0007908538
46,0.085616544,0.20584838,0.08133252,0.09116771,-0.079180114,0.018369107,0.08035608,0.12512684,0.08069245,0.10127097,-0.08659681,0.002594501,0.07898795,0.099898815,0.07917869,0.11126665,-0.09201318,-0.0018103566,0.07656766,0.099986516,0.07345246,0.11884534,-0.0949585,0.019391833,0.071199276,0.12460947,0.069006026,0.12303926,-0.095186226,0.075290404,0.0676372,0.20096758,0.07332564,0.12365816,0.0007908538,0.0007908538
47,0.08535096,0.20585363,0.08114406,0.09180971,-0.08257295,0.019119956,0.0801122,0.12498955,0.080489255,0.10223667,-0.0899213,0.0030800563,0.0787407,0.09967671,0.078955516,0.11246461,-0.09531058,-0.0015392776,0.07632494,0.0996876,0.07322704,0.1202335,-0.09826817,0.019447042,0.07098808,0.124206305,0.06880062,0.124639325,-0.09858027,0.07514032,0.067465805,0.2003902,0.07312508,0.1255972,0.0007908538,0.0007908538
48,0.0859122,0.20612368,0.08156221,0.0915052,-0.08082655,0.02144011,0.080561064,0.12536591,0.08088767,0.10174807,-0.08820952,0.0048730504,0.07913595,0.10006002,0.079327,0.11186332,-0.093606494,-7.745504e-05,0.076676086,0.100099385,0.07356197,0.11954396,-0.096542455,0.020635206,0.07131992,0.12470808,0.06913996,0.12384197,-0.096787974,0.07610412,0.067826696,0.2010393,0.07357339,0.12462502,0.0007908538,0.0007908538
49,0.08569246,0.20632605,0.08141735,0.09172682,-0.082175784,0.017956786,0.08033926,0.12521662,0.080688946,0.102122605,-0.089536935,0.0023097522,0.07890234,0.09985703,0.07909173,0.11234013,-0.09492567,-0.0019705389,0.076430365,0.09988794,0.07330165,0.120101295,-0.09786768,0.019364089,0.07102418,0.12447663,0.06879963,0.124487355,-0.09814598,0.07541442,0.06743521,0.20082328,0.0730517,0.12540682,0.0007908538,0.0007908538
50,0.08632331,0.20663153,0.08188735,0.09111738,-0.078810446,0.020198097,0.080857985,0.12563406,0.081143685,0.10117577,-0.08623845,0.004059267,0.07936446,0.10030223,0.07951574,0.11116998,-0.091647215,-0.00051376043,0.07683507,0.10039963,0.07367258,0.1187526,-0.09456134,0.020603998,0.07138244,0.12514526,0.069145426,0.12293088,-0.09473241,0.07650629,0.06778715,0.20176266,0.073471025,0.12351528,0.0007908538,0.0007908538
51,0.08681225,0.20705217,0.082264304,0.09186072,-0.082620285,0.019600097,0.081174865,0.12599276,0.08144861,0.10225317,-0.089974925,0.0036972386,0.079636104,0.100596994,0.079815306,0.11251323,-0.09535582,-0.0007093885,0.077130765,0.10059603,0.07402273,0.12031588,-0.09828125,0.020510767,0.071753524,0.12517788,0.06961,0.124722965,-0.098543614,0.07641887,0.06829865,0.20148744,0.074171156,0.12566869,0.0007908538,0.0007908538
52,0.08482422,0.20644116,0.08081983,0.09128572,-0.08099222,0.019419402,0.079738624,0.12494469,0.08018795,0.10169341,-0.08841515,0.0032643247,0.07836773,0.09945841,0.07855638,0.11188958,-0.09383559,-0.0013122155,0.075849995,0.0995223,0.07264319,0.11962244,-0.096788555,0.019879056,0.07032983,0.12430586,0.06792887,0.12397046,-0.09704154,0.07599604,0.06655281,0.20114744,0.071801744,0.124799855,0.0007908538,0.0007908538
53,0.086846225,0.207628,0.08234036,0.090912156,-0.078499675,0.020525042,0.081286885,0.12630254,0.08157791,0.10099175,-0.08597205,0.0044394424,0.079759814,0.100839786,0.07990878,0.1110268,-0.09140382,2.348423e-05,0.07718767,0.100930534,0.073995896,0.1186406,-0.09431966,0.021374285,0.071676046,0.125805,0.06939498,0.12281807,-0.094471715,0.07759409,0.06805787,0.20276825,0.07373319,0.12336532,0.0007908538,0.0007908538
54,0.084982514,0.20706452,0.0809817,0.09142069,-0.082593426,0.018947313,0.079840206,0.12523797,0.080311686,0.10203545,-0.090020284,0.002983849,0.078437075,0.09963112,0.07863176,0.11239405,-0.095450975,-0.0013874071,0.07588528,0.09965922,0.07266372,0.12025599,-0.098420694,0.020037435,0.07032323,0.124471046,0.06788609,0.12472165,-0.098715305,0.07642005,0.06651855,0.20144758,0.07171108,0.12570938,0.0007908538,0.0007908538
55,0.08614381,0.20777737,0.08185526,0.09114974,-0.08128732,0.019588165,0.080711864,0.12599367,0.08108831,0.10159294,-0.08875046,0.0036785274,0.07919522,0.10038896,0.079358496,0.11187503,-0.09419645,-0.00057758286,0.0765849,0.10043866,0.07335984,0.11968228,-0.097155094,0.020968195,0.07099955,0.12532303,0.06861159,0.124062136,-0.09740589,0.07744334,0.067255884,0.20241353,0.07265029,0.12490039,0.0007908538,0.0007908538
56,0.085738935,0.20773566,0.08156707,0.09113994,-0.08146974,0.019216029,0.08040526,0.12578449,0.08081991,0.10162881,-0.0889355,0.0033416734,0.07891133,0.10014097,0.07907506,0.11193255,-0.09438375,-0.00088476867,0.07628842,0.10019758,0.073038965,0.1197559,-0.0973465,0.020720363,0.0706616,0.12511995,0.068212055,0.12415694,-0.09760277,0.077308185,0.06683623,0.20232521,0.07208175,0.12502389,0.0007908538,0.0007908538
57,0.08620415,0.2080737,0.08192095,0.09108642,-0.08111896,0.019019045,0.080750756,0.12609814,0.081129946,0.10152075,-0.088593125,0.0032849074,0.07921248,0.10044788,0.07936498,0.11180435,-0.09404312,-0.00081044197,0.07656902,0.10051009,0.07331867,0.119614705,-0.0969983,0.02092192,0.07093119,0.1254565,0.068500414,0.12399148,-0.09723631,0.077622734,0.06712458,0.20270608,0.07244761,0.12481587,0.0007908538,0.0007908538
58,0.0866771,0.20845607,0.082285255,0.090918,-0.08069044,0.019585716,0.0811129,0.12646395,0.081462294,0.101313934,-0.0881912,0.003808878,0.07953073,0.10079266,0.07967482,0.111589,-0.09365869,-0.00027034566,0.07686126,0.10085665,0.07360863,0.119392745,-0.09662159,0.021489201,0.07121325,0.12584294,0.06879744,0.12374512,-0.09685744,0.07821278,0.06743882,0.20317267,0.072838254,0.12451583,0.0007908538,0.0007908538
59,0.08379904,0.20737971,0.08017693,0.09097499,-0.082956724,0.019694524,0.07897319,0.12486921,0.079589404,0.10182693,-0.0904613,0.0034314771,0.07762713,0.09904518,0.07782629,0.112322845,-0.09595128,-0.0010461677,0.07499298,0.099085994,0.07167026,0.120279506,-0.09897516,0.020429993,0.06925969,0.12411686,0.066580854,0.12482634,-0.09932149,0.07709528,0.065191686,0.20170538,0.06985827,0.12588109,0.0007908538,0.0007908538
60,0.08813719,0.21008177,0.08345155,0.09079465,-0.08211318,0.0198178,0.08223298,0.12784287,0.08253983,0.101367295,-0.089669295,0.004323686,0.08055103,0.10201709,0.080712564,0.11183903,-0.0951943,0.0006042132,0.07785023,0.10201132,0.07462643,0.119801916,-0.09821375,0.02272618,0.07221525,0.12703362,0.069876514,0.124259435,-0.09853293,0.07976421,0.068598114,0.20451868,0.074278355,0.12512776,0.0007908538,0.0007908538
61,0.08383572,0.20861872,0.08031553,0.09007864,-0.08192495,0.01907947,0.07907054,0.12549588,0.07976127,0.10096696,-0.08957654,0.003129385,0.07773379,0.09947244,0.077938765,0.11151978,-0.09518744,-0.00094589574,0.075028986,0.099538684,0.07163691,0.119517684,-0.09831476,0.02105011,0.06914914,0.12483254,0.06632029,0.124051034,-0.09874535,0.07837329,0.06492764,0.20311968,0.069349386,0.12498195,0.0007908538,0.0007908538
62,0.08719166,0.21064812,0.082840964,0.09042262,-0.08274386,0.01947528,0.0815769,0.12777312,0.082032785,0.10120412,-0.09037515,0.0039859265,0.07998783,0.10173736,0.08017873,0.11181572,-0.09597019,0.00036067338,0.07726033,0.101725616,0.07397042,0.11988394,-0.09906467,0.022708915,0.07150738,0.12692763,0.068982966,0.12443071,-0.09946952,0.08016994,0.0676963,0.2049639,0.07297615,0.12537083,0.0007908538,0.0007908538
63,0.085288666,0.21011156,0.08146451,0.08994889,-0.081275664,0.018843072,0.080201335,0.12677561,0.080826074,0.100721695,-0.088961236,0.0032312581,0.07877324,0.10065071,0.078971036,0.11126204,-0.09458826,-0.00047954632,0.07603296,0.1007046,0.07264477,0.119261414,-0.09770588,0.021912085,0.070135005,0.1261023,0.067358196,0.123753615,-0.09810105,0.0796485,0.065999925,0.20465717,0.07067342,0.124588296,0.0007908538,0.0007908538
64,0.08522692,0.21037465,0.08144398,0.090160504,-0.0821696,0.017893832,0.08015434,0.12685402,0.08080523,0.1010192,-0.08983513,0.0025242516,0.0787399,0.1006726,0.078949094,0.111625694,-0.09545007,-0.0010021824,0.076007694,0.10070546,0.07261824,0.11968127,-0.09856159,0.021576975,0.07010137,0.12609912,0.06730892,0.12423367,-0.09896317,0.07952186,0.06594717,0.20469639,0.070586726,0.12516104,0.0007908538,0.0007908538
65,0.086565614,0.21115829,0.082455456,0.090534315,-0.08303996,0.021360196,0.0811921,0.12786713,0.0817662,0.101353884,-0.09066977,0.00525146,0.079700634,0.1016537,0.079922676,0.111999154,-0.09626128,0.0012130635,0.07698071,0.10162325,0.073648475,0.12010414,-0.0993491,0.02330188,0.0711856,0.12696522,0.06854303,0.124692224,-0.0997384,0.08075457,0.06729232,0.2054208,0.07235269,0.12567881,0.0007908538,0.0007908538
66,0.084013276,0.21036766,0.08060278,0.09039721,-0.08283107,0.0207344,0.079324186,0.12649351,0.08012882,0.10134157,-0.09047332,0.0043443544,0.07805136,0.10015232,0.078298554,0.111990154,-0.096070506,6.0882914e-05,0.07534426,0.10016462,0.0719095,0.12008683,-0.09917075,0.022056572,0.069411054,0.12566702,0.06647691,0.12470354,-0.09956169,0.079708174,0.065151565,0.20460379,0.06947754,0.12572828,0.0007908538,0.0007908538
67,0.08604628,0.21172008,0.08214251,0.09083006,-0.08335919,0.020192875,0.08084234,0.1278974,0.08150812,0.1016614,-0.09095788,0.004262926,0.079424016,0.10153451,0.07966208,0.11231734,-0.09651622,0.00037298218,0.0767124,0.10150116,0.07333576,0.120441616,-0.0995654,0.022700762,0.0708519,0.12695137,0.06809546,0.12506105,-0.099903464,0.080578424,0.06682081,0.20575878,0.07165658,0.12609941,0.0007908538,0.0007908538
68,0.08538802,0.21169592,0.08167903,0.090821765,-0.08328908,0.01915428,0.08035858,0.12759091,0.081090264,0.101687476,-0.09088885,0.003396625,0.07899512,0.101169266,0.079236776,0.11234698,-0.09644303,-0.00035873408,0.076279506,0.10115164,0.07286486,0.12047185,-0.09948577,0.022143165,0.07035759,0.12666847,0.067502886,0.12510027,-0.09980936,0.08028226,0.06619341,0.2056775,0.07079734,0.1261504,0.0007908538,0.0007908538
69,0.08436259,0.2115193,0.0809469,0.09031538,-0.08137488,0.01792558,0.07962166,0.12706617,0.0804391,0.10105143,-0.089030474,0.0023542333,0.078337125,0.10060118,0.078565866,0.11158954,-0.094617896,-0.001239945,0.0755901,0.100660406,0.072095,0.11961467,-0.09767885,0.021506947,0.069535844,0.12636079,0.06650092,0.12414468,-0.09798184,0.080037035,0.06511825,0.205814,0.0693156,0.1250212,0.0007908538,0.0007908538
70,0.08609115,0.21259275,0.08224991,0.090443574,-0.08150469,0.018445628,0.08092157,0.12826549,0.08161964,0.10109465,-0.08915516,0.0030256994,0.07951149,0.10179156,0.07973246,0.111643046,-0.09473599,-0.0003956248,0.076753095,0.1018166,0.0733072,0.11968849,-0.09777799,0.022482611,0.070762426,0.12748924,0.067879245,0.12420736,-0.09805906,0.08105549,0.066553816,0.2068549,0.07118863,0.1250595,0.0007908538,0.0007908538
71,0.085330196,0.2123781,0.08170222,0.0903108,-0.08129573,0.019448264,0.08038342,0.12791367,0.08115713,0.100993015,-0.08896348,0.0036294437,0.079044856,0.101390615,0.079277,0.111541145,-0.09455793,-8.5888605e-05,0.07628824,0.10142654,0.07281046,0.119583145,-0.09761463,0.022574304,0.0702627,0.12716767,0.06728964,0.12410513,-0.09790562,0.08104678,0.06596335,0.20671761,0.07038341,0.12495156,0.0007908538,0.0007908538
72,0.08421862,0.21202305,0.08089411,0.09092391,-0.08522188,0.020325784,0.079524815,0.12733407,0.080423415,0.1020962,-0.09283369,0.004067343,0.07827097,0.10069269,0.07855413,0.112957604,-0.09841236,-1.4617224e-05,0.07555227,0.10063528,0.07208668,0.121242546,-0.10149663,0.02230677,0.06956384,0.12625809,0.06654318,0.12603794,-0.10189059,0.08049537,0.06525841,0.20564705,0.06948099,0.12730807,0.0007908538,0.0007908538
73,0.08498755,0.21254487,0.0814773,0.09008439,-0.08165419,0.021550266,0.080142714,0.12788048,0.08096924,0.1008956,-0.08936202,0.005141594,0.07881303,0.10125742,0.07905034,0.11152754,-0.09499142,0.001043382,0.076016456,0.101284474,0.07250518,0.1196287,-0.09808354,0.023413997,0.06994613,0.12711065,0.066894494,0.12419831,-0.098415814,0.081703626,0.065599374,0.20688209,0.06986134,0.1250872,0.0007908538,0.0007908538
74,0.08455843,0.2126245,0.08117874,0.09041252,-0.08365138,0.018914483,0.07977206,0.12763885,0.08064633,0.101457246,-0.09132841,0.0031409408,0.07845556,0.10094993,0.07870453,0.11224554,-0.09694715,-0.0004995689,0.07565867,0.10094783,0.07213979,0.1204712,-0.1000486,0.022300282,0.06955379,0.12672772,0.066456,0.12517932,-0.10042628,0.08099562,0.06512385,0.2064717,0.06923508,0.1262815,0.0007908538,0.0007908538
75,0.086328045,0.2135726,0.082500264,0.0903716,-0.08263587,0.020789988,0.08111559,0.12881061,0.081853285,0.10118936,-0.09032036,0.004810182,0.07966188,0.10213812,0.07988891,0.11188878,-0.09593493,0.0010791117,0.07683424,0.10212834,0.07335153,0.12005791,-0.09901011,0.023778835,0.070783556,0.12792705,0.06782836,0.12467685,-0.09933762,0.08231884,0.066559754,0.20764449,0.0711065,0.12563802,0.0007908538,0.0007908538
76,0.08553478,0.21359402,0.08194368,0.09061934,-0.08417927,0.01793573,0.08049686,0.12842135,0.08132051,0.10165461,-0.09184142,0.0025969858,0.0791034,0.10166387,0.07934817,0.11248349,-0.097446404,-0.0006646376,0.07628729,0.10163655,0.072780944,0.12075231,-0.10052705,0.02249766,0.070182785,0.12742944,0.067135885,0.12548697,-0.10088436,0.081524014,0.06582116,0.2072319,0.07011261,0.12662432,0.0007908538,0.0007908538
77,0.084681,0.21336074,0.08132837,0.08977827,-0.080512226,0.018696556,0.07991826,0.12797743,0.0808008,0.1005126,-0.08826345,0.003043286,0.07858777,0.10120515,0.07880082,0.11109603,-0.09391272,-0.0004051295,0.075715825,0.10129001,0.07211164,0.11916233,-0.0970032,0.02269908,0.06946721,0.12734164,0.06623202,0.12368314,-0.09729804,0.08186109,0.06485919,0.20770122,0.068768576,0.124466226,0.0007908538,0.0007908538
78,0.08686682,0.2146964,0.08297266,0.090259686,-0.08215612,0.02018546,0.081542075,0.12947866,0.08227875,0.10105871,-0.08986603,0.004503366,0.08004041,0.102665246,0.08025294,0.111771844,-0.095481634,0.0011085733,0.07715571,0.10266575,0.07362752,0.1199532,-0.0985314,0.024212155,0.071015574,0.12862179,0.06799184,0.124556646,-0.09880405,0.08325119,0.06672042,0.20875157,0.07120903,0.12547025,0.0007908538,0.0007908538
79,0.085234255,0.21454068,0.08181555,0.0911679,-0.08663298,0.018414326,0.08029265,0.12871288,0.081217796,0.10253549,-0.09425349,0.002910617,0.07893032,0.10170554,0.07920172,0.11360268,-0.0998165,-0.00038633862,0.076093934,0.10161318,0.07254692,0.12206189,-0.10285151,0.022858024,0.069929905,0.12748703,0.06677032,0.12698855,-0.10317561,0.08215373,0.06548926,0.20762262,0.06957057,0.12841316,0.0007908538,0.0007908538
80,0.08367521,0.21416132,0.08070303,0.08991743,-0.08024934,0.022429634,0.07928157,0.12802434,0.08033115,0.100722976,-0.087991305,0.0055835047,0.07806343,0.10095756,0.07828864,0.11133704,-0.093594536,0.0013578195,0.07514296,0.10104991,0.07142131,0.119429044,-0.09660347,0.02398683,0.06875229,0.12740925,0.06525929,0.123977385,-0.09676686,0.083144255,0.06391508,0.20859858,0.06735465,0.124794796,0.0007908538,0.0007908538
81,0.08670032,0.21640642,0.082998484,0.09096023,-0.08254204,0.01824555,0.08145555,0.13002485,0.0822929,0.1017712,-0.09017501,0.0029278614,0.07997654,0.10287931,0.080179915,0.112512134,-0.09568274,-0.000100926496,0.07702831,0.10288141,0.07338748,0.120733455,-0.098583706,0.023591459,0.07070257,0.12910493,0.06745703,0.12538424,-0.09865502,0.083588555,0.06612661,0.21003138,0.07025078,0.1263926,0.0007908538,0.0007908538
82,0.083346605,0.21514703,0.080551796,0.09040433,-0.080833,0.018339304,0.0790049,0.12809466,0.080117695,0.101228625,-0.088518485,0.002438712,0.07778213,0.100831926,0.07798706,0.11186632,-0.09405767,-0.0010513233,0.07480146,0.1009458,0.07099234,0.11999316,-0.09698812,0.022410916,0.06824261,0.12745787,0.06457254,0.12459173,-0.097052746,0.082573876,0.0631269,0.20911866,0.06621549,0.12550195,0.0007908538,0.0007908538
83,0.08657464,0.21705282,0.08296892,0.09130361,-0.08357732,0.019430602,0.08138734,0.13027486,0.08228333,0.102210894,-0.091178656,0.0037248484,0.0799247,0.10297045,0.08014044,0.11303592,-0.0966554,0.0004376561,0.07695668,0.10294345,0.07328477,0.121334165,-0.09952101,0.02398882,0.070592746,0.12924984,0.06727579,0.12606677,-0.09955629,0.08402159,0.06596847,0.21044238,0.06997916,0.12720041,0.0007908538,0.0007908538
84,0.08429033,0.21626048,0.08130943,0.09137026,-0.08429182,0.019718457,0.079712674,0.12902479,0.08081697,0.10248954,-0.09188385,0.0035437304,0.07844247,0.10160374,0.07868682,0.113385394,-0.09735348,-0.0001275808,0.07549157,0.101591684,0.071739435,0.121730365,-0.10022414,0.023170264,0.0690312,0.12799554,0.0654726,0.12654853,-0.100269094,0.08319834,0.06412415,0.20950863,0.06751323,0.12781386,0.0007908538,0.0007908538
85,0.0845661,0.21663105,0.081535794,0.09070289,-0.08058403,0.020739455,0.07997697,0.1292975,0.081050746,0.10140617,-0.088242605,0.0043472787,0.07868263,0.101876006,0.07888309,0.11202203,-0.093736276,0.00057884434,0.07566792,0.10196328,0.07184845,0.12014917,-0.09659129,0.023877606,0.06910643,0.12860364,0.065462515,0.12472518,-0.09654846,0.08404375,0.064084984,0.21059145,0.067384884,0.12560266,0.0007908538,0.0007908538
86,0.08445361,0.21678029,0.081469946,0.09146525,-0.08355276,0.020687032,0.079863876,0.1293044,0.08097314,0.10245835,-0.09113012,0.004253971,0.07857865,0.101803735,0.078807496,0.11328364,-0.096568815,0.00042950094,0.075589925,0.10181316,0.07179655,0.121583775,-0.09938765,0.023665313,0.069072604,0.1283428,0.06545361,0.12635583,-0.09934922,0.083780125,0.06410337,0.21015438,0.06742831,0.12755802,0.0007908538,0.0007908538
87,0.08499128,0.21720485,0.081880115,0.09133528,-0.08252388,0.020110268,0.08026796,0.12966724,0.08133165,0.10217925,-0.090113424,0.0039188648,0.078932054,0.10216497,0.0791396,0.112922,-0.09555103,0.00030795962,0.07591226,0.10220169,0.07210554,0.121162,-0.09835293,0.02376541,0.06936044,0.12879673,0.06574527,0.12586065,-0.09827451,0.08410398,0.0643775,0.21073996,0.06776238,0.12694752,0.0007908538,0.0007908538
88,0.085360765,0.21749273,0.08216303,0.09191901,-0.085010394,0.020332923,0.08051972,0.12995887,0.081576735,0.102989405,-0.09254267,0.0041203,0.079160005,0.10241073,0.07939317,0.113913245,-0.097947344,0.0004796553,0.0761675,0.102369934,0.07240736,0.12230326,-0.100733206,0.023874989,0.06968833,0.12884104,0.066154145,0.1271604,-0.10067748,0.084103286,0.06483207,0.21054874,0.06838447,0.12850301,0.0007908538,0.0007908538
89,0.084609054,0.21720615,0.08161465,0.0909896,-0.08124466,0.02081866,0.08000878,0.12951168,0.081105076,0.10173308,-0.088870645,0.0043890225,0.07869281,0.101975776,0.07888471,0.11239561,-0.09432751,0.0006331619,0.07563299,0.10206028,0.07177365,0.12057083,-0.097135454,0.024027336,0.06900183,0.12879221,0.06528605,0.12519926,-0.09703734,0.08442016,0.063896805,0.21104087,0.06708478,0.12616386,0.0007908538,0.0007908538
90,0.08526339,0.2177211,0.08211111,0.091535114,-0.08342778,0.019506145,0.08044856,0.12993371,0.08150734,0.10246996,-0.090999834,0.0035330227,0.07906638,0.10235438,0.07926736,0.113294855,-0.09642035,0.00012900983,0.07600992,0.10237578,0.07218831,0.12160446,-0.09920147,0.023809526,0.069417834,0.12900008,0.06578111,0.126369,-0.09910681,0.08439209,0.064408734,0.21104874,0.0677747,0.12755542,0.0007908538,0.0007908538
91,0.08407651,0.21722992,0.081241906,0.09103331,-0.08157167,0.019554121,0.079592444,0.12921837,0.080736585,0.101850525,-0.08919228,0.00339492,0.0782933,0.101621896,0.07847738,0.11254933,-0.09464087,-0.00013717246,0.075202264,0.10172282,0.0712985,0.12075249,-0.09743897,0.0235102,0.0684898,0.12851714,0.064672105,0.12541729,-0.09732865,0.08421448,0.06324095,0.2109486,0.066191554,0.12643653,0.0007908538,0.0007908538
92,0.08604123,0.21820697,0.08269834,0.09150172,-0.08270399,0.021898914,0.081058845,0.13050663,0.08206295,0.10230679,-0.09027805,0.005440888,0.079613,0.10290638,0.079799585,0.11307384,-0.09568712,0.0017260038,0.07652355,0.10293,0.072701454,0.121344976,-0.09843848,0.025137035,0.06994136,0.1296179,0.06634303,0.12605539,-0.09829228,0.08549982,0.065019935,0.21177441,0.06855151,0.12715952,0.0007908538,0.0007908538
93,0.08583481,0.21845162,0.08257056,0.09064345,-0.07995696,0.02126906,0.08091748,0.13043907,0.08192968,0.101231255,-0.087626785,0.0050380635,0.07944538,0.102803394,0.07958842,0.111837715,-0.09309859,0.0015859848,0.076262705,0.10292362,0.07235376,0.11997382,-0.095889084,0.025318919,0.06952433,0.12984681,0.06577906,0.124521814,-0.09573798,0.08608267,0.06440188,0.2125101,0.06766544,0.12533697,0.0007908538,0.0007908538
94,0.083557,0.21782519,0.080922544,0.091165684,-0.084309936,0.017981604,0.07913976,0.1291004,0.080367364,0.102407046,-0.09193826,0.0023058644,0.077803284,0.101297595,0.07798864,0.11340119,-0.09740567,-0.00075331365,0.07462309,0.10136156,0.07066035,0.12183253,-0.10023547,0.02338018,0.06777956,0.12822558,0.063814744,0.12672114,-0.100194134,0.08460325,0.062372774,0.21093301,0.064989984,0.12804705,0.0007908538,0.0007908538
95,0.08595673,0.21928024,0.082722634,0.09061662,-0.082338035,0.021125576,0.080974974,0.13079956,0.08202867,0.10157709,-0.090041675,0.0050751795,0.07944606,0.10298524,0.07960047,0.11246634,-0.09555684,0.0018697676,0.07619671,0.10305237,0.07226662,0.120819956,-0.09840187,0.025867736,0.06939371,0.13002272,0.065589994,0.12556162,-0.098343,0.08689902,0.06424817,0.21288623,0.067403935,0.126623,0.0007908538,0.0007908538
96,0.08527535,0.21946551,0.08226479,0.09103584,-0.0855311,0.020790044,0.08045662,0.13063917,0.08161866,0.10242639,-0.09320978,0.004742683,0.07899128,0.10268229,0.07919198,0.11360879,-0.098725535,0.0015517148,0.07576665,0.10267123,0.07184123,0.12219183,-0.10159649,0.025585916,0.06896846,0.12958632,0.06511266,0.12717426,-0.10161361,0.086693324,0.063801184,0.21244791,0.06679031,0.12858638,0.0007908538,0.0007908538
97,0.08551839,0.21995352,0.08247538,0.090801425,-0.08505936,0.019602934,0.080642916,0.13092552,0.08180052,0.10215207,-0.09277165,0.003942683,0.0791542,0.10292609,0.07934674,0.11332381,-0.098313995,0.001091472,0.0759011,0.10293293,0.07195601,0.1218997,-0.1012051,0.025473068,0.06904941,0.12992518,0.06516222,0.12685786,-0.10123442,0.08693004,0.06383056,0.2129848,0.066783056,0.1282095,0.0007908538,0.0007908538
98,0.08454596,0.2196971,0.081776276,0.09016306,-0.082901835,0.018863892,0.07995007,0.13039269,0.08118098,0.101364546,-0.090682186,0.0032716484,0.078530215,0.10237067,0.078702204,0.11239771,-0.09626951,0.00050110515,0.07523508,0.102464564,0.07120586,0.120857164,-0.09919223,0.025048425,0.06824729,0.12964897,0.06418115,0.12569463,-0.099217914,0.08680226,0.06278058,0.21314777,0.06533848,0.12683512,0.0007908538,0.0007908538
99,0.084679,0.21989357,0.08188998,0.08981113,-0.080961205,0.021071108,0.08010332,0.1305914,0.08132738,0.10079068,-0.08877658,0.0049064206,0.07868168,0.10255339,0.078836314,0.11167581,-0.09437651,0.001739273,0.07535709,0.10269285,0.07129374,0.12002038,-0.09729126,0.025980366,0.06833614,0.13001746,0.064228766,0.12472932,-0.09727208,0.08755595,0.06284529,0.21379443,0.065379195,0.12566414,0.0007908538,0.0007908538
100,0.08596512,0.22095753,0.0828691,0.091232106,-0.08561524,0.018747225,0.080966614,0.13144274,0.08212282,0.10259152,-0.093281195,0.0033458557,0.07942577,0.103299975,0.079606496,0.11379786,-0.09876738,0.00074186357,0.07612845,0.10329379,0.07215026,0.12241293,-0.10158443,0.025429761,0.06921279,0.1303714,0.06527961,0.12740979,-0.101523146,0.087293066,0.063936904,0.21369082,0.0668594,0.12883481,0.0007908538,0.0007908538
101,0.0848838,0.22062506,0.08208745,0.09126236,-0.08553917,0.020465218,0.080167286,0.13081972,0.08141298,0.1026645,-0.09319643,0.004406008,0.07868164,0.10259573,0.07885345,0.11386731,-0.09866642,0.0013028216,0.07534381,0.102618046,0.071294576,0.12247938,-0.10146335,0.02561551,0.068343505,0.12980838,0.064252354,0.12749323,-0.10136972,0.08730266,0.06289571,0.21339598,0.06545931,0.12894966,0.0007908538,0.0007908538
102,0.08566236,0.22108564,0.08266877,0.091120444,-0.084439434,0.022163348,0.08076107,0.13133739,0.08194177,0.102342054,-0.0921108,0.005788541,0.07919858,0.10310772,0.07934688,0.1134521,-0.09758181,0.0024896255,0.075817764,0.10314973,0.07176171,0.12199812,-0.10036371,0.026638748,0.0688112,0.13041475,0.06475148,0.12692876,-0.10023311,0.088194355,0.06342362,0.21412204,0.06613355,0.12825559,0.0007908538,0.0007908538
103,0.08319265,0.2203877,0.080881864,0.090962894,-0.08475202,0.016458035,0.07887345,0.12980331,0.080251075,0.10239487,-0.09243736,0.001245342,0.07746416,0.10147757,0.07760577,0.113561876,-0.09792028,-0.0011774176,0.07404823,0.1015899,0.06986618,0.12213999,-0.100723386,0.023880553,0.06680821,0.12898551,0.0624167,0.12713784,-0.100613125,0.086442955,0.06091829,0.21311146,0.06277527,0.12855491,0.0007908538,0.0007908538
104,0.08641975,0.22240919,0.083302125,0.08992584,-0.08034918,0.020109015,0.08135342,0.13208482,0.082486905,0.10078971,-0.08816147,0.004529864,0.079687744,0.10375702,0.07977007,0.11167141,-0.0937173,0.0020184065,0.076168634,0.103920475,0.07200617,0.12002538,-0.09653792,0.027014093,0.068948455,0.1315415,0.06474149,0.12469776,-0.09637497,0.08947214,0.06335278,0.21604179,0.06588788,0.12556548,0.0007908538,0.0007908538
105,0.084563196,0.22194321,0.08197152,0.09085332,-0.08572391,0.019901372,0.07992398,0.13111824,0.08126089,0.10244641,-0.09344972,0.0040688445,0.07839404,0.10260403,0.07854288,0.11378653,-0.09896319,0.0013181614,0.07491667,0.1026532,0.070745185,0.122497834,-0.101783864,0.026119199,0.0676972,0.13013928,0.06336244,0.12757713,-0.10169781,0.08848435,0.061995834,0.21450429,0.06410996,0.129072,0.0007908538,0.0007908538
106,0.08589439,0.22281466,0.08297372,0.09075286,-0.08517762,0.022379698,0.08093771,0.13209294,0.082184955,0.10220457,-0.09292143,0.006129013,0.07929796,0.10354643,0.07943472,0.113507025,-0.0984459,0.003125551,0.07578348,0.10358365,0.07163371,0.12219874,-0.10126504,0.027695669,0.06860164,0.1311224,0.06436239,0.12722866,-0.101167455,0.08983662,0.06307046,0.21556595,0.06550055,0.12863488,0.0007908538,0.0007908538
107,0.08723342,0.22420235,0.08401588,0.09130225,-0.08683636,0.018499773,0.081881054,0.13310875,0.08305726,0.102855064,-0.09452991,0.0034822312,0.08012937,0.10446448,0.08026918,0.11428432,-0.10001218,0.0014624579,0.07660777,0.104438916,0.072496384,0.12308597,-0.1027864,0.026918925,0.069433525,0.13191119,0.06529104,0.12821136,-0.10265933,0.08979918,0.06398669,0.21629296,0.0666803,0.1297717,0.0007908538,0.0007908538
108,0.08249393,0.2225957,0.08059439,0.09018519,-0.08256326,0.017964454,0.07848548,0.13048063,0.08005297,0.101519704,-0.09036499,0.0023262012,0.077124685,0.1016931,0.07724472,0.11264347,-0.09591091,-0.0001555969,0.07354605,0.10189456,0.06915309,0.12119434,-0.09872987,0.025202733,0.065979,0.12990226,0.061169364,0.12611656,-0.098565504,0.08859095,0.05967507,0.2155777,0.060819652,0.12732589,0.0007908538,0.0007908538
109,0.085380495,0.22465138,0.08278457,0.091248594,-0.08530384,0.021746395,0.08068265,0.13274671,0.08210694,0.10271477,-0.093001716,0.005526294,0.07916497,0.10381823,0.07933341,0.114042655,-0.09845163,0.0026704366,0.07564196,0.10383931,0.07139251,0.122770995,-0.1011601,0.027631827,0.0683197,0.13168333,0.0638503,0.12783921,-0.10090426,0.09056303,0.06257086,0.21705002,0.064627625,0.12930214,0.0007908538,0.0007908538
110,0.0844584,0.22474986,0.08215398,0.09059817,-0.083258614,0.022095142,0.08005126,0.13240768,0.08156853,0.10194194,-0.09103084,0.0056935716,0.07859768,0.103382066,0.078747176,0.11315545,-0.09652727,0.0027752193,0.07501197,0.10348353,0.070661195,0.12178603,-0.099264935,0.027801478,0.06753596,0.13158348,0.06285802,0.12674424,-0.09900104,0.09099276,0.061544616,0.2175537,0.06318452,0.12800355,0.0007908538,0.0007908538
111,0.08486975,0.22560751,0.082502775,0.09196085,-0.08909817,0.017496621,0.08023311,0.13276435,0.08176857,0.10395058,-0.096734926,0.0023763634,0.07871879,0.1035784,0.07891482,0.115636416,-0.10213968,0.00042577862,0.07516407,0.10351464,0.07088211,0.12464365,-0.104814045,0.02627441,0.067742616,0.13134359,0.06315512,0.13000304,-0.10456302,0.09008647,0.061845835,0.21688265,0.06361682,0.13190602,0.0007908538,0.0007908538
112,0.085604966,0.22619696,0.083060436,0.089484856,-0.07927109,0.020309508,0.080879465,0.13323982,0.08229171,0.100394726,-0.08717038,0.0046626683,0.07922641,0.10412382,0.07927416,0.11135625,-0.09274177,0.0025065793,0.07543069,0.10437043,0.07095122,0.11978857,-0.0955096,0.028373044,0.067690775,0.13286018,0.06285802,0.1244843,-0.095208585,0.092454284,0.06146085,0.2196565,0.06293686,0.12528804,0.0007908538,0.0007908538
113,0.085561685,0.22658648,0.08305532,0.09117801,-0.08647194,0.01755563,0.08070934,0.1332315,0.08216969,0.10291353,-0.094191745,0.0026072809,0.07901612,0.10395341,0.07911838,0.114454396,-0.099633515,0.0009487639,0.07525327,0.104010396,0.07084292,0.12334737,-0.10230332,0.027208079,0.06758793,0.13217948,0.06283089,0.12854928,-0.10199198,0.09154248,0.061458293,0.21842991,0.06299714,0.13017605,0.0007908538,0.0007908538
114,0.08394307,0.2258624,0.08187813,0.09034945,-0.08401242,0.021769922,0.07958362,0.1323317,0.08116666,0.10195716,-0.09182069,0.005475194,0.07799449,0.10300657,0.0780683,0.11335488,-0.09731981,0.0028364253,0.074156635,0.10317771,0.06961698,0.12212531,-0.100030094,0.028343774,0.066341504,0.13164197,0.06131868,0.12720318,-0.099716865,0.0922548,0.059941042,0.21850292,0.060914177,0.12860568,0.0007908538,0.0007908538
115,0.08481412,0.22681107,0.082562014,0.09043057,-0.083092764,0.021378053,0.08023641,0.13302591,0.08176209,0.10182828,-0.09088989,0.005308334,0.07856246,0.10363647,0.078607045,0.11312693,-0.09636252,0.0029026943,0.07466956,0.10383375,0.07010323,0.12183522,-0.09902503,0.028680673,0.06679651,0.13241896,0.061768066,0.12683807,-0.09863638,0.09291589,0.060378645,0.219557,0.061437752,0.12813331,0.0007908538,0.0007908538
116,0.08673224,0.22837806,0.08401453,0.09148849,-0.08555361,0.017693715,0.0815702,0.13429585,0.08296813,0.10299672,-0.0932329,0.0028406675,0.07971938,0.104815066,0.07975994,0.114448324,-0.09859659,0.0013896545,0.075811364,0.10491758,0.07130891,0.12329572,-0.10113976,0.028008068,0.06797767,0.1333652,0.06311896,0.12843597,-0.10064578,0.09290875,0.061718695,0.22028129,0.06321665,0.12998787,0.0007908538,0.0007908538
117,0.08516547,0.22788656,0.08288943,0.09183146,-0.08662406,0.018149244,0.08040621,0.13339402,0.081941314,0.10353302,-0.09425908,0.0028861933,0.07865913,0.103812836,0.07870382,0.11506965,-0.09957789,0.001103956,0.07473373,0.10392743,0.0701558,0.123985246,-0.10207629,0.027512189,0.066807136,0.1324459,0.06175398,0.12923098,-0.10153516,0.09240696,0.060319576,0.21957903,0.06133912,0.13096008,0.0007908538,0.0007908538
118,0.08522455,0.22790249,0.08293766,0.09106409,-0.083449,0.022621393,0.08053291,0.13352871,0.082053736,0.102412224,-0.09116449,0.0061946893,0.07877568,0.1039533,0.0787834,0.11370996,-0.09653103,0.0035816203,0.07478446,0.10416198,0.07014202,0.12243795,-0.09905191,0.029318413,0.066798106,0.13292661,0.061664492,0.12747107,-0.09848453,0.0937578,0.06026871,0.22051476,0.061213188,0.12885189,0.0007908538,0.0007908538
119,0.08718019,0.22941294,0.084414996,0.092726275,-0.088277996,0.020423792,0.08189731,0.1348921,0.083315805,0.10444772,-0.09581743,0.004823927,0.079995744,0.10519266,0.08004726,0.11608314,-0.101038516,0.0028327033,0.07606174,0.10520827,0.071549915,0.12509628,-0.10341992,0.029043464,0.06824695,0.13366553,0.06338303,0.13042831,-0.10276115,0.09374416,0.0620629,0.22068958,0.06362559,0.13232838,0.0007908538,0.0007908538
120,0.085938185,0.22945121,0.0835648,0.09251119,-0.08618106,0.019990936,0.08105045,0.13439265,0.08258717,0.10402811,-0.09373274,0.0042662257,0.079265185,0.10459402,0.07929583,0.1154857,-0.098934,0.0022171,0.07529411,0.10470441,0.07066319,0.12436377,-0.1012687,0.028540015,0.067307614,0.13343169,0.062195085,0.12957442,-0.100509636,0.09363224,0.060797542,0.22111432,0.061850253,0.13129242,0.0007908538,0.0007908538
121,0.08355746,0.22929247,0.08191996,0.09192107,-0.08290811,0.019162875,0.07941905,0.13339548,0.0811847,0.10312613,-0.090516694,0.0032189041,0.07786668,0.103449196,0.07787952,0.114310384,-0.095740944,0.0010424763,0.07385557,0.103716195,0.06903692,0.12298408,-0.098076254,0.027514046,0.0656007,0.13287213,0.06007141,0.12801135,-0.09725214,0.09319313,0.058553595,0.22160074,0.058717266,0.1294254,0.0007908538,0.0007908538
122,0.087170914,0.232003,0.08464692,0.093581915,-0.08701033,0.017891826,0.08205277,0.13605107,0.083617695,0.104967065,-0.09444965,0.002758532,0.0802642,0.10594416,0.08032686,0.116426796,-0.099525526,0.0012335398,0.07631591,0.105986245,0.07168172,0.12534699,-0.1017006,0.02820273,0.068303235,0.13485816,0.063198455,0.13060147,-0.100748114,0.094142064,0.061814748,0.22309071,0.06305082,0.13242191,0.0007908538,0.0007908538
123,0.08382006,0.23080714,0.08224481,0.09287887,-0.08324609,0.021289961,0.07972033,0.1342509,0.081559315,0.10396515,-0.09074057,0.00464569,0.07821301,0.10403596,0.07824356,0.11511177,-0.095827766,0.0019740616,0.07420225,0.10426957,0.06933822,0.123788305,-0.09798775,0.028189251,0.0659139,0.1336148,0.06030833,0.12883906,-0.09694311,0.09398867,0.05883658,0.222911,0.05897935,0.13033876,0.0007908538,0.0007908538
124,0.08455607,0.23157248,0.08282116,0.09399655,-0.08609588,0.022433097,0.0802617,0.13491991,0.08209168,0.10532196,-0.09346633,0.00554061,0.078722805,0.10458331,0.07879094,0.11666682,-0.09843866,0.0026703936,0.0747545,0.10469618,0.06995175,0.12551129,-0.10047691,0.02869169,0.066576,0.13390714,0.061089765,0.13074921,-0.09932471,0.09432866,0.059700307,0.22299261,0.06013869,0.13258465,0.0007908538,0.0007908538
125,0.0852248,0.23263349,0.0833587,0.09459463,-0.08738804,0.017745163,0.08065406,0.13535142,0.08243809,0.10603432,-0.09468893,0.002187405,0.07899462,0.10490165,0.07903228,0.11747956,-0.09958236,0.00039734872,0.07495447,0.10499596,0.070124,0.12640823,-0.10152324,0.027438918,0.06666698,0.13421308,0.06114936,0.13173401,-0.10026633,0.094000764,0.059675097,0.22340216,0.06007658,0.133733,0.0007908538,0.0007908538
126,0.085324414,0.23305309,0.08346319,0.09310814,-0.08095322,0.020196453,0.0808081,0.1354922,0.082543164,0.103759356,-0.08840474,0.0040343585,0.07907631,0.10504586,0.0790028,0.11468195,-0.09339098,0.0019031742,0.074854,0.10537781,0.069849566,0.123211384,-0.0953829,0.028822772,0.066308655,0.13512172,0.0605482,0.12809406,-0.094087794,0.095555864,0.059011627,0.22533822,0.05906275,0.1293716,0.0007908538,0.0007908538
127,0.0854637,0.23338303,0.083590224,0.09399902,-0.08360036,0.022494651,0.080896325,0.13571274,0.08265311,0.10490339,-0.09095167,0.0056861476,0.07914457,0.10515463,0.079094134,0.11601914,-0.09584825,0.0030422222,0.07492763,0.10540331,0.06994511,0.12471249,-0.09774808,0.029509302,0.06644098,0.13507237,0.06071699,0.12978446,-0.096376166,0.09589631,0.059248775,0.22517236,0.05939099,0.13138847,0.0007908538,0.0007908538
128,0.083230965,0.23289795,0.08200497,0.0947449,-0.08757451,0.017919319,0.079139635,0.13434508,0.08109754,0.10629052,-0.09484589,0.001972504,0.07749715,0.10362097,0.077463776,0.117771685,-0.09968273,-2.651097e-05,0.07325232,0.10383545,0.06818528,0.12674361,-0.10154033,0.027099825,0.06460077,0.13345888,0.058610827,0.13214883,-0.100161925,0.09418564,0.057027053,0.22361948,0.05643102,0.13427314,0.0007908538,0.0007908538
129,0.08681013,0.23528475,0.084671564,0.093908094,-0.08551268,0.021192472,0.081814714,0.13692045,0.083521664,0.10509017,-0.092899136,0.0050596744,0.079862066,0.10613419,0.07979387,0.116473444,-0.097831,0.003086486,0.07550624,0.10634036,0.07050098,0.12537616,-0.09976164,0.030207548,0.06691361,0.13612434,0.06117755,0.1306091,-0.098444335,0.09717033,0.059743423,0.22657101,0.059956692,0.13240859,0.0007908538,0.0007908538
130,0.08683392,0.2358531,0.08474109,0.09400218,-0.08714808,0.022677632,0.08184695,0.13725501,0.0836046,0.105422415,-0.09454068,0.0061912006,0.07989293,0.106335595,0.07985162,0.11699229,-0.09948839,0.003986842,0.07552326,0.106492184,0.070519686,0.12604243,-0.1014418,0.030927168,0.06693648,0.1363054,0.061183475,0.13141304,-0.10016905,0.097772375,0.059816673,0.22688216,0.06000974,0.13339633,0.0007908538,0.0007908538
131,0.08527038,0.23584814,0.083671026,0.09331613,-0.085225314,0.021508481,0.08075565,0.13659506,0.082662314,0.10462313,-0.09269441,0.005107477,0.07892273,0.105565935,0.078859404,0.11607566,-0.09769857,0.0030318564,0.074488156,0.10583744,0.069344856,0.12503196,-0.0996999,0.03025596,0.06568089,0.13596116,0.059622888,0.13030644,-0.09844506,0.09761227,0.058171157,0.22728483,0.057709757,0.13210127,0.0007908538,0.0007908538
132,0.084703624,0.2361427,0.08331605,0.09339012,-0.08546129,0.022522047,0.08040518,0.13659838,0.082407705,0.10477062,-0.09292639,0.0057612965,0.078658715,0.105450794,0.078619674,0.116262905,-0.097919606,0.0034380038,0.074239425,0.10571281,0.06906666,0.12525095,-0.09990374,0.030507494,0.06540777,0.13593076,0.059263825,0.13056095,-0.098623745,0.09786648,0.05784233,0.22753952,0.057214003,0.13240257,0.0007908538,0.0007908538
133,0.08547064,0.23703483,0.08391772,0.09256367,-0.08197516,0.021364493,0.081008025,0.13723226,0.08294465,0.103472315,-0.08953206,0.0050460338,0.07918714,0.10607125,0.07909515,0.11467923,-0.09458952,0.0031474438,0.07468436,0.10644324,0.069447555,0.12345057,-0.096617915,0.03068577,0.06572371,0.13692288,0.05951406,0.12850271,-0.09534019,0.098549396,0.0580409,0.22908123,0.0573881,0.12991735,0.0007908538,0.0007908538
134,0.084780835,0.23696771,0.0834385,0.09363792,-0.08587658,0.021169787,0.080451034,0.13689008,0.08248076,0.10504729,-0.09331631,0.004746377,0.07868109,0.1056069,0.078634515,0.116575316,-0.09827743,0.0027234748,0.07422164,0.10586742,0.06900897,0.12559925,-0.10021863,0.030142426,0.06531202,0.13617715,0.059092768,0.13094604,-0.09888656,0.09791697,0.057649516,0.22806363,0.05689789,0.13284752,0.0007908538,0.0007908538
135,0.085735746,0.23773448,0.08415568,0.094641104,-0.08875411,0.021688635,0.081093855,0.13754876,0.08307722,0.106301665,-0.09608902,0.005221582,0.07923014,0.1061644,0.07920752,0.11804317,-0.10096034,0.0031502561,0.07478654,0.106306374,0.069640696,0.12724477,-0.10281207,0.030480396,0.06598276,0.13644673,0.059903633,0.13278261,-0.10141425,0.0981089,0.05853196,0.22800998,0.058101602,0.13501427,0.0007908538,0.0007908538
136,0.08469433,0.23744734,0.08341877,0.091984056,-0.07868214,0.025095485,0.080464855,0.13691364,0.08244711,0.102434814,-0.08628945,0.007605384,0.07858922,0.105603255,0.078396305,0.11334095,-0.09136074,0.004888636,0.07387869,0.106162146,0.06843149,0.12190218,-0.0933734,0.03193265,0.06463646,0.13713937,0.058083598,0.12674448,-0.09201987,0.09975628,0.056575026,0.23031566,0.05532155,0.12782854,0.0007908538,0.0007908538
137,0.086959645,0.23959978,0.085132636,0.09581301,-0.09041823,0.01928768,0.08181523,0.13829398,0.08369538,0.10750591,-0.09761336,0.0035821423,0.07965585,0.10665741,0.07953638,0.11933876,-0.10231807,0.0022153659,0.074983835,0.10680987,0.06972912,0.12864304,-0.10395875,0.030317998,0.06595253,0.13711397,0.059754204,0.13430214,-0.10231922,0.09879153,0.058307596,0.22909518,0.05775746,0.13678662,0.0007908538,0.0007908538
138,0.087202296,0.24031396,0.085352495,0.09545406,-0.08727946,0.021156175,0.08198742,0.1384573,0.08381309,0.10670241,-0.09448812,0.00500243,0.07968502,0.10672811,0.079451,0.11825519,-0.09915145,0.0034143482,0.07479684,0.10704655,0.069369465,0.12735875,-0.10069915,0.03150458,0.06549777,0.13777876,0.059061375,0.1328089,-0.09889291,0.100253604,0.05755347,0.23063025,0.056657866,0.13499361,0.0007908538,0.0007908538
139,0.084365964,0.23932643,0.083332784,0.094757035,-0.08371094,0.022775857,0.07997469,0.13674253,0.08198723,0.10568655,-0.090968415,0.0056997864,0.077820785,0.10494625,0.077490054,0.11693382,-0.09563074,0.003459948,0.072766714,0.105516225,0.06706158,0.12580645,-0.09714315,0.03126177,0.06308639,0.13677722,0.056108646,0.13105853,-0.09522594,0.100247584,0.054457426,0.23074305,0.05241945,0.13293979,0.0007908538,0.0007908538
140,0.087574326,0.24160613,0.08572463,0.09458398,-0.08121572,0.026053475,0.08240633,0.13912682,0.08420122,0.104991324,-0.08849314,0.008594612,0.08001921,0.10724636,0.07965883,0.11601166,-0.09313722,0.0061711315,0.07490217,0.10781198,0.06924693,0.124726005,-0.094588205,0.0338379,0.065291986,0.13925457,0.058543105,0.12975632,-0.09256451,0.10272898,0.05701435,0.23359625,0.055744324,0.13130851,0.0007908538,0.0007908538
141,0.08690436,0.24265677,0.08535885,0.09698598,-0.08926293,0.023606004,0.0818329,0.13924727,0.083813466,0.10846831,-0.096293114,0.006629,0.07952574,0.10699638,0.07927353,0.12019982,-0.10070927,0.0045723845,0.07450078,0.107293755,0.06890476,0.12946814,-0.101926655,0.032581814,0.06497494,0.13842598,0.058225136,0.13511802,-0.099716105,0.10180812,0.05676005,0.2324037,0.055379745,0.13768294,0.0007908538,0.0007908538
142,0.08774589,0.24423257,0.08607002,0.09569459,-0.08430568,0.021078663,0.082525395,0.14019041,0.084449664,0.106483035,-0.091476426,0.0049159187,0.080133714,0.107869744,0.07979997,0.11780689,-0.095991895,0.0036448855,0.07495762,0.10836169,0.06922966,0.12677425,-0.09727898,0.032549646,0.06516101,0.13999493,0.058232844,0.13206534,-0.09507866,0.10277596,0.056656845,0.23508514,0.055078745,0.13403124,0.0007908538,0.0007908538
143,0.08359643,0.24303293,0.08315753,0.094871975,-0.08202517,0.02221222,0.07962428,0.13805617,0.08190576,0.10553559,-0.089280315,0.0050473483,0.07756631,0.10559627,0.07720193,0.11667626,-0.093868464,0.0030212472,0.0723096,0.10631196,0.06630734,0.12551518,-0.09523284,0.031566683,0.06215391,0.13846207,0.054602467,0.13072126,-0.093074806,0.10201531,0.05290566,0.23472758,0.049925145,0.13250537,0.0007908538,0.0007908538
144,0.08378715,0.24498962,0.08346294,0.09747691,-0.09143466,0.018230215,0.07965296,0.13889831,0.082094274,0.10933498,-0.098426566,0.0020946206,0.07760626,0.10598578,0.07737939,0.12131497,-0.102791406,0.0008574412,0.07244815,0.10635608,0.06656696,0.13081333,-0.103936374,0.030073214,0.06242806,0.13811,0.05499636,0.1367345,-0.101630375,0.10105687,0.053388372,0.23390333,0.050578956,0.1396702,0.0007908538,0.0007908538
145,0.0866899,0.24768122,0.08567572,0.09432913,-0.08353002,0.024564514,0.081946895,0.14141858,0.08418683,0.10517468,-0.09090284,0.0074371863,0.07959531,0.10840128,0.07925254,0.116637796,-0.09560018,0.005730623,0.07413766,0.109031,0.06812651,0.1257383,-0.097061336,0.03468116,0.06388983,0.14160089,0.056389496,0.13108896,-0.095025614,0.105592296,0.05492307,0.23902415,0.05237326,0.13298336,0.0007908538,0.0007908538
146,0.08698447,0.24925616,0.08600008,0.09419255,-0.086198814,0.022045655,0.08206213,0.14200072,0.08434707,0.1055946,-0.093611464,0.00582161,0.07957356,0.10870582,0.07922196,0.11745472,-0.09834602,0.0049869297,0.073967844,0.109297365,0.067894466,0.12684107,-0.09984351,0.034755882,0.063551344,0.14199819,0.055915285,0.13243768,-0.09787458,0.10635582,0.05447197,0.23984052,0.051659286,0.13465343,0.0007908538,0.0007908538
147,0.085060254,0.24928506,0.08469457,0.09497865,-0.09149154,0.019755328,0.08053379,0.14099117,0.08302513,0.10736786,-0.09881488,0.003963333,0.07808357,0.107429884,0.07774514,0.1198254,-0.103466295,0.0035296732,0.07238451,0.107952416,0.06620911,0.1296543,-0.10487955,0.033723738,0.06178918,0.14063363,0.05386024,0.13572922,-0.102864794,0.10575764,0.052398954,0.23858239,0.048826672,0.13867043,0.0007908538,0.0007908538
148,0.086740606,0.25058287,0.08594513,0.09344247,-0.087890096,0.024995076,0.081825435,0.14231412,0.08418682,0.10536842,-0.095403135,0.008185575,0.07916992,0.108702496,0.078762405,0.11760332,-0.10021814,0.0071226642,0.0732934,0.109357804,0.067053415,0.12725845,-0.101784796,0.03682464,0.06260666,0.1424596,0.054664727,0.13307086,-0.099902004,0.10851296,0.053321697,0.2412015,0.049948525,0.1355342,0.0007908538,0.0007908538
149,0.08632944,0.2511757,0.08571575,0.09288383,-0.08661792,0.023513647,0.08150143,0.14220297,0.083892435,0.10468738,-0.09419749,0.0071051773,0.078781955,0.10848816,0.07830647,0.11685139,-0.09906216,0.0064628106,0.072743006,0.10926656,0.06636147,0.12645717,-0.100668974,0.036660664,0.061800793,0.14268285,0.05360991,0.13220313,-0.09880771,0.108920366,0.05219197,0.24211638,0.048344683,0.1345331,0.0007908538,0.0007908538
150,0.08676008,0.25221792,0.08608735,0.094198294,-0.0909958,0.019413255,0.08167132,0.14256138,0.0840703,0.10659253,-0.098419204,0.0041858316,0.07885084,0.108654514,0.07839467,0.11916287,-0.103129506,0.0044899043,0.072780326,0.109296314,0.06642472,0.12908271,-0.10456629,0.03550951,0.06181187,0.1425347,0.05364563,0.13517158,-0.102558054,0.10840008,0.05220353,0.24174011,0.048370905,0.13807505,0.0007908538,0.0007908538
151,0.08939667,0.25392857,0.08801363,0.094114214,-0.09039602,0.022857284,0.08359426,0.14442322,0.08581303,0.10624753,-0.09783953,0.0071014254,0.08054445,0.110439785,0.08008338,0.118758716,-0.10256486,0.0070557045,0.074426755,0.11103834,0.068153456,0.12864646,-0.10400777,0.037732236,0.063581,0.14433871,0.055670936,0.1346567,-0.1020066,0.11027498,0.054373402,0.24365255,0.05127843,0.13744001,0.0007908538,0.0007908538
152,0.08490447,0.25206798,0.08483379,0.092767954,-0.08805061,0.023144256,0.080395035,0.1417079,0.08293673,0.10491478,-0.09564293,0.006662361,0.07760946,0.107688814,0.07705843,0.117309004,-0.100502074,0.0061015342,0.07131256,0.10858327,0.064699836,0.12710066,-0.10208651,0.03660637,0.059992068,0.14242123,0.051349826,0.13303678,-0.10019835,0.10943179,0.049881972,0.24284264,0.045111857,0.13562576,0.0007908538,0.0007908538
153,0.08693405,0.2543244,0.086391866,0.094882786,-0.09460828,0.019092632,0.081719086,0.14333034,0.08420773,0.107782684,-0.10196462,0.0040056068,0.0787612,0.10901551,0.078297876,0.12075478,-0.106603436,0.0045394576,0.07251765,0.10961121,0.066074066,0.13100073,-0.10795284,0.035897333,0.061371345,0.14306618,0.05303442,0.13741747,-0.105878,0.10925397,0.05164693,0.24292237,0.04753677,0.14081527,0.0007908538,0.0007908538
154,0.08712269,0.25476608,0.08656135,0.09240189,-0.08775493,0.02333517,0.08197044,0.14361942,0.08439553,0.10443498,-0.095401555,0.0072299815,0.07889918,0.10934734,0.07829741,0.116877,-0.10029173,0.0071436907,0.07239649,0.11027661,0.065735616,0.12671787,-0.101883896,0.038154814,0.060926594,0.14445688,0.052285742,0.1326423,-0.09999649,0.111485325,0.050878376,0.24569069,0.046336133,0.13518646,0.0007908538,0.0007908538
155,0.08600135,0.25455287,0.085790485,0.09335055,-0.09086918,0.022976652,0.08111643,0.14299566,0.08365906,0.105902985,-0.09839148,0.006795853,0.07810938,0.10859943,0.07752647,0.11864546,-0.103150114,0.0066489256,0.07160602,0.109467946,0.064910844,0.12871525,-0.10459352,0.037647363,0.060101386,0.14357546,0.05134343,0.13491361,-0.10256204,0.11104522,0.04994285,0.24473521,0.04508373,0.13791488,0.0007908538,0.0007908538
156,0.08746319,0.255913,0.08689109,0.09334743,-0.08971011,0.021997299,0.082185864,0.14413193,0.084634796,0.10561395,-0.09723233,0.0062805843,0.07906449,0.10966237,0.07846592,0.11822728,-0.10197338,0.0065494822,0.07252049,0.11053492,0.065839484,0.12820973,-0.10338015,0.037947558,0.060994957,0.1447531,0.052318335,0.13429867,-0.10129002,0.11170604,0.05091474,0.24620387,0.04634818,0.13714562,0.0007908538,0.0007908538
157,0.087011084,0.25595766,0.08659572,0.09400659,-0.091400735,0.022546979,0.08186962,0.14400533,0.08438961,0.106518544,-0.0988403,0.0065879747,0.07880912,0.10944812,0.07824154,0.11927762,-0.103495106,0.0066579264,0.07230567,0.11026075,0.06563372,0.12937458,-0.10480472,0.037895817,0.0608195,0.14441602,0.052129496,0.13560535,-0.1026177,0.11156984,0.05076322,0.24579708,0.046145957,0.13869733,0.0007908538,0.0007908538
158,0.08682149,0.25596344,0.086473756,0.09261815,-0.08722506,0.024739534,0.081823304,0.14399344,0.08433106,0.10458281,-0.09482837,0.008178487,0.07875553,0.10948612,0.0781199,0.11699243,-0.09962821,0.007850433,0.072143175,0.11048976,0.065353446,0.12682387,-0.10108189,0.038854215,0.060491685,0.14503533,0.051626187,0.13274647,-0.09900507,0.11249448,0.05023528,0.2471575,0.045345817,0.13531165,0.0007908538,0.0007908538
159,0.08634302,0.2564133,0.08618806,0.09374316,-0.090495475,0.020983951,0.08137639,0.14377807,0.083954215,0.10614931,-0.09796165,0.005338317,0.07830573,0.10911962,0.07768594,0.11883952,-0.10262829,0.0057125487,0.07168212,0.11003679,0.064880185,0.12889402,-0.10393853,0.037352107,0.059971124,0.14445797,0.051037896,0.13508292,-0.10173166,0.111531615,0.04958908,0.24644488,0.044486117,0.13809776,0.0007908538,0.0007908538
160,0.087557815,0.25759244,0.08710217,0.09466873,-0.09322418,0.021814944,0.08218525,0.14469256,0.08471247,0.107398994,-0.100582786,0.0061150715,0.07898014,0.10986941,0.07838522,0.12034544,-0.10513777,0.0064687505,0.072344884,0.11065998,0.06560925,0.13059889,-0.1063203,0.0380542,0.060732186,0.14496204,0.051946957,0.13699287,-0.10400041,0.112132706,0.0506004,0.2467647,0.045867413,0.14036049,0.0007908538,0.0007908538
161,0.08820377,0.25816995,0.08758706,0.09382022,-0.0908944,0.024735685,0.0826868,0.14521004,0.08515157,0.10620387,-0.09835481,0.008358812,0.079373784,0.1103693,0.07872335,0.118967816,-0.10299721,0.008258494,0.07261963,0.11127462,0.06581673,0.12908736,-0.10426222,0.03952039,0.060915645,0.1458692,0.052069247,0.13530855,-0.1020073,0.11342616,0.050762795,0.24821971,0.046027403,0.13838013,0.0007908538,0.0007908538
162,0.089214385,0.25932086,0.08836157,0.09416713,-0.092137516,0.02354854,0.083373465,0.14603116,0.08579695,0.10669737,-0.09956212,0.0076924274,0.07995592,0.1110661,0.07931651,0.119595274,-0.10416454,0.008050075,0.07317365,0.11190666,0.06640373,0.12981674,-0.10538052,0.039689075,0.061482843,0.1464814,0.052713707,0.13612898,-0.10308467,0.113852225,0.051444888,0.24886544,0.046920687,0.13935044,0.0007908538,0.0007908538
163,0.08802109,0.25932837,0.08756526,0.09452342,-0.09333283,0.02257066,0.082506806,0.14548677,0.085053615,0.10732854,-0.10070888,0.0067970934,0.07916828,0.110401295,0.07852699,0.12036642,-0.105249405,0.0072454996,0.072357565,0.11125136,0.065508164,0.13069241,-0.10638845,0.039044935,0.06055398,0.14590001,0.051589295,0.13713333,-0.10400687,0.113457255,0.050291203,0.24851596,0.04530843,0.14056058,0.0007908538,0.0007908538
164,0.08710196,0.25933337,0.08695529,0.09297249,-0.088712476,0.022244142,0.0819191,0.14505726,0.08450428,0.10517972,-0.09627232,0.006474145,0.078597665,0.10999777,0.07785652,0.11782444,-0.10097673,0.0070310724,0.07161809,0.111109085,0.06456677,0.12785749,-0.102280095,0.0390958,0.059491225,0.14627391,0.05017653,0.13396849,-0.10002212,0.11395113,0.048766814,0.24992092,0.04312033,0.1368252,0.0007908538,0.0007908538
165,0.08804793,0.26034382,0.08767557,0.09419663,-0.09145048,0.020940714,0.08255423,0.14582658,0.08511774,0.10669154,-0.09886168,0.005617729,0.07918128,0.11062811,0.07849014,0.11955061,-0.103413865,0.0065116365,0.07226255,0.11158531,0.06530421,0.12975466,-0.10454533,0.03882605,0.0602576,0.14654668,0.051112924,0.13606235,-0.10212186,0.113826975,0.049748503,0.249886,0.04447311,0.1392788,0.0007908538,0.0007908538
166,0.08838713,0.260784,0.087946214,0.09449586,-0.09199541,0.022692448,0.08282668,0.1462324,0.08539542,0.10700793,-0.09937316,0.006894708,0.07944973,0.11096539,0.07878007,0.11990192,-0.10389106,0.0074152187,0.072554976,0.111885,0.065624654,0.13014121,-0.10498256,0.039414555,0.060617372,0.1468442,0.051532224,0.13648872,-0.102519035,0.1141898,0.050232526,0.25020722,0.045120407,0.1397789,0.0007908538,0.0007908538
167,0.08895765,0.26129228,0.088378854,0.09407309,-0.090922736,0.025745457,0.0833004,0.14680825,0.08584583,0.10638326,-0.098357975,0.009209747,0.07988688,0.111504905,0.07921582,0.11918775,-0.1029332,0.009186058,0.0729691,0.112455525,0.06604026,0.12936606,-0.1040854,0.040731788,0.061061136,0.14755704,0.052011784,0.13562839,-0.10168071,0.11518186,0.050798535,0.25119805,0.0458508,0.13876675,0.0007908538,0.0007908538
168,0.087380886,0.26136428,0.08732897,0.09414871,-0.09214023,0.021988273,0.08211261,0.14600241,0.084809154,0.106799446,-0.09956561,0.006299581,0.078768365,0.11055661,0.078080595,0.11977381,-0.10412761,0.006984991,0.07177535,0.111540295,0.06472722,0.13007258,-0.105265014,0.03922489,0.05965214,0.14674695,0.050313886,0.13647169,-0.10284945,0.11433172,0.04901109,0.25070903,0.043373432,0.13980193,0.0007908538,0.0007908538
169,0.08631551,0.26118037,0.08660638,0.09438282,-0.09397437,0.024838833,0.08136983,0.14557135,0.08419836,0.10745029,-0.10137328,0.0082330005,0.0781084,0.109995425,0.077450305,0.12065834,-0.105907895,0.008210054,0.071124665,0.110942066,0.06404744,0.13112296,-0.10701681,0.03985766,0.05902469,0.14615907,0.049587708,0.13770078,-0.104586035,0.114551775,0.04839072,0.25017264,0.04251631,0.14129633,0.0007908538,0.0007908538
170,0.086403556,0.26165316,0.08670955,0.09275059,-0.08946434,0.026237471,0.081510924,0.14581442,0.08431014,0.105218425,-0.09706026,0.009304881,0.078192696,0.11025113,0.07744935,0.11805953,-0.10177231,0.009128322,0.07105223,0.11141505,0.06383335,0.12824418,-0.103060335,0.04077104,0.0587292,0.14710593,0.04908488,0.13448323,-0.100776054,0.11562123,0.047852818,0.25204775,0.04166895,0.137493,0.0007908538,0.0007908538
171,0.08779139,0.2634144,0.087780096,0.094444744,-0.09312556,0.020831956,0.08236736,0.14684199,0.085114956,0.10729728,-0.10051621,0.005545748,0.07891375,0.11105887,0.07820896,0.120424196,-0.1050162,0.0066675297,0.071794085,0.11202811,0.0646659,0.13083611,-0.10606387,0.039385192,0.059523847,0.14745955,0.050045464,0.13733685,-0.103547014,0.11500395,0.048786715,0.25205165,0.042952526,0.140828,0.0007908538,0.0007908538
172,0.08795685,0.2638233,0.08792727,0.09499973,-0.09395753,0.023004398,0.082481146,0.14705904,0.08523656,0.10792687,-0.10127957,0.007097678,0.07899581,0.11117625,0.078292176,0.12111187,-0.10569878,0.0077443602,0.07186604,0.11211516,0.064733915,0.13157624,-0.106648035,0.040080052,0.059632756,0.14755948,0.05016301,0.1381458,-0.10402316,0.11545299,0.04897536,0.25219053,0.043204952,0.14177324,0.0007908538,0.0007908538
173,0.086051114,0.26302972,0.086591735,0.09345402,-0.0893393,0.02555254,0.081187636,0.14586969,0.08402607,0.10583882,-0.096831486,0.008656246,0.07775164,0.11004007,0.07691126,0.11863393,-0.1013895,0.00861668,0.070406616,0.1113088,0.06299367,0.12880875,-0.102469206,0.04059943,0.057794817,0.14735673,0.047832273,0.13506952,-0.099922374,0.1160245,0.04654706,0.25311738,0.03981033,0.13817023,0.0007908538,0.0007908538
174,0.086970836,0.26462793,0.087341644,0.09518638,-0.09247924,0.02077297,0.08173868,0.14666784,0.084561184,0.10784154,-0.099758305,0.005247008,0.07821251,0.110618226,0.07740016,0.1208466,-0.10409156,0.0062934374,0.07088054,0.11173413,0.06351963,0.13120349,-0.104912154,0.03921625,0.058277547,0.14760546,0.048405666,0.13769433,-0.10210002,0.115382284,0.047074046,0.25318918,0.040534202,0.1412336,0.0007908538,0.0007908538
175,0.08831448,0.26609272,0.08837014,0.09594857,-0.09364731,0.022578267,0.08271864,0.14789014,0.085502595,0.10862222,-0.10083927,0.006686927,0.07910752,0.111663066,0.07833211,0.121702,-0.10507546,0.007462232,0.07179813,0.11267961,0.06451024,0.13213222,-0.10577853,0.04015178,0.059316512,0.1485324,0.049614687,0.13870186,-0.102844626,0.11615479,0.04839454,0.25417346,0.04231689,0.14240202,0.0007908538,0.0007908538
176,0.08978179,0.26754698,0.089483716,0.0960335,-0.093161054,0.026120108,0.08386021,0.14929724,0.086597554,0.10848002,-0.10035258,0.009449379,0.08018165,0.11293137,0.07943795,0.12149371,-0.104580574,0.009648842,0.07288857,0.11390874,0.065662265,0.13189161,-0.105265036,0.041850917,0.060527556,0.14987688,0.050988995,0.13840923,-0.10230498,0.11750791,0.049916614,0.25581867,0.044329483,0.1420381,0.0007908538,0.0007908538
177,0.08656412,0.26677826,0.08728745,0.095571734,-0.092000395,0.024766432,0.08162552,0.14760843,0.08463047,0.10810509,-0.09923037,0.007990247,0.07818019,0.11113874,0.07738101,0.1210696,-0.10346735,0.008172,0.07078441,0.11230167,0.06330403,0.13142501,-0.10414307,0.04058545,0.05806881,0.1486551,0.047976963,0.13792664,-0.101135455,0.11674097,0.04678338,0.2554661,0.03997133,0.14150298,0.0007908538,0.0007908538
178,0.08479145,0.26677698,0.08612488,0.09484848,-0.08821123,0.025314985,0.08049292,0.1468909,0.083637804,0.106888585,-0.09550809,0.008079683,0.07718437,0.11034972,0.07629957,0.119492345,-0.099764034,0.008001016,0.06966469,0.11175629,0.06194601,0.1295895,-0.10042731,0.040448457,0.056625813,0.1486521,0.046092793,0.13583842,-0.09733724,0.11700897,0.044808358,0.25662035,0.037153453,0.13901602,0.0007908538,0.0007908538
179,0.08747246,0.26984316,0.08818139,0.09727168,-0.09092346,0.023189142,0.08244333,0.14933005,0.0855263,0.10935974,-0.09792469,0.0067813355,0.07906338,0.112434395,0.07829156,0.122078165,-0.101842865,0.007360502,0.07170408,0.11354954,0.06418683,0.13229495,-0.102096856,0.0403512,0.05892853,0.15020654,0.04879693,0.13871111,-0.09855753,0.11735349,0.047610216,0.25801545,0.040939637,0.1422862,0.0007908538,0.0007908538
180,0.08921688,0.2718198,0.08952311,0.09811682,-0.09047227,0.025486648,0.08382225,0.15111518,0.08687204,0.109880276,-0.09737434,0.008561509,0.080434375,0.11401126,0.079728305,0.12246874,-0.10116369,0.008743367,0.07317376,0.11501919,0.065762326,0.13261633,-0.10124935,0.041432817,0.060578424,0.15172242,0.050686996,0.13897023,-0.0975036,0.11830666,0.04962096,0.25980708,0.043622434,0.14251056,0.0007908538,0.0007908538
181,0.08459435,0.2704816,0.08637334,0.097377285,-0.08905026,0.028167317,0.08074459,0.14895642,0.084228046,0.10925922,-0.09602495,0.009747601,0.07779692,0.11170541,0.07707768,0.121790834,-0.099861525,0.008795901,0.07049869,0.11293014,0.06280272,0.13189419,-0.09998621,0.04081904,0.05758302,0.15014611,0.047036137,0.13824004,-0.096241176,0.11766379,0.04592718,0.25939202,0.038490087,0.14171235,0.0007908538,0.0007908538
182,0.084973834,0.27222133,0.08678511,0.09945634,-0.09431758,0.024953157,0.080971755,0.14982526,0.084573895,0.112076,-0.10104964,0.0074079614,0.07807039,0.11221588,0.07747185,0.12508842,-0.104636475,0.0071251295,0.070897415,0.11315815,0.06332138,0.13555951,-0.104475036,0.039694484,0.058129508,0.15006535,0.0477297,0.14232843,-0.10045456,0.1169516,0.046685386,0.25898156,0.03950967,0.1465305,0.0007908538,0.0007908538
183,0.086487524,0.27370158,0.087922506,0.09657741,-0.08732875,0.028429598,0.082226165,0.15126042,0.08570538,0.108163245,-0.0944217,0.010258894,0.07917309,0.113671504,0.07847879,0.120616935,-0.098356746,0.00965062,0.071793646,0.11491292,0.064095035,0.13066642,-0.09857273,0.042060234,0.058815822,0.1525525,0.04830798,0.13688417,-0.09491237,0.1193323,0.04731636,0.26291242,0.04018635,0.14010902,0.0007908538,0.0007908538
184,0.08588759,0.27448446,0.087588206,0.096185274,-0.08849115,0.02618471,0.081697404,0.15108398,0.085244276,0.10814332,-0.095635004,0.008647168,0.07854871,0.11332209,0.07780017,0.120830126,-0.099617384,0.008642034,0.07098278,0.114636585,0.063145034,0.13104005,-0.099882625,0.04164662,0.057747073,0.15250771,0.046963077,0.1373981,-0.09628921,0.119441666,0.045940608,0.26339483,0.038226243,0.14080061,0.0007908538,0.0007908538
185,0.08696661,0.2761425,0.0884322,0.0973184,-0.09254019,0.023708513,0.08228326,0.15189129,0.08579445,0.109925546,-0.099542856,0.007084107,0.07892213,0.11387185,0.07817713,0.12305785,-0.1033707,0.007864441,0.071259685,0.115051806,0.0634422,0.13359599,-0.103451416,0.041505586,0.057997167,0.15281355,0.047256704,0.140295,-0.099693336,0.11970785,0.046284884,0.2635895,0.038677916,0.14426866,0.0007908538,0.0007908538
186,0.08645298,0.27631435,0.08810848,0.09759321,-0.094243735,0.026160609,0.08187323,0.15167204,0.08544254,0.11058479,-0.101206265,0.0087965205,0.07846684,0.11352163,0.07770103,0.12394716,-0.104980245,0.009034645,0.07071889,0.114707686,0.06283186,0.13465095,-0.104991324,0.042260963,0.05740098,0.15255205,0.04652772,0.141525,-0.10116816,0.12020227,0.045639634,0.26348338,0.03776449,0.14577502,0.0007908538,0.0007908538
187,0.08728792,0.27723047,0.088741444,0.096521296,-0.09199474,0.028510218,0.082522556,0.15246278,0.08603671,0.10917462,-0.09909438,0.010664587,0.07900992,0.114267394,0.07820398,0.12237766,-0.102999635,0.010602591,0.07115091,0.11556591,0.063212894,0.1329619,-0.103151254,0.043621074,0.05775371,0.15373382,0.046843737,0.13966306,-0.09946595,0.12145726,0.046019204,0.26530728,0.038200114,0.14360169,0.0007908538,0.0007908538
188,0.08814884,0.27845457,0.089411974,0.096999675,-0.093133554,0.0267785,0.0830908,0.15323886,0.08658346,0.10980292,-0.10017609,0.009552289,0.0794981,0.11489427,0.078711025,0.12312615,-0.10401275,0.010008396,0.07162611,0.11611709,0.0637222,0.13379955,-0.10407873,0.043456316,0.058239985,0.15425733,0.047398522,0.14058948,-0.10030755,0.12159794,0.04659482,0.26588237,0.03895269,0.14468761,0.0007908538,0.0007908538
189,0.08673874,0.27838317,0.08848269,0.097359024,-0.09435129,0.025081066,0.082076445,0.15255159,0.08570818,0.11049073,-0.10133931,0.008135548,0.07857644,0.11409305,0.07778199,0.12396687,-0.105105355,0.008840509,0.07067028,0.115330495,0.06267199,0.13474925,-0.10508212,0.042573962,0.05714666,0.15353511,0.04607476,0.14167547,-0.101211466,0.1210375,0.045230035,0.26536784,0.037046164,0.14599212,0.0007908538,0.0007908538
190,0.08655056,0.27865952,0.08838738,0.09631828,-0.09168138,0.025610598,0.08200577,0.15261632,0.08564299,0.10907897,-0.098797075,0.008513622,0.07849528,0.11416137,0.07764692,0.12233236,-0.102681756,0.009164123,0.07048872,0.115551814,0.062387347,0.13294888,-0.10278463,0.04294034,0.056802772,0.15408726,0.045567088,0.13967481,-0.09902453,0.12154981,0.044695266,0.26658103,0.036244005,0.14364022,0.0007908538,0.0007908538
191,0.084208064,0.27785555,0.08678754,0.09669599,-0.09352007,0.024953036,0.080351256,0.15131785,0.08420158,0.109927796,-0.100578725,0.0076829074,0.07702306,0.11277659,0.0761802,0.12339926,-0.10440225,0.008188883,0.06900973,0.1141848,0.060799196,0.13417368,-0.10443522,0.04192936,0.05519611,0.1527495,0.043670833,0.14109904,-0.10060534,0.12064392,0.042764112,0.26535612,0.033596903,0.14536993,0.0007908538,0.0007908538
192,0.088355675,0.28076705,0.089772046,0.09694718,-0.093412526,0.028371535,0.08339518,0.15456453,0.08704629,0.10985063,-0.100469105,0.010746489,0.07987006,0.11582961,0.079151064,0.123277046,-0.104295574,0.0109822955,0.07199205,0.1170163,0.06407462,0.13403025,-0.1043314,0.044335183,0.058592383,0.15547173,0.04770118,0.14088175,-0.10052077,0.122579984,0.04705567,0.2680188,0.03943916,0.14506033,0.0007908538,0.0007908538
193,0.08536655,0.27995273,0.087748386,0.09661214,-0.09379533,0.026840718,0.08130985,0.15296604,0.08522126,0.10988122,-0.10088051,0.009251266,0.07799555,0.114135295,0.07724533,0.12343449,-0.10472428,0.009557665,0.0700397,0.115440644,0.06191925,0.13426696,-0.10477393,0.04311068,0.056360673,0.1541287,0.04499865,0.14121856,-0.100968614,0.12170666,0.044277012,0.26720807,0.03557612,0.145514,0.0007908538,0.0007908538
194,0.08695178,0.28149876,0.08892258,0.09706326,-0.09469205,0.025325911,0.08241507,0.15425284,0.08626428,0.11035899,-0.10173246,0.008400682,0.079004675,0.11527977,0.07830374,0.12398568,-0.10553116,0.009244468,0.07108536,0.11646554,0.06307065,0.13487668,-0.10552852,0.043191858,0.05751326,0.1550668,0.046363957,0.14187689,-0.10167904,0.12200739,0.045693588,0.2680977,0.037494466,0.14626785,0.0007908538,0.0007908538
195,0.08453072,0.2805232,0.08725907,0.09646532,-0.09335598,0.026348583,0.080774285,0.15288587,0.08480252,0.10975029,-0.10045637,0.008787475,0.07753357,0.11390835,0.07677486,0.123294346,-0.104297414,0.00917361,0.0695304,0.115270145,0.06131668,0.13412018,-0.10433164,0.042887196,0.05571679,0.15418105,0.04415607,0.14106672,-0.10049349,0.12174413,0.043432683,0.26781553,0.034343265,0.14534318,0.0007908538,0.0007908538
196,0.08360966,0.2809458,0.086702354,0.096465975,-0.09218863,0.02552937,0.08018799,0.15268458,0.08431699,0.109611005,-0.099277265,0.008009095,0.07703518,0.113596134,0.07624724,0.123037666,-0.10307299,0.008476925,0.06898451,0.115044445,0.060653914,0.13378336,-0.10303429,0.042403948,0.0550045,0.15420525,0.043212824,0.14066382,-0.099083275,0.12162256,0.04243802,0.26843983,0.032901112,0.14484912,0.0007908538,0.0007908538
197,0.087896354,0.28461125,0.08982989,0.096786745,-0.091071025,0.02420724,0.083269686,0.15607555,0.087174974,0.10945113,-0.09814055,0.0076233996,0.07987667,0.11674294,0.07916859,0.12272348,-0.10189419,0.008878675,0.071896814,0.11801505,0.0637936,0.13336504,-0.10178989,0.04339078,0.058154106,0.15716931,0.04687975,0.14008962,-0.097758524,0.122945614,0.046210885,0.27164143,0.037979152,0.14407374,0.0007908538,0.0007908538
198,0.08678447,0.28531212,0.089168884,0.09995724,-0.09742844,0.021921404,0.082422346,0.15582675,0.0865416,0.11366867,-0.104080334,0.0057153096,0.07919361,0.11613175,0.07859311,0.12750915,-0.107357726,0.0072343177,0.07136922,0.11710552,0.0633209,0.13857843,-0.106676385,0.041999288,0.057752475,0.15585978,0.04646822,0.14585605,-0.10202675,0.121826,0.045849767,0.2697938,0.037477676,0.15084739,0.0007908538,0.0007908538
199,0.08434541,0.2848299,0.08756049,0.0978002,-0.088586085,0.03256863,0.081092544,0.15504842,0.085379206,0.110183306,-0.09546161,0.0128683215,0.07808114,0.115354784,0.07731045,0.12316177,-0.098871626,0.011780404,0.07004127,0.11686697,0.06159222,0.133624,-0.098280095,0.044801194,0.05602346,0.15678875,0.044092316,0.14027084,-0.09359447,0.12399845,0.043524504,0.2729972,0.034117173,0.14424914,0.0007908538,0.0007908538
200,0.08310374,0.2863798,0.086900696,0.10029219,-0.09070389,0.02944712,0.08019226,0.15489297,0.08465239,0.11287074,-0.09724802,0.010232929,0.07725541,0.114811406,0.07645498,0.12592569,-0.10023395,0.009604218,0.069163635,0.116293505,0.060561743,0.13648836,-0.09910354,0.043266255,0.05493891,0.15636458,0.042701986,0.14335346,-0.09378524,0.12331049,0.04205953,0.2731405,0.03207068,0.14781997,0.0007908538,0.0007908538
201,0.08353954,0.28828484,0.08735694,0.1026968,-0.09393758,0.027441802,0.08043702,0.15565668,0.084957816,0.11560573,-0.100172125,0.00874198,0.077462904,0.11521466,0.076698035,0.12887645,-0.10278786,0.008552377,0.06939027,0.11652514,0.060806494,0.13963088,-0.10119699,0.04265567,0.055186793,0.15649709,0.042976953,0.14677574,-0.095366225,0.12315878,0.042361174,0.2733209,0.032485545,0.15181454,0.0007908538,0.0007908538
202,0.08695022,0.29114896,0.08982901,0.10128825,-0.088698685,0.030641986,0.08299243,0.15842892,0.087286845,0.11306681,-0.09512824,0.011561626,0.07976831,0.11788598,0.07897224,0.1258058,-0.0979166,0.01119785,0.07159485,0.11932795,0.06305468,0.13619126,-0.09650489,0.04518387,0.05741812,0.1598288,0.045449965,0.14287336,-0.09082895,0.12565102,0.04497306,0.27779585,0.035947945,0.14716426,0.0007908538,0.0007908538
203,0.08540494,0.29177594,0.08888377,0.1033379,-0.09354772,0.026402792,0.08181029,0.15786593,0.08632331,0.11601354,-0.099705376,0.008270696,0.0787105,0.11701157,0.07796807,0.12922956,-0.102188304,0.008663357,0.070578076,0.11827935,0.062000774,0.13996768,-0.10040756,0.043328345,0.056335192,0.15856852,0.044186637,0.14709316,-0.09434441,0.124369964,0.04367033,0.2763351,0.03413749,0.1521588,0.0007908538,0.0007908538
204,0.08553015,0.29259282,0.0890444,0.10124262,-0.08779129,0.027353423,0.08203526,0.15832007,0.08650839,0.112976775,-0.09421732,0.009000481,0.07888058,0.117503986,0.078022204,0.12566179,-0.096955515,0.009351909,0.070552684,0.119101204,0.061787553,0.13601828,-0.095457286,0.04414711,0.056012362,0.16008689,0.04359948,0.14268593,-0.08965232,0.12548411,0.043042902,0.27922583,0.033151854,0.14695689,0.0007908538,0.0007908538
205,0.084354505,0.29252264,0.088282935,0.101612866,-0.08869303,0.027801866,0.0812136,0.15777813,0.08580265,0.11355431,-0.09506457,0.009115689,0.07812686,0.116859235,0.07725471,0.126335,-0.09773533,0.0092228,0.06976058,0.11848383,0.06090679,0.136768,-0.096151926,0.043897796,0.055124942,0.15955916,0.042517338,0.14354223,-0.0902509,0.12526399,0.041966606,0.2789114,0.03165031,0.14799318,0.0007908538,0.0007908538
206,0.082523786,0.2917884,0.087041646,0.10214524,-0.09023849,0.03000206,0.07997266,0.15681703,0.084740505,0.11448629,-0.09652751,0.010377139,0.0770474,0.11580897,0.0761901,0.12744194,-0.09909926,0.009735225,0.068701744,0.11742548,0.059775285,0.13800079,-0.09739324,0.04385781,0.054039557,0.1585067,0.041239507,0.14494488,-0.09135663,0.12494422,0.04073344,0.2778911,0.02996099,0.1496796,0.0007908538,0.0007908538
207,0.08526124,0.29393223,0.08900483,0.10370027,-0.092948034,0.030626755,0.08188936,0.1589559,0.08656253,0.116203524,-0.0990608,0.011165262,0.07885687,0.11770848,0.07814014,0.12935449,-0.10145077,0.010600962,0.07068763,0.119011745,0.06203453,0.14007375,-0.09953142,0.044638146,0.056406334,0.15973699,0.04413024,0.1471973,-0.093286835,0.12550615,0.043789107,0.2786123,0.034175087,0.15228993,0.0007908538,0.0007908538
208,0.08629725,0.29529497,0.089811504,0.102293916,-0.09051462,0.033490315,0.08278348,0.16031583,0.08745026,0.11431947,-0.09682721,0.013385502,0.0797361,0.11899193,0.07904872,0.12727806,-0.099442504,0.012354926,0.0715459,0.120382555,0.06292015,0.13786606,-0.09779317,0.046012353,0.05728891,0.1614657,0.045097012,0.14478922,-0.09184392,0.12662849,0.04486856,0.28114018,0.035563037,0.14949267,0.0007908538,0.0007908538
209,0.08387089,0.29591683,0.08831044,0.10198529,-0.09238719,0.030783594,0.08113648,0.15969497,0.086123966,0.11465529,-0.09873639,0.011154992,0.07830249,0.11808944,0.07765095,0.12794459,-0.101394415,0.010560661,0.070064284,0.119512014,0.061297975,0.13875495,-0.09979676,0.044675335,0.055576168,0.16083147,0.04299552,0.14590524,-0.09392219,0.12575345,0.042754393,0.28119797,0.03254389,0.15090716,0.0007908538,0.0007908538
210,0.08204819,0.2965827,0.08720937,0.102153726,-0.09430799,0.029583234,0.079947986,0.15942843,0.085214436,0.11538334,-0.100631215,0.010049636,0.077331565,0.11755073,0.07674416,0.12896039,-0.10325695,0.009557956,0.06911954,0.118938446,0.060283933,0.13996874,-0.101617314,0.043824658,0.054536015,0.16038026,0.041714825,0.14733593,-0.09570793,0.12512258,0.041509323,0.2812095,0.030724341,0.15265755,0.0007908538,0.0007908538
211,0.081455484,0.29698375,0.08687487,0.0999265,-0.0895027,0.031668358,0.07971376,0.15957345,0.08503057,0.11250186,-0.09610843,0.011513936,0.07713705,0.11771152,0.07646994,0.1256937,-0.09901176,0.010648473,0.068767145,0.11939786,0.059749965,0.13641238,-0.09768659,0.044745762,0.05392025,0.16149572,0.040800594,0.1434114,-0.09208155,0.12609956,0.040602088,0.28363124,0.029334556,0.14805448,0.0007908538,0.0007908538
212,0.08043981,0.29804805,0.08631585,0.10167418,-0.09397276,0.025006806,0.07886267,0.15931019,0.08434655,0.115025364,-0.10034684,0.006612176,0.076340504,0.117159575,0.075713895,0.1286523,-0.10300489,0.0071321353,0.067975335,0.11869189,0.058928605,0.13969848,-0.1013881,0.04240859,0.053016026,0.16060027,0.039742634,0.14710139,-0.095489986,0.12464782,0.039456896,0.2825869,0.027746323,0.1524436,0.0007908538,0.0007908538
213,0.08158677,0.29952213,0.0871975,0.10010521,-0.09094203,0.03001711,0.07987087,0.16080536,0.08535275,0.113014944,-0.09752878,0.010379715,0.077330485,0.11852839,0.07673328,0.12643696,-0.1003986,0.0099928705,0.068940856,0.12014336,0.059914596,0.13732013,-0.09902292,0.04452957,0.054040402,0.16245653,0.040852096,0.14447622,-0.09337323,0.12627469,0.04075581,0.28533763,0.029398609,0.14935833,0.0007908538,0.0007908538
214,0.08294516,0.3012774,0.08823312,0.10130606,-0.093245335,0.03102924,0.080877624,0.16229253,0.086390525,0.11450744,-0.09968278,0.011272138,0.07835037,0.11974088,0.07788029,0.12814702,-0.10238135,0.010776581,0.070108674,0.12112032,0.061257545,0.1391944,-0.10079407,0.045148283,0.055473983,0.1632451,0.0425894,0.14653799,-0.09492563,0.12672389,0.042656887,0.2859763,0.031973094,0.15177558,0.0007908538,0.0007908538
215,0.08166151,0.3022472,0.087507606,0.103550866,-0.09615932,0.030769095,0.08007989,0.16233128,0.08584297,0.11723744,-0.102290094,0.010776,0.0777994,0.11942076,0.07742707,0.13110536,-0.10460431,0.010097674,0.06970573,0.12062016,0.060865115,0.1423404,-0.10252753,0.04442121,0.0551454,0.1626466,0.042194843,0.14998057,-0.096098796,0.12617218,0.04232012,0.2854866,0.031484377,0.15580937,0.0007908538,0.0007908538
216,0.08127701,0.30294827,0.08733896,0.102642834,-0.091904595,0.034793213,0.08005678,0.16279311,0.08588456,0.11557177,-0.09814099,0.013559394,0.07787473,0.119817376,0.07745601,0.12899844,-0.10050723,0.012014557,0.06971318,0.121240444,0.060739946,0.13993394,-0.09845743,0.04579744,0.05501384,0.16386282,0.041873198,0.14725584,-0.09199317,0.12743339,0.042060826,0.2879689,0.03103701,0.15257424,0.0007908538,0.0007908538
217,0.07913158,0.30281898,0.08595559,0.10275256,-0.09167275,0.033136435,0.078557946,0.16168657,0.084544726,0.11579971,-0.097868904,0.012065401,0.07645526,0.11861463,0.075940035,0.12922911,-0.100147806,0.0107509345,0.068129726,0.12021951,0.058909044,0.1401743,-0.097969174,0.044923645,0.053080384,0.1632018,0.03946219,0.14754447,-0.09133389,0.12709127,0.039561145,0.2880636,0.02756829,0.15295854,0.0007908538,0.0007908538
218,0.08056788,0.30537465,0.08709868,0.10480469,-0.09547951,0.026640756,0.07936879,0.1629335,0.08531969,0.118264005,-0.101416126,0.00762871,0.07708863,0.11953658,0.07660597,0.13200575,-0.103405714,0.00795594,0.06873664,0.12094607,0.059582464,0.14320928,-0.10087141,0.04347111,0.053667102,0.16374819,0.04016469,0.15090245,-0.093868755,0.12657115,0.040213954,0.28850937,0.02846891,0.15693302,0.0007908538,0.0007908538
219,0.0812984,0.3068305,0.0876964,0.099797286,-0.08552581,0.028542502,0.080044284,0.16388503,0.085843675,0.11173959,-0.09211429,0.009256537,0.07750628,0.12063609,0.076771595,0.12468118,-0.094777904,0.009628841,0.0686713,0.12272261,0.059152316,0.13528654,-0.09303566,0.045396738,0.052992664,0.16688891,0.038990285,0.14217316,-0.08684687,0.12887424,0.039013233,0.29422238,0.026579618,0.1467129,0.0007908538,0.0007908538
220,0.08257903,0.3087017,0.0886805,0.10209428,-0.09110981,0.029694693,0.08086462,0.16521153,0.08669988,0.11497609,-0.09736943,0.010285054,0.078245714,0.121599376,0.077625014,0.12850882,-0.099648416,0.010571643,0.06949334,0.123391,0.060128484,0.13955119,-0.09742214,0.046189748,0.0540573,0.16727449,0.04031148,0.14695024,-0.09073568,0.12948845,0.04054339,0.29425997,0.028653506,0.15243,0.0007908538,0.0007908538
221,0.082494915,0.30987784,0.088730805,0.10535106,-0.09734275,0.029696563,0.08070508,0.16553928,0.086664096,0.119298555,-0.10313891,0.010248801,0.07810457,0.12154363,0.0775734,0.13343096,-0.104862414,0.010504563,0.06944614,0.123029575,0.0601579,0.14492881,-0.10193649,0.04609398,0.054175958,0.16654555,0.04051378,0.15292065,-0.09449851,0.12940948,0.040878262,0.29301617,0.029121835,0.1595162,0.0007908538,0.0007908538
222,0.08193954,0.3099509,0.08839854,0.10269951,-0.089734614,0.036156267,0.08061853,0.16568828,0.08655999,0.11539878,-0.09584069,0.014752182,0.07803078,0.121824004,0.07732986,0.1288155,-0.09782024,0.013663952,0.06911995,0.12382714,0.05954331,0.13980976,-0.09515744,0.04843357,0.053499833,0.16839953,0.039440244,0.14722042,-0.08791675,0.13153023,0.039861742,0.29686666,0.027604492,0.15283489,0.0007908538,0.0007908538
223,0.07939204,0.30995676,0.086777195,0.1058981,-0.09719077,0.031299155,0.078649506,0.16427879,0.08487876,0.12010171,-0.10284117,0.010916817,0.07620767,0.12006312,0.07555041,0.13428189,-0.104296826,0.010610721,0.06732612,0.12181348,0.057672266,0.14583306,-0.10098583,0.046077453,0.051609986,0.16596244,0.037258096,0.15395997,-0.09306449,0.12974787,0.037618242,0.29378,0.024540238,0.16084795,0.0007908538,0.0007908538
224,0.0802545,0.31107622,0.087432675,0.10171664,-0.088929795,0.034386877,0.079462714,0.16533181,0.085568264,0.11459877,-0.09512845,0.013402302,0.07685544,0.12126882,0.07602766,0.12809409,-0.09715906,0.012824526,0.06764108,0.12356303,0.05774291,0.139136,-0.09452769,0.048196763,0.051528912,0.16882929,0.03686673,0.14657795,-0.08730345,0.1319141,0.037276983,0.2987498,0.023854459,0.15221155,0.0007908538,0.0007908538
225,0.0821279,0.3142181,0.088897206,0.10587427,-0.09689449,0.0281315,0.08056884,0.16715938,0.08673957,0.11992538,-0.102540694,0.009240125,0.07791105,0.12252687,0.07729838,0.1341374,-0.10394882,0.010227049,0.068939924,0.12424008,0.059350695,0.14572284,-0.10055315,0.04669498,0.053192113,0.16876346,0.039005563,0.15385342,-0.09253669,0.1310083,0.03949552,0.2976751,0.026956512,0.1607814,0.0007908538,0.0007908538
226,0.0822791,0.31516072,0.08908896,0.102889076,-0.08966399,0.031810198,0.08094513,0.16795287,0.087096,0.115736745,-0.09570341,0.011867082,0.07827831,0.12337636,0.077555664,0.12929322,-0.09749559,0.01218653,0.069105655,0.12551673,0.059322383,0.14040454,-0.0945402,0.048296098,0.0530762,0.17098671,0.038637698,0.14794584,-0.08694072,0.13258775,0.039173596,0.30177674,0.026389275,0.15382943,0.0007908538,0.0007908538
227,0.08067985,0.31512657,0.08808167,0.103279576,-0.09147297,0.032683633,0.07988923,0.16741067,0.08623701,0.11663884,-0.0974337,0.012255468,0.07736431,0.12267942,0.076660916,0.13044742,-0.09912356,0.012221955,0.068177365,0.12482225,0.058310114,0.14173819,-0.09603382,0.048114736,0.052068632,0.17038609,0.037409484,0.14949752,-0.08829392,0.13235623,0.038001113,0.30144632,0.024720538,0.15574399,0.0007908538,0.0007908538
228,0.07872817,0.3150363,0.08683919,0.10441798,-0.09555287,0.030921876,0.07845,0.1664238,0.08501175,0.11876216,-0.10132951,0.010806164,0.07601586,0.121486925,0.075317636,0.13307114,-0.10280795,0.0110369595,0.06677868,0.12356312,0.056801245,0.14471376,-0.09945519,0.0471737,0.050537147,0.16904347,0.035579264,0.15289369,-0.091457084,0.13161866,0.0361915,0.30001014,0.022176411,0.1598498,0.0007908538,0.0007908538
229,0.077999875,0.315238,0.08640849,0.10208145,-0.09130011,0.034823816,0.07816544,0.16654593,0.084798515,0.11591056,-0.097371005,0.013525598,0.07578882,0.121636055,0.07501779,0.12991804,-0.09914068,0.01295547,0.06639617,0.12403044,0.056238405,0.1413246,-0.09612283,0.048560817,0.04993062,0.17020749,0.034678746,0.1491835,-0.08845529,0.13278136,0.035380453,0.30252704,0.020910675,0.15553458,0.0007908538,0.0007908538
230,0.08307874,0.3195672,0.09000234,0.104203135,-0.09266283,0.035548344,0.08173914,0.17065518,0.08817374,0.11777942,-0.098473705,0.014696444,0.07918055,0.1253135,0.078635275,0.13179877,-0.09991061,0.0144398855,0.07007242,0.1272763,0.060365617,0.14324881,-0.09646348,0.050112095,0.054201424,0.17314026,0.039847896,0.15118408,-0.08831811,0.13422592,0.040799648,0.30527553,0.028374719,0.15780833,0.0007908538,0.0007908538
231,0.0810682,0.3208563,0.08884654,0.105316386,-0.094555594,0.03027695,0.080354206,0.1702324,0.08706998,0.119555965,-0.10016995,0.010771904,0.077973664,0.12451888,0.07743699,0.13384387,-0.10131843,0.011642823,0.068819806,0.12644793,0.058953755,0.14547466,-0.097480044,0.048347645,0.052692,0.17246103,0.03793972,0.15366311,-0.08887797,0.13334721,0.038838983,0.30519152,0.025542032,0.16075715,0.0007908538,0.0007908538
232,0.07701297,0.3203099,0.086267985,0.1040951,-0.09166381,0.03278751,0.07788495,0.16881938,0.08501151,0.1182439,-0.09740218,0.011913979,0.07592908,0.122967556,0.07534411,0.13234682,-0.09861826,0.011836747,0.06669432,0.1252017,0.05650399,0.143835,-0.09482526,0.048064418,0.05020098,0.17192057,0.034767553,0.15188546,-0.08620698,0.1331223,0.035683896,0.306172,0.02102318,0.15870409,0.0007908538,0.0007908538
233,0.07893775,0.32321972,0.087750174,0.10511791,-0.09067266,0.034518503,0.07941723,0.17120972,0.08656503,0.11886697,-0.09627962,0.013277892,0.07752522,0.12500046,0.07707553,0.13279463,-0.09727772,0.012933479,0.06847212,0.12707189,0.058465257,0.14418404,-0.09318173,0.048961706,0.0522479,0.17389676,0.03717525,0.15216446,-0.08418412,0.13397042,0.03824752,0.3087321,0.02449151,0.15896097,0.0007908538,0.0007908538
234,0.07840189,0.32420272,0.08750292,0.10692431,-0.093058676,0.033102717,0.079055525,0.17140472,0.086345814,0.121096835,-0.09841268,0.012136887,0.07727986,0.12491907,0.07689726,0.13522817,-0.099086985,0.012003147,0.0683194,0.12682241,0.058338385,0.14677942,-0.0945703,0.048246667,0.05214791,0.17349993,0.037063774,0.15500824,-0.08509608,0.1334929,0.03815232,0.3082665,0.024339506,0.16230014,0.0007908538,0.0007908538
235,0.07858294,0.32493916,0.08769076,0.10667415,-0.0911054,0.035469543,0.079342924,0.17205504,0.08667014,0.12045139,-0.09648982,0.013764207,0.0776425,0.1254877,0.07727852,0.13436757,-0.09715735,0.01309303,0.06871197,0.12744832,0.05872969,0.14577624,-0.09261238,0.048974782,0.05256919,0.17437905,0.0375076,0.15385732,-0.08307133,0.1340914,0.038667083,0.30975002,0.025011657,0.16092394,0.0007908538,0.0007908538
236,0.0746059,0.32361764,0.085085735,0.10693066,-0.09153953,0.035182066,0.07672311,0.16999944,0.084402494,0.12119306,-0.09684424,0.012954092,0.07537172,0.123337865,0.07496513,0.13522078,-0.09737097,0.0119283255,0.0663997,0.1254221,0.056154303,0.14669712,-0.09262561,0.0477425,0.049961753,0.17256893,0.03430601,0.15490934,-0.08282743,0.13309562,0.035399202,0.30841842,0.020434693,0.16219595,0.0007908538,0.0007908538
237,0.07542522,0.32537794,0.0857628,0.10792073,-0.092505485,0.03585104,0.07741311,0.17136145,0.085185945,0.12229924,-0.09768291,0.013495573,0.0761679,0.12440221,0.075901665,0.1364081,-0.098036006,0.0123525765,0.06736904,0.12628226,0.05728456,0.14794967,-0.09305977,0.048023917,0.05116643,0.1733361,0.03576987,0.15626022,-0.08299628,0.1332825,0.03699006,0.30929443,0.022590645,0.16376266,0.0007908538,0.0007908538
238,0.079083316,0.32877025,0.08835098,0.106084004,-0.08875058,0.035931047,0.08002267,0.17445697,0.08758485,0.119548135,-0.09420498,0.014147947,0.07851867,0.1273608,0.07829064,0.13331026,-0.0948728,0.013504694,0.06966795,0.12931916,0.05973056,0.14460632,-0.09028935,0.049461942,0.053563595,0.17683005,0.03854942,0.15254949,-0.08065923,0.13477235,0.039913595,0.3138753,0.026536832,0.15939307,0.0007908538,0.0007908538
239,0.073367566,0.32704255,0.08463148,0.1056191,-0.09145204,0.031933192,0.0760713,0.17128584,0.08411974,0.12021216,-0.09692015,0.010637674,0.07489523,0.12408012,0.074567564,0.13444108,-0.097618274,0.010441058,0.065823875,0.12625735,0.055459034,0.14604107,-0.09307599,0.04695075,0.04912987,0.17407145,0.033142995,0.15433413,-0.083517194,0.13283178,0.034368962,0.31169814,0.018765422,0.16166815,0.0007908538,0.0007908538
240,0.076552406,0.32984734,0.08687329,0.10586773,-0.09248792,0.034585502,0.07833764,0.17410263,0.08630506,0.120397545,-0.0979566,0.012931124,0.077045135,0.12661201,0.076901734,0.13473901,-0.098679125,0.012410369,0.06814078,0.12854125,0.05809959,0.14642967,-0.09417808,0.04845799,0.051869333,0.17624858,0.036502603,0.15478455,-0.08470302,0.13382962,0.037973586,0.31393144,0.023746867,0.16223271,0.0007908538,0.0007908538
241,0.07445604,0.32934314,0.0855252,0.10602572,-0.09354181,0.034413677,0.0769489,0.17311142,0.085127145,0.120994754,-0.098964304,0.012523032,0.07583258,0.12552632,0.07568333,0.13550803,-0.09961959,0.011842018,0.06690211,0.1274933,0.056733474,0.14731187,-0.09502632,0.04784428,0.050487403,0.17529131,0.0348129,0.15581311,-0.08544782,0.13329506,0.03628119,0.31319848,0.021357799,0.16349709,0.0007908538,0.0007908538
242,0.07421817,0.32948312,0.08539402,0.10586798,-0.09373555,0.03633919,0.076859534,0.17325918,0.0851071,0.12093637,-0.09917562,0.013825041,0.07580525,0.12560815,0.075691916,0.1355065,-0.09984943,0.012662278,0.06690175,0.12756458,0.05674826,0.1473469,-0.09527805,0.048276704,0.050535236,0.17541914,0.034871563,0.15588142,-0.08572894,0.13347957,0.036415387,0.3134832,0.021525126,0.16360965,0.0007908538,0.0007908538
243,0.07465479,0.33007365,0.08571986,0.10527332,-0.09264966,0.03702049,0.07720747,0.17376876,0.08543874,0.120137416,-0.09817074,0.0143900085,0.07612203,0.1260914,0.0760057,0.1346202,-0.09893121,0.013165254,0.0671858,0.12810685,0.05702843,0.14639747,-0.09446499,0.048725963,0.05080246,0.17614223,0.03515403,0.15483984,-0.08502776,0.1338892,0.03674102,0.31459233,0.021943904,0.16239735,0.0007908538,0.0007908538
244,0.07392025,0.33007827,0.085261196,0.10580956,-0.0940331,0.035677403,0.076666586,0.17339262,0.084978364,0.12100476,-0.09947431,0.013355976,0.075625174,0.12563595,0.07551304,0.13564391,-0.100141756,0.0123714395,0.06668339,0.1276118,0.05649005,0.14753123,-0.095557846,0.048138842,0.050249554,0.17558339,0.03449597,0.15611483,-0.08599816,0.13346037,0.036064174,0.31394932,0.02099985,0.16392021,0.0007908538,0.0007908538
245,0.073795594,0.33044434,0.08521722,0.10461492,-0.091588676,0.03510413,0.07663026,0.17349584,0.084929384,0.11941274,-0.09718626,0.013001331,0.07555645,0.12577623,0.07537584,0.13383564,-0.09801741,0.012252865,0.06649565,0.12794015,0.05618929,0.14556435,-0.09363089,0.0482595,0.049877226,0.17627792,0.033948377,0.15394132,-0.08426883,0.13378687,0.03549788,0.3153461,0.02015034,0.16136396,0.0007908538,0.0007908538
246,0.074516855,0.33132482,0.08574507,0.105750665,-0.093307644,0.034899462,0.07711768,0.17420585,0.08543042,0.12074836,-0.0987613,0.01291713,0.07605573,0.12633044,0.075959034,0.13530575,-0.09942608,0.012228551,0.06710858,0.12831542,0.056928623,0.14714302,-0.09483017,0.04823047,0.05066724,0.17643812,0.034950364,0.15566938,-0.08524525,0.1337185,0.03655061,0.315221,0.021624526,0.16338968,0.0007908538,0.0007908538
247,0.075781696,0.33240172,0.086627975,0.10561508,-0.09244842,0.03492762,0.07800903,0.17521779,0.086247824,0.120335504,-0.097930714,0.013113036,0.076873764,0.12728529,0.07680145,0.13478617,-0.09862046,0.012562642,0.06794415,0.12925154,0.05783639,0.146554,-0.094052196,0.04864231,0.05157641,0.1774417,0.036027014,0.1549916,-0.08449122,0.13415182,0.037666526,0.31643432,0.02315407,0.1625735,0.0007908538,0.0007908538
248,0.07330598,0.33091736,0.08497135,0.10465754,-0.090386145,0.041144207,0.07661294,0.17418367,0.08509145,0.11924862,-0.09595914,0.017049368,0.07580873,0.12630102,0.07574275,0.13354358,-0.09671343,0.014770743,0.06691898,0.12844029,0.0566863,0.14519489,-0.09220654,0.04961154,0.050501037,0.17698026,0.034685448,0.15351526,-0.082673565,0.1345063,0.036416214,0.31663978,0.021401819,0.16087244,0.0007908538,0.0007908538
249,0.07481537,0.33352476,0.086127736,0.107380845,-0.094905116,0.033557907,0.077342495,0.17526977,0.08575808,0.122515544,-0.1001388,0.01192015,0.07632036,0.12703218,0.07629214,0.13716933,-0.10051472,0.011521312,0.06743695,0.12887998,0.057301592,0.14910902,-0.095537074,0.0478009,0.05105201,0.1770179,0.03539329,0.15781432,-0.08551558,0.1335721,0.03704711,0.3161246,0.022290163,0.16591974,0.0007908538,0.0007908538
250,0.07462097,0.33363232,0.08601997,0.10425763,-0.08832854,0.03573661,0.07736408,0.17533869,0.085697874,0.11828063,-0.09396972,0.013473225,0.07625189,0.1272998,0.07604172,0.13233307,-0.094771795,0.012740417,0.06708691,0.1296422,0.05668789,0.14383523,-0.09031101,0.04891027,0.050322734,0.17867751,0.034297533,0.15197878,-0.08080734,0.13475552,0.035943385,0.31939626,0.02066208,0.15905774,0.0007908538,0.0007908538
