Epoch,Layer0_theta_1,Layer0_r,Layer0_theta_2,Layer0_bx,Layer0_bp,Layer0_gamma,Layer1_theta_1,Layer1_r,Layer1_theta_2,Layer1_bx,Layer1_bp,Layer1_gamma,Layer2_theta_1,Layer2_r,Layer2_theta_2,Layer2_bx,Layer2_bp,Layer2_gamma,Layer3_theta_1,Layer3_r,Layer3_theta_2,Layer3_bx,Layer3_bp,Layer3_gamma,Layer4_theta_1,Layer4_r,Layer4_theta_2,Layer4_bx,Layer4_bp,Layer4_gamma,Layer5_theta_1,Layer5_r,Layer5_theta_2,Layer5_bx,Layer5_bp,Layer5_gamma
1,0.075827606,0.080544844,0.075761095,0.027818039,-0.007420024,-0.0050739823,0.075548425,0.08068667,0.07548977,0.0285775,-0.0075483625,-0.0009820445,0.07525114,0.080748856,0.07522432,0.029015722,-0.0075623393,0.0036810113,0.07496006,0.08075523,0.07497835,0.029215867,-0.007514082,0.008727238,0.07468624,0.0807062,0.07474877,0.029262787,-0.0074478723,0.013848982,0.07442397,0.08057512,0.07451752,0.02923253,0.0007908538,0.0007908538
2,0.10856599,0.12919876,0.10851564,0.037342478,-0.0032827614,-0.02480903,0.1082646,0.1206212,0.10832905,0.036604874,-0.002967761,-0.018475866,0.108020656,0.1172733,0.10846283,0.036131192,-0.0028970535,-0.009218499,0.10803982,0.11718842,0.10765026,0.035861596,-0.0028394544,0.0047228006,0.10714361,0.12057411,0.10710563,0.03557081,-0.0026761438,0.024264622,0.10664559,0.12938368,0.10669849,0.03515095,0.0007908538,0.0007908538
3,0.07652139,0.1413468,0.07720533,0.05006249,0.030642403,-0.031986296,0.07693659,0.10499566,0.0779445,0.038603127,0.032624736,-0.03387567,0.07756335,0.09275911,0.07913987,0.031240894,0.03306531,-0.033651598,0.07866607,0.09292911,0.07707823,0.027292581,0.032984354,-0.020942774,0.07646389,0.105763935,0.07544963,0.02497859,0.033111017,0.015097993,0.07489724,0.14223962,0.0742471,0.022735747,0.0007908538,0.0007908538
4,0.08455292,0.15956014,0.080815196,0.048395865,0.04813776,-0.03895728,0.08054104,0.113126345,0.08003652,0.03513824,0.04938904,-0.042812172,0.07974596,0.09730384,0.08151633,0.027313758,0.049104106,-0.04395823,0.08111155,0.09750183,0.07936638,0.023544239,0.048661746,-0.027968664,0.07866108,0.114163466,0.07919063,0.021011366,0.04886229,0.019418148,0.07861337,0.16107763,0.08249823,0.017917732,0.0007908538,0.0007908538
5,0.097169966,0.1727398,0.08973851,0.048124358,0.036180153,-0.04857007,0.08942591,0.12304667,0.08752899,0.037361503,0.03726135,-0.051993124,0.08728771,0.10584235,0.089034595,0.032086436,0.036447696,-0.05234962,0.08864162,0.1060247,0.08696643,0.030532818,0.035514645,-0.032872796,0.08609289,0.12422382,0.08801723,0.029469466,0.035225183,0.022149136,0.087243006,0.17508674,0.0947618,0.027540697,0.0007908538,0.0007908538
6,0.08717696,0.1754478,0.081749104,0.053300932,0.04344802,-0.04262046,0.08143988,0.11914947,0.08058447,0.03898946,0.04550581,-0.04824625,0.079946585,0.09981176,0.08199258,0.031046126,0.045236737,-0.052804176,0.081221074,0.10005816,0.07905137,0.027858645,0.044556454,-0.037796784,0.07807627,0.12028263,0.07880228,0.025995856,0.044493865,0.016588584,0.07798321,0.17691208,0.08313975,0.023432259,0.0007908538,0.0007908538
7,0.08866559,0.18043241,0.08280768,0.054403592,0.044256527,-0.03608698,0.0823749,0.12114001,0.0815025,0.039621893,0.0465032,-0.042759307,0.08045559,0.1006229,0.0825139,0.031463217,0.046289407,-0.049649704,0.081346296,0.10080342,0.07896761,0.02830549,0.045647625,-0.03755545,0.077825025,0.12191703,0.078370176,0.02652524,0.0456954,0.015499304,0.07749482,0.18076597,0.08264572,0.023963245,0.0007908538,0.0007908538
8,0.09250668,0.18333188,0.085696176,0.056039736,0.033916786,-0.039424803,0.08526584,0.12374661,0.08410543,0.042669132,0.03647438,-0.04573284,0.08293581,0.103005484,0.08497733,0.035737965,0.036279365,-0.053266108,0.083677,0.103194945,0.08131073,0.033627212,0.03554205,-0.04201405,0.08006903,0.124518074,0.08088218,0.032705702,0.035393525,0.011277146,0.07985841,0.18372148,0.08578548,0.031100344,0.0007908538,0.0007908538
9,0.08898592,0.18359035,0.083045855,0.056733057,0.04080509,-0.034804597,0.08268149,0.12212738,0.08193858,0.04185058,0.043463018,-0.041988052,0.0805676,0.100777306,0.082681894,0.033704534,0.04341807,-0.051857337,0.081140324,0.10101141,0.07858632,0.03071124,0.04283838,-0.04411801,0.077292226,0.12290539,0.07760136,0.029183509,0.042920243,0.006436983,0.07658946,0.18353362,0.08147885,0.026951708,0.0007908538,0.0007908538
10,0.09102899,0.18444197,0.08458341,0.056494497,0.039965183,-0.03866461,0.084373556,0.12338443,0.08348508,0.041915342,0.042562187,-0.04530159,0.08214108,0.10213508,0.0842685,0.034072742,0.042455748,-0.05571081,0.08271973,0.1024389,0.08023013,0.03135339,0.04184878,-0.049077168,0.078952804,0.12435441,0.07950119,0.03000057,0.041938532,0.0008816993,0.07845084,0.18477485,0.0839288,0.027883094,0.0007908538,0.0007908538
11,0.09074504,0.1846592,0.08437558,0.05629423,0.042696334,-0.038775593,0.0843072,0.1233301,0.08350113,0.04129438,0.045244098,-0.04535696,0.0821062,0.10196901,0.08427108,0.033135172,0.045141604,-0.05695154,0.08261222,0.102314495,0.08010455,0.030186545,0.04457394,-0.052485783,0.07880939,0.12438371,0.07931178,0.028643897,0.044749353,-0.0043941042,0.07826824,0.18502586,0.08367747,0.026284762,0.0007908538,0.0007908538
12,0.089928396,0.1845898,0.08376284,0.057146315,0.040918108,-0.038459405,0.08378269,0.12286445,0.08310688,0.042167973,0.043631166,-0.04504024,0.08160705,0.1013386,0.08380667,0.03400604,0.043612797,-0.057897683,0.08198287,0.10170517,0.07942852,0.031067627,0.043069296,-0.05575142,0.07807312,0.12393598,0.07843695,0.02959385,0.04322519,-0.00972148,0.07737059,0.1848825,0.08248413,0.02738449,0.0007908538,0.0007908538
13,0.09094767,0.18519726,0.08454818,0.056914818,0.040250383,-0.038322523,0.08467388,0.1234742,0.08395492,0.042160038,0.042916648,-0.044704776,0.08237028,0.10187466,0.08457711,0.034193985,0.04285037,-0.058568023,0.08259411,0.10224381,0.0800422,0.031426217,0.042272814,-0.058489155,0.078616455,0.12453714,0.07903137,0.030073497,0.042409092,-0.014470581,0.07794941,0.18545218,0.08322794,0.027948864,0.0007908538,0.0007908538
14,0.09038425,0.1853088,0.084136166,0.056654677,0.042828288,-0.03687255,0.084398195,0.123216316,0.08379145,0.041504633,0.045442745,-0.04328096,0.0821152,0.10144732,0.08435783,0.033226456,0.045376405,-0.058526345,0.082192354,0.10182831,0.07960322,0.030220715,0.044826344,-0.06112107,0.07811226,0.12428716,0.07842024,0.02867676,0.045024946,-0.019753883,0.0773625,0.1854619,0.08243836,0.026317557,0.0007908538,0.0007908538
15,0.0911616,0.18572603,0.08473384,0.056687374,0.04146324,-0.036862224,0.08511266,0.12365756,0.08448673,0.04179524,0.04407977,-0.04305458,0.08273339,0.10182232,0.08499247,0.033731185,0.043990213,-0.059335724,0.082665466,0.10220524,0.08008073,0.030909307,0.043411504,-0.06410584,0.07851394,0.12472839,0.078858085,0.029514706,0.043579217,-0.024922766,0.07779356,0.18587826,0.082991056,0.027299574,0.0007908538,0.0007908538
16,0.08986606,0.18522881,0.08375014,0.057610136,0.039436247,-0.037425257,0.08425293,0.12284492,0.083797425,0.042763427,0.042237204,-0.0434353,0.081968814,0.10088413,0.08427491,0.034702275,0.042252474,-0.060897347,0.08179187,0.10130562,0.079163246,0.031867955,0.041709263,-0.06807089,0.07753637,0.12400402,0.07771732,0.030522011,0.04185154,-0.031188508,0.07665816,0.18546078,0.08148899,0.028461466,0.0007908538,0.0007908538
17,0.091111004,0.18615282,0.08472164,0.05633938,0.042695947,-0.035869714,0.08535514,0.12368122,0.084845714,0.041328885,0.0452583,-0.04170977,0.08293116,0.10159619,0.08524577,0.033173572,0.045141157,-0.060251758,0.08256635,0.10199212,0.07994018,0.03029472,0.04455268,-0.0697961,0.07821231,0.124772966,0.078451626,0.028857699,0.0447364,-0.03548755,0.07742102,0.18622747,0.082465485,0.026550736,0.0007908538,0.0007908538
18,0.09072797,0.18591504,0.084429,0.05624806,0.04303734,-0.037491303,0.08524648,0.12343033,0.084823094,0.04118483,0.04559789,-0.042883977,0.08288686,0.10131288,0.08524623,0.032985933,0.045481376,-0.06237175,0.08244969,0.101760775,0.07982192,0.03007287,0.044891723,-0.07412698,0.07805228,0.12467406,0.078258544,0.028613573,0.045074344,-0.042062618,0.077263966,0.18623713,0.082251735,0.026276194,0.0007908538,0.0007908538
19,0.09052614,0.18606424,0.08429151,0.056913048,0.039186686,-0.037547275,0.08518881,0.123281896,0.08484062,0.04234352,0.041882593,-0.04263167,0.082782835,0.100994684,0.08516312,0.034510538,0.041811813,-0.0631043,0.08214686,0.10143685,0.07947419,0.031874344,0.04120046,-0.077122435,0.07757521,0.124502555,0.07766634,0.03068208,0.041295376,-0.047434323,0.07665926,0.18631451,0.08143061,0.028694697,0.0007908538,0.0007908538
20,0.091415115,0.1870867,0.085006304,0.05524629,0.044100855,-0.035125505,0.08603455,0.123968914,0.08567442,0.04029201,0.04651353,-0.04007366,0.08350587,0.10147422,0.08589708,0.032189887,0.04628951,-0.061711624,0.08262868,0.101873405,0.079929896,0.029375818,0.045625445,-0.07834082,0.07787362,0.12508515,0.07794395,0.027985282,0.045771398,-0.05160051,0.076968685,0.18708432,0.08179698,0.025609525,0.0007908538,0.0007908538
21,0.09088122,0.18682292,0.08460224,0.05580868,0.04123763,-0.036949743,0.0857737,0.123581484,0.085513905,0.041194536,0.043766998,-0.04137682,0.08328631,0.101005904,0.08571372,0.033340003,0.043591175,-0.06384949,0.08229064,0.101450674,0.07956488,0.030706866,0.042919338,-0.08259938,0.077426955,0.12483349,0.07740446,0.02950065,0.04300141,-0.05807958,0.07645036,0.18705413,0.0810986,0.027381364,0.0007908538,0.0007908538
22,0.09154808,0.18752867,0.08513558,0.05513283,0.042517073,-0.035426427,0.08644316,0.12406128,0.086194776,0.040498767,0.04493135,-0.03964326,0.08386567,0.101309076,0.08631879,0.032641586,0.0446786,-0.06327748,0.082651705,0.10171214,0.07991131,0.030030457,0.04396402,-0.08468757,0.07761375,0.12522434,0.07756987,0.028830763,0.044043228,-0.06318914,0.076648906,0.18759637,0.08132988,0.0266377,0.0007908538,0.0007908538
23,0.09099536,0.18737759,0.08472061,0.05571063,0.04048686,-0.035642855,0.08617288,0.12370596,0.0860371,0.04125825,0.043011125,-0.039548907,0.08363701,0.100823075,0.08613659,0.03352795,0.042814717,-0.06424709,0.08227902,0.10123007,0.079514466,0.031001767,0.042109516,-0.08814439,0.07710213,0.12490367,0.07695693,0.029905805,0.042152733,-0.069382206,0.076079234,0.18751332,0.080566525,0.02788531,0.0007908538,0.0007908538
24,0.09111075,0.18766423,0.084821805,0.05513322,0.042677272,-0.034797918,0.0864535,0.123831935,0.0863764,0.04044128,0.045102898,-0.038447924,0.08392044,0.10081648,0.08646502,0.032535374,0.044854242,-0.06429031,0.08240624,0.101204805,0.07963779,0.029887456,0.044132262,-0.090872906,0.07709493,0.12502049,0.076919064,0.02868361,0.044202354,-0.07520354,0.07611126,0.1877933,0.08059175,0.026486073,0.0007908538,0.0007908538
25,0.09093504,0.18739343,0.08467888,0.055499453,0.04110216,-0.036572255,0.08650515,0.123646535,0.086499795,0.040985044,0.043591466,-0.039693266,0.08402876,0.100603096,0.08662419,0.03321172,0.043369323,-0.066389784,0.08244036,0.10102995,0.07968331,0.0306677,0.042644758,-0.09524032,0.0770738,0.12498328,0.07688952,0.029573567,0.04268497,-0.08214414,0.0761622,0.18784164,0.080656804,0.027523385,0.0007908538,0.0007908538
26,0.091516554,0.18798698,0.08514037,0.054770768,0.04326194,-0.035032813,0.087140225,0.12407048,0.08715907,0.040079776,0.045620274,-0.037924193,0.08461464,0.100866035,0.08725224,0.032182243,0.045315556,-0.06581042,0.08282707,0.1012396,0.080071576,0.02957349,0.0445517,-0.09749186,0.07728162,0.12531894,0.07708995,0.028420568,0.04460846,-0.087772824,0.07642865,0.18831977,0.080986165,0.026221756,0.0007908538,0.0007908538
27,0.090409465,0.18732183,0.084289424,0.055442076,0.04160753,-0.037128426,0.0865037,0.12333501,0.08668384,0.040828273,0.04409733,-0.0394433,0.08412917,0.100066945,0.08683381,0.0329773,0.043879237,-0.068200335,0.08228126,0.10049609,0.07951539,0.030368406,0.04315259,-0.10229482,0.07665496,0.12478217,0.076362945,0.029244212,0.04319252,-0.09539031,0.07581119,0.1880417,0.0801696,0.027160138,0.0007908538,0.0007908538
28,0.090900525,0.18787421,0.0846883,0.055604108,0.03866237,-0.036877528,0.08701784,0.12365399,0.08722812,0.041512527,0.041183934,-0.038728934,0.0845621,0.10019673,0.087295175,0.034056768,0.040949866,-0.06835083,0.08248285,0.100578055,0.07969351,0.03176619,0.040172186,-0.104866385,0.0766231,0.12501505,0.076270446,0.030935746,0.040122245,-0.100922056,0.07574789,0.18849869,0.080052234,0.029171104,0.0007908538,0.0007908538
29,0.09212174,0.18942513,0.08567722,0.053494718,0.044827074,-0.032434106,0.08814747,0.124671966,0.08834736,0.03886216,0.047003634,-0.034230027,0.08554956,0.10089953,0.08831296,0.031017039,0.04655114,-0.06517631,0.0831336,0.10113556,0.08031993,0.028497113,0.045667887,-0.104830496,0.07691651,0.12571739,0.07651635,0.027453067,0.045658216,-0.1048045,0.076019295,0.18951526,0.08035341,0.025239937,0.0007908538,0.0007908538
30,0.09151999,0.18903294,0.085219,0.05412471,0.0415032,-0.03538105,0.087874204,0.12422401,0.08818782,0.03992631,0.04380158,-0.036385424,0.085360445,0.10037964,0.088171445,0.032402504,0.043410048,-0.06786875,0.08285879,0.10067585,0.08002773,0.030104788,0.0425292,-0.10954772,0.07653154,0.12547942,0.07604696,0.029279869,0.042450577,-0.11203905,0.07564867,0.18954459,0.07984733,0.027373323,0.0007908538,0.0007908538
31,0.091084175,0.189399,0.084919564,0.054299545,0.04074544,-0.03395221,0.08769937,0.12403348,0.088138044,0.04018453,0.043089543,-0.034664106,0.08518669,0.09990833,0.08804329,0.03271506,0.04272761,-0.06724965,0.08242633,0.10013868,0.07954146,0.030440208,0.04185117,-0.111783475,0.07578296,0.1251675,0.07511891,0.029663734,0.041749578,-0.11779025,0.07477722,0.1896997,0.078659646,0.027844789,0.0007908538,0.0007908538
32,0.091002196,0.18917097,0.08485135,0.054568168,0.038875382,-0.036494326,0.08783475,0.123913154,0.088339515,0.040723708,0.041266795,-0.036474742,0.08538602,0.09975426,0.08829331,0.033461697,0.04092007,-0.06957304,0.08257227,0.100028224,0.0797015,0.031347953,0.04003066,-0.116071835,0.07586895,0.125229,0.075204864,0.030730186,0.03988166,-0.12460245,0.07499333,0.1898927,0.07893619,0.029101834,0.0007908538,0.0007908538
33,0.09194562,0.1902418,0.085609846,0.052526705,0.045074824,-0.03420233,0.08878122,0.12468675,0.08928854,0.038086865,0.047146164,-0.033905264,0.08627616,0.10032556,0.08922644,0.030392442,0.046591993,-0.06799908,0.08323935,0.10050708,0.080371596,0.028014729,0.04560063,-0.11718644,0.076271676,0.125849,0.07560428,0.027159603,0.04550107,-0.12921666,0.07546475,0.1907516,0.07951758,0.025070464,0.0007908538,0.0007908538
34,0.09199057,0.1904242,0.085665755,0.05255919,0.04273978,-0.03571248,0.08901655,0.12473979,0.08959842,0.038569476,0.044829726,-0.034689087,0.08653264,0.1002435,0.089529656,0.031206638,0.04426053,-0.06934423,0.08334756,0.10042418,0.080465786,0.029087689,0.04322301,-0.120702125,0.07617892,0.12597392,0.07544592,0.028484274,0.043037254,-0.1356255,0.07538937,0.19117464,0.07938237,0.026671993,0.0007908538,0.0007908538
35,0.090040945,0.19033015,0.08423938,0.053082827,0.04136211,-0.03486635,0.08773617,0.12377599,0.08860024,0.03913009,0.043594323,-0.033447605,0.08542254,0.09892523,0.08848877,0.031806655,0.043145664,-0.06906211,0.082004726,0.099072576,0.07901931,0.029616125,0.042170364,-0.12317732,0.07444131,0.12498328,0.07334878,0.028968405,0.04196221,-0.14159216,0.073362395,0.19102396,0.07663449,0.02723319,0.0007908538,0.0007908538
36,0.09194553,0.19157751,0.085726246,0.052460704,0.039796766,-0.034917813,0.089381136,0.1250617,0.0901727,0.039030857,0.04191186,-0.032915384,0.08692801,0.10007016,0.09003379,0.03209685,0.041320957,-0.06914853,0.0833222,0.10013456,0.0803711,0.030317407,0.04020961,-0.12541838,0.07555554,0.1261439,0.07456491,0.030077564,0.03988573,-0.1467158,0.074634805,0.19225955,0.07826653,0.028667577,0.0007908538,0.0007908538
37,0.09070661,0.19125123,0.08480147,0.05187499,0.044028778,-0.035680108,0.08873399,0.12444396,0.08972754,0.03771612,0.046089083,-0.0331795,0.08650133,0.09930559,0.08969465,0.030260026,0.0454987,-0.07026895,0.08284203,0.09939611,0.079877794,0.028047992,0.044417404,-0.12914471,0.074925795,0.12569802,0.0738041,0.027437545,0.044186104,-0.1538477,0.074074455,0.19229284,0.077496946,0.025609767,0.0007908538,0.0007908538
38,0.09150856,0.19165508,0.08542327,0.05222909,0.040452484,-0.037003342,0.08953626,0.12489449,0.09053964,0.03871268,0.04254741,-0.03384985,0.087257676,0.099646375,0.09049703,0.031724434,0.04193851,-0.07153426,0.08344908,0.09970898,0.08050076,0.029915359,0.040800743,-0.13261342,0.07534886,0.126171,0.074247584,0.029708888,0.040456474,-0.1603287,0.07462253,0.19293153,0.078193866,0.028325018,0.0007908538,0.0007908538
39,0.09078098,0.1919776,0.08491256,0.052251633,0.040569182,-0.035493378,0.08918398,0.12459513,0.09035346,0.03868256,0.04269207,-0.032044187,0.08697268,0.09905044,0.09027432,0.031661935,0.042114347,-0.070726894,0.082920715,0.09903416,0.07991795,0.02978822,0.040990163,-0.13461702,0.074435346,0.12575762,0.07311673,0.029548438,0.040638283,-0.16605799,0.07356986,0.19311817,0.07674887,0.028172845,0.0007908538,0.0007908538
40,0.09185213,0.19287826,0.08575691,0.051385444,0.04177548,-0.034367204,0.09022205,0.12536065,0.09139339,0.03784181,0.043752294,-0.030510433,0.087956004,0.09964018,0.09131496,0.03083441,0.043039277,-0.07004222,0.083699524,0.099517375,0.080719,0.029048273,0.041805834,-0.13653535,0.07492727,0.12636839,0.07362673,0.028926985,0.041405335,-0.17154978,0.074162,0.1939484,0.07749692,0.02757431,0.0007908538,0.0007908538
41,0.08903154,0.19124663,0.0835937,0.05298181,0.038468998,-0.038542386,0.088323586,0.12354947,0.089810416,0.03954862,0.040738236,-0.033842262,0.086400814,0.097738504,0.08984414,0.032655053,0.040280152,-0.073698595,0.08219159,0.0977525,0.079164505,0.030788312,0.039213587,-0.14211433,0.073358804,0.124989554,0.071813345,0.030589368,0.038823813,-0.17990154,0.07261874,0.19315632,0.07544746,0.02938794,0.0007908538,0.0007908538
42,0.09180501,0.19351183,0.08578007,0.05063191,0.04103202,-0.03580518,0.09062689,0.12552644,0.09197671,0.0374295,0.042928793,-0.03065942,0.08844468,0.09945588,0.09191122,0.030683652,0.042134766,-0.071174435,0.08388963,0.09927208,0.08088139,0.029106358,0.040808707,-0.14194733,0.0746041,0.12656544,0.073136024,0.029221075,0.04030113,-0.1831039,0.07388711,0.19491553,0.077052146,0.028087037,0.0007908538,0.0007908538
43,0.09162678,0.19425328,0.08569978,0.04939161,0.044400893,-0.03411656,0.09072463,0.12564455,0.09219508,0.035832122,0.046145227,-0.028585587,0.088580556,0.09928267,0.09210479,0.028834114,0.045243125,-0.0699134,0.08377445,0.09900306,0.080723934,0.027070932,0.04384214,-0.14332472,0.074058846,0.12654409,0.07241604,0.027041791,0.043343544,-0.18816379,0.07322599,0.19548753,0.076114506,0.025673965,0.0007908538,0.0007908538
44,0.09055751,0.19362706,0.08488511,0.050553758,0.03954896,-0.037378836,0.09012064,0.124888785,0.09175588,0.037604406,0.04148463,-0.030987602,0.088098936,0.0983981,0.09167481,0.031075407,0.04072364,-0.07257165,0.083212785,0.09818594,0.080126464,0.029596902,0.03938972,-0.14784221,0.07332497,0.12604572,0.071530394,0.029846275,0.03880338,-0.19547871,0.072530314,0.19545816,0.07516761,0.02893193,0.0007908538,0.0007908538
45,0.091688916,0.1947737,0.08578433,0.049385052,0.041730456,-0.03569162,0.091210224,0.12570356,0.092850804,0.03633625,0.043489628,-0.028943406,0.08910643,0.09897595,0.09273524,0.029722525,0.042568807,-0.071427085,0.08395389,0.09863658,0.0808717,0.028272869,0.041108377,-0.14945173,0.07366712,0.12667009,0.07184375,0.028613271,0.040479645,-0.20092484,0.07291326,0.19645652,0.07562738,0.027678167,0.0007908538,0.0007908538
46,0.09076994,0.1945547,0.08509969,0.049599588,0.041812,-0.036458228,0.0907715,0.12517767,0.09258828,0.036417384,0.043624546,-0.029201064,0.088813595,0.09826321,0.09251785,0.02973056,0.04275498,-0.072406024,0.08354255,0.097917296,0.080437616,0.028184729,0.0413239,-0.15295094,0.07299523,0.12625346,0.07101937,0.028469479,0.040703442,-0.20798132,0.07228517,0.19658192,0.074760966,0.027535412,0.0007908538,0.0007908538
47,0.091556124,0.19484726,0.08570073,0.04929944,0.040973913,-0.03804297,0.09163015,0.12564103,0.09346512,0.036385365,0.04272368,-0.03011523,0.0896824,0.098649874,0.09345038,0.029887058,0.0417739,-0.07379051,0.084327616,0.09828124,0.0812642,0.028552376,0.04025913,-0.15646738,0.07362388,0.12680063,0.07171067,0.02908542,0.039551955,-0.21468274,0.07316314,0.19731912,0.07590652,0.02837246,0.0007908538,0.0007908538
48,0.091746844,0.19596057,0.085907735,0.047526285,0.04672806,-0.034496658,0.09204239,0.12602568,0.09398575,0.0338875,0.04824926,-0.02646976,0.090118244,0.098705284,0.09396131,0.026868837,0.04712109,-0.07133161,0.08445553,0.09816667,0.08136578,0.025186256,0.045481123,-0.15717794,0.07319861,0.12690617,0.07111892,0.025453493,0.04482533,-0.21973446,0.072609365,0.19806878,0.07510257,0.024323218,0.0007908538,0.0007908538
49,0.09204212,0.19634093,0.086162634,0.04852489,0.03989332,-0.0368212,0.09244105,0.126151,0.09444861,0.036093514,0.041541986,-0.027933327,0.090453394,0.09860821,0.09432484,0.029934363,0.040488806,-0.07297071,0.084582895,0.09806543,0.08145139,0.028895283,0.038858235,-0.16063921,0.07300515,0.12710108,0.07080675,0.029810855,0.038010996,-0.22607943,0.072402366,0.19875966,0.074770115,0.029504236,0.0007908538,0.0007908538
50,0.088753626,0.19555607,0.08372306,0.04936729,0.038404755,-0.03827406,0.0901972,0.12432868,0.09260351,0.03689545,0.040255133,-0.028718743,0.08851853,0.09641141,0.092454,0.030796647,0.03942951,-0.07413732,0.08248679,0.09594366,0.079205,0.029572962,0.037967518,-0.16400877,0.070479825,0.12553072,0.0677788,0.030290613,0.037151393,-0.23275845,0.06955814,0.19835068,0.07089674,0.03000616,0.0007908538,0.0007908538
51,0.09175428,0.19774325,0.08608754,0.046688415,0.04035818,-0.038506616,0.09275266,0.12652537,0.09502001,0.034646496,0.04181112,-0.028135821,0.09087709,0.09843443,0.09485427,0.028803801,0.040590305,-0.07364199,0.084650226,0.097839944,0.08142255,0.02800121,0.03879602,-0.16514818,0.07231958,0.12753187,0.069789134,0.029210452,0.0378011,-0.23655458,0.07156705,0.20052625,0.07348441,0.029160565,0.0007908538,0.0007908538
52,0.09050148,0.19811699,0.08520134,0.045812182,0.043607846,-0.036818452,0.09205685,0.1260318,0.09455269,0.03321768,0.044991415,-0.026196286,0.09033477,0.097605765,0.09438302,0.027031574,0.043733127,-0.07250045,0.08387644,0.09693863,0.08057405,0.025907356,0.041903343,-0.16655912,0.071037516,0.12697046,0.068202466,0.02683682,0.040944096,-0.24156037,0.070057504,0.20081994,0.07139218,0.026488544,0.0007908538,0.0007908538
53,0.09074406,0.19790995,0.08537783,0.047034446,0.03728547,-0.04064375,0.0924663,0.12604941,0.09501789,0.035490748,0.03881278,-0.02914292,0.09075903,0.09754453,0.09485354,0.030050483,0.037655145,-0.0754837,0.08425907,0.09693168,0.080969326,0.029492928,0.03587583,-0.17102592,0.07133554,0.12723197,0.068512216,0.031002808,0.034764793,-0.24854636,0.0706139,0.20135286,0.0721157,0.031406093,0.0007908538,0.0007908538
54,0.09041968,0.19837202,0.085174784,0.045473624,0.042115305,-0.04024315,0.092523634,0.12601972,0.095213376,0.033275563,0.043466553,-0.02831372,0.09091186,0.09727559,0.0950746,0.027393332,0.0421671,-0.0753057,0.0842389,0.09661918,0.080924176,0.026519991,0.040275693,-0.17328973,0.0709311,0.12723413,0.06796204,0.027785184,0.039208956,-0.25442216,0.07022039,0.2020009,0.07153309,0.027826007,0.0007908538,0.0007908538
55,0.091923796,0.1994558,0.08634915,0.044434763,0.04254316,-0.039748684,0.09393171,0.1270188,0.09660331,0.03250117,0.043725703,-0.02740355,0.09223926,0.098097675,0.09646841,0.026763491,0.04224457,-0.07507982,0.085365415,0.09731591,0.08209173,0.026116876,0.04018687,-0.17548077,0.07170325,0.12808181,0.06878825,0.027682925,0.03900947,-0.2601889,0.07115978,0.20313801,0.07274927,0.027940566,0.0007908538,0.0007908538
56,0.08966728,0.19912858,0.08467774,0.045784216,0.04005916,-0.037973806,0.0924346,0.12571593,0.09542138,0.033890285,0.041455507,-0.025574218,0.090940654,0.096420765,0.09524591,0.028261852,0.04018877,-0.07433366,0.08379025,0.09557036,0.08040994,0.027523356,0.03827931,-0.17765178,0.069546774,0.12673034,0.06620085,0.029000508,0.037090305,-0.26636422,0.06869476,0.20277138,0.069384724,0.02940853,0.0007908538,0.0007908538
57,0.09036711,0.19919798,0.0852067,0.046030868,0.036861032,-0.041538455,0.093247466,0.12608907,0.0962639,0.034817003,0.03825813,-0.028276388,0.09176713,0.09672172,0.096132286,0.029650504,0.036968514,-0.07706966,0.08460951,0.095906675,0.08127233,0.029317085,0.03502159,-0.18193255,0.07031645,0.1273213,0.06705963,0.031248031,0.03370027,-0.2733325,0.06985027,0.20358782,0.07091521,0.0321651,0.0007908538,0.0007908538
58,0.08978663,0.19965328,0.084819764,0.044142723,0.04285299,-0.04150286,0.09313072,0.1259553,0.09631352,0.03205632,0.044054545,-0.027765084,0.09177868,0.09632787,0.09621183,0.026316563,0.042604797,-0.07705794,0.08446871,0.09549385,0.0810943,0.025563302,0.040527698,-0.18415506,0.06978733,0.127274,0.066351786,0.02715552,0.03928928,-0.27895084,0.06931064,0.20429361,0.07011909,0.027595544,0.0007908538,0.0007908538
59,0.09135385,0.20141907,0.08608856,0.04332052,0.041388493,-0.03914987,0.094544224,0.1271443,0.09773294,0.03185422,0.042447392,-0.025170725,0.0930539,0.097185545,0.09754708,0.02650581,0.040829822,-0.07529543,0.085385665,0.096146494,0.08200189,0.02615448,0.038582165,-0.18500797,0.07007144,0.12810531,0.06655008,0.028234888,0.03715626,-0.28347805,0.06946218,0.2056981,0.07023194,0.029156348,0.0007908538,0.0007908538
60,0.09216025,0.202752,0.086767845,0.041811388,0.044036537,-0.0366064,0.09542838,0.12788653,0.09868511,0.030165676,0.04489768,-0.022476874,0.09391817,0.0976268,0.0984897,0.024677116,0.04307393,-0.0735277,0.08595865,0.096403755,0.08257207,0.024302995,0.040630225,-0.18597402,0.07005731,0.1285609,0.06642786,0.026449338,0.03913975,-0.28829917,0.069354065,0.20676501,0.07001371,0.027336348,0.0007908538,0.0007908538
61,0.09090627,0.20228694,0.0858348,0.043047193,0.038798563,-0.038851306,0.09471917,0.12708984,0.09817896,0.03217004,0.039823577,-0.02404946,0.09333207,0.09660654,0.09795304,0.02728113,0.03816561,-0.07526864,0.085245185,0.09543143,0.08179526,0.027240595,0.035841644,-0.18947434,0.06902984,0.12798646,0.06516529,0.029710462,0.03423013,-0.29472303,0.068306156,0.20689356,0.0685554,0.031157905,0.0007908538,0.0007908538
62,0.089327075,0.20145695,0.08464113,0.043521248,0.036864027,-0.042002447,0.09382216,0.12610342,0.09750523,0.032839637,0.037966553,-0.026428755,0.09263979,0.0954622,0.09731823,0.028171707,0.03640118,-0.0776609,0.084527865,0.09439336,0.08103084,0.028186938,0.03414213,-0.19343868,0.06812788,0.12738054,0.06406798,0.030709937,0.032481138,-0.30147004,0.06751425,0.20696156,0.06745145,0.03234507,0.0007908538,0.0007908538
63,0.091136836,0.2030779,0.086084515,0.039891236,0.043461114,-0.04148485,0.0955486,0.12753929,0.0992058,0.028704187,0.044116423,-0.025384521,0.094317436,0.09671103,0.099067025,0.023653079,0.042088352,-0.07697958,0.08603756,0.095526405,0.082584225,0.023575896,0.039412655,-0.19479103,0.06922677,0.12871192,0.065237306,0.026127584,0.0376876,-0.30598924,0.0687335,0.20874405,0.06901634,0.027465804,0.0007908538,0.0007908538
64,0.08995118,0.20280963,0.085211016,0.041720908,0.03692333,-0.04277091,0.09490129,0.12680614,0.098779455,0.031455904,0.037796758,-0.026185384,0.09378373,0.09569474,0.098595835,0.027106041,0.03598883,-0.078244984,0.08532009,0.09451481,0.08179938,0.027437398,0.033484694,-0.19820637,0.06810559,0.12811938,0.0638491,0.030409148,0.031609472,-0.31269312,0.06756503,0.20895764,0.06737926,0.032478772,0.0007908538,0.0007908538
65,0.08968438,0.20346108,0.08506265,0.040680416,0.03954776,-0.04143304,0.094990246,0.12681058,0.09902084,0.03004486,0.04031019,-0.02466212,0.09394924,0.09540426,0.09883612,0.025467819,0.038392145,-0.077527225,0.085253365,0.094130196,0.08170028,0.025636813,0.03577159,-0.20003933,0.06752015,0.12805381,0.06307157,0.028521953,0.033891056,-0.3181596,0.066914976,0.20965189,0.06643124,0.030468382,0.0007908538,0.0007908538
66,0.09166832,0.20483659,0.08660879,0.03893252,0.041339487,-0.041132644,0.09679053,0.12817578,0.10077484,0.028458593,0.041849405,-0.023988687,0.09565816,0.09660536,0.100621924,0.023917768,0.039646987,-0.07737882,0.08680554,0.095184624,0.0833208,0.024290055,0.036762085,-0.20199123,0.068738796,0.12924075,0.064416185,0.027500717,0.034761805,-0.32327452,0.06838212,0.21112004,0.0683697,0.029627271,0.0007908538,0.0007908538
67,0.09025871,0.20464289,0.0855712,0.039601143,0.04006691,-0.04089653,0.09600614,0.12738197,0.100236505,0.029135501,0.040678553,-0.023529401,0.09505171,0.095523715,0.10009686,0.024672745,0.038589,-0.077658325,0.08602195,0.09406346,0.08248411,0.024997216,0.035781343,-0.20472205,0.06750599,0.12850177,0.0629106,0.028185626,0.033754647,-0.32956645,0.06709843,0.21119891,0.066580385,0.03044764,0.0007908538,0.0007908538
68,0.089413084,0.20433848,0.08493944,0.03959472,0.040783435,-0.04219901,0.09571371,0.12689205,0.100138605,0.02888537,0.04140947,-0.024426457,0.09494304,0.09484104,0.1000822,0.024302952,0.039335147,-0.0790914,0.08586455,0.093377225,0.08233087,0.024500007,0.036520515,-0.20837899,0.06711947,0.12817913,0.062419478,0.027615724,0.034499858,-0.33667973,0.06696616,0.21149696,0.06637069,0.02985379,0.0007908538,0.0007908538
69,0.09324636,0.20747316,0.08795219,0.03637173,0.04434411,-0.038255475,0.09890634,0.12964177,0.10317575,0.025899448,0.044516295,-0.020463185,0.09787281,0.09730204,0.103104934,0.021323923,0.041919507,-0.076162286,0.08842609,0.095473915,0.084983155,0.021853758,0.03861922,-0.20825112,0.06897509,0.13026215,0.06444048,0.025503824,0.03640396,-0.34031388,0.06883159,0.21391095,0.06880473,0.02800329,0.0007908538,0.0007908538
70,0.08953037,0.20665567,0.08521569,0.037738673,0.039975442,-0.0394691,0.09638158,0.12762167,0.10110335,0.027626045,0.040369034,-0.021134429,0.09568416,0.09484657,0.10096273,0.023517786,0.038048115,-0.07702402,0.086021304,0.09314182,0.08238042,0.024080232,0.03496161,-0.21096522,0.065959714,0.12860875,0.060787484,0.027692739,0.032662027,-0.34598893,0.06531511,0.21367855,0.063909546,0.03050932,0.0007908538,0.0007908538
71,0.08971987,0.2065945,0.0853849,0.03699228,0.037886485,-0.04494116,0.09692192,0.12789637,0.10174032,0.027533753,0.038166907,-0.025408229,0.09632213,0.095013194,0.10165811,0.023905156,0.035725933,-0.080652125,0.08674949,0.09345048,0.08312337,0.024864795,0.03252498,-0.21534175,0.06671296,0.12935169,0.061593413,0.028937588,0.030047085,-0.35236153,0.06649195,0.21491574,0.06545138,0.03224716,0.0007908538,0.0007908538
72,0.08895243,0.20711188,0.084871784,0.036512844,0.03781805,-0.04475251,0.09662214,0.12759179,0.10163591,0.027138576,0.03805918,-0.024863495,0.09609654,0.09435976,0.10148327,0.023628233,0.035594355,-0.08057956,0.08626673,0.092772655,0.08255864,0.024622045,0.03235804,-0.2174064,0.0656654,0.12910731,0.060249303,0.02878689,0.029829992,-0.3576121,0.065265834,0.215614,0.06369071,0.032272227,0.0007908538,0.0007908538
73,0.08926592,0.2079852,0.085171126,0.035225797,0.03893158,-0.044799913,0.09718378,0.12796034,0.10230743,0.025932994,0.03901789,-0.024506407,0.096674934,0.09444173,0.102126755,0.02248774,0.036388952,-0.080681846,0.086627804,0.09279177,0.082896635,0.02357263,0.03298673,-0.21965644,0.0655374,0.12947972,0.059990622,0.027920885,0.030377794,-0.3631,0.06514886,0.21672496,0.063453875,0.031563662,0.0007908538,0.0007908538
74,0.08974463,0.20894486,0.08559051,0.03391685,0.04064871,-0.043868173,0.097849354,0.12842138,0.103068106,0.024573069,0.040573653,-0.023381857,0.09735409,0.094631255,0.10288074,0.021088745,0.037764043,-0.080243275,0.08708105,0.092868365,0.08334495,0.02220176,0.03417419,-0.22151685,0.06548478,0.1298379,0.059833895,0.026672434,0.0314985,-0.36824137,0.06510706,0.21774204,0.06333161,0.030386051,0.0007908538,0.0007908538
75,0.090514846,0.2099156,0.086220965,0.03221188,0.04371408,-0.04313731,0.09877704,0.12903792,0.104073554,0.022607503,0.04343378,-0.022471262,0.09830027,0.0950035,0.10391702,0.01892639,0.040386327,-0.08009809,0.08784051,0.09311694,0.084130764,0.019989418,0.03655091,-0.22379573,0.06580724,0.130355,0.06012886,0.024526158,0.03383511,-0.37398422,0.065591544,0.21885026,0.063940056,0.028191151,0.0007908538,0.0007908538
76,0.091626115,0.21132857,0.087125935,0.03270071,0.03903206,-0.041148435,0.0998419,0.1298038,0.10519131,0.024182439,0.0387494,-0.020473897,0.09925113,0.09542916,0.10493404,0.021183347,0.035691146,-0.07905033,0.08842427,0.09335266,0.08469558,0.022807414,0.03184572,-0.22533147,0.06571547,0.13083991,0.059897993,0.028024312,0.028877137,-0.3789684,0.065376215,0.2200378,0.06356278,0.0325713,0.0007908538,0.0007908538
77,0.08837216,0.20996964,0.08469212,0.034406558,0.035187308,-0.044158842,0.09771453,0.1278131,0.103449866,0.026172481,0.035146043,-0.02288196,0.09743748,0.09314198,0.10316272,0.023547785,0.032405097,-0.081509285,0.08653822,0.09126688,0.082671106,0.025174364,0.028846083,-0.22936927,0.06355009,0.12942266,0.057287302,0.030359615,0.02585931,-0.38577998,0.063187726,0.21971606,0.06049699,0.035211354,0.0007908538,0.0007908538
78,0.088826306,0.2107551,0.08509498,0.03243278,0.038097665,-0.044960547,0.09843004,0.12835361,0.10426915,0.023976691,0.037818026,-0.023240142,0.098226495,0.09346004,0.10403177,0.021222027,0.034802083,-0.08213318,0.08722909,0.09154977,0.08337099,0.022835389,0.030957509,-0.23176639,0.063907154,0.13005674,0.057605367,0.028113456,0.027906168,-0.39094108,0.06369928,0.22102806,0.061117746,0.032942656,0.0007908538,0.0007908538
79,0.09082477,0.21282746,0.08670169,0.029871192,0.04061023,-0.043168448,0.100239284,0.12994039,0.10606737,0.021576885,0.03999634,-0.021306565,0.099933684,0.09476355,0.1058193,0.01885958,0.0365858,-0.08084304,0.088666506,0.09264992,0.084838025,0.020683458,0.032348663,-0.23262501,0.0647468,0.13134252,0.058455367,0.02632226,0.029144635,-0.394678,0.06448846,0.22291008,0.06210506,0.03135723,0.0007908538,0.0007908538
80,0.08876726,0.21188483,0.08516449,0.031125607,0.037216764,-0.04580354,0.09903285,0.12869301,0.10514988,0.02320101,0.036764555,-0.023425553,0.0989726,0.09328763,0.10491702,0.020853462,0.03356737,-0.08310852,0.087660626,0.09130654,0.08375805,0.02277889,0.029525848,-0.23647632,0.0635262,0.13054596,0.056963656,0.02852712,0.026258504,-0.40121365,0.06341225,0.22296844,0.060574513,0.03393489,0.0007908538,0.0007908538
81,0.08815067,0.21218549,0.08475042,0.029921755,0.040013764,-0.04587195,0.09895886,0.12851943,0.1052811,0.02151825,0.0394403,-0.023274332,0.09906716,0.0928419,0.10510417,0.018919395,0.036098387,-0.08359113,0.08761811,0.09082957,0.083695225,0.020654019,0.031877294,-0.2392101,0.06306447,0.130496,0.056334548,0.026291495,0.028614396,-0.40720063,0.063040785,0.22376597,0.05999117,0.031545278,0.0007908538,0.0007908538
82,0.088494,0.2129747,0.085064135,0.030445393,0.03611532,-0.045296565,0.0995118,0.12884322,0.10595214,0.022918848,0.035563454,-0.02258525,0.09962962,0.092874914,0.105741516,0.020890944,0.032256722,-0.08364383,0.087935485,0.09075989,0.0839949,0.023048898,0.028076448,-0.2415471,0.06286963,0.13075884,0.056004804,0.029210992,0.024604928,-0.41268143,0.062870964,0.22474164,0.059684753,0.03519898,0.0007908538,0.0007908538
83,0.08886687,0.21375276,0.08539521,0.029055266,0.03860215,-0.044502564,0.100143224,0.12924384,0.10670064,0.021259554,0.03787956,-0.02171314,0.10033304,0.09302897,0.10653932,0.019058121,0.034359206,-0.08353669,0.08846757,0.0908015,0.084542006,0.021156419,0.029938547,-0.24376206,0.06295392,0.13110681,0.05602022,0.027370311,0.026421763,-0.41811252,0.06307506,0.22577092,0.059907272,0.03333742,0.0007908538,0.0007908538
84,0.08685532,0.21248212,0.08386623,0.029971609,0.036664847,-0.048085466,0.09902148,0.12796429,0.105858885,0.022265919,0.036061756,-0.024686264,0.09949069,0.0915805,0.10576665,0.02024814,0.032701224,-0.086525984,0.087678604,0.089515604,0.08371476,0.022329984,0.028416656,-0.2482131,0.062116675,0.13036983,0.05500875,0.02854103,0.024863906,-0.4252613,0.06261847,0.22577459,0.05925409,0.034695636,0.0007908538,0.0007908538
85,0.087634705,0.21387601,0.08454009,0.028253382,0.038171094,-0.046668958,0.09992107,0.12871282,0.10684486,0.020657856,0.03735169,-0.023153167,0.10037625,0.09201744,0.10672507,0.018704979,0.03373886,-0.085663505,0.0882843,0.08981347,0.08430551,0.020914195,0.029192379,-0.24955384,0.062094722,0.13096319,0.054858275,0.027371213,0.025531372,-0.42957175,0.062470466,0.22712766,0.058954503,0.033725437,0.0007908538,0.0007908538
86,0.090685286,0.21686877,0.08698289,0.024920288,0.040135227,-0.044505868,0.10256326,0.13117026,0.109425955,0.01787317,0.03886745,-0.020835672,0.102845155,0.09414141,0.10928932,0.016168188,0.03470633,-0.0839836,0.090432376,0.09166098,0.086502396,0.018832738,0.02962062,-0.25001878,0.06352541,0.13297409,0.05636375,0.025947116,0.025704816,-0.43272647,0.06376383,0.2297929,0.06061651,0.03278649,0.0007908538,0.0007908538
87,0.089061014,0.21728843,0.0858673,0.02288844,0.043319624,-0.045621656,0.10176191,0.13062069,0.10893049,0.015356003,0.0418676,-0.02140961,0.1022614,0.09319265,0.1087619,0.01350117,0.037504297,-0.08470478,0.08965524,0.09081169,0.08560643,0.015963066,0.03216412,-0.2524904,0.062186565,0.13277784,0.05463713,0.022911085,0.028267471,-0.43784988,0.0621816,0.23084949,0.058285214,0.029538792,0.0007908538,0.0007908538
88,0.08859329,0.21734971,0.08556595,0.023784164,0.036349565,-0.049003962,0.10176334,0.13041621,0.10908989,0.017830038,0.0349551,-0.023995547,0.10228898,0.09273147,0.10880526,0.0170563,0.030726148,-0.08705159,0.089529715,0.09051638,0.08539334,0.020238921,0.025581881,-0.2559585,0.061762933,0.13308184,0.05401071,0.028010594,0.021401826,-0.44342288,0.061835516,0.23203364,0.057712518,0.035834257,0.0007908538,0.0007908538
89,0.08750471,0.21867695,0.08488371,0.022551851,0.038470227,-0.045267038,0.10122397,0.13007183,0.10881624,0.016241698,0.0369621,-0.020577211,0.10182796,0.0918814,0.10839206,0.015351867,0.0326051,-0.084914565,0.08855792,0.08957935,0.08426778,0.018375771,0.027278824,-0.25672424,0.059758585,0.13268669,0.051460385,0.026075214,0.023078978,-0.44750988,0.059175223,0.23300928,0.053843033,0.033878352,0.0007908538,0.0007908538
90,0.08945933,0.21934935,0.08636686,0.020602623,0.03994538,-0.049220476,0.10316187,0.13140826,0.110739134,0.014585286,0.038178623,-0.023845533,0.10376192,0.09312606,0.110432476,0.013788945,0.03349736,-0.08808633,0.090641566,0.090823986,0.086478114,0.017096316,0.027859613,-0.2610195,0.062083736,0.1342485,0.054157108,0.025267836,0.023550712,-0.45396027,0.06248649,0.23484547,0.05845758,0.033414748,0.0007908538,0.0007908538
91,0.08685016,0.21889518,0.08445373,0.021386683,0.039595492,-0.04891089,0.1015574,0.12988569,0.109508716,0.0149676055,0.037958387,-0.023553435,0.10242,0.09120541,0.10915299,0.014096951,0.033438988,-0.08872411,0.089044675,0.088986,0.084749416,0.01716083,0.027908409,-0.26409906,0.05994037,0.13307731,0.051528946,0.025128849,0.023625765,-0.46023563,0.060212787,0.2349113,0.055187255,0.033282325,0.0007908538,0.0007908538
92,0.08763953,0.2200137,0.08510547,0.02197274,0.03568347,-0.047465976,0.102456816,0.13044317,0.11050542,0.016509758,0.034060273,-0.022294134,0.103283875,0.09144947,0.11009987,0.016209856,0.029571814,-0.08859316,0.089609765,0.08909128,0.08530878,0.019735191,0.024097957,-0.26650625,0.059979033,0.13353232,0.05146795,0.028331133,0.019571537,-0.46573544,0.060369395,0.23610085,0.055334873,0.037360743,0.0007908538,0.0007908538
93,0.08837085,0.22092348,0.0856975,0.01990482,0.04034591,-0.046233714,0.103386216,0.1310383,0.11153838,0.013738056,0.038472958,-0.021233901,0.10428554,0.091807336,0.11121638,0.012978816,0.03363101,-0.088598564,0.09045796,0.08930034,0.08620395,0.016300233,0.02773877,-0.26896715,0.060457654,0.1340442,0.05196216,0.02482851,0.023228118,-0.47127372,0.061150294,0.2372669,0.056386154,0.033592578,0.0007908538,0.0007908538
94,0.087158,0.22037596,0.084802814,0.019965315,0.03940471,-0.048692223,0.10290435,0.13035488,0.11129743,0.0139069585,0.03753757,-0.023259833,0.1040173,0.09090563,0.11102277,0.013315166,0.032714136,-0.090876535,0.09016663,0.0885123,0.085881695,0.016681658,0.02681838,-0.2728974,0.060027674,0.13381864,0.051393956,0.025325876,0.022233639,-0.47783685,0.06109673,0.23784983,0.056267697,0.034335855,0.0007908538,0.0007908538
95,0.08486004,0.21964997,0.083124466,0.021237718,0.034575533,-0.051332287,0.101599306,0.12910132,0.11033005,0.015928479,0.032845166,-0.025324086,0.10297188,0.08933856,0.11002167,0.015985548,0.028245984,-0.09301187,0.08900391,0.08714738,0.08459827,0.019614637,0.022581227,-0.27656344,0.05853576,0.13317321,0.049524587,0.0285659,0.01779651,-0.48400146,0.059620827,0.23831585,0.05409472,0.03826219,0.0007908538,0.0007908538
96,0.086065635,0.22163999,0.084153906,0.01864999,0.03683607,-0.049334183,0.10286077,0.13023815,0.11167506,0.013475929,0.034778632,-0.02333387,0.10418626,0.0901036,0.11131417,0.013613348,0.02977173,-0.09187173,0.08985678,0.087752394,0.0854261,0.01742796,0.023674378,-0.2777612,0.058630425,0.13414279,0.049471956,0.026722034,0.018755563,-0.48796436,0.059475746,0.24021663,0.05376077,0.036670636,0.0007908538,0.0007908538
97,0.08674021,0.22275615,0.084736876,0.017650563,0.03574434,-0.049328916,0.10374185,0.13088416,0.11266617,0.013077956,0.033533763,-0.023141278,0.10507336,0.09044679,0.11227662,0.013596559,0.028354246,-0.09225498,0.090515725,0.08803202,0.08607122,0.017752063,0.022093907,-0.280147,0.058817953,0.1348455,0.049572144,0.027539479,0.0169797,-0.49297363,0.059752792,0.24173339,0.054067448,0.038076047,0.0007908538,0.0007908538
98,0.086627126,0.22352614,0.08471523,0.015712207,0.039901283,-0.048397444,0.104040116,0.13097605,0.113140255,0.010459106,0.03748875,-0.022261,0.10546392,0.09021727,0.112753645,0.010600218,0.032028098,-0.09229489,0.0906672,0.08773527,0.08619891,0.014530218,0.025415974,-0.28256792,0.058462374,0.13500573,0.049049072,0.024209708,0.020370558,-0.49837095,0.05946647,0.24281846,0.053584322,0.034503642,0.0007908538,0.0007908538
99,0.08725964,0.22448511,0.085239984,0.015167006,0.039501566,-0.047302727,0.104855515,0.13142367,0.11406165,0.010212294,0.036998104,-0.021298785,0.106277876,0.0903754,0.11365075,0.010522648,0.031422943,-0.09234813,0.091211736,0.087783225,0.08674091,0.014649207,0.024693206,-0.28502193,0.05851807,0.13544182,0.049015187,0.02469957,0.01952482,-0.5037529,0.059668653,0.24403329,0.05380532,0.035455633,0.0007908538,0.0007908538
100,0.08602594,0.22396626,0.0843299,0.016108869,0.036124732,-0.049511667,0.10431591,0.1306143,0.113749884,0.011747872,0.033720635,-0.023115395,0.105883986,0.0893223,0.113302656,0.012514571,0.028313344,-0.09442598,0.09071227,0.08687526,0.08617858,0.016867071,0.021772614,-0.2887181,0.05782044,0.13514057,0.04811492,0.02725538,0.01646882,-0.5099815,0.059268717,0.24459387,0.053190555,0.038641192,0.0007908538,0.0007908538
101,0.085375905,0.22386928,0.083883375,0.014609876,0.037173394,-0.0527042,0.10430654,0.13038535,0.11394053,0.010271005,0.034588978,-0.025615603,0.106027454,0.088860855,0.11350237,0.0111515485,0.028968774,-0.096800305,0.090823755,0.08658246,0.08625078,0.015581414,0.022188578,-0.29238915,0.057782378,0.13548689,0.04797069,0.026157776,0.016819349,-0.51592296,0.05956214,0.2458517,0.053533863,0.037735306,0.0007908538,0.0007908538
102,0.08451701,0.22469412,0.08334033,0.014665995,0.034534108,-0.051555775,0.10398954,0.13002808,0.11385202,0.010983228,0.03193816,-0.02443175,0.105756186,0.08808166,0.1132626,0.012361112,0.02635318,-0.096414715,0.09012578,0.08582289,0.0854223,0.01706023,0.019620042,-0.29430196,0.056292742,0.1353274,0.046042703,0.028040174,0.014064327,-0.52060056,0.05768123,0.24687813,0.050720584,0.040299065,0.0007908538,0.0007908538
103,0.086411655,0.22738798,0.08491016,0.01168066,0.037310153,-0.04802732,0.10571392,0.1315683,0.1156101,0.00817652,0.034344986,-0.021200117,0.10732691,0.08920165,0.11490564,0.009618139,0.028285071,-0.09438893,0.091190234,0.08670332,0.08645617,0.014545051,0.021049859,-0.29491037,0.056409862,0.13653699,0.045990873,0.025955787,0.015380644,-0.5239191,0.057385735,0.24907005,0.050147843,0.038537376,0.0007908538,0.0007908538
104,0.08646325,0.22749035,0.0849881,0.0105916895,0.036472816,-0.05155632,0.10621858,0.1317814,0.11625704,0.0076237763,0.033353675,-0.024046298,0.107934676,0.089219205,0.11557718,0.009440267,0.027128236,-0.09703778,0.09183083,0.08685746,0.08709674,0.014669082,0.019741222,-0.2986013,0.05707145,0.13724832,0.0466925,0.026516272,0.013924319,-0.52954423,0.05860329,0.25049767,0.051840436,0.039609842,0.0007908538,0.0007908538
105,0.0848881,0.22727071,0.08385088,0.009419494,0.039934583,-0.052225173,0.1054928,0.13095611,0.115834236,0.005548872,0.036718044,-0.02462056,0.1074588,0.08806767,0.11518443,0.006959968,0.030330999,-0.09834111,0.09121675,0.085789405,0.08642296,0.011829432,0.022678696,-0.30201158,0.056145728,0.13683134,0.04550913,0.023383364,0.016973715,-0.53574413,0.057884075,0.2511579,0.050738122,0.036110993,0.0007908538,0.0007908538
106,0.084847346,0.22767295,0.08385796,0.011162957,0.03343871,-0.05219047,0.10582953,0.13091843,0.116330676,0.008683814,0.030346956,-0.02466272,0.10783464,0.08774618,0.115626104,0.010948355,0.024179596,-0.099323384,0.09134138,0.08547125,0.08650988,0.016405068,0.016824655,-0.30520055,0.05590369,0.13704647,0.045119755,0.028764572,0.0107356105,-0.5416439,0.057895347,0.2522148,0.05068797,0.042775493,0.0007908538,0.0007908538
107,0.08557625,0.22892906,0.084465526,0.008735193,0.038755547,-0.049626663,0.106767826,0.13149878,0.11740362,0.005361539,0.03538123,-0.0225754,0.10882454,0.087993994,0.11673558,0.0070898435,0.02877645,-0.09875315,0.092022456,0.08552249,0.08721053,0.01230195,0.020874547,-0.30752543,0.056009993,0.13749377,0.04514606,0.024570245,0.01486166,-0.547161,0.058124993,0.25357324,0.050945625,0.038258053,0.0007908538,0.0007908538
108,0.08502766,0.22888729,0.08407226,0.009718306,0.035358366,-0.049796183,0.10674263,0.13111275,0.11757336,0.00696431,0.032048527,-0.022800485,0.10891923,0.08735304,0.11690501,0.0091192415,0.025549334,-0.09985981,0.09192691,0.08489911,0.087085016,0.014598487,0.01776801,-0.3108068,0.055607732,0.13740605,0.04459111,0.027300026,0.011513836,-0.5531982,0.05801684,0.25432706,0.05074172,0.041722726,0.0007908538,0.0007908538
109,0.08150583,0.22684298,0.08141656,0.011796025,0.031427868,-0.053557895,0.10456093,0.12882186,0.1157929,0.009278451,0.028361725,-0.025988434,0.1071157,0.08483644,0.11512882,0.011795662,0.022232097,-0.103026815,0.09013766,0.08274666,0.0851721,0.017233236,0.01480821,-0.31529382,0.05381812,0.13609724,0.042416673,0.02993987,0.008435841,-0.56010807,0.05660022,0.25406402,0.048656296,0.044761777,0.0007908538,0.0007908538
110,0.08370415,0.22904694,0.08318547,0.0074434914,0.03546716,-0.05392475,0.10664728,0.1306513,0.11788375,0.0050657857,0.031861532,-0.025956009,0.10910124,0.0863713,0.117190324,0.0076622483,0.025016258,-0.103211604,0.09189338,0.084192246,0.08694667,0.013416561,0.016849099,-0.3170817,0.055070236,0.1379579,0.04373879,0.02663509,0.010399091,-0.5638869,0.057864383,0.2567796,0.050360832,0.041719932,0.0007908538,0.0007908538
111,0.08476805,0.23170874,0.084145926,0.0040011434,0.040041313,-0.049848866,0.10773711,0.13169084,0.119083166,0.0012521951,0.036044374,-0.022252843,0.11006826,0.086899966,0.11821312,0.0036627539,0.02865673,-0.10087366,0.09221837,0.08452054,0.08718054,0.00941674,0.019862913,-0.31759894,0.05422444,0.13875136,0.04251775,0.022807665,0.013440665,-0.5671024,0.05626485,0.25884753,0.047862075,0.03788856,0.0007908538,0.0007908538
112,0.084709026,0.23146963,0.08410892,0.004645315,0.035732783,-0.05339494,0.10816134,0.13160752,0.119645946,0.003041921,0.031769335,-0.02521387,0.11056045,0.08663911,0.11875403,0.006152449,0.02450007,-0.10381607,0.0927081,0.084448434,0.0876585,0.012421089,0.015918124,-0.32174796,0.054809753,0.13932055,0.043137193,0.02656957,0.009245836,-0.57338053,0.057569478,0.26016003,0.049725693,0.04276374,0.0007908538,0.0007908538
113,0.08217495,0.2313594,0.08230287,0.0055656964,0.03346796,-0.053154655,0.106651686,0.13016298,0.118502006,0.004178951,0.029641805,-0.024896326,0.109246746,0.084747545,0.11745336,0.007587697,0.022610754,-0.104269244,0.09099343,0.08275631,0.08575359,0.013848634,0.014262832,-0.32441232,0.052417822,0.13847364,0.040126093,0.028128473,0.007540483,-0.5786666,0.054822,0.26073346,0.045583036,0.044815004,0.0007908538,0.0007908538
114,0.083288155,0.23279436,0.08324346,0.004051228,0.032159686,-0.05445556,0.10793964,0.1312862,0.11988798,0.0035759811,0.028113548,-0.025823982,0.11053775,0.085567236,0.1188188,0.007525174,0.020836744,-0.10543035,0.09213894,0.08358396,0.08689479,0.01428618,0.012288296,-0.3270301,0.053296406,0.13983154,0.041030552,0.029281233,0.005329713,-0.5831482,0.055962823,0.26296142,0.047136772,0.04681993,0.0007908538,0.0007908538
115,0.084590495,0.23490448,0.084340364,-0.00036393697,0.03987987,-0.052260663,0.10927174,0.13247658,0.12131253,-0.0018942286,0.035349872,-0.023881728,0.111834176,0.08636974,0.12020762,0.0014572996,0.027349213,-0.10458296,0.09307598,0.08421041,0.08782532,0.007984088,0.017930558,-0.3284968,0.05357348,0.14086986,0.041214406,0.022854615,0.01117256,-0.58689284,0.056094676,0.2649964,0.047210768,0.03983187,0.0007908538,0.0007908538
116,0.0864664,0.23678672,0.085844204,-0.0024286862,0.039536934,-0.05193746,0.11106754,0.13388969,0.12313238,-0.0030771852,0.034716975,-0.023528026,0.113511465,0.087490246,0.12195352,0.00074796355,0.026367148,-0.10493994,0.09446506,0.08525627,0.08921683,0.007797545,0.01664171,-0.33072627,0.054534473,0.14237793,0.042211406,0.023446724,0.009665345,-0.59114814,0.057222012,0.26733837,0.048760764,0.04127754,0.0007908538,0.0007908538
117,0.08248611,0.23592776,0.082990795,0.0005496484,0.029964004,-0.054670602,0.108543396,0.13169514,0.12106079,0.0016918173,0.025474425,-0.025509117,0.1112583,0.08487579,0.119634196,0.0068277344,0.017757446,-0.106729686,0.091874674,0.08318407,0.086322114,0.014412245,0.008818566,-0.3336807,0.05139644,0.14144705,0.038245343,0.030786812,0.0014836015,-0.59581023,0.053574815,0.2680162,0.043207448,0.050209768,0.0007908538,0.0007908538
118,0.08095816,0.23594305,0.08195282,-0.0014539635,0.03243553,-0.057513103,0.10794218,0.13119687,0.12076993,-0.00074479217,0.027736299,-0.02774649,0.11090773,0.08404332,0.119327225,0.00433397,0.019727001,-0.108920164,0.09146066,0.08263758,0.08580356,0.011814005,0.010402179,-0.33701465,0.05085269,0.14177175,0.037444822,0.028170839,0.003113036,-0.6008155,0.053245574,0.26962772,0.04257984,0.04753356,0.0007908538,0.0007908538
119,0.08481061,0.2396738,0.085005626,-0.007566941,0.039552636,-0.0554348,0.11119924,0.13419563,0.123949334,-0.00700827,0.034139127,-0.025909875,0.113917395,0.08665079,0.12245001,-0.0021007953,0.025117092,-0.108123556,0.09411874,0.08495901,0.088528536,0.005642687,0.014688659,-0.33828536,0.052953396,0.14441869,0.039772846,0.02244961,0.0074308347,-0.60381204,0.055441577,0.27316782,0.04567771,0.04178613,0.0007908538,0.0007908538
120,0.08433214,0.24056597,0.08476123,-0.006864005,0.033998944,-0.055761077,0.1112945,0.13424884,0.12426804,-0.0048498968,0.028599335,-0.026168292,0.11408851,0.08634389,0.12265572,0.000981341,0.019690143,-0.109105006,0.0939761,0.084814616,0.08827287,0.009338047,0.009482898,-0.3410505,0.052383617,0.14506367,0.038912795,0.027021721,0.0018418193,-0.60844606,0.05485487,0.2750264,0.044669114,0.047746465,0.0007908538,0.0007908538
121,0.07925058,0.23899454,0.081083044,-0.0050289985,0.03062448,-0.058471218,0.10808034,0.13149862,0.121646985,-0.0030267574,0.025474174,-0.028395107,0.11138726,0.08316617,0.11994331,0.0031440058,0.016958544,-0.11160352,0.09109139,0.082206056,0.085108235,0.011328689,0.007105377,-0.34501538,0.04922239,0.14370711,0.03494283,0.028915344,-0.0005964509,-0.614352,0.051546853,0.27536574,0.03957756,0.050009582,0.0007908538,0.0007908538
122,0.0781988,0.23950756,0.08043243,-0.007142418,0.032100998,-0.0614791,0.10794414,0.13164341,0.121851504,-0.0052879304,0.026698375,-0.030856853,0.11156716,0.082919195,0.12021904,0.0009948553,0.017817695,-0.11420127,0.09129235,0.08218668,0.08525107,0.009223953,0.0075078597,-0.34881333,0.049444687,0.14459074,0.03505945,0.02692525,-0.00027127744,-0.6196963,0.052224778,0.27757233,0.040429607,0.048115335,0.0007908538,0.0007908538
123,0.080965325,0.24354316,0.082740165,-0.011123917,0.033987585,-0.058440417,0.11044551,0.1343279,0.12442387,-0.008530645,0.028074736,-0.028283333,0.11393169,0.0850427,0.122700274,-0.0018509867,0.018502293,-0.11311132,0.09317072,0.08406999,0.087116055,0.006902316,0.007480668,-0.35019258,0.05055796,0.14702658,0.036152188,0.025341896,-0.0005329602,-0.62283164,0.0531285,0.28129905,0.041559633,0.04720479,0.0007908538,0.0007908538
124,0.08278829,0.24666053,0.08429539,-0.014833727,0.03669351,-0.0556011,0.11221577,0.13613275,0.1263012,-0.0119685745,0.030313829,-0.025929881,0.11560015,0.08634763,0.12445815,-0.0050975867,0.020082196,-0.11227204,0.09432908,0.08522759,0.08822765,0.003970969,0.00833736,-0.35184574,0.05095642,0.14879006,0.036411475,0.022894504,0.00018760985,-0.6263712,0.053266976,0.2843383,0.04157997,0.045109168,0.0007908538,0.0007908538
125,0.07989622,0.24536304,0.08220153,-0.013425246,0.031243967,-0.059955675,0.110684864,0.13459408,0.12515838,-0.009541202,0.02499821,-0.029553067,0.1144146,0.084581256,0.12327581,-0.0018663788,0.015050672,-0.11578417,0.09314144,0.08399435,0.08688366,0.007555333,0.0036731362,-0.35626417,0.0499179,0.14862849,0.035036594,0.027026763,-0.0047401465,-0.632324,0.052728646,0.28536656,0.040679626,0.05031991,0.0007908538,0.0007908538
126,0.078259476,0.2443057,0.08100346,-0.013475365,0.030210411,-0.06372262,0.11007208,0.13365051,0.12484208,-0.009424812,0.023952963,-0.032867312,0.1140776,0.08346069,0.1229885,-0.0015161114,0.0140139945,-0.119328514,0.092879966,0.08325135,0.086564735,0.008000016,0.002638203,-0.3609421,0.050017525,0.14878651,0.035084665,0.02774397,-0.0058555203,-0.63876164,0.053794757,0.2864815,0.04224886,0.051494554,0.0007908538,0.0007908538
127,0.077199675,0.24639425,0.08039996,-0.01453178,0.032899708,-0.058564927,0.10953231,0.13315879,0.12458923,-0.011099998,0.026605418,-0.028618831,0.11345235,0.08230855,0.12236252,-0.0034570526,0.016600285,-0.1173134,0.09135151,0.08211325,0.084798716,0.0058112787,0.0050833775,-0.36219415,0.047268175,0.14847541,0.031506017,0.025523325,-0.0031756228,-0.6424844,0.050121613,0.28781316,0.03647826,0.04929589,0.0007908538,0.0007908538
128,0.08221814,0.2506083,0.08431764,-0.020923035,0.039105013,-0.05845845,0.1137071,0.13688679,0.12861669,-0.016968226,0.03211214,-0.028472697,0.117257245,0.08563003,0.12628873,-0.009205098,0.02115967,-0.11783664,0.09494833,0.0851713,0.08851427,0.00061964465,0.008732019,-0.3642322,0.050770268,0.15188317,0.03555388,0.021149121,0.0006502964,-0.64583904,0.054429237,0.29200435,0.042855844,0.045331135,0.0007908538,0.0007908538
129,0.07941653,0.25077555,0.0824001,-0.018825937,0.03083079,-0.060568295,0.112213895,0.1357025,0.12753613,-0.013057293,0.024052951,-0.03000257,0.11598633,0.08399547,0.12498175,-0.004071716,0.0135574285,-0.11961397,0.0933169,0.084064044,0.08661994,0.00638591,0.001757939,-0.3673751,0.048714843,0.15199919,0.032819074,0.027900066,-0.006752263,-0.650468,0.05209669,0.293811,0.039106846,0.053940963,0.0007908538,0.0007908538
130,0.076420836,0.2503631,0.08030315,-0.01916697,0.030433698,-0.062587954,0.11057409,0.13425963,0.12632999,-0.013577111,0.023644095,-0.031628087,0.11464902,0.08214779,0.12364526,-0.004425382,0.0131394975,-0.12171084,0.09173146,0.08267862,0.08482633,0.005949585,0.0012651747,-0.37096167,0.04690004,0.15174356,0.030437665,0.027505884,-0.007241888,-0.655725,0.050283328,0.29508197,0.03618364,0.053781893,0.0007908538,0.0007908538
131,0.076248035,0.25097486,0.080256954,-0.020618256,0.031134913,-0.063675426,0.11098345,0.1344811,0.12696683,-0.014938526,0.024157675,-0.032726202,0.11519495,0.08205222,0.12427138,-0.0056414264,0.013382154,-0.12367867,0.09215157,0.082732506,0.085216045,0.004874422,0.0011973799,-0.37457636,0.04737049,0.15257385,0.030897962,0.026728947,-0.007385557,-0.6610353,0.051406313,0.29695216,0.0378148,0.05333034,0.0007908538,0.0007908538
132,0.07857949,0.25346905,0.0820925,-0.02383617,0.034244686,-0.061405394,0.113112755,0.13624243,0.12914911,-0.018090677,0.026846657,-0.031152867,0.11720266,0.08342475,0.12639835,-0.008779133,0.015444753,-0.12383926,0.09379735,0.083912976,0.08690272,0.0019951775,0.0025833386,-0.37713006,0.048721235,0.15425771,0.032408368,0.024285315,-0.0060595116,-0.66548103,0.053200595,0.29955184,0.040475085,0.05112616,0.0007908538,0.0007908538
133,0.07584575,0.25226957,0.08009986,-0.022793882,0.032598775,-0.06331298,0.11168209,0.134611,0.12812583,-0.017183416,0.025315892,-0.032974493,0.11611947,0.08150147,0.1253628,-0.0077582123,0.014070175,-0.1265303,0.09260688,0.082357995,0.08559639,0.0029269364,0.0013158759,-0.38156235,0.04764465,0.15369068,0.031013258,0.025299294,-0.007419382,-0.6720171,0.052711897,0.3001398,0.039661653,0.052488346,0.0007908538,0.0007908538
134,0.07529996,0.2533673,0.07980156,-0.022436438,0.030338338,-0.061044425,0.11168817,0.13442098,0.12837394,-0.016267674,0.023060132,-0.031283185,0.11616411,0.08088312,0.12545356,-0.0064747073,0.011850753,-0.12655668,0.09212894,0.08180149,0.08500204,0.0044505377,-0.0008559562,-0.38414583,0.04660906,0.15389407,0.029587647,0.02734702,-0.009850618,-0.6767708,0.051556107,0.30152312,0.037755784,0.05540308,0.0007908538,0.0007908538
135,0.07631366,0.25478718,0.08061945,-0.025162913,0.035020586,-0.059356328,0.11287573,0.13518548,0.12972085,-0.019752271,0.027416635,-0.030182568,0.11736609,0.08124164,0.12677978,-0.010342387,0.01566483,-0.12712309,0.09301158,0.08201539,0.08590735,0.00047142067,0.0023051663,-0.38719648,0.047253817,0.15467265,0.030272756,0.02337082,-0.00650596,-0.68211263,0.05264373,0.30328166,0.03935986,0.051122125,0.0007908538,0.0007908538
136,0.075548984,0.25465846,0.08007637,-0.024366146,0.032652266,-0.05966512,0.112821,0.1346711,0.12991418,-0.018525966,0.025097083,-0.030695535,0.117471315,0.08044576,0.1269581,-0.008821737,0.013432098,-0.12882376,0.09291424,0.08135826,0.085768215,0.0021925122,0.00017240993,-0.39096838,0.047142804,0.15477653,0.03005175,0.025581032,-0.008889938,-0.6881267,0.053117394,0.3043425,0.040042497,0.05415339,0.0007908538,0.0007908538
137,0.07259783,0.2531329,0.07789838,-0.021433612,0.027048174,-0.061534572,0.111179635,0.13270037,0.12864855,-0.014882081,0.01981401,-0.032381285,0.11614559,0.07823336,0.12564938,-0.0046655852,0.008672002,-0.13121022,0.0914452,0.0795516,0.08416931,0.006487384,-0.0040310547,-0.3950747,0.04573479,0.15392339,0.028255707,0.030337809,-0.01347069,-0.69444364,0.05217009,0.30454126,0.038531028,0.060017135,0.0007908538,0.0007908538
138,0.07773909,0.2584034,0.08190903,-0.028832162,0.03538419,-0.05627638,0.11521157,0.13654006,0.13252462,-0.022516152,0.027252616,-0.027921293,0.11971004,0.081537075,0.1293285,-0.01245463,0.014765914,-0.12857401,0.09422947,0.082317,0.08699646,-0.0008968159,0.0006785091,-0.39510536,0.047350977,0.15691686,0.029980002,0.023462247,-0.008461186,-0.6959098,0.053064782,0.30858788,0.03971998,0.052999478,0.0007908538,0.0007908538
139,0.07553427,0.25803235,0.0804004,-0.030454872,0.033626415,-0.061068475,0.11418762,0.13564129,0.13180882,-0.02333526,0.02530007,-0.03143813,0.11890015,0.0803972,0.12847014,-0.012561517,0.012623613,-0.13129482,0.09332217,0.081800945,0.085900255,-0.00066129933,-0.0016398975,-0.39830914,0.04633385,0.15751071,0.02854771,0.024204526,-0.01093901,-0.7000903,0.051922318,0.3105339,0.037790097,0.05450453,0.0007908538,0.0007908538
140,0.07223002,0.2562181,0.07799893,-0.030063152,0.031051941,-0.066256106,0.1124462,0.13377905,0.13047609,-0.022604711,0.022764143,-0.03556638,0.11755692,0.0783542,0.12711726,-0.011382075,0.010190958,-0.13499483,0.09204293,0.08040981,0.08446831,0.0006210487,-0.003980025,-0.40274838,0.045333922,0.15726955,0.027212208,0.025790323,-0.013431938,-0.70605624,0.05140128,0.31150797,0.03689443,0.056739163,0.0007908538,0.0007908538
141,0.07163092,0.25726816,0.077674516,-0.030784622,0.02978223,-0.06527751,0.112458006,0.13363321,0.13071908,-0.022788933,0.021375217,-0.034751285,0.11759785,0.07781094,0.12717718,-0.011162357,0.008667621,-0.13537769,0.09158093,0.080041006,0.08386997,0.0011159811,-0.005633989,-0.40525675,0.044327512,0.1577422,0.02578856,0.026831998,-0.015292728,-0.71036726,0.05011356,0.3132153,0.0347224,0.05858383,0.0007908538,0.0007908538
142,0.073727675,0.25948834,0.07932986,-0.03348842,0.030371252,-0.06454649,0.114497684,0.13531788,0.13282757,-0.024743369,0.021572253,-0.03432209,0.119552515,0.07913975,0.12923451,-0.012697407,0.008321689,-0.13620512,0.09323874,0.08129529,0.08555543,0.000110945664,-0.0064951046,-0.4080987,0.045818202,0.1596237,0.027476013,0.026607452,-0.016383298,-0.71488684,0.05208002,0.3160714,0.03772767,0.05917389,0.0007908538,0.0007908538
143,0.07325297,0.26070672,0.079092555,-0.035953388,0.03456053,-0.062785245,0.114595085,0.13526677,0.1332028,-0.028089544,0.02549331,-0.03299404,0.11971087,0.07857101,0.12946297,-0.016374456,0.011773727,-0.13649715,0.09287373,0.080751315,0.085091926,-0.0037854868,-0.0036467807,-0.41090104,0.044911303,0.15988691,0.026199833,0.02256508,-0.013270313,-0.71980983,0.05096261,0.31767485,0.035826527,0.054724243,0.0007908538,0.0007908538
144,0.073545635,0.26079828,0.07932975,-0.034352925,0.028285535,-0.06488556,0.115454786,0.13553351,0.13423349,-0.024694618,0.019336607,-0.035009816,0.12071235,0.078674525,0.13054568,-0.012054115,0.005922008,-0.13925837,0.09390914,0.08108864,0.08614398,0.0012911714,-0.009004288,-0.4151398,0.046449002,0.16104846,0.028007822,0.028928773,-0.019219154,-0.7258389,0.053822495,0.31966367,0.040322877,0.06313318,0.0007908538,0.0007908538
145,0.068241216,0.25927848,0.075517416,-0.03294371,0.030472908,-0.0654465,0.11214456,0.13242383,0.13158396,-0.02500448,0.021867042,-0.035446938,0.11789383,0.07494244,0.12774478,-0.013050628,0.008866959,-0.14085178,0.09066381,0.077821106,0.08263545,-0.0006010893,-0.005816127,-0.41908446,0.04283607,0.15906413,0.023405857,0.026242932,-0.01545205,-0.73234576,0.04990669,0.31953782,0.0339553,0.059733838,0.0007908538,0.0007908538
146,0.07142752,0.26293272,0.07804137,-0.036482636,0.033101093,-0.063227326,0.11499569,0.13513246,0.13450722,-0.02804366,0.024074938,-0.033771884,0.12061561,0.07707945,0.13062564,-0.015884113,0.010471932,-0.14082044,0.092984945,0.079640895,0.085013844,-0.0029647886,-0.004761297,-0.4214933,0.044806227,0.16146562,0.025633415,0.024613358,-0.014372027,-0.73661906,0.05224175,0.32318556,0.037459,0.058794722,0.0007908538,0.0007908538
147,0.07149447,0.26403835,0.078179345,-0.036490727,0.03123291,-0.06304142,0.11561084,0.1355929,0.13537768,-0.02744309,0.022169828,-0.033775315,0.12138293,0.07709729,0.13150215,-0.014929182,0.008537608,-0.14204143,0.09352064,0.07967934,0.08552881,-0.0017059325,-0.0066970424,-0.42479986,0.045272104,0.16229418,0.02607839,0.026493182,-0.016583651,-0.7419404,0.05318107,0.32521227,0.03884587,0.061657146,0.0007908538,0.0007908538
148,0.06843259,0.26348206,0.07600373,-0.035414137,0.031434912,-0.063132554,0.11396396,0.13398424,0.13424112,-0.027163193,0.022552636,-0.033950225,0.12014068,0.07491807,0.13034542,-0.0149243595,0.009124192,-0.14351016,0.091972105,0.07769694,0.08385541,-0.0021305468,-0.0060305996,-0.42866567,0.04352415,0.16133295,0.023811357,0.025795618,-0.015780518,-0.7483533,0.051513344,0.325766,0.03607239,0.060861155,0.0007908538,0.0007908538
149,0.06856053,0.26412722,0.07614594,-0.035743542,0.03132788,-0.06317468,0.11463359,0.13428338,0.13516426,-0.027397336,0.022379855,-0.034219787,0.120992094,0.07480259,0.13132927,-0.01508732,0.0088389395,-0.14504212,0.09266661,0.07754622,0.08457219,-0.0021706154,-0.0064471783,-0.43239012,0.044294544,0.16191107,0.024674881,0.02614714,-0.016322523,-0.7543813,0.05298148,0.3274157,0.038338754,0.061775636,0.0007908538,0.0007908538
150,0.069404356,0.26560193,0.07683473,-0.03731083,0.03336203,-0.06138436,0.115742415,0.13502198,0.1364771,-0.029216688,0.024196971,-0.032932788,0.122164704,0.07504781,0.13263647,-0.017008938,0.01028607,-0.1454051,0.09344997,0.07759484,0.08536789,-0.0040249415,-0.0054184,-0.43536484,0.04473784,0.16258365,0.025102574,0.024569666,-0.015269301,-0.7597467,0.05358734,0.32921386,0.039210267,0.060428735,0.0007908538,0.0007908538
151,0.06838582,0.2661062,0.076149814,-0.036816955,0.032272734,-0.059893433,0.11551764,0.13452657,0.13657564,-0.02869339,0.023129694,-0.03177634,0.12212291,0.07404489,0.13268511,-0.0163945,0.009231603,-0.14579242,0.09293315,0.076580025,0.08477763,-0.0033932077,-0.006518365,-0.43843493,0.043723878,0.16236848,0.023717556,0.02551621,-0.016572097,-0.7653782,0.052342657,0.33029684,0.037101597,0.061977357,0.0007908538,0.0007908538
152,0.06506317,0.26423603,0.073710956,-0.03464821,0.029249314,-0.06268565,0.11372582,0.13244808,0.13523065,-0.026504945,0.020361153,-0.034066603,0.120780215,0.07165413,0.13139276,-0.014059405,0.006847854,-0.14845161,0.0915694,0.07457985,0.08332487,-0.0012107182,-0.008589741,-0.44274327,0.042570464,0.16136162,0.022240784,0.027829139,-0.018879423,-0.77205527,0.05164053,0.33043322,0.03593994,0.06486592,0.0007908538,0.0007908538
153,0.06759473,0.26749495,0.075703986,-0.03853556,0.034407817,-0.058607265,0.11591498,0.13443728,0.13749337,-0.030842846,0.025043568,-0.030695995,0.12280589,0.073050074,0.13354956,-0.018622076,0.010758222,-0.146921,0.092897326,0.07551637,0.084659584,-0.005646744,-0.005483501,-0.44402304,0.042936027,0.16268873,0.022501998,0.02364312,-0.015482528,-0.77533364,0.051344447,0.33290905,0.035285864,0.06058056,0.0007908538,0.0007908538
154,0.069021896,0.26892614,0.07682065,-0.04044679,0.035512276,-0.05888213,0.117499255,0.13560335,0.13921201,-0.032412466,0.025901135,-0.030938596,0.1244375,0.07384021,0.13530186,-0.020005392,0.011260188,-0.14797702,0.09434408,0.07619394,0.08614383,-0.0066898335,-0.0052936166,-0.4470017,0.04430405,0.16397806,0.024067504,0.023235163,-0.015330896,-0.7802995,0.053155378,0.33520964,0.038102407,0.060887743,0.0007908538,0.0007908538
155,0.06759939,0.26858848,0.07583972,-0.039885744,0.0328729,-0.06161169,0.117131114,0.13501818,0.13917531,-0.031175634,0.023328936,-0.033040907,0.12437247,0.07291247,0.13530192,-0.018336305,0.008853276,-0.15024413,0.09423353,0.07555076,0.08597407,-0.004789722,-0.0075077666,-0.45079425,0.04431746,0.16428986,0.023961943,0.025749361,-0.017819172,-0.7861281,0.05360675,0.33675444,0.038729627,0.06450956,0.0007908538,0.0007908538
156,0.06020849,0.26458356,0.07046375,-0.03612194,0.027249139,-0.06883985,0.11260015,0.13073543,0.13539033,-0.027281744,0.018223237,-0.038507584,0.12066345,0.068312876,0.13154891,-0.014061423,0.0045984257,-0.15463036,0.0907126,0.07197885,0.082200475,-0.0008964746,-0.011011086,-0.4559226,0.041200172,0.16227446,0.020004464,0.029563107,-0.021549916,-0.79335207,0.050660755,0.33637622,0.033856373,0.06901246,0.0007908538,0.0007908538
157,0.062907845,0.26813304,0.07266997,-0.04270533,0.03208639,-0.06953042,0.11517868,0.13345525,0.13803871,-0.033363014,0.02226262,-0.038638692,0.1231284,0.070549294,0.13409638,-0.019698847,0.00746419,-0.15499464,0.09279769,0.074169934,0.08425234,-0.00589605,-0.009267304,-0.45781988,0.042676374,0.16523015,0.02154833,0.025330812,-0.019596487,-0.7962935,0.05169874,0.3407865,0.03527013,0.06525301,0.0007908538,0.0007908538
158,0.067690484,0.27377996,0.07643618,-0.05029324,0.036957785,-0.06627454,0.11909756,0.13738017,0.14186615,-0.039920285,0.026166959,-0.035661723,0.1265955,0.07386527,0.13764717,-0.025621591,0.009954359,-0.15338156,0.095410824,0.07714767,0.08683149,-0.010893015,-0.008112792,-0.45864165,0.04405179,0.16881701,0.022914639,0.021464556,-0.018425805,-0.7982749,0.05199758,0.34589276,0.03547269,0.06223006,0.0007908538,0.0007908538
159,0.06530861,0.27432492,0.0748686,-0.05106724,0.033045232,-0.06812032,0.11807356,0.13660066,0.14122333,-0.03945531,0.02209671,-0.03674225,0.12577839,0.07266531,0.13678735,-0.02420074,0.0057426468,-0.15472212,0.094095886,0.07656169,0.08527161,-0.008954419,-0.012446446,-0.46157598,0.042133182,0.16959432,0.020239923,0.024325043,-0.023241516,-0.8025812,0.049181707,0.3484893,0.030609798,0.06663393,0.0007908538,0.0007908538
160,0.061429583,0.27285635,0.07216017,-0.04984604,0.025261454,-0.07390251,0.11615213,0.13477424,0.13973424,-0.03620097,0.014412459,-0.041000295,0.12427371,0.070724,0.13519067,-0.01958105,-0.0015690076,-0.15815502,0.09255727,0.07567422,0.08347481,-0.0036044875,-0.019199623,-0.46549362,0.040808804,0.17024921,0.018345598,0.031008866,-0.030580843,-0.80744374,0.047962517,0.3506689,0.028426344,0.0757113,0.0007908538,0.0007908538
161,0.06393713,0.27629772,0.074201405,-0.056852285,0.031082613,-0.073151894,0.11845378,0.13698578,0.14206453,-0.043035436,0.01937883,-0.04026034,0.12629983,0.07250851,0.13724406,-0.026099754,0.0020701238,-0.15837985,0.09398476,0.07755423,0.08481896,-0.009609893,-0.016914628,-0.46742558,0.041643634,0.17301878,0.019111395,0.02556105,-0.028030576,-0.81017363,0.048358917,0.35494632,0.028866138,0.070334375,0.0007908538,0.0007908538
162,0.06401683,0.2778595,0.07439387,-0.059621923,0.032235436,-0.07260033,0.119015135,0.13731304,0.1428102,-0.04545654,0.020182323,-0.03987734,0.12677985,0.07246478,0.13772014,-0.028154489,0.0023568247,-0.15924677,0.09390545,0.07783366,0.084595464,-0.0113086,-0.01712246,-0.4701172,0.041235685,0.17434534,0.01836987,0.024479495,-0.028202916,-0.8140285,0.0477882,0.35767233,0.02774516,0.069907345,0.0007908538,0.0007908538
163,0.061181817,0.27583438,0.07232575,-0.057711057,0.02764471,-0.076619096,0.1177825,0.13553484,0.14197642,-0.0427946,0.015785985,-0.043457843,0.12595548,0.07058922,0.1369081,-0.024948811,-0.0016610052,-0.16327998,0.0932305,0.07670162,0.083824255,-0.007813105,-0.020676568,-0.47516736,0.04152896,0.17449126,0.0186708,0.028783394,-0.032083586,-0.8205709,0.04963719,0.35885665,0.030853068,0.07569449,0.0007908538,0.0007908538
164,0.06098236,0.27764884,0.07230098,-0.060272582,0.032629907,-0.07309737,0.11802207,0.13543168,0.14249213,-0.04652786,0.020525191,-0.040889047,0.12607707,0.06983567,0.13707326,-0.029148407,0.0025800152,-0.16316485,0.0924844,0.07598765,0.08293292,-0.0122817885,-0.0170535,-0.47791198,0.04015471,0.17472656,0.0167303,0.024160093,-0.027972346,-0.82521594,0.047784366,0.3605888,0.027561676,0.07053881,0.0007908538,0.0007908538
165,0.062333822,0.27896994,0.07333062,-0.060764074,0.030873122,-0.0722002,0.11958514,0.13628402,0.14418887,-0.0460481,0.01864439,-0.04069634,0.12761424,0.070383035,0.13870366,-0.028201802,0.00057918736,-0.16478875,0.09376029,0.07662005,0.084224164,-0.010761566,-0.019047141,-0.4816206,0.041811768,0.17621611,0.018706473,0.026762549,-0.03028183,-0.83061093,0.05062403,0.3630629,0.032309685,0.0746401,0.0007908538,0.0007908538
166,0.061051194,0.27926588,0.072452396,-0.06049589,0.031398993,-0.07100486,0.11920659,0.13553005,0.1441721,-0.046273615,0.019218381,-0.040077515,0.12739526,0.06910735,0.13855751,-0.02860154,0.0011706615,-0.16606075,0.09309053,0.07550298,0.08346638,-0.011310193,-0.01849928,-0.4853173,0.04112653,0.17609419,0.017722549,0.026353382,-0.029652633,-0.83640134,0.05024801,0.36425003,0.031587858,0.07449284,0.0007908538,0.0007908538
167,0.058593623,0.2789401,0.07072264,-0.058384523,0.028793596,-0.07003406,0.11801974,0.13404632,0.14341377,-0.044158503,0.016862268,-0.039538216,0.1264689,0.06712143,0.13767652,-0.026420616,-0.0008066925,-0.16729572,0.09169079,0.07380394,0.08193128,-0.009225362,-0.020151017,-0.48899388,0.039653067,0.17548317,0.0157298,0.028781693,-0.03152534,-0.8422381,0.048898257,0.3649751,0.029192317,0.0777605,0.0007908538,0.0007908538
168,0.0599632,0.2801736,0.071755216,-0.0610253,0.03245552,-0.069557585,0.11953491,0.13498728,0.14510387,-0.047306478,0.020176953,-0.039568044,0.12802175,0.067624174,0.1393657,-0.029759178,0.0018936418,-0.16885448,0.09304807,0.074192345,0.08334561,-0.012481994,-0.018092498,-0.4926189,0.041307703,0.17657785,0.01774736,0.025729964,-0.02924732,-0.8477091,0.051497567,0.36708415,0.033568233,0.07462104,0.0007908538,0.0007908538
169,0.057675663,0.27922827,0.07011408,-0.06100347,0.03405875,-0.07095743,0.118540935,0.13362831,0.14455514,-0.048238266,0.021811102,-0.0408455,0.12738895,0.06577404,0.13881941,-0.031030376,0.0034793434,-0.17112663,0.09225214,0.07257445,0.082493305,-0.0141215855,-0.016682014,-0.4968844,0.04074808,0.1759644,0.016976317,0.023880538,-0.027604567,-0.8542399,0.0513523,0.36773735,0.033270497,0.07249586,0.0007908538,0.0007908538
170,0.05774488,0.28062376,0.07024428,-0.059937935,0.029942382,-0.06876262,0.119177684,0.1338561,0.14543611,-0.04600197,0.017702091,-0.03919587,0.12808777,0.06550105,0.13959473,-0.028209083,-0.00054833473,-0.1713464,0.09235036,0.072313026,0.08252096,-0.0107957525,-0.020621784,-0.4998098,0.0404271,0.1766087,0.016381038,0.028354991,-0.032317266,-0.85929483,0.050811887,0.3696718,0.032204635,0.07887459,0.0007908538,0.0007908538
171,0.05707823,0.28083754,0.069796674,-0.060528968,0.031384792,-0.06867412,0.11928821,0.13350359,0.14587009,-0.047097318,0.019063322,-0.039268557,0.12839939,0.06463434,0.14000987,-0.029479772,0.0006211504,-0.17270721,0.09236192,0.071466595,0.08250993,-0.012167177,-0.019711671,-0.50342876,0.040449984,0.17661259,0.016312588,0.027131086,-0.03131583,-0.8651401,0.05109403,0.3708903,0.032615025,0.07779456,0.0007908538,0.0007908538
172,0.055214655,0.28032425,0.068479665,-0.059656765,0.03054148,-0.06955018,0.11860493,0.13245535,0.14558929,-0.04640817,0.018330311,-0.040005248,0.12804016,0.06309053,0.13973291,-0.028813947,3.6330603e-05,-0.17439671,0.09177191,0.070099205,0.0818644,-0.0116164,-0.020218717,-0.50720835,0.039946184,0.17620681,0.01557874,0.027927484,-0.031909063,-0.87117183,0.05082934,0.37174967,0.032084778,0.07913001,0.0007908538,0.0007908538
173,0.0561014,0.2824065,0.06921975,-0.061838955,0.033919755,-0.06700737,0.1197275,0.13329664,0.14694878,-0.049121752,0.021468217,-0.037933722,0.12915768,0.0632312,0.14097072,-0.03174421,0.0027337435,-0.17406106,0.09221124,0.069942415,0.08227686,-0.01456144,-0.017970137,-0.5096166,0.039695688,0.17672369,0.015086997,0.025159046,-0.02933685,-0.87573177,0.049949415,0.37364215,0.030407496,0.076363035,0.0007908538,0.0007908538
174,0.05706622,0.28357476,0.069965266,-0.06291507,0.03448677,-0.06673188,0.12102936,0.13408361,0.14846085,-0.04998033,0.021877982,-0.03783931,0.13056731,0.06353416,0.14250955,-0.032485995,0.002898395,-0.17517309,0.093366526,0.07011146,0.08346302,-0.015035233,-0.018008929,-0.5129285,0.040885534,0.17762898,0.016477343,0.025329992,-0.029450508,-0.88112766,0.051587414,0.37568998,0.033124283,0.077356555,0.0007908538,0.0007908538
175,0.054590568,0.28239018,0.0681883,-0.060556255,0.030773526,-0.068838365,0.11999316,0.13267806,0.14785762,-0.047203097,0.01844664,-0.03952827,0.1299673,0.061716706,0.14198193,-0.0294709,-5.2118878e-05,-0.17743807,0.092705645,0.06861022,0.08274979,-0.012005739,-0.020524357,-0.51705146,0.04055322,0.17718917,0.015976656,0.028913436,-0.032353077,-0.88751173,0.05176089,0.37649328,0.0333654,0.08217372,0.0007908538,0.0007908538
176,0.053702105,0.28288457,0.067601696,-0.060894173,0.031977914,-0.06828667,0.119933456,0.13230668,0.14814255,-0.047996555,0.019652521,-0.03900747,0.1301042,0.060733423,0.14221236,-0.030435773,0.0011128243,-0.17810301,0.0923828,0.06758726,0.08237903,-0.013109816,-0.01942971,-0.52011514,0.039891176,0.1770042,0.015006677,0.027959911,-0.031048017,-0.8928215,0.050766658,0.3776676,0.031533774,0.081447154,0.0007908538,0.0007908538
177,0.055769395,0.28564003,0.0691967,-0.06511681,0.038698483,-0.06565343,0.121885315,0.13385046,0.15026318,-0.05322235,0.025952958,-0.036779247,0.13193898,0.061520126,0.14418471,-0.03608726,0.0066558206,-0.17750397,0.093483016,0.06790575,0.08348288,-0.018779248,-0.014556121,-0.52228445,0.040175613,0.17788175,0.015175434,0.022354554,-0.025329724,-0.89714193,0.05029065,0.37996244,0.030523883,0.07535768,0.0007908538,0.0007908538
178,0.05664212,0.28668103,0.06988682,-0.065436475,0.0356459,-0.06667473,0.123231396,0.13459802,0.15177941,-0.052098494,0.022816284,-0.03752454,0.13337778,0.061938714,0.14570169,-0.03424892,0.0035212045,-0.17887247,0.094714165,0.06844111,0.08470111,-0.016212882,-0.01752734,-0.52549034,0.0414863,0.17933013,0.01665362,0.026385644,-0.028776575,-0.90214396,0.05201212,0.382642,0.03336791,0.081612214,0.0007908538,0.0007908538
179,0.052202478,0.28462473,0.06673976,-0.06381111,0.03279173,-0.07147673,0.1209245,0.13222148,0.15003905,-0.05029306,0.020247463,-0.04095974,0.13164857,0.059146155,0.14397635,-0.032179385,0.0014637113,-0.18179715,0.092988856,0.06636558,0.082828745,-0.014283299,-0.019100612,-0.5296992,0.04004203,0.17862977,0.014677864,0.028675603,-0.030356597,-0.9083192,0.050599463,0.38353175,0.030797804,0.084878825,0.0007908538,0.0007908538
180,0.050649934,0.2850266,0.06572595,-0.06430969,0.031827413,-0.07257993,0.12053348,0.13170227,0.15002167,-0.05042456,0.019245595,-0.04155104,0.13150176,0.058098778,0.14386825,-0.031984292,0.00044951297,-0.18296236,0.0924303,0.06561069,0.08215537,-0.013912477,-0.020101469,-0.5328526,0.039195664,0.17900328,0.013391549,0.029689433,-0.03139496,-0.91329443,0.049327627,0.3854728,0.02840246,0.08694839,0.0007908538,0.0007908538
181,0.052688703,0.28818497,0.067343146,-0.06973847,0.039386153,-0.07022137,0.12246843,0.13343492,0.15213306,-0.05686572,0.02622616,-0.039507806,0.13329244,0.05904996,0.14577399,-0.038757943,0.0063935644,-0.18246703,0.09344471,0.066195816,0.08313791,-0.020655947,-0.015139831,-0.53496826,0.03936711,0.18028156,0.013376769,0.022951184,-0.025593564,-0.9171923,0.048638165,0.38834107,0.026967864,0.07952752,0.0007908538,0.0007908538
182,0.05302449,0.28887743,0.06763191,-0.06812796,0.032669082,-0.07118802,0.12349287,0.13390121,0.15335752,-0.053063236,0.019604404,-0.040412493,0.13449231,0.059261415,0.14704202,-0.03393238,0.00013753038,-0.18427019,0.09451719,0.06668727,0.08418845,-0.014927618,-0.02084194,-0.53860414,0.040845092,0.18187284,0.01508978,0.030547712,-0.032174323,-0.92252344,0.05104689,0.39117607,0.031069905,0.09024811,0.0007908538,0.0007908538
183,0.050936468,0.28862748,0.066178106,-0.06742089,0.033087727,-0.07211149,0.122661866,0.13287987,0.15296891,-0.05289479,0.020238945,-0.04110476,0.13398021,0.05761517,0.14660123,-0.03399117,0.0010911297,-0.18581699,0.09370835,0.06523679,0.083310015,-0.015261795,-0.019555615,-0.54217863,0.040110614,0.18148057,0.014040028,0.030288072,-0.030492704,-0.9282183,0.05045003,0.39230016,0.029921992,0.09028458,0.0007908538,0.0007908538
184,0.05168873,0.29104742,0.06683256,-0.07094808,0.040776145,-0.069665246,0.12361523,0.13365841,0.15419032,-0.058061007,0.027756808,-0.038937777,0.13484257,0.057508897,0.14756696,-0.03990909,0.00820767,-0.18519405,0.093735605,0.06476849,0.08328803,-0.021571696,-0.012717254,-0.5441355,0.039310515,0.18165606,0.0128307305,0.023571508,-0.022305174,-0.9321126,0.04877861,0.39406046,0.026789758,0.08250682,0.0007908538,0.0007908538
185,0.052007236,0.29104632,0.06708052,-0.07038028,0.03743093,-0.072446294,0.12463345,0.13394994,0.1554119,-0.05612231,0.024508113,-0.041300684,0.13606863,0.05759243,0.14886922,-0.037367932,0.005280867,-0.18784592,0.09511759,0.06515619,0.08468595,-0.018395884,-0.015087953,-0.5480862,0.041558027,0.18304738,0.015581074,0.028191047,-0.024940876,-0.9376773,0.05260139,0.39651424,0.03343493,0.08941519,0.0007908538,0.0007908538
186,0.04765249,0.29067463,0.06406725,-0.06671725,0.03332381,-0.07250346,0.12224632,0.13184159,0.15363282,-0.05226552,0.021057121,-0.04085887,0.13411057,0.054682795,0.14692472,-0.03345199,0.0029735523,-0.1882299,0.09249036,0.0626078,0.08186542,-0.014829259,-0.016233204,-0.550755,0.03831372,0.18173523,0.0112248035,0.032072708,-0.025945755,-0.9425084,0.04825718,0.39704964,0.025573194,0.09453864,0.0007908538,0.0007908538
187,0.049362443,0.29375428,0.065421544,-0.07071319,0.04135604,-0.070195735,0.12394751,0.13353439,0.15560108,-0.05781502,0.028846951,-0.038923144,0.13577649,0.055391658,0.14875266,-0.039736625,0.010236486,-0.18785718,0.09349425,0.06275519,0.08288674,-0.021433873,-0.009348264,-0.5529271,0.03872366,0.18247053,0.01159348,0.025034625,-0.017719598,-0.94668365,0.048255324,0.3994833,0.025368253,0.086363725,0.0007908538,0.0007908538
188,0.047486328,0.29298687,0.06409322,-0.066828914,0.034619708,-0.073018104,0.12349959,0.13273212,0.15557143,-0.05249255,0.02268685,-0.04126427,0.13577954,0.054158393,0.14883801,-0.03388463,0.0051986384,-0.19059083,0.093624696,0.06190334,0.08300131,-0.015280619,-0.013093174,-0.5572233,0.039724972,0.18282269,0.012788199,0.03242833,-0.021840833,-0.9530586,0.050695524,0.40122244,0.029584318,0.09631665,0.0007908538,0.0007908538
189,0.046824783,0.29409033,0.063691564,-0.06703131,0.03642712,-0.0720175,0.12358632,0.13262653,0.15600654,-0.053265784,0.024650753,-0.040363677,0.1359939,0.053303033,0.1491379,-0.03496101,0.0073963525,-0.19092247,0.09327873,0.060951516,0.08260648,-0.01656189,-0.010552236,-0.55983883,0.039064135,0.18270494,0.011799588,0.031277902,-0.01866267,-0.9576797,0.049751386,0.4026067,0.027787574,0.095403284,0.0007908538,0.0007908538
190,0.047946423,0.2958035,0.06457149,-0.07161908,0.044619802,-0.07199704,0.12492587,0.13356711,0.15758966,-0.059406485,0.032473836,-0.040273927,0.1373436,0.053516712,0.15060426,-0.041706532,0.014491618,-0.19169107,0.09423672,0.060900465,0.08357304,-0.023506556,-0.0040242285,-0.562612,0.03986941,0.18331183,0.012693401,0.024074417,-0.010852827,-0.962291,0.05053319,0.40460223,0.029032335,0.08715383,0.0007908538,0.0007908538
191,0.04669869,0.29569104,0.06372256,-0.07017393,0.039495338,-0.07355035,0.12485298,0.13298687,0.15783794,-0.05652226,0.027447347,-0.041465476,0.1375327,0.052581113,0.15082678,-0.038084645,0.009765548,-0.19349732,0.09419111,0.060391687,0.083450764,-0.019327259,-0.008389281,-0.5662948,0.04001262,0.18405338,0.012679755,0.02973046,-0.015909487,-0.96780765,0.050853573,0.40679845,0.029457243,0.09534245,0.0007908538,0.0007908538
192,0.04455709,0.2956192,0.06226654,-0.069100924,0.036647502,-0.07416499,0.12407216,0.13193366,0.1574654,-0.05489462,0.02472407,-0.041778535,0.13703462,0.050988022,0.1503542,-0.0360988,0.0073111174,-0.19461004,0.09323973,0.05914534,0.08238769,-0.017182542,-0.010582456,-0.56951773,0.0388613,0.18399602,0.011001578,0.03272102,-0.018379332,-0.97295374,0.049202435,0.40827492,0.026365267,0.09987436,0.0007908538,0.0007908538
193,0.046317138,0.29812768,0.06361512,-0.07309385,0.04212216,-0.07209498,0.12580483,0.13331506,0.15937918,-0.059653003,0.029722376,-0.040178925,0.13868952,0.05166156,0.1521189,-0.041077163,0.011426348,-0.19460358,0.09424601,0.05949115,0.08338274,-0.022048313,-0.0072866464,-0.5720008,0.039356463,0.185058,0.011455315,0.028047625,-0.014569599,-0.977194,0.049171954,0.41078424,0.026147846,0.09490992,0.0007908538,0.0007908538
194,0.042795923,0.29617193,0.061100125,-0.07123595,0.04060961,-0.0750671,0.124100454,0.1312544,0.15820837,-0.05826554,0.028455965,-0.042610686,0.13752444,0.049085613,0.15100484,-0.039798874,0.010513981,-0.19738841,0.09310403,0.05736729,0.08219123,-0.021080805,-0.007976385,-0.5764691,0.038841374,0.18415272,0.010746042,0.02913358,-0.015300086,-0.98381525,0.049223557,0.41121432,0.026214106,0.096471116,0.0007908538,0.0007908538
195,0.045332782,0.2991266,0.06298675,-0.07284001,0.040496618,-0.07252213,0.12648872,0.1331803,0.1607239,-0.05901024,0.028080704,-0.040764432,0.13983133,0.050366227,0.15343983,-0.04017429,0.009766716,-0.19743906,0.094813235,0.05829317,0.08391412,-0.020855512,-0.008965867,-0.5791965,0.04025222,0.1858598,0.0123674655,0.030531794,-0.016545838,-0.9884228,0.050678898,0.414314,0.028657233,0.099440664,0.0007908538,0.0007908538
196,0.04212399,0.2981909,0.060735356,-0.07138734,0.040687993,-0.073450804,0.12492602,0.13146996,0.15971789,-0.058503747,0.028523901,-0.041466583,0.13873118,0.04788748,0.15240903,-0.04004065,0.01052523,-0.19902658,0.09339204,0.055991266,0.08243363,-0.021240214,-0.008041236,-0.5830228,0.038882095,0.18466519,0.010530107,0.029924244,-0.015403574,-0.99462396,0.049088597,0.41465226,0.025731497,0.09874645,0.0007908538,0.0007908538
197,0.043117136,0.2999851,0.061505258,-0.07246202,0.041129425,-0.07169462,0.12619996,0.13236223,0.16121493,-0.059342418,0.02877467,-0.0402137,0.14006285,0.048150826,0.15384465,-0.040740766,0.010454714,-0.19940604,0.09419089,0.056047138,0.083222166,-0.021659909,-0.008414888,-0.58593315,0.039422117,0.18556388,0.011064182,0.030223561,-0.015942842,-0.9994507,0.049461376,0.41690937,0.02626136,0.099986844,0.0007908538,0.0007908538
198,0.041620903,0.2990792,0.060444687,-0.07205352,0.04077854,-0.07411176,0.12592284,0.13160288,0.16135444,-0.05917397,0.028437782,-0.042368095,0.1402256,0.04687647,0.15410225,-0.040601008,0.010092481,-0.2021271,0.09445907,0.0549791,0.08349917,-0.021574361,-0.008892217,-0.59050095,0.040456124,0.18560554,0.012346833,0.030658243,-0.016550202,-1.0061846,0.05148965,0.41823256,0.029878678,0.101001106,0.0007908538,0.0007908538
199,0.041911755,0.30077502,0.060715746,-0.07314379,0.042671133,-0.0719626,0.12671447,0.13210134,0.16246408,-0.060703594,0.030188067,-0.040651992,0.14112924,0.046542205,0.15511663,-0.042286742,0.011534546,-0.20211276,0.09465995,0.05432696,0.08367772,-0.02327414,-0.007778367,-0.59333867,0.040069915,0.18578963,0.011688726,0.0292675,-0.015313678,-1.0112762,0.050335307,0.41997108,0.027650323,0.099922344,0.0007908538,0.0007908538
200,0.039140265,0.29981124,0.058768287,-0.071507595,0.04151535,-0.07322789,0.12552188,0.13064536,0.16179603,-0.059526466,0.029237865,-0.04164306,0.14042377,0.044365063,0.15448812,-0.041263472,0.010858483,-0.20387286,0.09372578,0.052306443,0.082711026,-0.02257204,-0.008349126,-0.59736454,0.039286256,0.18489847,0.01060463,0.030083543,-0.01598422,-1.0177354,0.049464006,0.42057872,0.026003456,0.10119143,0.0007908538,0.0007908538
201,0.04067289,0.30173665,0.05990738,-0.07336768,0.04300526,-0.07170032,0.1272101,0.13187042,0.16369444,-0.06131071,0.030409383,-0.040558312,0.14218089,0.04492293,0.15636797,-0.04294633,0.011466599,-0.20433067,0.09499292,0.052538924,0.08398874,-0.023930367,-0.008279635,-0.6004509,0.040287763,0.18594767,0.011735297,0.029446796,-0.016048716,-1.0228797,0.05030213,0.42303264,0.027382523,0.101354964,0.0007908538,0.0007908538
202,0.040688317,0.30268043,0.059957318,-0.07423682,0.04424048,-0.07094604,0.12786551,0.13212968,0.16467525,-0.062499885,0.031483505,-0.040015876,0.14304385,0.044461813,0.15733723,-0.04420611,0.012202711,-0.20509446,0.095404305,0.051879447,0.08439401,-0.025148282,-0.007932099,-0.6037938,0.040476754,0.18619388,0.011847877,0.02863422,-0.015750337,-1.0284591,0.05016893,0.42473805,0.027026283,0.10100854,0.0007908538,0.0007908538
203,0.04007521,0.30303308,0.0595529,-0.07442812,0.04435209,-0.07104219,0.12812924,0.1319772,0.16530004,-0.06284749,0.03151023,-0.040145725,0.14359356,0.043640673,0.1579812,-0.04454792,0.012037185,-0.20628999,0.095617495,0.05099722,0.08459627,-0.025451481,-0.008368153,-0.60742545,0.040661175,0.1863116,0.011965093,0.028820356,-0.016353793,-1.0343319,0.050237384,0.42629847,0.027051784,0.10190478,0.0007908538,0.0007908538
204,0.04015277,0.30397823,0.059646267,-0.07457103,0.043297853,-0.07033365,0.12883314,0.132274,0.16628867,-0.06260969,0.030338783,-0.039631423,0.14448968,0.043326132,0.1589657,-0.04408079,0.010671745,-0.2070096,0.0960748,0.050578658,0.08503641,-0.024724685,-0.009977817,-0.6106133,0.04092298,0.18684524,0.01215134,0.030380502,-0.0183468,-1.039567,0.050244592,0.42822722,0.026947502,0.10473464,0.0007908538,0.0007908538
205,0.03536016,0.30143663,0.056272462,-0.0711356,0.03887203,-0.074072875,0.1263239,0.1296083,0.16439928,-0.05906875,0.026346778,-0.042459697,0.1426796,0.040096734,0.15717788,-0.04042803,0.0074191038,-0.20971112,0.09433674,0.047952216,0.08323854,-0.021420162,-0.012737532,-0.6149833,0.03979441,0.18559065,0.010631923,0.03400891,-0.02148087,-1.046122,0.049462005,0.42838374,0.02546626,0.1095084,0.0007908538,0.0007908538
206,0.036275122,0.30330944,0.057000868,-0.07592869,0.047116455,-0.07364723,0.12751204,0.13065465,0.1658815,-0.065625794,0.034066394,-0.041919924,0.14396232,0.040260874,0.15857387,-0.04755036,0.014054008,-0.2100126,0.09508644,0.04769557,0.08398314,-0.028736915,-0.007090639,-0.61759603,0.039979085,0.1860303,0.0107223,0.026259203,-0.014900064,-1.0506376,0.048880026,0.4304402,0.024228705,0.1003169,0.0007908538,0.0007908538
207,0.03698026,0.30498695,0.05756344,-0.0762065,0.044546157,-0.073030725,0.12874587,0.13157542,0.16736782,-0.06473457,0.031349555,-0.04140099,0.1453572,0.0405684,0.1600577,-0.04608447,0.011185043,-0.21068361,0.096018784,0.047929853,0.084886104,-0.026701143,-0.010080614,-0.6207922,0.040689237,0.18736403,0.011426356,0.029663917,-0.01842795,-1.0558105,0.049442194,0.433411,0.02507509,0.10590193,0.0007908538,0.0007908538
208,0.036610905,0.30601588,0.057358276,-0.076684855,0.04488622,-0.07276145,0.129188,0.13174666,0.1681644,-0.06523776,0.031642027,-0.04106551,0.14602007,0.039970037,0.16080499,-0.046548985,0.011384849,-0.21136872,0.09618602,0.047220252,0.08502572,-0.02708346,-0.009952233,-0.6239485,0.040599804,0.18766108,0.011146757,0.029874511,-0.018245257,-1.0610808,0.049033366,0.43531215,0.024180077,0.106998764,0.0007908538,0.0007908538
209,0.032773867,0.30416226,0.054675512,-0.07379476,0.04005008,-0.0762111,0.12739724,0.12969361,0.16692123,-0.061753012,0.027165128,-0.043667935,0.14482023,0.03738853,0.15962504,-0.042737007,0.0075923973,-0.21396178,0.094995044,0.04525511,0.083778076,-0.023327706,-0.013193939,-0.6282831,0.040049177,0.18714026,0.010327826,0.034440987,-0.021860551,-1.067428,0.049038995,0.43624848,0.024128031,0.11338869,0.0007908538,0.0007908538
210,0.037493635,0.30880627,0.058106862,-0.081157796,0.049420554,-0.07226341,0.13106689,0.13295364,0.17057432,-0.070082426,0.035582013,-0.040535357,0.1481206,0.03985686,0.16305538,-0.05125916,0.0142502375,-0.21281311,0.09732918,0.046926327,0.0861072,-0.031346466,-0.008006424,-0.62998825,0.041326392,0.1893099,0.011728486,0.026790466,-0.015975999,-1.0706584,0.04938295,0.43998232,0.024537204,0.105041884,0.0007908538,0.0007908538
211,0.03580021,0.30894437,0.05696866,-0.08045002,0.046302874,-0.073057786,0.13062444,0.1323126,0.1705093,-0.068604246,0.032468148,-0.041020047,0.14798413,0.038669948,0.16294712,-0.049304932,0.01121176,-0.2140014,0.09679257,0.04607195,0.08550127,-0.029121542,-0.011032129,-0.63331044,0.040734056,0.18975335,0.010770024,0.030062193,-0.019438911,-1.0757054,0.048523918,0.4420094,0.02280056,0.11016018,0.0007908538,0.0007908538
212,0.032312885,0.30796134,0.05456607,-0.078497574,0.04290385,-0.0746906,0.12894754,0.13056585,0.16933934,-0.066364,0.029289937,-0.04212343,0.14676872,0.036321174,0.16173886,-0.046819378,0.008438489,-0.2155561,0.09525147,0.04422487,0.08388199,-0.026731975,-0.013559561,-0.63684684,0.039288513,0.18927561,0.008745652,0.03306372,-0.022269666,-1.0810553,0.04681226,0.44307157,0.019503692,0.11453484,0.0007908538,0.0007908538
213,0.03365129,0.3089299,0.05553183,-0.08171616,0.04713377,-0.07625677,0.13055806,0.13173777,0.1712001,-0.070237905,0.033059463,-0.043684315,0.14859745,0.03686796,0.16369054,-0.050814927,0.011307944,-0.21780106,0.09717994,0.044581365,0.08584837,-0.03054757,-0.011527763,-0.6409013,0.04203655,0.1905285,0.012260207,0.02947508,-0.02002282,-1.0868201,0.051100332,0.4456356,0.02745606,0.110713005,0.0007908538,0.0007908538
214,0.033147354,0.3106293,0.05524747,-0.08274876,0.049608186,-0.07487025,0.130847,0.13213071,0.17191705,-0.07206104,0.035448164,-0.04241783,0.14912115,0.036182087,0.16431454,-0.052926943,0.013432484,-0.21789132,0.09699159,0.043522783,0.085634954,-0.032903004,-0.009722291,-0.6437714,0.041218195,0.19040279,0.011056304,0.02703664,-0.017940244,-1.0919673,0.049425554,0.44735253,0.024179567,0.10805241,0.0007908538,0.0007908538
215,0.030253287,0.310422,0.05327953,-0.080374554,0.044154003,-0.07610109,0.1296812,0.13099958,0.17124923,-0.06858855,0.030223805,-0.043153904,0.1484141,0.034373026,0.16363183,-0.04890153,0.008709525,-0.21922368,0.095892325,0.04213863,0.08446162,-0.028729027,-0.014109979,-0.6473659,0.040074788,0.19049168,0.009381008,0.03231813,-0.022961779,-1.0975368,0.04790378,0.44921392,0.02118065,0.11564899,0.0007908538,0.0007908538
216,0.029493555,0.31069058,0.052796986,-0.08137699,0.04424872,-0.07785606,0.12989008,0.13096265,0.17180313,-0.069438525,0.03014001,-0.044536147,0.14892523,0.03377311,0.16419941,-0.049524143,0.008320523,-0.22104289,0.096277684,0.041742925,0.08481686,-0.02914027,-0.014811411,-0.65104365,0.040845145,0.19127756,0.010245253,0.032605607,-0.023777926,-1.1028394,0.049189437,0.45145723,0.023495816,0.11690663,0.0007908538,0.0007908538
217,0.031477433,0.31331202,0.054259185,-0.086147815,0.050943613,-0.07627021,0.13176677,0.13251504,0.17386171,-0.075228006,0.036228083,-0.043266296,0.15072548,0.03452939,0.16609226,-0.055545565,0.013226989,-0.22113875,0.097400025,0.042085703,0.08591805,-0.034973025,-0.010923317,-0.6536354,0.041455545,0.1923963,0.010848077,0.026952012,-0.019362848,-1.1070938,0.049315855,0.45413738,0.023567367,0.11066142,0.0007908538,0.0007908538
218,0.030825065,0.31435364,0.053856384,-0.0857369,0.04780884,-0.075527795,0.1320419,0.13249193,0.17445517,-0.07382663,0.03301698,-0.0426247,0.15119338,0.03390069,0.16660029,-0.053604268,0.009963727,-0.22179095,0.097259656,0.04163774,0.08571672,-0.032590955,-0.014283716,-0.6568596,0.041072108,0.19327553,0.010115352,0.030709248,-0.023273898,-1.1121025,0.04852591,0.45670614,0.02190395,0.11671431,0.0007908538,0.0007908538
219,0.027521651,0.31319398,0.051583715,-0.08463187,0.046702884,-0.077587135,0.13052331,0.13083687,0.1734742,-0.07312672,0.032034714,-0.044167284,0.15017863,0.031551775,0.1656091,-0.052933745,0.009130479,-0.2237498,0.09604245,0.039707195,0.084453784,-0.03216886,-0.015146359,-0.6608027,0.04021045,0.19271044,0.008880982,0.031404562,-0.02422873,-1.1179333,0.04776183,0.45769742,0.020377696,0.11804885,0.0007908538,0.0007908538
220,0.027072124,0.313327,0.05130328,-0.085957445,0.04721502,-0.0793092,0.13096425,0.13086547,0.17424566,-0.07441242,0.032277804,-0.04570169,0.15092541,0.031050052,0.16641723,-0.054004658,0.008879212,-0.22591375,0.09674097,0.039420802,0.08513199,-0.032971498,-0.015909806,-0.6649188,0.04155487,0.19368681,0.010509993,0.03136481,-0.025168102,-1.1236911,0.050018568,0.46013215,0.024586372,0.11896553,0.0007908538,0.0007908538
221,0.026310785,0.31463096,0.05083879,-0.08707841,0.04924092,-0.07806621,0.13102898,0.13082398,0.17467855,-0.07611047,0.03420023,-0.044480972,0.15113723,0.030136865,0.16667825,-0.05584545,0.010548725,-0.22586806,0.09615913,0.038376708,0.08450231,-0.034891713,-0.014476655,-0.6674085,0.04026719,0.1936343,0.008625364,0.029733669,-0.023464344,-1.1280227,0.04757483,0.46175104,0.019741414,0.117607266,0.0007908538,0.0007908538
222,0.028262435,0.31703478,0.05225267,-0.08982371,0.051594563,-0.07648964,0.13299087,0.13231143,0.17681234,-0.078714676,0.03615403,-0.04332718,0.1530745,0.030935027,0.16870221,-0.05827461,0.011803222,-0.22621314,0.097493224,0.03887899,0.08581334,-0.036843583,-0.013745986,-0.6703258,0.041349575,0.19508259,0.009829938,0.02875196,-0.022659132,-1.1326356,0.04860643,0.46474224,0.021538794,0.11763827,0.0007908538,0.0007908538
223,0.024921324,0.31559828,0.049945857,-0.08712623,0.047208168,-0.078826204,0.1315523,0.13060257,0.17590551,-0.07553459,0.032070428,-0.045165125,0.15219913,0.028622214,0.16784883,-0.054839335,0.008288841,-0.2284539,0.09654437,0.037086442,0.08482886,-0.033455756,-0.016876385,-0.6745375,0.041063447,0.19476871,0.009341109,0.033031825,-0.02618805,-1.1387464,0.048916135,0.46590683,0.022062907,0.123837136,0.0007908538,0.0007908538
224,0.02529427,0.31706032,0.05025156,-0.08919064,0.050650056,-0.077782884,0.13239987,0.13115524,0.17706338,-0.07837949,0.035248544,-0.04436503,0.15316935,0.028329989,0.16889422,-0.05789919,0.010891112,-0.2289615,0.0969226,0.03653151,0.08518894,-0.036509484,-0.0147965215,-0.6775635,0.041180182,0.19516133,0.009340409,0.030210376,-0.023826485,-1.143619,0.048729766,0.46787667,0.02156877,0.12095211,0.0007908538,0.0007908538
225,0.024586216,0.31740052,0.04978379,-0.088870235,0.049523346,-0.078099884,0.132622,0.13099822,0.17763405,-0.07782798,0.034117702,-0.044700496,0.15367424,0.02752436,0.16945454,-0.05720008,0.009758293,-0.2302549,0.09712368,0.035796206,0.08537105,-0.035657875,-0.015961388,-0.6810921,0.041639592,0.1955884,0.009805594,0.03190975,-0.025162436,-1.1489395,0.049554154,0.46974117,0.02305737,0.12402938,0.0007908538,0.0007908538
226,0.02331167,0.31771424,0.04892776,-0.088918,0.050822165,-0.07831131,0.13245644,0.13058473,0.17791797,-0.07858174,0.035458196,-0.044797886,0.1538364,0.02619287,0.16967896,-0.058214072,0.01107724,-0.23125644,0.09683063,0.03436038,0.085066274,-0.036886804,-0.014691554,-0.68452567,0.041298557,0.19522811,0.009240345,0.030877577,-0.023641463,-1.1544594,0.049026668,0.47098082,0.021939138,0.12325306,0.0007908538,0.0007908538
227,0.02366043,0.31904718,0.049203597,-0.09042058,0.05327241,-0.077515416,0.1333301,0.13111787,0.17910872,-0.0806191,0.03770954,-0.044169545,0.15487012,0.02587193,0.17078827,-0.06039683,0.012895104,-0.23179725,0.09731758,0.033746526,0.08554119,-0.039019004,-0.013253783,-0.6875839,0.041527323,0.19554815,0.0093883695,0.02915831,-0.022015937,-1.159467,0.048921324,0.4728542,0.021602549,0.121852525,0.0007908538,0.0007908538
228,0.022717712,0.3195894,0.048577428,-0.08998994,0.052313775,-0.07723882,0.13341013,0.13089953,0.17958549,-0.080130294,0.036745533,-0.04393064,0.1552535,0.024844019,0.17122737,-0.05982948,0.0118927825,-0.23265454,0.09720668,0.032675005,0.08541088,-0.038394522,-0.014391352,-0.69101936,0.04128971,0.19566034,0.008918419,0.030535499,-0.023377059,-1.1649566,0.048355862,0.4745926,0.020382756,0.124482274,0.0007908538,0.0007908538
229,0.023884889,0.3210754,0.049409144,-0.09151598,0.053624373,-0.07648296,0.13488911,0.13185288,0.18131669,-0.08164504,0.037772905,-0.04351578,0.15687343,0.02505901,0.17293148,-0.061254516,0.012386047,-0.23353833,0.09841224,0.03261183,0.08660596,-0.039491378,-0.014372274,-0.6944731,0.042539112,0.19661568,0.010396628,0.03033106,-0.023465222,-1.1703405,0.049844358,0.47706255,0.023140104,0.12533349,0.0007908538,0.0007908538
230,0.02115318,0.3206751,0.04755156,-0.08963026,0.051790252,-0.07725114,0.13377452,0.13072996,0.18074119,-0.079977944,0.03620552,-0.043946676,0.15624872,0.023010667,0.17234409,-0.059685346,0.011239432,-0.23458877,0.09738081,0.030636316,0.08555973,-0.038243935,-0.015301421,-0.6978478,0.041435387,0.19584253,0.008837912,0.031873364,-0.024486884,-1.1758387,0.048294548,0.47792357,0.020027569,0.12773198,0.0007908538,0.0007908538
231,0.019106235,0.32063347,0.046174366,-0.08881227,0.051759697,-0.07823987,0.13310602,0.1301087,0.18058361,-0.07967874,0.03633333,-0.0445903,0.15604042,0.021424724,0.1721869,-0.059593398,0.011567326,-0.23575765,0.096847855,0.02899393,0.08501933,-0.038487162,-0.014901862,-0.70122904,0.040930722,0.19530185,0.008090537,0.0316703,-0.023974447,-1.1812859,0.0476429,0.47901002,0.018663356,0.12778069,0.0007908538,0.0007908538
232,0.021089833,0.32260785,0.04757193,-0.09164594,0.054706838,-0.077828996,0.1351131,0.13170849,0.18279628,-0.08265258,0.038827036,-0.044493362,0.15815252,0.022278804,0.17439339,-0.062489852,0.013206539,-0.23680797,0.0986498,0.029463708,0.08680687,-0.040991537,-0.013985784,-0.7047128,0.042868067,0.19673364,0.010492739,0.029875198,-0.023051495,-1.1865884,0.05008257,0.48199847,0.023287823,0.12652884,0.0007908538,0.0007908538
233,0.020052867,0.32336006,0.046893634,-0.09284934,0.05753604,-0.078428224,0.13511705,0.13173342,0.18326767,-0.08481678,0.041531295,-0.044805203,0.15851288,0.021245608,0.17481625,-0.06494292,0.015551531,-0.23774526,0.098554656,0.02818708,0.08669908,-0.043694876,-0.012040417,-0.7081232,0.04246168,0.19652346,0.00984647,0.027069913,-0.020843511,-1.192215,0.0489835,0.4836152,0.021036603,0.123329155,0.0007908538,0.0007908538
234,0.018627552,0.32451525,0.04595692,-0.091659814,0.054865368,-0.07780651,0.13493936,0.13166216,0.18355127,-0.08308115,0.03899344,-0.044017423,0.158685,0.020164227,0.17503397,-0.06297694,0.0132827815,-0.23795988,0.09799736,0.027004037,0.08611533,-0.041706014,-0.01418365,-0.71114534,0.041246425,0.19662178,0.008052055,0.029925209,-0.023261206,-1.1974664,0.04662531,0.48570195,0.016283978,0.12794013,0.0007908538,0.0007908538
235,0.017670074,0.32545656,0.04534199,-0.090785384,0.053394917,-0.07820663,0.13509494,0.1318831,0.1841586,-0.08191044,0.037700307,-0.044216204,0.15922903,0.01939789,0.17563917,-0.06174414,0.012330532,-0.23891881,0.09814254,0.026087208,0.08624583,-0.04052145,-0.014829829,-0.7145444,0.04137579,0.19688907,0.0080956975,0.031707175,-0.023870243,-1.2029799,0.04681828,0.48776722,0.01652466,0.13095753,0.0007908538,0.0007908538
236,0.01849455,0.32661727,0.045931973,-0.09332621,0.05811294,-0.07909696,0.13634202,0.13286875,0.18574806,-0.08550442,0.042125154,-0.045075845,0.16073231,0.019439593,0.17722923,-0.065682404,0.016092395,-0.24045223,0.09950173,0.025724817,0.087596625,-0.044495974,-0.011589445,-0.71824163,0.04314111,0.19742645,0.010343311,0.027711036,-0.02019654,-1.2086196,0.049457997,0.4898535,0.021580184,0.12634544,0.0007908538,0.0007908538
237,0.01653186,0.3270241,0.044619564,-0.09313194,0.05855235,-0.0795769,0.13575405,0.13237585,0.1856804,-0.08587493,0.042594522,-0.045233168,0.16056253,0.017884512,0.1770984,-0.06619979,0.016513592,-0.24128394,0.09880231,0.024092484,0.08688486,-0.045271695,-0.011360971,-0.72157294,0.04212677,0.19701053,0.0088771125,0.027101137,-0.01994429,-1.214096,0.047708504,0.49130294,0.018040294,0.12607048,0.0007908538,0.0007908538
238,0.01601704,0.3278549,0.044293348,-0.0926711,0.056115743,-0.0797814,0.13623825,0.13255309,0.18654087,-0.084636316,0.040138595,-0.045413237,0.16136536,0.01728484,0.17794952,-0.06458718,0.014083727,-0.24243636,0.099211656,0.023534464,0.08726913,-0.043336827,-0.013817091,-0.7253167,0.04266814,0.19784646,0.009394939,0.030387742,-0.02273325,-1.2198317,0.04844058,0.4939128,0.019326061,0.13166183,0.0007908538,0.0007908538
239,0.013746589,0.32776907,0.042771358,-0.09122218,0.05414693,-0.08036689,0.13547704,0.1317035,0.18628715,-0.08316142,0.038345225,-0.04577457,0.16104756,0.015529714,0.17765746,-0.06307668,0.0125759,-0.24355319,0.09846284,0.021909362,0.086510584,-0.04196191,-0.015217815,-0.7288777,0.041969717,0.19757636,0.008329159,0.032431494,-0.024300646,-1.225411,0.047575794,0.49534613,0.017518202,0.13507359,0.0007908538,0.0007908538
240,0.014495435,0.3290812,0.043304782,-0.093530014,0.057656724,-0.080063924,0.13660958,0.13247178,0.18771589,-0.08620559,0.041484587,-0.04570041,0.16234492,0.015453442,0.17901687,-0.06626672,0.01492776,-0.24457988,0.09935952,0.02155168,0.08738807,-0.045012902,-0.01358148,-0.7323624,0.04296269,0.19826302,0.009501993,0.029782517,-0.022569016,-1.2307105,0.048875775,0.49761418,0.019967834,0.13248134,0.0007908538,0.0007908538
241,0.015634289,0.33131886,0.04411068,-0.09649116,0.06213636,-0.07863763,0.13797721,0.13360345,0.18936259,-0.0899822,0.045562327,-0.04450882,0.16376802,0.015591648,0.18050182,-0.07021931,0.018171992,-0.24463768,0.1000197,0.021206288,0.08802404,-0.048821084,-0.0109980805,-0.7351393,0.042990908,0.19883576,0.009353604,0.026334465,-0.019671932,-1.2354128,0.04814421,0.49994728,0.018378817,0.12893768,0.0007908538,0.0007908538
242,0.012591576,0.33132002,0.04207415,-0.09413097,0.057618786,-0.07961492,0.1367872,0.1325763,0.18872054,-0.086830035,0.04137479,-0.0448967,0.16307569,0.01365098,0.17981642,-0.06673572,0.014659768,-0.24546179,0.09878626,0.019567486,0.08677682,-0.045385905,-0.014021253,-0.7383822,0.041511014,0.1987214,0.0072024073,0.03085203,-0.022908442,-1.2406312,0.04594413,0.50177073,0.013886695,0.13584423,0.0007908538,0.0007908538
243,0.009197613,0.33009475,0.039790012,-0.09241899,0.055990133,-0.08331399,0.13543542,0.13136154,0.18801959,-0.08539357,0.040064953,-0.047684316,0.16243663,0.01144154,0.17919885,-0.06539557,0.013884993,-0.24795777,0.098257065,0.017643115,0.086246535,-0.044422787,-0.014407194,-0.7426964,0.04181828,0.19823872,0.007563323,0.03202284,-0.023122985,-1.2469637,0.047138754,0.50301915,0.016203145,0.13776627,0.0007908538,0.0007908538
244,0.0105356565,0.33255076,0.04074308,-0.09568995,0.059713524,-0.0827277,0.13702296,0.13293706,0.18989775,-0.08904785,0.043307368,-0.047214005,0.16415721,0.012022362,0.18098563,-0.06899896,0.016186422,-0.24856818,0.09941787,0.017805262,0.08736515,-0.047752198,-0.012901922,-0.745956,0.042666767,0.19951098,0.008506622,0.029141573,-0.02148658,-1.2521123,0.04778545,0.50627404,0.017311713,0.13498501,0.0007908538,0.0007908538
245,0.010910216,0.3347201,0.041029643,-0.096789084,0.05976142,-0.081196144,0.13798316,0.13385427,0.19118865,-0.08983502,0.04311335,-0.045960955,0.16528513,0.011966428,0.18216123,-0.06953776,0.01554649,-0.24876991,0.09977451,0.01749546,0.08768928,-0.048005886,-0.014015121,-0.74910474,0.042516768,0.2004938,0.008089172,0.029853513,-0.022840207,-1.2572374,0.047024827,0.50926894,0.015625438,0.13709474,0.0007908538,0.0007908538
246,0.009105284,0.3347411,0.039828286,-0.09604179,0.058870696,-0.08204721,0.13756193,0.13331886,0.1912704,-0.089270465,0.042286463,-0.04668434,0.16531399,0.010486241,0.18221621,-0.06898678,0.014770635,-0.250304,0.09949428,0.01610907,0.08740182,-0.04755728,-0.014892538,-0.7530845,0.04262928,0.20053187,0.008116821,0.030894443,-0.023844069,-1.2631716,0.047576606,0.51103944,0.016628299,0.139208,0.0007908538,0.0007908538
247,0.00946584,0.33586243,0.04008341,-0.09751229,0.0612288,-0.08167229,0.13846044,0.13388115,0.19250633,-0.09134047,0.04437004,-0.046608213,0.16643342,0.01014359,0.18338376,-0.07117706,0.016240332,-0.2514234,0.100216135,0.015514588,0.08810434,-0.04964784,-0.014021522,-0.7567524,0.043555893,0.20108993,0.0092142,0.02929394,-0.02298421,-1.2687125,0.04893576,0.5132367,0.019234926,0.13795845,0.0007908538,0.0007908538
248,0.007931067,0.33635584,0.03906426,-0.09641767,0.0594862,-0.081461355,0.13818672,0.13350838,0.19269869,-0.09013356,0.042730685,-0.0464036,0.1665406,0.008806554,0.18351373,-0.06990742,0.01475464,-0.25224826,0.09978021,0.014171199,0.08766561,-0.048423536,-0.015526228,-0.7602302,0.04304745,0.20111543,0.008381399,0.0313333,-0.024700126,-1.2741961,0.048179142,0.5150481,0.017606048,0.14154072,0.0007908538,0.0007908538
249,0.0061342423,0.3363033,0.03786866,-0.09608231,0.06010218,-0.08236105,0.13774514,0.13293609,0.19277754,-0.090489864,0.043378808,-0.04710608,0.16655153,0.0071976874,0.18354703,-0.070478275,0.015338299,-0.25360397,0.09944026,0.0125290025,0.08732735,-0.049219567,-0.0151320435,-0.764039,0.04289607,0.20077987,0.008067584,0.03084994,-0.024271576,-1.2800577,0.04806052,0.5164483,0.017280545,0.1415312,0.0007908538,0.0007908538
250,0.0055895606,0.33722728,0.037519284,-0.0968719,0.06158438,-0.08218034,0.13807973,0.13310549,0.19352368,-0.09180809,0.044710733,-0.046937227,0.1671814,0.006365173,0.18420832,-0.071903326,0.016295927,-0.25437427,0.09953003,0.011490815,0.08740604,-0.050652396,-0.014579637,-0.7674472,0.04279476,0.20095608,0.0077747707,0.029919889,-0.02370759,-1.2854517,0.047611654,0.518419,0.016250659,0.14116575,0.0007908538,0.0007908538
