Epoch,Layer0_theta_1,Layer0_r,Layer0_theta_2,Layer0_bx,Layer0_bp,Layer0_gamma,Layer1_theta_1,Layer1_r,Layer1_theta_2,Layer1_bx,Layer1_bp,Layer1_gamma,Layer2_theta_1,Layer2_r,Layer2_theta_2,Layer2_bx,Layer2_bp,Layer2_gamma,Layer3_theta_1,Layer3_r,Layer3_theta_2,Layer3_bx,Layer3_bp,Layer3_gamma,Layer4_theta_1,Layer4_r,Layer4_theta_2,Layer4_bx,Layer4_bp,Layer4_gamma,Layer5_theta_1,Layer5_r,Layer5_theta_2,Layer5_bx,Layer5_bp,Layer5_gamma
1,0.07544111,0.08071953,0.07548873,0.06887245,-0.06387691,0.005216741,0.075538255,0.080790125,0.07558037,0.06919664,-0.063777424,0.007836956,0.0755833,0.080790125,0.07559508,0.06940978,-0.06367509,0.013760611,0.07555243,0.080790125,0.075531796,0.06956175,-0.06358704,0.019187756,0.07545996,0.080790125,0.075468406,0.06971449,-0.06352047,0.023738172,0.07538913,0.08073292,0.075411856,0.06990736,0.0007908538,0.0007908538
2,0.1184261,0.13444798,0.118622415,0.10158791,-0.09677433,0.04124428,0.11874324,0.12874739,0.11939942,0.10380601,-0.09717431,0.038410153,0.11950432,0.12648517,0.11993805,0.10511954,-0.09725442,0.044072844,0.11999561,0.12642545,0.11980991,0.105855666,-0.097059086,0.050739825,0.1198705,0.12852937,0.11920732,0.106114045,-0.09673921,0.06052539,0.11912885,0.13580456,0.11927959,0.1062193,0.0007908538,0.0007908538
3,0.08318378,0.15072565,0.085464306,0.09329022,-0.08883984,0.07567844,0.08542402,0.1132629,0.08842466,0.10565143,-0.09357651,0.054615133,0.087961994,0.09961314,0.09036505,0.11317284,-0.09621671,0.04396313,0.08989779,0.09906505,0.08810759,0.11752838,-0.096941866,0.047835767,0.08791334,0.11158348,0.08492705,0.11877901,-0.09643545,0.07585205,0.08475952,0.15648802,0.0839003,0.118280314,0.0007908538,0.0007908538
4,0.08028366,0.16851945,0.08039556,0.09824452,-0.09632518,0.09201711,0.07975032,0.11581073,0.083007626,0.11252207,-0.10261867,0.06449042,0.082583226,0.09655969,0.08602198,0.122172676,-0.106242545,0.047614485,0.085626334,0.09547223,0.083326586,0.12837227,-0.107192606,0.050798927,0.08338062,0.11256564,0.080403425,0.13034095,-0.10643595,0.08724526,0.08073492,0.1744159,0.083079115,0.1299406,0.0007908538,0.0007908538
5,0.09968985,0.18932417,0.095079474,0.11327612,-0.10567788,0.095132045,0.09336918,0.13082916,0.09506526,0.12283854,-0.11126842,0.06990038,0.094963625,0.10958065,0.09856428,0.13063644,-0.114521295,0.052715633,0.098555535,0.108229,0.09626887,0.13644254,-0.11503058,0.0565929,0.09675937,0.12672025,0.09527059,0.13810393,-0.11381708,0.09666216,0.096191905,0.1934535,0.10357777,0.13750184,0.0007908538,0.0007908538
6,0.08714996,0.19279402,0.0854923,0.10691053,-0.09870367,0.098064266,0.08388266,0.12690674,0.087026946,0.1197529,-0.10563888,0.068534166,0.08684539,0.102889284,0.09093722,0.12933613,-0.10945262,0.048147,0.090794384,0.101411425,0.08791347,0.1357903,-0.110016726,0.051833082,0.08825391,0.12249442,0.085232556,0.13740164,-0.10839604,0.09638577,0.08598464,0.19815767,0.08959547,0.13613313,0.0007908538,0.0007908538
7,0.08487014,0.19654718,0.08377634,0.10590174,-0.09449364,0.09939732,0.08205441,0.12742028,0.085564405,0.11895588,-0.10182239,0.06845752,0.08551729,0.10220161,0.08977944,0.12864752,-0.10574508,0.046515007,0.08969018,0.10068757,0.086539,0.13504504,-0.10620762,0.04969301,0.08687093,0.12298884,0.0833411,0.13637328,-0.10425365,0.095855646,0.084038906,0.20264953,0.08680229,0.13450469,0.0007908538,0.0007908538
8,0.09169771,0.20204498,0.089081675,0.11011089,-0.094672434,0.09924824,0.08697062,0.1322965,0.08993154,0.12095286,-0.10164729,0.06942445,0.09013126,0.106885806,0.09433899,0.12954803,-0.10535706,0.047316,0.094435886,0.105353355,0.091277055,0.13548832,-0.105627246,0.04992206,0.091732524,0.12785201,0.0885854,0.13648455,-0.10346187,0.09571335,0.08937141,0.20792195,0.093771264,0.13426362,0.0007908538,0.0007908538
9,0.08697789,0.20294061,0.0856203,0.10745719,-0.09691045,0.0965131,0.083189055,0.13046613,0.08668809,0.12026924,-0.10443106,0.06602145,0.08671845,0.10408689,0.09105413,0.13015483,-0.10847591,0.042663302,0.09104058,0.10237061,0.08771707,0.1368116,-0.10896135,0.044573158,0.08809305,0.12531428,0.084368736,0.13825317,-0.10698888,0.090606295,0.08503107,0.20727079,0.08782764,0.13643532,0.0007908538,0.0007908538
10,0.08799162,0.20224237,0.086330555,0.10760304,-0.09338049,0.10301533,0.08400445,0.13145897,0.08733712,0.11953252,-0.10086145,0.07083543,0.08785337,0.10549498,0.09221449,0.12881567,-0.10485014,0.04546127,0.092482135,0.10379744,0.08921959,0.13509,-0.10526896,0.04451307,0.089711376,0.12672976,0.0861581,0.1362026,-0.10316505,0.08798571,0.08677822,0.2086863,0.09012286,0.13390873,0.0007908538,0.0007908538
11,0.08804111,0.20396675,0.08644733,0.10791745,-0.09735223,0.09935752,0.08363905,0.13169998,0.08696322,0.1204944,-0.104934104,0.067729026,0.087372184,0.105297774,0.091711216,0.13036126,-0.1090338,0.041627273,0.09194515,0.103450365,0.088643536,0.1370827,-0.109551184,0.03986192,0.08912459,0.12631093,0.085485175,0.13855988,-0.10759745,0.08266775,0.086037636,0.20831978,0.08911888,0.13675018,0.0007908538,0.0007908538
12,0.0888446,0.20387574,0.08703691,0.10829503,-0.09637167,0.10178229,0.08408382,0.1323199,0.08723358,0.12041925,-0.10390715,0.069359906,0.087939434,0.1061121,0.092247106,0.13000841,-0.10797686,0.04153724,0.092646725,0.10423062,0.0893688,0.13658321,-0.10846947,0.037458573,0.08989116,0.12699406,0.086343,0.13795646,-0.10647739,0.078306206,0.08679842,0.20880745,0.09012798,0.13601711,0.0007908538,0.0007908538
13,0.087131694,0.20245057,0.08569598,0.106809236,-0.092135005,0.10548467,0.08274609,0.13151161,0.08593001,0.11887592,-0.09976231,0.07147528,0.086970404,0.105463035,0.09126213,0.12823789,-0.1038217,0.041496206,0.09183229,0.103633404,0.08849815,0.13452338,-0.10426548,0.034827895,0.089040086,0.12658408,0.08533292,0.13559763,-0.102145,0.073800646,0.08563683,0.20897582,0.08851332,0.13319986,0.0007908538,0.0007908538
14,0.08897056,0.2045689,0.08716342,0.10862919,-0.09886965,0.102090016,0.08360331,0.1326304,0.08657877,0.121094644,-0.106478944,0.068743564,0.08755857,0.106290475,0.09180308,0.1310406,-0.1106203,0.037774775,0.09236645,0.10423671,0.08907604,0.13791107,-0.111164406,0.029745195,0.0896279,0.12681165,0.08605735,0.13952778,-0.10923411,0.06738775,0.08632107,0.20840588,0.08948548,0.13791461,0.0007908538,0.0007908538
15,0.08819056,0.20307766,0.08651168,0.10748966,-0.093209915,0.10666219,0.08300604,0.13235714,0.08590113,0.11933492,-0.10082938,0.07170436,0.087351464,0.10635817,0.091563284,0.12867096,-0.10490974,0.03838357,0.09234738,0.10438352,0.08902118,0.13502781,-0.105375856,0.027418492,0.08958616,0.12713142,0.08594532,0.13619004,-0.10328775,0.0629084,0.08604551,0.20917362,0.08904839,0.13392718,0.0007908538,0.0007908538
16,0.08907215,0.20436867,0.08723743,0.10824786,-0.09535861,0.10454585,0.083304495,0.13294269,0.08605183,0.12011331,-0.102962896,0.06980947,0.08756568,0.10677,0.09171736,0.1295894,-0.107063785,0.035311997,0.0925513,0.10471521,0.089207,0.13612245,-0.10755434,0.0228558,0.089781836,0.12737374,0.08615421,0.13745391,-0.10551115,0.05711806,0.08618668,0.20922111,0.08922997,0.13542946,0.0007908538,0.0007908538
17,0.09022898,0.205638,0.08816758,0.10893943,-0.09507883,0.10278795,0.08384497,0.13365957,0.08638576,0.12034039,-0.10260984,0.06820553,0.08804862,0.10739318,0.092104524,0.12956119,-0.10667068,0.032374255,0.0930159,0.10533097,0.08961978,0.13598457,-0.10713376,0.018297901,0.090190604,0.12802531,0.08655541,0.1372572,-0.10505701,0.05142437,0.08648998,0.20988609,0.08959591,0.13516544,0.0007908538,0.0007908538
18,0.08851065,0.20366803,0.08680228,0.1075876,-0.091112904,0.107501745,0.082548164,0.13292608,0.0851148,0.118894644,-0.09870868,0.071036056,0.08724472,0.10693929,0.09132864,0.12785912,-0.10275361,0.032522693,0.09243729,0.10486176,0.08904616,0.13397618,-0.103183135,0.015159207,0.08962292,0.12762654,0.085910104,0.13495563,-0.10102816,0.045838635,0.08571584,0.2098084,0.08853466,0.1324469,0.0007908538,0.0007908538
19,0.089320116,0.20362328,0.08740517,0.1087039,-0.0953976,0.10917296,0.08286296,0.13356197,0.08527876,0.12031466,-0.10298912,0.071900494,0.08766781,0.10766592,0.09179078,0.12968461,-0.10708438,0.031206891,0.09301803,0.10535398,0.08975874,0.13619646,-0.10756716,0.010903769,0.09037485,0.12768085,0.08688122,0.13752544,-0.10551195,0.038922127,0.086675756,0.20894451,0.089907095,0.13552006,0.0007908538,0.0007908538
20,0.08912279,0.20392941,0.08727733,0.1085263,-0.09473614,0.10860273,0.08243389,0.13350804,0.084761694,0.12010531,-0.102337606,0.07089255,0.08735348,0.107527085,0.09142267,0.12942736,-0.10642556,0.028395971,0.09273757,0.105201915,0.08942919,0.13588348,-0.106895074,0.0060104593,0.090044685,0.12761985,0.08647208,0.13716266,-0.10481413,0.032659855,0.08618235,0.20908403,0.089220926,0.13508941,0.0007908538,0.0007908538
21,0.08984785,0.20441614,0.08784175,0.10901356,-0.0952403,0.10841862,0.08270255,0.13399321,0.08486698,0.12039706,-0.10281314,0.070358835,0.087687515,0.10800332,0.0917178,0.12965621,-0.106899545,0.026072834,0.09311806,0.10560914,0.0898177,0.13613454,-0.10737279,0.0014263092,0.090427786,0.12796204,0.08690348,0.13745439,-0.105296664,0.026300842,0.08655745,0.20923217,0.08972282,0.13543597,0.0007908538,0.0007908538
22,0.08897929,0.20452948,0.08720086,0.1083112,-0.095095165,0.10821683,0.08176862,0.13357817,0.08392779,0.12005067,-0.1027481,0.06948585,0.08692119,0.1074143,0.09092457,0.12951045,-0.1068615,0.023222096,0.092377365,0.10498632,0.08901884,0.13604206,-0.10734118,-0.0037185885,0.08961826,0.12748615,0.08595323,0.1373648,-0.1052681,0.019596418,0.08554331,0.20912078,0.08833468,0.13533919,0.0007908538,0.0007908538
23,0.090586476,0.2044441,0.08839455,0.10896565,-0.09460147,0.111355,0.0828643,0.13471238,0.08478888,0.119996026,-0.10221341,0.071711734,0.08820531,0.10878921,0.092220284,0.12911548,-0.106340885,0.023229739,0.09376592,0.10623332,0.09048965,0.1355802,-0.1068483,-0.006749575,0.091020435,0.1285601,0.087542064,0.13689671,-0.10479237,0.013944514,0.08706046,0.20976996,0.09035131,0.13481282,0.0007908538,0.0007908538
24,0.08910181,0.20561557,0.08736892,0.10767071,-0.09346734,0.10778672,0.0814363,0.13389319,0.083458714,0.11915892,-0.10119465,0.06821958,0.08685301,0.107476644,0.09079064,0.1284683,-0.1053489,0.018560557,0.09232585,0.10503135,0.08885908,0.13489905,-0.10586471,-0.012497566,0.08938425,0.12787773,0.08554127,0.13614154,-0.10381429,0.007900521,0.08500795,0.21020424,0.08748972,0.1339377,0.0007908538,0.0007908538
25,0.089172535,0.20379637,0.08734465,0.10747744,-0.0912791,0.11478263,0.0816056,0.1344169,0.08354234,0.11845991,-0.099008515,0.07312904,0.08758241,0.1084228,0.09163595,0.12742232,-0.10315932,0.02033257,0.09330812,0.105773166,0.0899763,0.13365646,-0.10367176,-0.0149108935,0.090408646,0.12843128,0.08673165,0.13474597,-0.10159783,0.0020213267,0.08612837,0.21048823,0.08898173,0.1323112,0.0007908538,0.0007908538
26,0.09086933,0.20673142,0.088760965,0.108302474,-0.09161401,0.11023456,0.082445115,0.135256,0.08416101,0.11876914,-0.09930537,0.069202855,0.088161826,0.10878501,0.09205442,0.12751831,-0.10346479,0.015325276,0.09366723,0.106236465,0.09017601,0.1337449,-0.10400134,-0.020958811,0.09058074,0.1292606,0.08676984,0.13489632,-0.10193924,-0.004332833,0.086142704,0.21178418,0.08890427,0.13249327,0.0007908538,0.0007908538
27,0.08965862,0.20508285,0.08779251,0.107791156,-0.09106419,0.11534931,0.081554405,0.13494197,0.083309926,0.11847058,-0.09880904,0.07240403,0.08777399,0.10862758,0.09177209,0.12730864,-0.102967076,0.015544255,0.093452215,0.10587756,0.09003877,0.13351262,-0.10348391,-0.024607176,0.0903659,0.12882836,0.086568296,0.13460843,-0.10140161,-0.011079595,0.0859145,0.21136151,0.08860776,0.13215539,0.0007908538,0.0007908538
28,0.09144995,0.2076293,0.08927633,0.10966577,-0.096491635,0.11123309,0.0823492,0.135898,0.083881676,0.12052336,-0.104193896,0.068576746,0.08839188,0.109153844,0.092321806,0.12978248,-0.10838035,0.009884357,0.093990326,0.106318906,0.090567976,0.13645665,-0.10892862,-0.03219712,0.09094688,0.12924331,0.087223865,0.13798115,-0.106909424,-0.019689064,0.086676985,0.21136329,0.08964039,0.13609855,0.0007908538,0.0007908538
29,0.088930026,0.20512514,0.08728134,0.107465066,-0.08982328,0.11672108,0.08062884,0.13480678,0.082272254,0.118091054,-0.09759503,0.07190297,0.08737842,0.1082926,0.09136876,0.12682827,-0.101730876,0.010067193,0.09312118,0.10544815,0.08964672,0.13289456,-0.10221919,-0.035762597,0.08988875,0.12877144,0.08593784,0.13389133,-0.10009639,-0.02561841,0.08526775,0.21193975,0.08767004,0.13133039,0.0007908538,0.0007908538
30,0.0900192,0.20559868,0.088125676,0.10914399,-0.095376745,0.11752499,0.08116818,0.1355894,0.08267329,0.120186925,-0.10312999,0.071937375,0.08802884,0.10897606,0.092088215,0.12948172,-0.10728617,0.0076290513,0.09382224,0.105846465,0.09047704,0.1360669,-0.10777316,-0.041337088,0.09068337,0.12885009,0.08693846,0.13748778,-0.10567382,-0.0336618,0.08636595,0.21122518,0.08921598,0.13552202,0.0007908538,0.0007908538
31,0.08833265,0.20529,0.086857714,0.10790588,-0.093066506,0.11785156,0.079727985,0.13463414,0.0812865,0.11922234,-0.10088635,0.07115153,0.08692332,0.10779601,0.090950355,0.12850168,-0.10501704,0.0042692176,0.092692904,0.10474532,0.08921439,0.13488415,-0.10546176,-0.047416482,0.08937992,0.12828127,0.08535038,0.1361253,-0.10330127,-0.040934123,0.08476563,0.21168149,0.08699787,0.13396303,0.0007908538,0.0007908538
32,0.09055235,0.20596,0.08855332,0.10909915,-0.092868075,0.119455345,0.08131157,0.13605364,0.082602255,0.119431086,-0.100628935,0.07210081,0.088653095,0.109296754,0.092685126,0.12826686,-0.10478573,0.0028900588,0.09438722,0.10613322,0.09095958,0.13463518,-0.10527052,-0.051720317,0.09097093,0.12966646,0.08710461,0.13596849,-0.10311346,-0.047282256,0.08650066,0.21282284,0.08927988,0.13383,0.0007908538,0.0007908538
33,0.090183765,0.20657338,0.08831214,0.10837841,-0.09067334,0.11815065,0.08083718,0.13576694,0.08208261,0.11854117,-0.098465644,0.070265934,0.088381775,0.10876125,0.092358924,0.1271663,-0.10262687,-0.0011310388,0.094043165,0.10572025,0.090491936,0.13334368,-0.103122644,-0.057960838,0.0904685,0.12978318,0.08640762,0.13455707,-0.100955255,-0.054322228,0.08582836,0.213754,0.088293865,0.1322315,0.0007908538,0.0007908538
34,0.09100472,0.205722,0.08888244,0.10892678,-0.09086397,0.12177723,0.08149228,0.13652852,0.08261781,0.118707985,-0.098631985,0.07260744,0.08943109,0.109716155,0.09352571,0.12719116,-0.102804504,-0.0016458828,0.09516895,0.10642217,0.09175696,0.133399,-0.10331094,-0.062138543,0.09157024,0.13032481,0.087707534,0.13465801,-0.10114271,-0.061276138,0.08716193,0.21387543,0.09010578,0.13235644,0.0007908538,0.0007908538
35,0.089537755,0.20629804,0.087811165,0.108521566,-0.09515557,0.11954664,0.08003249,0.13560762,0.0812948,0.11979857,-0.10302837,0.06981687,0.08813118,0.10829427,0.092271715,0.1292817,-0.1072077,-0.0065949317,0.09388531,0.10495124,0.09044915,0.13592945,-0.10768525,-0.06946208,0.09036462,0.12909774,0.086373456,0.13743082,-0.10554865,-0.06997828,0.086051196,0.21287465,0.088646166,0.1355378,0.0007908538,0.0007908538
36,0.09045669,0.20521262,0.088444136,0.10821131,-0.08970854,0.12446644,0.080969974,0.13652542,0.08207229,0.11805821,-0.09754281,0.073150426,0.08963416,0.109504804,0.0938537,0.12654011,-0.10173274,-0.0065343874,0.09537268,0.10604356,0.091972694,0.13269311,-0.102247864,-0.07331493,0.09159087,0.13043772,0.0876527,0.1339256,-0.10007432,-0.07615708,0.08724614,0.2146207,0.09014387,0.13156408,0.0007908538,0.0007908538
37,0.0891185,0.20640527,0.087519914,0.10830108,-0.09382388,0.121362135,0.07962332,0.1356382,0.080855824,0.11947815,-0.10173424,0.06963091,0.088386424,0.10801094,0.09260995,0.12883541,-0.10589697,-0.012071145,0.09410419,0.10460533,0.09061713,0.13536532,-0.106353745,-0.08101395,0.090378925,0.12944543,0.08624062,0.13684061,-0.104168594,-0.084827885,0.08609198,0.21414436,0.08857612,0.13490894,0.0007908538,0.0007908538
38,0.091414966,0.20604517,0.089247055,0.10981338,-0.09118843,0.12652671,0.0816206,0.13749388,0.08259514,0.11928992,-0.098999396,0.07320264,0.09089212,0.11012082,0.09522564,0.12768202,-0.10316848,-0.012056164,0.0965464,0.10645558,0.0931593,0.13396344,-0.103652224,-0.08526808,0.09258252,0.13135155,0.08864453,0.13543746,-0.10140317,-0.09159893,0.0884727,0.2159809,0.091676004,0.13337539,0.0007908538,0.0007908538
39,0.08874078,0.20566264,0.087249495,0.108361624,-0.09086223,0.12700994,0.079580516,0.13621633,0.08082554,0.11893255,-0.09878016,0.072354585,0.08938635,0.10839866,0.093813494,0.12779237,-0.10289597,-0.015778305,0.09506667,0.10474375,0.09157957,0.13402139,-0.10330607,-0.092165045,0.09099596,0.13031395,0.08673405,0.13540736,-0.10101239,-0.09986973,0.08673249,0.21616936,0.089252815,0.13335758,0.0007908538,0.0007908538
40,0.0878579,0.20697752,0.0866853,0.10808557,-0.09326263,0.12432142,0.07870188,0.13565376,0.080073096,0.11955226,-0.101255134,0.069279596,0.08871643,0.10727069,0.09316855,0.12898593,-0.10536368,-0.020983923,0.094369315,0.10373541,0.0907852,0.13543467,-0.1057628,-0.099669814,0.090293005,0.12992893,0.08583213,0.13699555,-0.103499286,-0.10820318,0.08607771,0.21654554,0.088295944,0.13522379,0.0007908538,0.0007908538
41,0.09055948,0.2067281,0.08875353,0.10868128,-0.08885273,0.1303598,0.08129423,0.13804649,0.08250407,0.117958896,-0.09682838,0.07403489,0.09193416,0.109947,0.09657642,0.12620631,-0.10105816,-0.019210104,0.097460724,0.10609582,0.093982324,0.13242541,-0.10161486,-0.10185868,0.09292351,0.13239305,0.08864433,0.1340489,-0.099397965,-0.11300901,0.08872318,0.21924318,0.09168428,0.13202655,0.0007908538,0.0007908538
42,0.086907186,0.2081675,0.08614453,0.10666665,-0.09107806,0.12598304,0.07827991,0.13586667,0.07992751,0.118107095,-0.0992108,0.06926261,0.089223966,0.10677973,0.09387957,0.12745078,-0.10336185,-0.025841866,0.09473208,0.1032311,0.091002926,0.13378027,-0.10383733,-0.11029503,0.09016808,0.13067278,0.08532394,0.13541998,-0.101646006,-0.12145957,0.085724585,0.21937864,0.08750754,0.13363975,0.0007908538,0.0007908538
43,0.08748829,0.2078356,0.086622395,0.10725218,-0.090530664,0.13070416,0.07909772,0.13691512,0.08079249,0.11805097,-0.0986684,0.07254152,0.090613574,0.10776059,0.09547432,0.12711218,-0.10282821,-0.025622196,0.09602933,0.10387859,0.09237857,0.13343619,-0.103320226,-0.114169426,0.0911609,0.13151288,0.08635277,0.13518158,-0.101122804,-0.12798399,0.08678223,0.2206109,0.08883501,0.13345431,0.0007908538,0.0007908538
44,0.09031525,0.21006294,0.08888685,0.10926324,-0.09210115,0.13038503,0.08126661,0.13851441,0.082745306,0.1188995,-0.100221574,0.07195772,0.092747934,0.10904625,0.09760086,0.12761243,-0.104478225,-0.028306697,0.097849846,0.10515642,0.094156094,0.13423087,-0.105081595,-0.11943337,0.09271564,0.13318877,0.08795883,0.13644926,-0.10292562,-0.13441776,0.088475384,0.22248912,0.091005854,0.13509625,0.0007908538,0.0007908538
45,0.08625362,0.20884995,0.08578801,0.10613637,-0.08839781,0.13133822,0.07840188,0.13632725,0.0803099,0.117010616,-0.09663592,0.0718475,0.09044185,0.106440075,0.09537314,0.12597613,-0.10079349,-0.030434642,0.09551983,0.10267468,0.09164636,0.13212907,-0.10130244,-0.124259815,0.09011101,0.13168393,0.08482853,0.13393803,-0.099092595,-0.14052434,0.08541651,0.22297224,0.08675054,0.1322644,0.0007908538,0.0007908538
46,0.089951254,0.21027143,0.08865725,0.10874731,-0.09080407,0.13219646,0.08135211,0.13853939,0.08299809,0.11823261,-0.098994434,0.072437525,0.093474485,0.10863981,0.098506704,0.12682424,-0.103282444,-0.03211764,0.09836109,0.10468028,0.09461252,0.13339663,-0.10393277,-0.12899154,0.09281335,0.13367403,0.087861754,0.13574456,-0.10178935,-0.1472143,0.08857526,0.22431996,0.09098223,0.13447453,0.0007908538,0.0007908538
47,0.085455835,0.2086249,0.08519974,0.10568294,-0.08844352,0.13299932,0.078116834,0.1360817,0.08023667,0.11692984,-0.096742444,0.07193525,0.0909352,0.10574741,0.09610389,0.12606584,-0.10089122,-0.03523259,0.09588189,0.10187588,0.0920096,0.13223122,-0.101402916,-0.13525663,0.09022717,0.13182354,0.08481641,0.1341587,-0.09919344,-0.1547596,0.08575976,0.22421697,0.087094955,0.13264498,0.0007908538,0.0007908538
48,0.08828989,0.20967036,0.08740971,0.10828803,-0.09358055,0.13379656,0.08037908,0.13781968,0.08235946,0.11906196,-0.10185357,0.07241502,0.09332079,0.10738875,0.098659225,0.12843028,-0.10608857,-0.037036665,0.09815188,0.10320571,0.094466224,0.13522196,-0.10667936,-0.14034307,0.09247542,0.13298516,0.08743092,0.13772333,-0.10454377,-0.16225627,0.088608734,0.22446291,0.09098349,0.13677445,0.0007908538,0.0007908538
49,0.08733939,0.20779015,0.08661179,0.10637333,-0.085913286,0.13844115,0.08026768,0.13770926,0.08237495,0.11598655,-0.09421294,0.07559198,0.094001435,0.10738467,0.09949926,0.12429078,-0.09848734,-0.037012115,0.09865023,0.10310136,0.09491548,0.1304138,-0.09915556,-0.14423141,0.09245228,0.13362986,0.08719892,0.13260095,-0.0969865,-0.1678248,0.08829462,0.22656131,0.090395026,0.13111767,0.0007908538,0.0007908538
50,0.08567433,0.21097331,0.085504085,0.10556554,-0.09178877,0.13062723,0.07857131,0.13576636,0.08096385,0.117531255,-0.10022996,0.06874797,0.09190326,0.104377225,0.097266465,0.1273199,-0.10447362,-0.04393816,0.096442275,0.10068423,0.09244002,0.13397892,-0.10510483,-0.15167637,0.09036463,0.13233426,0.084683135,0.13656023,-0.10301046,-0.1751028,0.086165845,0.22649533,0.087445505,0.13574663,0.0007908538,0.0007908538
51,0.08684098,0.20929402,0.08629126,0.10507827,-0.08804241,0.13775079,0.08020915,0.13730411,0.08266591,0.11572693,-0.09652439,0.074394874,0.094286345,0.106119946,0.09995989,0.12480949,-0.10087286,-0.04148856,0.09855093,0.1018581,0.09469687,0.1313291,-0.10161448,-0.15379943,0.09184475,0.13358802,0.086275615,0.1339482,-0.09954013,-0.18027821,0.087594315,0.22814468,0.08927926,0.1329416,0.0007908538,0.0007908538
52,0.08736773,0.20982055,0.08671765,0.1053886,-0.09095925,0.13829763,0.08081923,0.13772434,0.0834095,0.11645877,-0.099505186,0.0745739,0.09514109,0.10622962,0.100988016,0.12603293,-0.103899434,-0.043286797,0.09926386,0.101784214,0.095471516,0.1329429,-0.10467966,-0.15861431,0.09239559,0.13379426,0.086873114,0.13589644,-0.10266785,-0.18706295,0.08837107,0.22850096,0.0903018,0.13525324,0.0007908538,0.0007908538
53,0.08475742,0.20985222,0.084746286,0.10339817,-0.09216753,0.13714549,0.0789628,0.1361291,0.08196381,0.11626433,-0.100833185,0.07293457,0.093678035,0.10403006,0.09965606,0.12672575,-0.105158485,-0.04688851,0.09776986,0.09969778,0.09389107,0.13366485,-0.10587662,-0.16502728,0.090840064,0.13260175,0.08501268,0.13657987,-0.10389351,-0.19474727,0.08681785,0.22856072,0.08812464,0.13607633,0.0007908538,0.0007908538
54,0.08505044,0.20918968,0.08493759,0.102998674,-0.09090211,0.14018203,0.07971749,0.13673258,0.082884416,0.11550074,-0.099609524,0.0754263,0.09488954,0.104591586,0.10109498,0.1257783,-0.10399559,-0.046366118,0.098838985,0.099925056,0.09504675,0.13270167,-0.10478669,-0.16802487,0.09149817,0.1330511,0.08569474,0.135693,-0.10284318,-0.20033811,0.08747596,0.22946423,0.08894859,0.1351798,0.0007908538,0.0007908538
55,0.08576308,0.21051596,0.08555318,0.10323418,-0.091297,0.13836788,0.08046279,0.13683614,0.08370346,0.11549931,-0.10004325,0.07392273,0.09565083,0.1043784,0.10188925,0.12572071,-0.104520135,-0.048997793,0.099457316,0.099872515,0.095605016,0.13279235,-0.105434015,-0.17290455,0.09194336,0.13365203,0.08606788,0.13609205,-0.10357819,-0.20644043,0.08800196,0.23069687,0.08957521,0.13582288,0.0007908538,0.0007908538
56,0.08767323,0.21126038,0.08703845,0.10219413,-0.081943326,0.14021914,0.08256731,0.13793169,0.085708134,0.11148049,-0.09073846,0.07540078,0.09805383,0.10543408,0.10427868,0.11981152,-0.095486104,-0.049668934,0.101335004,0.10115024,0.09728054,0.12637398,-0.096757315,-0.17639425,0.093036205,0.13608934,0.086898066,0.12986034,-0.09500178,-0.21017669,0.08861323,0.2349343,0.09009981,0.1292518,0.0007908538,0.0007908538
57,0.08402903,0.21311714,0.08436911,0.100795686,-0.09139857,0.13558401,0.079495445,0.13526294,0.08320918,0.11430656,-0.10034267,0.07101039,0.09486285,0.101520926,0.10113533,0.1252155,-0.10485545,-0.054830495,0.09806017,0.09745123,0.09384441,0.13244288,-0.10584831,-0.18346538,0.089878134,0.13336018,0.083276466,0.13618444,-0.1040835,-0.21821201,0.08549621,0.23341121,0.08585081,0.13643236,0.0007908538,0.0007908538
58,0.08422408,0.21335867,0.084515214,0.100062385,-0.09435113,0.13900417,0.08015082,0.13597979,0.08418985,0.11438075,-0.103420295,0.07402898,0.095826715,0.101803295,0.102379315,0.12611046,-0.10796573,-0.053444687,0.09866276,0.09718145,0.09452345,0.13381827,-0.1089587,-0.18568559,0.089833304,0.1332393,0.08316577,0.13790266,-0.10725108,-0.22333142,0.0852848,0.23385698,0.08550395,0.13854507,0.0007908538,0.0007908538
59,0.086463705,0.21177721,0.0861182,0.10003887,-0.0916635,0.14741188,0.082905725,0.13857405,0.08708047,0.11261282,-0.10080222,0.08151795,0.099299125,0.10464297,0.10627913,0.12364372,-0.105538376,-0.048373405,0.101703726,0.09901737,0.09779667,0.13145708,-0.10672102,-0.18540208,0.091805056,0.13475445,0.08532274,0.1358013,-0.10509231,-0.22698906,0.08698201,0.23561545,0.0877039,0.13642144,0.0007908538,0.0007908538
60,0.08387606,0.21565063,0.08434053,0.0974134,-0.0933476,0.13836545,0.08061146,0.13565516,0.0851703,0.112252995,-0.102677144,0.073608145,0.09658126,0.10047017,0.10330329,0.124384254,-0.10743552,-0.056200054,0.098822206,0.09600259,0.094448306,0.13234909,-0.108698085,-0.19345625,0.08905261,0.13379355,0.08185293,0.13701323,-0.10720633,-0.23348586,0.08398222,0.2370419,0.083416894,0.13812722,0.0007908538,0.0007908538
61,0.08732835,0.21518183,0.08689878,0.09737611,-0.08610353,0.1445464,0.08423559,0.13844955,0.088719785,0.1088435,-0.095507726,0.079087004,0.100762054,0.103535496,0.10772928,0.11920233,-0.10062332,-0.053221874,0.10244492,0.098562345,0.09813059,0.12701073,-0.102294974,-0.19442593,0.09162804,0.13664387,0.08451734,0.13205495,-0.10094518,-0.2364056,0.08621298,0.24068502,0.08624104,0.13297738,0.0007908538,0.0007908538
62,0.08383239,0.21642953,0.08432009,0.09615568,-0.095094845,0.14078707,0.08142502,0.13603565,0.08648917,0.11182443,-0.10460361,0.075378254,0.09803702,0.100041345,0.10512584,0.12468177,-0.109439716,-0.05821058,0.09975322,0.09521581,0.095362745,0.13308135,-0.110784814,-0.20189558,0.08922943,0.13419755,0.0818088,0.13829851,-0.10938774,-0.24499895,0.08418656,0.23904501,0.08348813,0.13998428,0.0007908538,0.0007908538
63,0.083791815,0.21588503,0.084273025,0.09504205,-0.09318825,0.14487699,0.08218027,0.13688986,0.08757682,0.11044505,-0.10280289,0.07875951,0.099467754,0.10066381,0.10686333,0.12318422,-0.10771224,-0.057130367,0.100898206,0.09538686,0.09654383,0.13158298,-0.10914882,-0.2047422,0.08969774,0.13488267,0.0821485,0.13698922,-0.10780026,-0.24981654,0.084435776,0.24088134,0.08363888,0.13878171,0.0007908538,0.0007908538
64,0.08538893,0.21653682,0.085542396,0.09441604,-0.090386316,0.14758806,0.0841952,0.13846934,0.08980205,0.108441934,-0.100136325,0.08110296,0.10205486,0.102017775,0.109704494,0.12057442,-0.105307885,-0.05706576,0.10311521,0.09650383,0.09874511,0.12911592,-0.10705757,-0.20824197,0.09121502,0.13672626,0.083594084,0.1350388,-0.10588367,-0.25446182,0.08577508,0.24388628,0.08524392,0.13702916,0.0007908538,0.0007908538
65,0.083472945,0.21822934,0.08419447,0.09246518,-0.09310363,0.14516811,0.083024494,0.13732536,0.08915791,0.10849983,-0.103011064,0.07931826,0.10095876,0.1000695,0.10871081,0.12180493,-0.108147316,-0.05910987,0.10191819,0.09469639,0.09741647,0.1306014,-0.109881416,-0.21242999,0.08972032,0.13587223,0.081712455,0.13674127,-0.1088034,-0.2598806,0.08402697,0.24454111,0.08270544,0.13915443,0.0007908538,0.0007908538
66,0.08268876,0.22042122,0.08371279,0.09024175,-0.091966,0.1418715,0.08273141,0.13635726,0.089200266,0.10678667,-0.10206173,0.076728396,0.10063506,0.09841146,0.10835946,0.12036016,-0.107357554,-0.06226993,0.10131922,0.093580306,0.09656068,0.12925936,-0.109314166,-0.21745443,0.0887471,0.1362349,0.08027298,0.13580224,-0.108412266,-0.264891,0.08266854,0.24688455,0.08059347,0.13853326,0.0007908538,0.0007908538
67,0.08299321,0.21973102,0.083901785,0.08992653,-0.09282427,0.14532705,0.08367732,0.13716555,0.09046121,0.10662406,-0.10298428,0.07977162,0.102104336,0.0990328,0.11016077,0.12046315,-0.1083218,-0.061332297,0.10255107,0.0935983,0.09792961,0.12956282,-0.11031729,-0.22074828,0.08944045,0.13644654,0.08102992,0.13630462,-0.10946475,-0.27088702,0.083463565,0.24752158,0.081643105,0.13923152,0.0007908538,0.0007908538
68,0.08310092,0.21880776,0.08394695,0.089420296,-0.09172031,0.14892595,0.084559895,0.1379139,0.091657005,0.10580293,-0.10192835,0.08325544,0.103455715,0.09972599,0.11181486,0.11951227,-0.10732284,-0.059273973,0.10369776,0.093675464,0.09919611,0.12858997,-0.10939354,-0.2226682,0.08988557,0.13665621,0.081470646,0.13540319,-0.108592175,-0.2757202,0.083756894,0.24839582,0.08197023,0.13835382,0.0007908538,0.0007908538
69,0.08435793,0.22113372,0.08500523,0.0893897,-0.092140846,0.14603035,0.08581666,0.1380491,0.09303682,0.1053531,-0.102446005,0.08112317,0.10454188,0.09938746,0.11290144,0.1190106,-0.10805187,-0.06226952,0.10451202,0.093678765,0.09988711,0.12840441,-0.11038571,-0.22801822,0.090466835,0.13772303,0.08192197,0.1358364,-0.10975614,-0.28150472,0.084419586,0.25040957,0.08274496,0.13923447,0.0007908538,0.0007908538
70,0.08204944,0.22151728,0.083283596,0.08789427,-0.095088705,0.14526798,0.08447799,0.13682789,0.092238866,0.10604181,-0.105467275,0.08095168,0.10332656,0.097571746,0.111857824,0.12088773,-0.11091942,-0.06267636,0.10325591,0.09166151,0.098619066,0.13039051,-0.11309065,-0.2314216,0.08885243,0.13626835,0.08002937,0.13778205,-0.11245331,-0.28735974,0.08265453,0.25005648,0.080255754,0.14146656,0.0007908538,0.0007908538
71,0.08159938,0.2218407,0.082971886,0.08665514,-0.09260998,0.14569305,0.08478135,0.1366516,0.09285587,0.10450218,-0.10308343,0.08172438,0.10384651,0.09710342,0.11250641,0.11909072,-0.10864548,-0.062859036,0.10354131,0.09113419,0.09883741,0.12845665,-0.110989146,-0.2348001,0.088548146,0.13660279,0.07947039,0.13601199,-0.11045458,-0.29224035,0.08204512,0.25186753,0.07924058,0.13977118,0.0007908538,0.0007908538
72,0.08232435,0.2211805,0.083502516,0.08733104,-0.09331656,0.1487696,0.08608366,0.13761777,0.09440298,0.10483565,-0.103781514,0.084692806,0.1055515,0.09800039,0.114515625,0.119369715,-0.10936104,-0.061628286,0.105058484,0.091376,0.10050905,0.12886359,-0.111724354,-0.2378606,0.08952712,0.13694099,0.08056665,0.13662307,-0.111205235,-0.29808107,0.08319711,0.252489,0.08080493,0.14058776,0.0007908538,0.0007908538
73,0.081762865,0.2228238,0.08316735,0.08646856,-0.09293351,0.14605072,0.08602661,0.13673866,0.09462467,0.10427114,-0.103484645,0.08264649,0.10541642,0.096554585,0.11438226,0.118907146,-0.10915184,-0.06445151,0.10471964,0.09028383,0.10001584,0.12842081,-0.11167005,-0.24333607,0.08896532,0.13712382,0.07970816,0.1365105,-0.1112654,-0.3041487,0.08260764,0.25413272,0.07983857,0.14079076,0.0007908538,0.0007908538
74,0.08228119,0.21999836,0.08345055,0.08682485,-0.09144302,0.15346886,0.08755359,0.1383088,0.09645732,0.10369183,-0.10197448,0.08916785,0.10786086,0.09836045,0.1173244,0.11788035,-0.10766392,-0.060806535,0.10689871,0.090858996,0.10247736,0.12729384,-0.11020888,-0.24547596,0.09024976,0.13743286,0.08120186,0.13533995,-0.10979701,-0.31008312,0.083998024,0.25466543,0.08174108,0.13951086,0.0007908538,0.0007908538
75,0.07838227,0.2236172,0.08069023,0.08370762,-0.09701379,0.14660302,0.084687665,0.13535576,0.094376564,0.104649626,-0.10775783,0.08377652,0.10470651,0.09395057,0.11413673,0.1210886,-0.11328374,-0.065414645,0.103737116,0.087130055,0.099031284,0.13082041,-0.115700655,-0.25186953,0.087081924,0.13547204,0.077356614,0.13909732,-0.11542381,-0.3171308,0.08061057,0.254975,0.076904714,0.14401011,0.0007908538,0.0007908538
76,0.080205,0.2271146,0.08225445,0.082684055,-0.09679173,0.1445157,0.08671246,0.13639367,0.09673529,0.102986805,-0.10776556,0.082941145,0.10660215,0.094319984,0.116110906,0.11943282,-0.113666125,-0.06626465,0.10523685,0.087702006,0.10036101,0.12968238,-0.11652775,-0.25510308,0.08779141,0.13719605,0.07777809,0.13893439,-0.1165462,-0.3209714,0.08081801,0.2583525,0.076885,0.14454196,0.0007908538,0.0007908538
77,0.08059621,0.22549298,0.08246315,0.08126336,-0.093849674,0.150836,0.08820329,0.13790376,0.09868299,0.10074683,-0.10496652,0.089000285,0.10884003,0.095828295,0.118788265,0.116893016,-0.11103458,-0.061916195,0.107090384,0.08814926,0.10236253,0.12711157,-0.11409456,-0.25586185,0.08831864,0.13769111,0.07824269,0.13647874,-0.11422862,-0.32516804,0.08080115,0.26000866,0.076711304,0.14204092,0.0007908538,0.0007908538
78,0.07902987,0.22734314,0.08137022,0.07985132,-0.09701073,0.14753535,0.08734141,0.13648269,0.098291375,0.10127763,-0.10824497,0.08655416,0.10788568,0.09359172,0.11788487,0.11856437,-0.114282586,-0.0648538,0.10599718,0.08618793,0.10114267,0.1290607,-0.11732918,-0.26164994,0.08709505,0.13699406,0.076699935,0.13876177,-0.11754496,-0.33196518,0.07966987,0.26065764,0.075047135,0.14487699,0.0007908538,0.0007908538
79,0.078465894,0.22444479,0.0807968,0.0796097,-0.09738172,0.15395394,0.08802077,0.13727407,0.099442706,0.10138683,-0.108616285,0.09226579,0.109476045,0.09442197,0.11998106,0.118908815,-0.11457136,-0.06181719,0.10738529,0.08577291,0.10279496,0.12937336,-0.11751391,-0.26463145,0.087631986,0.13645084,0.07737567,0.13896322,-0.11767048,-0.33881965,0.08037398,0.26050922,0.07604783,0.1451143,0.0007908538,0.0007908538
80,0.07889292,0.22750713,0.08126545,0.07967239,-0.098863974,0.14934352,0.08865234,0.13655552,0.10030263,0.10171452,-0.11017548,0.08876438,0.10971047,0.0929733,0.12014451,0.11943967,-0.11627696,-0.06578377,0.10740108,0.08493016,0.10262069,0.13019937,-0.11943304,-0.27116102,0.08762046,0.13718921,0.07711528,0.1405494,-0.119728975,-0.34533012,0.08059516,0.2625898,0.07621871,0.14744017,0.0007908538,0.0007908538
81,0.077055596,0.22860639,0.07996579,0.07703555,-0.09285902,0.14753455,0.08797512,0.13508189,0.10004045,0.09851608,-0.104343474,0.08774375,0.10906363,0.09096699,0.11945999,0.11556069,-0.11064325,-0.067188285,0.10644667,0.083421975,0.101396196,0.12580553,-0.114166155,-0.27551398,0.08599477,0.13754366,0.074840434,0.13635768,-0.11463382,-0.34980083,0.07828813,0.26583263,0.072674334,0.14330192,0.0007908538,0.0007908538
82,0.07876721,0.22904399,0.08129878,0.07896958,-0.09567778,0.14892976,0.09002585,0.13624479,0.10230748,0.100084044,-0.10711948,0.08914572,0.11141804,0.09186305,0.122087315,0.11714642,-0.11345698,-0.068106316,0.10857439,0.08382237,0.103627205,0.12778762,-0.11701607,-0.28117406,0.08786127,0.13849695,0.07690931,0.13899149,-0.11750612,-0.35707238,0.08083561,0.26697922,0.07621494,0.14661194,0.0007908538,0.0007908538
83,0.07771277,0.22887571,0.08051056,0.07858061,-0.09673156,0.14989156,0.08998567,0.13592237,0.10272854,0.10055007,-0.108196564,0.09035276,0.11171429,0.09112716,0.12262173,0.11803128,-0.114445485,-0.06822882,0.108732276,0.08268483,0.10381725,0.12866898,-0.117934845,-0.28562382,0.08757973,0.1381023,0.07649118,0.1400077,-0.118414156,-0.36343768,0.08070185,0.26768103,0.07594944,0.147967,0.0007908538,0.0007908538
84,0.07623682,0.22727768,0.07932809,0.07707832,-0.09376599,0.15323168,0.089901954,0.13578597,0.103157386,0.09905538,-0.10529444,0.09394881,0.11212666,0.090894654,0.123332135,0.11635639,-0.11153482,-0.065513544,0.10895665,0.081726365,0.10411244,0.12662603,-0.11507107,-0.28758553,0.08679584,0.13756199,0.07548366,0.13776484,-0.1155631,-0.36819097,0.079492666,0.2686421,0.074140094,0.14558871,0.0007908538,0.0007908538
85,0.076150976,0.22975838,0.079384185,0.07720096,-0.09614652,0.14947477,0.09030274,0.13512567,0.103909194,0.09996468,-0.10771738,0.09155588,0.112143435,0.08956547,0.12336183,0.11773893,-0.113989264,-0.067717046,0.10885904,0.08066012,0.10391393,0.12825976,-0.117597245,-0.29272658,0.08652411,0.13767493,0.075002566,0.13995038,-0.11818339,-0.37430543,0.079379305,0.2698956,0.073882945,0.14844976,0.0007908538,0.0007908538
86,0.074881524,0.22825073,0.07835132,0.07682016,-0.097517386,0.15245004,0.09028197,0.13495068,0.104410484,0.10064061,-0.1090867,0.09444918,0.11269179,0.08911844,0.12426921,0.11896026,-0.11520505,-0.06675176,0.10926906,0.079392806,0.104463875,0.12943585,-0.11865154,-0.29726723,0.086370714,0.13686879,0.07483382,0.14106065,-0.1191828,-0.38168317,0.07954788,0.2699043,0.07411391,0.14975981,0.0007908538,0.0007908538
87,0.07529439,0.23091649,0.07879658,0.075919084,-0.095635176,0.1486859,0.0912222,0.13442536,0.10565921,0.09910686,-0.10735741,0.09220127,0.11321686,0.08803674,0.12474541,0.117067,-0.11379899,-0.06865265,0.10953681,0.07883691,0.10454157,0.12762943,-0.11770324,-0.30194142,0.08618076,0.13790822,0.07429109,0.14001195,-0.11848254,-0.38650823,0.07910535,0.27279508,0.07326744,0.14925554,0.0007908538,0.0007908538
88,0.077815704,0.23052119,0.080651976,0.07554502,-0.08990778,0.15354306,0.09440872,0.13670135,0.10910572,0.09580073,-0.10178088,0.097605936,0.11668566,0.09052346,0.12850964,0.11234499,-0.108673066,-0.06393757,0.11247544,0.08042669,0.10754408,0.122871995,-0.11314345,-0.30197805,0.087395184,0.13965312,0.07542514,0.13579157,-0.11413593,-0.38898906,0.07945914,0.27592784,0.0735372,0.14506607,0.0007908538,0.0007908538
89,0.07465183,0.23289102,0.07835253,0.07405783,-0.09866248,0.15038912,0.092403345,0.13457878,0.10786867,0.09894271,-0.11061025,0.09537119,0.11453618,0.08700353,0.1264735,0.11822473,-0.11706682,-0.066525936,0.11014813,0.07693395,0.105114564,0.12929004,-0.120980404,-0.3085279,0.08500201,0.13758895,0.07260836,0.14249583,-0.1218587,-0.39709216,0.07744513,0.27523938,0.070667006,0.15284811,0.0007908538,0.0007908538
90,0.07433082,0.23190473,0.07804643,0.072782665,-0.09658021,0.1547513,0.09334574,0.13533516,0.10934896,0.09738887,-0.10864754,0.10012636,0.115910135,0.087609105,0.12818396,0.116601266,-0.11518322,-0.06247956,0.11115034,0.07656592,0.106190264,0.12759578,-0.1192013,-0.3096072,0.08451259,0.13749838,0.07189214,0.14091773,-0.12010808,-0.40117332,0.07627966,0.27670553,0.06886815,0.15139343,0.0007908538,0.0007908538
91,0.07874181,0.23602511,0.08155175,0.07305544,-0.09542368,0.15432881,0.09763878,0.13811882,0.11391456,0.09522035,-0.107768856,0.10090367,0.1200487,0.0898042,0.13247526,0.11371159,-0.11496884,-0.0623298,0.11470612,0.07871061,0.10960742,0.12545799,-0.11977749,-0.31318945,0.08692707,0.14091852,0.07418335,0.14043666,-0.121086776,-0.40483066,0.07827041,0.28176615,0.07130299,0.15196438,0.0007908538,0.0007908538
92,0.07236821,0.2393902,0.076912306,0.06795578,-0.102106005,0.14886923,0.09330132,0.13435869,0.110766195,0.09647325,-0.11472355,0.09712735,0.11554435,0.08417763,0.12800305,0.11841783,-0.121457994,-0.06472334,0.1101393,0.07359977,0.1047642,0.13040866,-0.12571752,-0.31859037,0.08203865,0.13794422,0.068311624,0.14539376,-0.12696314,-0.41153336,0.07292474,0.281773,0.06349607,0.15789361,0.0007908538,0.0007908538
93,0.074180424,0.23744926,0.07816173,0.06648958,-0.09661555,0.15750581,0.09629987,0.13729239,0.11431637,0.09264659,-0.10951375,0.10520498,0.119738646,0.08723235,0.13276275,0.113624096,-0.11669772,-0.059279744,0.11381256,0.07518985,0.10855326,0.12563473,-0.121527664,-0.3195905,0.08372682,0.13979676,0.069930844,0.14115839,-0.123008385,-0.41505688,0.07381544,0.2854983,0.064425625,0.15377136,0.0007908538,0.0007908538
94,0.07394726,0.24012509,0.07813657,0.06683294,-0.10296589,0.1557328,0.09680636,0.13739383,0.115426846,0.09519716,-0.11588305,0.10423626,0.1203513,0.08628963,0.13359691,0.11760935,-0.12287731,-0.061340775,0.114337824,0.07402533,0.109041974,0.13021696,-0.12743238,-0.32606187,0.08415464,0.13988382,0.07024887,0.14652805,-0.12885661,-0.42266932,0.0749164,0.28662056,0.065877065,0.16034824,0.0007908538,0.0007908538
95,0.07130615,0.24203642,0.076283574,0.06296147,-0.09766464,0.15289119,0.0956607,0.135493,0.11491699,0.09144766,-0.110925704,0.1026862,0.119114876,0.08357049,0.1323115,0.113724925,-0.11824717,-0.06262701,0.11277485,0.0720161,0.1071798,0.1259667,-0.12336531,-0.33057606,0.08181534,0.1402846,0.06707032,0.14274302,-0.12505628,-0.4269033,0.07171803,0.29052478,0.060906272,0.15687865,0.0007908538,0.0007908538
96,0.07416142,0.24317397,0.078487106,0.06454763,-0.0981234,0.15387632,0.09874246,0.13732462,0.11823559,0.091498174,-0.111412354,0.104179524,0.12238188,0.08518764,0.13583633,0.11318366,-0.11902657,-0.06299302,0.11580276,0.07312798,0.110254355,0.12582436,-0.124498494,-0.33593783,0.08434493,0.14225656,0.06979644,0.14359778,-0.12634088,-0.4332596,0.074826576,0.29317322,0.06524126,0.15846851,0.0007908538,0.0007908538
97,0.072851524,0.2407448,0.07741206,0.063599795,-0.098410845,0.15848927,0.09892661,0.1375301,0.11902377,0.091295235,-0.11174761,0.10867702,0.12337235,0.085306466,0.13725612,0.11342424,-0.11926804,-0.060467087,0.116660036,0.072060995,0.111270346,0.12598434,-0.12464403,-0.33959842,0.08424427,0.1415277,0.069670245,0.14361435,-0.12646613,-0.43986407,0.07490054,0.29347783,0.065304264,0.15855427,0.0007908538,0.0007908538
98,0.06965713,0.2445353,0.075222604,0.05990323,-0.09875586,0.15244171,0.09712122,0.13491563,0.11797854,0.089906625,-0.11241068,0.104535505,0.12109729,0.08133058,0.13487118,0.1132601,-0.12006492,-0.06356145,0.11417607,0.06905896,0.10848285,0.12585624,-0.12571985,-0.3455742,0.081500635,0.14112042,0.06611172,0.14407462,-0.12779051,-0.4455987,0.07179717,0.29605046,0.060528032,0.15979113,0.0007908538,0.0007908538
99,0.0710829,0.24436423,0.07629094,0.060740855,-0.10020824,0.15567067,0.09934661,0.1366002,0.12069053,0.09043019,-0.11388594,0.10799554,0.12388446,0.08275829,0.1380639,0.11381231,-0.121624835,-0.06199712,0.1167989,0.06940528,0.11122979,0.12668952,-0.12737721,-0.34986845,0.083301194,0.14188273,0.06808619,0.14545363,-0.12953007,-0.45207933,0.07404565,0.29749477,0.06367447,0.16173811,0.0007908538,0.0007908538
100,0.06836114,0.24372794,0.07423243,0.058726314,-0.10106213,0.15713246,0.0984018,0.1356455,0.12053631,0.09034952,-0.11484587,0.11010706,0.123356014,0.08119167,0.1378295,0.11473064,-0.12241005,-0.060565762,0.11616936,0.06713574,0.11063984,0.1274593,-0.1280055,-0.35408857,0.08181752,0.14057648,0.066280454,0.14608401,-0.13016312,-0.4589166,0.072538346,0.2979634,0.061402112,0.16262193,0.0007908538,0.0007908538
101,0.07239846,0.24609281,0.077367336,0.06014419,-0.098307356,0.1572375,0.10253915,0.13799508,0.12490324,0.088627815,-0.11222369,0.11131311,0.12739316,0.0833233,0.14205335,0.11153044,-0.12044009,-0.06039695,0.11985496,0.06897794,0.11427447,0.12460198,-0.12689868,-0.35882577,0.08460102,0.14364092,0.069127195,0.1446593,-0.12941124,-0.46409622,0.07541178,0.3023997,0.0652806,0.1619858,0.0007908538,0.0007908538
102,0.06624907,0.24705155,0.07283155,0.054914128,-0.09924404,0.15459467,0.098824956,0.13455276,0.12228178,0.0875938,-0.1134857,0.10979367,0.12390197,0.078507535,0.13866177,0.1126525,-0.12147126,-0.061796043,0.11627863,0.06444929,0.110527076,0.12545173,-0.12776792,-0.36488718,0.080644436,0.14147577,0.064315006,0.14531256,-0.13035923,-0.4711947,0.07126743,0.30336353,0.05907012,0.1630614,0.0007908538,0.0007908538
103,0.067730345,0.24862845,0.074021585,0.055077802,-0.101098046,0.15492275,0.10097195,0.13576955,0.124930836,0.08763696,-0.11546447,0.111087635,0.12615985,0.07921691,0.14118235,0.11294979,-0.12368418,-0.06137456,0.118336104,0.064608775,0.112592384,0.12621793,-0.1302529,-0.36966547,0.08196017,0.1426311,0.06563417,0.14698316,-0.1330508,-0.4772667,0.07288731,0.30560312,0.061266966,0.16557293,0.0007908538,0.0007908538
104,0.07121477,0.24839924,0.07660119,0.053957824,-0.09606981,0.16051541,0.1050769,0.13879555,0.12950309,0.083202325,-0.11083702,0.11699567,0.13093248,0.0823278,0.14636922,0.10732992,-0.119910166,-0.05731508,0.12252676,0.06659828,0.11678373,0.12097655,-0.12755685,-0.37194028,0.08406563,0.14534302,0.067691065,0.14291038,-0.13079171,-0.4809382,0.07419444,0.3102823,0.06285033,0.16188276,0.0007908538,0.0007908538
105,0.06797081,0.25598902,0.07448989,0.04765146,-0.10128349,0.15247412,0.10336002,0.13648829,0.12901437,0.08160783,-0.11674243,0.11186171,0.12843339,0.07762533,0.14376944,0.10902827,-0.1261071,-0.05983409,0.11961477,0.0630931,0.11347425,0.123546675,-0.13409775,-0.37735558,0.08032273,0.14499605,0.062818,0.14680651,-0.13779116,-0.4862651,0.06943342,0.31373382,0.055517565,0.16749673,0.0007908538,0.0007908538
106,0.06589145,0.2580223,0.073025346,0.04288582,-0.10421907,0.15343828,0.10303757,0.13621818,0.12980168,0.079864606,-0.12020369,0.11377538,0.12864769,0.076058,0.14428835,0.10959152,-0.12975766,-0.05851344,0.11944677,0.061086375,0.113189735,0.12472106,-0.13792595,-0.3817438,0.07882255,0.1447335,0.060741685,0.14871944,-0.14189216,-0.49223232,0.06740531,0.316128,0.05223931,0.17043608,0.0007908538,0.0007908538
107,0.07128537,0.25793836,0.07698961,0.04345167,-0.10237828,0.16063303,0.108596176,0.14085776,0.13583529,0.07712743,-0.11868396,0.12090416,0.13512395,0.08076646,0.15133834,0.1058607,-0.12906389,-0.054086678,0.12547702,0.06402208,0.11930702,0.12169824,-0.13821745,-0.384527,0.08285616,0.14783654,0.06512231,0.14702773,-0.14265528,-0.49690518,0.07125182,0.320429,0.057626817,0.16937537,0.0007908538,0.0007908538
108,0.064391926,0.26074678,0.07202933,0.036387358,-0.10825612,0.15748604,0.10444313,0.1374824,0.13313454,0.076858334,-0.12509447,0.11935809,0.1312839,0.07539562,0.14763756,0.10965516,-0.1351649,-0.054874327,0.1214982,0.058919273,0.11513049,0.12584123,-0.14389937,-0.3900704,0.07823318,0.14523834,0.05948454,0.15127449,-0.14843132,-0.5039662,0.066262364,0.3210501,0.050047774,0.1746889,0.0007908538,0.0007908538
109,0.06540464,0.26099238,0.072784565,0.03467229,-0.105808355,0.16049236,0.106478736,0.1388101,0.13582195,0.07406604,-0.123016775,0.122869514,0.13386962,0.07633799,0.15055181,0.10669233,-0.13364036,-0.05293217,0.123755336,0.05908401,0.11735439,0.12310387,-0.14313361,-0.3942749,0.07916238,0.14668512,0.060247008,0.14936619,-0.14804107,-0.5093066,0.06698687,0.32460406,0.05083526,0.17324027,0.0007908538,0.0007908538
110,0.06690652,0.25967932,0.0738491,0.035374142,-0.106838875,0.16463077,0.1087995,0.1404212,0.13862169,0.07417706,-0.12410017,0.12670054,0.13707395,0.07782403,0.15418467,0.1066958,-0.13491194,-0.05253728,0.12684426,0.059340164,0.12052016,0.12341634,-0.14463118,-0.40101352,0.081808515,0.14795034,0.06319106,0.15044558,-0.14964621,-0.5172046,0.07083027,0.3266618,0.056409277,0.17498687,0.0007908538,0.0007908538
111,0.058484282,0.26128814,0.06768196,0.027145797,-0.10811507,0.16118342,0.10352783,0.1357558,0.13474433,0.07199209,-0.12601186,0.12444102,0.13219485,0.07121773,0.14936084,0.107934855,-0.13663818,-0.055055134,0.12180803,0.05345306,0.1152734,0.12446767,-0.14625895,-0.4088695,0.076681636,0.14560628,0.05689989,0.15144205,-0.15144052,-0.52534246,0.065686464,0.3282921,0.048477102,0.17666589,0.0007908538,0.0007908538
112,0.064134754,0.2633213,0.07197481,0.028910737,-0.106571354,0.16395703,0.10910933,0.13975345,0.14071885,0.070062414,-0.1247072,0.12797275,0.13805242,0.07503458,0.15559335,0.104593314,-0.13623375,-0.0533835,0.12734613,0.056248277,0.12076896,0.12183371,-0.14698598,-0.4137767,0.080864415,0.1494845,0.061359275,0.15067738,-0.15264586,-0.5307242,0.07010575,0.3335977,0.05472664,0.17699322,0.0007908538,0.0007908538
113,0.062078554,0.26615965,0.070571885,0.025424244,-0.10794909,0.16155554,0.10862113,0.13863014,0.14115019,0.06872195,-0.12652671,0.12661225,0.13777822,0.072506025,0.15544453,0.10473075,-0.13833664,-0.05613539,0.12683299,0.054068405,0.12006105,0.12233521,-0.14950244,-0.42234257,0.08035501,0.15045024,0.060357664,0.15241452,-0.15543497,-0.5384271,0.070299685,0.33728766,0.054724887,0.18003857,0.0007908538,0.0007908538
114,0.055555645,0.26523185,0.0656909,0.018750835,-0.10800744,0.16348891,0.10519716,0.13601585,0.1390929,0.06649579,-0.12713389,0.12883249,0.13545753,0.068511054,0.15344486,0.10514455,-0.13876943,-0.05574353,0.124336965,0.049557697,0.117496215,0.12251098,-0.1498312,-0.42951766,0.0771647,0.14860775,0.056367885,0.15242034,-0.1558726,-0.54675037,0.067284554,0.3389098,0.049917657,0.1805016,0.0007908538,0.0007908538
115,0.0582821,0.26710498,0.06780471,0.019106677,-0.10614796,0.16459928,0.10860606,0.13792156,0.14308597,0.064657226,-0.12553981,0.13056295,0.13920583,0.069782354,0.1574801,0.10242758,-0.13787064,-0.056526057,0.12776195,0.050311793,0.12080491,0.12018705,-0.14990684,-0.43777087,0.08006996,0.15182556,0.059275385,0.15193795,-0.15630849,-0.5541868,0.07109566,0.3443477,0.05523501,0.1812978,0.0007908538,0.0007908538
116,0.05648024,0.2647885,0.06640887,0.016601365,-0.10366457,0.16906175,0.10888611,0.13777988,0.14427176,0.062344845,-0.123368956,0.13496232,0.14055876,0.06921471,0.15924206,0.100408725,-0.13592696,-0.055139136,0.12884785,0.048571404,0.121887125,0.11802993,-0.14837363,-0.44527385,0.080205224,0.15216225,0.059168518,0.15022402,-0.1549116,-0.5626402,0.07183608,0.34723726,0.056091536,0.17996696,0.0007908538,0.0007908538
117,0.053477973,0.26826763,0.06432299,0.013812565,-0.10872655,0.1647784,0.10790494,0.13584031,0.14431533,0.06330638,-0.12870422,0.13255003,0.13925982,0.06561778,0.15802625,0.10362535,-0.14121707,-0.05743475,0.12742776,0.045276623,0.12037097,0.121627115,-0.15365876,-0.45420235,0.07893002,0.15193295,0.05739733,0.15491353,-0.16047399,-0.571637,0.07160255,0.34920967,0.05555197,0.1863055,0.0007908538,0.0007908538
118,0.055263378,0.2675765,0.065608315,0.013476971,-0.10386613,0.16801332,0.11083902,0.13718715,0.14786422,0.060191493,-0.12409137,0.13683103,0.14233601,0.06696901,0.1613957,0.09925724,-0.1372571,-0.053776704,0.13009171,0.04553059,0.12301249,0.11727225,-0.15064463,-0.45835373,0.07963551,0.15345943,0.057896513,0.15152605,-0.1576889,-0.5769285,0.0719256,0.35299242,0.05575832,0.18327172,0.0007908538,0.0007908538
119,0.05371217,0.2702941,0.06454438,0.012423043,-0.10908786,0.16514039,0.11096833,0.13616025,0.14886647,0.062044237,-0.12941974,0.13553345,0.1422394,0.06462573,0.1614266,0.10276097,-0.14247975,-0.055421315,0.12989159,0.043135747,0.12274192,0.121168174,-0.15575705,-0.4670008,0.07959748,0.15375474,0.05760631,0.15667541,-0.16299854,-0.5855505,0.073298626,0.35485908,0.057716683,0.19019167,0.0007908538,0.0007908538
120,0.048225943,0.26915392,0.060424346,0.0066356575,-0.104561895,0.16806804,0.108686134,0.13432834,0.14793965,0.058369625,-0.1253919,0.13947135,0.14066626,0.061675683,0.16015574,0.10040861,-0.13834904,-0.051526155,0.12800974,0.03925026,0.120844685,0.118197024,-0.15167293,-0.47154292,0.07581077,0.15205365,0.05281504,0.15341534,-0.15878014,-0.59173137,0.06870134,0.35727924,0.05026277,0.18704917,0.0007908538,0.0007908538
121,0.05446225,0.27407223,0.06517724,0.009844743,-0.10481982,0.16666487,0.11475882,0.13771006,0.15447788,0.058013342,-0.12578999,0.1394701,0.14633319,0.0642407,0.16602844,0.098389104,-0.13975914,-0.052929036,0.1333516,0.04154883,0.12596336,0.11703661,-0.15447265,-0.480569,0.08087264,0.15728103,0.0581069,0.15559894,-0.16216731,-0.5984908,0.0752098,0.36427924,0.059810393,0.19179134,0.0007908538,0.0007908538
122,0.044306494,0.27932796,0.05795004,5.2120304e-05,-0.108582005,0.16156077,0.10899335,0.13352628,0.15076482,0.056387287,-0.13037147,0.13742913,0.14044,0.05686114,0.16024032,0.10182,-0.14384015,-0.05118533,0.12738647,0.03444225,0.11991928,0.120278485,-0.15803666,-0.4853237,0.073564455,0.15337971,0.049093366,0.1584673,-0.16598634,-0.60511273,0.06675883,0.36540785,0.046311278,0.19585301,0.0007908538,0.0007908538
123,0.052681513,0.27856302,0.064034715,0.0024402142,-0.104457125,0.17071572,0.11713242,0.13991047,0.15949683,0.052664146,-0.12664406,0.14635278,0.1497413,0.06364366,0.17019227,0.09565507,-0.14152965,-0.04568222,0.1362728,0.038579483,0.12866287,0.114970796,-0.1575694,-0.49043742,0.07976696,0.15832396,0.055845145,0.15557802,-0.16616581,-0.61065245,0.07321097,0.37235427,0.055771757,0.19418953,0.0007908538,0.0007908538
124,0.044689044,0.2808432,0.058290716,-0.0066001783,-0.10858458,0.16972041,0.11305325,0.13691096,0.15727553,0.050645523,-0.13165557,0.14729011,0.1462085,0.058276016,0.16689949,0.09837512,-0.14637259,-0.043402303,0.13258429,0.03281796,0.12493048,0.11792539,-0.16220495,-0.49628872,0.07464095,0.15548567,0.04949283,0.15852457,-0.17116906,-0.61835665,0.06754311,0.37356204,0.046625428,0.19830504,0.0007908538,0.0007908538
125,0.049262874,0.283137,0.061702427,-0.005320574,-0.10989606,0.17113498,0.11801458,0.13960437,0.16286333,0.049804147,-0.13322186,0.14992225,0.15111488,0.060485527,0.1720851,0.09695012,-0.14881738,-0.041985363,0.13716292,0.03411267,0.12936264,0.117373556,-0.16577171,-0.5037265,0.078057766,0.15906978,0.053058557,0.1605757,-0.17523885,-0.6251534,0.07192403,0.37884596,0.053189214,0.20244655,0.0007908538,0.0007908538
126,0.045557037,0.2834737,0.059027407,-0.010584274,-0.10655218,0.17247804,0.11700848,0.1380918,0.16308981,0.045799363,-0.13052677,0.15274993,0.15033968,0.057869814,0.17148875,0.0942412,-0.14643234,-0.038710035,0.13597915,0.03102198,0.12812635,0.114577726,-0.1639043,-0.5089363,0.07494211,0.15868275,0.048944663,0.15844096,-0.1733615,-0.63095397,0.068049766,0.38240024,0.04666689,0.20102651,0.0007908538,0.0007908538
127,0.047499847,0.28523597,0.060488004,-0.010011952,-0.10633669,0.17223124,0.1199771,0.138818,0.16671377,0.045050375,-0.13047105,0.1537537,0.15308776,0.057910904,0.17440091,0.09295024,-0.14694364,-0.03903673,0.13844265,0.03066295,0.13047811,0.1136583,-0.16525595,-0.51832104,0.077102974,0.16158345,0.05105512,0.15984516,-0.17493851,-0.6390135,0.07173856,0.3874218,0.052243974,0.20437586,0.0007908538,0.0007908538
128,0.040747248,0.28159449,0.055460207,-0.0153552955,-0.10878705,0.17661789,0.116991624,0.13637349,0.1651459,0.04477599,-0.1332664,0.15849829,0.1513552,0.054535206,0.17304417,0.09572936,-0.14913923,-0.035993807,0.13672906,0.025630638,0.12886517,0.1162028,-0.16665779,-0.5263513,0.07441387,0.1588107,0.04785692,0.1617369,-0.17620203,-0.6493648,0.07023725,0.38713312,0.049800463,0.20666859,0.0007908538,0.0007908538
129,0.04508954,0.28206277,0.058610555,-0.014541489,-0.10307524,0.17905927,0.12197843,0.1384478,0.1707696,0.040694777,-0.12796146,0.16215378,0.15613216,0.05659161,0.17806627,0.08949465,-0.14516558,-0.03313902,0.14106151,0.026836112,0.13302875,0.110342905,-0.16467243,-0.53353673,0.076843046,0.16279867,0.05012999,0.1585149,-0.17462066,-0.6551755,0.07292999,0.39394397,0.0536011,0.20483263,0.0007908538,0.0007908538
130,0.038634524,0.2873782,0.054053575,-0.022363132,-0.110277876,0.17441662,0.11932301,0.13555549,0.16992044,0.04026528,-0.13602519,0.16054995,0.15301922,0.05087889,0.17503794,0.094047375,-0.15320475,-0.032060303,0.13780424,0.021478042,0.12975504,0.11558871,-0.17259361,-0.5415197,0.07262048,0.16143878,0.04468455,0.165156,-0.18320103,-0.6638159,0.068959944,0.39605615,0.04688572,0.21409677,0.0007908538,0.0007908538
131,0.04111551,0.2878887,0.05583812,-0.023034558,-0.107723996,0.17691241,0.12311876,0.13715439,0.1746554,0.037237003,-0.13395269,0.16455875,0.15672597,0.05208628,0.17903034,0.09038977,-0.15215205,-0.027805898,0.14123915,0.021491166,0.13305488,0.11239232,-0.17303537,-0.54757,0.073621094,0.1637135,0.045383587,0.16399553,-0.18413338,-0.66998106,0.0698554,0.40111893,0.04792217,0.21433538,0.0007908538,0.0007908538
132,0.037809625,0.2886161,0.053454865,-0.0271385,-0.11012078,0.17727754,0.12281528,0.13597094,0.17573215,0.03627111,-0.13687031,0.16670205,0.15654086,0.049532555,0.17907883,0.091713235,-0.1552312,-0.02502339,0.14100838,0.01805454,0.13281327,0.114013724,-0.1763653,-0.55532885,0.072024494,0.16317737,0.043191563,0.16662025,-0.1878713,-0.67874765,0.06899378,0.40327808,0.046306897,0.2184576,0.0007908538,0.0007908538
133,0.03861105,0.28953275,0.054055993,-0.028539531,-0.10831731,0.1780443,0.12534778,0.13642591,0.17924586,0.033695508,-0.13554907,0.16905995,0.15886644,0.049237892,0.1816159,0.08904341,-0.15478896,-0.022506345,0.14314571,0.017000329,0.13485532,0.11168501,-0.17728475,-0.56315476,0.072713844,0.16519654,0.04354598,0.16631775,-0.18931618,-0.68603045,0.07040686,0.4080111,0.048253004,0.21969396,0.0007908538,0.0007908538
134,0.038242824,0.29016683,0.053786572,-0.03085919,-0.10779492,0.17953286,0.12724191,0.13670811,0.18236256,0.03152778,-0.13554192,0.17245175,0.16062337,0.04864714,0.18362807,0.08760561,-0.15541153,-0.017881593,0.1448148,0.015231485,0.13644643,0.1105757,-0.17887837,-0.5693379,0.07194162,0.1657777,0.04224001,0.16660632,-0.19136238,-0.6932408,0.06959476,0.41153052,0.046611883,0.22130343,0.0007908538,0.0007908538
135,0.035291508,0.2924006,0.051696856,-0.035505954,-0.10996888,0.17830226,0.12730381,0.1353311,0.18384439,0.029819094,-0.13844548,0.17332308,0.1604937,0.045533255,0.18365349,0.088260144,-0.15884688,-0.016253268,0.14459135,0.011813278,0.13619143,0.11172135,-0.18311319,-0.57903546,0.07085921,0.1665436,0.040481575,0.16977006,-0.19631529,-0.70256615,0.06978028,0.41530547,0.046597145,0.2267326,0.0007908538,0.0007908538
136,0.03519099,0.2899621,0.05153828,-0.037492495,-0.10723733,0.18283753,0.12941705,0.13563403,0.18708332,0.026838796,-0.13620603,0.17892931,0.1630214,0.045680434,0.18649149,0.08534774,-0.15728611,-0.010813478,0.14706476,0.010263669,0.13856429,0.10899615,-0.18262252,-0.5858831,0.070714444,0.16730644,0.039960846,0.16828194,-0.19600815,-0.7101339,0.0699503,0.41893175,0.046570286,0.22613911,0.0007908538,0.0007908538
137,0.035847962,0.29319495,0.052075196,-0.038378146,-0.109069236,0.18115835,0.13209206,0.13589533,0.19089018,0.02635291,-0.13838199,0.17958607,0.16495663,0.04457802,0.18856736,0.08543228,-0.16011414,-0.008905703,0.14895721,0.008742822,0.14035363,0.109561525,-0.18647777,-0.59523094,0.07157308,0.16966455,0.040467307,0.17168818,-0.20052978,-0.7186551,0.07232436,0.42383528,0.05021168,0.23232819,0.0007908538,0.0007908538
138,0.032217618,0.29398403,0.049487397,-0.043263383,-0.105309956,0.18238808,0.13179149,0.13486494,0.19212447,0.022359552,-0.13535252,0.18301587,0.16449967,0.042073224,0.18830112,0.082780674,-0.15744396,-0.00302449,0.14843512,0.0053120637,0.13983455,0.106812485,-0.18446063,-0.600237,0.0680291,0.1687759,0.035751853,0.1696097,-0.19845319,-0.7248957,0.067895494,0.42706016,0.04230342,0.23103085,0.0007908538,0.0007908538
139,0.03338012,0.29442137,0.050333682,-0.04229474,-0.10772203,0.1840845,0.1349645,0.13610944,0.19638838,0.02347863,-0.1377445,0.18640834,0.16750428,0.042612564,0.1915801,0.08397256,-0.16002467,0.0013114436,0.1517261,0.004154828,0.14298283,0.10824822,-0.1873562,-0.60797983,0.06950029,0.16987813,0.037205547,0.17281517,-0.20176052,-0.7334118,0.07097726,0.43004525,0.04724949,0.23630266,0.0007908538,0.0007908538
140,0.029743241,0.29432312,0.047710594,-0.045965597,-0.10965657,0.1854073,0.13474362,0.13497925,0.19763069,0.022908513,-0.14013046,0.18938601,0.167494,0.040117383,0.19179006,0.08553705,-0.16241145,0.0051259836,0.15196739,0.00046872435,0.14320374,0.10995843,-0.18976282,-0.61675596,0.06841964,0.1695223,0.035584424,0.17572567,-0.20452361,-0.7429116,0.071584076,0.43236527,0.04803144,0.24103716,0.0007908538,0.0007908538
141,0.0280308,0.29419804,0.046471912,-0.0490805,-0.1050053,0.18759403,0.13602296,0.13469917,0.20035718,0.018969504,-0.13610734,0.19359449,0.1685586,0.03878809,0.19307593,0.08188539,-0.15901506,0.011449669,0.15311018,-0.0020611174,0.14429052,0.10625206,-0.18749872,-0.62304574,0.066394955,0.1697918,0.03265351,0.17331697,-0.20222357,-0.7499166,0.06930555,0.4365535,0.043685142,0.2396722,0.0007908538,0.0007908538
142,0.023252914,0.2979671,0.04310399,-0.055514716,-0.10663583,0.18459557,0.1352723,0.1323994,0.201353,0.016356494,-0.13878676,0.1930562,0.1672865,0.03374578,0.19188155,0.08241084,-0.16241382,0.0124345375,0.15189533,-0.0068806605,0.14313902,0.10725242,-0.19209497,-0.6363541,0.065274596,0.17141595,0.030631263,0.1774279,-0.20786782,-0.7612703,0.0712012,0.44182262,0.046413723,0.2471462,0.0007908538,0.0007908538
143,0.025718749,0.29689535,0.044831768,-0.055294313,-0.102270186,0.1887083,0.13958894,0.13418283,0.20687564,0.013202703,-0.1348069,0.19881289,0.17137256,0.035312198,0.19625403,0.07797225,-0.15942115,0.020328373,0.1562296,-0.00726149,0.14720525,0.102970734,-0.19077961,-0.6417713,0.065382995,0.17283423,0.030284895,0.1748934,-0.20672859,-0.7674035,0.070974685,0.44651672,0.045540445,0.24572457,0.0007908538,0.0007908538
144,0.024436226,0.29808113,0.04390795,-0.057841767,-0.105679855,0.18992816,0.14144953,0.13442801,0.21030582,0.013058362,-0.13872002,0.20216894,0.17303957,0.034098297,0.19814564,0.07971401,-0.16371721,0.026210055,0.1583561,-0.009906223,0.14916994,0.1052065,-0.19560952,-0.6498421,0.064891286,0.17322513,0.02928825,0.17906623,-0.21248248,-0.77635455,0.07190677,0.44953093,0.0468406,0.25241587,0.0007908538,0.0007908538
145,0.023145048,0.29649338,0.042930614,-0.06028097,-0.10446822,0.19418474,0.14327599,0.13488811,0.2136712,0.011030524,-0.138002,0.20826486,0.17494603,0.03387597,0.20032778,0.07859859,-0.16333288,0.035191167,0.16077411,-0.012192988,0.15141264,0.1042624,-0.19572702,-0.6543151,0.062763326,0.172197,0.026437255,0.17867742,-0.21274762,-0.78333706,0.0691613,0.45161888,0.04181424,0.25282624,0.0007908538,0.0007908538
146,0.019948153,0.30074733,0.04069504,-0.065785624,-0.10601725,0.19153541,0.14392026,0.13343617,0.21609493,0.0083595365,-0.14065339,0.20825712,0.17482841,0.029690377,0.20028925,0.07861116,-0.16700423,0.03732171,0.16089602,-0.016225824,0.15155941,0.10487526,-0.20110847,-0.6680679,0.062534064,0.17504312,0.025386604,0.18332139,-0.2195,-0.79513633,0.072373584,0.45819297,0.046826433,0.26158702,0.0007908538,0.0007908538
147,0.020475768,0.30271932,0.04108908,-0.067780636,-0.10054473,0.19223158,0.14706838,0.13399617,0.22074768,0.0036632295,-0.13596304,0.21146232,0.17699182,0.028835546,0.20260528,0.07343119,-0.16360028,0.044367682,0.1632942,-0.017811919,0.15380599,0.09985063,-0.20008315,-0.67447966,0.060902506,0.17677628,0.022709452,0.18091987,-0.2187823,-0.8011654,0.070212476,0.46411628,0.042413633,0.2610765,0.0007908538,0.0007908538
148,0.02209033,0.305297,0.04226937,-0.06607377,-0.10619865,0.19252567,0.15111807,0.13596995,0.2261476,0.0067526023,-0.14138019,0.2145095,0.18008061,0.02964426,0.20590146,0.07698508,-0.16898856,0.05196855,0.16718215,-0.01867199,0.15739432,0.103726566,-0.2053167,-0.6785703,0.060670488,0.17671025,0.022148658,0.1864756,-0.2250952,-0.80765104,0.06988112,0.46576625,0.04163337,0.26925,0.0007908538,0.0007908538
149,0.019488245,0.30243582,0.040356558,-0.06995601,-0.103031024,0.19698434,0.1519166,0.13510244,0.22845286,0.0030739857,-0.13905263,0.22010732,0.18128963,0.02815726,0.2073109,0.07436554,-0.1673713,0.05868758,0.16904448,-0.021647504,0.15911561,0.10130513,-0.20495187,-0.68730223,0.059878975,0.17733441,0.020759262,0.18567017,-0.22494209,-0.8168182,0.070718765,0.46983048,0.042743694,0.26989308,0.0007908538,0.0007908538
150,0.016678,0.30301845,0.038351405,-0.074950755,-0.100520976,0.19871084,0.1527241,0.13423087,0.23100685,-0.0010896482,-0.13762449,0.22403854,0.18181698,0.025697336,0.20797357,0.071964204,-0.16679229,0.06546836,0.17014444,-0.024824146,0.1601233,0.0992708,-0.20584087,-0.69554174,0.057784654,0.17821388,0.01762359,0.18589813,-0.22614664,-0.8252638,0.069284156,0.47474256,0.039698992,0.27232167,0.0007908538,0.0007908538
151,0.017021837,0.3038821,0.038593322,-0.075987175,-0.1023371,0.2001163,0.15574887,0.1347904,0.23543644,-0.0014553438,-0.13982722,0.22755073,0.1843431,0.025234638,0.21066043,0.07230245,-0.1695789,0.071601845,0.17346959,-0.026376188,0.1631934,0.09999246,-0.20954683,-0.70402765,0.05837899,0.18018922,0.017835049,0.18955912,-0.23080124,-0.8339284,0.071573675,0.47941917,0.04341362,0.27922225,0.0007908538,0.0007908538
152,0.013122908,0.30491573,0.035818927,-0.08107165,-0.1033353,0.20169483,0.15569806,0.1341509,0.23713343,-0.0032496743,-0.14161688,0.23164982,0.18398777,0.02293316,0.21042968,0.07333934,-0.1713681,0.0799856,0.17389351,-0.02954786,0.16353214,0.101430945,-0.21098658,-0.70724,0.054259807,0.17832497,0.012494283,0.19156116,-0.23241374,-0.8396244,0.06591509,0.4805675,0.0330403,0.28260675,0.0007908538,0.0007908538
153,0.016350623,0.30360144,0.03809155,-0.078018524,-0.102177426,0.20507325,0.16027032,0.13616657,0.2426591,-0.00306038,-0.14021242,0.23634033,0.18827395,0.024962602,0.21493115,0.07170536,-0.17041406,0.0861219,0.17916168,-0.02963744,0.16832998,0.099722065,-0.21109337,-0.71412474,0.056692768,0.18010516,0.0151109705,0.19177444,-0.23262772,-0.8473888,0.069904976,0.4848959,0.039734073,0.28462806,0.0007908538,0.0007908538
154,0.013126242,0.30610126,0.035817467,-0.08250754,-0.102979384,0.20515727,0.16056748,0.13567033,0.24459603,-0.0047860723,-0.14179316,0.23886813,0.18812272,0.022403289,0.2148745,0.07241454,-0.17218508,0.09159966,0.17980291,-0.03269179,0.16892147,0.10075934,-0.21295686,-0.7210842,0.055099003,0.18044244,0.012684654,0.19481267,-0.23496272,-0.8554388,0.06929732,0.4884188,0.038239583,0.29037395,0.0007908538,0.0007908538
155,0.0102575915,0.30592132,0.033773605,-0.087390855,-0.09952129,0.20730272,0.16122927,0.13462135,0.2469608,-0.0091995085,-0.13942756,0.2430752,0.1885574,0.0200168,0.21541521,0.069563255,-0.17062561,0.09855777,0.18110894,-0.035586383,0.17011687,0.098207794,-0.21291916,-0.7292188,0.053366486,0.18166557,0.009973698,0.19463813,-0.23494445,-0.86358416,0.06854315,0.49356845,0.036351033,0.29246005,0.0007908538,0.0007908538
156,0.011750131,0.30615193,0.034828063,-0.086618505,-0.09915717,0.20880133,0.16460058,0.13546263,0.25142807,-0.009638374,-0.13915864,0.24633801,0.19136058,0.020332066,0.21834768,0.068468794,-0.17090634,0.10374703,0.1848468,-0.03629638,0.17352915,0.09716589,-0.21438216,-0.7364673,0.054707922,0.18393031,0.011134475,0.19638395,-0.23687734,-0.87089306,0.07096456,0.49850118,0.040317927,0.29703867,0.0007908538,0.0007908538
157,0.012672106,0.31003052,0.03550999,-0.08616205,-0.10074593,0.20759365,0.16736643,0.13676839,0.2552912,-0.009013289,-0.14076592,0.24779841,0.1929293,0.020207556,0.21999681,0.0692502,-0.17265797,0.108478606,0.187163,-0.03693678,0.17563365,0.09803286,-0.21639098,-0.7397475,0.054198977,0.18457434,0.010152807,0.19898531,-0.23941477,-0.8756817,0.06912493,0.50153327,0.036654953,0.30187157,0.0007908538,0.0007908538
158,0.009706522,0.31168967,0.033435345,-0.090939224,-0.09800709,0.2083343,0.16771677,0.13608555,0.25723544,-0.012992151,-0.13913368,0.25078928,0.19281793,0.017738895,0.21995294,0.067100376,-0.17176835,0.11413218,0.18789342,-0.039642964,0.17630789,0.096223526,-0.21683763,-0.7464669,0.052483562,0.18544975,0.007518495,0.19918711,-0.24014468,-0.88312364,0.06768019,0.50612783,0.033554338,0.30408645,0.0007908538,0.0007908538
159,0.009206311,0.31098223,0.033066567,-0.09200724,-0.09754295,0.21132684,0.16959846,0.13691919,0.26037455,-0.013913526,-0.13895513,0.25541383,0.19455947,0.017914684,0.22183281,0.066746734,-0.17173132,0.121203534,0.19077195,-0.041110594,0.17880964,0.09608426,-0.21686432,-0.7492798,0.051306993,0.1841618,0.005890055,0.19932741,-0.24017727,-0.8886557,0.06491119,0.50742257,0.028285133,0.30484945,0.0007908538,0.0007908538
160,0.009724761,0.31186348,0.033433657,-0.09168222,-0.099477574,0.2124598,0.17203826,0.13800071,0.26385832,-0.013046094,-0.140875,0.25825068,0.19659263,0.01815141,0.22398092,0.06788582,-0.17371772,0.12559363,0.19392134,-0.042266063,0.18160783,0.09736122,-0.21884364,-0.75549495,0.052975155,0.18497485,0.0077001434,0.20215768,-0.24267906,-0.8964693,0.0681916,0.51036793,0.03392435,0.30979183,0.0007908538,0.0007908538
161,0.010688178,0.31607306,0.03414185,-0.09123171,-0.10014995,0.21138099,0.1745389,0.13973735,0.2673756,-0.012933058,-0.14162923,0.25962755,0.1979949,0.018241381,0.22546239,0.06813625,-0.17463334,0.12949905,0.19613265,-0.043006532,0.18357366,0.09770676,-0.22002715,-0.7590775,0.05345079,0.18537326,0.008040033,0.20356363,-0.2441858,-0.9020956,0.06854302,0.5133135,0.03410738,0.312653,0.0007908538,0.0007908538
162,0.008401658,0.31841528,0.032568015,-0.09528698,-0.096648335,0.21187569,0.17483294,0.13971943,0.26903915,-0.017072428,-0.139226,0.26212868,0.1978637,0.016360993,0.22538802,0.06552721,-0.17297052,0.13363734,0.19682682,-0.045342073,0.18419008,0.09543952,-0.21976389,-0.7650179,0.052919842,0.18607154,0.006998676,0.20266975,-0.24398409,-0.9093922,0.06880849,0.51769006,0.034100063,0.31302863,0.0007908538,0.0007908538
163,0.006952891,0.31751543,0.031550493,-0.09773518,-0.09417725,0.21479666,0.17575163,0.13991202,0.2711853,-0.019743318,-0.13742787,0.26642835,0.19883353,0.015834767,0.22646034,0.06371442,-0.17162108,0.13914864,0.19896626,-0.047240652,0.18602489,0.09391496,-0.21915698,-0.7703347,0.053034715,0.18593438,0.0069362177,0.20170039,-0.24326362,-0.9168613,0.069654524,0.5206462,0.03520305,0.31262663,0.0007908538,0.0007908538
164,0.005265297,0.32029405,0.03038556,-0.099728316,-0.09687544,0.21500193,0.17627294,0.14093558,0.2728265,-0.019081939,-0.14032184,0.2688461,0.19888414,0.015362687,0.22657883,0.0663097,-0.1739834,0.14412482,0.19999214,-0.04878252,0.18680896,0.09683507,-0.21976718,-0.7706976,0.051360067,0.18347038,0.0048967274,0.20380491,-0.24379665,-0.9210208,0.06614904,0.5200665,0.028862882,0.31500247,0.0007908538,0.0007908538
165,0.0068914313,0.32133436,0.03151332,-0.0975019,-0.097758934,0.21606545,0.17879423,0.14279963,0.27603698,-0.017572073,-0.14073923,0.27162668,0.20082377,0.016839778,0.22861794,0.06710283,-0.17402901,0.1484879,0.20292956,-0.04893635,0.18930387,0.097541645,-0.21901366,-0.7707371,0.05138354,0.18179734,0.0049375365,0.20401555,-0.24271128,-0.92442495,0.0635483,0.52022994,0.024174342,0.31526583,0.0007908538,0.0007908538
166,0.0057885316,0.32421988,0.030773142,-0.09972351,-0.09594314,0.21542771,0.17953758,0.14300042,0.27781385,-0.01990748,-0.13960084,0.2728707,0.20106074,0.015441634,0.22889003,0.06563629,-0.17342582,0.14992999,0.20399122,-0.050706882,0.19029465,0.09623245,-0.21956158,-0.77824694,0.05317665,0.18393698,0.0067305774,0.20499101,-0.24347238,-0.9324541,0.067182355,0.5254843,0.030034555,0.31861866,0.0007908538,0.0007908538
167,0.0037478108,0.32527333,0.029372362,-0.10293599,-0.09419986,0.21633688,0.179896,0.14274433,0.27939117,-0.022532515,-0.13866748,0.27549556,0.20122322,0.013967481,0.22910172,0.06436191,-0.17298216,0.15341638,0.20519045,-0.05271956,0.1913482,0.09524555,-0.21999708,-0.78427655,0.053470075,0.1848545,0.006753758,0.20565894,-0.2440966,-0.9396961,0.06799827,0.5294444,0.031132968,0.32110116,0.0007908538,0.0007908538
168,0.00456958,0.32498989,0.02993168,-0.10188299,-0.095481575,0.21793166,0.18174312,0.14383592,0.2818852,-0.02140277,-0.13969788,0.27839687,0.20285948,0.015045299,0.23082262,0.06529039,-0.17381069,0.15679184,0.20789915,-0.053205945,0.19362938,0.09624861,-0.22018959,-0.78562444,0.054087136,0.18361934,0.0075123385,0.20654139,-0.24421532,-0.94402903,0.06647547,0.52984583,0.028341493,0.32236442,0.0007908538,0.0007908538
169,0.0022983553,0.32419187,0.028367337,-0.10512743,-0.09560843,0.22010915,0.18195517,0.14345637,0.2832501,-0.022978883,-0.14052936,0.281863,0.20329873,0.014054201,0.23132908,0.0654096,-0.17495175,0.16047224,0.20960757,-0.055283703,0.19507653,0.09681386,-0.22151591,-0.79098016,0.05459736,0.18357554,0.007935492,0.20825408,-0.2459037,-0.9513601,0.06693392,0.53223526,0.028966645,0.32565856,0.0007908538,0.0007908538
170,0.0014006249,0.32606444,0.027751878,-0.1066965,-0.096222624,0.22018602,0.18289085,0.14385325,0.2851534,-0.023574771,-0.14151269,0.28384802,0.20375045,0.013462498,0.23182543,0.065822415,-0.17609806,0.16351336,0.21100241,-0.056473028,0.19627123,0.0974795,-0.222708,-0.793003,0.05382145,0.18300438,0.0067746965,0.20982847,-0.2474068,-0.95581174,0.06332291,0.53398865,0.022471197,0.32863665,0.0007908538,0.0007908538
171,0.0024303105,0.3262898,0.028457766,-0.105954416,-0.09303636,0.22109786,0.18445823,0.1445388,0.28723103,-0.02526229,-0.13848412,0.28591293,0.20496991,0.013976685,0.23309867,0.06319127,-0.17356211,0.16472748,0.2130114,-0.05703699,0.19801913,0.094818346,-0.22158976,-0.7963267,0.05539897,0.18356574,0.008527082,0.2080476,-0.2461741,-0.9608685,0.06348174,0.53719836,0.022486078,0.3273726,0.0007908538,0.0007908538
172,0.0030921614,0.3299117,0.028920652,-0.10559975,-0.094091535,0.21953678,0.18600824,0.14562187,0.2894029,-0.024823543,-0.13953865,0.28643203,0.20565884,0.01397389,0.23381719,0.06377834,-0.17467675,0.165271,0.21446316,-0.057665136,0.19929607,0.095463306,-0.22273462,-0.7994787,0.05693032,0.18412884,0.010228283,0.20989439,-0.24750364,-0.9661234,0.06395624,0.53987676,0.023946498,0.3308808,0.0007908538,0.0007908538
173,7.328353e-05,0.3296038,0.026880274,-0.110053346,-0.09082519,0.22130054,0.1852843,0.14471623,0.289766,-0.028866146,-0.1374587,0.2893374,0.20521994,0.01225783,0.23340762,0.061479878,-0.17329943,0.16721228,0.21507236,-0.060025904,0.1998206,0.093618885,-0.22267255,-0.80592656,0.057986878,0.1851213,0.011242078,0.20957483,-0.24756484,-0.97365093,0.065787904,0.54393494,0.027700745,0.33195254,0.0007908538,0.0007908538
174,-0.0009210937,0.3294684,0.026204959,-0.111556955,-0.08979339,0.22286995,0.18595481,0.14483497,0.29130247,-0.030268367,-0.1368662,0.29216567,0.20582117,0.011982182,0.23405974,0.06071152,-0.17299631,0.17002754,0.21672316,-0.06130186,0.20120095,0.093094684,-0.22279452,-0.80889535,0.058174193,0.18475541,0.011310718,0.20973362,-0.24775523,-0.9790144,0.06445714,0.54605305,0.025646346,0.33301598,0.0007908538,0.0007908538
175,0.0013466598,0.33289033,0.027741307,-0.10852063,-0.09637832,0.22126111,0.18857215,0.14694071,0.2942313,-0.025484541,-0.14256111,0.29245946,0.20755205,0.013542496,0.23584607,0.0652796,-0.17803673,0.17036442,0.21937603,-0.06118509,0.20342997,0.09767726,-0.22583072,-0.8100981,0.060478292,0.18396246,0.014177437,0.21465994,-0.2511329,-0.98376995,0.06536469,0.5459861,0.027180327,0.33965567,0.0007908538,0.0007908538
176,0.007824109,0.3432955,0.032163717,-0.09945046,-0.09066044,0.21485138,0.19174086,0.15160926,0.2967538,-0.023858245,-0.13507259,0.28992653,0.20764394,0.017056393,0.23590514,0.062199377,-0.16922414,0.16950226,0.21874702,-0.05791983,0.20270777,0.093337364,-0.21559693,-0.79482985,0.0553069,0.17812894,0.008219694,0.20497668,-0.23858373,-0.9773856,0.048761073,0.5436162,0.017541742,0.32462448,0.0007908538,0.0007908538
177,-7.664785e-07,0.3514835,0.027123408,-0.10815929,-0.08782335,0.21115534,0.18673044,0.15068382,0.29288656,-0.028775865,-0.13394001,0.2889429,0.20251031,0.012606847,0.23067148,0.062307954,-0.1674285,0.16661245,0.21388553,-0.061607108,0.19843051,0.09386655,-0.21156247,-0.7992657,0.055863526,0.17780767,0.008771586,0.20508648,-0.23303922,-0.98447806,0.0525125,0.54716766,0.034870923,0.32554597,0.0007908538,0.0007908538
178,-0.005272863,0.3527844,0.02367586,-0.11284995,-0.08830838,0.21323504,0.18416573,0.15077277,0.29148376,-0.029722147,-0.13503194,0.29220858,0.20073648,0.011289993,0.22893257,0.06464454,-0.1674006,0.16916013,0.21328776,-0.06446563,0.1976293,0.09651432,-0.20808871,-0.80117124,0.05585925,0.17474526,0.008825219,0.205854,-0.228278,-0.9912419,0.05365867,0.54711413,0.041309007,0.32613584,0.0007908538,0.0007908538
179,0.0026961865,0.35552847,0.02883036,-0.10106582,-0.0931825,0.21264337,0.18901446,0.15608056,0.29557645,-0.020489145,-0.13677697,0.29339755,0.2040922,0.017725883,0.23240052,0.069297865,-0.16660443,0.1710739,0.21724759,-0.061197557,0.2006411,0.100067936,-0.2019487,-0.7895285,0.056016244,0.16776937,0.009694021,0.20377217,-0.21968202,-0.9869146,0.04575608,0.53944784,0.03304379,0.31979147,0.0007908538,0.0007908538
180,-0.001515375,0.35268855,0.026077105,-0.10525472,-0.09020261,0.21723832,0.18707827,0.1556302,0.29466462,-0.02346575,-0.13466132,0.2981862,0.2032956,0.01729095,0.23167917,0.06841973,-0.16416469,0.17485718,0.21765435,-0.06340796,0.20071924,0.09963242,-0.19811238,-0.789753,0.05521995,0.16422443,0.008939793,0.2011955,-0.21463421,-0.9914063,0.04358941,0.538184,0.031369425,0.31555682,0.0007908538,0.0007908538
181,-0.008834907,0.35260984,0.02128516,-0.113555096,-0.092754155,0.21962371,0.18379898,0.15421917,0.29289165,-0.025691517,-0.13871853,0.30134928,0.20119275,0.014493733,0.22961485,0.07135921,-0.16804402,0.17690153,0.2168872,-0.06713378,0.19989948,0.10354953,-0.19998541,-0.7952388,0.055969495,0.16282251,0.009784244,0.20523055,-0.21670835,-1.000104,0.046160128,0.53913516,0.03606739,0.32114458,0.0007908538,0.0007908538
182,-0.0021800797,0.35290208,0.02561628,-0.104934104,-0.09494134,0.21995813,0.188702,0.15722643,0.297484,-0.020660637,-0.1391405,0.3025684,0.20514199,0.018567543,0.23367915,0.07220278,-0.16808869,0.17683254,0.22177705,-0.065416545,0.2040376,0.103743605,-0.19986649,-0.7963741,0.060866155,0.1629068,0.015569786,0.20564337,-0.21653,-1.0038849,0.048843313,0.5405375,0.040322993,0.32198372,0.0007908538,0.0007908538
183,-0.006641064,0.35770825,0.02269569,-0.11141128,-0.08791459,0.21912213,0.18722545,0.15678856,0.29768252,-0.027909217,-0.13415234,0.3039102,0.2031927,0.015202242,0.23171891,0.06752785,-0.16420141,0.17943755,0.22041123,-0.06790801,0.20292607,0.09953873,-0.19850421,-0.799275,0.058448073,0.1635047,0.012290609,0.20321622,-0.21524699,-1.0082788,0.044378955,0.5453817,0.032950766,0.32108,0.0007908538,0.0007908538
184,-0.0061846636,0.35987318,0.022974871,-0.11115474,-0.0903985,0.21890886,0.18892707,0.15790543,0.3001884,-0.026710898,-0.13657068,0.3052947,0.20436937,0.015428291,0.23295672,0.06910916,-0.16664383,0.18112892,0.2226311,-0.06871957,0.20479947,0.10127007,-0.20066091,-0.8021849,0.059831485,0.1634721,0.01375328,0.20615673,-0.21787299,-1.013924,0.044417746,0.547434,0.032856446,0.32607132,0.0007908538,0.0007908538
185,-0.0072412267,0.35755414,0.022312405,-0.11242934,-0.0895147,0.2220595,0.189446,0.15792151,0.30154613,-0.02784305,-0.1360544,0.3089585,0.20533842,0.015707916,0.23400895,0.06850785,-0.1663365,0.18413222,0.22488257,-0.07009937,0.20659846,0.10098689,-0.20050924,-0.8051038,0.060718138,0.16245879,0.014730001,0.20606026,-0.2177451,-1.0199176,0.04418809,0.54871434,0.032382138,0.32646787,0.0007908538,0.0007908538
186,-0.0028666551,0.36236104,0.025134029,-0.10779205,-0.089749075,0.21938792,0.19283678,0.16043358,0.3050417,-0.026004104,-0.13550492,0.3085839,0.2071091,0.017470345,0.23581232,0.06813608,-0.16575214,0.18370353,0.22716889,-0.06921471,0.20856377,0.1002629,-0.20034187,-0.8046517,0.062161513,0.16234386,0.0163081,0.20583838,-0.21748868,-1.0230465,0.042009626,0.5508164,0.02866052,0.32698622,0.0007908538,0.0007908538
187,-0.0074676177,0.36463526,0.022198386,-0.11339427,-0.08600538,0.2198906,0.19074905,0.15974131,0.3041671,-0.030576028,-0.13319151,0.3105708,0.20524421,0.015159991,0.23394491,0.06632332,-0.16361842,0.18477759,0.22617409,-0.071735844,0.20766993,0.09888097,-0.1982393,-0.8088607,0.06252601,0.16243662,0.016536186,0.20509684,-0.2148023,-1.0293093,0.04293764,0.5543486,0.029684918,0.32731,0.0007908538,0.0007908538
188,-0.008432691,0.36582407,0.021571798,-0.11454677,-0.0873409,0.22030376,0.1913624,0.15998985,0.30559957,-0.030440671,-0.13473557,0.31223536,0.20581116,0.014696272,0.23455718,0.06731251,-0.16518892,0.18514004,0.227939,-0.07329317,0.20918943,0.10001161,-0.19956826,-0.8158459,0.06613211,0.16415106,0.020530287,0.20827954,-0.21610585,-1.0378022,0.04845829,0.55886185,0.03794827,0.33339033,0.0007908538,0.0007908538
189,-0.0051902705,0.37212205,0.023571782,-0.10975991,-0.09151267,0.21658541,0.1934134,0.16303022,0.3074462,-0.025396042,-0.13738766,0.31145376,0.20607542,0.017143972,0.23482724,0.071176,-0.16624913,0.1850668,0.22848079,-0.07187556,0.2094043,0.10339914,-0.19666924,-0.8076427,0.06426905,0.15923876,0.01867381,0.20809886,-0.21190132,-1.0370244,0.040487804,0.5545633,0.025578653,0.33118874,0.0007908538,0.0007908538
190,-0.0076029235,0.37303144,0.022043452,-0.11200976,-0.084657386,0.21761198,0.19205992,0.16291496,0.30676752,-0.029810354,-0.13133709,0.31379458,0.20471369,0.016539939,0.23347303,0.06727775,-0.16017027,0.18601319,0.22782318,-0.073199205,0.20869954,0.09952313,-0.19081976,-0.8083409,0.06440527,0.15784784,0.018849801,0.20284997,-0.20496403,-1.0411993,0.039819155,0.556489,0.02420884,0.3243222,0.0007908538,0.0007908538
191,-0.009467682,0.3749561,0.02086061,-0.113529176,-0.088905655,0.21752875,0.19143294,0.1636938,0.30663863,-0.027785072,-0.13543867,0.31503883,0.20425381,0.016672155,0.23305121,0.07128278,-0.1633018,0.18515894,0.22845022,-0.07489212,0.2090373,0.1037892,-0.19057998,-0.81220424,0.068112716,0.15657347,0.023277534,0.20624872,-0.20372444,-1.048652,0.045772806,0.55686164,0.03299306,0.3285603,0.0007908538,0.0007908538
192,-0.012399781,0.3716503,0.019063022,-0.11611511,-0.08658384,0.22183065,0.19016932,0.16342781,0.30613187,-0.029763002,-0.13361946,0.3195065,0.2039642,0.017059857,0.23283988,0.07064756,-0.16107397,0.18828048,0.22941077,-0.07663097,0.20952836,0.10352417,-0.1867526,-0.8119508,0.067608394,0.15290286,0.022861892,0.20363303,-0.19897315,-1.0536855,0.04408526,0.5554603,0.030358013,0.32427797,0.0007908538,0.0007908538
193,-0.010290704,0.37470478,0.020344095,-0.11344654,-0.08931019,0.22058965,0.19222282,0.16525404,0.30844438,-0.027046405,-0.13562268,0.3201302,0.20506041,0.018462533,0.23397805,0.072635934,-0.16258621,0.18840978,0.2313165,-0.076556906,0.21104468,0.1053838,-0.18693766,-0.8110957,0.068329565,0.15126222,0.02368743,0.20514804,-0.1989126,-1.0581554,0.041999117,0.55576766,0.027085017,0.3265157,0.0007908538,0.0007908538
194,-0.008981785,0.37604856,0.021153327,-0.11203746,-0.0889383,0.22027898,0.19381945,0.16597599,0.31044242,-0.026727878,-0.13505721,0.32112554,0.20615558,0.01893447,0.23511228,0.0720939,-0.16214274,0.18776527,0.2333581,-0.07715041,0.2128223,0.10470523,-0.187091,-0.8161111,0.07172218,0.15293661,0.02737901,0.2062748,-0.19892165,-1.0650961,0.045847274,0.5601499,0.032558728,0.32972485,0.0007908538,0.0007908538
195,-0.013352289,0.3790543,0.018387893,-0.11747743,-0.08759606,0.22013387,0.19225192,0.16565792,0.31021518,-0.030109625,-0.1350362,0.32264125,0.20467791,0.016652571,0.23364595,0.07178952,-0.16235563,0.18878603,0.23283769,-0.079703555,0.21236394,0.1049274,-0.18719523,-0.8206228,0.07208147,0.15328473,0.027557975,0.20773402,-0.19879462,-1.0721421,0.047052868,0.5638364,0.034023806,0.33323047,0.0007908538,0.0007908538
196,-0.009265678,0.3847407,0.02085746,-0.111912146,-0.086598836,0.21708557,0.19461466,0.16880694,0.3123756,-0.027597686,-0.13272272,0.3223602,0.20507067,0.01922121,0.23405199,0.07189633,-0.15882817,0.18933287,0.23336591,-0.07812259,0.2125553,0.1043481,-0.18128139,-0.8107802,0.06838873,0.14785959,0.023525571,0.20345156,-0.19162372,-1.0712262,0.03673194,0.5604616,0.026218442,0.32624012,0.0007908538,0.0007908538
197,-0.012572754,0.38525736,0.01880799,-0.11510777,-0.08532105,0.21876617,0.1928356,0.169191,0.31130382,-0.029395582,-0.13205622,0.32488254,0.20382272,0.019040463,0.2328542,0.072304286,-0.15753771,0.19000438,0.23306735,-0.08010911,0.21200122,0.105152436,-0.17760217,-0.8103658,0.068413295,0.14419317,0.023698721,0.20199117,-0.18681146,-1.0763977,0.036138795,0.5592364,0.029196372,0.32371518,0.0007908538,0.0007908538
198,-0.014149841,0.3855279,0.017837573,-0.11652473,-0.08650147,0.2201804,0.19262145,0.16981304,0.3117912,-0.029178398,-0.13335761,0.32720375,0.20386389,0.019292027,0.23296335,0.073853076,-0.15833515,0.19113353,0.23424937,-0.08167974,0.21278535,0.10696182,-0.17644835,-0.8125261,0.07006753,0.14230612,0.025594508,0.20299901,-0.18492326,-1.0829451,0.03825833,0.5596809,0.033832286,0.32515314,0.0007908538,0.0007908538
199,-0.0104367,0.39064682,0.02003273,-0.112593204,-0.08557581,0.21717466,0.19560626,0.17192674,0.31502044,-0.028158661,-0.13180898,0.32647076,0.2051772,0.020161165,0.23429525,0.07277861,-0.15682869,0.18999344,0.23612322,-0.081395224,0.21447144,0.10543275,-0.17586467,-0.814674,0.07239034,0.14357388,0.027971191,0.20320433,-0.18419787,-1.0881131,0.039098214,0.5639824,0.03540937,0.32739243,0.0007908538,0.0007908538
200,-0.013530814,0.392484,0.018128986,-0.116181694,-0.08255027,0.21795356,0.19460908,0.1721099,0.31516293,-0.03159134,-0.12984316,0.32863894,0.20416722,0.019061847,0.23332012,0.07128218,-0.15501653,0.1922037,0.2359552,-0.083133556,0.2141941,0.104359105,-0.17398973,-0.81435114,0.070442386,0.14148113,0.02568817,0.20165774,-0.18206169,-1.0926752,0.035088126,0.5649132,0.02960864,0.3259559,0.0007908538,0.0007908538
201,-0.015345557,0.39156178,0.017042797,-0.11827889,-0.08453418,0.22006196,0.19437996,0.17236124,0.31566796,-0.031505004,-0.13214445,0.33130336,0.20445473,0.019301679,0.23368533,0.07301767,-0.15715255,0.19348678,0.23744452,-0.08478205,0.21523565,0.10659874,-0.17470895,-0.8163134,0.07139642,0.13951483,0.026777767,0.20342089,-0.18254519,-1.0993375,0.035570696,0.5650218,0.030374628,0.3283881,0.0007908538,0.0007908538
202,-0.014907041,0.38872024,0.017348379,-0.117783934,-0.0842473,0.22303332,0.19538257,0.17263073,0.31711215,-0.031452518,-0.13179348,0.33446944,0.20588432,0.02053571,0.23521344,0.072676346,-0.15687811,0.19466485,0.24017462,-0.08577475,0.21736133,0.10645895,-0.174386,-0.81924987,0.07350805,0.13859849,0.029116008,0.20341037,-0.18212935,-1.106462,0.037175227,0.5665836,0.032668788,0.3289504,0.0007908538,0.0007908538
203,-0.014057339,0.39256302,0.017797044,-0.1169044,-0.090212144,0.22087076,0.19640405,0.1742062,0.31827083,-0.027806856,-0.13713956,0.33429486,0.2061014,0.021558313,0.2354486,0.07712235,-0.1615188,0.19313668,0.24110343,-0.08607414,0.21798146,0.11107769,-0.17624946,-0.8178803,0.07404186,0.13614438,0.029779911,0.20701912,-0.183523,-1.1114401,0.035190262,0.5654498,0.032028437,0.33323082,0.0007908538,0.0007908538
204,-0.013744546,0.39413258,0.017964067,-0.11614967,-0.08042272,0.22069915,0.19661345,0.17430598,0.3189184,-0.032766845,-0.12793307,0.3356183,0.2056599,0.02130388,0.23499799,0.07039975,-0.15282911,0.19266835,0.2411895,-0.08650683,0.21810886,0.10396571,-0.17037202,-0.819283,0.074401565,0.13710938,0.029966885,0.20072661,-0.17742819,-1.1160401,0.03389227,0.57076645,0.030891176,0.32674864,0.0007908538,0.0007908538
205,-0.01817884,0.39811012,0.01522012,-0.12167369,-0.08382875,0.21955676,0.19513504,0.17423652,0.3187045,-0.033680465,-0.1323784,0.33646125,0.20419063,0.019324258,0.2335323,0.07338821,-0.15722407,0.1928182,0.24069285,-0.08879447,0.21765156,0.10764949,-0.17322773,-0.82249475,0.07453157,0.13676539,0.029969592,0.20531125,-0.18001351,-1.1233699,0.034209948,0.5731305,0.03167633,0.33389387,0.0007908538,0.0007908538
206,-0.015048785,0.39566323,0.017165527,-0.117981024,-0.08312095,0.22167669,0.19738469,0.17508823,0.3209103,-0.032246143,-0.13089764,0.3389902,0.20632109,0.021698957,0.2357518,0.07251827,-0.15563323,0.19301699,0.24394496,-0.088725425,0.22021353,0.10657316,-0.17173754,-0.82400995,0.076971546,0.1359419,0.032665584,0.20418437,-0.17824832,-1.1295185,0.035400305,0.5747693,0.033510987,0.33296555,0.0007908538,0.0007908538
207,-0.015330351,0.39881897,0.016936881,-0.118550494,-0.08429729,0.2206806,0.19771679,0.17622952,0.3217417,-0.03194708,-0.13216692,0.33986473,0.20603043,0.022084896,0.23548247,0.07373368,-0.15660574,0.19325355,0.24434139,-0.0892932,0.2203698,0.10801032,-0.17135191,-0.82163996,0.07564961,0.13322988,0.031216575,0.20447063,-0.17756028,-1.1337669,0.031400613,0.5743332,0.027623303,0.33322605,0.0007908538,0.0007908538
208,-0.013533638,0.40396824,0.017937494,-0.11689488,-0.082859814,0.21775277,0.19845946,0.17806086,0.32236058,-0.032227978,-0.13062213,0.33910504,0.20556438,0.023006836,0.2349965,0.07290631,-0.15490516,0.19016713,0.24413125,-0.0892487,0.2200858,0.107152514,-0.16930434,-0.81937665,0.07610476,0.13134442,0.031740706,0.20237425,-0.17524259,-1.1380459,0.029350083,0.5753042,0.024383735,0.33031973,0.0007908538,0.0007908538
209,-0.016711377,0.4052657,0.016039558,-0.120684415,-0.08178937,0.21835601,0.196913,0.1779281,0.32152328,-0.034880664,-0.13062802,0.34060034,0.20447984,0.02215865,0.2339385,0.07256505,-0.15515079,0.18838935,0.24399589,-0.091389365,0.21986555,0.10741521,-0.16932835,-0.8241201,0.07911922,0.13138185,0.03500476,0.2028976,-0.1750785,-1.1463034,0.03385405,0.57863855,0.030648628,0.3316435,0.0007908538,0.0007908538
210,-0.018205062,0.40220693,0.015219439,-0.121552035,-0.08241883,0.2220984,0.19629997,0.17821237,0.3212351,-0.03468292,-0.13131505,0.3443034,0.20471105,0.023776777,0.23427251,0.0736706,-0.1553683,0.18937932,0.24544029,-0.09259683,0.2206163,0.108939014,-0.16730683,-0.82231504,0.0787602,0.12674703,0.03481307,0.20150453,-0.17257833,-1.1525626,0.031773575,0.5762408,0.02761704,0.3284579,0.0007908538,0.0007908538
211,-0.01674422,0.40504935,0.016033676,-0.11939187,-0.08293403,0.22074132,0.19727764,0.17960879,0.32218125,-0.033322804,-0.13133177,0.34443375,0.20491274,0.024947025,0.2344875,0.074275225,-0.15498488,0.18728383,0.24619903,-0.09268477,0.22112902,0.10937344,-0.16589306,-0.8215103,0.07952147,0.1252772,0.03565129,0.20120366,-0.17075734,-1.1579807,0.030861558,0.5774099,0.026100624,0.32825625,0.0007908538,0.0007908538
212,-0.01367552,0.4131974,0.017694034,-0.11599437,-0.085018255,0.21519142,0.19907826,0.18220784,0.3237365,-0.030649528,-0.1325511,0.3419313,0.20466596,0.025869526,0.2341866,0.07596727,-0.1555771,0.18285944,0.24612671,-0.092204005,0.22107573,0.110662475,-0.1650197,-0.8208643,0.081236996,0.12465294,0.03747994,0.20215085,-0.16914436,-1.1632982,0.03135725,0.5795806,0.033280343,0.3300162,0.0007908538,0.0007908538
213,0.0044483147,0.4447717,0.028013336,-0.093659095,-0.09023168,0.18936263,0.20620579,0.19253999,0.326774,-0.016555572,-0.13219103,0.32615802,0.20220776,0.032100435,0.23125555,0.080870554,-0.15146174,0.16665366,0.24009559,-0.08273689,0.21596414,0.11245823,-0.15381756,-0.7862635,0.06991537,0.11292587,0.02561747,0.19415227,-0.15582557,-1.1508384,0.0028485458,0.5687752,0.02683996,0.31481543,0.0007908538,0.0007908538
214,-0.008201144,0.45159158,0.02102541,-0.10190975,-0.07929287,0.18599498,0.19726942,0.1894681,0.31801167,-0.026884437,-0.12442352,0.3231427,0.19441214,0.027072974,0.22318663,0.0749792,-0.14430617,0.15356311,0.23140457,-0.08542432,0.20881431,0.106985725,-0.14824198,-0.78723615,0.07143527,0.11338431,0.027104443,0.18778835,-0.15025583,-1.157456,0.0061747907,0.5763167,0.04634412,0.30698347,0.0007908538,0.0007908538
215,-0.023670968,0.4446913,0.012567869,-0.11248951,-0.07470499,0.19560504,0.18816802,0.18567893,0.3100988,-0.033718042,-0.1223764,0.32940614,0.189749,0.02485366,0.21862224,0.07464952,-0.14168099,0.15233153,0.2278732,-0.09021504,0.20522425,0.10756842,-0.14245291,-0.7887934,0.0719132,0.10775864,0.027921487,0.18367583,-0.14298375,-1.1659245,0.009003125,0.5748078,0.057078004,0.29856777,0.0007908538,0.0007908538
216,-0.014714796,0.4349242,0.01786536,-0.099293925,-0.09072413,0.20463839,0.19320758,0.18960118,0.31338826,-0.015912408,-0.1332675,0.33676988,0.19554344,0.03579533,0.22475603,0.08763347,-0.14902645,0.15821059,0.2355466,-0.08632089,0.21035539,0.119474396,-0.13944177,-0.7753468,0.072308406,0.095105186,0.029244542,0.18480355,-0.13729213,-1.1644241,0.0012743416,0.55792636,0.049838416,0.29049242,0.0007908538,0.0007908538
217,-0.020862147,0.42462388,0.014388384,-0.10547765,-0.08883297,0.21626835,0.19045681,0.18778756,0.3121026,-0.019453207,-0.13281894,0.34531492,0.19636588,0.036578853,0.22591019,0.08720039,-0.14874864,0.16309476,0.23838158,-0.08928568,0.21219377,0.1199006,-0.13831481,-0.7793495,0.0741041,0.09196608,0.03126251,0.18356772,-0.1358283,-1.174557,0.0039050227,0.55899817,0.054560285,0.28816712,0.0007908538,0.0007908538
218,-0.028311515,0.42789942,0.009912418,-0.11459936,-0.08883672,0.21748199,0.18774277,0.1869863,0.3117309,-0.024723249,-0.13537295,0.34719715,0.19455583,0.032879155,0.22417422,0.08740149,-0.15232854,0.16458796,0.2374556,-0.09247814,0.21147911,0.121223986,-0.14330895,-0.7838405,0.073662914,0.092895806,0.030570844,0.18739498,-0.14216208,-1.1827369,0.00314246,0.5641962,0.053429753,0.29611906,0.0007908538,0.0007908538
219,-0.017100297,0.43418568,0.016221223,-0.103884615,-0.090510376,0.21269055,0.19539937,0.19044274,0.3190615,-0.019344354,-0.1350904,0.34520715,0.19883412,0.03577267,0.2284196,0.08642993,-0.15253462,0.16390103,0.24203022,-0.08907656,0.2156576,0.11938706,-0.14641738,-0.7842689,0.07703501,0.096782625,0.03373703,0.18931103,-0.1462373,-1.1852949,0.0016001023,0.57036614,0.050861683,0.30227906,0.0007908538,0.0007908538
220,-0.026301932,0.43570083,0.010854449,-0.11298687,-0.0795316,0.21527718,0.19104342,0.18872392,0.3170887,-0.02995678,-0.12719241,0.3484827,0.19551754,0.031658392,0.22515018,0.07992293,-0.14547159,0.16674007,0.239414,-0.09236574,0.21349609,0.11342101,-0.14164008,-0.7860316,0.07391866,0.096608154,0.030265441,0.18476792,-0.14118294,-1.1901987,-0.0029785207,0.574289,0.04361668,0.29946843,0.0007908538,0.0007908538
221,-0.02089325,0.44520864,0.013519357,-0.10771019,-0.08413549,0.20891905,0.19576825,0.19159666,0.32238215,-0.02493698,-0.13037914,0.3455637,0.19744293,0.031565912,0.22702637,0.08257515,-0.14838602,0.16466354,0.24189653,-0.09174765,0.2160122,0.11521532,-0.14479746,-0.79393196,0.07989504,0.10262338,0.036040135,0.19131282,-0.14407326,-1.1991403,0.0049105394,0.58599764,0.05404038,0.31283557,0.0007908538,0.0007908538
222,-0.013652081,0.449569,0.017493239,-0.09891576,-0.08511537,0.20642352,0.19987737,0.19514158,0.32598883,-0.018804636,-0.12880681,0.3460594,0.19902928,0.035595674,0.22864287,0.0844332,-0.14473781,0.16678873,0.24388994,-0.08894578,0.21733993,0.11561118,-0.13676628,-0.78524137,0.078083634,0.098045714,0.034288436,0.18819644,-0.13315192,-1.196752,-0.002844832,0.5808263,0.042439453,0.30748865,0.0007908538,0.0007908538
223,-0.027065855,0.4434931,0.010137894,-0.1112405,-0.08258266,0.2144461,0.19324337,0.19169383,0.32166559,-0.02587615,-0.12913935,0.35225502,0.19614992,0.032308068,0.22596548,0.0844353,-0.14515653,0.1687646,0.24277371,-0.09427143,0.21609795,0.11681852,-0.13561209,-0.7935816,0.08040042,0.09700641,0.03662485,0.1894145,-0.13098097,-1.2082216,0.0036547575,0.5850311,0.05144004,0.310103,0.0007908538,0.0007908538
224,-0.026706884,0.44198874,0.010382129,-0.10971308,-0.08225444,0.21729003,0.19402868,0.19249703,0.32286462,-0.024938015,-0.1284276,0.35543418,0.1969653,0.034169853,0.22690487,0.08472589,-0.14389375,0.17100878,0.24453917,-0.09432728,0.21723342,0.11698285,-0.13272116,-0.7905683,0.079794325,0.0933223,0.036093887,0.18762477,-0.12725648,-1.2115601,-0.00068545307,0.58259535,0.0450163,0.30716342,0.0007908538,0.0007908538
225,-0.021299707,0.44097114,0.013437801,-0.10325787,-0.085673004,0.2184582,0.1979186,0.1941535,0.32643518,-0.019792153,-0.13020387,0.35700446,0.20007443,0.03740486,0.23012239,0.086373545,-0.14544931,0.17069408,0.24862613,-0.09320425,0.22053853,0.1182087,-0.1340407,-0.7920597,0.08402844,0.093210086,0.040407263,0.18919583,-0.12881202,-1.2175622,0.0011896167,0.58494884,0.047401372,0.3097563,0.0007908538,0.0007908538
226,-0.02976842,0.44058803,0.008590927,-0.111992635,-0.078806244,0.22222582,0.19420213,0.1926097,0.3249115,-0.028354155,-0.12616223,0.36075962,0.19787274,0.03427759,0.22802466,0.08211695,-0.14249592,0.17330715,0.24737541,-0.096420616,0.21946223,0.11489314,-0.13338338,-0.7950988,0.08254197,0.09306357,0.038714465,0.18718518,-0.12889956,-1.2244666,-0.00063189305,0.589153,0.04423488,0.30940846,0.0007908538,0.0007908538
227,-0.025518127,0.4424363,0.010942231,-0.10818517,-0.08535443,0.22143584,0.19779435,0.19460818,0.32861868,-0.0232995,-0.13160641,0.3611224,0.20047317,0.036244787,0.23072149,0.08581503,-0.14793164,0.17260125,0.2508633,-0.09616763,0.22233918,0.11865324,-0.1383174,-0.7974945,0.08572659,0.09328409,0.041881427,0.19211885,-0.13411707,-1.2320337,0.0010760538,0.5921143,0.04647377,0.3170848,0.0007908538,0.0007908538
228,-0.031808313,0.4415862,0.007379416,-0.11477929,-0.080359824,0.2251454,0.19534737,0.193922,0.32812566,-0.029657919,-0.12871559,0.3650685,0.19918545,0.03441562,0.22958729,0.082920134,-0.14570926,0.17590928,0.25066578,-0.09901216,0.22199655,0.11656042,-0.13721013,-0.7985101,0.08333449,0.091355406,0.03932684,0.19028968,-0.13347985,-1.2390507,-0.0025583669,0.59391105,0.04082956,0.31626683,0.0007908538,0.0007908538
229,-0.027204785,0.43933085,0.010070047,-0.10922839,-0.081950866,0.22728503,0.19892593,0.195302,0.3317429,-0.025908342,-0.1289389,0.36752737,0.20228335,0.037343103,0.23284072,0.083412275,-0.14580102,0.17716561,0.25488138,-0.098478034,0.22533251,0.11668168,-0.1373773,-0.79916036,0.08544496,0.09039452,0.041427348,0.19079958,-0.13379304,-1.2453883,-0.0024853686,0.59563226,0.04073015,0.31806394,0.0007908538,0.0007908538
230,-0.030037224,0.43968904,0.008411695,-0.11229168,-0.08282406,0.22900067,0.19882078,0.19524725,0.33310273,-0.027073305,-0.13057613,0.36992615,0.2026788,0.03633004,0.23335643,0.08406915,-0.14781283,0.17846026,0.25650406,-0.10054757,0.22671667,0.11773604,-0.13984376,-0.80517143,0.08782129,0.09191673,0.043653443,0.19420731,-0.13617781,-1.2545805,0.00141289,0.6017653,0.046058018,0.32537216,0.0007908538,0.0007908538
231,-0.03125313,0.44255266,0.007590061,-0.113227256,-0.08137227,0.22886944,0.19900565,0.19626583,0.3343471,-0.028225036,-0.1294327,0.37157744,0.20223275,0.03619425,0.23296861,0.08370681,-0.14640374,0.18088175,0.25668743,-0.10117464,0.22671078,0.11734305,-0.1376171,-0.80159813,0.08431982,0.08907986,0.040036373,0.19307727,-0.13354358,-1.257834,-0.0050169006,0.6008145,0.036278363,0.32479888,0.0007908538,0.0007908538
232,-0.027535515,0.44248804,0.009708123,-0.109202676,-0.08182283,0.22905122,0.2017833,0.19732219,0.3371484,-0.026052974,-0.12897882,0.37269327,0.20438652,0.037868474,0.23520659,0.08341281,-0.14596064,0.17960526,0.25985155,-0.101362966,0.22934066,0.11675735,-0.13775039,-0.8070413,0.08957378,0.0908985,0.045235306,0.19419771,-0.13341957,-1.2660885,0.0013214126,0.6069472,0.0451671,0.32821563,0.0007908538,0.0007908538
233,-0.028706387,0.44782177,0.008854783,-0.11034794,-0.08117887,0.22659783,0.20144813,0.19848353,0.33748212,-0.026897434,-0.12862413,0.37268436,0.20316106,0.037362725,0.23396322,0.08377864,-0.14515792,0.17843659,0.25910893,-0.1021398,0.22865558,0.11703974,-0.1355482,-0.806552,0.08954176,0.08974097,0.045133848,0.19403207,-0.13017061,-1.2706754,0.00031235325,0.6086326,0.043216962,0.32880792,0.0007908538,0.0007908538
234,-0.031732824,0.45162755,0.006960498,-0.11326517,-0.077399716,0.22594981,0.20004225,0.19914684,0.33717737,-0.030269723,-0.12577492,0.37417826,0.20131809,0.03655868,0.23214607,0.082314126,-0.14193706,0.17929856,0.25788236,-0.10329712,0.22744004,0.11562693,-0.13114215,-0.8037081,0.086953364,0.08687734,0.04247531,0.19128926,-0.124896556,-1.274618,-0.0043038386,0.6085052,0.03596864,0.32570863,0.0007908538,0.0007908538
235,-0.026185071,0.4512392,0.01008245,-0.10720684,-0.08057924,0.22600588,0.20351091,0.20087126,0.3401516,-0.025145877,-0.1271708,0.37538937,0.2038046,0.039823193,0.23473243,0.08428652,-0.14261287,0.17831145,0.26134977,-0.102564566,0.23007376,0.11706337,-0.13006735,-0.8043752,0.09029561,0.08557304,0.045868322,0.19213443,-0.12287293,-1.2810149,-0.0018814588,0.6099134,0.03933414,0.32714215,0.0007908538,0.0007908538
236,-0.035946768,0.44867313,0.0046483823,-0.11690269,-0.07977725,0.23092479,0.19898972,0.19932215,0.3376952,-0.030179154,-0.12861834,0.37996742,0.2017391,0.03772022,0.23286693,0.08517848,-0.14416699,0.1799904,0.26085815,-0.106700055,0.22934663,0.1189822,-0.13007419,-0.8099877,0.09152784,0.08413161,0.047060497,0.1937875,-0.1221536,-1.2911856,0.0022137,0.6132015,0.04514333,0.33018556,0.0007908538,0.0007908538
237,-0.030748874,0.45057616,0.007467702,-0.110342965,-0.081701405,0.22964986,0.20208551,0.20150067,0.34026566,-0.025275845,-0.12865777,0.38067928,0.2031075,0.041011292,0.23426744,0.08684714,-0.14308135,0.18006325,0.26278156,-0.10507269,0.23058532,0.11985374,-0.12627427,-0.8037039,0.09018162,0.079801634,0.045805447,0.19198473,-0.11727889,-1.2936021,-0.0032450347,0.60980487,0.036963705,0.32687482,0.0007908538,0.0007908538
238,-0.03245928,0.45276797,0.0064049484,-0.111738555,-0.07733283,0.22957495,0.20150079,0.2018653,0.34054804,-0.028479747,-0.125042,0.38203302,0.2022937,0.040450692,0.23349036,0.08424502,-0.13958439,0.17960227,0.26267156,-0.106229596,0.2304491,0.117287524,-0.12338744,-0.8047799,0.090487376,0.07943755,0.04601949,0.18985857,-0.114190005,-1.299622,-0.0033900752,0.6133211,0.036275454,0.32565045,0.0007908538,0.0007908538
239,-0.032554746,0.45344988,0.0063257054,-0.11217359,-0.0794348,0.23005646,0.20205657,0.20259078,0.3415791,-0.027654853,-0.1271585,0.38341227,0.20289609,0.04108289,0.23419374,0.08575192,-0.14164367,0.1782582,0.26427823,-0.10750093,0.23164369,0.11905245,-0.12464171,-0.80818826,0.09329112,0.079083815,0.04875469,0.19211312,-0.114915125,-1.3080635,0.000105056795,0.6168207,0.041161243,0.32983923,0.0007908538,0.0007908538
240,-0.033435177,0.45677868,0.0056675137,-0.11350254,-0.07980453,0.22894415,0.20195428,0.2036111,0.3420659,-0.028354447,-0.12794234,0.38398394,0.20230272,0.041068535,0.23363374,0.08635013,-0.14237712,0.1770869,0.26426888,-0.10841596,0.23150294,0.11992094,-0.12465776,-0.80661666,0.09219851,0.076911576,0.047628783,0.19252595,-0.11476653,-1.3138427,-0.0026612652,0.6174132,0.036831964,0.33115777,0.0007908538,0.0007908538
241,-0.032552354,0.45455092,0.006269711,-0.112698674,-0.07782149,0.2312075,0.20280816,0.20378965,0.3432401,-0.02923389,-0.12604068,0.3865449,0.20343082,0.04236194,0.2348952,0.08461643,-0.14077537,0.17662872,0.26646206,-0.10933669,0.23312491,0.11839466,-0.12392089,-0.80886424,0.09419535,0.076151736,0.049564876,0.19136807,-0.114353955,-1.3219738,-0.0007314269,0.6206792,0.039457552,0.3307824,0.0007908538,0.0007908538
242,-0.03502707,0.45731908,0.004769263,-0.116010085,-0.077031955,0.23102151,0.20224263,0.20437813,0.34384182,-0.031873558,-0.12635979,0.3878467,0.20277363,0.04150959,0.2343083,0.08419532,-0.14152254,0.17642312,0.2665895,-0.111035794,0.23316067,0.11857827,-0.1251745,-0.80939126,0.09315804,0.074952625,0.04845129,0.1921227,-0.11593876,-1.3297224,-0.0023733643,0.6233707,0.03671442,0.33338752,0.0007908538,0.0007908538
243,-0.03181431,0.45691088,0.0065958994,-0.112663046,-0.07794141,0.23153873,0.20422727,0.20558146,0.3455659,-0.029793067,-0.12647279,0.38926515,0.20415504,0.043912195,0.23577976,0.08452818,-0.14144573,0.1752604,0.26874426,-0.1109182,0.23463698,0.11887276,-0.12443905,-0.80710864,0.09321476,0.07190389,0.04853543,0.1912678,-0.11529356,-1.3359576,-0.0044136983,0.62290305,0.033590972,0.33231395,0.0007908538,0.0007908538
244,-0.03152197,0.45893684,0.006661974,-0.112795554,-0.07666968,0.2308738,0.20459141,0.20631376,0.34621006,-0.031091865,-0.12561747,0.38978174,0.2042418,0.04417373,0.23590994,0.08337748,-0.1409916,0.1720987,0.26952618,-0.11197867,0.23526095,0.11802713,-0.12497625,-0.80960363,0.09541055,0.07201049,0.05061268,0.19135197,-0.116122685,-1.3443884,-0.0022031274,0.62741244,0.03653,0.33397773,0.0007908538,0.0007908538
245,-0.03492102,0.4596061,0.004751319,-0.116848424,-0.07544558,0.23207654,0.20288286,0.20643845,0.3453252,-0.034199618,-0.12566406,0.39171353,0.20323971,0.043839954,0.23502049,0.08295234,-0.1413314,0.17035453,0.26942888,-0.11408978,0.2349477,0.11831013,-0.12511832,-0.81143045,0.096313246,0.07032763,0.051460534,0.1911894,-0.11639132,-1.3530397,-0.00078350643,0.63001347,0.03838714,0.33427736,0.0007908538,0.0007908538
246,-0.03267431,0.46058112,0.005948413,-0.11453734,-0.07454547,0.23186183,0.20408383,0.20766702,0.34636566,-0.033730045,-0.12441166,0.39276147,0.20373392,0.045674857,0.23557538,0.08225949,-0.13997325,0.16869526,0.27050087,-0.114070304,0.2355393,0.11762519,-0.123389855,-0.80812764,0.09528139,0.06707829,0.05047416,0.18905997,-0.11496537,-1.3588214,-0.004059243,0.6295863,0.03331027,0.33132464,0.0007908538,0.0007908538
247,-0.032455835,0.4623955,0.005982377,-0.11534259,-0.07958555,0.2313336,0.20475414,0.20882857,0.34727988,-0.031714536,-0.12940744,0.39347917,0.20423245,0.04666994,0.23616958,0.08567577,-0.14489542,0.16606286,0.27189752,-0.1152594,0.23645735,0.1215634,-0.1267599,-0.8095167,0.09698176,0.06523152,0.05212133,0.19258687,-0.11794278,-1.3680456,-0.002119917,0.63138676,0.03608277,0.336424,0.0007908538,0.0007908538
248,-0.034180414,0.4632959,0.0049872673,-0.11733472,-0.075443916,0.23195358,0.20417258,0.20874706,0.34752795,-0.03552665,-0.12635055,0.39500222,0.20388591,0.04603101,0.23588553,0.08258766,-0.14256448,0.16424417,0.27228555,-0.116803154,0.23682235,0.11890911,-0.12661198,-0.81242275,0.09811899,0.06593032,0.053119585,0.1915644,-0.118513316,-1.3765029,-0.0004047961,0.63704526,0.03828856,0.33746204,0.0007908538,0.0007908538
249,-0.030015932,0.4682135,0.007049873,-0.11259455,-0.07713461,0.22840863,0.20601933,0.21114647,0.3485524,-0.03199131,-0.12669681,0.39410615,0.20383537,0.048541076,0.23578542,0.08431022,-0.14187567,0.16037937,0.27248168,-0.115763664,0.23662473,0.120049275,-0.12293979,-0.8059308,0.09679146,0.061139535,0.051904485,0.18962751,-0.113872625,-1.3805344,-0.0051586293,0.6341178,0.03097972,0.3336423,0.0007908538,0.0007908538
250,-0.034256436,0.47258323,0.0045165094,-0.11610061,-0.07021551,0.22691858,0.20339195,0.2111017,0.3468014,-0.037726037,-0.12128381,0.39444655,0.20128596,0.046704084,0.23319776,0.08051573,-0.13658182,0.15630485,0.27040544,-0.117630035,0.23499633,0.11627232,-0.1183796,-0.8096306,0.09929944,0.06230698,0.054220714,0.18660964,-0.10881634,-1.3880895,-0.0012648379,0.6406508,0.036146555,0.3313161,0.0007908538,0.0007908538
