Epoch,Layer0_theta_1,Layer0_r,Layer0_theta_2,Layer0_bx,Layer0_bp,Layer0_gamma,Layer1_theta_1,Layer1_r,Layer1_theta_2,Layer1_bx,Layer1_bp,Layer1_gamma,Layer2_theta_1,Layer2_r,Layer2_theta_2,Layer2_bx,Layer2_bp,Layer2_gamma,Layer3_theta_1,Layer3_r,Layer3_theta_2,Layer3_bx,Layer3_bp,Layer3_gamma,Layer4_theta_1,Layer4_r,Layer4_theta_2,Layer4_bx,Layer4_bp,Layer4_gamma,Layer5_theta_1,Layer5_r,Layer5_theta_2,Layer5_bx,Layer5_bp,Layer5_gamma
1,0.075549714,0.080790125,0.07559085,0.056195095,-0.049197406,-0.036154497,0.07536338,0.080790125,0.07538555,0.06003665,-0.050647516,-0.030757282,0.07513125,0.080790125,0.07513112,0.06273298,-0.05164846,-0.025309047,0.07503568,0.080790125,0.075029224,0.06444382,-0.05225982,-0.020033069,0.07495194,0.080790125,0.07497154,0.06538327,-0.05255058,-0.013901246,0.074873246,0.080790125,0.07491408,0.06575968,0.0007908538,0.0007908538
2,0.10642278,0.13089578,0.10740774,0.062119942,-0.04540444,-0.008458436,0.10702686,0.12069749,0.108122885,0.07135716,-0.049440734,-0.0033200243,0.107761525,0.11657075,0.10828202,0.07819539,-0.05245822,0.004118201,0.10808879,0.116476074,0.10751277,0.08263742,-0.05437279,0.0118426075,0.10722116,0.12051072,0.10595458,0.08495402,-0.055282325,0.022909664,0.10556575,0.1302685,0.104791135,0.08562262,0.0007908538,0.0007908538
3,0.07015714,0.14244452,0.073499426,0.0685417,-0.048570592,-0.0037999712,0.07329905,0.103906855,0.07677981,0.07809016,-0.053338274,-0.0074567785,0.0767164,0.09001198,0.07823019,0.08612893,-0.05754512,-0.002138977,0.078117736,0.08973093,0.07660463,0.092161365,-0.06043822,0.008491363,0.07603106,0.10346651,0.072268054,0.09566163,-0.061812896,0.031057376,0.071496285,0.1409681,0.06852529,0.09685955,0.0007908538,0.0007908538
4,0.073657244,0.16113715,0.07396885,0.07070379,-0.051725134,0.0027504223,0.07371257,0.11099848,0.07689601,0.08070129,-0.0571159,-0.0028058277,0.07679057,0.09274934,0.07841679,0.089891724,-0.06193506,0.0031162866,0.07825097,0.09230872,0.076697215,0.09692294,-0.06517385,0.0164719,0.07608986,0.11032458,0.07257695,0.10091587,-0.066583,0.04447124,0.07203578,0.15923567,0.072230875,0.102115914,0.0007908538,0.0007908538
5,0.08780607,0.17775129,0.08439671,0.07079242,-0.050064147,0.0071379095,0.08405555,0.12342447,0.08620869,0.080828674,-0.055782963,0.002507973,0.08599888,0.10338162,0.08742774,0.09060007,-0.060823187,0.01002764,0.08718697,0.102879986,0.085845366,0.09797978,-0.06410576,0.025634356,0.08526111,0.12275948,0.08271666,0.101930834,-0.065412134,0.056243964,0.08247579,0.17594543,0.08642964,0.10275236,0.0007908538,0.0007908538
6,0.07861223,0.1799472,0.07708056,0.070754126,-0.053959195,-0.0030498328,0.07667787,0.120422564,0.07980673,0.081431255,-0.06010769,-0.00608507,0.07956661,0.098593615,0.081319235,0.09181974,-0.06566626,0.0038709398,0.08095583,0.09792454,0.07930425,0.09986307,-0.069428906,0.021925025,0.07848306,0.1193206,0.07491886,0.10439269,-0.07113793,0.056012187,0.07447127,0.17731446,0.076411635,0.10565995,0.0007908538,0.0007908538
7,0.075869925,0.18241183,0.07489162,0.06857262,-0.04607369,-0.0035191644,0.0744863,0.120265864,0.07794983,0.07891722,-0.052438363,-0.0066062943,0.077683605,0.09755968,0.07950055,0.089065015,-0.058150116,0.003985978,0.079061486,0.09699645,0.07718061,0.09690889,-0.062029105,0.02295922,0.07624764,0.11953722,0.07216169,0.10113836,-0.06373754,0.058340866,0.07165754,0.1804629,0.07282709,0.10177856,0.0007908538,0.0007908538
8,0.08233588,0.18751448,0.07990147,0.06745313,-0.043102883,-0.0034339414,0.07943646,0.1250961,0.082430124,0.077830866,-0.049578976,-0.005307492,0.08209548,0.102180466,0.083783895,0.08807543,-0.055293243,0.0066463714,0.08327709,0.10164054,0.08146293,0.09584537,-0.059112344,0.026711233,0.080526575,0.124507464,0.07682533,0.09984393,-0.06072643,0.0625425,0.076465316,0.18585932,0.07901115,0.10010989,0.0007908538,0.0007908538
9,0.078223504,0.18692154,0.07677012,0.067998156,-0.048144158,-0.0071079414,0.076255396,0.123219654,0.07967683,0.078837775,-0.054746382,-0.008339338,0.079318136,0.099864334,0.081145346,0.08948272,-0.060666665,0.0046295114,0.08057667,0.09922239,0.07865771,0.097679004,-0.06470248,0.025440527,0.077637225,0.12232744,0.07352431,0.10211362,-0.066552766,0.06195317,0.073113,0.18468075,0.074645795,0.10287973,0.0007908538,0.0007908538
10,0.078804664,0.18792118,0.07724258,0.067571536,-0.04704965,-0.0050424007,0.07669774,0.1238479,0.080095656,0.078381136,-0.05369409,-0.006453789,0.07971088,0.100353904,0.081518255,0.089015804,-0.059638772,0.006662446,0.0809261,0.099755056,0.0789727,0.09718287,-0.06368878,0.027518597,0.07797017,0.12307479,0.07382899,0.10155556,-0.06554108,0.06370139,0.0734987,0.18581617,0.07510451,0.10220558,0.0007908538,0.0007908538
11,0.080416776,0.18911326,0.07850692,0.06737063,-0.046951015,-0.005425753,0.07793168,0.1250004,0.081213005,0.0782372,-0.053623557,-0.0061712638,0.08080743,0.1014625,0.08258225,0.08893291,-0.05957629,0.007813141,0.08195565,0.10086572,0.08001607,0.09711144,-0.063623466,0.029136939,0.07901852,0.12425172,0.07496888,0.101458795,-0.06547394,0.065191664,0.074714735,0.1870256,0.076650366,0.102064095,0.0007908538,0.0007908538
12,0.0780536,0.18836907,0.07670406,0.06754939,-0.048380975,-0.0067129843,0.07611295,0.1237152,0.079616934,0.07851895,-0.055090327,-0.0071415575,0.079212375,0.10001198,0.081049256,0.08930749,-0.06111641,0.007472138,0.080391824,0.099394515,0.07838555,0.09762291,-0.0652442,0.029089537,0.0773597,0.12290262,0.07307952,0.10212434,-0.06717464,0.065119095,0.07282327,0.18611793,0.07418408,0.10289849,0.0007908538,0.0007908538
13,0.07969603,0.18932672,0.07798803,0.067570664,-0.0487596,-0.0069952263,0.07737881,0.12479208,0.08075677,0.07862209,-0.055472434,-0.0067273267,0.08034753,0.1010963,0.08215503,0.08948148,-0.061484322,0.008771885,0.08147695,0.100477576,0.07950188,0.09781253,-0.065588884,0.03077376,0.07850335,0.12399022,0.07434936,0.10230328,-0.067501366,0.066502586,0.074186504,0.18707182,0.07592823,0.103074886,0.0007908538,0.0007908538
14,0.07877403,0.18913229,0.07728934,0.067724414,-0.04942777,-0.00609658,0.07665427,0.124262445,0.080117285,0.078788795,-0.056147046,-0.0057658223,0.079699166,0.10046911,0.081520274,0.08967713,-0.06218304,0.010095469,0.0808212,0.099874794,0.07880099,0.09806495,-0.06631161,0.032097757,0.077821046,0.12350649,0.07355855,0.10262025,-0.068244465,0.06733735,0.07345601,0.18683572,0.07497315,0.10346611,0.0007908538,0.0007908538
15,0.07867742,0.18932348,0.07722851,0.06720777,-0.046214364,-0.005396098,0.07658795,0.12419532,0.080048315,0.07794582,-0.05291037,-0.0048355046,0.07962458,0.100355335,0.08140934,0.088577464,-0.058902126,0.011518605,0.08067732,0.09985703,0.07858592,0.09675597,-0.062978044,0.033627693,0.07760263,0.12372383,0.073240526,0.10110452,-0.06482681,0.068470575,0.07316443,0.18744092,0.074552305,0.10167124,0.0007908538,0.0007908538
16,0.079920284,0.19021115,0.07820928,0.06884291,-0.053609066,-0.011441935,0.077463455,0.12500471,0.08085235,0.080288716,-0.060307555,-0.008756171,0.08036085,0.10106214,0.08215785,0.091507845,-0.0663316,0.009877979,0.08131103,0.10038528,0.07927531,0.10015412,-0.07043039,0.0332707,0.07822679,0.12401918,0.07397834,0.10495614,-0.0723391,0.068523586,0.073928215,0.18732807,0.07556639,0.106166855,0.0007908538,0.0007908538
17,0.078876875,0.19031462,0.07743547,0.06692676,-0.041919723,-0.007477952,0.07671545,0.12430473,0.08014262,0.077015586,-0.04852867,-0.005435463,0.079651095,0.10027811,0.08132978,0.08718471,-0.054410137,0.012904647,0.08045416,0.09996431,0.07817189,0.095010124,-0.058341566,0.0358934,0.07710016,0.124369025,0.072477184,0.099032685,-0.05998584,0.07048375,0.072377585,0.18904321,0.07343248,0.09922458,0.0007908538,0.0007908538
18,0.081063114,0.19168402,0.07915453,0.06913952,-0.050583724,-0.013098276,0.07832031,0.12573265,0.08161198,0.08011844,-0.057153974,-0.008867684,0.08104715,0.10160247,0.08273408,0.09100143,-0.063015394,0.011846492,0.08173434,0.101072595,0.079544194,0.09936576,-0.06690818,0.036110025,0.07842692,0.12516993,0.07401666,0.10390704,-0.06854504,0.07095753,0.0739842,0.18923141,0.07553923,0.104857095,0.0007908538,0.0007908538
19,0.07873959,0.19114871,0.07738889,0.06815497,-0.04392353,-0.007113263,0.07655035,0.12425475,0.080007926,0.07822274,-0.050447397,-0.004016962,0.07944361,0.09997498,0.081080124,0.088439725,-0.05626015,0.015895233,0.08009384,0.099747,0.07769207,0.09634994,-0.06009272,0.03924342,0.07664275,0.1244754,0.07185052,0.100479595,-0.061606213,0.072882436,0.0718794,0.18967037,0.07273541,0.10087202,0.0007908538,0.0007908538
20,0.08031575,0.19225015,0.07863899,0.06997362,-0.051416002,-0.008711603,0.07770027,0.12532888,0.08107602,0.08085293,-0.05792308,-0.00434038,0.08044508,0.10092526,0.08210142,0.091713965,-0.06373952,0.016970556,0.08103715,0.10054195,0.07871651,0.100113556,-0.067568295,0.04077862,0.07771259,0.12504134,0.07310444,0.104709715,-0.06911134,0.07393647,0.07328726,0.18970717,0.074580245,0.105759904,0.0007908538,0.0007908538
21,0.07891457,0.19181076,0.07756852,0.069223225,-0.047416154,-0.00933216,0.07667153,0.12449614,0.080156624,0.07960689,-0.053917795,-0.0042124446,0.07955646,0.10002212,0.08120443,0.09010158,-0.05972045,0.018055735,0.08009914,0.099769995,0.07766758,0.098247565,-0.063523084,0.042072825,0.07666064,0.12460847,0.07183257,0.102604285,-0.0650005,0.07480548,0.07203096,0.18992786,0.072908364,0.10331987,0.0007908538,0.0007908538
22,0.08004347,0.1924229,0.07845415,0.06977662,-0.04949504,-0.012608242,0.0775566,0.12525386,0.080972835,0.080422744,-0.055980787,-0.0057065813,0.08036768,0.10074771,0.08202096,0.091106296,-0.06176343,0.018448064,0.08083445,0.10043121,0.07844252,0.09936738,-0.06554356,0.04319503,0.077448,0.1252048,0.072728224,0.10382983,-0.067010425,0.07564712,0.07301559,0.1903002,0.07417867,0.104714155,0.0007908538,0.0007908538
23,0.0796235,0.19266382,0.07815595,0.069814354,-0.047772024,-0.014901812,0.07725434,0.12502654,0.08071265,0.080104485,-0.054215163,-0.0065972614,0.08009798,0.10040026,0.08172893,0.09055754,-0.059957333,0.019174911,0.08045053,0.100168064,0.0779669,0.09867141,-0.06368153,0.044479776,0.0769569,0.12521257,0.0720896,0.10300514,-0.06506471,0.0766243,0.07240814,0.19078317,0.07335206,0.10374321,0.0007908538,0.0007908538
24,0.078907475,0.19296183,0.07763659,0.06985186,-0.045069695,-0.015935292,0.07670282,0.124569386,0.08021722,0.079684764,-0.051449858,-0.0065414766,0.07954706,0.09974755,0.08112243,0.089822434,-0.05712077,0.020553298,0.079706155,0.09965652,0.0770592,0.09772505,-0.060745258,0.046219755,0.07599894,0.12513383,0.070869155,0.101872966,-0.061977763,0.07795755,0.071180545,0.19150211,0.0717023,0.10240221,0.0007908538,0.0007908538
25,0.07945574,0.1936416,0.078087695,0.07144175,-0.05087833,-0.019174771,0.07705701,0.12492089,0.08056165,0.08194485,-0.05724569,-0.007862847,0.07979923,0.09988892,0.08138297,0.092603676,-0.062918566,0.021362212,0.07979044,0.09969681,0.077137105,0.10091491,-0.06653169,0.04782871,0.07605845,0.12513788,0.0709345,0.10545493,-0.06775912,0.07920422,0.07134873,0.19138929,0.07192691,0.106525525,0.0007908538,0.0007908538
26,0.07996135,0.19435789,0.078507,0.069329,-0.041891698,-0.012178211,0.077458486,0.12488809,0.08084887,0.078781486,-0.048244253,-0.0009021667,0.0800775,0.099862136,0.08149107,0.08862521,-0.05385154,0.02826002,0.07994013,0.10022282,0.077080056,0.096238896,-0.05737752,0.05383018,0.07622216,0.12650695,0.070915565,0.100089915,-0.058473904,0.08335281,0.07154956,0.19377817,0.07206453,0.10030219,0.0007908538,0.0007908538
27,0.07909017,0.19445033,0.07786588,0.0721913,-0.052683454,-0.021052487,0.076746,0.12470465,0.08031653,0.082751684,-0.059056766,-0.0067646806,0.07941406,0.099283725,0.080960505,0.093544334,-0.064759605,0.025690597,0.07907349,0.099223554,0.07625943,0.10202153,-0.06838519,0.052802615,0.07523229,0.12515011,0.06987943,0.10671544,-0.069601245,0.08265099,0.07052269,0.19208561,0.07080834,0.10797846,0.0007908538,0.0007908538
28,0.07912552,0.19512838,0.07794019,0.070057645,-0.0444326,-0.019998493,0.07688548,0.12474853,0.080437735,0.07964167,-0.050822366,-0.0042870943,0.07954517,0.09925021,0.08098942,0.08969365,-0.05650053,0.029650312,0.07902797,0.09960115,0.07602228,0.09754833,-0.060075577,0.056917213,0.075095184,0.12631904,0.06951187,0.10162123,-0.061195575,0.085792884,0.070287175,0.1944122,0.07036688,0.102097124,0.0007908538,0.0007908538
29,0.08173538,0.19678433,0.08000579,0.07189588,-0.051623624,-0.024496242,0.07892472,0.12660597,0.082357876,0.08253734,-0.05798663,-0.0058071474,0.081366405,0.10088727,0.08284878,0.09330118,-0.06363773,0.03117748,0.08064906,0.10104224,0.07775197,0.10160982,-0.06719979,0.059503455,0.07688661,0.12755372,0.07157479,0.106110364,-0.06834926,0.08775598,0.07258919,0.19501838,0.0733436,0.10720387,0.0007908538,0.0007908538
30,0.07816527,0.19574381,0.07726874,0.07060003,-0.04538415,-0.018633137,0.07617719,0.12401869,0.07985219,0.08010066,-0.05178838,0.00021922123,0.078854464,0.09816172,0.080258034,0.09021582,-0.05749827,0.03723349,0.07810304,0.098926455,0.07490506,0.09818869,-0.06107245,0.0643952,0.07430201,0.12639417,0.06847445,0.102350496,-0.062158756,0.090607196,0.06969402,0.19533071,0.069521315,0.10293232,0.0007908538,0.0007908538
31,0.078240365,0.19634199,0.077374056,0.07158749,-0.048391707,-0.021182237,0.076327026,0.12429332,0.08008031,0.08140161,-0.054796666,9.888914e-05,0.07901128,0.0981801,0.08045749,0.0917927,-0.06052459,0.039474305,0.078110725,0.098947294,0.07489443,0.10000318,-0.06411219,0.06704976,0.07440112,0.12655106,0.06855783,0.104385905,-0.06521025,0.092258476,0.06998333,0.19557491,0.069862895,0.10525417,0.0007908538,0.0007908538
32,0.07978078,0.1974605,0.0786164,0.07154488,-0.04820876,-0.024917444,0.07772154,0.12552254,0.081436925,0.08148874,-0.054592635,-0.00041881713,0.080338016,0.09926127,0.08179852,0.091887146,-0.060272723,0.042032216,0.07925867,0.10011869,0.07604853,0.0999963,-0.06380836,0.07036176,0.07571419,0.12796076,0.069974035,0.10427145,-0.064862296,0.09459877,0.07164479,0.19706078,0.07192063,0.105068,0.0007908538,0.0007908538
33,0.07747295,0.19646943,0.076830365,0.07155832,-0.04772344,-0.029423686,0.076142445,0.12430152,0.080121286,0.08120071,-0.054160945,-0.0021365131,0.07900057,0.097788185,0.08054705,0.09155211,-0.059924796,0.043049857,0.07774103,0.098677695,0.07443923,0.099776044,-0.06351842,0.07194699,0.07412966,0.12680297,0.06814273,0.10414159,-0.06458961,0.095384255,0.06990894,0.19646506,0.069661684,0.10496674,0.0007908538,0.0007908538
34,0.07959653,0.19767536,0.078517735,0.071537726,-0.048719835,-0.032367703,0.077984855,0.12567808,0.08187074,0.08165914,-0.05514119,-0.0015503117,0.08070162,0.09903562,0.08224784,0.092177905,-0.06085118,0.046992585,0.07923215,0.10010888,0.07595294,0.100348815,-0.0643976,0.07664801,0.07590931,0.12850852,0.07010691,0.10465395,-0.0654471,0.098772794,0.072237976,0.1980534,0.072585896,0.10550132,0.0007908538,0.0007908538
35,0.07666633,0.19724376,0.07629748,0.069906734,-0.045805514,-0.028520735,0.07579933,0.123661004,0.07994299,0.07953898,-0.052444138,0.0041353675,0.078701384,0.09673951,0.08022505,0.09001395,-0.058393143,0.054206938,0.07713632,0.09843693,0.07361808,0.09832033,-0.062112752,0.083205804,0.0739827,0.12779616,0.06776749,0.10263563,-0.06326503,0.103021935,0.070314914,0.19863863,0.06996764,0.10330123,0.0007908538,0.0007908538
36,0.07794311,0.19844611,0.077356935,0.07127808,-0.052953675,-0.036098838,0.07711107,0.12516692,0.08137272,0.08217417,-0.05965731,0.0013177117,0.07993886,0.097718626,0.08161569,0.09346669,-0.06568986,0.055972554,0.07800697,0.09918562,0.07457655,0.102320336,-0.06953398,0.08636984,0.07506333,0.12850228,0.06900344,0.107143626,-0.0708492,0.105311215,0.07189454,0.19901273,0.0719364,0.10846147,0.0007908538,0.0007908538
37,0.0760939,0.1980751,0.07596183,0.06922564,-0.04655369,-0.03642108,0.0760318,0.1239974,0.08051538,0.0791216,-0.05337688,0.0042802184,0.079044834,0.0963633,0.0807158,0.089913264,-0.059513878,0.06180548,0.076932915,0.098481424,0.0732963,0.098463476,-0.06337164,0.09221013,0.07419434,0.1288158,0.06782885,0.102901496,-0.0646268,0.10918215,0.071096584,0.20061637,0.070737466,0.103640914,0.0007908538,0.0007908538
38,0.07524777,0.19753793,0.07531127,0.07051809,-0.051147453,-0.041990608,0.07580638,0.12372726,0.08055418,0.08088175,-0.05802377,0.0033828425,0.07893416,0.0957084,0.08076187,0.0921475,-0.06425742,0.065117024,0.076530345,0.09789198,0.07291456,0.1011564,-0.06822899,0.09613616,0.074117735,0.1284044,0.067784734,0.10601571,-0.06959921,0.111322746,0.07144081,0.20008478,0.071185164,0.10723912,0.0007908538,0.0007908538
39,0.07606292,0.1977417,0.07596949,0.07009484,-0.048526313,-0.046070524,0.07704551,0.12429472,0.08190166,0.08024388,-0.05534043,0.0043002325,0.08015328,0.09606844,0.082021184,0.09119418,-0.06147183,0.070456564,0.07739835,0.09875039,0.07372217,0.09980882,-0.06532973,0.10203028,0.07541814,0.12996739,0.06915866,0.10430323,-0.06658792,0.11508373,0.07328922,0.20198332,0.07347852,0.105205014,0.0007908538,0.0007908538
40,0.07222528,0.19629052,0.07298905,0.0706429,-0.046071958,-0.05359001,0.07474111,0.122422114,0.08015778,0.079367615,-0.05296251,0.0017063947,0.078215785,0.0935437,0.0802561,0.08993135,-0.059248753,0.07253891,0.07492193,0.09643189,0.07105321,0.09866194,-0.0631504,0.10498859,0.072882324,0.12837112,0.06617692,0.10319561,-0.064345516,0.11664704,0.07052181,0.20159718,0.06986507,0.103989325,0.0007908538,0.0007908538
41,0.07419319,0.19747317,0.07458178,0.07115007,-0.045843445,-0.055358507,0.076955006,0.12335627,0.08244034,0.08012485,-0.052624747,0.005566519,0.08029091,0.09418941,0.082338035,0.09055606,-0.05875881,0.081409805,0.07659025,0.09799214,0.072643444,0.0988921,-0.06254677,0.11431255,0.07535061,0.13098149,0.06884524,0.103091754,-0.06366343,0.122914344,0.074011154,0.20442374,0.07424355,0.10373277,0.0007908538,0.0007908538
42,0.069133595,0.19468655,0.07058352,0.07371798,-0.052004755,-0.056884926,0.073548034,0.11958874,0.0796534,0.082247026,-0.05899053,0.008612412,0.07725997,0.08996427,0.07949435,0.093304425,-0.06547666,0.088412784,0.07327709,0.0944593,0.06920299,0.10270373,-0.06958702,0.120882854,0.072652005,0.12813784,0.06587809,0.1078044,-0.070942916,0.12601665,0.07167528,0.20194599,0.07132339,0.1092746,0.0007908538,0.0007908538
43,0.0739437,0.19676001,0.07443817,0.07449307,-0.052185573,-0.06328224,0.07858058,0.12286777,0.08473042,0.083968654,-0.058874063,0.009945736,0.081912056,0.09280515,0.08420848,0.09472106,-0.06496162,0.09677207,0.077181995,0.09818873,0.07310691,0.103177175,-0.068791166,0.13056132,0.07757654,0.13296585,0.071293324,0.107553735,-0.069982596,0.13265248,0.078033924,0.20653693,0.07932986,0.108718775,0.0007908538,0.0007908538
44,0.06408171,0.19287844,0.06668379,0.07470195,-0.04434222,-0.065235816,0.07184521,0.116491824,0.0790607,0.08009337,-0.051352546,0.012204873,0.075918935,0.085719034,0.07837602,0.090054974,-0.057896715,0.10273656,0.07068611,0.09225418,0.06612898,0.0990517,-0.06177037,0.13572548,0.07124371,0.12871845,0.063904874,0.103568465,-0.06272123,0.13444331,0.070979126,0.20508678,0.070156276,0.10433648,0.0007908538,0.0007908538
45,0.0686428,0.19485348,0.07038671,0.076771475,-0.045269005,-0.07788499,0.07753336,0.12095219,0.08514896,0.08324483,-0.051891703,0.009089849,0.081438966,0.089144416,0.08418819,0.09287257,-0.057923984,0.10872009,0.074985795,0.09615721,0.07047987,0.100856856,-0.061425637,0.14398548,0.07645695,0.13365519,0.06960567,0.10461059,-0.062096864,0.14010505,0.07757554,0.20989166,0.07841929,0.10514475,0.0007908538,0.0007908538
46,0.06284605,0.19136414,0.06578021,0.07802115,-0.04335111,-0.082499824,0.07459347,0.117051385,0.08318466,0.08225279,-0.05018415,0.011532906,0.079068005,0.08449561,0.08212962,0.09167321,-0.056537896,0.11773664,0.07192961,0.09286944,0.06723245,0.10018037,-0.06017031,0.15323968,0.074510925,0.13195208,0.0673594,0.10420372,-0.060821842,0.14493926,0.076315016,0.20929222,0.07672427,0.104765974,0.0007908538,0.0007908538
47,0.060240895,0.18759757,0.063627355,0.07952148,-0.044873107,-0.09147476,0.07475232,0.11524346,0.08425222,0.08304867,-0.05178979,0.012068186,0.07959823,0.08177921,0.08309211,0.09259956,-0.058285985,0.12739679,0.0713314,0.091408595,0.066636354,0.10145515,-0.06203264,0.16425802,0.07540047,0.13190554,0.068454474,0.105714194,-0.06275673,0.1511982,0.07867534,0.20911501,0.07976127,0.10652188,0.0007908538,0.0007908538
48,0.057411917,0.1829899,0.061269578,0.080869004,-0.04635414,-0.09837628,0.07502442,0.112385474,0.08548585,0.08368387,-0.053397007,0.015194935,0.08015251,0.07808853,0.08404063,0.0933929,-0.06008573,0.14024128,0.070616975,0.08970388,0.065870225,0.10255909,-0.06405902,0.17827371,0.0767259,0.13215119,0.070066564,0.10702148,-0.06498146,0.15908198,0.081912324,0.2090436,0.083928086,0.10806519,0.0007908538,0.0007908538
49,0.05055171,0.17579517,0.055526793,0.08148461,-0.04237236,-0.10849257,0.07279828,0.10743934,0.08475051,0.08081038,-0.049792707,0.016167786,0.07857346,0.07175817,0.08305537,0.090342574,-0.05699562,0.15227483,0.06725569,0.08539903,0.062414914,0.10044856,-0.06105543,0.19165601,0.07541739,0.13012835,0.06872998,0.105368465,-0.06187465,0.16573244,0.08214997,0.20762637,0.0842739,0.10640249,0.0007908538,0.0007908538
50,0.049087293,0.16907707,0.054258723,0.083427735,-0.045039985,-0.12535208,0.07652755,0.10709041,0.090087004,0.08289458,-0.052456144,0.013916706,0.08280394,0.06938416,0.08812609,0.09263307,-0.05965102,0.16537987,0.06861521,0.08497846,0.06387824,0.10269942,-0.063848175,0.20834436,0.079503395,0.13226606,0.073454864,0.10752891,-0.064821966,0.17548442,0.08908415,0.20878619,0.09294983,0.10878347,0.0007908538,0.0007908538
51,0.03828883,0.15793838,0.045060866,0.08421933,-0.04215529,-0.14210592,0.07234394,0.10200341,0.08816794,0.07767023,-0.05072426,0.008764451,0.079900965,0.061408054,0.08627895,0.087663084,-0.059636287,0.1729665,0.062442664,0.07749777,0.05786154,0.10070656,-0.06491397,0.21786427,0.07487164,0.12619403,0.06870026,0.10774159,-0.06652386,0.17833519,0.08562129,0.20321792,0.08876668,0.10982313,0.0007908538,0.0007908538
52,0.033298656,0.14657724,0.040658534,0.08469627,-0.036477104,-0.15800187,0.07462989,0.09765426,0.092621334,0.07483027,-0.04515762,0.0085092895,0.08347824,0.054497674,0.090844356,0.08443071,-0.05414518,0.19121493,0.061992314,0.07440432,0.057409495,0.097559705,-0.058919195,0.24125326,0.07846242,0.12789138,0.072872505,0.10413765,-0.059994064,0.19255543,0.093030766,0.20459765,0.097971834,0.10577045,0.0007908538,0.0007908538
53,0.024511306,0.13027722,0.032876927,0.08780347,-0.042874593,-0.18473046,0.074826814,0.09645925,0.095819496,0.07294735,-0.053174812,-0.003163012,0.08564965,0.048276845,0.09449206,0.083481655,-0.06480643,0.19802211,0.057581436,0.06710893,0.053478207,0.10070364,-0.07238435,0.2518088,0.075382985,0.12136993,0.07032727,0.111090004,-0.07577561,0.19478166,0.092094615,0.19618766,0.097335756,0.11489754,0.0007908538,0.0007908538
54,0.01370249,0.111803286,0.023081759,0.09075263,-0.03634627,-0.19922191,0.073651955,0.08572461,0.09760743,0.06678903,-0.047520168,-0.0022038287,0.08694022,0.033548787,0.09686736,0.07691764,-0.060495574,0.22119047,0.052395087,0.05801867,0.04822903,0.096198045,-0.068184234,0.28191423,0.076065786,0.11958219,0.071538374,0.10757316,-0.07144791,0.21237096,0.097978055,0.19409637,0.10473451,0.11161627,0.0007908538,0.0007908538
55,0.003448196,0.09103121,0.013461318,0.093038954,-0.035808403,-0.22485784,0.07312621,0.08309261,0.10031064,0.059477337,-0.049070653,-0.014476995,0.08938165,0.025000649,0.10059002,0.06983276,-0.06565534,0.22816046,0.046345893,0.048328992,0.04267872,0.09442206,-0.07583791,0.29289508,0.07162454,0.111178875,0.06773562,0.11061456,-0.081109956,0.21352845,0.09612931,0.1836045,0.103192225,0.116859406,0.0007908538,0.0007908538
56,-0.004932681,0.06856027,0.005465367,0.094479986,-0.030023815,-0.24855113,0.074965455,0.08006064,0.10532806,0.05178481,-0.044654764,-0.024787111,0.09495458,0.016213942,0.10726013,0.061726976,-0.06368146,0.23910014,0.042945188,0.040167373,0.03964694,0.089927696,-0.074674025,0.30976105,0.07130992,0.1067143,0.06821739,0.10900045,-0.08051338,0.22028509,0.09978944,0.17702588,0.108011834,0.11634533,0.0007908538,0.0007908538
57,-0.012601197,0.050962944,-0.0020997343,0.09738086,-0.028476056,-0.26514477,0.074018136,0.07708077,0.10668854,0.045394447,-0.0447604,-0.03322404,0.09690793,0.008781981,0.109865665,0.0551851,-0.06691043,0.24432482,0.038288467,0.03200745,0.03534089,0.08784574,-0.07985271,0.3178004,0.06814178,0.09974385,0.06565015,0.11109313,-0.0873918,0.22035573,0.09894066,0.16786367,0.10757958,0.12022924,0.0007908538,0.0007908538
58,-0.016353205,0.03926051,-0.005795942,0.097975574,-0.02720133,-0.27747926,0.074673586,0.07728107,0.10879854,0.041291066,-0.04451522,-0.03977092,0.09966412,0.005981574,0.11299351,0.050987083,-0.06862145,0.24619436,0.037002105,0.027854677,0.03430001,0.0863108,-0.08274625,0.32098612,0.06673284,0.09558091,0.064678796,0.11215352,-0.091339365,0.22021925,0.09860973,0.16217136,0.10754765,0.12239139,0.0007908538,0.0007908538
59,-0.019150527,0.035772003,-0.008672144,0.09801221,-0.02366925,-0.2798761,0.07274717,0.07551871,0.1072961,0.03716996,-0.041629974,-0.040191,0.09822002,0.0032979564,0.111645386,0.046549287,-0.067021176,0.2472601,0.035339408,0.025027938,0.032740865,0.08348356,-0.08128851,0.32195693,0.06467082,0.09261238,0.06269485,0.110750936,-0.0899471,0.22135372,0.09658676,0.15940024,0.105358206,0.12140988,0.0007908538,0.0007908538
60,-0.019437492,0.039611027,-0.00892585,0.099450536,-0.023810323,-0.27529126,0.07166849,0.07326375,0.105979756,0.038479622,-0.041504256,-0.035208482,0.096705705,0.0015691334,0.110114776,0.047803983,-0.066354014,0.25110626,0.03610438,0.025349187,0.033442266,0.083931215,-0.080409795,0.32647708,0.06600094,0.09445426,0.06390704,0.110280104,-0.088797234,0.22943205,0.09841697,0.1626008,0.10719465,0.12053336,0.0007908538,0.0007908538
61,-0.018235605,0.046470772,-0.0076220753,0.10090179,-0.026776658,-0.2717378,0.07176194,0.0746108,0.10569397,0.04199933,-0.044184856,-0.032424655,0.0960567,0.0036022277,0.10938634,0.051404424,-0.06846986,0.25010058,0.037918925,0.027513923,0.035188362,0.086580746,-0.0830158,0.3242855,0.0663704,0.09592487,0.06403646,0.11216909,-0.09175711,0.23214546,0.09787523,0.16549803,0.10631326,0.12216999,0.0007908538,0.0007908538
62,-0.01613981,0.049799602,-0.0054134526,0.10030474,-0.028764883,-0.2739823,0.07420171,0.07907178,0.108118504,0.044467915,-0.046028752,-0.03360673,0.09849109,0.007768264,0.111814715,0.053945925,-0.070009686,0.24763791,0.04130211,0.030346567,0.03859022,0.08838106,-0.08497249,0.32103783,0.06750608,0.09733506,0.06509145,0.11348087,-0.09401698,0.23372811,0.09802092,0.16766244,0.106249765,0.12335877,0.0007908538,0.0007908538
63,-0.016758453,0.048482366,-0.0060719065,0.099729545,-0.024764584,-0.2761972,0.07473753,0.079577,0.10898691,0.042284843,-0.042163372,-0.034072105,0.09956439,0.0074544917,0.11288866,0.05130463,-0.06647365,0.24865165,0.042046703,0.029997256,0.039349757,0.085891075,-0.080994576,0.32234997,0.06772253,0.0973284,0.06529409,0.11094774,-0.089518964,0.2368311,0.09834075,0.16838355,0.10651714,0.12061367,0.0007908538,0.0007908538
64,-0.018770602,0.04778969,-0.008211049,0.1019927,-0.024988597,-0.27531177,0.07288093,0.07741293,0.10733824,0.0412848,-0.04282108,-0.032513045,0.097976305,0.0047896495,0.111261584,0.050190955,-0.0680583,0.25057435,0.040760975,0.027873315,0.038096283,0.08587637,-0.0832932,0.32428282,0.06664706,0.09558753,0.064238645,0.11203328,-0.092435375,0.2395835,0.09771214,0.16696602,0.10578382,0.12216697,0.0007908538,0.0007908538
65,-0.019942649,0.046932433,-0.00946236,0.102468915,-0.023057899,-0.27515224,0.072171316,0.0760843,0.1068412,0.03962306,-0.041141827,-0.03094845,0.09767855,0.0029453665,0.110955894,0.048324373,-0.06691528,0.25319597,0.0408087,0.026759949,0.038162094,0.08446444,-0.082211934,0.32726008,0.066921726,0.0952686,0.064546846,0.110991225,-0.09134384,0.24433206,0.09858734,0.16724923,0.10666762,0.12118555,0.0007908538,0.0007908538
66,-0.019420136,0.046268634,-0.008910913,0.10171555,-0.02477427,-0.27941698,0.07326628,0.07970248,0.108139716,0.039630327,-0.043249395,-0.034047052,0.09915218,0.0057881465,0.11244928,0.04849344,-0.06977373,0.24971984,0.04227116,0.027355993,0.039723065,0.08542577,-0.08600348,0.32268363,0.0660427,0.093643636,0.063726574,0.113054164,-0.09598886,0.24205148,0.09662964,0.16539866,0.10445299,0.12380978,0.0007908538,0.0007908538
67,-0.020372832,0.045523856,-0.009928452,0.102217704,-0.0235026,-0.27933696,0.07249228,0.07870382,0.107486606,0.03841111,-0.042176723,-0.03289067,0.09861162,0.004464102,0.111890204,0.047116287,-0.06913014,0.25111553,0.042330377,0.026402975,0.039806798,0.084471785,-0.08544248,0.32408085,0.0659268,0.09300341,0.063638754,0.11246335,-0.09545585,0.24506895,0.09672065,0.1651521,0.10452371,0.12330976,0.0007908538,0.0007908538
68,-0.02029869,0.045904186,-0.00985518,0.10318089,-0.024812022,-0.27874523,0.07261428,0.07824317,0.10762285,0.039540198,-0.043432478,-0.031215528,0.09885617,0.003921872,0.1121299,0.048304893,-0.070283264,0.25299668,0.043507647,0.026547471,0.040989015,0.08544658,-0.086810224,0.32623258,0.06710254,0.09372626,0.06485293,0.11327077,-0.097025774,0.24950539,0.098311074,0.1662206,0.10622837,0.12409548,0.0007908538,0.0007908538
69,-0.020292317,0.046658583,-0.009854197,0.1024558,-0.023221847,-0.2784593,0.072360404,0.07850522,0.10729227,0.038636852,-0.041885253,-0.030128958,0.09854974,0.004232585,0.11180327,0.047275607,-0.068823926,0.2529307,0.04456509,0.026797365,0.04206982,0.08438632,-0.08516848,0.32569742,0.06721253,0.09364306,0.06494051,0.11215198,-0.095151946,0.2517945,0.09802965,0.16677912,0.105840266,0.12284697,0.0007908538,0.0007908538
70,-0.019461589,0.045847997,-0.008971408,0.10194675,-0.024121182,-0.28074142,0.0736678,0.08023601,0.10869186,0.03943294,-0.04273721,-0.030788086,0.10013528,0.0056134774,0.11341887,0.048155043,-0.06956198,0.2526771,0.046703883,0.027682148,0.044250827,0.08505147,-0.086021245,0.325403,0.068343304,0.09411433,0.066151954,0.11270577,-0.09612832,0.25389177,0.09896693,0.16723803,0.106870346,0.12339917,0.0007908538,0.0007908538
71,-0.020147623,0.04570427,-0.009705855,0.10268534,-0.024667487,-0.2811072,0.07277487,0.08029347,0.107828476,0.039032668,-0.043550123,-0.030525485,0.09929452,0.0054727225,0.11255541,0.0477548,-0.070927165,0.2518296,0.04684485,0.026994023,0.044446852,0.08535365,-0.08787386,0.32380402,0.0674008,0.09258706,0.06522898,0.11377448,-0.098421425,0.25414482,0.09752793,0.16584603,0.10527043,0.12481376,0.0007908538,0.0007908538
72,-0.020596469,0.045702,-0.010190442,0.10509557,-0.025647037,-0.27917406,0.07256105,0.077931136,0.10768156,0.04067307,-0.044286456,-0.027521737,0.09921209,0.003102075,0.11244807,0.049289208,-0.07123249,0.2559159,0.047439765,0.026520642,0.044996295,0.08632373,-0.08807109,0.32875288,0.06906475,0.09401177,0.06691509,0.11406137,-0.09852431,0.26045135,0.10031496,0.16773206,0.10834551,0.12483065,0.0007908538,0.0007908538
73,-0.020812599,0.045534763,-0.010430526,0.10338054,-0.023447983,-0.2809227,0.072410956,0.07951459,0.10758738,0.0383465,-0.042453837,-0.028420936,0.09918314,0.0043186336,0.11241137,0.04687615,-0.07011545,0.25400862,0.048112433,0.026497032,0.045744885,0.08461896,-0.08713242,0.32597214,0.068143144,0.09261011,0.06599593,0.11312835,-0.09765761,0.26010337,0.098585635,0.16674559,0.106338,0.1241191,0.0007908538,0.0007908538
74,-0.020282947,0.047740202,-0.009880972,0.10150003,-0.021733595,-0.2804669,0.07221711,0.08092404,0.10716341,0.03717422,-0.04084314,-0.027442839,0.09873158,0.0059984247,0.11193786,0.04565759,-0.06868421,0.2525221,0.049669318,0.027497962,0.047344733,0.08339998,-0.085583456,0.32345706,0.06801011,0.09238471,0.06580535,0.111983955,-0.09592254,0.2615049,0.09749972,0.16741502,0.104980916,0.12287434,0.0007908538,0.0007908538
75,-0.020378388,0.048599847,-0.0099914195,0.103439614,-0.025504647,-0.28006977,0.07187197,0.08095735,0.10680767,0.039178126,-0.044727273,-0.026544638,0.09838588,0.005953093,0.111571096,0.047897726,-0.07279886,0.2526449,0.050324768,0.027368778,0.048027463,0.08596651,-0.09045449,0.32316595,0.06800252,0.091838345,0.06582812,0.115033455,-0.10158156,0.26320073,0.097383425,0.16691102,0.1048294,0.12630191,0.0007908538,0.0007908538
76,-0.020563915,0.04758737,-0.010190801,0.10419118,-0.025551908,-0.28119457,0.0723328,0.080986954,0.107469104,0.039454907,-0.0447827,-0.026103456,0.099192336,0.0055042924,0.11237991,0.048082698,-0.07289673,0.25407484,0.051435523,0.027204365,0.0491488,0.086121775,-0.09063897,0.32481968,0.068826415,0.092088126,0.06669913,0.11514032,-0.10182917,0.26662937,0.09851332,0.16742608,0.10605534,0.12638642,0.0007908538,0.0007908538
77,-0.020813163,0.047537085,-0.010475612,0.1033617,-0.022612806,-0.28269032,0.072448626,0.0821588,0.10770288,0.037719995,-0.04198752,-0.026492478,0.09947,0.0062683322,0.11264048,0.04603306,-0.0704282,0.25307408,0.052414097,0.027256325,0.05016368,0.08430772,-0.08802173,0.32327077,0.06839451,0.09140273,0.066228345,0.11351106,-0.09894011,0.26762053,0.097422145,0.16746078,0.1047624,0.12466723,0.0007908538,0.0007908538
78,-0.022054208,0.04732642,-0.011806165,0.10515579,-0.022498228,-0.28216386,0.07132684,0.08095007,0.106717266,0.037314296,-0.04207252,-0.02540049,0.09849208,0.0047737616,0.11162851,0.04549075,-0.070968345,0.2538971,0.052018214,0.02600671,0.049787614,0.084362954,-0.0888668,0.3238055,0.0677004,0.09027415,0.065526366,0.114081964,-0.10003026,0.26941258,0.09680407,0.1667134,0.10406306,0.12544137,0.0007908538,0.0007908538
79,-0.022505894,0.0480464,-0.0122958515,0.10610988,-0.022490567,-0.28104073,0.070657484,0.08012874,0.106020264,0.03744928,-0.042089228,-0.023715498,0.097792946,0.0040112846,0.11090327,0.045549076,-0.071061656,0.25480083,0.052472096,0.025678813,0.050250553,0.08449222,-0.08902485,0.32440665,0.067790635,0.09009611,0.06559996,0.11424215,-0.10022259,0.2720391,0.09690151,0.1670635,0.1041241,0.125577,0.0007908538,0.0007908538
80,-0.022502141,0.047106765,-0.012296367,0.10606265,-0.022585044,-0.28255478,0.07105231,0.080856435,0.10654081,0.03730765,-0.042283528,-0.023984374,0.09841321,0.004370012,0.11153542,0.045407433,-0.0714597,0.25476077,0.053566493,0.02566789,0.051389743,0.0845681,-0.089592814,0.32422808,0.06811988,0.0897422,0.06598395,0.11457037,-0.10093699,0.27368593,0.097121425,0.16681246,0.104356065,0.12601842,0.0007908538,0.0007908538
81,-0.021114899,0.04844297,-0.01084801,0.10489465,-0.02315098,-0.28335765,0.072394185,0.08289184,0.107780136,0.03832558,-0.04272707,-0.023554087,0.09972971,0.0064671976,0.11287493,0.046489052,-0.07163817,0.25439364,0.05629297,0.027406054,0.054146558,0.085118115,-0.08969951,0.32355523,0.06964574,0.0908454,0.06751881,0.114740714,-0.10099428,0.2765811,0.098271444,0.1684637,0.105495185,0.12598653,0.0007908538,0.0007908538
82,-0.020575799,0.051756065,-0.010344468,0.10557237,-0.025166152,-0.28270403,0.07255467,0.08447688,0.10784792,0.0396866,-0.044919267,-0.022619613,0.09977053,0.008071075,0.112898365,0.047935527,-0.07418995,0.25349447,0.057830684,0.028437953,0.055717908,0.086777,-0.09279812,0.32194066,0.06988013,0.090809785,0.067682825,0.11678449,-0.10462647,0.27851516,0.09802112,0.16927946,0.10498708,0.12821531,0.0007908538,0.0007908538
83,-0.021759443,0.05390524,-0.011648928,0.10836748,-0.023696475,-0.28026357,0.07177817,0.08261683,0.10723451,0.039909527,-0.04346486,-0.019808073,0.09906919,0.00603008,0.11212993,0.04771478,-0.07286847,0.25620526,0.057674013,0.0277372,0.05551071,0.08648881,-0.09145153,0.3246667,0.07018109,0.09134291,0.0678484,0.11623838,-0.10312725,0.2831788,0.09903544,0.17119965,0.105912514,0.1273801,0.0007908538,0.0007908538
84,-0.021914443,0.05412017,-0.011867881,0.10937943,-0.023827821,-0.28296518,0.07283544,0.08475958,0.10867111,0.04004148,-0.043889098,-0.021666057,0.10048938,0.007201613,0.11353847,0.04765713,-0.07392768,0.25508976,0.058446847,0.027831538,0.05631686,0.086976975,-0.09304699,0.32351273,0.06989844,0.0907318,0.0675229,0.11732202,-0.10514331,0.28363082,0.0985892,0.17108408,0.10527555,0.12870665,0.0007908538,0.0007908538
85,-0.024034377,0.055529527,-0.014144227,0.10990372,-0.016773475,-0.280865,0.071389586,0.08259217,0.10748266,0.036162116,-0.037074365,-0.018938527,0.09923241,0.004633463,0.112209536,0.04302233,-0.06769058,0.2576904,0.05760665,0.026400939,0.055449974,0.082609765,-0.086464286,0.3259238,0.06937394,0.09048697,0.06683242,0.11293454,-0.097832665,0.288248,0.09864968,0.17281257,0.10508953,0.123873286,0.0007908538,0.0007908538
86,-0.024949329,0.053634383,-0.015124933,0.111096345,-0.019778369,-0.2847325,0.071511045,0.08458629,0.10806868,0.03579393,-0.04086352,-0.021693654,0.09992934,0.005341845,0.11292874,0.042959664,-0.07302769,0.25594887,0.057475742,0.02524326,0.055437736,0.084393874,-0.09324712,0.32396063,0.06812329,0.08786581,0.06568401,0.116742775,-0.10601572,0.28720585,0.09727038,0.16977064,0.10350568,0.12883009,0.0007908538,0.0007908538
87,-0.02635224,0.05310451,-0.016606333,0.111382015,-0.01926624,-0.2857809,0.07037825,0.0848553,0.1071622,0.03368927,-0.040972922,-0.022465976,0.09904698,0.004966245,0.11203027,0.040896155,-0.07437646,0.25482678,0.05657932,0.023790134,0.05461066,0.08375631,-0.09542251,0.32227737,0.06628954,0.085395135,0.06386966,0.117585786,-0.108873524,0.28642094,0.09510476,0.1674768,0.101075105,0.13037272,0.0007908538,0.0007908538
88,-0.02619469,0.052695744,-0.016447427,0.11083719,-0.01871764,-0.2869687,0.07114033,0.08560357,0.10809248,0.03324758,-0.040537935,-0.022469576,0.10008542,0.0052486393,0.11308094,0.04042865,-0.074152485,0.2557329,0.057757296,0.024011688,0.055805415,0.08330987,-0.09534201,0.32335708,0.06708096,0.08572571,0.064682744,0.11721311,-0.108868234,0.28941104,0.0961461,0.16827598,0.102112226,0.13000393,0.0007908538,0.0007908538
89,-0.025950436,0.05473033,-0.01620551,0.1106782,-0.019053383,-0.2860838,0.07089271,0.08613579,0.10770228,0.033469964,-0.040927403,-0.021369752,0.09966125,0.0059654694,0.112628594,0.040660407,-0.074639946,0.25526348,0.05872976,0.024513979,0.056787025,0.08351277,-0.09598694,0.32228807,0.06695722,0.08558351,0.06451369,0.11747531,-0.109634966,0.2909342,0.0954836,0.16881709,0.10128447,0.13026461,0.0007908538,0.0007908538
90,-0.025602905,0.056861833,-0.015852878,0.10939921,-0.017888838,-0.28523308,0.07067326,0.08687692,0.10730371,0.032685336,-0.03985078,-0.02004659,0.099252865,0.006922863,0.1121918,0.03982161,-0.073713005,0.25488064,0.059970073,0.02522435,0.05804286,0.08256791,-0.0951091,0.32124823,0.066960156,0.0855637,0.06446712,0.11654044,-0.10869088,0.2930582,0.09490357,0.16973309,0.1005033,0.12923382,0.0007908538,0.0007908538
91,-0.026800258,0.057465516,-0.017095016,0.11062292,-0.016737226,-0.2825454,0.06949923,0.08413069,0.10620811,0.031912405,-0.03878728,-0.016417982,0.098236024,0.0041604657,0.11114242,0.038938593,-0.072827965,0.25886065,0.059909966,0.024184372,0.057954878,0.081680246,-0.09429048,0.32521358,0.067731366,0.08605892,0.06522315,0.115539566,-0.107835196,0.299118,0.09678146,0.17126669,0.10243405,0.12809442,0.0007908538,0.0007908538
92,-0.026901482,0.057752345,-0.017198619,0.110972315,-0.017201973,-0.2825593,0.069555,0.084138654,0.10634191,0.032050837,-0.039346103,-0.015401104,0.098431826,0.003932078,0.11132553,0.039096273,-0.07356617,0.25996596,0.06085223,0.024153166,0.058902744,0.08189818,-0.09526772,0.32613695,0.06820188,0.08611147,0.0657076,0.11586646,-0.109027945,0.30221912,0.09742132,0.17183587,0.10305788,0.12848124,0.0007908538,0.0007908538
93,-0.027558155,0.056427456,-0.017875344,0.1112033,-0.018978633,-0.2852858,0.06925477,0.08573679,0.106285185,0.031257566,-0.041689496,-0.017421387,0.098414555,0.0047269096,0.11130625,0.038540136,-0.07701384,0.257903,0.060771935,0.023227513,0.058903288,0.08271764,-0.09969088,0.32357845,0.06659834,0.083600014,0.064187,0.11819287,-0.11439845,0.30063838,0.09517717,0.16897541,0.10062485,0.13168712,0.0007908538,0.0007908538
94,-0.027530255,0.05464658,-0.017835798,0.10941532,-0.016444966,-0.2878976,0.07003809,0.08708357,0.10728908,0.029269714,-0.03933976,-0.01843497,0.099516705,0.005428502,0.1124291,0.036423724,-0.07501146,0.25775287,0.061981965,0.023231896,0.060155153,0.08080009,-0.09774809,0.32343566,0.06684219,0.08318162,0.06447935,0.1165361,-0.11234214,0.30231506,0.09522534,0.16890329,0.10063464,0.13005702,0.0007908538,0.0007908538
95,-0.027384557,0.055319853,-0.017695166,0.10982733,-0.01736915,-0.2880997,0.0702062,0.08762032,0.10747446,0.029869735,-0.040313836,-0.017972358,0.09972324,0.005835979,0.11262476,0.037053015,-0.07608596,0.2577788,0.063004255,0.023468267,0.061188716,0.081481695,-0.099004626,0.3231823,0.067045,0.08307215,0.06467773,0.1173175,-0.11380163,0.30404648,0.095186785,0.1692074,0.10052955,0.13090152,0.0007908538,0.0007908538
96,-0.028720483,0.05689278,-0.019100718,0.112334706,-0.019162318,-0.28565946,0.06841372,0.08579158,0.10567585,0.030306982,-0.042336807,-0.016064793,0.097876154,0.0040970505,0.1107291,0.037588257,-0.07858674,0.25855246,0.061967038,0.022147091,0.060151577,0.08271985,-0.101984024,0.32344338,0.06587666,0.08185653,0.06347208,0.11916523,-0.117297255,0.30523843,0.094144195,0.16843824,0.09935477,0.13310236,0.0007908538,0.0007908538
97,-0.027912496,0.05706113,-0.018268734,0.111152194,-0.017889606,-0.286348,0.0696549,0.08663608,0.106961936,0.030246982,-0.040926516,-0.015371098,0.09923079,0.004786202,0.11209857,0.037407063,-0.07689153,0.25976318,0.06404653,0.023156554,0.062229037,0.08190656,-0.100035034,0.32479754,0.06750825,0.08317703,0.06509615,0.117782995,-0.11502003,0.30922264,0.09595585,0.17054287,0.10120725,0.13132985,0.0007908538,0.0007908538
98,-0.02846881,0.05675195,-0.01885649,0.11048366,-0.016516332,-0.2874519,0.06926104,0.087420866,0.10667945,0.02851544,-0.03987386,-0.015914153,0.09895719,0.005193761,0.1118198,0.035638355,-0.076471865,0.25864664,0.064298816,0.022633344,0.0625325,0.08084117,-0.09995137,0.3232474,0.06656152,0.08172815,0.064159766,0.117448926,-0.115124054,0.30922723,0.094477035,0.16943453,0.09954799,0.1312905,0.0007908538,0.0007908538
99,-0.028087975,0.05708173,-0.018475534,0.11134919,-0.018414892,-0.2882832,0.070023075,0.08828426,0.10755044,0.029900266,-0.041787133,-0.01603244,0.099830486,0.0057535274,0.11268845,0.037077803,-0.078422055,0.25882912,0.065477215,0.023017736,0.063715704,0.082264535,-0.1021076,0.32344612,0.06712726,0.081947625,0.06472981,0.118898794,-0.11757023,0.31107655,0.09506359,0.1699174,0.100132674,0.13281314,0.0007908538,0.0007908538
100,-0.028454112,0.057825886,-0.018867068,0.11139823,-0.017901117,-0.28823626,0.069591485,0.08857671,0.1071431,0.029229283,-0.04145149,-0.015661277,0.09940476,0.005905019,0.112238824,0.036354516,-0.07844314,0.25838464,0.06583118,0.022762787,0.06408754,0.081883386,-0.102368236,0.32256648,0.0665025,0.08112522,0.06408456,0.11888595,-0.117983416,0.31191814,0.09404242,0.16961993,0.098960675,0.13293576,0.0007908538,0.0007908538
101,-0.029170481,0.05775418,-0.019611152,0.11245966,-0.015984869,-0.2865115,0.06944905,0.08627395,0.10717321,0.028864952,-0.039404124,-0.012816521,0.09949082,0.0034593965,0.11230711,0.035724126,-0.076149836,0.26249653,0.06627811,0.02218708,0.06448493,0.08068542,-0.099828966,0.32697546,0.06795262,0.08251853,0.065502524,0.116991505,-0.1150755,0.31802976,0.09678634,0.17209478,0.10185164,0.13055864,0.0007908538,0.0007908538
102,-0.029591003,0.057702266,-0.02004863,0.11274363,-0.017055318,-0.28733316,0.069058985,0.086937524,0.10687781,0.028492095,-0.04080385,-0.013225111,0.09921234,0.0037745086,0.11201868,0.035492808,-0.07818793,0.2616375,0.066472046,0.021675326,0.06471971,0.081217095,-0.1024259,0.32572442,0.067100026,0.08113061,0.06467949,0.11834164,-0.118215255,0.3181195,0.095565714,0.17081158,0.1004914,0.13238706,0.0007908538,0.0007908538
103,-0.029566903,0.057007797,-0.020023856,0.11230588,-0.01719419,-0.2887816,0.069484755,0.08787884,0.10744946,0.028035337,-0.041136,-0.013805814,0.09982719,0.004287323,0.11264526,0.03509716,-0.07888814,0.26141256,0.06732064,0.021606717,0.06560177,0.08117591,-0.103428125,0.32543498,0.06716367,0.08058897,0.064778425,0.11871841,-0.11947585,0.3192957,0.09553616,0.17045245,0.10041779,0.1329859,0.0007908538,0.0007908538
104,-0.029379167,0.057898514,-0.019843271,0.11098634,-0.017320203,-0.29018676,0.069343895,0.090091854,0.107257634,0.027034378,-0.04161599,-0.015063347,0.099633664,0.0063134604,0.11244945,0.034215074,-0.08004774,0.25854293,0.06809198,0.021872386,0.06643171,0.081050664,-0.10510192,0.32184565,0.06585585,0.078842744,0.06347645,0.11951684,-0.12158969,0.31757414,0.09294436,0.16889636,0.09753244,0.13425452,0.0007908538,0.0007908538
105,-0.030529568,0.057838984,-0.021054287,0.113687776,-0.016328257,-0.28864792,0.06918285,0.08760116,0.10743657,0.027419956,-0.04052515,-0.012747622,0.09983204,0.0033929478,0.112619385,0.0342825,-0.07880189,0.26272044,0.06790499,0.020852534,0.0661741,0.08072612,-0.103740536,0.3264812,0.06693389,0.080066845,0.06449504,0.118587874,-0.120040804,0.32310316,0.0955506,0.17113739,0.10027073,0.13292609,0.0007908538,0.0007908538
106,-0.03331717,0.06271048,-0.023973346,0.11765288,-0.012083793,-0.2817778,0.06595106,0.08260204,0.104176916,0.026209818,-0.03620507,-0.007103087,0.09640243,-0.0011176094,0.10904397,0.032337178,-0.07440828,0.26656124,0.06567288,0.018944856,0.063807726,0.07834396,-0.09914274,0.3295807,0.06550185,0.08037355,0.06280491,0.115454055,-0.114890344,0.32774085,0.094894566,0.17383692,0.09937975,0.12906991,0.0007908538,0.0007908538
107,-0.03171758,0.06237173,-0.022372965,0.11797159,-0.013031633,-0.28918716,0.06981132,0.08892981,0.10865822,0.027925426,-0.03728185,-0.012975115,0.10069885,0.0032834592,0.11328014,0.03361193,-0.07579088,0.26295093,0.068059474,0.020631425,0.06614518,0.07941618,-0.101068884,0.3263981,0.06499282,0.08025103,0.062239304,0.11662409,-0.11731777,0.32616457,0.0931245,0.17403871,0.09735083,0.13036956,0.0007908538,0.0007908538
108,-0.03169624,0.06495981,-0.022406023,0.12259084,-0.018242698,-0.2910552,0.070712075,0.091270275,0.10992825,0.031875905,-0.042681057,-0.015043545,0.101769865,0.0045515047,0.11423401,0.037412614,-0.08164506,0.26134545,0.068094976,0.020758664,0.066092215,0.08355483,-0.107793055,0.3246393,0.06335307,0.07951335,0.060486756,0.12117381,-0.12515792,0.32524103,0.090876974,0.1737413,0.094787784,0.13540635,0.0007908538,0.0007908538
109,-0.032560777,0.06931021,-0.023342213,0.12196557,-0.013348129,-0.2882929,0.06966781,0.09071366,0.10883121,0.029268734,-0.038037553,-0.012501937,0.1005854,0.004056052,0.11295708,0.034266472,-0.07747361,0.26245815,0.067948006,0.020854384,0.06588206,0.08010785,-0.10389473,0.32512704,0.0625903,0.07988622,0.05952699,0.11755394,-0.1210241,0.32858434,0.09009315,0.17637554,0.09359074,0.13139063,0.0007908538,0.0007908538
110,-0.03337871,0.07541242,-0.024231857,0.121183634,-0.009704787,-0.28302723,0.06835492,0.08899371,0.107380144,0.026996572,-0.0347584,-0.006886006,0.09924842,0.0027603563,0.11156652,0.031792812,-0.07484717,0.2664758,0.06863004,0.021478524,0.06650695,0.07739275,-0.10176103,0.3282242,0.06403056,0.08163145,0.060786154,0.11478648,-0.118931055,0.33602524,0.09276941,0.18098505,0.0923844,0.12828377,0.0007908538,0.0007908538
111,-0.034170233,0.07749303,-0.025099728,0.12437962,-0.01085111,-0.28378335,0.06905566,0.08978967,0.10863601,0.028026,-0.036354378,-0.0062352074,0.10042923,0.0023716819,0.11270088,0.03260383,-0.07733903,0.26870367,0.06927487,0.021435732,0.06711009,0.078681946,-0.105107866,0.33045065,0.06490606,0.08227168,0.06156055,0.11655521,-0.12302733,0.34081078,0.094871975,0.18320255,0.09202627,0.13027905,0.0007908538,0.0007908538
112,-0.03430476,0.0764579,-0.02529392,0.124900445,-0.011335264,-0.29043096,0.07075786,0.094938956,0.11105428,0.027271386,-0.037636146,-0.011524218,0.10268699,0.0054750345,0.11493761,0.031682517,-0.08021332,0.2650522,0.06987896,0.021311915,0.06776471,0.07929619,-0.10924308,0.32693174,0.063089415,0.07986547,0.05973132,0.118884176,-0.12820247,0.338582,0.09223061,0.18104212,0.087931,0.1335986,0.0007908538,0.0007908538
113,-0.03675694,0.07473418,-0.027781634,0.12800567,-0.009681463,-0.29109895,0.07018331,0.093228094,0.11122842,0.02575891,-0.03645039,-0.01078675,0.10287305,0.0024069238,0.1151134,0.029934524,-0.07997524,0.26860178,0.06883239,0.01914212,0.066706166,0.078458466,-0.10960648,0.33077362,0.06340826,0.07946437,0.060046323,0.118714266,-0.12895241,0.34299678,0.09445104,0.18148446,0.08979976,0.13370116,0.0007908538,0.0007908538
114,-0.036886647,0.076384045,-0.02795518,0.1299315,-0.011683075,-0.29084933,0.0703956,0.09353936,0.111589104,0.02722442,-0.0385742,-0.009821405,0.1032141,0.002410604,0.11543879,0.031420305,-0.08235874,0.26955622,0.06979768,0.019361142,0.067664154,0.08016522,-0.11232312,0.33152202,0.064069934,0.07976525,0.06066682,0.12061053,-0.13206996,0.34576187,0.09548362,0.18256974,0.090576075,0.13571768,0.0007908538,0.0007908538
115,-0.038328033,0.076818496,-0.029430106,0.13028999,-0.0075932313,-0.29015815,0.06949742,0.09254262,0.11090389,0.024778392,-0.03468867,-0.008378162,0.10249849,0.0010706864,0.11469203,0.028584532,-0.07888124,0.27074692,0.06972803,0.018389732,0.06758893,0.07750896,-0.1089654,0.33236328,0.063652724,0.079256356,0.06018574,0.11806812,-0.1284845,0.34827802,0.09524198,0.18328181,0.09011229,0.13297048,0.0007908538,0.0007908538
116,-0.037148997,0.07613225,-0.028278459,0.13001376,-0.00867512,-0.29386964,0.07152238,0.095733464,0.1131711,0.025912635,-0.035794254,-0.010741074,0.104718074,0.0034643663,0.11691508,0.029633358,-0.0800593,0.26922044,0.071879975,0.019456772,0.069748335,0.07854152,-0.11030276,0.33099058,0.06413696,0.07923678,0.06067851,0.1191998,-0.13003507,0.34853536,0.09502901,0.18342829,0.089786135,0.13418522,0.0007908538,0.0007908538
117,-0.037727706,0.076024614,-0.028871126,0.13202989,-0.011086742,-0.29449108,0.071188755,0.09593596,0.11301686,0.026883727,-0.038400363,-0.010920745,0.104543194,0.0032569477,0.116724275,0.030743714,-0.083082765,0.26893452,0.07203808,0.018762058,0.069924675,0.08038073,-0.113679394,0.3304833,0.063580476,0.078100055,0.060144473,0.12165845,-0.13390036,0.34890917,0.09435189,0.18230256,0.089027286,0.1370957,0.0007908538,0.0007908538
118,-0.037578158,0.075716436,-0.028725225,0.131502,-0.010162078,-0.2952711,0.071660936,0.096468054,0.11357879,0.026434984,-0.037507907,-0.010576194,0.10512173,0.0035359378,0.11730306,0.030200414,-0.082248785,0.26940784,0.07333496,0.018975269,0.071228504,0.079731874,-0.112885125,0.33082673,0.064172365,0.078207925,0.060744047,0.1209592,-0.1330521,0.3510436,0.0948534,0.18296842,0.08951364,0.13629003,0.0007908538,0.0007908538
119,-0.037557956,0.07535503,-0.02870747,0.13176388,-0.009381411,-0.29546747,0.072185084,0.09621045,0.1142405,0.02650959,-0.036641564,-0.009575741,0.10579969,0.00303377,0.117977835,0.03012346,-0.0812175,0.27105254,0.07458362,0.019093916,0.07246304,0.07927344,-0.11175717,0.33247957,0.0652957,0.07896691,0.06186385,0.12011354,-0.1317696,0.3544356,0.09639433,0.18441778,0.091149054,0.13514501,0.0007908538,0.0007908538
120,-0.038601372,0.07405966,-0.029751128,0.13296078,-0.008471109,-0.29583925,0.071838796,0.09532605,0.11418201,0.025750317,-0.03587309,-0.008931977,0.105747804,0.0016342181,0.11791652,0.029262116,-0.08073762,0.27248144,0.07468873,0.018032659,0.07257705,0.07873702,-0.11142356,0.33388877,0.06543242,0.07852405,0.062019907,0.11977323,-0.1314835,0.35684553,0.09705143,0.18439458,0.09186207,0.13485752,0.0007908538,0.0007908538
121,-0.040420525,0.07412468,-0.031582464,0.13423374,-0.007960756,-0.29498652,0.069928214,0.09415292,0.11239491,0.024067692,-0.035804562,-0.008022797,0.10395642,0.0002539094,0.11609952,0.027659945,-0.08154077,0.2723415,0.073643595,0.016266974,0.07157374,0.07830358,-0.1127446,0.3331719,0.06379013,0.07635632,0.060394123,0.120369956,-0.13318561,0.3569003,0.095270015,0.18252112,0.08989545,0.1360091,0.0007908538,0.0007908538
122,-0.040334836,0.07708424,-0.031530775,0.13427916,-0.007941215,-0.29359996,0.06935464,0.09460804,0.11160451,0.024256624,-0.035821784,-0.0069842828,0.10312809,0.0011092727,0.11524714,0.02778052,-0.08163614,0.27122337,0.07434698,0.016739795,0.07227424,0.078429855,-0.11292118,0.3314256,0.063050315,0.07589944,0.059577323,0.120566,-0.1334018,0.35702515,0.09364271,0.18289226,0.08800168,0.13615634,0.0007908538,0.0007908538
123,-0.039704863,0.079425596,-0.030961381,0.13487685,-0.008113583,-0.29311398,0.07018842,0.09534324,0.11243851,0.025537357,-0.03583799,-0.006265394,0.10391779,0.0018474786,0.11602458,0.028863758,-0.08136508,0.2716686,0.07581292,0.017769309,0.07370612,0.078969754,-0.11249931,0.33181986,0.06391785,0.07702687,0.060347453,0.12059522,-0.13286589,0.35938016,0.09452621,0.18506207,0.088802494,0.13578703,0.0007908538,0.0007908538
124,-0.040213846,0.08010652,-0.031504925,0.13564259,-0.0060052946,-0.29312736,0.070532486,0.09519732,0.11305319,0.0249438,-0.033770174,-0.005694477,0.10449138,0.0011927236,0.11657249,0.027919456,-0.079383455,0.27311397,0.07629091,0.017605972,0.07414497,0.07774437,-0.11062295,0.3333392,0.064301334,0.077637695,0.060654577,0.11908764,-0.13088384,0.36237225,0.09547718,0.18682258,0.08970423,0.13395604,0.0007908538,0.0007908538
125,-0.040338024,0.082356624,-0.03167061,0.13720003,-0.005665512,-0.29369673,0.07095294,0.09650896,0.113671966,0.025636137,-0.03348755,-0.0063316803,0.10498979,0.0019876908,0.11701184,0.02823,-0.07925262,0.27234158,0.076757826,0.01787109,0.07454962,0.07790146,-0.1107468,0.33243087,0.06339578,0.0775268,0.059628304,0.11913628,-0.13117117,0.36294425,0.09409549,0.18780443,0.08804576,0.13386627,0.0007908538,0.0007908538
126,-0.04236824,0.08342144,-0.03372081,0.14223225,-0.00654604,-0.292248,0.06981391,0.094460905,0.112949885,0.026747992,-0.0344574,-0.0050766403,0.104168095,-0.00065482664,0.116127804,0.02908491,-0.08046395,0.2743477,0.075452164,0.01616315,0.07318679,0.07912405,-0.11213113,0.33442628,0.06261992,0.07720472,0.05876173,0.12037097,-0.13278939,0.36535558,0.094302945,0.188348,0.088226445,0.1350991,0.0007908538,0.0007908538
127,-0.041686468,0.082869984,-0.0330875,0.14326875,-0.008249623,-0.2958487,0.07155532,0.097357355,0.11506809,0.028173529,-0.036295347,-0.007792869,0.10616429,0.0012046155,0.11810096,0.030391248,-0.08261024,0.2728619,0.07674857,0.016658193,0.07446745,0.08071473,-0.11458929,0.33323678,0.062489733,0.07681528,0.05861674,0.12227842,-0.13566248,0.3651841,0.09373881,0.18812466,0.08754273,0.13726437,0.0007908538,0.0007908538
128,-0.042292155,0.08082493,-0.03370025,0.14290081,-0.003570765,-0.29766327,0.072508946,0.09742307,0.11648757,0.026071053,-0.03163349,-0.008079354,0.107541546,0.00035946319,0.11946936,0.02776597,-0.07797094,0.27469438,0.07749972,0.016251832,0.07519281,0.077647306,-0.10992131,0.33547038,0.06341901,0.07755247,0.059513208,0.11877716,-0.1305407,0.36854583,0.09541478,0.18985653,0.089320265,0.13323356,0.0007908538,0.0007908538
129,-0.04293687,0.08033598,-0.034357145,0.14490807,-0.0056867874,-0.29873732,0.07237787,0.097808726,0.11663259,0.02678871,-0.03400134,-0.008784173,0.10764822,0.00013072122,0.11956137,0.028612932,-0.08087166,0.27442646,0.07747472,0.015409923,0.075185396,0.079335965,-0.11318268,0.33520168,0.06284342,0.07640161,0.05895355,0.12115109,-0.13431306,0.36894378,0.09495265,0.18873729,0.08878675,0.13611078,0.0007908538,0.0007908538
130,-0.043312214,0.08054568,-0.034744952,0.14628701,-0.0067360676,-0.29847622,0.07225263,0.097383335,0.116627544,0.027438032,-0.035098694,-0.007976954,0.10763848,-0.0004855774,0.11954537,0.029296633,-0.08208234,0.2753546,0.07799155,0.015069613,0.07570356,0.080218464,-0.11447198,0.33601382,0.06320511,0.07632408,0.059311803,0.12213032,-0.1357658,0.37099743,0.09565453,0.18908446,0.08951411,0.13715473,0.0007908538,0.0007908538
131,-0.042471338,0.08190229,-0.033936065,0.1439165,-0.0047366987,-0.2988532,0.07283299,0.09891773,0.11704416,0.026426885,-0.033109132,-0.0077972524,0.10804627,0.0012243474,0.119955465,0.028142503,-0.080086306,0.27431342,0.07973665,0.016156131,0.07745153,0.07873364,-0.11250215,0.33456248,0.06336225,0.07636272,0.059433304,0.120560035,-0.13360235,0.37163973,0.09485938,0.18993326,0.08852293,0.13536005,0.0007908538,0.0007908538
132,-0.04218431,0.08341774,-0.033679616,0.14485008,-0.0069173435,-0.29814702,0.07281281,0.09905796,0.11693958,0.02787837,-0.03526639,-0.0067589656,0.10794085,0.0015308067,0.11984616,0.029717114,-0.08221933,0.27449918,0.080798104,0.01654054,0.07851182,0.080369845,-0.11463461,0.3343944,0.06374025,0.07640673,0.059797622,0.12222753,-0.13594446,0.37311825,0.09504691,0.1904105,0.08866024,0.1370959,0.0007908538,0.0007908538
133,-0.04312738,0.083568774,-0.034619503,0.14621839,-0.007916753,-0.29808447,0.0720106,0.09881582,0.116286226,0.027681846,-0.036538847,-0.0065832147,0.107273884,0.0009895575,0.11916561,0.029651726,-0.08404619,0.274291,0.080546,0.015541206,0.07828104,0.08114295,-0.11679272,0.3339144,0.062872685,0.07502698,0.05894104,0.1236996,-0.13848388,0.3734347,0.09412802,0.1892089,0.08762343,0.13902041,0.0007908538,0.0007908538
134,-0.043882266,0.08258243,-0.03535988,0.14470512,-0.003828121,-0.29897517,0.07183064,0.099055186,0.11629745,0.024741823,-0.032675523,-0.0067655505,0.107276976,0.00078701496,0.119163804,0.026473735,-0.08059311,0.27426592,0.080819756,0.014867725,0.07857113,0.0781643,-0.1135996,0.3337712,0.062353566,0.07417929,0.05841758,0.12100402,-0.13508736,0.37443233,0.09343123,0.18905038,0.08680663,0.13626552,0.0007908538,0.0007908538
135,-0.044456482,0.08114935,-0.035923783,0.14630654,-0.0038559246,-0.2994543,0.07213597,0.09819984,0.11692147,0.02508594,-0.032665603,-0.0061136535,0.10789623,-0.00061203877,0.11977758,0.026724244,-0.08052528,0.27640593,0.08136709,0.014227364,0.07910639,0.07834611,-0.11347781,0.33610967,0.06335035,0.07464947,0.059426647,0.120963305,-0.13493113,0.37778315,0.09535338,0.1899651,0.08891862,0.13606688,0.0007908538,0.0007908538
136,-0.044083405,0.082694024,-0.035585087,0.14638951,-0.0054537808,-0.29962713,0.07217414,0.09935584,0.11687433,0.025790345,-0.03439054,-0.00614767,0.10782092,0.0005810911,0.11968941,0.027541162,-0.08251574,0.27515426,0.082348995,0.014619836,0.08009646,0.07950637,-0.11568054,0.3344645,0.06287263,0.073903866,0.058935497,0.122515894,-0.13746358,0.37770888,0.0941036,0.18957879,0.08746622,0.13789153,0.0007908538,0.0007908538
137,-0.044726517,0.08389067,-0.036246117,0.1463965,-0.00410495,-0.2984816,0.071436316,0.09877049,0.11612075,0.024717864,-0.033199735,-0.004448666,0.10706792,9.324806e-05,0.11892392,0.026402775,-0.08162049,0.27580148,0.08293057,0.014333711,0.08068805,0.07855103,-0.11498837,0.33456913,0.06283672,0.07349909,0.058872804,0.12176155,-0.13678229,0.37970647,0.09400424,0.19007058,0.08725048,0.13711952,0.0007908538,0.0007908538
138,-0.045521565,0.08284656,-0.037030563,0.14820854,-0.0054760017,-0.29866248,0.07121251,0.09794136,0.11616575,0.025110604,-0.034726683,-0.0037325628,0.10712216,-0.0011987742,0.118976824,0.026933879,-0.08346368,0.27737457,0.08318847,0.013422533,0.080959916,0.07959871,-0.11699483,0.33614466,0.06336426,0.07319535,0.059429716,0.12312191,-0.13906889,0.38230664,0.09533069,0.19000983,0.08868296,0.13872162,0.0007908538,0.0007908538
139,-0.045686696,0.082257055,-0.03720016,0.1467011,-0.0034362173,-0.3003321,0.071414664,0.09936285,0.11650758,0.023183588,-0.03297286,-0.004990436,0.107432134,-0.0002593621,0.11927998,0.024935082,-0.08225084,0.27602404,0.08363129,0.013148186,0.08142344,0.078067735,-0.11617982,0.33472747,0.062491335,0.07197271,0.058564138,0.122175634,-0.13835756,0.38180912,0.093847275,0.18911104,0.08700287,0.13802493,0.0007908538,0.0007908538
140,-0.045473114,0.0825335,-0.03700127,0.14605942,-0.003512883,-0.30122358,0.0716328,0.10051776,0.11674069,0.022853475,-0.033202108,-0.005446637,0.10764477,0.0007103908,0.11948594,0.024642548,-0.082778394,0.27500463,0.08454536,0.013272857,0.08234887,0.07807757,-0.116926596,0.33351478,0.06208078,0.07119589,0.05815656,0.12255193,-0.13928223,0.38196504,0.092811026,0.18867622,0.08581299,0.13860342,0.0007908538,0.0007908538
141,-0.044507906,0.083664335,-0.03606874,0.14714889,-0.0074801147,-0.3012511,0.07254495,0.10115114,0.117639706,0.025561824,-0.037076533,-0.004965421,0.10855589,0.0013138591,0.12039791,0.027572112,-0.086501494,0.27576488,0.086102754,0.014142757,0.08388495,0.0808651,-0.120598555,0.33424675,0.063282445,0.072046496,0.059352793,0.12517667,-0.1433266,0.3843303,0.094311155,0.1898508,0.087367296,0.14128882,0.0007908538,0.0007908538
142,-0.043399505,0.0859601,-0.035046175,0.14597374,-0.0076331,-0.30119103,0.073597066,0.10248597,0.11861892,0.026072428,-0.037230093,-0.003909914,0.109541744,0.0026691381,0.12138232,0.028029073,-0.08665085,0.27649856,0.08837199,0.015683223,0.08612376,0.08085005,-0.12090706,0.3345987,0.06469966,0.07320505,0.060713965,0.12495838,-0.1437603,0.38741213,0.09571247,0.19219193,0.08864761,0.14086306,0.0007908538,0.0007908538
143,-0.041606463,0.09045788,-0.033486266,0.14258324,-0.003705625,-0.3021817,0.0754182,0.10633104,0.12031349,0.024766197,-0.033500507,-0.0037264912,0.11105712,0.006502001,0.122888885,0.02620114,-0.083302036,0.2751171,0.091621056,0.018482866,0.08935915,0.07847317,-0.117989756,0.33261505,0.06576702,0.07416961,0.06160843,0.12264345,-0.14081405,0.38960475,0.095975526,0.1954584,0.092154704,0.13814223,0.0007908538,0.0007908538
144,-0.044176348,0.09578204,-0.03621928,0.14763308,-0.0029087672,-0.3001321,0.073535055,0.10596923,0.118838914,0.024312068,-0.03336517,-0.0016570453,0.10931375,0.0055943085,0.12106831,0.025405316,-0.084530294,0.27527574,0.0908212,0.01733732,0.08855227,0.079147555,-0.11992797,0.3318206,0.06437517,0.07264082,0.060014054,0.12447744,-0.14340842,0.39145255,0.09503589,0.19605446,0.09261769,0.14040346,0.0007908538,0.0007908538
145,-0.046416417,0.095550306,-0.038504478,0.15120456,-0.001661347,-0.30223402,0.072996914,0.10682634,0.11907183,0.022971686,-0.032824356,-0.0024755152,0.10931213,0.004934988,0.1210431,0.023837125,-0.0854189,0.27534428,0.09033477,0.015644742,0.08809366,0.07925812,-0.12161527,0.33172128,0.0635201,0.07069293,0.059096508,0.12597515,-0.14577569,0.39279756,0.094846986,0.19506977,0.09299613,0.14260985,0.0007908538,0.0007908538
146,-0.047942914,0.09740952,-0.04012724,0.15327731,-0.00046505517,-0.30298284,0.07252518,0.107907616,0.11908061,0.021608897,-0.032332815,-0.0025338503,0.10911663,0.0050776303,0.12082155,0.022315335,-0.08632807,0.27517137,0.09022597,0.014889452,0.08801787,0.07913976,-0.12337263,0.3312206,0.06296761,0.06934738,0.05845054,0.12716112,-0.14819169,0.39431274,0.09485929,0.19497898,0.0937326,0.14442064,0.0007908538,0.0007908538
147,-0.050206862,0.101827055,-0.04249121,0.15223566,0.007122649,-0.30035126,0.07120368,0.107207395,0.11806811,0.016391797,-0.025556952,0.00082318054,0.1079965,0.004082664,0.119688064,0.016646208,-0.081073694,0.2773939,0.09006939,0.014416723,0.087894924,0.07415393,-0.119323716,0.33245757,0.06324321,0.069159314,0.058535937,0.12321669,-0.14418162,0.39917505,0.096518636,0.19777614,0.09878872,0.14049008,0.0007908538,0.0007908538
148,-0.05098172,0.10495315,-0.043410446,0.15394752,0.004404688,-0.30119005,0.071086064,0.10936527,0.118389875,0.016264526,-0.029232142,0.00032319734,0.108249836,0.005250019,0.11995409,0.016872214,-0.08665588,0.27693763,0.09033091,0.014243256,0.088185854,0.07636872,-0.1261131,0.33173203,0.062919766,0.067867,0.058129795,0.12731299,-0.15249984,0.4008505,0.096949294,0.1976185,0.100408435,0.1458342,0.0007908538,0.0007908538
149,-0.051069558,0.10933718,-0.04369435,0.15511726,0.0020334302,-0.30349046,0.07109951,0.11390935,0.11865213,0.01644798,-0.03251063,-0.0027854135,0.10835357,0.008827038,0.12002489,0.017127473,-0.09179181,0.272728,0.09022737,0.014767864,0.088072345,0.07849945,-0.13259006,0.32715672,0.060415898,0.06544948,0.055555303,0.13141714,-0.16065641,0.39726633,0.09331612,0.19565184,0.09675588,0.15134263,0.0007908538,0.0007908538
150,-0.052315034,0.115453,-0.045069493,0.15602815,0.005773657,-0.30163333,0.06993817,0.11485486,0.11752445,0.014610244,-0.029225493,-0.0020161388,0.10701685,0.00967468,0.11859286,0.014693909,-0.08939649,0.271259,0.08947779,0.014851822,0.08728277,0.07630664,-0.1310359,0.3249651,0.058205005,0.06453165,0.05318089,0.12975816,-0.15929724,0.39691815,0.09050299,0.19669482,0.093588024,0.14971204,0.0007908538,0.0007908538
151,-0.055253677,0.12272766,-0.04796551,0.15562977,0.012061459,-0.29517925,0.06745863,0.11171003,0.11517143,0.009924103,-0.023720367,0.004989827,0.1048,0.006766419,0.11631992,0.0097329365,-0.08530095,0.27658978,0.08905021,0.0143420715,0.08681721,0.07146103,-0.12842146,0.3286511,0.059058584,0.06555646,0.053853367,0.1255402,-0.15695399,0.40517423,0.093546994,0.20150153,0.095411114,0.14542854,0.0007908538,0.0007908538
152,-0.056879256,0.12704524,-0.049604982,0.15673608,0.0154131735,-0.2950105,0.067422,0.11286647,0.115838826,0.0075403564,-0.021218736,0.0062441146,0.105348624,0.006557555,0.116842106,0.00692338,-0.08442338,0.27884895,0.089233965,0.0141393505,0.08691623,0.069181256,-0.12915495,0.33039114,0.05900654,0.06575935,0.05364749,0.12420783,-0.15854459,0.4105704,0.09505304,0.20465311,0.098178,0.14446376,0.0007908538,0.0007908538
153,-0.05629273,0.12665597,-0.049192842,0.16051677,0.010633631,-0.30184025,0.069740616,0.1183963,0.1191408,0.010118414,-0.026722359,0.0005806418,0.1082631,0.009529154,0.11975522,0.0094089145,-0.09146835,0.27645612,0.0899141,0.014340632,0.08753204,0.07318876,-0.1373515,0.3287942,0.05790973,0.06455815,0.05252134,0.12955432,-0.168577,0.41000643,0.09404473,0.20376891,0.09756546,0.15105426,0.0007908538,0.0007908538
154,-0.057010297,0.12201869,-0.049820006,0.16258976,0.011255076,-0.307594,0.07163383,0.12068725,0.12221068,0.0095640365,-0.026550777,-0.0030619376,0.111111745,0.0093157925,0.1226616,0.008609334,-0.0922043,0.2775253,0.09031396,0.013081192,0.08789737,0.07314849,-0.13881673,0.33085313,0.058319263,0.064152114,0.052941613,0.1301444,-0.1706814,0.41285074,0.09584169,0.20386414,0.09977573,0.15211356,0.0007908538,0.0007908538
155,-0.059058554,0.12163935,-0.051720284,0.16382477,0.013791591,-0.30843502,0.07069937,0.120757885,0.12180042,0.007145913,-0.024524616,-0.0035617168,0.11060651,0.008397381,0.1221586,0.0060112234,-0.09116919,0.27756086,0.08944729,0.011356092,0.08703717,0.071466915,-0.13852964,0.33072567,0.056962855,0.062380202,0.05159645,0.12937683,-0.17072769,0.41329756,0.094692536,0.20268182,0.0985688,0.151877,0.0007908538,0.0007908538
156,-0.059629463,0.12235383,-0.05227555,0.16499177,0.012557449,-0.3086406,0.07024063,0.12114708,0.12147098,0.007283948,-0.026006136,-0.0035805707,0.110239,0.008503731,0.12178624,0.0062636714,-0.093171105,0.27713093,0.08963752,0.010877828,0.08723233,0.07242166,-0.1408647,0.3299522,0.05637997,0.06128414,0.051030897,0.1309235,-0.17360228,0.41326654,0.09371652,0.2017676,0.09750746,0.15390271,0.0007908538,0.0007908538
157,-0.05978566,0.12305892,-0.05244631,0.16526043,0.014466385,-0.30761665,0.070542105,0.12018623,0.12185309,0.0071166586,-0.023922784,-0.0017381571,0.1106016,0.007543723,0.122142546,0.0058113886,-0.090708464,0.2791964,0.09072608,0.011046713,0.08829259,0.07121199,-0.13822171,0.33178952,0.057568327,0.062395103,0.052153338,0.12903075,-0.17043653,0.41697538,0.09524723,0.20420855,0.09910098,0.15129629,0.0007908538,0.0007908538
158,-0.059968732,0.12458259,-0.052651104,0.1652676,0.013690293,-0.30721882,0.0699857,0.12070149,0.121191844,0.0069878907,-0.024896553,-0.0014336965,0.10993426,0.008187309,0.12146128,0.005801466,-0.092087805,0.27820754,0.09114775,0.01101651,0.08872533,0.07171347,-0.13987255,0.33027026,0.05688215,0.061293457,0.05148528,0.13005364,-0.17246772,0.4162276,0.09365114,0.20325378,0.09730509,0.15271868,0.0007908538,0.0007908538
159,-0.061602145,0.12586118,-0.054181617,0.1666911,0.014960412,-0.30540186,0.06862034,0.11918941,0.11994326,0.005877887,-0.023810739,0.00047782765,0.108686104,0.0066861883,0.120197356,0.004633806,-0.09135171,0.2792209,0.09079388,0.009917763,0.08838158,0.07091156,-0.1393643,0.33070394,0.05642559,0.060497575,0.051017188,0.12953097,-0.17197572,0.41773185,0.0932907,0.20323375,0.096849434,0.15226644,0.0007908538,0.0007908538
160,-0.059637707,0.12670347,-0.052450843,0.16469625,0.014265314,-0.30722308,0.07027171,0.1219052,0.1214454,0.006700969,-0.024516439,-0.00043845468,0.110116415,0.009374176,0.12163704,0.00541786,-0.092094846,0.27799776,0.09326168,0.011720237,0.09084301,0.07149707,-0.14018236,0.32929972,0.057373237,0.0608278,0.05193971,0.13017103,-0.17296886,0.4180109,0.0931204,0.20398022,0.09650203,0.15290114,0.0007908538,0.0007908538
161,-0.059729345,0.12797461,-0.052605897,0.16488892,0.012856156,-0.30755085,0.070154704,0.12295578,0.12140367,0.006671692,-0.026291551,-0.0005200156,0.110059,0.01019717,0.12159087,0.005604696,-0.094618164,0.27742615,0.09390994,0.011773702,0.09151067,0.072550155,-0.14315197,0.32839152,0.057219647,0.05992454,0.05178929,0.13205032,-0.17662762,0.41828433,0.09269237,0.20337045,0.09586465,0.15541916,0.0007908538,0.0007908538
162,-0.061149385,0.1289324,-0.053958166,0.16648771,0.014665462,-0.30625582,0.06954126,0.12158361,0.12110176,0.005726186,-0.024638498,0.0014411197,0.10973,0.008489532,0.12125792,0.0044757333,-0.09324996,0.2796108,0.09403278,0.010937152,0.09162133,0.07147703,-0.14203745,0.33021334,0.057661254,0.060065947,0.05217797,0.13098925,-0.17546326,0.42183253,0.093948804,0.20485005,0.097070396,0.15417276,0.0007908538,0.0007908538
163,-0.06080839,0.12884156,-0.053701818,0.1671502,0.0140749235,-0.30794707,0.07036905,0.123035334,0.12217887,0.0062957853,-0.025352925,0.00045638613,0.11070968,0.009311935,0.12224455,0.004956591,-0.09423903,0.27935097,0.09507925,0.011149059,0.09265226,0.07218851,-0.14321323,0.33001688,0.05787151,0.059868038,0.05236757,0.13190511,-0.17695855,0.42279357,0.093968816,0.20515522,0.09698475,0.15522063,0.0007908538,0.0007908538
164,-0.061289642,0.13048996,-0.05423943,0.16852824,0.015988883,-0.3074812,0.07056649,0.12294393,0.12258768,0.006244017,-0.023382097,0.00089558697,0.110999875,0.008914289,0.12251195,0.0044876863,-0.09215399,0.27997926,0.09540336,0.011066718,0.092941575,0.07131797,-0.1411072,0.33064187,0.05781477,0.06028514,0.05221642,0.13064799,-0.17455561,0.42472062,0.09411776,0.20685293,0.09700339,0.15343659,0.0007908538,0.0007908538
165,-0.06268633,0.13007115,-0.055535197,0.17110845,0.017249977,-0.307431,0.070329346,0.12193179,0.122828476,0.005956227,-0.02216532,0.0013616891,0.11115039,0.007190059,0.122659415,0.0039471798,-0.09102593,0.2815831,0.09512175,0.009872267,0.09264306,0.07083625,-0.14001226,0.33237994,0.057846375,0.0602854,0.05220344,0.13001652,-0.17333072,0.42736813,0.095038556,0.2077866,0.09797203,0.15254653,0.0007908538,0.0007908538
166,-0.06370255,0.13016374,-0.05647877,0.17232348,0.016865155,-0.30803022,0.06963193,0.12237557,0.12236194,0.005362187,-0.022879403,0.0007246691,0.110637985,0.007139748,0.122142695,0.003428542,-0.092414245,0.2807301,0.09478677,0.008867925,0.09232021,0.07122204,-0.14180708,0.33135286,0.05666641,0.05866319,0.051056057,0.13116373,-0.17561561,0.42662612,0.0934834,0.20618173,0.09625225,0.15429612,0.0007908538,0.0007908538
167,-0.06379778,0.1287595,-0.056558672,0.17285095,0.0176826,-0.30944982,0.07036914,0.12279885,0.1234404,0.005232597,-0.0220611,4.419475e-05,0.1116473,0.006873516,0.123167254,0.0031346087,-0.09159206,0.28142235,0.09547587,0.00852372,0.09299647,0.07084256,-0.1409973,0.33233407,0.057126023,0.058781154,0.051499184,0.13065293,-0.17469831,0.42848888,0.09425574,0.20684722,0.09707985,0.15359896,0.0007908538,0.0007908538
168,-0.063358195,0.12799674,-0.056165837,0.1741928,0.01535297,-0.31077832,0.071134835,0.123544306,0.12441063,0.006814356,-0.024358608,-0.0007207579,0.11257254,0.00714835,0.12410267,0.0048080785,-0.0938785,0.28155866,0.09644752,0.0085547315,0.09395368,0.07273999,-0.14314233,0.3326637,0.057617288,0.058788624,0.051986244,0.13253799,-0.17715085,0.42964095,0.09473852,0.2070161,0.09760564,0.1555606,0.0007908538,0.0007908538
169,-0.0634493,0.12868856,-0.056291968,0.1727891,0.018366262,-0.31118795,0.07122047,0.12445519,0.12450524,0.005171233,-0.021450562,-0.0009593955,0.11261213,0.007927189,0.12413601,0.0028780652,-0.091139615,0.28076488,0.09709789,0.008656648,0.09459843,0.07066396,-0.14067441,0.33161783,0.05711155,0.058168054,0.051464107,0.1305991,-0.17441829,0.42946035,0.093398176,0.20702264,0.09605214,0.15350637,0.0007908538,0.0007908538
170,-0.06431314,0.13062793,-0.05715692,0.17466564,0.016750874,-0.31034362,0.07027708,0.12438772,0.12361617,0.005538121,-0.023336342,-0.00018229749,0.11168721,0.007836025,0.12319505,0.0033961178,-0.093606964,0.280358,0.09716836,0.008148374,0.09467836,0.07204623,-0.14338633,0.33065438,0.056414887,0.056974135,0.050762895,0.13262868,-0.17769147,0.42947882,0.0922784,0.20618849,0.0947262,0.15604211,0.0007908538,0.0007908538
171,-0.06408417,0.13379347,-0.057065595,0.17469907,0.01744569,-0.30835548,0.07029788,0.12394474,0.12344672,0.005903901,-0.022554584,0.00211784,0.11148573,0.007904114,0.12297352,0.0035922502,-0.092638165,0.28137285,0.09851584,0.009033345,0.09600723,0.071729824,-0.14234301,0.33100572,0.057281185,0.057809126,0.051539075,0.13192843,-0.1764301,0.43197018,0.092886396,0.20841277,0.09517774,0.15483516,0.0007908538,0.0007908538
172,-0.06487436,0.13303259,-0.057789866,0.17482261,0.018354002,-0.30928683,0.0701834,0.12434281,0.12366168,0.0045834784,-0.021996642,0.00191869,0.11165783,0.007647288,0.12316822,0.0023175126,-0.092760496,0.2817776,0.09880761,0.008280205,0.096316844,0.071131766,-0.14294413,0.3312968,0.057285152,0.056931783,0.051557887,0.13199313,-0.17734568,0.4332168,0.093140796,0.20794849,0.095364094,0.15533651,0.0007908538,0.0007908538
173,-0.064696774,0.13242069,-0.057648942,0.17388889,0.018998444,-0.31072986,0.07074005,0.12557973,0.124407016,0.0037282323,-0.021611199,0.0014447708,0.112356,0.00838662,0.12389201,0.0014830416,-0.09287993,0.28178725,0.0999055,0.008386571,0.09742258,0.07068372,-0.14345576,0.3311713,0.057752393,0.05647642,0.052029345,0.13204819,-0.17812386,0.4342791,0.093450725,0.20789613,0.095583744,0.15570794,0.0007908538,0.0007908538
174,-0.06608785,0.13388713,-0.0589753,0.17511754,0.019523162,-0.3095972,0.06970244,0.124910004,0.12355108,0.0027219818,-0.021419436,0.0027695114,0.11148996,0.007533436,0.1230241,0.00053532154,-0.093343794,0.28246862,0.099782564,0.007537473,0.09731399,0.070436075,-0.14433727,0.33131555,0.057412267,0.05557689,0.051675294,0.13240728,-0.17933571,0.43562034,0.0932974,0.20773718,0.095269606,0.156429,0.0007908538,0.0007908538
175,-0.065999635,0.13414006,-0.058946528,0.17434056,0.020304007,-0.31088486,0.06998596,0.12646452,0.123952985,0.0018309242,-0.02091366,0.0019585546,0.1118207,0.008674948,0.12336142,-0.0003981792,-0.09338611,0.28150198,0.10061934,0.0076000947,0.09815318,0.06996777,-0.14480847,0.33016172,0.057091,0.054607954,0.051359676,0.1325368,-0.18009561,0.43543932,0.092312865,0.20710126,0.094080776,0.15693976,0.0007908538,0.0007908538
176,-0.06608577,0.13492075,-0.059073154,0.17563961,0.019320676,-0.3104399,0.07016192,0.12615103,0.12424331,0.0027271116,-0.021872783,0.0028332944,0.11208306,0.008245046,0.12362443,0.00050792756,-0.09432094,0.28255275,0.101401165,0.0076280585,0.09892391,0.07090031,-0.14562061,0.33104476,0.057770442,0.054964144,0.051996645,0.13333961,-0.18100227,0.43765932,0.09328723,0.20820451,0.0950488,0.15759398,0.0007908538,0.0007908538
177,-0.06648022,0.13569021,-0.05946158,0.1762515,0.020015975,-0.30961013,0.070036374,0.1255011,0.124190606,0.002628912,-0.021155247,0.00427139,0.11201854,0.0075903856,0.123556495,0.00031080563,-0.09354764,0.28377983,0.102201805,0.007529721,0.099714145,0.07053328,-0.14484337,0.33187753,0.058350503,0.05517876,0.052542295,0.13279971,-0.18009889,0.43994012,0.093939885,0.20932357,0.095676094,0.15678434,0.0007908538,0.0007908538
178,-0.06708008,0.13668185,-0.060040504,0.17653091,0.020399299,-0.30934587,0.06953114,0.12573588,0.12374389,0.0019911746,-0.020967409,0.0042687384,0.111560255,0.007698329,0.12309604,-0.00031620916,-0.093751155,0.28324115,0.10217076,0.0070761363,0.09969043,0.07035762,-0.14531136,0.33113286,0.05760246,0.05423893,0.051797595,0.1330537,-0.18077496,0.43978098,0.092892006,0.20871098,0.094463885,0.15731505,0.0007908538,0.0007908538
179,-0.0679455,0.13595048,-0.060840324,0.1777032,0.022938976,-0.30949897,0.06977692,0.12500782,0.12439682,0.0012393418,-0.01838299,0.0048808265,0.11214485,0.0063544707,0.123695515,-0.0014034545,-0.091043994,0.285148,0.10252873,0.006421325,0.10003309,0.06891522,-0.14262484,0.33314237,0.05829904,0.05477523,0.05243589,0.13124749,-0.1777053,0.4429975,0.09446829,0.21038705,0.09611029,0.15498254,0.0007908538,0.0007908538
180,-0.0684353,0.13689582,-0.061353575,0.17957942,0.022869471,-0.30983603,0.06979218,0.12540318,0.12467191,0.0016907174,-0.018519802,0.0045600627,0.11232584,0.006262645,0.12386531,-0.0011425867,-0.091348,0.2851744,0.10264244,0.006115457,0.10011651,0.06931413,-0.14302841,0.33317435,0.05787934,0.054548867,0.051978562,0.13166821,-0.17827018,0.44383645,0.09410902,0.21085982,0.09562778,0.15535338,0.0007908538,0.0007908538
181,-0.06705979,0.13851336,-0.060209863,0.18059143,0.019644795,-0.31091627,0.07082518,0.1272669,0.12565191,0.0042589577,-0.02165405,0.0035263065,0.11321619,0.008003819,0.12473524,0.0014198661,-0.09439531,0.2840327,0.104020655,0.0072422335,0.10144191,0.0718671,-0.1458713,0.33203146,0.05791639,0.05474844,0.051980726,0.13409409,-0.18153772,0.4436911,0.09330755,0.21138139,0.09465367,0.15779327,0.0007908538,0.0007908538
182,-0.06777585,0.13868,-0.060870897,0.1828725,0.020234477,-0.31007907,0.07093001,0.12584905,0.12605435,0.0049257865,-0.020856755,0.0050069517,0.11357017,0.0062799198,0.12508206,0.0018383677,-0.09318285,0.28642994,0.10451847,0.006807555,0.1019045,0.07173448,-0.1443914,0.33435658,0.058848843,0.055765543,0.052847948,0.13324945,-0.1797156,0.44741616,0.0951067,0.2136251,0.09658242,0.15623751,0.0007908538,0.0007908538
183,-0.06825717,0.13958691,-0.061341636,0.18188518,0.021791503,-0.3106135,0.070431195,0.12703927,0.12558162,0.0032591575,-0.019632861,0.0046374695,0.11307491,0.007247757,0.12457992,0.00011879974,-0.09260868,0.28506467,0.10490893,0.006515895,0.102291256,0.070551224,-0.14444615,0.33251414,0.05771453,0.054145955,0.051747363,0.13281308,-0.18007165,0.44628772,0.09284935,0.21227333,0.094014,0.15630972,0.0007908538,0.0007908538
184,-0.068377934,0.14096412,-0.061552342,0.18336706,0.021917293,-0.3112747,0.070642784,0.12809464,0.12597214,0.0037988888,-0.019565992,0.0037296643,0.11334111,0.0078677805,0.12482762,0.00039247074,-0.092696376,0.28422716,0.10511378,0.0065147793,0.10246338,0.070909396,-0.14463364,0.33176786,0.056931604,0.053792607,0.050919622,0.13320813,-0.18040764,0.44625092,0.09173473,0.2125845,0.09268272,0.15665127,0.0007908538,0.0007908538
185,-0.06798168,0.14038642,-0.061239947,0.18573816,0.019880155,-0.31290102,0.07160335,0.12899165,0.12727109,0.005792638,-0.021531334,0.0025920123,0.11452101,0.008047773,0.126012,0.0022878249,-0.094586894,0.28452072,0.105871834,0.006568016,0.10318634,0.072892,-0.14626163,0.33245566,0.057356067,0.054174382,0.0512997,0.13497613,-0.18226832,0.44777384,0.092497304,0.21344732,0.093478784,0.15828888,0.0007908538,0.0007908538
186,-0.06878442,0.13994604,-0.06197284,0.186519,0.021469414,-0.31355044,0.071489215,0.12914895,0.12745968,0.0048925215,-0.020079281,0.0024282874,0.11463537,0.0076373955,0.12612814,0.0011974348,-0.09339565,0.2848318,0.106060416,0.0058615734,0.103366636,0.0719809,-0.14532666,0.33271575,0.057080004,0.053588297,0.05101481,0.13423921,-0.18132046,0.4488324,0.09227875,0.21347563,0.093195245,0.15755616,0.0007908538,0.0007908538
187,-0.07011779,0.14044146,-0.06320305,0.18867281,0.021700328,-0.31292716,0.07081997,0.12829587,0.12709661,0.0046334714,-0.019989531,0.0031125462,0.11423458,0.006378283,0.12572604,0.00090328394,-0.093594074,0.28576845,0.10577696,0.004803727,0.103084564,0.072103634,-0.1456356,0.3335256,0.056802627,0.053090397,0.05071592,0.13454328,-0.18174702,0.45050558,0.09255067,0.21368425,0.09343485,0.15791641,0.0007908538,0.0007908538
188,-0.069888145,0.1405323,-0.06302434,0.18736969,0.022947572,-0.31404322,0.07111721,0.12973055,0.12742604,0.0036277613,-0.018921915,0.002232461,0.114517026,0.0075468277,0.12601367,-0.00018814747,-0.092873506,0.2846337,0.10658531,0.004890714,0.103888065,0.071241535,-0.14526848,0.33228666,0.056319617,0.052164387,0.050243374,0.13409881,-0.18148333,0.45001295,0.09125543,0.2130317,0.09194017,0.15770872,0.0007908538,0.0007908538
189,-0.07082625,0.14152126,-0.06391336,0.18822111,0.024179874,-0.31323513,0.07059867,0.12915893,0.12705413,0.0028793383,-0.01779971,0.0031809974,0.114110515,0.0068268557,0.12560062,-0.0010492387,-0.091954626,0.2852796,0.106727764,0.004312141,0.104029104,0.07050746,-0.14453168,0.3326281,0.05613719,0.051772173,0.050035436,0.13346814,-0.18069871,0.4514397,0.09116885,0.21347204,0.09175991,0.15700364,0.0007908538,0.0007908538
190,-0.070668615,0.14294334,-0.06385857,0.19035034,0.02173731,-0.31277168,0.07082157,0.12907547,0.12734938,0.0047904504,-0.020182533,0.0038445266,0.11435397,0.0066938815,0.12583683,0.0009249151,-0.09427846,0.28591532,0.1075714,0.004536516,0.10485349,0.07263683,-0.14653651,0.33310828,0.05668083,0.052124906,0.050522644,0.13544832,-0.18293689,0.45324084,0.09184352,0.21454647,0.09239768,0.15886942,0.0007908538,0.0007908538
191,-0.0716008,0.14321217,-0.064719796,0.19068697,0.023573065,-0.31280363,0.070456244,0.12908292,0.12720446,0.0035065731,-0.018521687,0.0037608852,0.11415889,0.0063047516,0.12564148,-0.0004981541,-0.09294194,0.28593022,0.107435346,0.0037642042,0.10471933,0.07145895,-0.14552514,0.33308077,0.05607709,0.05137374,0.049911305,0.134543,-0.18190259,0.45385957,0.09129918,0.21438803,0.09173828,0.15803023,0.0007908538,0.0007908538
192,-0.07049837,0.14123295,-0.06371647,0.19048582,0.02416306,-0.31473783,0.07235273,0.1298499,0.12940145,0.004339815,-0.017655779,0.0030331162,0.11625916,0.0064024916,0.12776273,7.605397e-05,-0.091519915,0.28738797,0.10922637,0.004324837,0.10647254,0.07122953,-0.14376815,0.33504108,0.057821825,0.052793924,0.051591057,0.13355279,-0.17973301,0.45727384,0.0936247,0.21674897,0.094262145,0.15627867,0.0007908538,0.0007908538
193,-0.06949098,0.14179784,-0.06286132,0.19102341,0.021120112,-0.31532794,0.07308087,0.13076663,0.13009113,0.0062270523,-0.02066391,0.0028347485,0.116922304,0.007285018,0.12842982,0.0021545785,-0.09452659,0.2872287,0.11061445,0.004980622,0.10783724,0.07352306,-0.14651333,0.33479506,0.05842024,0.05290198,0.05217108,0.1358673,-0.18284209,0.45814434,0.09384892,0.21711521,0.094441675,0.15871485,0.0007908538,0.0007908538
194,-0.06949402,0.14295357,-0.06295127,0.19085601,0.021803208,-0.31589106,0.07319126,0.13196443,0.130272,0.0057733343,-0.020155676,0.0022977986,0.117041804,0.008214843,0.12854606,0.001587529,-0.094381,0.28634432,0.11122677,0.0050609075,0.108430386,0.073233,-0.14667462,0.33374476,0.057876375,0.05214906,0.051609986,0.13595146,-0.18321355,0.45798728,0.09270452,0.21689287,0.09305085,0.15900391,0.0007908538,0.0007908538
195,-0.06958262,0.14392808,-0.06311205,0.19133651,0.022510212,-0.31632906,0.07341345,0.13275924,0.13063475,0.0056556743,-0.019528706,0.0018048248,0.11731648,0.008670222,0.12881227,0.0012801301,-0.09392677,0.28591913,0.111665316,0.005019382,0.10884761,0.07298859,-0.14638275,0.33333784,0.0574669,0.05180969,0.051167656,0.1358014,-0.18298933,0.45849562,0.09206843,0.217262,0.09224357,0.15881169,0.0007908538,0.0007908538
196,-0.07236662,0.14316407,-0.06557739,0.19607733,0.023448998,-0.31512785,0.0723961,0.12995423,0.13039292,0.0052785603,-0.018671075,0.0035992502,0.117018305,0.00489508,0.1285208,0.000763682,-0.09321722,0.28957888,0.11072842,0.0027977366,0.10791336,0.072741956,-0.14566438,0.33702427,0.058024075,0.052121203,0.051669583,0.1353195,-0.18214448,0.46345395,0.0948919,0.21895841,0.095315434,0.15796389,0.0007908538,0.0007908538
197,-0.07112043,0.14600547,-0.064580485,0.19278525,0.0244225,-0.31505322,0.07271399,0.1320516,0.13026498,0.0044337027,-0.017877283,0.0038713524,0.116882384,0.0075847274,0.12838352,-0.0001347881,-0.09278066,0.28769505,0.112613134,0.004305062,0.10976359,0.07180777,-0.14575256,0.3342435,0.057690892,0.05127666,0.051335335,0.13489911,-0.18248226,0.46201396,0.0925777,0.21856265,0.09256,0.15785396,0.0007908538,0.0007908538
198,-0.07118628,0.14696974,-0.06467126,0.19135116,0.02333703,-0.31634426,0.072076626,0.13438897,0.12953931,0.003229199,-0.01956716,0.0022765978,0.116152264,0.009723936,0.12765747,-0.0010072383,-0.09571531,0.28465578,0.11276481,0.0040121106,0.10991995,0.072404616,-0.14950965,0.3308464,0.055747256,0.048540946,0.049479567,0.13700156,-0.18719004,0.45878556,0.08902647,0.21531016,0.08855108,0.1613419,0.0007908538,0.0007908538
199,-0.072800614,0.14991976,-0.06618591,0.19378354,0.022729747,-0.31327385,0.0708513,0.13215347,0.12844418,0.0033147228,-0.020328868,0.005182348,0.11509043,0.0076377513,0.1265742,-0.0008246178,-0.09677907,0.28712887,0.11239646,0.0033625516,0.10954744,0.07277715,-0.1507897,0.3326398,0.056044187,0.049011655,0.049721744,0.13735925,-0.18872142,0.46217957,0.09054203,0.2171586,0.09002794,0.16162659,0.0007908538,0.0007908538
200,-0.073308416,0.1510435,-0.066693544,0.19196916,0.02702571,-0.31279877,0.071015164,0.13228859,0.12875256,0.00085059996,-0.01622843,0.0061420873,0.11536751,0.0075244238,0.12686054,-0.0036147162,-0.09298371,0.2883505,0.11310479,0.003462531,0.11024352,0.06958486,-0.14776164,0.33350316,0.056518003,0.049304258,0.050135344,0.13427594,-0.18551111,0.46476796,0.09153207,0.21894313,0.0908552,0.15829478,0.0007908538,0.0007908538
201,-0.07274395,0.151593,-0.06625274,0.19238397,0.024260916,-0.31392062,0.07148066,0.13378216,0.12931454,0.0018678005,-0.019260025,0.00502298,0.115877464,0.008642747,0.12738377,-0.0023284715,-0.09661682,0.28756985,0.11377564,0.0036671136,0.110909306,0.071718626,-0.15152554,0.33281997,0.05642031,0.048706766,0.050030146,0.1370321,-0.18999195,0.46493876,0.091401026,0.21849856,0.09057597,0.16169567,0.0007908538,0.0007908538
202,-0.073970824,0.15168236,-0.06734592,0.19277117,0.024588902,-0.3142873,0.07073831,0.13414635,0.1288673,0.00037112698,-0.019424323,0.004887698,0.11540892,0.008430476,0.12693183,-0.0036447786,-0.09776494,0.28752506,0.11355535,0.0026176176,0.11070118,0.07149927,-0.15336214,0.33247656,0.05574537,0.047189444,0.049386274,0.13782047,-0.19242857,0.46526685,0.09093489,0.21724729,0.08995415,0.16332076,0.0007908538,0.0007908538
203,-0.0723649,0.15085655,-0.06594393,0.19018738,0.025110332,-0.3164092,0.072418205,0.13630149,0.13058563,0.0001414255,-0.018971143,0.0035653373,0.11706892,0.010184217,0.12862292,-0.003928292,-0.09744212,0.2872551,0.115425736,0.003652195,0.11254557,0.07101485,-0.1532975,0.3324332,0.05671819,0.047535367,0.050325356,0.13744196,-0.19246235,0.46655,0.09170948,0.21815462,0.09065518,0.16294715,0.0007908538,0.0007908538
204,-0.075253956,0.1513104,-0.06849231,0.19328442,0.026825488,-0.3146542,0.07079492,0.13398603,0.12949947,-0.0013915367,-0.01751771,0.0055249697,0.115981944,0.007290804,0.12754253,-0.0055086664,-0.096476115,0.2896353,0.11439791,0.001595064,0.1115291,0.069975466,-0.15272109,0.33437982,0.05641149,0.046887964,0.050006386,0.1366643,-0.19193976,0.46947512,0.09273196,0.21858971,0.091713324,0.16222468,0.0007908538,0.0007908538
205,-0.07479529,0.15112835,-0.068105645,0.19328246,0.025965773,-0.3158283,0.07142319,0.1351357,0.13026425,-0.0009427157,-0.018451743,0.004208106,0.11670502,0.008011702,0.12828037,-0.0050287354,-0.097590685,0.28906956,0.114902996,0.0016244093,0.11201832,0.07070191,-0.15387134,0.33415696,0.05624798,0.046621997,0.049835987,0.13755137,-0.19332497,0.46979466,0.09257001,0.21856742,0.091480225,0.16326664,0.0007908538,0.0007908538
206,-0.07428918,0.15182137,-0.067701325,0.19276,0.026670143,-0.31579137,0.07210531,0.13544361,0.13096248,-0.0007733494,-0.01764655,0.004570872,0.11737489,0.00826577,0.12895437,-0.005025885,-0.09657322,0.28973067,0.116093025,0.0021367918,0.11317846,0.070214145,-0.15284309,0.33471608,0.056905795,0.04721886,0.050444793,0.13672891,-0.19212094,0.47170496,0.09322348,0.22011453,0.09208872,0.16201843,0.0007908538,0.0007908538
207,-0.07364882,0.15234706,-0.06718226,0.19279976,0.025499102,-0.3162756,0.07268228,0.13623244,0.13154805,5.821744e-05,-0.018813323,0.004266803,0.11792328,0.008938933,0.12950566,-0.004159385,-0.09776454,0.2895603,0.11713117,0.0025249158,0.114193484,0.07113971,-0.15393655,0.33453596,0.057173606,0.04722033,0.050689947,0.13764971,-0.19337137,0.47252253,0.09321091,0.22056925,0.09200234,0.1629308,0.0007908538,0.0007908538
208,-0.074797034,0.15350945,-0.06823369,0.19392817,0.026642626,-0.3151401,0.071997955,0.13538392,0.13101508,-0.00062216196,-0.017746504,0.0053086914,0.11737231,0.007978285,0.12894718,-0.0049415543,-0.09683062,0.29027262,0.1170817,0.0017925275,0.114140615,0.07045009,-0.15315607,0.33494765,0.056837693,0.04681493,0.050336972,0.13699263,-0.19251104,0.47385317,0.09303579,0.22098699,0.09175075,0.162149,0.0007908538,0.0007908538
209,-0.075117745,0.15091328,-0.06843692,0.19517338,0.025470946,-0.3172251,0.0725247,0.1359269,0.13205744,-0.00042798597,-0.019081451,0.0039158654,0.118354715,0.0074553275,0.12996212,-0.0045943647,-0.09851634,0.2909115,0.11739285,0.00080464757,0.114446186,0.07143079,-0.15487008,0.33609846,0.057164546,0.046354394,0.050675884,0.13824716,-0.19452651,0.47557014,0.094118744,0.2206775,0.09297328,0.16370718,0.0007908538,0.0007908538
210,-0.0760358,0.15170127,-0.06927614,0.19583827,0.026021354,-0.3168765,0.071904905,0.13585865,0.13157666,-0.0011898453,-0.0187288,0.003956404,0.11785489,0.00715728,0.1294611,-0.0053539164,-0.09855413,0.29067382,0.11713423,5.989714e-05,0.11418852,0.07111883,-0.15519388,0.3357336,0.05636011,0.04543788,0.049884304,0.13830236,-0.19501457,0.47565606,0.09322876,0.2201324,0.09195152,0.16401385,0.0007908538,0.0007908538
211,-0.07639409,0.1522159,-0.0696253,0.19576171,0.02876258,-0.31644648,0.072114885,0.13548268,0.13191761,-0.002013998,-0.015884344,0.0047665657,0.11814583,0.0066227955,0.12974897,-0.0065527004,-0.09544925,0.29176405,0.117809184,3.318851e-05,0.114840806,0.06923722,-0.15222566,0.3366584,0.0567409,0.045953356,0.050215304,0.13598005,-0.1915824,0.47781554,0.09378217,0.22182542,0.092478745,0.16104096,0.0007908538,0.0007908538
212,-0.07618949,0.15460266,-0.06953577,0.1967137,0.026737316,-0.31536302,0.07196176,0.13550894,0.1316186,-0.0006959173,-0.017889615,0.005209436,0.11784904,0.006951509,0.12943588,-0.0051402594,-0.097463496,0.29140666,0.11820226,0.0003558398,0.115216926,0.07077041,-0.15405542,0.33611387,0.056387886,0.045921948,0.049840998,0.1374605,-0.1936542,0.47808146,0.093105644,0.22229007,0.09164912,0.16251212,0.0007908538,0.0007908538
213,-0.07637574,0.15749036,-0.06981019,0.1954589,0.028349051,-0.31422406,0.071437806,0.1360786,0.13086133,-0.0018582214,-0.016472997,0.005878215,0.11708835,0.007912273,0.1286582,-0.0064212773,-0.09641649,0.2903946,0.11858644,0.000698766,0.11559105,0.069569685,-0.15353012,0.33452767,0.055499956,0.04512683,0.04894449,0.1366595,-0.19324653,0.47737345,0.09129659,0.22213222,0.08947987,0.16189632,0.0007908538,0.0007908538
214,-0.07648943,0.15684654,-0.069921836,0.19750702,0.025429565,-0.31515932,0.071819365,0.13636462,0.13162045,-0.00054935645,-0.019564776,0.0052273385,0.11780024,0.0074954843,0.1293953,-0.004835721,-0.09991801,0.29123774,0.11887834,0.00023988992,0.11587622,0.071931794,-0.15688644,0.3356556,0.056067575,0.04513358,0.049482867,0.13930789,-0.19715905,0.47932178,0.0928966,0.22246501,0.091166034,0.1649136,0.0007908538,0.0007908538
215,-0.07434067,0.15641192,-0.06808984,0.19337857,0.024790538,-0.31850654,0.07338087,0.14050986,0.13305855,-0.0012724331,-0.020626787,0.0019336278,0.11918687,0.011203841,0.13081788,-0.0053429296,-0.10186435,0.28834918,0.12036499,0.0014349883,0.11733425,0.07221133,-0.15951927,0.3330845,0.055680756,0.04391018,0.049121346,0.1407209,-0.20056674,0.47708216,0.091345854,0.22079527,0.08928137,0.16740067,0.0007908538,0.0007908538
216,-0.07418207,0.15832101,-0.06809594,0.19474381,0.025060104,-0.31818652,0.07407207,0.14064766,0.13397986,-0.00040606328,-0.020269655,0.0020893142,0.1200093,0.010980678,0.13163063,-0.0047835927,-0.10135922,0.28953347,0.120869055,0.0018994301,0.11778914,0.072230466,-0.15905014,0.33435965,0.056195166,0.045146834,0.04954276,0.14025448,-0.20008756,0.47979078,0.09277989,0.22346202,0.09062988,0.16637091,0.0007908538,0.0007908538
217,-0.075907364,0.16051161,-0.06971833,0.19806796,0.027598701,-0.31670743,0.073653646,0.1392072,0.13407056,-0.0006520812,-0.017677171,0.0033933702,0.11998454,0.0089178225,0.13157763,-0.0056147296,-0.09864446,0.29189163,0.120332494,0.0011522411,0.117202915,0.07068167,-0.15664852,0.3365855,0.05610188,0.046216853,0.04936221,0.13803935,-0.19745073,0.48354998,0.094168305,0.22657552,0.09197485,0.16330282,0.0007908538,0.0007908538
218,-0.076428905,0.16017495,-0.070192486,0.20034178,0.027005345,-0.3175883,0.07399911,0.13935435,0.13490942,-2.9634451e-05,-0.018355839,0.002637946,0.120734274,0.0081595685,0.13233325,-0.005106168,-0.09952864,0.2928995,0.12030833,0.0005038156,0.117148444,0.071346164,-0.15764177,0.3379669,0.056178123,0.04649621,0.049402386,0.13861176,-0.1987028,0.48590806,0.09536566,0.22777057,0.093211524,0.16378292,0.0007908538,0.0007908538
219,-0.07784791,0.16054367,-0.07147859,0.20273057,0.027084379,-0.3178988,0.07350353,0.13936815,0.1349132,-0.00043066806,-0.018569743,0.0017870906,0.12067603,0.007291517,0.13228567,-0.0055343425,-0.10035399,0.29320654,0.11933861,-0.0007528098,0.11618041,0.07166407,-0.15879646,0.33862957,0.05534585,0.04587792,0.04855117,0.13936178,-0.20025058,0.48702952,0.09566418,0.22779647,0.09342643,0.16486591,0.0007908538,0.0007908538
220,-0.076488465,0.16302136,-0.070487775,0.20085591,0.027428122,-0.3190359,0.07432409,0.14219342,0.13552876,-0.00048361905,-0.018403096,-0.00014786275,0.12120471,0.010096825,0.13280617,-0.0057589156,-0.10058307,0.29065567,0.12017093,0.0004464008,0.116966344,0.07154865,-0.15946223,0.33614156,0.05428409,0.045262683,0.04746888,0.13969913,-0.20129706,0.48499852,0.09331803,0.22749572,0.090608045,0.16554084,0.0007908538,0.0007908538
221,-0.078063734,0.16351378,-0.07190909,0.20263427,0.029796889,-0.3190983,0.07378298,0.14200875,0.13545369,-0.0017434716,-0.016230095,-2.1933345e-05,0.12105695,0.009144035,0.13266277,-0.007341751,-0.09879399,0.29144827,0.119896725,-0.00061653805,0.1166666,0.070123754,-0.15816922,0.33678743,0.05373582,0.044714972,0.046895735,0.13844611,-0.20002739,0.4865689,0.09324323,0.22803208,0.09040465,0.16423474,0.0007908538,0.0007908538
222,-0.07951311,0.16393994,-0.0732083,0.20548166,0.029356344,-0.31910926,0.07307631,0.14170508,0.1351794,-0.0017356878,-0.016875695,-0.00017979581,0.12072769,0.008151189,0.13233611,-0.007350794,-0.09989777,0.29185182,0.119380206,-0.0018649164,0.11613933,0.07080511,-0.15943336,0.33719006,0.053029325,0.043872315,0.046186496,0.13945581,-0.20164339,0.4875565,0.093045086,0.22775921,0.090132535,0.16552141,0.0007908538,0.0007908538
223,-0.08031281,0.16569205,-0.07398601,0.20608924,0.030318946,-0.31830356,0.07257156,0.14164124,0.13475783,-0.0023586494,-0.016033182,-6.1510305e-05,0.12027987,0.0079798065,0.13188249,-0.008083942,-0.099295795,0.2916051,0.11916136,-0.0023388646,0.11591342,0.070249826,-0.159073,0.3368342,0.052184906,0.043282326,0.045332357,0.13908187,-0.20133248,0.48778114,0.092148684,0.22781932,0.08903996,0.16518755,0.0007908538,0.0007908538
224,-0.07995603,0.16661575,-0.073740244,0.2065895,0.030606933,-0.31787646,0.07322314,0.14142866,0.13547722,-0.0015886559,-0.015544155,0.00049652514,0.12097006,0.00769836,0.13257065,-0.007519523,-0.09839907,0.29277366,0.120137684,-0.0018999939,0.11685825,0.07017287,-0.1579547,0.3379919,0.052991115,0.044334363,0.04606835,0.13840576,-0.19994926,0.49032152,0.09335947,0.23004486,0.090269126,0.16381922,0.0007908538,0.0007908538
225,-0.08044577,0.16621305,-0.07415322,0.20769453,0.03081163,-0.31809807,0.073437914,0.141132,0.13602437,-0.0015585035,-0.015360265,0.00046405566,0.1214962,0.0068395473,0.13310896,-0.0075579383,-0.09825479,0.29396555,0.12044949,-0.00247158,0.11715502,0.07010866,-0.15786204,0.3393603,0.053357635,0.044585936,0.04640539,0.13818021,-0.19985093,0.492763,0.09454823,0.2311917,0.09153296,0.16336897,0.0007908538,0.0007908538
226,-0.07889739,0.164946,-0.07279953,0.20514292,0.030706802,-0.3206833,0.07479612,0.14363697,0.13740675,-0.0018559899,-0.015631013,-0.001552141,0.12285773,0.008874329,0.13449873,-0.007813424,-0.09887413,0.29287753,0.121987686,-0.0017434693,0.118643105,0.07000946,-0.1588867,0.33844316,0.053606212,0.04412634,0.046668008,0.13849206,-0.20124209,0.49243802,0.0940283,0.23075299,0.090863064,0.16409956,0.0007908538,0.0007908538
227,-0.080837935,0.16567285,-0.07450068,0.20730805,0.030409368,-0.32041124,0.07343065,0.14340547,0.13640855,-0.0028217374,-0.016351422,-0.0016742996,0.121847406,0.00804107,0.13349004,-0.008635679,-0.10048928,0.29264188,0.121025,-0.003367663,0.11768107,0.07036765,-0.16103728,0.3379684,0.05219484,0.04232766,0.045307472,0.13970712,-0.2040193,0.4921352,0.09274356,0.22910838,0.089392245,0.16615139,0.0007908538,0.0007908538
228,-0.083241425,0.16916424,-0.076708965,0.21032332,0.032031424,-0.3171489,0.07169176,0.14112891,0.13481057,-0.00346188,-0.014752684,0.0010059702,0.12022776,0.0059425784,0.13183881,-0.009517194,-0.09892263,0.29408738,0.120294884,-0.0044416445,0.116955325,0.0694161,-0.15959787,0.33863735,0.051436212,0.042069223,0.044516042,0.13857274,-0.20236525,0.4939175,0.092322625,0.23022807,0.088814914,0.16460645,0.0007908538,0.0007908538
229,-0.079520814,0.16858345,-0.073578775,0.20784393,0.031055575,-0.31989914,0.07484099,0.14400393,0.13774568,-0.0010316691,-0.01528608,-0.0010870071,0.123060085,0.00875015,0.13467903,-0.007392791,-0.098595485,0.29346704,0.12329931,-0.0018802042,0.119876824,0.07026672,-0.15870206,0.3386037,0.05312659,0.04399299,0.0461049,0.13849117,-0.20116411,0.49533662,0.093266726,0.2329807,0.08973481,0.1635753,0.0007908538,0.0007908538
230,-0.07920725,0.169955,-0.073436745,0.21124062,0.028222784,-0.31922847,0.07553424,0.14327969,0.13867249,0.0018990115,-0.017820945,-0.00056066667,0.12392253,0.0077945464,0.1355387,-0.004507757,-0.10060774,0.2952593,0.12400022,-0.0015614571,0.12055389,0.07284954,-0.1598691,0.3406597,0.05430892,0.045643974,0.04717209,0.1402719,-0.20230684,0.498981,0.09577642,0.23595099,0.0924068,0.16457069,0.0007908538,0.0007908538
231,-0.08010286,0.17590632,-0.07454615,0.21108757,0.030405032,-0.31692582,0.074312404,0.14399795,0.13716526,0.00047239382,-0.015985014,0.00046710775,0.122315094,0.009075,0.13389474,-0.0061980695,-0.09949598,0.29342112,0.123868346,-0.0012159294,0.12040696,0.07157195,-0.15950446,0.33786085,0.052411184,0.0441979,0.04523962,0.13977282,-0.20225263,0.4970039,0.09253132,0.2354186,0.08846385,0.16450854,0.0007908538,0.0007908538
232,-0.079112306,0.1762625,-0.073846616,0.21137275,0.029426236,-0.31948265,0.075331286,0.14683276,0.13840841,0.0011163251,-0.017210338,-0.0026428145,0.123396575,0.011120231,0.13498847,-0.0056445836,-0.10131182,0.2913372,0.12423273,-0.0009283093,0.12074212,0.07282122,-0.16152267,0.33647966,0.051544864,0.043462276,0.04434098,0.14161067,-0.20486258,0.49601197,0.09147981,0.23489594,0.087122984,0.16688628,0.0007908538,0.0007908538
233,-0.08147144,0.17430085,-0.0758343,0.21417977,0.033410806,-0.3213257,0.07499993,0.14697987,0.13907042,-0.0010566949,-0.013525435,-0.0039997,0.12392236,0.009488693,0.13554537,-0.008338496,-0.098228075,0.2925725,0.12329887,-0.0030194444,0.119796045,0.07048777,-0.15916766,0.33820373,0.05096593,0.042755105,0.04372805,0.13957365,-0.20245324,0.49851674,0.09254365,0.235406,0.08822092,0.164811,0.0007908538,0.0007908538
234,-0.08297428,0.1734264,-0.077112086,0.21721378,0.03268378,-0.3223895,0.07444805,0.14710963,0.13913713,-0.0011737697,-0.014538656,-0.0050403164,0.12393185,0.00850989,0.13557652,-0.0084050475,-0.0998948,0.29291534,0.12267632,-0.0046304027,0.11916756,0.07144273,-0.16104588,0.33880708,0.05029569,0.041634522,0.043066725,0.14107329,-0.20485114,0.49954036,0.09271809,0.23464012,0.08838929,0.16685466,0.0007908538,0.0007908538
235,-0.08362056,0.17468607,-0.077737,0.21875906,0.03299745,-0.3214564,0.07421919,0.1464014,0.13904509,-0.0008704131,-0.014153514,-0.0040118564,0.12380866,0.007695651,0.13544832,-0.008246424,-0.09936903,0.29397225,0.12313342,-0.00487689,0.119607046,0.07142166,-0.16039675,0.33954388,0.050522313,0.04185505,0.04325,0.140772,-0.20404792,0.50140387,0.09309757,0.23587632,0.088734455,0.16613671,0.0007908538,0.0007908538
236,-0.083547115,0.17595798,-0.07775629,0.21909833,0.03314043,-0.32116348,0.07436694,0.14665547,0.13919619,-0.00057665666,-0.013964774,-0.0041156085,0.12392336,0.007928765,0.13555606,-0.008070945,-0.09909779,0.29379267,0.1235666,-0.0047528637,0.12001823,0.071454614,-0.160073,0.3393432,0.05025852,0.041855995,0.04296048,0.14066203,-0.20366296,0.50186723,0.09258255,0.23649785,0.08808903,0.1657914,0.0007908538,0.0007908538
237,-0.08261582,0.1773894,-0.07705455,0.21802223,0.032757696,-0.32128555,0.0748269,0.1477461,0.1394342,-0.0001631135,-0.014333509,-0.0044551613,0.124135435,0.0092581045,0.13575944,-0.0076918113,-0.09945444,0.29279757,0.12466861,-0.0040000137,0.12108107,0.07172534,-0.16045287,0.3381189,0.049990445,0.04156982,0.042686585,0.14096461,-0.20413566,0.50125074,0.0911467,0.23653178,0.0863983,0.16609508,0.0007908538,0.0007908538
238,-0.08321484,0.17690597,-0.07754707,0.21979885,0.033015907,-0.32109126,0.07500866,0.14682418,0.1399617,0.000263174,-0.013934874,-0.003655868,0.12465686,0.007855827,0.13629091,-0.007404044,-0.09876632,0.2948213,0.1253523,-0.0045031244,0.12174406,0.07168706,-0.15952736,0.34007993,0.050942056,0.042255104,0.04358779,0.14041784,-0.20293915,0.50456285,0.092935026,0.23836109,0.088374384,0.16492625,0.0007908538,0.0007908538
239,-0.08229014,0.17591889,-0.076748535,0.21952465,0.03233328,-0.3223877,0.07609332,0.14767173,0.14119609,0.0009957962,-0.014548548,-0.0042961966,0.1258716,0.008284111,0.13752404,-0.006681747,-0.09925886,0.29543084,0.12680414,-0.0041351398,0.12315601,0.07227171,-0.15985176,0.34080297,0.051931754,0.042665906,0.044539127,0.1408216,-0.20328756,0.50641745,0.09400391,0.23939897,0.089509934,0.16511728,0.0007908538,0.0007908538
240,-0.08188033,0.17781255,-0.07652904,0.21818776,0.032758053,-0.32237592,0.07618061,0.1489288,0.14112057,0.0004437362,-0.014318097,-0.0045076874,0.1257668,0.009671176,0.13741902,-0.0072459895,-0.09944214,0.29433542,0.12769201,-0.0036515135,0.12400779,0.07198279,-0.16043818,0.33925748,0.051416997,0.04178999,0.044022206,0.14103316,-0.20417735,0.50552213,0.092377946,0.23887049,0.08752656,0.16573477,0.0007908538,0.0007908538
241,-0.08331205,0.17776877,-0.07776655,0.22108011,0.03098056,-0.3231987,0.07530907,0.149393,0.1407397,0.0004851598,-0.016498532,-0.005674531,0.12534788,0.009224002,0.13701285,-0.006992241,-0.1025439,0.29381043,0.12696724,-0.0052266954,0.12326797,0.073678926,-0.16382207,0.33882597,0.05018549,0.04001253,0.042829264,0.14360942,-0.2083981,0.5052122,0.0913939,0.23707585,0.086395174,0.16930042,0.0007908538,0.0007908538
242,-0.08466272,0.17615613,-0.07885505,0.2210142,0.036457893,-0.32396263,0.075531565,0.14903486,0.14154983,-0.0021240243,-0.011069085,-0.005450123,0.1261177,0.007845278,0.13780715,-0.010224912,-0.09710417,0.29592422,0.12738442,-0.0061702756,0.12365781,0.06966105,-0.15912987,0.34091267,0.050781634,0.040381514,0.0433793,0.13925882,-0.20305282,0.5087013,0.09301545,0.23907998,0.08811507,0.16419393,0.0007908538,0.0007908538
243,-0.08479839,0.17759624,-0.079047866,0.22295344,0.034229014,-0.32349312,0.07538462,0.14893481,0.1414947,-0.000726267,-0.0133105265,-0.005170377,0.12604272,0.007655145,0.1377311,-0.008730862,-0.09944711,0.296279,0.12780124,-0.006198168,0.12404292,0.071443446,-0.16129206,0.3410124,0.05073141,0.040344473,0.043310948,0.1410168,-0.20560513,0.50965124,0.09298657,0.23961964,0.087998636,0.16600883,0.0007908538,0.0007908538
244,-0.082936674,0.17806892,-0.07757019,0.22387588,0.031051073,-0.3247801,0.07684112,0.15034325,0.14294972,0.002129315,-0.016267985,-0.0065752687,0.12743574,0.008887656,0.13912782,-0.005873211,-0.102054924,0.2959617,0.12914938,-0.00505531,0.1253371,0.07412483,-0.16324906,0.34111553,0.05137566,0.041320086,0.04388756,0.14325964,-0.20781939,0.5107173,0.093575135,0.24118009,0.08855134,0.1679034,0.0007908538,0.0007908538
245,-0.08280253,0.18265368,-0.077781685,0.2250515,0.033148393,-0.32246754,0.077150956,0.14973795,0.14310634,0.0029025567,-0.013843299,-0.0048490562,0.12745349,0.008777786,0.1391081,-0.0057316236,-0.09895727,0.29696074,0.12990999,-0.0038254082,0.12607041,0.07299937,-0.1599201,0.3416331,0.051757284,0.043019578,0.044130426,0.14121687,-0.20388363,0.5129825,0.0941384,0.24492016,0.08891302,0.16452578,0.0007908538,0.0007908538
246,-0.084474914,0.18462856,-0.079332486,0.22627285,0.034638304,-0.32223168,0.07603961,0.15033294,0.14228475,0.0012357944,-0.012839706,-0.0049450374,0.12655444,0.008848711,0.13821112,-0.0074925832,-0.098994456,0.29632702,0.12940906,-0.0048407367,0.1255587,0.07227316,-0.16078183,0.34051836,0.050407737,0.04122732,0.042782947,0.14151819,-0.20529811,0.51244736,0.092689805,0.24368066,0.08708292,0.1656861,0.0007908538,0.0007908538
247,-0.086442724,0.18321462,-0.08094396,0.22733173,0.037295964,-0.3234575,0.075360514,0.15067093,0.14227249,-0.0011989451,-0.010628618,-0.0055135605,0.12650976,0.0079482235,0.1381999,-0.010065971,-0.09769489,0.29704157,0.12909774,-0.0065872693,0.1252378,0.07053963,-0.16036463,0.34109145,0.049970325,0.03971032,0.042360026,0.14060557,-0.20514654,0.513668,0.09294872,0.24274787,0.08729178,0.16540512,0.0007908538,0.0007908538
248,-0.089241296,0.18489964,-0.08338355,0.22998671,0.038078908,-0.32222664,0.07336503,0.14984833,0.1406646,-0.0028564334,-0.010322114,-0.0044191144,0.124887,0.006620707,0.13657819,-0.011653184,-0.09840813,0.29735014,0.12817349,-0.0084591,0.12431684,0.07020461,-0.16176796,0.3406073,0.04860968,0.037608285,0.04104327,0.14125124,-0.20709865,0.51360226,0.09158986,0.24105412,0.08568249,0.16696362,0.0007908538,0.0007908538
249,-0.08824276,0.18563977,-0.082655996,0.22967394,0.038836297,-0.32313487,0.07442564,0.15113293,0.14176445,-0.0023252899,-0.009453756,-0.0054795328,0.12589975,0.007660894,0.13758856,-0.011447145,-0.097330905,0.2969884,0.12920354,-0.0077357674,0.12530501,0.06993698,-0.1606433,0.34049818,0.04874677,0.03811085,0.04111772,0.14069214,-0.20583524,0.51451397,0.09156679,0.24250825,0.085508704,0.16592269,0.0007908538,0.0007908538
250,-0.08701218,0.18562639,-0.08171555,0.23304248,0.036834065,-0.32355696,0.07625902,0.15060931,0.14399175,0.0012064293,-0.0109117655,-0.00508604,0.12803483,0.006579598,0.13972841,-0.008253227,-0.09773937,0.30018944,0.13097845,-0.0067116264,0.12703504,0.072011374,-0.15992731,0.34404525,0.05141825,0.041245405,0.043599654,0.14129987,-0.20472735,0.5206264,0.096242204,0.24783896,0.09057115,0.1648697,0.0007908538,0.0007908538
