Epoch,Layer0_theta_1,Layer0_r,Layer0_theta_2,Layer0_bx,Layer0_bp,Layer0_gamma,Layer1_theta_1,Layer1_r,Layer1_theta_2,Layer1_bx,Layer1_bp,Layer1_gamma,Layer2_theta_1,Layer2_r,Layer2_theta_2,Layer2_bx,Layer2_bp,Layer2_gamma,Layer3_theta_1,Layer3_r,Layer3_theta_2,Layer3_bx,Layer3_bp,Layer3_gamma,Layer4_theta_1,Layer4_r,Layer4_theta_2,Layer4_bx,Layer4_bp,Layer4_gamma,Layer5_theta_1,Layer5_r,Layer5_theta_2,Layer5_bx,Layer5_bp,Layer5_gamma
1,0.07545434,0.080761604,0.07547147,0.067429766,-0.06941701,-0.027934061,0.07547082,0.080790125,0.07547879,0.068911515,-0.06954203,-0.02409257,0.07547681,0.080790125,0.075480364,0.06998664,-0.06961493,-0.017593378,0.075477175,0.080790125,0.075476274,0.07075519,-0.0696473,-0.007387308,0.075471304,0.080790125,0.07546131,0.07129513,-0.069644004,0.0052170325,0.0754534,0.080697,0.07542585,0.071675375,0.0007908538,0.0007908538
2,0.11502086,0.13804804,0.1154697,0.09810532,-0.060133237,-0.017279044,0.11525067,0.124816015,0.115873694,0.096309274,-0.05981188,-0.00903004,0.11538545,0.1223336,0.11524011,0.09465733,-0.05950095,-0.004398274,0.11486337,0.123166375,0.11371728,0.09327643,-0.059144348,0.010946293,0.11339205,0.12791483,0.11176686,0.09193155,-0.058770023,0.044465132,0.11133652,0.13981993,0.110566154,0.09059478,0.0007908538,0.0007908538
3,0.079793185,0.15804173,0.08089312,0.11971028,-0.030309437,0.011273701,0.080233365,0.10200667,0.08219929,0.10714332,-0.028724276,0.0017606727,0.08122841,0.09289355,0.08183211,0.09869135,-0.027745444,-0.027355358,0.08124489,0.09434916,0.07864835,0.09279852,-0.027190013,-0.02093745,0.07810908,0.10853678,0.074648306,0.08879889,-0.026742227,0.0531753,0.073869556,0.16181886,0.07233387,0.08546697,0.0007908538,0.0007908538
4,0.079357274,0.17941926,0.076367326,0.13482398,-0.035299584,0.014939764,0.07499871,0.102124855,0.07675153,0.118505016,-0.032761488,0.00013907795,0.07517009,0.08967178,0.07616623,0.10873283,-0.031581428,-0.039798744,0.075166106,0.09065679,0.072303414,0.10316719,-0.030976975,-0.031319167,0.071399674,0.108270906,0.068380736,0.09961371,-0.03042442,0.06837277,0.06777009,0.18053873,0.07066874,0.09668298,0.0007908538,0.0007908538
5,0.101605386,0.20361759,0.0918982,0.14342223,-0.0428181,0.016511483,0.0900541,0.11759795,0.090378456,0.124748245,-0.039947964,0.004549877,0.0883615,0.10429109,0.089338064,0.11491327,-0.039070226,-0.034584604,0.08783649,0.104520656,0.085323334,0.11128679,-0.038621858,-0.02101598,0.08395894,0.12264485,0.08278254,0.108891115,-0.038045518,0.0947736,0.08270282,0.20197862,0.092756055,0.10637286,0.0007908538,0.0007908538
6,0.09272482,0.20821866,0.0849961,0.14743672,-0.048170567,0.008620038,0.08276767,0.11443999,0.08395588,0.12908286,-0.04489943,-0.005738175,0.08166097,0.09935622,0.082921624,0.119538054,-0.043798666,-0.047303975,0.08150886,0.09973143,0.07864127,0.11589485,-0.043398228,-0.031421654,0.07723808,0.11943061,0.07519046,0.113819346,-0.04311229,0.09269505,0.07477456,0.20514143,0.082845405,0.11200503,0.0007908538,0.0007908538
7,0.08844018,0.21110766,0.08170271,0.14429797,-0.033997748,0.016449612,0.07989738,0.113762535,0.08148087,0.12385842,-0.031225925,0.00072609994,0.07933339,0.09796528,0.0806245,0.11299397,-0.030227447,-0.042363226,0.078988165,0.0985496,0.07568246,0.10844891,-0.02966579,-0.027317252,0.07407819,0.11990711,0.07125369,0.10559978,-0.028593944,0.1008195,0.07097008,0.21074694,0.07782718,0.102045804,0.0007908538,0.0007908538
8,0.09378699,0.21624859,0.08563361,0.14538974,-0.035957877,0.016351169,0.08367882,0.11758135,0.08498544,0.12473604,-0.0331702,0.0020028963,0.08268541,0.10155668,0.08395177,0.114087924,-0.032253854,-0.03965077,0.08213087,0.101917654,0.07886502,0.11012753,-0.031721763,-0.023313746,0.077092424,0.123319745,0.07456353,0.10761603,-0.03065406,0.10771049,0.074428596,0.21515076,0.08264011,0.10421114,0.0007908538,0.0007908538
9,0.091758706,0.21680462,0.08416556,0.14768137,-0.043420896,0.009883031,0.08183754,0.11655087,0.08336482,0.12811582,-0.040318727,-0.004230664,0.08083563,0.10004171,0.08216993,0.11819343,-0.0392813,-0.04529838,0.08040278,0.100361034,0.077104345,0.11462552,-0.038829826,-0.027758664,0.07531549,0.12177458,0.07260341,0.112582974,-0.038193475,0.10461603,0.07224972,0.21402965,0.07977914,0.11019349,0.0007908538,0.0007908538
10,0.09192099,0.21768057,0.08430051,0.14587481,-0.03754785,0.014987142,0.08215908,0.11710645,0.083677776,0.12548491,-0.03470999,0.0010503989,0.081210226,0.10055428,0.082504086,0.11506401,-0.033769105,-0.039859977,0.08057098,0.10086637,0.077148594,0.111220226,-0.0332755,-0.023281522,0.075244814,0.122686036,0.07236482,0.108870886,-0.032325845,0.109167516,0.07216912,0.21606083,0.07957847,0.105705746,0.0007908538,0.0007908538
11,0.09202912,0.21817723,0.08439239,0.14630918,-0.039158124,0.014241914,0.082150176,0.1172463,0.083680995,0.1261492,-0.036265474,0.0008032743,0.081139594,0.10057337,0.0824379,0.11590815,-0.03531002,-0.03948338,0.08046155,0.10081235,0.07702879,0.1121978,-0.034835123,-0.022899099,0.075079136,0.12262261,0.07217086,0.10997195,-0.033972472,0.10957452,0.07197044,0.2161182,0.079317965,0.10702078,0.0007908538,0.0007908538
12,0.09213434,0.21848336,0.08447875,0.14694294,-0.04135046,0.012055423,0.08211273,0.11727811,0.08364735,0.12708755,-0.03837364,-0.00076791923,0.0810348,0.10052184,0.08233627,0.11706506,-0.03739229,-0.040258933,0.080371164,0.10071779,0.076947756,0.11350619,-0.03693868,-0.023409212,0.07498093,0.122462094,0.07207719,0.11142728,-0.036192495,0.10909259,0.07183919,0.21588233,0.07916012,0.10876482,0.0007908538,0.0007908538
13,0.09223109,0.21866405,0.08455517,0.14577137,-0.037543323,0.012800737,0.08229916,0.11744476,0.08380275,0.12538312,-0.034731094,0.0004987866,0.08125705,0.10076285,0.0825167,0.11501724,-0.03380872,-0.038333092,0.08054943,0.10103381,0.077066876,0.11125316,-0.03332573,-0.02169868,0.075073116,0.12298734,0.07210304,0.108955145,-0.032378066,0.11077214,0.071920805,0.21685804,0.079211034,0.10578807,0.0007908538,0.0007908538
14,0.09180611,0.2185719,0.084249675,0.1461722,-0.038920816,0.01094224,0.08191401,0.117166765,0.08345143,0.12600252,-0.036049172,-0.0008580013,0.08086851,0.10042611,0.08213482,0.11577099,-0.035101008,-0.03902488,0.080193095,0.100681014,0.07670789,0.11207017,-0.03462889,-0.022333391,0.07470823,0.12260884,0.07170459,0.10985336,-0.03375849,0.10993378,0.07148005,0.2164457,0.07862041,0.106880404,0.0007908538,0.0007908538
15,0.09298643,0.2192024,0.085119136,0.14648828,-0.03994886,0.010074685,0.08272534,0.117837995,0.084183626,0.12640898,-0.037047938,-0.0009330491,0.081572,0.101118915,0.08282881,0.1162784,-0.036103915,-0.038204826,0.080876835,0.10130759,0.077427275,0.11270916,-0.03563981,-0.021491027,0.07540531,0.12313353,0.072501265,0.110578835,-0.034804884,0.11056575,0.072308116,0.21679024,0.07976068,0.10771479,0.0007908538,0.0007908538
16,0.091481216,0.21861635,0.084024705,0.14603248,-0.038553484,0.009239647,0.08165264,0.11701303,0.08320696,0.12582712,-0.03569859,-0.0015259588,0.080618665,0.100247286,0.081872605,0.11557174,-0.034753554,-0.0384118,0.07995083,0.1005065,0.076436825,0.11184358,-0.034280762,-0.021973897,0.074411735,0.12250114,0.071345545,0.109607846,-0.0333974,0.10976305,0.071111575,0.2164999,0.07809859,0.10659439,0.0007908538,0.0007908538
17,0.09231576,0.21911786,0.084644526,0.14562933,-0.037227638,0.011159721,0.082310356,0.11759854,0.083804235,0.12520151,-0.034436412,0.000950456,0.08123182,0.100867465,0.082468435,0.1148258,-0.033522252,-0.035378657,0.08047711,0.10106675,0.076955535,0.11106658,-0.033039156,-0.019608218,0.074884064,0.12309581,0.0718429,0.108767964,-0.032075338,0.11152699,0.071703635,0.2172167,0.0788806,0.10555868,0.0007908538,0.0007908538
18,0.09251191,0.21931508,0.08479622,0.14689626,-0.04135954,0.008566412,0.08228743,0.11762724,0.0837903,0.12703256,-0.03839922,-0.001009031,0.081119515,0.10079256,0.08238178,0.117042884,-0.037428014,-0.03657275,0.080393516,0.10088497,0.076919444,0.11354324,-0.036975406,-0.020685583,0.074836634,0.12271651,0.071849346,0.111503065,-0.036220655,0.11009836,0.07165218,0.21646355,0.0788602,0.10883758,0.0007908538,0.0007908538
19,0.091602236,0.21905252,0.084143355,0.14573453,-0.03755655,0.010671866,0.08175646,0.11726662,0.08330799,0.1253654,-0.034745906,0.0012896282,0.08070787,0.100448176,0.0819475,0.1150207,-0.033816285,-0.034013845,0.07992707,0.10060458,0.07636684,0.11125018,-0.03333602,-0.018947933,0.07425174,0.12270154,0.07110543,0.10896918,-0.03239858,0.11128071,0.07096371,0.2170207,0.07785396,0.10582022,0.0007908538,0.0007908538
20,0.09331484,0.22004882,0.08541641,0.1465963,-0.040272113,0.008033872,0.08290123,0.11823422,0.08435168,0.12652631,-0.037363846,-0.00034789162,0.08167855,0.101403095,0.08291444,0.11643396,-0.03641786,-0.034475658,0.08089931,0.10147073,0.07740513,0.112921126,-0.0359549,-0.018957054,0.075272806,0.123373926,0.0722872,0.1108397,-0.035127748,0.111334346,0.072139315,0.21732628,0.07947718,0.108008295,0.0007908538,0.0007908538
21,0.09142639,0.21933863,0.084047414,0.14605221,-0.038371176,0.009262463,0.081587106,0.11726662,0.08316826,0.12576856,-0.035522424,0.0008267446,0.08052901,0.10036262,0.08177088,0.11549481,-0.034575254,-0.03328125,0.079739325,0.10047492,0.07615966,0.11177449,-0.034096457,-0.0186097,0.07400976,0.122597985,0.07080948,0.10955176,-0.03319394,0.11098086,0.07065502,0.21702968,0.077409565,0.10651359,0.0007908538,0.0007908538
22,0.092826165,0.22014482,0.08508652,0.14640021,-0.039453205,0.0097644925,0.082574286,0.11812612,0.08407135,0.12620854,-0.036571,0.002029357,0.08139352,0.10122357,0.082631044,0.11603438,-0.03562555,-0.031304874,0.08054355,0.101226896,0.07700133,0.11245092,-0.035152946,-0.016928352,0.07481331,0.123240724,0.071719415,0.11031995,-0.03428432,0.11223194,0.07163421,0.21750803,0.0787467,0.10738991,0.0007908538,0.0007908538
23,0.09284243,0.2203809,0.08511599,0.14633851,-0.039662626,0.008734765,0.08256023,0.11818159,0.08406193,0.12621228,-0.03678668,0.0015534456,0.08134843,0.101228125,0.08257771,0.11609154,-0.035848,-0.03100584,0.08047889,0.1012177,0.07691991,0.11254522,-0.0353857,-0.016615104,0.074705884,0.12325793,0.07157943,0.110442005,-0.034537666,0.112435155,0.07149041,0.21761753,0.078531265,0.10753945,0.0007908538,0.0007908538
24,0.09217621,0.22033553,0.08464839,0.14607054,-0.03954896,0.007623104,0.0820601,0.11787185,0.08361581,0.1260052,-0.03669997,0.00084832043,0.08086776,0.100835085,0.08209355,0.115931675,-0.035774965,-0.031043915,0.07998198,0.10083259,0.07638113,0.11239194,-0.03533082,-0.016623424,0.07413693,0.12295816,0.07090721,0.11029851,-0.0345079,0.11239821,0.07079386,0.21754283,0.077550724,0.10739877,0.0007908538,0.0007908538
25,0.09239474,0.2207746,0.08483792,0.14538305,-0.038331013,0.007845231,0.08226477,0.11816889,0.0838155,0.1252188,-0.03556829,0.001598227,0.081061296,0.10110688,0.08227323,0.115103945,-0.034689452,-0.029537745,0.080128156,0.10110281,0.07649593,0.11155184,-0.034262422,-0.015222973,0.074211456,0.12332986,0.07093714,0.109415926,-0.03340619,0.11377236,0.070871934,0.21819668,0.07759957,0.10634541,0.0007908538,0.0007908538
26,0.092570275,0.22116815,0.084995285,0.14578393,-0.04047936,0.0070538293,0.0823246,0.11837458,0.08389552,0.12597899,-0.037659626,0.0013183712,0.081067175,0.10120451,0.082298845,0.116130866,-0.036773957,-0.029106863,0.08010798,0.10110199,0.07648868,0.11276855,-0.03638136,-0.01486316,0.07416449,0.123252966,0.07088941,0.11079697,-0.035653207,0.11390675,0.070827566,0.21805874,0.07753077,0.1080071,0.0007908538,0.0007908538
27,0.09239002,0.22130115,0.08488225,0.14525126,-0.039378803,0.007834841,0.0822352,0.11839989,0.08382484,0.1253417,-0.036625095,0.0024349354,0.0810014,0.10120749,0.08222685,0.11543493,-0.035770454,-0.027488124,0.080003716,0.1011018,0.07635097,0.112029485,-0.035387896,-0.013627291,0.073995404,0.1233511,0.07065651,0.11000625,-0.03462755,0.11483372,0.07063607,0.21841314,0.07722799,0.107071854,0.0007908538,0.0007908538
28,0.09206792,0.22133568,0.08466187,0.1452124,-0.03973698,0.00681408,0.08198139,0.11827277,0.08360368,0.12539513,-0.036984026,0.001817602,0.08075174,0.10102228,0.08198036,0.115558915,-0.036134075,-0.02747646,0.07975021,0.10090424,0.076080866,0.112190604,-0.03576676,-0.0136536015,0.07370542,0.12318045,0.07031666,0.11020246,-0.035043277,0.11465374,0.07027776,0.21833524,0.076723225,0.10732383,0.0007908538,0.0007908538
29,0.092077024,0.2214813,0.08468057,0.14502992,-0.039410792,0.00508886,0.08198982,0.11831584,0.08361235,0.12518875,-0.03668182,0.0006201981,0.08075093,0.1010528,0.08196971,0.11534348,-0.03584413,-0.02788695,0.07976133,0.10095956,0.07607966,0.111972384,-0.035480965,-0.013873912,0.073696546,0.12327559,0.07028865,0.10997406,-0.034747437,0.114474125,0.070222355,0.21851823,0.07662755,0.10705091,0.0007908538,0.0007908538
30,0.09317941,0.22215411,0.08550074,0.14501508,-0.03940083,0.005580059,0.08278934,0.11899275,0.084337965,0.12515523,-0.03668216,0.0016677601,0.08145437,0.101741955,0.082655884,0.115316786,-0.03585615,-0.026171742,0.08040711,0.101601325,0.076737136,0.111998215,-0.03548964,-0.012450594,0.07432472,0.12389093,0.07098047,0.110018484,-0.034737196,0.11555541,0.070963904,0.21910834,0.07762197,0.10706764,0.0007908538,0.0007908538
31,0.09200674,0.22180352,0.08465656,0.14512494,-0.03968809,0.0060003023,0.08191489,0.118369274,0.083555676,0.12533318,-0.036951676,0.0021078363,0.08064365,0.10101191,0.08185643,0.11553205,-0.036107726,-0.02558928,0.07957354,0.10085486,0.07585619,0.11219264,-0.03574109,-0.012488325,0.07342093,0.12322516,0.06994129,0.1102255,-0.035012636,0.11490236,0.06989771,0.21864423,0.076154135,0.10734646,0.0007908538,0.0007908538
32,0.09210747,0.2221182,0.0847545,0.14572343,-0.041743554,0.005714545,0.08192533,0.11850485,0.08358914,0.12623672,-0.038931854,0.0021428005,0.080611944,0.10104398,0.08184537,0.116654046,-0.038062084,-0.02507465,0.07952056,0.1007926,0.075815916,0.113468796,-0.037707172,-0.012247982,0.0733542,0.12308719,0.06987527,0.11164487,-0.037073363,0.11474462,0.0698301,0.2184226,0.07606522,0.10903738,0.0007908538,0.0007908538
33,0.092646055,0.22297284,0.085200146,0.14412145,-0.038439102,0.005713322,0.082434125,0.119104356,0.084068194,0.12429352,-0.0358292,0.0027400744,0.0810946,0.10162748,0.08228521,0.11452746,-0.035063382,-0.02349032,0.07992271,0.101450406,0.07615036,0.1112492,-0.03473849,-0.010376673,0.07363414,0.12398855,0.07007862,0.10927564,-0.033999406,0.11719114,0.07009784,0.21991345,0.07631651,0.10620739,0.0007908538,0.0007908538
34,0.09182912,0.22313224,0.08464819,0.14476617,-0.04219189,0.0009893775,0.08169977,0.118750796,0.08344173,0.1256094,-0.039484788,-0.0014429509,0.08031981,0.10102409,0.08154389,0.11632608,-0.038701497,-0.026688205,0.07915781,0.10077809,0.07537584,0.11335066,-0.038439576,-0.012698115,0.07281151,0.123252206,0.06916017,0.111662045,-0.037937358,0.11546078,0.0690377,0.21916129,0.07485756,0.10911799,0.0007908538,0.0007908538
35,0.09338038,0.22430353,0.085821055,0.14331605,-0.039037224,0.0050214636,0.08294564,0.11988921,0.08458078,0.12379713,-0.036519174,0.003001466,0.08147141,0.10220802,0.08264923,0.11431478,-0.03583766,-0.021704221,0.08015055,0.1019486,0.07632997,0.111269146,-0.035596643,-0.00840706,0.0736958,0.12458694,0.07005744,0.109436795,-0.034973625,0.11949271,0.07012223,0.22093217,0.076236576,0.10642635,0.0007908538,0.0007908538
36,0.09212123,0.22399469,0.08492044,0.14406532,-0.04222128,0.0038051947,0.08190324,0.11918914,0.08365974,0.12508847,-0.039596286,0.0018310074,0.08043754,0.1012969,0.081651226,0.11597851,-0.038875975,-0.022625599,0.07909269,0.10094453,0.07525083,0.11313958,-0.038669698,-0.009546493,0.072576284,0.123531304,0.06881496,0.11152698,-0.038231354,0.117980786,0.068797104,0.21985073,0.0744457,0.10898076,0.0007908538,0.0007908538
37,0.09285662,0.22457398,0.085478164,0.14344746,-0.041007683,0.005748144,0.0824836,0.11973459,0.084192306,0.12433326,-0.038462732,0.0040863445,0.08096621,0.101854384,0.08216003,0.1151538,-0.037788916,-0.019887691,0.079540804,0.10148255,0.075681254,0.11229868,-0.037597746,-0.0072698956,0.07296719,0.12414178,0.069209136,0.11063704,-0.03712058,0.11996106,0.06928343,0.22066882,0.07506089,0.107906125,0.0007908538,0.0007908538
38,0.0920971,0.22441599,0.08493696,0.14367342,-0.042217918,0.0029438431,0.08187336,0.11931402,0.08364906,0.124794215,-0.039638523,0.001592964,0.08036171,0.10131986,0.0815648,0.11577683,-0.038952406,-0.021730943,0.07895168,0.10094481,0.07507142,0.11300444,-0.038777728,-0.008739725,0.07234218,0.123611085,0.06850487,0.11143085,-0.03837647,0.118660904,0.06848169,0.22017784,0.07396529,0.10888562,0.0007908538,0.0007908538
39,0.09323262,0.22514917,0.085786395,0.14299884,-0.04031649,0.0035764067,0.08277175,0.120076954,0.08446437,0.12384986,-0.037830267,0.0026944207,0.081197254,0.10214269,0.082368925,0.114667684,-0.03718994,-0.019951561,0.07974205,0.10179222,0.07585528,0.11182695,-0.03701149,-0.007061892,0.0731092,0.124533616,0.06932123,0.11015075,-0.036515716,0.120331675,0.06936475,0.22127187,0.07511819,0.10731765,0.0007908538,0.0007908538
40,0.0924639,0.22493137,0.085234806,0.143012,-0.040570974,0.002863304,0.08219499,0.11966314,0.083948,0.12392473,-0.038081396,0.0020770854,0.08065402,0.10165624,0.08182981,0.11478975,-0.037438683,-0.020259462,0.07919042,0.10131115,0.07527101,0.11195883,-0.037268717,-0.0075523444,0.07250912,0.12410815,0.06863022,0.110304475,-0.036800325,0.11962012,0.06862442,0.22097802,0.07409833,0.107528314,0.0007908538,0.0007908538
41,0.09415121,0.22590014,0.08648752,0.14304733,-0.040857676,0.0033776716,0.0834295,0.12072251,0.08507791,0.123996,-0.038368255,0.0031233155,0.081765816,0.10274769,0.082932316,0.114896595,-0.037735898,-0.01853643,0.08026233,0.10233949,0.07638619,0.11214633,-0.03756478,-0.0059839147,0.07360683,0.12505838,0.06986225,0.11052965,-0.037088238,0.12099231,0.06992525,0.22180727,0.0758497,0.10774408,0.0007908538,0.0007908538
42,0.09156308,0.22494291,0.084616296,0.14300144,-0.040917777,0.0027601528,0.08154593,0.119332746,0.083393514,0.124009766,-0.038431134,0.0021549496,0.08006555,0.10119828,0.08125836,0.114959314,-0.037790246,-0.019620648,0.078583665,0.10083155,0.07461911,0.11216586,-0.037632298,-0.007482554,0.07182664,0.12372264,0.06781892,0.11055328,-0.037196282,0.11916442,0.06777916,0.22086303,0.07289831,0.10784836,0.0007908538,0.0007908538
43,0.0934326,0.2261464,0.086016335,0.14316839,-0.041759163,0.0024263316,0.08290007,0.120546415,0.084642805,0.124312304,-0.03925705,0.0024419045,0.08127259,0.10240489,0.082459666,0.11536906,-0.03862186,-0.018508304,0.07975098,0.1019608,0.07583481,0.11271036,-0.038464915,-0.00623584,0.07301765,0.12475576,0.069152504,0.111179955,-0.03804205,0.12049695,0.06916441,0.22176598,0.07475295,0.10853545,0.0007908538,0.0007908538
44,0.09189081,0.22563319,0.08490597,0.14224747,-0.039087165,0.0024181495,0.081866436,0.11976882,0.08370891,0.12303015,-0.036703683,0.0023062087,0.08037847,0.10159486,0.08154925,0.11385957,-0.036113508,-0.01853638,0.07885139,0.101270966,0.07483966,0.11100739,-0.03596383,-0.0065717385,0.07201232,0.12433176,0.06794359,0.10931047,-0.035457153,0.12005989,0.0679065,0.22188179,0.072979026,0.10634967,0.0007908538,0.0007908538
45,0.093337856,0.2265383,0.085986406,0.14350122,-0.042661376,0.001053903,0.08281033,0.12063221,0.08458907,0.12476912,-0.040124163,0.0014556295,0.08116276,0.10237378,0.082356535,0.115924485,-0.039471176,-0.018717783,0.07961961,0.10189785,0.07568463,0.11333917,-0.03930933,-0.006680104,0.072839946,0.12471972,0.068924695,0.11188124,-0.038912233,0.11975274,0.06887223,0.22183883,0.07432026,0.10936259,0.0007908538,0.0007908538
46,0.09344208,0.22679108,0.08608062,0.14281325,-0.040219724,0.003124941,0.08297203,0.12078866,0.084734,0.12369321,-0.037778776,0.003532338,0.08134434,0.10256421,0.08250809,0.11459923,-0.037162174,-0.016513003,0.07974907,0.10214884,0.075764276,0.11185623,-0.036989227,-0.005135014,0.072905175,0.12514248,0.06893264,0.11024499,-0.036480103,0.12088943,0.06893021,0.22261494,0.07434644,0.107395105,0.0007908538,0.0007908538
47,0.09250708,0.22653311,0.0854102,0.14252503,-0.039389957,0.0015743268,0.082307726,0.12029141,0.08413381,0.123287134,-0.03698705,0.0020549954,0.08073464,0.1020075,0.08188874,0.11412585,-0.036384128,-0.017666424,0.07913758,0.10165755,0.07509801,0.111315824,-0.036217306,-0.006249299,0.07222827,0.12478358,0.06813341,0.10965507,-0.035692427,0.119816795,0.06804353,0.22251704,0.07311339,0.10672083,0.0007908538,0.0007908538
48,0.092288084,0.22663556,0.08526703,0.14316477,-0.041624065,0.0019758285,0.08207156,0.12020042,0.08393931,0.124279074,-0.039139036,0.0024622455,0.08046819,0.10179872,0.0816451,0.1153609,-0.03850344,-0.017122192,0.07883445,0.10135452,0.07479868,0.11271145,-0.038343675,-0.006178209,0.07190022,0.12440893,0.06777878,0.111205935,-0.037914574,0.11936205,0.067673884,0.2220566,0.072623715,0.10857934,0.0007908538,0.0007908538
49,0.0935297,0.22741684,0.08619507,0.14227666,-0.039198373,0.0017916418,0.0830693,0.12103757,0.08484299,0.12305485,-0.036829982,0.0027488484,0.081406504,0.10271729,0.08254605,0.11392317,-0.03625206,-0.016129674,0.07974468,0.10233589,0.07570264,0.11116744,-0.036093827,-0.005062818,0.07279524,0.12549198,0.06873353,0.1095246,-0.035559073,0.12068778,0.068663016,0.22334494,0.07391182,0.106536575,0.0007908538,0.0007908538
50,0.09274084,0.22721034,0.08563127,0.142948,-0.041555226,0.0027659237,0.08241489,0.12061153,0.08427088,0.12409528,-0.03909848,0.0035401573,0.08076898,0.10215992,0.08194115,0.11521785,-0.03848436,-0.015418622,0.07907911,0.101685435,0.07502975,0.11261457,-0.03833751,-0.005077308,0.0720963,0.12478663,0.06796307,0.11113094,-0.03791344,0.11991794,0.06787405,0.2225878,0.07285382,0.108481094,0.0007908538,0.0007908538
51,0.09234782,0.22717568,0.085354835,0.14306791,-0.042204257,0.0037053372,0.08210042,0.12041585,0.08399476,0.124336235,-0.039731126,0.004417557,0.080456935,0.10189431,0.0816362,0.1155476,-0.039112024,-0.01442909,0.078730315,0.101382874,0.07466161,0.11299531,-0.03897366,-0.004588235,0.0717061,0.12449872,0.06751546,0.11156233,-0.038587876,0.11992766,0.0674307,0.22236688,0.07224604,0.1090111,0.0007908538,0.0007908538
52,0.09413149,0.22821735,0.086678304,0.14295943,-0.04219164,0.002573682,0.08340577,0.12152101,0.085184745,0.12423993,-0.039734203,0.0039247912,0.081619315,0.10302756,0.082780346,0.115464695,-0.039132167,-0.013971558,0.07986625,0.10248616,0.07583944,0.11297053,-0.038995743,-0.003723112,0.0728702,0.12553842,0.06881907,0.111555986,-0.038595,0.12108127,0.06876167,0.22330357,0.07402991,0.108952716,0.0007908538,0.0007908538
53,0.0914642,0.22732522,0.08475471,0.14275168,-0.04244614,-0.0009934442,0.0814439,0.12008612,0.08342976,0.12416745,-0.040011752,0.00023692212,0.07980887,0.10138409,0.080986895,0.11551141,-0.03942192,-0.017298477,0.07807138,0.10090838,0.07394192,0.11303332,-0.03931741,-0.0065282644,0.07094277,0.1241512,0.06659924,0.111656874,-0.038984988,0.11878204,0.06636048,0.22235426,0.07072522,0.109164566,0.0007908538,0.0007908538
54,0.09363136,0.22879285,0.086381055,0.14161164,-0.040150806,0.0019948652,0.083115675,0.1215626,0.084958136,0.12278394,-0.03786033,0.0036192876,0.08134328,0.10292234,0.08248068,0.113988124,-0.0373544,-0.013313451,0.079500556,0.102443285,0.07537391,0.11147242,-0.03727354,-0.0028799132,0.07233358,0.12577489,0.06809268,0.10999231,-0.036861144,0.12240361,0.06802378,0.2242405,0.07289901,0.10712818,0.0007908538,0.0007908538
55,0.09353634,0.22904275,0.08633654,0.1426576,-0.043726582,0.0007337909,0.08292794,0.12156265,0.08481999,0.12439843,-0.041302275,0.0024800794,0.08109528,0.10274897,0.08227047,0.11599022,-0.040741175,-0.014108759,0.07923241,0.10213569,0.0751314,0.11373752,-0.04066467,-0.0037109205,0.072060354,0.12531783,0.06781842,0.112506285,-0.04039221,0.12136193,0.06768994,0.22356132,0.07246279,0.1101278,0.0007908538,0.0007908538
56,0.09366521,0.22931491,0.08644938,0.1415106,-0.04054633,0.0015659768,0.083131075,0.121752664,0.08499939,0.1228012,-0.038270574,0.003395154,0.08132036,0.10299102,0.08245584,0.114110254,-0.037779663,-0.012871957,0.079418115,0.10248589,0.07525978,0.11167326,-0.03771601,-0.0026531983,0.0721746,0.12588392,0.06786896,0.11025101,-0.037336912,0.122480705,0.06776327,0.22456409,0.07249374,0.10744125,0.0007908538,0.0007908538
57,0.09274555,0.2290704,0.08579248,0.14174701,-0.04164835,0.0010042973,0.08242435,0.12127462,0.08437588,0.123231545,-0.039341405,0.0027272776,0.08065357,0.10240424,0.08180699,0.11468459,-0.038839523,-0.013423339,0.07874174,0.10187477,0.07455609,0.1123271,-0.038788877,-0.003412016,0.07145096,0.12529595,0.06704735,0.11098838,-0.03847389,0.12150114,0.066878915,0.22406256,0.07128687,0.10835306,0.0007908538,0.0007908538
58,0.09400587,0.22986124,0.086733535,0.14118959,-0.0402908,0.00019457797,0.08339784,0.12210754,0.08526236,0.122500084,-0.03805581,0.002352242,0.081549495,0.10328429,0.08267834,0.11384339,-0.03759329,-0.0131192,0.07961893,0.10278333,0.075445205,0.11144221,-0.03754832,-0.0028713185,0.07233241,0.12624104,0.068008535,0.1100314,-0.03717761,0.12228547,0.0678457,0.22508669,0.07255696,0.10717763,0.0007908538,0.0007908538
59,0.09244175,0.22930762,0.08560227,0.14220013,-0.04336507,-3.5041594e-05,0.08214293,0.12119267,0.084146634,0.123977356,-0.041003652,0.0017666956,0.080343746,0.102174625,0.081512436,0.11564057,-0.040479694,-0.013926945,0.07839654,0.10158555,0.074195914,0.113424554,-0.04043316,-0.004222288,0.07105844,0.12499187,0.06659556,0.112216875,-0.040186148,0.120328605,0.06633929,0.22378157,0.0705372,0.10982264,0.0007908538,0.0007908538
60,0.09430297,0.23050022,0.08699071,0.14107098,-0.04072421,0.0054391613,0.08358622,0.12239937,0.08544776,0.12249968,-0.03850609,0.007257519,0.081664264,0.10347524,0.0827775,0.11395121,-0.038061228,-0.008338234,0.07957743,0.10291038,0.075352125,0.11164157,-0.038033377,0.00036466657,0.07216468,0.1264642,0.067756735,0.11030075,-0.03769489,0.12440361,0.067699,0.22561722,0.072297744,0.10750777,0.0007908538,0.0007908538
61,0.09197222,0.22998297,0.08532428,0.1425421,-0.046815734,0.0007850849,0.08162451,0.121037304,0.08370668,0.12504303,-0.044407684,0.002520834,0.07966457,0.10166954,0.08082659,0.11724513,-0.043888554,-0.012688934,0.07749461,0.10095014,0.07320919,0.115397654,-0.043895427,-0.003289814,0.069930635,0.12441076,0.065266445,0.11450375,-0.043842304,0.12118694,0.064968444,0.22350563,0.06862286,0.11260437,0.0007908538,0.0007908538
62,0.094312295,0.23175474,0.08709131,0.1398477,-0.041181527,0.0003637359,0.083512425,0.122698456,0.08541454,0.12163039,-0.03910535,0.0029149707,0.08139096,0.103434995,0.08245467,0.11341667,-0.038782913,-0.010917816,0.07908605,0.10289646,0.07473629,0.11135293,-0.038879782,-0.00048267108,0.071386345,0.12671128,0.066746935,0.11016951,-0.038711525,0.12545852,0.06653935,0.22659609,0.070584826,0.10744501,0.0007908538,0.0007908538
63,0.09467583,0.2323882,0.08739629,0.13979074,-0.042441297,-0.0009410084,0.08373502,0.123063736,0.08564438,0.12185575,-0.0403657,0.0018623923,0.08153426,0.10367643,0.08260297,0.11386085,-0.040064104,-0.0113795465,0.07917344,0.10309013,0.07481715,0.11196159,-0.040198307,-0.0005723458,0.07141683,0.12690845,0.06675727,0.11090553,-0.04011784,0.12577257,0.06651487,0.22689623,0.070509836,0.10833979,0.0007908538,0.0007908538
64,0.09220506,0.23151292,0.08561721,0.13944785,-0.042105947,0.00074426935,0.08194618,0.12173101,0.08403963,0.12148865,-0.040073864,0.00284529,0.07991156,0.10220742,0.08098899,0.11352014,-0.03980097,-0.01094335,0.077511854,0.10167756,0.073041886,0.11160096,-0.039974004,-0.0009598707,0.06960926,0.12572186,0.06465834,0.110546075,-0.039946098,0.12488493,0.064363286,0.22621013,0.06754721,0.10800191,0.0007908538,0.0007908538
65,0.09415993,0.23288509,0.087088555,0.13991304,-0.043392614,0.00083528174,0.083350606,0.123036616,0.0853452,0.12212098,-0.041307516,0.0032886737,0.0811621,0.103470005,0.08224399,0.11426918,-0.041011926,-0.009979494,0.07872555,0.10284699,0.07431408,0.11247963,-0.041167434,3.537579e-05,0.07086109,0.12678349,0.0660679,0.1115242,-0.04114789,0.12595548,0.06580993,0.22713442,0.06948657,0.10909641,0.0007908538,0.0007908538
66,0.09371444,0.23287877,0.08678201,0.1398552,-0.043184757,0.0012044071,0.08303755,0.12284623,0.08507119,0.122024395,-0.041111667,0.0034973111,0.08087622,0.1032301,0.081955194,0.11416022,-0.04082067,-0.009733538,0.07841834,0.10262428,0.073972166,0.11235956,-0.04097795,-2.5823392e-06,0.07050518,0.12663963,0.06563677,0.111398265,-0.040955164,0.12575994,0.065348476,0.22717215,0.06883495,0.108956344,0.0007908538,0.0007908538
67,0.09259326,0.2324902,0.085975796,0.13978875,-0.043024424,0.0016220416,0.08222816,0.1222398,0.08434549,0.12193793,-0.0409626,0.0036041357,0.080143265,0.10255918,0.08122515,0.11407462,-0.040675335,-0.0097357575,0.07767365,0.10198108,0.07317553,0.1122569,-0.040838633,-0.00038350435,0.069697425,0.12609762,0.064698026,0.111291,-0.040824573,0.12512222,0.06436253,0.22684889,0.06747976,0.10886014,0.0007908538,0.0007908538
68,0.093737505,0.23333651,0.08684057,0.14033689,-0.044689603,-0.0021956493,0.08301968,0.12300937,0.08508896,0.12273056,-0.042562135,0.0003729745,0.08082021,0.1032547,0.0819127,0.11503196,-0.042245805,-0.012047448,0.07835534,0.10261198,0.07390619,0.1133551,-0.042396706,-0.001783495,0.07041051,0.12661257,0.06551768,0.11250951,-0.042416617,0.12442377,0.06508331,0.22717749,0.068453126,0.11026959,0.0007908538,0.0007908538
69,0.0927554,0.23318815,0.08614856,0.13931328,-0.042254087,-0.0021280197,0.08237381,0.122542486,0.084501795,0.121384,-0.04025694,0.00025925355,0.08023863,0.10274523,0.08129668,0.11350271,-0.040009797,-0.012076302,0.07771841,0.1022209,0.07316915,0.11168833,-0.040195532,-0.0019065288,0.06964295,0.12648633,0.0645642,0.110706456,-0.04017799,0.12449007,0.06408008,0.22759494,0.06702128,0.108169556,0.0007908538,0.0007908538
70,0.09663125,0.23566866,0.08903882,0.1382497,-0.04059227,-0.0012269239,0.08527641,0.12511377,0.087161005,0.12022456,-0.038721368,0.0019322813,0.08287622,0.1053768,0.08389877,0.11228884,-0.038555764,-0.0094387485,0.08027177,0.104806975,0.075798884,0.11050242,-0.038769286,0.0010397768,0.07223725,0.129044,0.06744084,0.109458394,-0.038696926,0.12793057,0.067100115,0.2302018,0.07103259,0.10658852,0.0007908538,0.0007908538
71,0.09109903,0.233954,0.08508275,0.13923548,-0.04576682,-0.000751277,0.08109677,0.12219675,0.08346628,0.122171,-0.043765094,0.00110884,0.07900601,0.10193187,0.08012683,0.11495203,-0.043557595,-0.01137035,0.07635219,0.10126362,0.07170637,0.11357088,-0.043833837,-0.0018556034,0.06805797,0.12567417,0.062678345,0.112935714,-0.04405131,0.12442659,0.062166262,0.22738926,0.06430688,0.11090257,0.0007908538,0.0007908538
72,0.09577772,0.23731785,0.08861506,0.13803817,-0.044041783,0.0008872869,0.08465526,0.1255649,0.08677571,0.12082921,-0.042188227,0.0036312104,0.08230844,0.10533169,0.08341981,0.1135561,-0.042086843,-0.0077153817,0.07959559,0.10459008,0.075052276,0.11223428,-0.042412378,0.002256769,0.07136293,0.12900224,0.06631806,0.11155081,-0.042589348,0.12939525,0.06603343,0.2309527,0.069387935,0.109132975,0.0007908538,0.0007908538
73,0.09375514,0.23724319,0.08722856,0.13743317,-0.04323602,0.0011795422,0.08327767,0.12484136,0.085600525,0.120167635,-0.04146461,0.003452585,0.081123166,0.10440926,0.0822592,0.112921536,-0.04141568,-0.008078498,0.07840008,0.103726864,0.07374358,0.11159935,-0.041786857,0.0016991558,0.070013724,0.1284323,0.06468156,0.110908665,-0.041997924,0.12911446,0.06434847,0.23112556,0.0669822,0.10842763,0.0007908538,0.0007908538
74,0.09102468,0.23685916,0.08533011,0.13776077,-0.0458726,-0.0016312377,0.08126387,0.1236648,0.083866715,0.12101111,-0.044056583,0.0003384574,0.07928726,0.10289486,0.080486916,0.11417333,-0.044005312,-0.011112372,0.07656521,0.10217374,0.07181543,0.1131035,-0.044422686,-0.0009509828,0.06802447,0.1270188,0.062373288,0.1126493,-0.04479341,0.1270279,0.06187536,0.23017198,0.0635438,0.11059237,0.0007908538,0.0007908538
75,0.09577139,0.24044524,0.088920236,0.13652049,-0.044738013,-0.0020218366,0.084843695,0.12714483,0.087206125,0.119792394,-0.043068834,0.0010644717,0.08257881,0.10633788,0.08377715,0.11301689,-0.043129936,-0.008885515,0.07979346,0.10551885,0.075154044,0.112074986,-0.043612797,0.0023396227,0.07130602,0.13034411,0.06599335,0.11162197,-0.04398662,0.13167249,0.065685324,0.23373273,0.06854393,0.10925499,0.0007908538,0.0007908538
76,0.0918367,0.23934783,0.08613392,0.13568886,-0.04333549,-0.002954484,0.08208185,0.12523445,0.08476356,0.11879222,-0.04177718,-0.00058368355,0.08013025,0.104192,0.081344955,0.11198289,-0.04190921,-0.010974998,0.07733161,0.10351533,0.072498865,0.110975266,-0.042461675,8.942143e-05,0.06860145,0.1287668,0.06280126,0.11047662,-0.04289225,0.12975508,0.06233641,0.23310901,0.06387293,0.10802079,0.0007908538,0.0007908538
77,0.09416655,0.24119574,0.08790045,0.13726345,-0.048568856,-0.0029605376,0.08364037,0.12687294,0.08625371,0.12124693,-0.046801478,-0.00022811198,0.08146854,0.105622806,0.082749374,0.11501399,-0.046829432,-0.010195105,0.078636326,0.104662076,0.07393502,0.114440605,-0.047332283,0.00083663594,0.07000449,0.12956704,0.06444889,0.11431762,-0.04786336,0.130406,0.064045615,0.23339881,0.0662056,0.11250548,0.0007908538,0.0007908538
78,0.093209244,0.2415971,0.087276645,0.13401149,-0.04137107,0.0020953426,0.0831625,0.12665787,0.08581555,0.11699838,-0.0400179,0.004190608,0.08107152,0.10540722,0.08224798,0.11020516,-0.04029936,-0.0061971643,0.078048475,0.10473973,0.07312294,0.10925025,-0.04096424,0.0040027434,0.069110096,0.13032982,0.06320295,0.108717434,-0.041454166,0.13374335,0.062921695,0.23561126,0.06449251,0.10593666,0.0007908538,0.0007908538
79,0.09243169,0.2418684,0.08676597,0.1364658,-0.04924218,-0.0038414353,0.08232466,0.12627791,0.08511984,0.12076913,-0.047562093,-0.001369091,0.080119446,0.104613565,0.08136987,0.114845246,-0.04766635,-0.011118688,0.07704569,0.10368644,0.07214852,0.114479825,-0.048255615,6.746582e-05,0.06805506,0.12897193,0.06208115,0.11451496,-0.048926476,0.13044107,0.06154705,0.2337802,0.06266714,0.11285269,0.0007908538,0.0007908538
80,0.09423299,0.24348383,0.08813636,0.13337268,-0.042702083,0.0018129444,0.083815806,0.1276136,0.08645195,0.11683941,-0.04141561,0.0041412087,0.08147648,0.106043674,0.082609676,0.11043373,-0.041764036,-0.005532925,0.078191265,0.10532668,0.07317208,0.1097719,-0.042496372,0.0050685927,0.06899787,0.1311075,0.06294542,0.10944218,-0.043106783,0.13573937,0.06263744,0.23700401,0.06396011,0.10683365,0.0007908538,0.0007908538
81,0.09462547,0.244454,0.088488184,0.13527308,-0.048401408,-0.0014686775,0.08391515,0.1280149,0.08660419,0.11972514,-0.046869535,0.001184406,0.08142701,0.10611903,0.08260745,0.11396409,-0.047068357,-0.007926261,0.07807398,0.10518655,0.07308546,0.11375293,-0.04770595,0.0033356189,0.068837255,0.1307553,0.06278693,0.1138462,-0.048388466,0.13458475,0.062345207,0.23639508,0.06355383,0.11203638,0.0007908538,0.0007908538
82,0.09273135,0.24406727,0.08716551,0.13413393,-0.04560279,0.00038607977,0.08263854,0.12708057,0.08545242,0.1181801,-0.04422957,0.0024089273,0.08027955,0.105107285,0.081409864,0.11220476,-0.044518735,-0.007119505,0.07682961,0.10435107,0.0716671,0.11183505,-0.045211468,0.003641535,0.06736721,0.13033746,0.06097918,0.11177869,-0.045874503,0.13498,0.060496144,0.23684661,0.060923856,0.10964445,0.0007908538,0.0007908538
83,0.09498157,0.2457487,0.08885219,0.13449636,-0.046824545,-0.00019204046,0.08425298,0.12864189,0.08695835,0.11877501,-0.045406308,0.0022571443,0.08172065,0.106590584,0.08286376,0.112953976,-0.045667794,-0.0066661034,0.07823954,0.10572465,0.073150985,0.11272412,-0.046329625,0.004424151,0.068824485,0.13160059,0.06262346,0.11276866,-0.04698113,0.13617195,0.06216846,0.23801716,0.063159406,0.110743985,0.0007908538,0.0007908538
84,0.09352228,0.24538302,0.08782717,0.13332018,-0.044095118,-0.00064689515,0.08329047,0.12792978,0.086088106,0.1171923,-0.042834707,0.0015439282,0.08086936,0.105844386,0.081973985,0.11114981,-0.043195385,-0.0074177226,0.07733774,0.105139494,0.07212253,0.110758916,-0.04392889,0.0036757416,0.067760676,0.13134186,0.061314106,0.11064654,-0.04458495,0.13576765,0.060766034,0.23841396,0.06116795,0.108284116,0.0007908538,0.0007908538
85,0.09262928,0.24546774,0.08722264,0.13565914,-0.050949458,-0.0036542509,0.08239656,0.12741865,0.085327946,0.120675795,-0.049381845,-0.001442204,0.079890706,0.10497755,0.08105724,0.11537073,-0.049558,-0.0102103995,0.076301806,0.10403885,0.07110036,0.11547349,-0.050186783,0.0011638609,0.06667981,0.1299775,0.06015486,0.11584669,-0.05094703,0.13333595,0.059443347,0.23662394,0.05942013,0.114465974,0.0007908538,0.0007908538
86,0.095708,0.24789461,0.08952829,0.13195796,-0.04368618,0.0013457927,0.08482003,0.12958421,0.08750621,0.11604539,-0.04258761,0.003713654,0.082073785,0.107256435,0.08311002,0.11022145,-0.04307758,-0.004601057,0.07825002,0.10653693,0.07295712,0.110016525,-0.043918643,0.0066194707,0.06844427,0.13298522,0.0619439,0.10998357,-0.044683497,0.13948338,0.061499525,0.24078035,0.062016126,0.10750799,0.0007908538,0.0007908538
87,0.094057694,0.2477878,0.088396035,0.1340578,-0.050331112,-0.0008218599,0.08340826,0.12873884,0.086293034,0.11932091,-0.048948202,0.0013634944,0.080647506,0.106016874,0.081750035,0.11426618,-0.049264826,-0.0069289086,0.076758444,0.105086476,0.07143767,0.11456806,-0.0500082,0.0044260304,0.06685351,0.1313608,0.060169317,0.115029536,-0.050881643,0.13737388,0.05958227,0.238947,0.059409663,0.11353696,0.0007908538,0.0007908538
88,0.09493619,0.2487559,0.08908333,0.13189486,-0.045139756,0.002785455,0.08422377,0.12951526,0.087027766,0.116381064,-0.044047642,0.004716242,0.08143961,0.10688049,0.08246503,0.110873625,-0.04454758,-0.003624714,0.07744719,0.1061445,0.07203137,0.110888064,-0.045404237,0.0073091188,0.06741021,0.13282882,0.060646106,0.11103371,-0.04623747,0.14050266,0.06018355,0.24129613,0.06008681,0.108795494,0.0007908538,0.0007908538
89,0.09501214,0.24925673,0.08917945,0.13387962,-0.050289966,-0.0008686397,0.08411598,0.12963733,0.08698027,0.11921509,-0.04893869,0.0013696547,0.0812423,0.10674855,0.08232218,0.11423901,-0.049266186,-0.0064502642,0.07724021,0.10581484,0.07187194,0.11461745,-0.049997844,0.005125385,0.06721394,0.13224858,0.060476847,0.11512359,-0.050846305,0.13874346,0.059861057,0.24031697,0.05967393,0.113616735,0.0007908538,0.0007908538
90,0.09425955,0.24928358,0.088674575,0.13177055,-0.04464338,0.00013467361,0.0837659,0.12938239,0.08664847,0.116179384,-0.04358506,0.002096325,0.08098755,0.106567904,0.08198456,0.11065937,-0.044095322,-0.005756561,0.07691104,0.10590524,0.07138738,0.11067375,-0.044945687,0.0057693645,0.06669692,0.13283403,0.0597259,0.11082045,-0.04575676,0.13990149,0.059086237,0.24188364,0.058487866,0.10854814,0.0007908538,0.0007908538
91,0.0950141,0.25012887,0.08926215,0.1349193,-0.052159954,-0.0014604045,0.08406687,0.12985796,0.08698441,0.120498076,-0.050691962,0.0006035124,0.081133015,0.10673991,0.08221579,0.11569061,-0.050925843,-0.0070879264,0.07705631,0.10574793,0.07164575,0.116200626,-0.051568046,0.004455083,0.06694163,0.13222636,0.060115784,0.11684877,-0.052365247,0.13837047,0.059404038,0.24049693,0.058998793,0.115620695,0.0007908538,0.0007908538
92,0.09565927,0.25102293,0.0897739,0.13176882,-0.04400351,0.002537822,0.084750295,0.13037208,0.0875486,0.1160189,-0.042967647,0.0042442405,0.081755,0.1073959,0.08267833,0.110431895,-0.043474536,-0.00354285,0.07747393,0.10677144,0.07186401,0.11044109,-0.04429093,0.0076517025,0.06709313,0.13393255,0.060053594,0.11057671,-0.045036208,0.14211224,0.05944171,0.24355811,0.05887985,0.10820817,0.0007908538,0.0007908538
93,0.09324288,0.25033334,0.0880708,0.133476,-0.048610214,-0.0017438455,0.082813054,0.12888844,0.08581151,0.11845016,-0.04735384,-0.00011243054,0.07982561,0.10558962,0.080753684,0.113344565,-0.047715593,-0.007726357,0.07543854,0.10491068,0.06971429,0.113672115,-0.048438914,0.004071289,0.06485658,0.13208275,0.057500526,0.11415328,-0.04923294,0.13909906,0.056608032,0.24175715,0.05502725,0.112514324,0.0007908538,0.0007908538
94,0.09677824,0.25287485,0.090693444,0.13306946,-0.048141375,-6.976898e-05,0.08538504,0.13129231,0.08818226,0.11800361,-0.046936184,0.0019660299,0.08213102,0.10795128,0.08305068,0.11289669,-0.0473349,-0.005102305,0.07766488,0.107186675,0.07203022,0.11327131,-0.048071478,0.006787794,0.06713534,0.13433057,0.060056254,0.113745764,-0.04885257,0.14219786,0.059316687,0.24412593,0.05866279,0.11194672,0.0007908538,0.0007908538
95,0.09671668,0.2534321,0.090704374,0.13203639,-0.046282474,0.0002708268,0.085410215,0.13149486,0.08822471,0.116726704,-0.045214366,0.0022186884,0.0821526,0.10809648,0.083041765,0.11150758,-0.045710947,-0.0047348603,0.07761175,0.10742048,0.07190369,0.111813396,-0.046525527,0.007198815,0.066963196,0.13480517,0.05976929,0.11219554,-0.047343563,0.14300458,0.059021752,0.24515143,0.058175683,0.11013409,0.0007908538,0.0007908538
96,0.09337945,0.25249404,0.088372156,0.13272628,-0.049798865,-0.0018732897,0.082920976,0.12975916,0.08603403,0.11812853,-0.048624486,-0.0003378194,0.07983347,0.10604092,0.0807613,0.113404594,-0.049067628,-0.007468196,0.07523869,0.105336934,0.06939577,0.11401853,-0.049877647,0.0045891916,0.064384915,0.13283916,0.056790434,0.114699155,-0.05081658,0.14065309,0.055871047,0.2435071,0.053826228,0.11321524,0.0007908538,0.0007908538
97,0.09790876,0.25586477,0.09174463,0.13080633,-0.0472198,0.0002679043,0.086317234,0.13305987,0.08918633,0.115986615,-0.046280712,0.0024461618,0.08295824,0.10933226,0.08388919,0.111178495,-0.04690546,-0.003828204,0.07830042,0.10856648,0.07257676,0.111781046,-0.047856785,0.008571741,0.067521095,0.13613504,0.060282413,0.1123374,-0.04886638,0.14536071,0.059627302,0.2472153,0.058814384,0.11034269,0.0007908538,0.0007908538
98,0.09461658,0.25531563,0.08948518,0.13006797,-0.047224622,-0.0012396077,0.08400727,0.1315967,0.08717081,0.11537717,-0.04637449,0.0005168835,0.08087218,0.10759768,0.0818104,0.11072947,-0.047081564,-0.005910997,0.07614188,0.106938414,0.07022603,0.111422166,-0.048131444,0.0066837547,0.06508885,0.13488714,0.057379812,0.11204858,-0.0492749,0.14407453,0.056600217,0.24684668,0.054548327,0.11012504,0.0007908538,0.0007908538
99,0.09523552,0.25697294,0.0900738,0.12972048,-0.047760487,8.852524e-05,0.08453975,0.13266271,0.087772675,0.1152239,-0.046947803,0.0016998702,0.081415914,0.10844645,0.082404025,0.11075464,-0.0476953,-0.0047464585,0.07666789,0.10771801,0.0707554,0.11158582,-0.048787378,0.0076818303,0.065578796,0.13578255,0.057856925,0.11229772,-0.049994458,0.14536102,0.057168715,0.24822645,0.05519467,0.11041128,0.0007908538,0.0007908538
100,0.09630302,0.2583545,0.0909259,0.13125062,-0.051904276,-0.0015440643,0.08522037,0.1336326,0.08847778,0.117469355,-0.050881885,0.00032976284,0.08199899,0.10916772,0.083059184,0.11345301,-0.05148385,-0.00575736,0.07726042,0.10822351,0.071432896,0.1146062,-0.052457638,0.0069741025,0.066231824,0.13606794,0.058631897,0.11561957,-0.053647313,0.14495327,0.0579088,0.2482563,0.05618607,0.11429546,0.0007908538,0.0007908538
101,0.09438997,0.25797668,0.089609094,0.130477,-0.049847446,-0.00017766989,0.08392908,0.13269287,0.08732123,0.116359636,-0.04894229,0.0010648692,0.08083824,0.10814399,0.08185193,0.11216839,-0.049617074,-0.0054946714,0.07601607,0.107366666,0.07001936,0.113197155,-0.05064312,0.0068177753,0.064777195,0.13558912,0.05684589,0.11409766,-0.051837668,0.14490835,0.056069463,0.24854767,0.053578753,0.11253936,0.0007908538,0.0007908538
102,0.095233254,0.2590311,0.09027524,0.13110882,-0.05178041,-0.0012686781,0.0844838,0.13340087,0.08787134,0.11735781,-0.050789047,0.00019109738,0.08129522,0.10869004,0.08233344,0.11340366,-0.05140212,-0.005999404,0.07643897,0.107806996,0.07047328,0.11460315,-0.052374307,0.0066091595,0.06519835,0.1359546,0.057321303,0.11565379,-0.05356033,0.14505994,0.056520425,0.24888429,0.054166637,0.114348836,0.0007908538,0.0007908538
103,0.09593299,0.2600869,0.09083605,0.12854752,-0.046596497,0.000989043,0.085103214,0.13399209,0.088402584,0.11401239,-0.045950525,0.0022930684,0.08179991,0.10931218,0.08271843,0.109646045,-0.04681328,-0.0038168516,0.07673758,0.10868409,0.07061623,0.11059032,-0.047986202,0.00875487,0.06525216,0.13735707,0.057198044,0.11134202,-0.04925797,0.14782818,0.056460552,0.2513789,0.053943403,0.10928939,0.0007908538,0.0007908538
104,0.09593517,0.26064554,0.09088334,0.13070364,-0.052286595,-0.0027626047,0.08488704,0.13399726,0.08824394,0.11717955,-0.05134072,-0.0010654934,0.08143934,0.1090209,0.08239126,0.11343178,-0.051981296,-0.006641632,0.07629903,0.10819817,0.07019223,0.114796504,-0.05296657,0.0066298833,0.06475955,0.13664813,0.056676257,0.115968764,-0.054190133,0.14625174,0.055767104,0.25032032,0.053017613,0.11475691,0.0007908538,0.0007908538
105,0.095657945,0.26090026,0.09071745,0.12842111,-0.047160767,0.0031917635,0.08481479,0.13390794,0.088135704,0.11406101,-0.04652986,0.0039735017,0.08135217,0.10901355,0.08218862,0.1098538,-0.04739559,-0.0024313098,0.07603089,0.10846374,0.069745734,0.110922575,-0.04856161,0.0096653495,0.06426379,0.13744684,0.055939198,0.111781865,-0.049849845,0.14897086,0.05516865,0.25216246,0.05208388,0.10985493,0.0007908538,0.0007908538
106,0.096335545,0.2616916,0.091239475,0.13078478,-0.052786034,-0.0013979331,0.08508926,0.13430044,0.08842435,0.11736852,-0.05183394,6.875889e-07,0.081461124,0.10914286,0.08234761,0.11372324,-0.05245972,-0.005664705,0.07611271,0.108358346,0.069900386,0.1151783,-0.053419422,0.0073122433,0.06437668,0.13701464,0.05614374,0.11643033,-0.054631945,0.14718822,0.055193212,0.25116733,0.052167892,0.11530853,0.0007908538,0.0007908538
107,0.09646296,0.26213825,0.091364875,0.12931761,-0.049652796,0.00014358653,0.085265405,0.13449438,0.088570274,0.115414664,-0.04890152,0.0013253909,0.081609465,0.1093626,0.08243167,0.11150651,-0.04967224,-0.004396195,0.0761602,0.1087338,0.06985342,0.11279328,-0.050748955,0.008404314,0.06428816,0.13770208,0.05593527,0.11385712,-0.052008636,0.1485249,0.055006683,0.25249374,0.051828198,0.11228966,0.0007908538,0.0007908538
108,0.096747264,0.26260588,0.091598675,0.12918103,-0.049410086,-0.0018512367,0.08547532,0.13476415,0.088772826,0.115238935,-0.048679125,-0.0004041465,0.08177969,0.10958038,0.08259232,0.11132004,-0.049463745,-0.005732622,0.076301575,0.10896691,0.069980666,0.11260726,-0.050549574,0.0075194887,0.06438581,0.1379901,0.056017775,0.11366485,-0.051813494,0.14814422,0.054991037,0.25292677,0.05177562,0.1120591,0.0007908538,0.0007908538
109,0.0970023,0.2630632,0.0918117,0.13040178,-0.051747598,-0.0015797096,0.0855818,0.13496408,0.08889717,0.11681018,-0.050859556,-0.00029212947,0.081833124,0.1096499,0.08267008,0.11309414,-0.051517993,-0.0057792976,0.076342374,0.10893103,0.070045896,0.1145242,-0.052485403,0.0071866876,0.06444788,0.137837,0.056110132,0.11573876,-0.053675007,0.14764233,0.0550476,0.25258946,0.05186663,0.11447136,0.0007908538,0.0007908538
110,0.09583714,0.26274726,0.091003545,0.1294202,-0.04893848,-0.00037282612,0.08482788,0.13431141,0.08819152,0.115310825,-0.04819777,0.00044281373,0.08114213,0.109012805,0.081906624,0.11130394,-0.048954826,-0.005435065,0.07555743,0.108492464,0.06911136,0.11254276,-0.049997132,0.007159574,0.06347925,0.13775691,0.05488986,0.11358112,-0.051199134,0.14771383,0.053764075,0.25317642,0.05004145,0.11195775,0.0007908538,0.0007908538
111,0.09855505,0.26447794,0.092979945,0.1298476,-0.049477313,-0.00080134463,0.08675792,0.13606142,0.08996667,0.11580763,-0.048684277,0.0004422692,0.082877696,0.11072768,0.083662175,0.11183491,-0.04938934,-0.0049967607,0.07729368,0.11008764,0.0709676,0.11312058,-0.05036355,0.0078017325,0.06532915,0.1391985,0.05703019,0.114190206,-0.051488746,0.14861646,0.055917375,0.2544292,0.05299621,0.11258945,0.0007908538,0.0007908538
112,0.09807666,0.26471287,0.09268851,0.1300763,-0.04988177,0.0007057404,0.086434335,0.1359715,0.08970897,0.11607887,-0.049064137,0.0015342367,0.08259288,0.11054155,0.08338364,0.11214798,-0.04974759,-0.004307603,0.07698192,0.109904386,0.07061516,0.11346779,-0.050699994,0.007960046,0.06496322,0.13910693,0.0565725,0.11457729,-0.05181218,0.14858451,0.055459328,0.25457707,0.052330352,0.11304908,0.0007908538,0.0007908538
113,0.09594207,0.264229,0.091227174,0.12931728,-0.04838918,0.00088007667,0.08500295,0.13497758,0.08844407,0.11507761,-0.04767814,0.001249067,0.08133197,0.10946289,0.082095996,0.11103883,-0.048443317,-0.004936734,0.075670235,0.10898145,0.069147944,0.11228162,-0.04947356,0.0071139727,0.063458845,0.13853246,0.05474049,0.113318406,-0.05064443,0.14793663,0.053547822,0.2547143,0.049626805,0.111627735,0.0007908538,0.0007908538
114,0.09549448,0.26462352,0.09097289,0.13002363,-0.050086167,-0.0011211635,0.08466441,0.13494949,0.08819197,0.11605894,-0.049283,-0.00063003344,0.08101526,0.10926871,0.08180573,0.11220113,-0.049978003,-0.0066079036,0.07534534,0.10873837,0.0688045,0.11357069,-0.05094694,0.0057477113,0.06308752,0.1382979,0.054296106,0.114737764,-0.05209534,0.1469551,0.05300158,0.25458142,0.04884875,0.11330167,0.0007908538,0.0007908538
115,0.097543836,0.2665254,0.0925266,0.13047023,-0.050953023,0.0016096301,0.086147234,0.13655531,0.0896098,0.11661327,-0.05009674,0.0019694096,0.08237441,0.110736735,0.08320764,0.11283938,-0.050748788,-0.0041504134,0.07669561,0.11006996,0.07024282,0.11429245,-0.051668737,0.007662103,0.06452355,0.1395557,0.055930674,0.11552402,-0.052776646,0.14864825,0.054784335,0.25588295,0.05124586,0.11415699,0.0007908538,0.0007908538
116,0.09684806,0.2667991,0.09209348,0.1302817,-0.050644428,-0.0003421097,0.085693166,0.13640057,0.08923894,0.116402864,-0.04981651,0.00015014841,0.08197347,0.1104685,0.08280406,0.112634026,-0.050485905,-0.005680095,0.076270804,0.10984658,0.069754824,0.11408869,-0.05141835,0.006536051,0.06400326,0.13948654,0.05527351,0.11531709,-0.052534383,0.14805155,0.05402999,0.25618398,0.05015357,0.113924146,0.0007908538,0.0007908538
117,0.094730556,0.26618233,0.090631545,0.13008541,-0.05025051,3.38681e-05,0.08422875,0.13532458,0.08793994,0.116156146,-0.04945316,4.6520923e-05,0.080663815,0.10929308,0.08147908,0.11237367,-0.050143093,-0.006164052,0.07492254,0.10877212,0.068274066,0.11380811,-0.05109699,0.005732494,0.06250008,0.13865405,0.053475495,0.115027644,-0.052233923,0.14724663,0.052165523,0.25583345,0.047545996,0.11362965,0.0007908538,0.0007908538
118,0.09540731,0.26718864,0.09118649,0.13029078,-0.051174365,-0.0014154892,0.08473501,0.13606322,0.08846376,0.11654944,-0.050345786,-0.0011024699,0.08114689,0.1099094,0.08200025,0.11290116,-0.051014733,-0.006918574,0.075420044,0.10931817,0.06880914,0.114435785,-0.051949065,0.0053225732,0.06301415,0.13918172,0.054048687,0.11573561,-0.053085905,0.14724113,0.052708056,0.25646067,0.048241775,0.11444821,0.0007908538,0.0007908538
119,0.09747644,0.26883698,0.09272295,0.1287288,-0.048483443,0.0024910024,0.086317435,0.13761464,0.08992227,0.114600636,-0.04785896,0.0026180362,0.08260458,0.1114803,0.08343875,0.11076567,-0.048690513,-0.0033417055,0.076809704,0.11092605,0.07022247,0.11219726,-0.04976746,0.008302156,0.064400315,0.14096245,0.05556266,0.113340855,-0.050995745,0.15008318,0.05441287,0.2587216,0.050486784,0.11160838,0.0007908538,0.0007908538
120,0.09580513,0.26847786,0.09157683,0.13000952,-0.052608095,-0.00089554454,0.08498344,0.1366953,0.08875624,0.11669833,-0.0517928,-0.0005777195,0.08129887,0.11031044,0.08216325,0.11336377,-0.052487377,-0.0062171123,0.07545783,0.10966466,0.068813555,0.11511392,-0.053458292,0.005923385,0.06294336,0.13963144,0.05390351,0.11657171,-0.054684784,0.14806883,0.052591916,0.25728688,0.047990274,0.115470305,0.0007908538,0.0007908538
121,0.09590864,0.26904288,0.09170074,0.12930462,-0.05223152,-0.0014382158,0.08507209,0.13695595,0.08885982,0.11604592,-0.05149653,-0.00096622284,0.08134948,0.11049275,0.08220131,0.112777784,-0.052261606,-0.006311736,0.0754397,0.10987759,0.068754554,0.11457403,-0.0533035,0.006055715,0.06283542,0.13997757,0.05372374,0.11604198,-0.05460789,0.1485711,0.05240426,0.25797033,0.047667187,0.11487949,0.0007908538,0.0007908538
122,0.09515258,0.26912388,0.09120818,0.12886396,-0.05217501,0.00020236953,0.084540546,0.13666834,0.08839975,0.11569663,-0.05148943,0.0002970759,0.08084021,0.110111564,0.081676975,0.11250959,-0.052297797,-0.00534264,0.074853525,0.10953911,0.06808939,0.11435446,-0.053385627,0.0065948498,0.062134415,0.13980292,0.052861366,0.115849555,-0.05474782,0.14899895,0.051575657,0.25816417,0.04648194,0.11469312,0.0007908538,0.0007908538
123,0.097487435,0.27130905,0.09297547,0.1292825,-0.0535218,0.00029757433,0.086213864,0.13851826,0.090005316,0.11634045,-0.052780394,0.00074375304,0.0823641,0.111788265,0.08325875,0.113319114,-0.053549413,-0.0044648675,0.076378815,0.11105409,0.069729075,0.11530238,-0.054597046,0.0076594343,0.063751854,0.1412143,0.054718975,0.11690466,-0.055944704,0.15037026,0.05352572,0.2596067,0.049115647,0.11587537,0.0007908538,0.0007908538
124,0.097859934,0.27291998,0.09337748,0.12650912,-0.05010545,-0.0007778937,0.086595066,0.13931128,0.090396516,0.113233685,-0.04971273,4.6526984e-05,0.0826566,0.11244832,0.08348058,0.11012381,-0.050773412,-0.0044358433,0.076470375,0.11191602,0.06967147,0.11205944,-0.052102566,0.008527298,0.0635565,0.14262183,0.054299414,0.11351962,-0.053702716,0.15247878,0.053133823,0.2622829,0.04839399,0.11198177,0.0007908538,0.0007908538
125,0.095612824,0.27260226,0.09186249,0.12747404,-0.053871762,-0.003646877,0.08489389,0.13820508,0.08891572,0.11500162,-0.053321794,-0.0027627307,0.08102537,0.111054964,0.081862904,0.11240147,-0.054265775,-0.007034432,0.07474732,0.11049514,0.06782334,0.11466669,-0.05550078,0.006399577,0.061629962,0.14129277,0.052036956,0.1164472,-0.057105575,0.15089157,0.050727196,0.26120263,0.045030206,0.11551794,0.0007908538,0.0007908538
126,0.0993573,0.27546802,0.09461875,0.12708597,-0.05396419,0.0017317344,0.08757331,0.14086802,0.091411434,0.11470235,-0.05345448,0.002364692,0.08343745,0.11360483,0.08431552,0.11219249,-0.05443494,-0.002203722,0.07710983,0.112882234,0.070335105,0.114546604,-0.055696726,0.010314157,0.06412824,0.143604,0.054899536,0.11635601,-0.057331096,0.15436453,0.053893138,0.26362318,0.04931693,0.1153445,0.0007908538,0.0007908538
127,0.09460121,0.27386475,0.091325775,0.1258014,-0.052353404,-0.0002705769,0.08427316,0.13830476,0.08844456,0.11327547,-0.05201213,-0.00010274601,0.08042347,0.11088529,0.08121813,0.11073745,-0.053132307,-0.004895179,0.073938586,0.11047368,0.06681873,0.113048896,-0.054540996,0.00788857,0.06051557,0.14181608,0.050560173,0.11480938,-0.05632187,0.15261441,0.049362652,0.26300752,0.04298929,0.11367173,0.0007908538,0.0007908538
128,0.09742189,0.27620822,0.093422316,0.12702408,-0.055727948,-0.0028918781,0.08622163,0.14040673,0.0903127,0.11515616,-0.055205226,-0.0018834043,0.082181774,0.11276318,0.08307625,0.113013186,-0.056179546,-0.0057897577,0.0757453,0.112071395,0.06881779,0.11560278,-0.05744414,0.0077464897,0.06249488,0.14310426,0.052899428,0.11760897,-0.059142202,0.15306155,0.051713742,0.26394933,0.046211798,0.11689602,0.0007908538,0.0007908538
129,0.09744778,0.2770898,0.09352633,0.123463385,-0.049371507,0.0010738594,0.08643913,0.14079928,0.09049838,0.11060779,-0.049326308,0.0015155748,0.08237337,0.11321751,0.08314749,0.10797902,-0.050692752,-0.0027988139,0.075730376,0.1128677,0.06860656,0.11026139,-0.052329704,0.010225972,0.06218713,0.14459755,0.05232671,0.11189226,-0.054304887,0.1558281,0.05126584,0.26688766,0.045431484,0.11025351,0.0007908538,0.0007908538
130,0.095986426,0.27697352,0.09255344,0.12648863,-0.057256956,-0.0014713706,0.08516037,0.14002602,0.08941838,0.115139596,-0.05676751,-0.000957369,0.081090674,0.11207393,0.08194528,0.11338791,-0.057779834,-0.00517971,0.074424304,0.11146514,0.067302845,0.116240196,-0.059094086,0.008036472,0.060852483,0.14288826,0.050862335,0.118454315,-0.060914245,0.15367557,0.04969181,0.26465005,0.043299846,0.11801093,0.0007908538,0.0007908538
131,0.095395304,0.27732015,0.09220348,0.12326554,-0.051411793,-0.001804127,0.08494275,0.14000332,0.08920968,0.11094503,-0.051361803,-0.0012508126,0.08091691,0.112142265,0.081662595,0.108715616,-0.05274356,-0.0052559027,0.07410078,0.11188817,0.066782355,0.11126896,-0.05441616,0.008337145,0.060233068,0.14396147,0.049940486,0.11313281,-0.05650851,0.15482634,0.048712943,0.26703048,0.04177801,0.11184456,0.0007908538,0.0007908538
132,0.09846146,0.28023407,0.09451927,0.123950146,-0.05274171,0.00074952666,0.087174274,0.14250521,0.09136287,0.111915916,-0.052597396,0.0012281805,0.08300538,0.11441722,0.08384634,0.109858334,-0.053882428,-0.0029144157,0.0762405,0.11393618,0.069093026,0.11254274,-0.055435333,0.010223934,0.06255041,0.14587037,0.05260689,0.114508525,-0.057411112,0.15662776,0.051547542,0.2689934,0.045592383,0.11335759,0.0007908538,0.0007908538
133,0.09845977,0.2820637,0.0947091,0.12418967,-0.05417992,0.0005358034,0.08724081,0.14334391,0.091577895,0.112558976,-0.05399127,0.0009744782,0.08310972,0.114904396,0.084014535,0.11077396,-0.0552336,-0.0031279924,0.07632181,0.114336476,0.06915401,0.11363798,-0.05673884,0.010102353,0.06256273,0.14641552,0.052533653,0.11574683,-0.05869939,0.15693775,0.051524013,0.27011395,0.04541918,0.11480483,0.0007908538,0.0007908538
134,0.09435359,0.2813664,0.09196362,0.12456256,-0.056572497,0.0021771623,0.0843623,0.14148743,0.089087516,0.11354356,-0.05630893,0.0016162326,0.08051002,0.112707205,0.08142591,0.11215547,-0.057497814,-0.0033719193,0.073632024,0.112213016,0.06622498,0.11525805,-0.058969047,0.009156022,0.05958388,0.14463738,0.04897398,0.11759519,-0.06096938,0.15579784,0.047975842,0.26909465,0.04042012,0.11708804,0.0007908538,0.0007908538
135,0.096287034,0.28353158,0.09345346,0.1243278,-0.056884892,-0.0015568642,0.085796,0.14324892,0.090493806,0.11341395,-0.05664523,-0.001160244,0.08185911,0.114290655,0.08284306,0.11212726,-0.057862043,-0.0050732973,0.07501996,0.1136841,0.06771845,0.11531343,-0.059361313,0.008546273,0.061036836,0.14608726,0.0506278,0.11769113,-0.061402187,0.15614733,0.04959145,0.27076238,0.042556897,0.11717009,0.0007908538,0.0007908538
136,0.0964851,0.28425023,0.09365784,0.12258847,-0.053722277,0.00033996807,0.08606109,0.14368312,0.090753414,0.111144885,-0.053724974,0.0004491173,0.08212865,0.11473212,0.083073236,0.10959921,-0.055148154,-0.003663351,0.07521705,0.11427398,0.06784162,0.11262422,-0.056850053,0.009658304,0.061119415,0.14701161,0.05061616,0.11480417,-0.059047543,0.15737624,0.049635027,0.27242014,0.042523406,0.113797955,0.0007908538,0.0007908538
137,0.09725492,0.28512526,0.09424846,0.123232536,-0.055501424,-0.0024594814,0.08656118,0.14432101,0.091251545,0.11215114,-0.055405,-0.0017997021,0.082559936,0.11523863,0.083543964,0.110819936,-0.05674585,-0.005344725,0.07566011,0.11467071,0.06834366,0.11398939,-0.0583662,0.008556877,0.06160087,0.14729063,0.051192358,0.11630394,-0.06051628,0.1567352,0.05012013,0.2725649,0.0431804,0.11554764,0.0007908538,0.0007908538
138,0.0926609,0.283048,0.091042705,0.1229805,-0.054962248,-0.0004303237,0.083340324,0.14157176,0.08832185,0.11180303,-0.05490575,-0.0009570401,0.07960778,0.11242068,0.08050045,0.11043245,-0.056278456,-0.005661854,0.07257183,0.11212226,0.064933345,0.11356085,-0.05793877,0.007317221,0.058157437,0.14520255,0.04707886,0.11586674,-0.060133535,0.15514942,0.045904625,0.2712075,0.037313092,0.115138896,0.0007908538,0.0007908538
139,0.099550314,0.28815678,0.09606209,0.123662986,-0.057151265,0.001484057,0.08825047,0.14660108,0.09295389,0.11288247,-0.056987915,0.0016729721,0.084158406,0.1171973,0.08525302,0.1117824,-0.058281325,-0.0024214159,0.07728471,0.11641917,0.070100084,0.11513322,-0.059854362,0.0105229905,0.06334991,0.14900777,0.053184733,0.11758941,-0.06199408,0.15834185,0.052318346,0.2745912,0.046091914,0.117013,0.0007908538,0.0007908538
140,0.09461619,0.2872126,0.09276348,0.12189096,-0.055408094,0.0002087469,0.084944025,0.14440203,0.090061575,0.11095434,-0.05547348,-0.00014105585,0.08121302,0.11477216,0.082245804,0.109857574,-0.056979444,-0.0045452067,0.07418364,0.11433542,0.066627756,0.11319791,-0.05878957,0.008574797,0.059762582,0.14769752,0.04880785,0.11560979,-0.061185006,0.1570974,0.04783311,0.27485752,0.03975403,0.11485467,0.0007908538,0.0007908538
141,0.091733105,0.2872968,0.09091325,0.12239038,-0.0581527,-0.0028809651,0.082963206,0.14342034,0.08841839,0.11208585,-0.058119435,-0.0031255777,0.07946408,0.113444865,0.080543414,0.11140678,-0.05955698,-0.0072961226,0.072402254,0.11302443,0.06469393,0.115015544,-0.061317008,0.006377414,0.057762634,0.14663635,0.04639462,0.11768159,-0.06374098,0.15558995,0.04533316,0.27444765,0.036185466,0.11739087,0.0007908538,0.0007908538
142,0.0991946,0.2932504,0.09637193,0.12190343,-0.059388053,9.065535e-05,0.08830536,0.14906794,0.09347243,0.11201116,-0.059383553,0.0005611032,0.084401414,0.11877493,0.08568917,0.11164555,-0.06086461,-0.0029183156,0.077454515,0.1178893,0.07020087,0.11549516,-0.06266585,0.010727622,0.06325795,0.15114611,0.052817706,0.11827508,-0.06516782,0.16005185,0.052185677,0.2789279,0.045526173,0.11796998,0.0007908538,0.0007908538
143,0.09117049,0.2909084,0.090948574,0.119792104,-0.05583317,0.0010128861,0.0829278,0.14506811,0.08870277,0.109303206,-0.056134682,2.6935006e-05,0.07961054,0.11455482,0.08075813,0.10869091,-0.057882763,-0.004662065,0.07242491,0.11424808,0.06455943,0.11236652,-0.059970338,0.0084849605,0.057488218,0.14867413,0.045787364,0.114976965,-0.06273784,0.15830448,0.04502382,0.2786961,0.035444714,0.11429122,0.0007908538,0.0007908538
144,0.09308186,0.2938968,0.092507206,0.12218649,-0.060110852,-0.0019638676,0.08431245,0.14717044,0.09017646,0.11242408,-0.060080305,-0.0022555003,0.080976166,0.11621198,0.08229313,0.1122335,-0.06152216,-0.0062625953,0.07392896,0.11556736,0.066252396,0.116208665,-0.06327737,0.00759234,0.05918736,0.14975078,0.04778277,0.11913609,-0.06576687,0.15812512,0.047034383,0.279729,0.038159214,0.119093604,0.0007908538,0.0007908538
145,0.094982944,0.2963326,0.09398553,0.12136577,-0.057692815,0.0007611143,0.08579608,0.14896755,0.09160966,0.111130044,-0.05779736,0.0002173417,0.08237774,0.11785803,0.08370337,0.11070894,-0.059326958,-0.0039818613,0.075284004,0.11723591,0.06762383,0.11455937,-0.061139714,0.009540999,0.060518987,0.15169543,0.049216866,0.11733876,-0.06363053,0.16032138,0.04860738,0.28250137,0.040226713,0.116918206,0.0007908538,0.0007908538
146,0.08992708,0.2946943,0.0905691,0.122087136,-0.058232196,0.0013700633,0.08233405,0.14628653,0.08854158,0.11189801,-0.058253154,-0.00019909974,0.07927394,0.1149734,0.08053778,0.11150156,-0.059687197,-0.0053292527,0.07207809,0.1145855,0.064077996,0.115358956,-0.061393756,0.007656846,0.056940086,0.14953615,0.044908278,0.11820887,-0.06378386,0.15849555,0.04417875,0.28123453,0.034031294,0.11801533,0.0007908538,0.0007908538
147,0.09471085,0.29887164,0.09408989,0.122267,-0.05736816,0.00194228,0.08586153,0.15009509,0.09190358,0.11185225,-0.057391535,0.00096314785,0.08263361,0.1185608,0.084036276,0.11134783,-0.058793977,-0.0035847174,0.0755802,0.11791564,0.06786471,0.11516929,-0.060426794,0.009660501,0.060738064,0.15274143,0.049303968,0.11795389,-0.06269272,0.1609678,0.048747685,0.2846976,0.04023462,0.117552884,0.0007908538,0.0007908538
148,0.09369588,0.29975143,0.09353656,0.122875266,-0.05798396,-0.000751723,0.085278824,0.1502083,0.09151567,0.11259614,-0.057931423,-0.0014391353,0.08222728,0.1184227,0.083687186,0.1121683,-0.059242275,-0.0056306296,0.075226985,0.11775751,0.06746819,0.11603727,-0.060760684,0.008155523,0.060322188,0.15274405,0.048747554,0.11888526,-0.06290572,0.16013452,0.048111245,0.28522697,0.039263602,0.11863155,0.0007908538,0.0007908538
149,0.09116492,0.29939583,0.091879755,0.12216832,-0.055787005,0.0013537648,0.083674416,0.14915916,0.09012361,0.11144708,-0.055856258,-0.00016845061,0.0808514,0.11727845,0.082262546,0.11078619,-0.057253152,-0.00513717,0.073775984,0.11683468,0.06579934,0.11450433,-0.058847956,0.008009566,0.058620602,0.15231292,0.0466186,0.11721837,-0.061029445,0.15998217,0.04597465,0.2857924,0.03621275,0.116698965,0.0007908538,0.0007908538
150,0.093732655,0.30157262,0.09375501,0.122588366,-0.055694822,0.0026253252,0.085523956,0.15108636,0.09186691,0.11181563,-0.055721268,0.001217698,0.0825697,0.11907838,0.084036075,0.111125834,-0.05705192,-0.0036855694,0.07553298,0.11849663,0.067690425,0.11484331,-0.05854817,0.009274792,0.06051689,0.15390058,0.048813723,0.11755257,-0.06060376,0.16130793,0.048258178,0.28747314,0.039323036,0.117000446,0.0007908538,0.0007908538
151,0.092976235,0.30228522,0.09334087,0.12413564,-0.058977727,0.0018768674,0.0849437,0.15102376,0.09143894,0.114038646,-0.058774892,0.0004818562,0.08202602,0.11872143,0.08353912,0.113726124,-0.059890553,-0.004377464,0.07497466,0.11802541,0.06710172,0.117684975,-0.061154835,0.008614578,0.059914194,0.1534033,0.048090238,0.12065566,-0.06302773,0.16078185,0.047533475,0.28705627,0.03826424,0.120657355,0.0007908538,0.0007908538
152,0.08775682,0.30131543,0.089904696,0.12274028,-0.055787846,0.002157697,0.08156933,0.14874342,0.088501334,0.112053975,-0.055803925,-0.00011232827,0.0790976,0.11625329,0.08052518,0.11145356,-0.05709426,-0.0056473305,0.07191471,0.11596983,0.06362486,0.11521955,-0.05853523,0.007136308,0.056357935,0.15223116,0.04368632,0.11801048,-0.060546424,0.15982912,0.043049216,0.28765142,0.031895798,0.11763678,0.0007908538,0.0007908538
153,0.09045357,0.30517325,0.09205188,0.12457604,-0.058778662,0.0005325007,0.08359897,0.15167181,0.09061229,0.11435368,-0.058549795,-0.001116854,0.08114278,0.11871879,0.08278451,0.11404556,-0.059606858,-0.0060610278,0.07416336,0.11807536,0.066127285,0.118033715,-0.060780596,0.007178775,0.05887696,0.15413919,0.04662623,0.121051475,-0.06254893,0.16039212,0.04608902,0.28974116,0.035982177,0.121116325,0.0007908538,0.0007908538
154,0.092603385,0.30818117,0.09374525,0.123574786,-0.0568451,0.0049224477,0.08533339,0.15404832,0.0923541,0.11298279,-0.056771252,0.0027979517,0.08288236,0.120877326,0.08461575,0.11253465,-0.057957817,-0.0025901124,0.0759497,0.120166406,0.06801347,0.11645886,-0.05925299,0.009875569,0.060744897,0.15645775,0.048707943,0.1193607,-0.06111359,0.16291104,0.04844018,0.2929356,0.0390843,0.119070485,0.0007908538,0.0007908538
155,0.08873258,0.3077658,0.09123773,0.12470722,-0.059893776,0.004627414,0.08270364,0.15250662,0.09014682,0.11482548,-0.05963735,0.0019809152,0.0805914,0.11896644,0.08237894,0.114780106,-0.060660545,-0.003816467,0.07365781,0.11826043,0.06553746,0.11894239,-0.061791193,0.008404464,0.05825179,0.15478487,0.04572029,0.122105345,-0.0635487,0.16146073,0.045454144,0.2918364,0.03485747,0.12238619,0.0007908538,0.0007908538
156,0.08675485,0.30797836,0.09000696,0.124039955,-0.05909142,0.0040783817,0.08147177,0.15196241,0.089137115,0.114143394,-0.058922537,0.0013553791,0.07955913,0.118247256,0.08134573,0.11411011,-0.060013417,-0.004333794,0.072588034,0.11766175,0.0643155,0.11826756,-0.061210524,0.008054779,0.05698627,0.15455465,0.044118114,0.1214071,-0.0630301,0.16148874,0.043866247,0.29245237,0.032528657,0.121603854,0.0007908538,0.0007908538
157,0.09344677,0.313201,0.094798915,0.12249523,-0.057065394,0.0014980643,0.08621806,0.15679392,0.09353734,0.11236557,-0.057106473,0.00050175074,0.08387946,0.1229016,0.085765414,0.1122805,-0.058374826,-0.003346422,0.0769477,0.12209731,0.06900024,0.11643225,-0.05973625,0.010426782,0.061607998,0.15892285,0.049474895,0.11944741,-0.061693393,0.1649631,0.04940407,0.2972381,0.040052902,0.11917307,0.0007908538,0.0007908538
158,0.08534929,0.3107171,0.08940441,0.12126297,-0.057101876,-0.0034172887,0.08074832,0.15274139,0.08871926,0.11131026,-0.057277605,-0.0045262007,0.07897072,0.11858586,0.08075308,0.111408465,-0.058703534,-0.0082407165,0.07182975,0.11824761,0.06331459,0.1156627,-0.060273167,0.006402243,0.05578261,0.1559899,0.042405393,0.11877057,-0.062507465,0.16203792,0.04211051,0.2959905,0.029738681,0.1186313,0.0007908538,0.0007908538
159,0.08795514,0.31455383,0.09146629,0.12219446,-0.062244173,-0.004681733,0.082561165,0.15556598,0.09061969,0.11351191,-0.0622037,-0.0050529796,0.08067799,0.12088176,0.082676426,0.11439537,-0.063472115,-0.008074819,0.073630564,0.1201368,0.06536371,0.11916132,-0.0648926,0.0069714542,0.057796914,0.15763277,0.04479866,0.12270308,-0.067103095,0.16288336,0.044724517,0.29770193,0.03324829,0.12330708,0.0007908538,0.0007908538
160,0.08882784,0.31660393,0.09222651,0.119643494,-0.059262034,0.00021353451,0.083288595,0.15679033,0.09134256,0.11062123,-0.059557017,-0.0008789803,0.08129965,0.12195973,0.08325406,0.11140746,-0.061136812,-0.0045460765,0.07406262,0.12137018,0.06569514,0.11611486,-0.06289322,0.009656957,0.058031872,0.15938646,0.044908866,0.11949385,-0.06543465,0.16541918,0.04508532,0.30070138,0.033593256,0.119569734,0.0007908538,0.0007908538
161,0.088858135,0.317548,0.092341974,0.11995788,-0.060600445,-0.00044586085,0.08330106,0.15717137,0.091420405,0.11127734,-0.06082917,-0.0013945877,0.081290275,0.12215607,0.083266325,0.11227578,-0.062348086,-0.0049532927,0.0740125,0.121525235,0.06562786,0.117122926,-0.064037606,0.009342239,0.057930596,0.15960622,0.044755753,0.12063098,-0.06654401,0.16532215,0.044934306,0.30117056,0.033328816,0.12093716,0.0007908538,0.0007908538
162,0.08731366,0.31717658,0.091327466,0.12058753,-0.06208842,0.0011771605,0.08220073,0.15634985,0.09045189,0.112229794,-0.06221223,-0.00034714403,0.080255896,0.121215016,0.08221195,0.11340888,-0.06363276,-0.0044905813,0.07290859,0.1206148,0.06441061,0.11837023,-0.065217,0.009220061,0.05670492,0.15879759,0.04328295,0.12201242,-0.06764712,0.16493057,0.043478265,0.30052722,0.031277765,0.12261273,0.0007908538,0.0007908538
163,0.088307224,0.31810668,0.092048064,0.119952984,-0.061117698,0.001079586,0.08290865,0.15709032,0.09109672,0.11144482,-0.061330043,-0.00023297974,0.08087117,0.12193165,0.08281227,0.11256529,-0.06282562,-0.0041548735,0.07347388,0.12136382,0.06498104,0.11749663,-0.06448377,0.009672963,0.057239275,0.15966238,0.043866135,0.12108286,-0.06697783,0.16561493,0.044067107,0.3017022,0.032054335,0.121512994,0.0007908538,0.0007908538
164,0.088205725,0.318293,0.092002116,0.120578654,-0.06236232,0.00032862992,0.08280458,0.15708701,0.09102252,0.11230855,-0.062477186,-0.000850667,0.080759555,0.12185253,0.082713015,0.11355983,-0.06388115,-0.0046671876,0.07335887,0.12124224,0.06486665,0.11857879,-0.06543847,0.009214235,0.05712214,0.15949896,0.043734446,0.12226686,-0.06785004,0.1652363,0.043895617,0.30147907,0.031812854,0.12291904,0.0007908538,0.0007908538
165,0.08866692,0.31872916,0.09233712,0.12034385,-0.061926275,-0.0006585024,0.08313523,0.15743423,0.091325186,0.11199788,-0.062075015,-0.00154408,0.08105166,0.12218798,0.08300033,0.11321606,-0.063505344,-0.005075417,0.07363563,0.12159147,0.06514946,0.11821781,-0.06508626,0.009026829,0.057385556,0.15989485,0.044025373,0.121880285,-0.06751414,0.16528846,0.044141345,0.30200714,0.03213722,0.122459464,0.0007908538,0.0007908538
166,0.08798958,0.3185202,0.09188712,0.120214075,-0.061563272,0.0010805394,0.08267313,0.15703565,0.09089895,0.111797966,-0.06173209,-0.00026064168,0.080606595,0.121778525,0.082517326,0.112981245,-0.063173905,-0.0042338595,0.073125765,0.121258244,0.06455656,0.11796194,-0.06476308,0.009371744,0.056780882,0.15970188,0.043274097,0.12160899,-0.067193516,0.16543843,0.043402977,0.3020532,0.031091826,0.12215686,0.0007908538,0.0007908538
167,0.08677688,0.3181321,0.09108095,0.11969002,-0.060443822,0.001598283,0.08188112,0.15639213,0.09018076,0.11106432,-0.060693596,-1.9319341e-05,0.07988551,0.121135496,0.081745476,0.11214134,-0.062202957,-0.004232915,0.07233439,0.12075321,0.063639045,0.11705282,-0.06386216,0.009168524,0.055837512,0.15943803,0.042097654,0.12062998,-0.066348456,0.16527747,0.042188812,0.30221766,0.029368041,0.121028036,0.0007908538,0.0007908538
168,0.08959187,0.3209226,0.093151666,0.12097349,-0.06257277,0.0013796886,0.08387652,0.15880297,0.09214205,0.112712875,-0.06264028,0.00017393101,0.081808046,0.12327147,0.08383523,0.11399943,-0.06397305,-0.0037018238,0.074425705,0.12257175,0.0659951,0.11906361,-0.06542754,0.009757941,0.05822696,0.16097389,0.044960033,0.12279782,-0.06772587,0.16589795,0.04515634,0.3035857,0.033453412,0.12351084,0.0007908538,0.0007908538
169,0.08660181,0.32029724,0.09120539,0.11963224,-0.060320094,0.0020447324,0.081979424,0.15752237,0.09048661,0.111001514,-0.06058385,0.00028954243,0.08015919,0.12192768,0.082123205,0.11211629,-0.062093046,-0.004029772,0.07267555,0.121499375,0.06399174,0.11706229,-0.063741185,0.009166221,0.0561658,0.16044998,0.04239342,0.120660275,-0.06621665,0.1654514,0.0425612,0.30413032,0.02975172,0.12106133,0.0007908538,0.0007908538
170,0.087843925,0.32169354,0.09213541,0.11997929,-0.061066862,-0.0009116123,0.08286492,0.15864356,0.09136014,0.11147763,-0.061277337,-0.0018751014,0.081004314,0.1229194,0.08303396,0.11268086,-0.062736414,-0.005441878,0.073583014,0.122384176,0.06500129,0.11769538,-0.064325556,0.008439657,0.0571621,0.16126594,0.043571338,0.12135663,-0.06675195,0.1652337,0.043678794,0.30499482,0.031272307,0.12186591,0.0007908538,0.0007908538
171,0.088841565,0.3227962,0.09287922,0.120652445,-0.062109794,0.00034061025,0.08356604,0.1595297,0.09205833,0.11232414,-0.062225137,-0.0007658122,0.081677146,0.12367843,0.08376963,0.11362445,-0.06358996,-0.004537087,0.07430929,0.12301655,0.06581885,0.11871021,-0.06506883,0.008960701,0.057998486,0.16179702,0.044569988,0.122451454,-0.06739099,0.16554973,0.044738155,0.3054753,0.032724347,0.12312849,0.0007908538,0.0007908538
172,0.08646758,0.322164,0.091321684,0.12060376,-0.06147698,0.0029238956,0.08201842,0.15839688,0.09070462,0.112158075,-0.061611295,0.00091352273,0.080321744,0.12246364,0.082375914,0.11338786,-0.062974885,-0.0037176446,0.07289315,0.1219438,0.06422088,0.11842217,-0.064442925,0.008987157,0.056393158,0.16103062,0.042593256,0.1221333,-0.06673791,0.16528657,0.042788222,0.30528188,0.029956454,0.12277903,0.0007908538,0.0007908538
173,0.08672043,0.32311684,0.09158317,0.1217874,-0.06268523,0.0017915317,0.0822332,0.158932,0.090985596,0.11350687,-0.06266612,7.4839336e-06,0.08058369,0.12282384,0.08269902,0.11481037,-0.063862525,-0.004410435,0.0732258,0.12219722,0.064604044,0.119900644,-0.0651287,0.0084718475,0.056793828,0.16122657,0.043062318,0.12370535,-0.06721419,0.16499057,0.043235626,0.30552238,0.030552946,0.1245899,0.0007908538,0.0007908538
174,0.08663382,0.3235703,0.09157644,0.11962964,-0.058059417,0.0007396153,0.08234044,0.1591333,0.091070354,0.110469386,-0.05837563,-0.00077016477,0.080713324,0.12310674,0.082745925,0.111317724,-0.059860103,-0.0048336852,0.07326498,0.12273985,0.06451765,0.116119124,-0.061426308,0.008465758,0.05664211,0.16223964,0.042742744,0.11959384,-0.06374748,0.16558944,0.042844474,0.30749458,0.029915886,0.119732656,0.0007908538,0.0007908538
175,0.08952363,0.32587245,0.09363145,0.12345031,-0.06381061,-0.00054919324,0.08421198,0.16116755,0.09289023,0.11526982,-0.063585475,-0.0014885908,0.08245447,0.124807976,0.08468004,0.11660159,-0.06453527,-0.0051450897,0.07522096,0.12394217,0.066801526,0.12173404,-0.06548353,0.008285987,0.059010502,0.16278227,0.045676455,0.12562726,-0.06720954,0.16536584,0.045815226,0.30705756,0.034092538,0.12673701,0.0007908538,0.0007908538
176,0.080992185,0.32280603,0.087953955,0.12279283,-0.05873826,2.432955e-05,0.07870844,0.15670888,0.08799385,0.1134966,-0.058689717,-0.002438642,0.07765942,0.120275415,0.07967336,0.11416381,-0.05970091,-0.00738902,0.07022566,0.1200947,0.061110277,0.11885709,-0.060659252,0.005643976,0.053257473,0.16015609,0.038569495,0.12241887,-0.062265247,0.16345109,0.03850373,0.30662513,0.023819469,0.1229993,0.0007908538,0.0007908538
177,0.08432028,0.32821172,0.090628885,0.12520163,-0.059768967,-0.00029427442,0.081366606,0.16071232,0.0907946,0.11599945,-0.05943803,-0.002351024,0.080466904,0.12363964,0.08277283,0.1166807,-0.060078014,-0.0069506317,0.07335649,0.12303707,0.064564675,0.121408835,-0.060539532,0.00634223,0.056758337,0.16302113,0.042625967,0.12506759,-0.06156193,0.16479814,0.04276354,0.31022173,0.029548792,0.12591398,0.0007908538,0.0007908538
178,0.08608418,0.3330325,0.09223437,0.12327413,-0.056070123,0.0003146087,0.08306516,0.16401672,0.09268474,0.113526694,-0.0560275,-0.001573235,0.08237335,0.12647341,0.08485436,0.11398943,-0.05689189,-0.0059460946,0.075391404,0.12584147,0.06669956,0.11858556,-0.05756392,0.0075249113,0.05882634,0.1664015,0.04486565,0.122020595,-0.058742877,0.16665804,0.04525152,0.3155246,0.032745786,0.122253984,0.0007908538,0.0007908538
179,0.081090845,0.33300346,0.08912146,0.124028854,-0.05847707,-0.0009788815,0.07985739,0.16247404,0.090072945,0.114843845,-0.058297597,-0.003354155,0.0796937,0.12447041,0.082260504,0.11564567,-0.059045486,-0.008209126,0.07273807,0.1239114,0.06380359,0.1204474,-0.05960165,0.005126541,0.055890653,0.16492707,0.041280564,0.12411447,-0.060722023,0.1644769,0.041657314,0.3151505,0.027580015,0.124857835,0.0007908538,0.0007908538
180,0.080821656,0.3348348,0.089150555,0.123643324,-0.05800478,0.0012103627,0.07988724,0.16344187,0.090294026,0.11446288,-0.057876177,-0.0016378434,0.07989349,0.12515035,0.08254906,0.11529894,-0.058657546,-0.0069968672,0.07298046,0.124563515,0.06404088,0.12012193,-0.05923958,0.0057515553,0.056104984,0.1658504,0.04143693,0.1237835,-0.060381927,0.16497928,0.041962996,0.31694022,0.027860213,0.12446845,0.0007908538,0.0007908538
181,0.081075355,0.33607346,0.089438386,0.1250551,-0.060644835,0.003014225,0.08008613,0.16418172,0.0906114,0.116382405,-0.060303688,-0.00018184606,0.08015724,0.12562259,0.082925625,0.11749906,-0.060882803,-0.0059832637,0.073329136,0.124832585,0.06448021,0.12250794,-0.061233368,0.0061222017,0.05656917,0.16598241,0.042007525,0.12638201,-0.062170707,0.16495435,0.042643104,0.3170288,0.028771916,0.12753831,0.0007908538,0.0007908538
182,0.08184574,0.33719146,0.09003138,0.12225488,-0.05556338,0.00435925,0.0808072,0.1650371,0.091256484,0.1126967,-0.055634663,0.0011801012,0.08083918,0.12655717,0.083527826,0.11337966,-0.05657924,-0.0045233485,0.07389228,0.12603027,0.06494327,0.11811515,-0.057323374,0.0075532557,0.056954257,0.16772024,0.0422976,0.121633425,-0.058600012,0.1667037,0.043006893,0.3199423,0.029149946,0.12191625,0.0007908538,0.0007908538
183,0.082837164,0.33893606,0.09082112,0.12697285,-0.06296968,-0.00032004132,0.08132378,0.16602696,0.09187357,0.118827276,-0.0623532,-0.002364097,0.081320874,0.12709954,0.08417324,0.120212585,-0.062593445,-0.00704865,0.07453149,0.12612551,0.065770544,0.12541142,-0.06250007,0.0059476304,0.057828475,0.1672622,0.04342283,0.12952676,-0.06296871,0.16564214,0.04406929,0.31868303,0.030616406,0.13120876,0.0007908538,0.0007908538
184,0.07636586,0.33714774,0.08662464,0.12363778,-0.054966286,0.0012911739,0.07735279,0.16299795,0.08833641,0.11403087,-0.0548785,-0.0019185694,0.07787205,0.12411302,0.08046708,0.11462251,-0.055529855,-0.0074331774,0.0707805,0.123943046,0.06134356,0.11929694,-0.05585573,0.005347862,0.053274978,0.16653593,0.037629005,0.12287728,-0.05662645,0.16583112,0.0382301,0.32067272,0.022228815,0.12342104,0.0007908538,0.0007908538
185,0.080817915,0.34206483,0.08989391,0.12642182,-0.05797185,0.0007872061,0.08051585,0.16699608,0.09146263,0.117271446,-0.05751755,-0.0017517223,0.08094808,0.12759753,0.08381221,0.11810437,-0.05775263,-0.0067392536,0.07413081,0.12692498,0.065101914,0.12297129,-0.057547465,0.0062388564,0.05707581,0.16914901,0.04217131,0.12680504,-0.057753075,0.1669736,0.042936027,0.32329503,0.028729383,0.12792662,0.0007908538,0.0007908538
186,0.07890578,0.34291816,0.08879229,0.12824975,-0.059184704,0.0056327134,0.07932948,0.1666905,0.090558805,0.119142644,-0.05851538,0.0016773181,0.07998353,0.12694012,0.08288766,0.11998596,-0.058494903,-0.0046737604,0.07315971,0.12624756,0.06400898,0.12488131,-0.057967857,0.0069610626,0.05600092,0.16871141,0.040813513,0.12883526,-0.057826854,0.16714498,0.041727293,0.3235178,0.026976243,0.1303085,0.0007908538,0.0007908538
187,0.08058185,0.3452146,0.0900501,0.12580785,-0.053547397,0.005820855,0.08064844,0.16814968,0.09171613,0.11559826,-0.05326581,0.0022580149,0.08111338,0.12841496,0.083869085,0.115904786,-0.05354846,-0.0034938175,0.0740654,0.12807699,0.06475596,0.120487265,-0.053321194,0.008701267,0.05663672,0.17129177,0.04132497,0.12407129,-0.053404376,0.1697856,0.042332422,0.32775006,0.027669124,0.12464778,0.0007908538,0.0007908538
188,0.080053195,0.3461721,0.089805685,0.12983583,-0.06032975,-0.0012062126,0.080026545,0.16791186,0.09120929,0.12098213,-0.05943859,-0.00323675,0.0803612,0.12777668,0.083114535,0.12198504,-0.05907721,-0.007415929,0.07320514,0.12726599,0.063820645,0.12703712,-0.058067292,0.0064826543,0.05563638,0.17031612,0.040129602,0.1312298,-0.057411935,0.16879912,0.040961936,0.32654807,0.025725946,0.13317971,0.0007908538,0.0007908538
189,0.080918595,0.34752452,0.09046608,0.12486719,-0.051309176,0.002140942,0.08086429,0.1687018,0.09184842,0.11436984,-0.051157054,-0.00025962346,0.081012316,0.12880087,0.083506405,0.11458451,-0.051460564,-0.0045398897,0.073490456,0.12892509,0.06379714,0.119147815,-0.051184744,0.009246213,0.055460118,0.17311065,0.03960588,0.122713044,-0.051191486,0.1721219,0.04060092,0.33158228,0.025055874,0.1231401,0.0007908538,0.0007908538
190,0.07981007,0.34747902,0.08977445,0.12927458,-0.05920752,-0.001102935,0.07983103,0.16796163,0.090980336,0.12028581,-0.058380365,-0.0029882952,0.07994355,0.12770773,0.08249432,0.121271186,-0.0580174,-0.006858168,0.072404355,0.12754203,0.06270472,0.12634625,-0.05696168,0.0073816683,0.05436768,0.1713045,0.038392037,0.13056956,-0.05625742,0.17049849,0.039267078,0.32895157,0.023219366,0.1325028,0.0007908538,0.0007908538
191,0.07966873,0.34800267,0.08973952,0.12588994,-0.053422425,0.004607384,0.07994118,0.16817889,0.091034494,0.11588453,-0.053094693,0.0015754508,0.08002344,0.1280665,0.08242575,0.116381936,-0.053195335,-0.0032779165,0.072261654,0.1283085,0.06234534,0.12114364,-0.052661598,0.009902386,0.0539308,0.17282827,0.037671093,0.12495424,-0.05243678,0.17274281,0.038753767,0.33196053,0.02238055,0.1258932,0.0007908538,0.0007908538
192,0.081745215,0.3499048,0.09120232,0.13020097,-0.060126875,0.0021132706,0.08112888,0.16957878,0.09221588,0.12137667,-0.059168547,-0.00013138383,0.08105822,0.12907644,0.08362921,0.122468814,-0.058627937,-0.0043617054,0.07343983,0.12882619,0.06378845,0.12764107,-0.057328615,0.009218566,0.055416442,0.1726936,0.03958741,0.1319923,-0.056371532,0.17217895,0.04064197,0.33082232,0.025117837,0.13417906,0.0007908538,0.0007908538
193,0.08057134,0.34976843,0.09046687,0.12610886,-0.052712403,0.003104491,0.080592416,0.16910532,0.09164682,0.1159171,-0.0523659,0.00064863707,0.08055177,0.12885077,0.0829008,0.11633961,-0.05239008,-0.003570724,0.072664686,0.12919989,0.062678106,0.12108432,-0.051728275,0.010161346,0.054191664,0.17405932,0.037876207,0.12490582,-0.051349368,0.17370847,0.03896407,0.3340326,0.022638367,0.12585789,0.0007908538,0.0007908538
194,0.08036625,0.35014236,0.09037751,0.13008103,-0.059444275,0.0013736483,0.08024054,0.16900799,0.09141077,0.12117533,-0.058496088,-0.0007625845,0.08017086,0.1284318,0.082617104,0.12224033,-0.05791157,-0.0047408813,0.07233762,0.12844425,0.062435206,0.12741236,-0.05652726,0.009153094,0.053972133,0.1728333,0.037719432,0.13179223,-0.0554724,0.17271428,0.03876237,0.3319771,0.022410648,0.13402742,0.0007908538,0.0007908538
195,0.08155585,0.35132515,0.0912222,0.12676746,-0.05422414,0.00023112423,0.08119174,0.16995202,0.0922134,0.1169553,-0.05375525,-0.0012922947,0.080987364,0.12952246,0.083317906,0.11760627,-0.053631525,-0.004572707,0.07299078,0.12986872,0.06298421,0.12251539,-0.052775934,0.009949201,0.054421913,0.17485859,0.03809942,0.12652045,-0.052226905,0.17416453,0.039165102,0.3352394,0.022882683,0.1278302,0.0007908538,0.0007908538
196,0.07927615,0.3505,0.08974031,0.12829344,-0.057523165,-0.0010000158,0.079529814,0.16856804,0.09073004,0.119153745,-0.05680506,-0.002567972,0.07938156,0.12799299,0.08166535,0.12016304,-0.05644256,-0.0058911773,0.07126767,0.12836808,0.061083812,0.12530707,-0.055313792,0.00871722,0.05249014,0.17340267,0.03577322,0.12960514,-0.05454044,0.17304909,0.036765654,0.33374473,0.019476438,0.13156384,0.0007908538,0.0007908538
197,0.08045474,0.35182437,0.09059438,0.12722665,-0.05634077,0.0022708622,0.08037346,0.16959569,0.09151748,0.11794,-0.055764414,0.00019354367,0.080127485,0.12896337,0.0824134,0.11890965,-0.055543736,-0.0036261217,0.071955524,0.12937164,0.061794665,0.12402998,-0.05457946,0.010283495,0.053173196,0.17459041,0.036542505,0.12825452,-0.05398059,0.17426418,0.037702847,0.33543062,0.02075122,0.12998988,0.0007908538,0.0007908538
198,0.08163973,0.35312924,0.091451555,0.12856853,-0.058753386,0.0048858994,0.08113203,0.17061357,0.09228869,0.11975464,-0.057971098,0.002393869,0.08083473,0.12977168,0.083222896,0.120972335,-0.057543006,-0.001883947,0.07273259,0.12995155,0.06271346,0.12626009,-0.056330618,0.01131178,0.054119676,0.17494653,0.037723262,0.1306832,-0.055502303,0.17479394,0.039034482,0.33554944,0.022628946,0.13285132,0.0007908538,0.0007908538
199,0.081274144,0.35402995,0.0913199,0.12921627,-0.059814624,0.0019593595,0.080934435,0.17092416,0.092218444,0.12065535,-0.058932535,0.00012926036,0.080719374,0.12987435,0.08316674,0.122002766,-0.05839076,-0.003489602,0.0726592,0.1299875,0.06265189,0.12737225,-0.05703548,0.010332072,0.054041166,0.1750178,0.037618577,0.1318972,-0.056068357,0.17423144,0.03889629,0.33585808,0.022401163,0.13429628,0.0007908538,0.0007908538
200,0.07993125,0.3541516,0.0905102,0.12559843,-0.053351786,0.0012830591,0.08027827,0.170516,0.09158565,0.11584341,-0.053012043,-0.00044079416,0.08012714,0.12962471,0.082390025,0.116616674,-0.052978814,-0.0037606407,0.071839385,0.1302697,0.061523855,0.121616505,-0.052205376,0.010523356,0.0528053,0.17621583,0.035913654,0.12567623,-0.051772937,0.17511651,0.037188254,0.3387948,0.019879324,0.12700272,0.0007908538,0.0007908538
201,0.07785229,0.35406122,0.08923227,0.1298782,-0.06142239,-0.00265913,0.07866302,0.16954605,0.09026436,0.12170972,-0.06041647,-0.0038347258,0.078608274,0.12823124,0.08096289,0.12329971,-0.05972669,-0.0066859564,0.070336014,0.12858689,0.05999139,0.12883875,-0.058184534,0.008162793,0.051267657,0.17416951,0.034162715,0.13358025,-0.057071257,0.17301258,0.035329573,0.3360898,0.01728758,0.13643599,0.0007908538,0.0007908538
202,0.08075662,0.3573372,0.0913372,0.12553439,-0.05671083,0.0010435511,0.08082465,0.17224741,0.09227763,0.116732426,-0.05628852,-0.00034703006,0.08056419,0.1308958,0.08291679,0.11812359,-0.056211513,-0.0033211166,0.07215454,0.13145916,0.061860923,0.12352884,-0.055403557,0.011035878,0.0530134,0.17768812,0.036109183,0.1279442,-0.055066425,0.17566061,0.037614394,0.34123158,0.020353852,0.12988383,0.0007908538,0.0007908538
203,0.08177048,0.35891414,0.09211322,0.12735341,-0.060626958,0.0014723386,0.0814295,0.17332116,0.09294811,0.11937709,-0.059904054,0.00013156376,0.08112465,0.13166645,0.083611146,0.121212326,-0.05953538,-0.0028771036,0.07279619,0.13194554,0.062661454,0.12691125,-0.058386408,0.011228917,0.053825255,0.17789924,0.037150074,0.13166142,-0.057764564,0.17557886,0.03876289,0.34114805,0.021962646,0.13431408,0.0007908538,0.0007908538
204,0.07785661,0.3577157,0.08961492,0.1263929,-0.059027676,0.00030124176,0.07896284,0.17145525,0.090775095,0.11816684,-0.058445122,-0.0012802556,0.07895144,0.1297744,0.08132835,0.11988693,-0.05820269,-0.0044155186,0.07047907,0.13039361,0.059995662,0.12550344,-0.05719777,0.009876131,0.05109871,0.17693888,0.033728216,0.13016294,-0.05671012,0.1746043,0.035275053,0.34121948,0.016918495,0.13262495,0.0007908538,0.0007908538
205,0.082158364,0.3613727,0.09260267,0.12728569,-0.060250476,0.0009833176,0.08189804,0.17478286,0.093583874,0.119298644,-0.059537705,-0.00015747914,0.08172727,0.13279592,0.08433513,0.1211496,-0.059146103,-0.0029960729,0.07348224,0.13300769,0.0634172,0.12686332,-0.057947204,0.011162799,0.05455149,0.17919874,0.03796091,0.13162293,-0.057262562,0.17570557,0.039677177,0.3433282,0.023148011,0.13428235,0.0007908538,0.0007908538
206,0.077628076,0.35978636,0.08969377,0.12634616,-0.05827988,0.001150819,0.07904041,0.17252262,0.0910523,0.1179754,-0.057716165,-0.00069497747,0.07921101,0.13053405,0.08168762,0.11963821,-0.057455674,-0.00409584,0.07080825,0.13113609,0.060346518,0.12522648,-0.05640623,0.00989171,0.05142951,0.1779826,0.03405934,0.12986326,-0.05585161,0.1746523,0.035711262,0.3432198,0.017457558,0.13228135,0.0007908538,0.0007908538
207,0.080263786,0.36225307,0.091545396,0.12768553,-0.059952877,0.00087611197,0.08082891,0.17465341,0.09279673,0.11960051,-0.059199404,-0.0005668175,0.08092525,0.13240182,0.08357538,0.12140612,-0.05872693,-0.0036906123,0.07270097,0.13268325,0.06252598,0.12710027,-0.057409156,0.010310054,0.05363925,0.17922938,0.03678387,0.13187627,-0.056580897,0.17503192,0.038510337,0.34426183,0.021427827,0.1346093,0.0007908538,0.0007908538
208,0.0801611,0.3630543,0.09156428,0.12576379,-0.05719712,0.0009945838,0.08091577,0.17510915,0.092919044,0.1172116,-0.056720972,-0.00043839257,0.08106015,0.13285281,0.08368983,0.11881664,-0.056528483,-0.0035301636,0.07278425,0.13330854,0.06254811,0.12437709,-0.05554361,0.010479215,0.053607438,0.18025424,0.036664158,0.12894899,-0.055044085,0.17533094,0.038429253,0.34617367,0.021256067,0.13118514,0.0007908538,0.0007908538
209,0.07470894,0.36147356,0.08810568,0.12840897,-0.0627442,-0.0027976583,0.07724856,0.17251238,0.08980624,0.12103113,-0.061839905,-0.0041686497,0.07783285,0.12989706,0.08050555,0.123239,-0.061240174,-0.007240138,0.06955498,0.1303171,0.0590606,0.12917571,-0.059791204,0.007131893,0.050113343,0.17729388,0.03246902,0.13422386,-0.058907453,0.17220002,0.034097467,0.3431917,0.015075661,0.13755447,0.0007908538,0.0007908538
210,0.07742452,0.36541173,0.090151526,0.12450885,-0.058847025,0.0028750312,0.07932481,0.17555551,0.09184502,0.11674389,-0.058456592,0.0007477779,0.07979858,0.13272071,0.082557954,0.1188568,-0.058398753,-0.0029930496,0.07146487,0.1332136,0.06108698,0.12470678,-0.057603177,0.010270371,0.052043065,0.18075225,0.0346645,0.12947623,-0.057411294,0.1746376,0.03674531,0.3482563,0.018633945,0.13201559,0.0007908538,0.0007908538
211,0.07898244,0.36806,0.091354564,0.12462311,-0.060924076,5.210098e-05,0.08035988,0.17734125,0.09293443,0.117502205,-0.060460977,-0.001077289,0.08075055,0.13416158,0.08364172,0.11999447,-0.060350113,-0.0039293147,0.07245944,0.13445815,0.06223616,0.12607762,-0.059500623,0.009955447,0.053141642,0.1819599,0.03600002,0.13104361,-0.059324387,0.17454697,0.038170367,0.34975,0.020573974,0.1339336,0.0007908538,0.0007908538
212,0.07384287,0.36641514,0.088090636,0.12361184,-0.06093795,-0.003393625,0.077026844,0.17481396,0.08999802,0.11661362,-0.06058527,-0.0043222704,0.07773614,0.13156784,0.080493815,0.11922985,-0.060621955,-0.006924092,0.06922433,0.13224787,0.058556084,0.12538204,-0.0599742,0.0075652786,0.04936243,0.18039146,0.0313007,0.13038984,-0.06006129,0.17266917,0.03336585,0.34921828,0.013633777,0.13333295,0.0007908538,0.0007908538
213,0.0795373,0.37171468,0.09205431,0.12394367,-0.06210332,0.00056870165,0.08089587,0.1794216,0.09371261,0.117331386,-0.061673496,-0.0005460977,0.08136542,0.13571899,0.0844286,0.12017046,-0.061619006,-0.0034800465,0.0731035,0.13589811,0.06297332,0.12646744,-0.060846694,0.010098075,0.053803362,0.18371128,0.03674614,0.13158387,-0.060826562,0.17447996,0.039168354,0.35264495,0.021829423,0.13469839,0.0007908538,0.0007908538
214,0.07672436,0.37197858,0.09038757,0.12318432,-0.060962066,0.004578766,0.07923533,0.17874391,0.09237219,0.1163658,-0.060646735,0.002058045,0.08000246,0.13485351,0.083060384,0.119132884,-0.060702786,-0.0021630642,0.071679786,0.13522404,0.061341103,0.12538207,-0.060061436,0.010288844,0.05214192,0.1835615,0.034635417,0.13043526,-0.060172915,0.17416501,0.03721044,0.35361487,0.018952422,0.13341103,0.0007908538,0.0007908538
215,0.07632194,0.37328464,0.09027673,0.12537836,-0.0644964,0.0019318453,0.07897649,0.17925294,0.09232292,0.11925716,-0.06384508,-3.421493e-05,0.079877555,0.13499786,0.08308269,0.12237512,-0.06355126,-0.003816679,0.071694985,0.13511951,0.06145859,0.12885705,-0.06248688,0.009000138,0.05228656,0.18325582,0.034861736,0.13421892,-0.062208217,0.17300129,0.03742902,0.35316572,0.019234598,0.13791136,0.0007908538,0.0007908538
216,0.072547816,0.37245136,0.08793167,0.122906424,-0.060333624,0.0033179882,0.0767464,0.17771995,0.09037677,0.11606953,-0.060056187,0.000586842,0.07796609,0.13349575,0.0810336,0.118840516,-0.06011603,-0.0037492309,0.06960318,0.13408495,0.05897567,0.12508166,-0.05946349,0.008767414,0.04972432,0.18307208,0.03156207,0.13013722,-0.059555966,0.17288443,0.03416717,0.35456508,0.014461473,0.13314472,0.0007908538,0.0007908538
217,0.07481466,0.3752344,0.08957038,0.12610209,-0.06460623,-0.0007113643,0.078233846,0.17984608,0.091926455,0.11999866,-0.0638655,-0.0022001925,0.07945836,0.13518225,0.08278463,0.123127535,-0.0634263,-0.005516091,0.07138723,0.13528088,0.06112015,0.12962529,-0.062155787,0.00776192,0.051929805,0.1837409,0.034346953,0.13504684,-0.061643377,0.17218906,0.03693605,0.35467538,0.018402712,0.13891402,0.0007908538,0.0007908538
218,0.073599115,0.3755795,0.0888753,0.12298308,-0.05949998,-0.002115142,0.07766173,0.17968664,0.0914238,0.11596845,-0.059229847,-0.0033279075,0.07898877,0.13510309,0.08219915,0.11866708,-0.059247497,-0.0063018706,0.07076315,0.13560548,0.060266558,0.12487575,-0.058514815,0.0074321073,0.050976735,0.18481238,0.033021968,0.12990354,-0.058498308,0.17238972,0.03557876,0.3572262,0.0163734,0.13285542,0.0007908538,0.0007908538
219,0.07582737,0.37753025,0.090401284,0.12360055,-0.060394857,-0.0039140815,0.07913302,0.18136021,0.09281878,0.11682845,-0.06002313,-0.004394211,0.080348544,0.1366013,0.08366825,0.11964329,-0.05991647,-0.0068191397,0.072225995,0.13689767,0.061936922,0.12592888,-0.05901863,0.0072796447,0.05265011,0.18591836,0.03508319,0.13104433,-0.05883326,0.17245117,0.03762857,0.35823718,0.019280812,0.13418074,0.0007908538,0.0007908538
220,0.07000158,0.37556434,0.08671655,0.1249253,-0.06307283,-0.0012499918,0.075289726,0.17834578,0.089467,0.11879559,-0.06247444,-0.0032415362,0.07688638,0.13337128,0.08010961,0.121923044,-0.062135823,-0.0070729926,0.06859229,0.13386749,0.057862848,0.12839365,-0.06096501,0.006019079,0.048571974,0.1832451,0.030054927,0.13376616,-0.06054782,0.17076877,0.032635003,0.35601386,0.012090467,0.13751799,0.0007908538,0.0007908538
221,0.074332446,0.3802981,0.08977715,0.122305825,-0.059368715,0.003419401,0.07840379,0.18227737,0.0924339,0.11562015,-0.059147675,0.0009710883,0.07982645,0.13705476,0.08319881,0.11852745,-0.059172403,-0.0033225224,0.071599536,0.13748015,0.061149888,0.12485289,-0.05841985,0.008872854,0.051794413,0.1872028,0.033863697,0.12994786,-0.058399405,0.1730916,0.036781088,0.3612754,0.0178129,0.13297881,0.0007908538,0.0007908538
222,0.075626194,0.38360807,0.0908616,0.124666154,-0.06287422,0.0003869701,0.07931151,0.18434827,0.09352224,0.11877013,-0.06228307,-0.0011670605,0.080813356,0.13857375,0.084429026,0.122064985,-0.061888173,-0.004773159,0.072807044,0.13861428,0.06261412,0.1286455,-0.060601845,0.007904844,0.053279746,0.18810594,0.035716087,0.13407466,-0.060060296,0.1722884,0.03869761,0.36226016,0.020466765,0.13787611,0.0007908538,0.0007908538
223,0.066284016,0.3814629,0.08509268,0.12503165,-0.062399566,0.0022592288,0.07354163,0.18042175,0.08863613,0.119184434,-0.061760884,-0.0011301121,0.07591669,0.13430262,0.07944531,0.122452796,-0.06124907,-0.0063140565,0.06778268,0.13478372,0.056932773,0.12898397,-0.05979538,0.0055032815,0.04757386,0.18522343,0.028587498,0.13443838,-0.059049256,0.16980377,0.03160651,0.36112392,0.010221913,0.13842133,0.0007908538,0.0007908538
224,0.07228316,0.38837734,0.08933006,0.12609105,-0.062463794,0.0045906454,0.07777799,0.18610702,0.09282859,0.12022364,-0.061702706,0.0014454126,0.08010469,0.13933004,0.08406635,0.1234949,-0.060986865,-0.0036634994,0.07240674,0.13922259,0.062213104,0.1300548,-0.059231263,0.007599513,0.05289452,0.18941812,0.0350854,0.13555054,-0.058123205,0.17142642,0.03848303,0.36593953,0.019871393,0.13962604,0.0007908538,0.0007908538
225,0.06798303,0.38843516,0.08677793,0.12627077,-0.0611043,0.0042008176,0.075266354,0.18489859,0.09079586,0.120257705,-0.060335662,0.00061242457,0.078091204,0.13783891,0.08204908,0.12339731,-0.05951729,-0.0048065362,0.070382625,0.13794594,0.05989347,0.12985525,-0.057588954,0.0064036483,0.050554946,0.18874635,0.03209402,0.13530228,-0.056236092,0.17046084,0.035541475,0.36658883,0.015536701,0.13936667,0.0007908538,0.0007908538
226,0.06685719,0.39031187,0.086291656,0.12563011,-0.058395717,0.0009179093,0.07483293,0.1855901,0.090601854,0.11902889,-0.057766486,-0.0019512366,0.0779226,0.1382801,0.08192679,0.121868536,-0.057018224,-0.0066755284,0.0702679,0.13853031,0.05970151,0.12814233,-0.055137306,0.0052819857,0.050325602,0.18986239,0.031689744,0.13340558,-0.053762216,0.16996777,0.03513638,0.36906412,0.014835589,0.13710283,0.0007908538,0.0007908538
227,0.06678936,0.39181843,0.08639246,0.1281707,-0.061171215,0.00037897826,0.074822634,0.18629925,0.09077063,0.12204359,-0.06018177,-0.0024149988,0.07804328,0.13862565,0.08219315,0.12509191,-0.05901571,-0.007156079,0.07054094,0.13861756,0.06009065,0.13151829,-0.05659703,0.004707992,0.05075745,0.18975314,0.032253586,0.13704896,-0.05466777,0.16934948,0.035733297,0.3688577,0.015672147,0.14142227,0.0007908538,0.0007908538
228,0.06663579,0.3925423,0.08636925,0.12653735,-0.058207218,0.0039948886,0.0748801,0.18667205,0.0908502,0.11987912,-0.057470486,0.00037949643,0.078139536,0.1389946,0.08224672,0.12266805,-0.056533862,-0.0050634,0.07055613,0.13917005,0.060014755,0.12892194,-0.054379333,0.006016119,0.050645452,0.19073047,0.032016277,0.13422287,-0.052676264,0.170335,0.03564827,0.37075374,0.0154857,0.13806233,0.0007908538,0.0007908538
229,0.06753245,0.39367634,0.087002516,0.12986703,-0.062823,0.0024922183,0.07534162,0.18741252,0.09137126,0.12404094,-0.06159372,-0.0006333337,0.07858488,0.13942741,0.0828439,0.12722422,-0.060129996,-0.0057455404,0.07116272,0.13921872,0.060821272,0.1337543,-0.057316873,0.0054574735,0.051510155,0.19026822,0.033175297,0.13946497,-0.054975133,0.16973168,0.036796257,0.3694981,0.017160058,0.14428242,0.0007908538,0.0007908538
230,0.06667068,0.3937537,0.086499,0.12513065,-0.054627575,0.0042923205,0.07508532,0.18724264,0.09104901,0.1177574,-0.054123297,0.0008110309,0.078353204,0.13955396,0.08237753,0.120193,-0.05335143,-0.004423105,0.07065496,0.13999899,0.059980698,0.126234,-0.05135866,0.006734897,0.050551705,0.19214654,0.031760834,0.13129708,-0.049751576,0.17137857,0.03546864,0.37344697,0.015180441,0.13460486,0.0007908538,0.0007908538
231,0.06590403,0.39406055,0.086071596,0.13032018,-0.06308305,-0.0003082086,0.07431939,0.18688828,0.09048701,0.12461273,-0.061765585,-0.002737938,0.077615924,0.1387793,0.081777096,0.1278621,-0.060149208,-0.007127384,0.07002203,0.1387838,0.059444286,0.13445461,-0.057114948,0.004780454,0.0500562,0.19028655,0.03129489,0.14028597,-0.0545493,0.16971005,0.034899004,0.3704196,0.014408391,0.14537685,0.0007908538,0.0007908538
232,0.06650875,0.39525688,0.08653751,0.12554017,-0.05642107,0.0033944617,0.0749418,0.18770766,0.09096857,0.118730664,-0.05578535,0.0004091103,0.07810677,0.1398054,0.08207755,0.121500514,-0.054854017,-0.004287375,0.07021185,0.14035551,0.059397437,0.12777229,-0.0526481,0.0071758907,0.04986457,0.19286902,0.030821785,0.13309635,-0.050884828,0.17207283,0.034663856,0.37501606,0.013925048,0.13692829,0.0007908538,0.0007908538
233,0.06924518,0.3975967,0.08836556,0.1289154,-0.061977796,0.0016345682,0.07654253,0.18960807,0.09251818,0.12319091,-0.06081088,-0.0004976331,0.07953223,0.14133528,0.08370863,0.12651181,-0.05932518,-0.0045539956,0.07181488,0.14138916,0.0613398,0.13316844,-0.056429088,0.0071681556,0.051841576,0.19328485,0.033365637,0.13899972,-0.054033734,0.17200296,0.03725554,0.3745741,0.017658131,0.14396724,0.0007908538,0.0007908538
234,0.065660946,0.39636844,0.086138934,0.12465457,-0.055685975,0.0028571514,0.074481584,0.18791837,0.090615995,0.117812686,-0.05514439,9.00602e-05,0.077667564,0.13989362,0.081576146,0.12062069,-0.054293543,-0.0043550897,0.06960753,0.14066625,0.058621295,0.12692672,-0.052176956,0.0072525768,0.0489922,0.19372182,0.029645758,0.13226432,-0.050529353,0.17235845,0.03357906,0.37703162,0.012296577,0.13608111,0.0007908538,0.0007908538
235,0.06724549,0.39798874,0.08721992,0.12851861,-0.060758322,0.001758679,0.07536434,0.18905577,0.09150849,0.12261344,-0.059639428,-0.00054095185,0.07846215,0.14068554,0.08252605,0.12585816,-0.05813833,-0.0046630767,0.070548795,0.14103983,0.059794225,0.13248163,-0.05518871,0.0070725195,0.050214905,0.19356532,0.031243386,0.13830432,-0.05272135,0.17220896,0.0351961,0.37610406,0.014661042,0.14325324,0.0007908538,0.0007908538
236,0.066558816,0.39808664,0.08682486,0.12711003,-0.05813314,0.0042381096,0.07504457,0.18890849,0.09121242,0.1207227,-0.057229117,0.0013069701,0.07818584,0.14059815,0.08216522,0.12373315,-0.055919334,-0.0033074592,0.070157714,0.14119223,0.059251998,0.13020463,-0.05318903,0.007945377,0.04963361,0.19415964,0.030430207,0.13583559,-0.05090581,0.17297119,0.034480635,0.3775499,0.013588026,0.14034867,0.0007908538,0.0007908538
237,0.06602856,0.39831796,0.08653339,0.12937911,-0.061049715,0.0044122995,0.07464873,0.18878895,0.09093968,0.12355336,-0.059808753,0.0013708903,0.077865146,0.14027053,0.081915334,0.1268131,-0.058116794,-0.0033654603,0.069906496,0.14067428,0.05903817,0.13345727,-0.054897547,0.00769688,0.049456622,0.1934061,0.030258438,0.13936423,-0.05212924,0.17260051,0.03432841,0.37642065,0.013384639,0.14454119,0.0007908538,0.0007908538
238,0.06888333,0.40140578,0.08849278,0.12871216,-0.060115013,0.0004406997,0.07659689,0.1913001,0.092797235,0.12277557,-0.058964837,-0.0010992779,0.07970005,0.14257495,0.08388895,0.1260026,-0.057350885,-0.004518744,0.071867004,0.14284454,0.061258815,0.13262656,-0.054214455,0.007483902,0.05164211,0.19562267,0.03294597,0.13847293,-0.0515205,0.17279336,0.037040807,0.37915605,0.01725929,0.14348367,0.0007908538,0.0007908538
239,0.06291009,0.39947033,0.08480932,0.12819394,-0.058373928,-0.0011075917,0.07295827,0.18851638,0.08964318,0.12188576,-0.057322316,-0.0030605346,0.07656709,0.13974829,0.08061649,0.12491382,-0.055771615,-0.006755295,0.06858545,0.14044282,0.057485044,0.13140383,-0.052700184,0.0054316814,0.047829837,0.19393332,0.028133428,0.13713953,-0.050034508,0.17112747,0.032139987,0.3786411,0.010138872,0.14197548,0.0007908538,0.0007908538
240,0.06717211,0.40351424,0.08767936,0.12952846,-0.060019534,0.00012202887,0.0757522,0.19196838,0.09232931,0.12352074,-0.05877518,-0.0016057885,0.079206266,0.14280687,0.08353225,0.12671016,-0.056999076,-0.005265617,0.071489885,0.1430444,0.060866315,0.13332336,-0.053628854,0.00649245,0.05124181,0.19616255,0.032412786,0.13921666,-0.050664507,0.17174047,0.036599293,0.3807556,0.016556382,0.14440249,0.0007908538,0.0007908538
241,0.06362639,0.40285766,0.08553741,0.12710999,-0.05657603,-0.00050431094,0.07368733,0.19061816,0.09053889,0.12053703,-0.05568143,-0.0024880897,0.077424206,0.14148332,0.08161823,0.12346991,-0.054260258,-0.006317498,0.069525495,0.14216724,0.05853651,0.12989658,-0.05133016,0.005517261,0.048831094,0.19608511,0.029311838,0.13552244,-0.048792206,0.1710062,0.03350267,0.38213527,0.012032535,0.14010172,0.0007908538,0.0007908538
242,0.06526762,0.40480343,0.08667559,0.1297265,-0.060979914,-0.0010771607,0.07463902,0.19204421,0.09152554,0.12405501,-0.059670538,-0.002726998,0.07830246,0.14255245,0.08268205,0.12743841,-0.057815064,-0.0064204186,0.07055429,0.14283524,0.059826035,0.13417186,-0.054341543,0.005297333,0.05014728,0.1963005,0.031037958,0.14020135,-0.051312722,0.17055133,0.03528628,0.3817735,0.0146234585,0.14568892,0.0007908538,0.0007908538
243,0.06568277,0.40577167,0.08700426,0.12804267,-0.058225807,0.0011153223,0.07502923,0.19267607,0.091878496,0.121892676,-0.0571647,-0.0009628887,0.078658566,0.14319944,0.082989946,0.12505575,-0.055542506,-0.005016499,0.07081929,0.14366785,0.060029022,0.131644,-0.052343965,0.006273457,0.050302517,0.19754621,0.031140458,0.1374662,-0.04956113,0.17140564,0.03550752,0.383916,0.01490026,0.14246419,0.0007908538,0.0007908538
244,0.06415544,0.40545955,0.08608105,0.13076024,-0.061962362,0.0016805247,0.073964536,0.1919496,0.091018885,0.12533005,-0.06049483,-0.0007830294,0.07773131,0.1422383,0.08212339,0.12881713,-0.058425732,-0.0052526826,0.06994349,0.14251268,0.059127823,0.13562547,-0.054661598,0.005650241,0.049444687,0.19612306,0.030137053,0.14179295,-0.05133341,0.17055622,0.034502905,0.38197908,0.013455151,0.1476208,0.0007908538,0.0007908538
245,0.06086094,0.40451372,0.084067486,0.12886812,-0.058282904,0.0016631071,0.072065525,0.19049816,0.089340195,0.12280039,-0.057104997,-0.0011357369,0.076097585,0.14086576,0.08033267,0.12595549,-0.05528502,-0.0057762857,0.06813423,0.14158154,0.056945253,0.13253465,-0.051806014,0.005202615,0.047205985,0.19593556,0.027220696,0.13842918,-0.04870091,0.17045216,0.031597283,0.38310984,0.009195568,0.1436712,0.0007908538,0.0007908538
246,0.067515165,0.41012383,0.088459656,0.12873955,-0.05767161,0.0013064278,0.07646136,0.1955561,0.0934418,0.122574195,-0.056518525,-0.00046783194,0.0801911,0.14557232,0.084738865,0.12570937,-0.05468878,-0.004343292,0.072538204,0.14584722,0.06198599,0.13229305,-0.051168323,0.0067299283,0.052245628,0.19994138,0.033491433,0.13815871,-0.047996428,0.17179081,0.038050465,0.38741812,0.018481828,0.14329535,0.0007908538,0.0007908538
247,0.05764687,0.40683252,0.08240135,0.12837169,-0.056466423,0.006001635,0.07045274,0.19104797,0.08829446,0.12202114,-0.055373844,0.0015984643,0.07506052,0.14092313,0.079452604,0.12503545,-0.053567983,-0.004489968,0.06721092,0.14174373,0.05592251,0.13151717,-0.05006923,0.0051074815,0.04615645,0.19681327,0.025849648,0.13732566,-0.046892583,0.16966079,0.030470977,0.3858792,0.0074927285,0.14244634,0.0007908538,0.0007908538
248,0.059855685,0.4114227,0.08409985,0.13262263,-0.06197611,0.003987164,0.071925275,0.19416583,0.09001156,0.12715933,-0.060282335,0.00026400003,0.07667206,0.14326729,0.08149592,0.13063414,-0.057816714,-0.0054407367,0.06925742,0.1433962,0.058485698,0.13746056,-0.053474236,0.0041477256,0.048783943,0.19788611,0.029252663,0.1437825,-0.049491383,0.16835274,0.03397568,0.38661665,0.012541778,0.15012597,0.0007908538,0.0007908538
249,0.06030224,0.41453996,0.08462308,0.12986,-0.058078635,0.0058964803,0.07255029,0.1961679,0.09077363,0.123721406,-0.056786276,0.0018921728,0.07744314,0.14504908,0.082356386,0.12692828,-0.054724425,-0.0040031746,0.070054,0.14535713,0.059321098,0.13357407,-0.050876074,0.005119332,0.049538366,0.20056328,0.030078707,0.13959461,-0.04736658,0.16896658,0.035074893,0.39115205,0.014017886,0.14521666,0.0007908538,0.0007908538
250,0.05839287,0.4151335,0.083561964,0.13084579,-0.05989635,0.0029628729,0.07138424,0.19590755,0.089900814,0.1251437,-0.058439463,-0.0004575979,0.07650525,0.14450872,0.081494644,0.1285694,-0.056201134,-0.0058459565,0.069167316,0.14476009,0.05838116,0.13535185,-0.052131858,0.0037051747,0.048588816,0.2000427,0.028917888,0.14155604,-0.048435606,0.16767159,0.033908222,0.3909142,0.012288712,0.14761993,0.0007908538,0.0007908538
