Epoch,Layer0_theta_1,Layer0_r,Layer0_theta_2,Layer0_bx,Layer0_bp,Layer0_gamma,Layer1_theta_1,Layer1_r,Layer1_theta_2,Layer1_bx,Layer1_bp,Layer1_gamma,Layer2_theta_1,Layer2_r,Layer2_theta_2,Layer2_bx,Layer2_bp,Layer2_gamma,Layer3_theta_1,Layer3_r,Layer3_theta_2,Layer3_bx,Layer3_bp,Layer3_gamma,Layer4_theta_1,Layer4_r,Layer4_theta_2,Layer4_bx,Layer4_bp,Layer4_gamma,Layer5_theta_1,Layer5_r,Layer5_theta_2,Layer5_bx,Layer5_bp,Layer5_gamma
1,0.074015886,0.06025116,0.07408121,0.07457511,0.043265957,0.0075896387,0.07422937,0.06448759,0.07422343,0.07412725,0.022358019,-0.0136032095,0.074296355,0.068279356,0.07422234,0.07321299,0.005378616,-0.038374543,0.074253164,0.07087127,0.07412437,0.07236927,-0.017360661,-0.041974816,0.074116215,0.07254645,0.07394723,0.07223694,-0.025668472,-0.043621518,0.07392923,0.07373035,0.07374516,0.07332519,-0.06531996,0.0014378914
2,0.13882357,0.055716705,0.13908096,0.12162455,0.10652978,0.020906273,0.13717729,0.080180876,0.13608618,0.12001276,0.053190842,-0.009106664,0.13452832,0.097383745,0.13254397,0.12306532,0.0067779133,-0.04054495,0.13166812,0.10083327,0.12844223,0.13094768,-0.032286067,-0.04281844,0.12656723,0.102211975,0.12128236,0.1374899,-0.048629835,-0.032747712,0.117849514,0.109032914,0.112050585,0.14212984,-0.12055861,0.002803548
3,0.14437762,0.053573772,0.14338924,0.13431787,0.17649604,0.031150155,0.13640897,0.09682422,0.13390158,0.13648567,0.118698634,0.019829538,0.12864931,0.10823801,0.12775524,0.15652892,0.065414615,0.008730667,0.12473692,0.091680326,0.121056125,0.18024832,0.018434923,0.014272189,0.1149727,0.087973446,0.10324696,0.1923236,-0.006928025,0.0285416,0.09510573,0.10776711,0.07988898,0.1959359,-0.13081901,0.0023793322
4,0.15789722,0.04032772,0.15639275,0.14579685,0.17188543,-0.03359633,0.15076524,0.09236688,0.14697877,0.14447683,0.111435555,-0.029699352,0.14239633,0.108661674,0.13991666,0.16401607,0.056217887,-0.01389524,0.13772576,0.0942536,0.13180266,0.19050546,0.009470122,0.01202059,0.12513687,0.09255776,0.10925361,0.20414948,-0.01795577,0.03926776,0.09947593,0.11693101,0.08045223,0.21004312,-0.16905674,0.0022824442
5,0.14331941,0.04607389,0.14029166,0.14908443,0.16128705,-0.0966098,0.13684921,0.105116084,0.1334449,0.14667483,0.09788107,-0.074334525,0.13172428,0.10804115,0.13461478,0.16955635,0.04047824,-0.0246864,0.13489804,0.07565957,0.13350528,0.1964645,-0.007141668,0.01810258,0.12790419,0.07354411,0.11085704,0.20590262,-0.034531947,0.05333105,0.101399146,0.11226456,0.077563144,0.20621556,-0.19676091,0.002683372
6,0.13840106,0.044633377,0.13440369,0.15326203,0.15408118,-0.15210272,0.13197273,0.113148846,0.12788557,0.14746118,0.08692235,-0.1192676,0.12794483,0.11251932,0.13352095,0.1720417,0.031879414,-0.036356587,0.1351477,0.0692329,0.13695797,0.20032226,-0.012061132,0.022476077,0.1314483,0.06528251,0.11404546,0.20776966,-0.036516394,0.064772755,0.10437585,0.11240135,0.0772948,0.20374773,-0.21668972,0.0030534456
7,0.14663528,0.034551777,0.14263795,0.15688513,0.16355969,-0.18095422,0.13798533,0.11377834,0.13238046,0.14790022,0.091883846,-0.14772438,0.13141058,0.11901817,0.135892,0.1756974,0.041847065,-0.041114174,0.13649364,0.07460973,0.13842443,0.2080011,0.0030745547,0.028980618,0.13110851,0.06753079,0.113342844,0.21715558,-0.019598436,0.07268816,0.10246643,0.11469882,0.07359025,0.2115966,-0.2249256,0.0030649472
8,0.1506794,0.029659927,0.1466612,0.1587018,0.17706369,-0.19407828,0.13957454,0.11753575,0.1336125,0.1497788,0.098752916,-0.16315374,0.13210177,0.12266766,0.13791873,0.18101726,0.05246854,-0.037044886,0.13752228,0.074754685,0.14069337,0.21615396,0.018258736,0.038801074,0.13173701,0.0651794,0.114094436,0.22621329,-0.0014539512,0.08107978,0.102128044,0.11559068,0.07071619,0.21720602,-0.23175061,0.0028397704
9,0.15138145,0.026899865,0.147198,0.1607153,0.1817642,-0.20698284,0.13959298,0.12141324,0.1339332,0.15370548,0.09522479,-0.17796467,0.13349213,0.121646106,0.14291354,0.18540968,0.050559223,-0.03767992,0.1427406,0.069104694,0.14854501,0.2202844,0.019269219,0.03916345,0.13936958,0.059814867,0.12214145,0.2289892,0.0038633477,0.08265919,0.109582074,0.1182636,0.0753278,0.2150694,-0.24474145,0.002458558
10,0.1483514,0.025349775,0.1440556,0.16232984,0.18938023,-0.20942873,0.13598332,0.12426482,0.13162243,0.15810096,0.093521714,-0.18543342,0.13201278,0.11558365,0.14589483,0.19060498,0.050571542,-0.034065,0.14581229,0.05884871,0.15383115,0.22515145,0.021983875,0.042121354,0.14464101,0.051314853,0.12720384,0.2326587,0.011050687,0.087246105,0.114448376,0.11912314,0.075981714,0.21404073,-0.2575759,0.0022887837
11,0.15063925,0.020272207,0.14654884,0.16421956,0.19528125,-0.21084552,0.13755113,0.12263179,0.13390104,0.16183667,0.09017983,-0.19563681,0.13369136,0.10920356,0.14998907,0.19363362,0.050822344,-0.03814822,0.1496444,0.054409146,0.15842007,0.22814831,0.028372498,0.041686293,0.14869489,0.049367785,0.13067487,0.23584287,0.023560742,0.088068105,0.11728169,0.12235701,0.07524126,0.21368474,-0.2660143,0.001793785
12,0.15181537,0.01807602,0.14790447,0.16424534,0.20314585,-0.20814377,0.13742091,0.12278847,0.13480338,0.16414872,0.08933652,-0.20289391,0.13350798,0.10275845,0.15213616,0.19617505,0.053711973,-0.04054022,0.15131943,0.049598515,0.16050951,0.23117444,0.038103044,0.044682607,0.15000533,0.046469502,0.13128205,0.23964827,0.04009274,0.09302285,0.11733771,0.12431811,0.070976265,0.2141851,-0.2726389,0.0013252676
13,0.15253563,0.017382894,0.14875275,0.16521043,0.20488055,-0.20997666,0.1376585,0.12440904,0.13629128,0.1663404,0.083405495,-0.21303122,0.13448033,0.098010294,0.155971,0.19705562,0.05171069,-0.044994503,0.15513007,0.045633327,0.16530696,0.23178786,0.043718353,0.046125364,0.15420926,0.043617696,0.1351138,0.24066359,0.054713197,0.09849151,0.120308146,0.12663525,0.06986509,0.21122107,-0.27580664,0.00056038523
14,0.15262957,0.01756256,0.14897548,0.16565277,0.20627035,-0.20719434,0.13742709,0.12598452,0.13742402,0.16760446,0.07858271,-0.21892613,0.13440177,0.09288648,0.1583094,0.19751765,0.051334705,-0.048468005,0.15716822,0.041909292,0.16797383,0.232349,0.050873242,0.047489703,0.15623453,0.041257385,0.13668153,0.24184835,0.07035756,0.10417806,0.12111114,0.12864126,0.06667335,0.20904854,-0.2775693,-0.00048269125
15,0.15222251,0.01847218,0.14868128,0.16585307,0.21114731,-0.20237772,0.13628404,0.12889276,0.13755304,0.16932365,0.07747282,-0.22207457,0.1328192,0.08823299,0.15869942,0.19981183,0.054131992,-0.04991366,0.15704286,0.038012575,0.16818929,0.23517534,0.05895455,0.048984226,0.15609737,0.03824398,0.13609752,0.24523528,0.084104314,0.108956546,0.12052094,0.13088165,0.061539125,0.2088575,-0.28368768,-0.0010960782
16,0.15481406,0.016559077,0.15149193,0.16733198,0.20753331,-0.20219949,0.13968946,0.12807764,0.14211312,0.17089416,0.07026094,-0.22836562,0.13565676,0.08250177,0.16311209,0.19990133,0.05126592,-0.058595907,0.16109978,0.035820104,0.17266066,0.23494092,0.06058784,0.039568894,0.16038382,0.03941194,0.13994183,0.24485482,0.09105203,0.10618372,0.123598866,0.13558856,0.06191543,0.20650168,-0.2925197,-0.0011126611
17,0.1528381,0.01999096,0.14961113,0.16705875,0.21051036,-0.19754018,0.13737458,0.13329642,0.14138292,0.1715656,0.069906175,-0.22756827,0.13331927,0.08034407,0.1625926,0.20187445,0.055072,-0.055387706,0.15994962,0.032920014,0.17192374,0.23768327,0.068509705,0.043071743,0.1593499,0.035994817,0.13875751,0.24812631,0.103763185,0.11214241,0.12260432,0.1375192,0.056606293,0.20584805,-0.29642028,-0.0016000773
18,0.15382858,0.019256404,0.15081796,0.16777755,0.21034233,-0.19444479,0.13876367,0.13483031,0.14385037,0.17200895,0.067849174,-0.2275116,0.13347116,0.07763725,0.16381389,0.20297942,0.058281515,-0.056788154,0.16023634,0.03190905,0.1723653,0.23961869,0.07534236,0.04092522,0.15941957,0.0357837,0.13868538,0.25069728,0.11302466,0.11107658,0.12269627,0.14033157,0.05405617,0.20602399,-0.30282432,-0.0019438828
19,0.15483528,0.019548139,0.1519757,0.16850035,0.20539604,-0.1954842,0.14053987,0.13675788,0.1468046,0.17184532,0.060974393,-0.23371227,0.13467507,0.07504941,0.16630745,0.202705,0.056190778,-0.06342864,0.1623426,0.030974776,0.17486514,0.23936053,0.07718615,0.034311097,0.16175647,0.035743352,0.14093639,0.2505127,0.11915391,0.10921151,0.12449963,0.14376707,0.053209778,0.20369515,-0.3105402,-0.0020459222
20,0.15367736,0.021892913,0.15095007,0.16754186,0.20660599,-0.19152777,0.13938154,0.14082229,0.14677513,0.17133784,0.060387652,-0.23320091,0.13243595,0.073024474,0.16487704,0.20439151,0.059458256,-0.06425547,0.16015007,0.028967837,0.17264582,0.24192783,0.08268617,0.03246366,0.15957157,0.033441365,0.13861142,0.25354916,0.12582015,0.1086811,0.12290138,0.14607473,0.04836381,0.20451635,-0.31940475,-0.0008002332
21,0.15539697,0.022352869,0.15289077,0.16703029,0.20287679,-0.19172888,0.1415837,0.14250799,0.14980915,0.17034344,0.055594873,-0.23737948,0.13309397,0.070990376,0.16609687,0.20444232,0.058986012,-0.07142483,0.16071628,0.02918128,0.17330536,0.24228923,0.08555522,0.024921343,0.16005085,0.034183137,0.13900608,0.25433347,0.13110721,0.10450018,0.123296745,0.14959411,0.046543103,0.20386167,-0.32915848,0.00033868267
22,0.15433025,0.026065316,0.15200824,0.16557647,0.20123525,-0.19102179,0.14089946,0.14737053,0.150738,0.16881503,0.05387346,-0.23681404,0.13222794,0.07085427,0.16634265,0.20483963,0.061061427,-0.07142438,0.16014655,0.028111331,0.17306942,0.2433252,0.08983075,0.021912789,0.1596329,0.03189255,0.13870777,0.25578392,0.1374159,0.103400365,0.12323302,0.15105215,0.044078663,0.20305754,-0.33331388,0.0006182345
23,0.15539746,0.026943613,0.15332848,0.16446635,0.1987938,-0.19082913,0.14243281,0.14994569,0.1532556,0.16717789,0.050705336,-0.23961937,0.13254698,0.069508225,0.1673268,0.20505221,0.06274351,-0.07480888,0.16019785,0.028373128,0.17327785,0.2442973,0.094289474,0.0169835,0.15956399,0.031921,0.13861702,0.25737345,0.14344467,0.10070359,0.12345108,0.15314457,0.04242464,0.20355113,-0.3407435,0.00058318797
24,0.15471989,0.029318424,0.15293649,0.1627139,0.19822314,-0.19019672,0.14233918,0.15345073,0.15459214,0.16629365,0.049503956,-0.23935792,0.13188042,0.06714561,0.16748933,0.20654804,0.06448311,-0.07694343,0.15949138,0.025727693,0.17273399,0.2464653,0.09573404,0.009718258,0.15933861,0.029669832,0.1382542,0.25937694,0.14345032,0.09634934,0.12387451,0.1542859,0.041364398,0.20538838,-0.35025033,1.3277484e-05
25,0.15754233,0.028875029,0.15624823,0.16132185,0.19444609,-0.19274648,0.1461017,0.15452011,0.15930434,0.16406325,0.047284022,-0.24047256,0.13373402,0.06681656,0.16974041,0.20641224,0.06773119,-0.08122127,0.16029282,0.027752351,0.17364998,0.24741675,0.10125796,0.0030892245,0.15961763,0.031635236,0.13857521,0.26127696,0.14862593,0.09060168,0.1245026,0.15536532,0.04187303,0.20759848,-0.3580372,-0.0004401793
26,0.15373701,0.034383263,0.15264924,0.1582076,0.19052082,-0.19435632,0.14326213,0.16034007,0.15870437,0.16217916,0.042839143,-0.2410039,0.13214658,0.06459899,0.16954,0.20628944,0.066542804,-0.08091091,0.15962762,0.023730375,0.17343692,0.24744923,0.10076785,-0.0031302008,0.15955938,0.027776202,0.13847005,0.2608319,0.15009,0.08933079,0.124462076,0.15696405,0.039829034,0.20616817,-0.3619994,-0.00074185344
27,0.15507835,0.03301887,0.15456003,0.15710126,0.18736568,-0.19231659,0.14586464,0.159477,0.16276458,0.15964034,0.041803163,-0.23949975,0.13334012,0.06358606,0.17091449,0.20713906,0.07231879,-0.07899692,0.1591714,0.026842454,0.17290491,0.24962933,0.10828604,-0.0071279295,0.15832116,0.030920053,0.1372601,0.2643095,0.15652028,0.08322397,0.12404257,0.15854888,0.03941373,0.20960549,-0.36821118,-0.00028061913
28,0.15245003,0.03742879,0.15219277,0.15483701,0.18365633,-0.19255053,0.14440681,0.16443227,0.16395906,0.15855315,0.03697798,-0.24079901,0.13346314,0.060999993,0.17256707,0.20827934,0.07112869,-0.077097856,0.16021502,0.0234373,0.17447926,0.2507429,0.10677042,-0.014201998,0.16009676,0.027778149,0.139073,0.2646891,0.1563071,0.08009504,0.12618053,0.16058648,0.039749254,0.20859492,-0.3721687,-0.0006690267
29,0.15225242,0.03954523,0.15258548,0.15211643,0.18192074,-0.19225438,0.14509383,0.16635954,0.16652934,0.15578414,0.037029352,-0.23947412,0.13361967,0.06091878,0.1731677,0.20912474,0.076943256,-0.07366753,0.15934256,0.025565123,0.1736371,0.25285113,0.11448461,-0.014815904,0.15841663,0.0290577,0.1374754,0.26811042,0.16407272,0.07780257,0.12530023,0.1620933,0.038040303,0.21133357,-0.37676492,-0.0011842118
30,0.15303206,0.04063238,0.15366976,0.1502659,0.17710693,-0.19360088,0.14708883,0.16757376,0.17014328,0.15485524,0.03041253,-0.24663328,0.13551,0.057144575,0.17591625,0.20945267,0.07447093,-0.07982052,0.16156176,0.024223419,0.17611223,0.25307372,0.11248626,-0.025460433,0.16090885,0.029170256,0.13982956,0.26820216,0.16231096,0.07254607,0.12800965,0.16490528,0.039839733,0.21261922,-0.38806698,-0.0021982286
31,0.1504404,0.046146806,0.15141857,0.14579825,0.17805883,-0.19198506,0.14477544,0.17374495,0.16941191,0.15163511,0.031134825,-0.24673334,0.13335232,0.057991788,0.17424715,0.21059902,0.08022307,-0.073586546,0.1589436,0.024795841,0.17348227,0.25569066,0.120273314,-0.02076932,0.15744688,0.028020635,0.13640608,0.271914,0.17102629,0.076637685,0.12542447,0.16607143,0.035438284,0.21516992,-0.3913377,-0.0031697312
32,0.15130177,0.048579875,0.15274052,0.14310339,0.17580053,-0.1933849,0.14682475,0.1757224,0.17311002,0.15155897,0.026887272,-0.2515765,0.13530557,0.05393249,0.17690067,0.21137239,0.07913603,-0.078821674,0.16104993,0.022798257,0.17576598,0.25657806,0.11903175,-0.029966498,0.15961726,0.028134074,0.13834861,0.27269197,0.16888538,0.072506055,0.12797947,0.16897796,0.037574142,0.2179084,-0.40214273,-0.0032248115
33,0.1513122,0.051429514,0.15339746,0.1399175,0.1748847,-0.19277619,0.14787002,0.17746855,0.17603938,0.14950621,0.026198927,-0.25348622,0.13604619,0.052867457,0.17809696,0.21287894,0.082806766,-0.078890875,0.16113895,0.023853628,0.17594701,0.25897405,0.122924335,-0.034336023,0.15929087,0.029018378,0.13795635,0.27578515,0.17124304,0.06953603,0.12857157,0.17058314,0.0376087,0.2218876,-0.4099396,-0.003859576
34,0.15031166,0.054636244,0.15300743,0.13643885,0.16802365,-0.19646618,0.14842539,0.17856038,0.1792746,0.14637944,0.021787036,-0.25582954,0.13758129,0.052146405,0.18061438,0.2119372,0.08308757,-0.079923645,0.16274203,0.024546336,0.17796014,0.25821725,0.12417118,-0.041188836,0.16055077,0.029757999,0.1393304,0.27542093,0.17404424,0.064883545,0.1297052,0.17189969,0.038558368,0.2217047,-0.41272405,-0.0040358193
35,0.14851229,0.05918548,0.15181762,0.13258542,0.16590424,-0.19750798,0.14748088,0.18177345,0.18017696,0.14394018,0.019777581,-0.25901368,0.13685532,0.05205852,0.18039776,0.21201824,0.08529085,-0.07956047,0.16194752,0.025323823,0.17730111,0.25890747,0.12784722,-0.042622272,0.15919292,0.030107638,0.13798292,0.27682027,0.17856033,0.06311379,0.12864007,0.17370251,0.03644715,0.22293626,-0.41683173,-0.0039871647
36,0.14901151,0.06143348,0.15317926,0.12949975,0.16260377,-0.19876252,0.14923863,0.18263543,0.1841929,0.14239585,0.016336339,-0.26320696,0.13884349,0.050498582,0.18320467,0.2125013,0.08691324,-0.07985318,0.16397095,0.026645048,0.17962708,0.25977665,0.13098861,-0.04512088,0.16064434,0.03220934,0.1394659,0.27829814,0.1829775,0.0602234,0.1303055,0.17611223,0.037564408,0.22452562,-0.42225644,-0.0036959045
37,0.144352,0.06807037,0.14905533,0.12555884,0.16499768,-0.19758366,0.14545734,0.18726386,0.18333328,0.14392383,0.01605512,-0.26424748,0.1372492,0.0462346,0.18243082,0.2148723,0.08766348,-0.077782266,0.16324206,0.021177998,0.17900354,0.26228318,0.12931532,-0.048020802,0.1602669,0.029138012,0.13875316,0.27980345,0.1797554,0.0600303,0.13060477,0.17827968,0.03619949,0.22692834,-0.42786127,-0.0029436399
38,0.1460871,0.06973555,0.1518918,0.1227874,0.1667371,-0.19830777,0.14777838,0.18839242,0.18652423,0.14278482,0.01806153,-0.26748052,0.13781014,0.048028518,0.18314943,0.2162909,0.09439908,-0.07765328,0.16304792,0.025734656,0.1789034,0.26500133,0.13779339,-0.045934748,0.15916647,0.032712284,0.1377583,0.28409836,0.18723792,0.05786094,0.13040511,0.17950161,0.035642743,0.23180372,-0.43411794,-0.0017698397
39,0.14584379,0.071013704,0.15247333,0.12123938,0.15925711,-0.20262952,0.14960036,0.18709874,0.19135186,0.1439268,0.010354981,-0.27342245,0.14123116,0.043395173,0.18786453,0.21563628,0.089985624,-0.083365194,0.16767447,0.023725217,0.1840603,0.263503,0.13310283,-0.055676397,0.16410464,0.034507655,0.14257587,0.2817568,0.18407317,0.05177191,0.134679,0.18253228,0.039966803,0.23101158,-0.44038072,-0.001161843
40,0.14094292,0.07885702,0.14814405,0.116216496,0.16073215,-0.20437883,0.14486764,0.19362374,0.18824552,0.1414999,0.014666982,-0.27072227,0.13727319,0.048815742,0.18407324,0.21589808,0.09816142,-0.07420375,0.16344093,0.026022727,0.1799108,0.26531684,0.1426068,-0.04539269,0.1587268,0.034440026,0.13754128,0.28466764,0.1947283,0.060829528,0.12977123,0.18314148,0.034032937,0.23215894,-0.44126993,-0.00038469536
41,0.13884643,0.082495496,0.14666112,0.11503656,0.15475039,-0.20448634,0.14486429,0.19544522,0.19098489,0.14454342,0.00620356,-0.27627003,0.13880986,0.04331088,0.18675192,0.21582432,0.09193275,-0.0804486,0.16650015,0.021858979,0.18342419,0.26405883,0.13598464,-0.05569086,0.16231287,0.03549944,0.14054647,0.28170434,0.18940674,0.05832165,0.13227858,0.1862362,0.03688875,0.2317676,-0.44640893,-0.00043519953
42,0.14193429,0.080526896,0.15188482,0.1146873,0.15025225,-0.20765504,0.15015517,0.19057791,0.19797118,0.14505501,0.0074336445,-0.27105492,0.14143199,0.04456238,0.18971784,0.2159144,0.09774037,-0.08317807,0.16801897,0.027698312,0.18528306,0.26478606,0.14315258,-0.05788115,0.16312724,0.041897647,0.14164308,0.28405505,0.19561033,0.051736042,0.13341245,0.18471552,0.04026854,0.23542243,-0.45063522,-0.0008271131
43,0.13666132,0.08556631,0.1471833,0.11231884,0.14992839,-0.21148895,0.14533792,0.19428204,0.1953851,0.14774385,0.006441738,-0.27134466,0.13781112,0.042637505,0.18694095,0.21582092,0.09687409,-0.0846979,0.16592397,0.022125773,0.18373567,0.2642365,0.13982737,-0.06249842,0.16195738,0.038242448,0.1403424,0.28196755,0.19232397,0.05016621,0.13185824,0.18466942,0.03751873,0.23399928,-0.45323786,-0.0014583375
44,0.13685355,0.086878225,0.14868394,0.11009075,0.15192555,-0.21073595,0.14617878,0.19479106,0.19758557,0.1483019,0.010475889,-0.268086,0.13712847,0.045320883,0.1865978,0.21738243,0.10499322,-0.08092855,0.16471009,0.025378916,0.18279557,0.26711604,0.14833471,-0.056846373,0.1601109,0.040560972,0.13887388,0.28610206,0.19918007,0.05130969,0.1310844,0.18342125,0.03727339,0.23834963,-0.45709118,-0.0022833843
45,0.1371234,0.08617811,0.14916764,0.110203266,0.14844602,-0.21692665,0.14615858,0.19513927,0.19846018,0.15090325,0.002923401,-0.28195435,0.13738956,0.043256693,0.18790428,0.21599153,0.099970214,-0.08847043,0.1672862,0.023291703,0.18600826,0.2646193,0.14389236,-0.06014431,0.16342895,0.041083775,0.14220062,0.2824501,0.19879785,0.050288636,0.13315618,0.18579775,0.037913814,0.23555785,-0.4648338,-0.0027745627
46,0.13437729,0.08816131,0.14733605,0.10869581,0.1504382,-0.21293484,0.14372528,0.19602071,0.19756617,0.1533481,0.004715193,-0.27859756,0.13436124,0.043511156,0.18524487,0.2169142,0.10411673,-0.08533307,0.16459087,0.02317703,0.18346192,0.2658546,0.14777993,-0.055516373,0.16064861,0.0414642,0.1397357,0.283962,0.20214054,0.050847985,0.13096055,0.18459298,0.035817303,0.23695765,-0.46835405,-0.0022098932
47,0.13513729,0.08681462,0.14908029,0.109245874,0.14875937,-0.2149268,0.1449972,0.19378813,0.20075326,0.15638058,0.00230585,-0.2822158,0.1355681,0.042504653,0.18745348,0.21671347,0.10456365,-0.08826056,0.16695319,0.023306819,0.18639638,0.26520097,0.14830759,-0.05585254,0.1632874,0.04341729,0.14271337,0.28318363,0.20417829,0.04814241,0.13339317,0.18499778,0.03810448,0.23651561,-0.4740273,-0.001617579
48,0.13426694,0.08860867,0.14914128,0.10805204,0.15064016,-0.21194786,0.14431651,0.19455755,0.20174684,0.15796687,0.0046066353,-0.27963525,0.13448933,0.044611968,0.18697976,0.21794237,0.10911164,-0.085277595,0.16624992,0.024632104,0.18607526,0.26670796,0.15216553,-0.053378012,0.16262354,0.043912437,0.14259222,0.28491658,0.20777805,0.045619003,0.13348037,0.18468513,0.03757177,0.23665614,-0.47627106,-0.00030984893
49,0.12902565,0.093532264,0.14433289,0.1062947,0.14973098,-0.21476127,0.13897422,0.19830644,0.19861054,0.16031794,0.003151857,-0.2803023,0.13077629,0.044592645,0.18432182,0.21718755,0.10755207,-0.08556792,0.16458666,0.020112611,0.18503776,0.26509696,0.1484398,-0.056436334,0.16193292,0.04018944,0.14214037,0.2814875,0.20645158,0.042692296,0.1319854,0.18522696,0.03395237,0.2313164,-0.47574604,0.0007803058
50,0.13183704,0.09094759,0.1485769,0.107369006,0.14744131,-0.21593653,0.14300312,0.19452815,0.2042812,0.16354246,-0.00014003983,-0.28516772,0.13354081,0.043265432,0.1880414,0.21699315,0.10863591,-0.09147999,0.16791427,0.022453848,0.18897496,0.2646313,0.15102981,-0.0579563,0.16515994,0.04495137,0.14542872,0.28180417,0.21006331,0.039177496,0.13497525,0.18567023,0.037707783,0.23378123,-0.48187208,-0.00016620393
51,0.13196865,0.09077093,0.15019955,0.106655516,0.1464608,-0.21334727,0.14449884,0.19273247,0.20752993,0.16453008,0.000567126,-0.2817846,0.13374843,0.04491892,0.18900329,0.21735789,0.11415732,-0.09040956,0.1678622,0.025799755,0.18939212,0.265681,0.15774883,-0.0550281,0.16455252,0.048072316,0.1452204,0.28433952,0.21621132,0.0387431,0.13503806,0.18450245,0.038617242,0.23665968,-0.483971,-0.0011330469
52,0.12610957,0.09633651,0.14464664,0.10368559,0.14500567,-0.21348347,0.13888848,0.19730833,0.20423102,0.16560833,-0.0027886177,-0.2818968,0.12994617,0.04384648,0.18649353,0.21723217,0.11152259,-0.09029067,0.16610277,0.019799365,0.18839622,0.2648235,0.15274832,-0.060342934,0.163957,0.041890454,0.14462884,0.28148606,0.21127819,0.036858454,0.13404417,0.18447025,0.035478864,0.2327288,-0.48264292,-0.0016886101
53,0.12728354,0.09569285,0.14701085,0.10166375,0.14554751,-0.21442519,0.14005493,0.19683915,0.20607674,0.16454373,-0.00049186725,-0.28111583,0.12921232,0.049160257,0.18645577,0.21775068,0.119071476,-0.08700901,0.16535448,0.024399467,0.18829904,0.26664993,0.16110072,-0.054310147,0.16284108,0.042868,0.14431365,0.28492385,0.21918657,0.0386858,0.1340663,0.18307263,0.034837615,0.23462704,-0.48583525,-0.0023546217
54,0.12913826,0.0926596,0.14948852,0.10354621,0.1410528,-0.21444386,0.14242262,0.19393075,0.2101448,0.16857325,-0.0058584763,-0.28492525,0.13162093,0.048817143,0.19029279,0.21706972,0.116895206,-0.091326214,0.1694303,0.02485084,0.1932303,0.26488835,0.1585536,-0.05942956,0.16759765,0.04557689,0.14943436,0.2823448,0.21803904,0.031939343,0.13819228,0.18485358,0.038958628,0.2316287,-0.49163115,-0.0028240122
55,0.124593526,0.097647555,0.14516725,0.10179548,0.14452015,-0.21346451,0.13735743,0.19936574,0.20634294,0.17151016,-0.0040171696,-0.28448224,0.12721802,0.051094756,0.18673767,0.21836875,0.119155966,-0.088030145,0.16663876,0.022107184,0.19090745,0.26620525,0.15826942,-0.0586387,0.16559136,0.042298272,0.14761406,0.28230298,0.21719769,0.03214237,0.13647102,0.18557945,0.03518027,0.22981909,-0.49306646,-0.0036575308
56,0.12371769,0.0979331,0.14535193,0.101693586,0.14447924,-0.21320264,0.13695616,0.20000292,0.20683207,0.17360704,-0.005472439,-0.28679094,0.12580365,0.052812994,0.18615466,0.21912949,0.121687435,-0.087132044,0.16620286,0.023525296,0.19100003,0.26706958,0.16165632,-0.0549869,0.16522859,0.04307654,0.1476155,0.28352225,0.22185835,0.03355711,0.13640423,0.18650456,0.033932872,0.22962785,-0.49697667,-0.0041340706
57,0.12819868,0.0937039,0.15173523,0.104232244,0.13942839,-0.21384518,0.14370202,0.19406745,0.21510714,0.17765324,-0.008598847,-0.28821933,0.13021292,0.052631456,0.19132239,0.21927613,0.12344107,-0.09427307,0.17044067,0.028632423,0.19581166,0.26698086,0.16478565,-0.05897899,0.16939935,0.05060421,0.15200321,0.28475547,0.22424775,0.025660768,0.14081064,0.18719546,0.0398607,0.23272379,-0.5034596,-0.004970014
58,0.12040034,0.0998207,0.14422406,0.10236976,0.13865112,-0.21508361,0.13642287,0.19986977,0.20938993,0.18121251,-0.010362064,-0.28682837,0.12427993,0.05216424,0.18646404,0.21877316,0.12166865,-0.09398203,0.16654576,0.022912549,0.1924377,0.2659205,0.16046967,-0.063110426,0.16657639,0.04697242,0.14875016,0.28137308,0.21987239,0.025470555,0.1369446,0.18788157,0.03469978,0.22924404,-0.50097805,-0.006078438
59,0.120563164,0.10052323,0.14560114,0.101851314,0.13762845,-0.21438028,0.13742697,0.20073505,0.2109226,0.18284087,-0.011499654,-0.28736457,0.12333928,0.055085327,0.18627702,0.21893787,0.12515724,-0.09418282,0.16603404,0.02580552,0.19248131,0.26654163,0.16516507,-0.060161725,0.16591412,0.048821114,0.14850754,0.28300682,0.22474712,0.025770959,0.13670214,0.18738905,0.03437957,0.23050278,-0.50316215,-0.006221115
60,0.121181175,0.098751396,0.14721571,0.10196267,0.13423832,-0.21532103,0.13895763,0.19853261,0.21473826,0.1851551,-0.013651456,-0.2855039,0.12552351,0.0568043,0.19033645,0.21879013,0.12726647,-0.09245289,0.16958837,0.02648271,0.19715838,0.26610097,0.16635133,-0.06136412,0.16985781,0.049327705,0.15323627,0.28224966,0.22684099,0.0218616,0.14077596,0.18705425,0.03814841,0.22804923,-0.5042935,-0.006062751
61,0.11808253,0.103465356,0.1446194,0.09927534,0.13835013,-0.21132234,0.13589168,0.20404339,0.21282373,0.18842603,-0.014506093,-0.28746152,0.122504614,0.05712725,0.18873334,0.2211428,0.12892425,-0.08987413,0.16847871,0.023320936,0.19667774,0.26848897,0.16645978,-0.05990455,0.16946238,0.045627225,0.15288515,0.28371215,0.22541898,0.021865215,0.14116047,0.18694045,0.036716033,0.22948642,-0.50603783,-0.0056516984
62,0.11788124,0.10275504,0.14558327,0.0993428,0.13627955,-0.21672106,0.13633226,0.20271005,0.21430738,0.19046238,-0.01606268,-0.29094982,0.12221618,0.059214417,0.18944333,0.22084075,0.13173507,-0.09040702,0.16921414,0.025285706,0.19798216,0.26835266,0.17001452,-0.056136087,0.17014286,0.04712782,0.15405938,0.28437942,0.23074181,0.022274053,0.1419535,0.18695581,0.03661234,0.2296424,-0.51039153,-0.0054656523
63,0.117706545,0.10153331,0.14606315,0.10000957,0.13656092,-0.21980232,0.1360783,0.20193367,0.21431677,0.19243084,-0.016184315,-0.294745,0.120794795,0.063678294,0.18887267,0.22123069,0.1352665,-0.090440355,0.1688993,0.027784346,0.19823354,0.2690468,0.1726328,-0.055112757,0.17018497,0.04733276,0.15473719,0.2854415,0.2325768,0.018322406,0.1427503,0.18774551,0.035735168,0.2290205,-0.51705843,-0.0050539183
64,0.115425475,0.10156767,0.14467677,0.10035894,0.1357544,-0.21939497,0.1345389,0.20256788,0.21358782,0.19580154,-0.020145655,-0.29886246,0.11885523,0.064061314,0.18834937,0.22202452,0.13475044,-0.09109575,0.1689516,0.02691062,0.19886295,0.26914114,0.171785,-0.056407336,0.17081043,0.04678291,0.15553467,0.2848111,0.23283817,0.013060753,0.14328572,0.18898964,0.03470807,0.22715878,-0.51964104,-0.0035587596
65,0.11228465,0.104098804,0.142391,0.10007496,0.13741839,-0.22037254,0.13155618,0.20490496,0.21164452,0.20052606,-0.0199361,-0.29905018,0.11528463,0.06564931,0.18616071,0.2231132,0.13609946,-0.091126926,0.16749956,0.024559908,0.19803229,0.26986837,0.1703771,-0.05831213,0.17049621,0.044003066,0.15553236,0.28428444,0.23006494,0.005352166,0.14341879,0.18837248,0.032865312,0.2251396,-0.52190095,-0.0023151909
66,0.11372498,0.10166752,0.14503801,0.10028377,0.13479398,-0.21970233,0.13440637,0.20251217,0.21564172,0.20272908,-0.0219857,-0.2995064,0.11738654,0.068425365,0.18967864,0.22369693,0.13899663,-0.090459794,0.17037223,0.027975501,0.20162529,0.27028063,0.17306224,-0.060355324,0.17339465,0.047195178,0.15906323,0.28508595,0.23309064,-0.0053418335,0.14675878,0.188925,0.035922278,0.22453853,-0.5228621,-0.0010501778
67,0.11309475,0.10357094,0.14522529,0.099241674,0.13431577,-0.21824513,0.1344487,0.20547786,0.21590032,0.20611116,-0.025395978,-0.30204925,0.11613164,0.070870124,0.19013634,0.22376385,0.140252,-0.08985067,0.1708674,0.02865678,0.20285408,0.27012408,0.17510913,-0.058775518,0.17393132,0.047369275,0.16001604,0.28516388,0.23653218,-0.009159412,0.14722799,0.18851267,0.0357743,0.22431181,-0.52246666,-1.8930266e-05
68,0.106475145,0.110511415,0.13948911,0.095447406,0.13543361,-0.21810701,0.1287685,0.211921,0.2114181,0.20630874,-0.022565544,-0.2936732,0.110535815,0.07618919,0.18602245,0.22455727,0.14634688,-0.079838805,0.16645996,0.027833128,0.1990402,0.27193215,0.18030731,-0.05096583,0.16941439,0.04283739,0.15615013,0.28713745,0.24165867,-0.0044324407,0.14334993,0.18587112,0.030564135,0.2231222,-0.51780075,-0.0002126255
69,0.110015444,0.107707925,0.14313473,0.09767019,0.124379195,-0.22886893,0.13285166,0.21217565,0.21468717,0.21085563,-0.037438206,-0.30871916,0.11382364,0.077830166,0.19195545,0.22194368,0.13772905,-0.08834759,0.17338066,0.028327703,0.20730473,0.26697367,0.17452487,-0.056221336,0.17693296,0.04511417,0.16396588,0.28090602,0.24240355,-0.0075475196,0.14861023,0.1889274,0.03512954,0.2171532,-0.52330846,0.0003562306
70,0.110034846,0.10988998,0.1453292,0.09546966,0.12579589,-0.21927823,0.13558853,0.21363893,0.21724582,0.21105973,-0.035178278,-0.29987496,0.111887485,0.084590934,0.19034028,0.22616878,0.14728713,-0.08182323,0.17027448,0.035490844,0.20447838,0.27270046,0.18500994,-0.050044365,0.17342415,0.04600749,0.16135316,0.28919396,0.24726297,-0.012548873,0.14815049,0.18736073,0.033792417,0.22209956,-0.5252429,0.0014223736
71,0.1063395,0.10868267,0.14282556,0.096436664,0.12123788,-0.21739382,0.13425471,0.21270265,0.21767943,0.2173535,-0.04458739,-0.30451447,0.111333944,0.08064795,0.19234164,0.22850214,0.14260311,-0.08322856,0.17297684,0.0312641,0.20784049,0.27323356,0.17896368,-0.05687113,0.17750596,0.04599753,0.16507633,0.28711194,0.24017797,-0.025450474,0.15189491,0.18934537,0.036281087,0.21986519,-0.5278467,0.0015576966
72,0.10240011,0.110587016,0.1402598,0.09568083,0.12516807,-0.2193498,0.13117933,0.21492052,0.21409297,0.21882589,-0.042122267,-0.30458534,0.106035665,0.08410515,0.18747908,0.23128335,0.14874718,-0.078256875,0.1681816,0.032791104,0.20312417,0.27709153,0.1853029,-0.04873538,0.17271829,0.044799633,0.16040431,0.29177615,0.24464023,-0.02379722,0.14809509,0.18845436,0.030846901,0.22331817,-0.53009564,0.00082512305
73,0.10270405,0.105550565,0.14161345,0.09895649,0.11951883,-0.230496,0.13255717,0.21106753,0.21575645,0.22401865,-0.0505429,-0.31658342,0.10749151,0.08362154,0.19098052,0.23078744,0.1449277,-0.0826285,0.17255981,0.0323496,0.20834713,0.27496874,0.18229043,-0.051133856,0.17771435,0.047036793,0.16551736,0.28867763,0.2457156,-0.03162516,0.1519233,0.19097821,0.033355482,0.22020228,-0.5360215,0.00041854248
74,0.1024079,0.1094361,0.14320682,0.09678631,0.12041805,-0.23364426,0.13371071,0.21300626,0.21744765,0.2254394,-0.045662634,-0.30789047,0.10568413,0.08827973,0.18995276,0.23213024,0.15238985,-0.0785958,0.1706229,0.034169067,0.20708117,0.27757233,0.18860964,-0.047070667,0.17596315,0.043952808,0.16457798,0.2926519,0.24849227,-0.038144838,0.15183738,0.18654196,0.031992104,0.22237751,-0.5339798,-0.00017828183
75,0.097226486,0.110908,0.13868578,0.09568952,0.11902099,-0.23681113,0.12936531,0.2147831,0.2125283,0.22779629,-0.05166964,-0.313271,0.1010017,0.08641308,0.18711638,0.23270415,0.14777142,-0.07990525,0.16920747,0.029244624,0.20634177,0.27664796,0.18305644,-0.051495083,0.17589265,0.038727134,0.1643598,0.2897137,0.24415302,-0.04749703,0.15123571,0.18723224,0.0283083,0.2178436,-0.5331508,0.00046321133
76,0.10121363,0.10951849,0.14449991,0.09531612,0.11563327,-0.24040252,0.13526884,0.21291387,0.2171207,0.22860043,-0.057115365,-0.31950206,0.10276496,0.08883875,0.18988168,0.23381402,0.14817868,-0.08532262,0.17172602,0.033543166,0.20964882,0.2772085,0.18523522,-0.053837307,0.17866445,0.03937549,0.16761975,0.2913963,0.24632688,-0.05510548,0.15449192,0.18663116,0.029819574,0.22006184,-0.53501993,0.0022258128
77,0.09784128,0.108823754,0.14256737,0.09382078,0.11626204,-0.23839056,0.13412958,0.21093155,0.21787786,0.22861242,-0.053983025,-0.31147736,0.10165823,0.09316893,0.19028537,0.23574126,0.1559948,-0.077414215,0.17082448,0.035150636,0.20940392,0.28047878,0.19059584,-0.051280234,0.17796206,0.03809295,0.1674174,0.2951098,0.24772274,-0.060679253,0.15515731,0.18439135,0.02967985,0.22177857,-0.5333652,0.0031938183
78,0.09228037,0.10869098,0.13761207,0.09321153,0.11603558,-0.23954248,0.12991516,0.21182838,0.21385719,0.23200117,-0.060902763,-0.3199371,0.098251514,0.090301916,0.189002,0.23738433,0.15242265,-0.07745868,0.17056361,0.03136182,0.20949958,0.28069168,0.18730372,-0.05243222,0.1783962,0.03730025,0.16735505,0.2936269,0.24664786,-0.064621106,0.15461998,0.18646754,0.027270807,0.22150259,-0.5326538,0.004629302
79,0.0944018,0.10533285,0.14174467,0.09423566,0.11459584,-0.24114084,0.13403742,0.20736863,0.21892637,0.2342162,-0.060025986,-0.31879273,0.09994009,0.09354838,0.19135486,0.23879658,0.15877421,-0.07613626,0.17163931,0.0366114,0.21097109,0.28279108,0.19466403,-0.04736954,0.17895247,0.041531626,0.16845404,0.29762945,0.2537766,-0.06895938,0.15575254,0.18446803,0.028659677,0.22569239,-0.53165555,0.005660353
80,0.095211394,0.10017339,0.142318,0.09465994,0.10794748,-0.24824889,0.13509983,0.20483777,0.21892065,0.23375145,-0.06846251,-0.32912618,0.101060025,0.09718314,0.19487609,0.23516725,0.15652198,-0.07996322,0.17508042,0.037531003,0.21566124,0.27900892,0.19299524,-0.05231855,0.18276526,0.041470483,0.17251022,0.29377183,0.25474882,-0.07465761,0.15834606,0.18559112,0.029871305,0.22270189,-0.5319843,0.005187971
81,0.091656126,0.10840819,0.13892047,0.09051182,0.11423735,-0.24688865,0.13149606,0.21543449,0.2143386,0.23642956,-0.063219376,-0.32273364,0.0949996,0.10412587,0.19035305,0.23687483,0.16379508,-0.073146865,0.16997851,0.036854357,0.21137927,0.28295085,0.1986302,-0.046517037,0.17823112,0.037662964,0.16790348,0.29756707,0.2550432,-0.07137768,0.15438724,0.18267041,0.02489121,0.22783478,-0.52750605,0.00496232
82,0.08729003,0.10997659,0.13440539,0.091771714,0.1118249,-0.24434309,0.12816119,0.21967724,0.21069947,0.2433836,-0.07073555,-0.32617328,0.09155533,0.10374481,0.18938011,0.23780933,0.15702116,-0.075580746,0.17025353,0.032215588,0.21257699,0.2819655,0.19014554,-0.05712216,0.1803326,0.037359767,0.16927285,0.29287276,0.24560906,-0.08603981,0.15556426,0.18651436,0.024595207,0.22330107,-0.52669626,0.0036185796
83,0.088604234,0.10884313,0.13675535,0.090042755,0.11177455,-0.24546583,0.13115607,0.21879733,0.21359064,0.24261105,-0.068581305,-0.323,0.09244537,0.10918905,0.19076978,0.23942216,0.16351165,-0.07363701,0.17032093,0.036488466,0.21324186,0.2849698,0.19560328,-0.058387604,0.1804754,0.03923508,0.1696378,0.29659393,0.24667493,-0.095337786,0.15658888,0.18538244,0.025110304,0.22792599,-0.5255615,0.0022944696
84,0.08923161,0.10509255,0.13869521,0.089841366,0.10892688,-0.25578624,0.13311216,0.21334901,0.21549189,0.2408728,-0.07018848,-0.32923895,0.093236364,0.10994566,0.1915369,0.23993593,0.16544177,-0.076494455,0.17087148,0.03908661,0.21405688,0.2856119,0.19820495,-0.058460686,0.18104212,0.04090232,0.17016159,0.29792866,0.24963556,-0.09999679,0.15696241,0.18523534,0.023868661,0.2308609,-0.52751464,0.0013208822
85,0.08786181,0.100297466,0.13930078,0.09178483,0.10934158,-0.2594482,0.13321851,0.20824963,0.21537375,0.2433199,-0.07377631,-0.33488098,0.0915121,0.107855566,0.19134341,0.24228655,0.16571218,-0.07683743,0.17103216,0.038527027,0.21480718,0.28695834,0.2000832,-0.055593215,0.18153872,0.040084865,0.17043428,0.29919943,0.25427854,-0.10068868,0.15676014,0.18479201,0.021720886,0.2324245,-0.5252668,0.0004974924
86,0.08334173,0.104315884,0.1360137,0.089612596,0.10994346,-0.26041627,0.12991768,0.2114181,0.2115735,0.24644163,-0.07736579,-0.33473563,0.086516604,0.10400406,0.18818678,0.24358863,0.16323248,-0.07632593,0.16864379,0.03330487,0.21296243,0.28746954,0.19803847,-0.056577735,0.1800318,0.035071213,0.16837238,0.29834926,0.2516943,-0.10752072,0.15460102,0.18348569,0.017080158,0.23201655,-0.5164808,-0.00048298243
87,0.08440767,0.10502233,0.13744068,0.08683039,0.10957755,-0.2644428,0.13130485,0.21318929,0.21291043,0.24693583,-0.07790724,-0.33625928,0.08741175,0.10771594,0.19086407,0.24329343,0.16703731,-0.07351296,0.17052703,0.03449242,0.21563046,0.28804547,0.20227368,-0.052598648,0.18169932,0.035140637,0.17028062,0.29956937,0.25660738,-0.107956454,0.15566985,0.18124905,0.01745046,0.23503476,-0.51201916,-0.00073684735
88,0.08463686,0.10316226,0.13857944,0.087248676,0.10613441,-0.26548046,0.13289846,0.21144111,0.21519591,0.25006777,-0.08059845,-0.3352082,0.088398665,0.10896382,0.19321291,0.24358083,0.16684158,-0.07264148,0.172676,0.03489437,0.21849084,0.2876937,0.20187403,-0.05553366,0.18430962,0.03627643,0.173062,0.29873633,0.25590432,-0.122720785,0.1583812,0.18198444,0.019240595,0.23301548,-0.5095675,-0.0025398198
89,0.08378023,0.101288855,0.13815711,0.08770785,0.10366978,-0.26499113,0.13260968,0.21011388,0.21325143,0.25032333,-0.08350755,-0.33710992,0.08527137,0.110675216,0.19023876,0.24340819,0.1656577,-0.074322894,0.17008458,0.037036333,0.21612073,0.28660998,0.20321712,-0.053692017,0.18164831,0.03644768,0.17056584,0.2984516,0.25915483,-0.12867329,0.15528008,0.18319026,0.01502297,0.23062167,-0.5068492,-0.003162516
90,0.08346488,0.1010685,0.1381462,0.08637971,0.10531686,-0.26350906,0.1323721,0.2107637,0.21131788,0.25155017,-0.08566758,-0.33965874,0.08258501,0.112008974,0.18918866,0.24434261,0.16610497,-0.07389204,0.16930851,0.036503866,0.21605487,0.28722608,0.20403905,-0.051180515,0.1814319,0.032414246,0.1706061,0.2992553,0.2603242,-0.12797783,0.15502127,0.18162942,0.012673083,0.2314708,-0.50575024,-0.003080852
91,0.08185034,0.102645434,0.1369298,0.08338214,0.10716069,-0.255263,0.13260107,0.21224268,0.2124106,0.25431678,-0.08708458,-0.33630797,0.0824656,0.112728484,0.19145575,0.24738811,0.16897045,-0.06962412,0.17083444,0.035580546,0.2181812,0.2904006,0.20474699,-0.0526954,0.18366359,0.031725038,0.17293559,0.30162856,0.25816146,-0.13401069,0.15784883,0.18074444,0.01419833,0.23542036,-0.50241405,-0.00316728
92,0.08436791,0.10014932,0.14033423,0.083177365,0.10315474,-0.26409072,0.13577157,0.20850179,0.21512102,0.2540699,-0.08969946,-0.34228468,0.084024616,0.11319791,0.19315334,0.24726558,0.16911487,-0.07321277,0.17246084,0.038411878,0.22013043,0.2895619,0.20694815,-0.05126518,0.18502775,0.033796087,0.17447592,0.30186203,0.26321858,-0.13784927,0.15856814,0.18105243,0.013469492,0.23697513,-0.5031355,-0.0028165146
93,0.08134239,0.09962391,0.13829869,0.0836043,0.100189075,-0.26647586,0.1340304,0.20735109,0.21541514,0.25595,-0.09050578,-0.33972985,0.083437644,0.1144582,0.19414428,0.24683908,0.17070001,-0.06923419,0.17294626,0.037973687,0.22115435,0.28898475,0.20914456,-0.04783717,0.18531865,0.03439697,0.17480516,0.30152816,0.2674033,-0.14157924,0.15827264,0.1811243,0.012487701,0.23532607,-0.4992894,-0.0024419902
94,0.07698523,0.10332952,0.13406506,0.081064,0.10312855,-0.26500735,0.12976795,0.2115133,0.20878223,0.25705457,-0.09347198,-0.3424323,0.07634881,0.11375781,0.18848035,0.2480683,0.16872695,-0.0703007,0.16829892,0.034826662,0.21692583,0.28970644,0.20766106,-0.047336806,0.18158779,0.028500516,0.17067192,0.30138916,0.2652821,-0.13793482,0.1539779,0.18097456,0.0054034055,0.23605649,-0.49587196,-0.001982533
95,0.076281056,0.10361853,0.1331887,0.07826364,0.10279365,-0.26748806,0.12936597,0.21342954,0.20917223,0.25561288,-0.09011113,-0.33716828,0.07701352,0.12123501,0.19070399,0.24634095,0.17498152,-0.065117106,0.16909175,0.035955038,0.21870992,0.29056,0.21147,-0.047698054,0.18257959,0.02759708,0.17184381,0.30239573,0.26559943,-0.14211832,0.15519898,0.17962846,0.005903715,0.23740739,-0.4931969,-0.0013343466
96,0.081607915,0.09932931,0.13976651,0.08102152,0.09639571,-0.27331012,0.13608079,0.20710267,0.21678486,0.26005495,-0.093666054,-0.33977523,0.08187165,0.121598616,0.19552377,0.24735758,0.17366026,-0.07169678,0.17371911,0.039212823,0.22392513,0.2903099,0.20980936,-0.05514892,0.18789941,0.03270905,0.17720152,0.3016436,0.26434258,-0.15279353,0.16060707,0.18183869,0.010090995,0.23865506,-0.4965356,-0.001595073
97,0.07943126,0.10227292,0.13811374,0.07979168,0.098267056,-0.27677312,0.13352077,0.21032871,0.21388955,0.26157862,-0.0933528,-0.3411693,0.07806544,0.12219388,0.1925735,0.248236,0.17488869,-0.06938004,0.17110918,0.037733756,0.22163337,0.2913812,0.21244545,-0.048336785,0.18528835,0.0304381,0.17428437,0.30280903,0.2678581,-0.14660843,0.15699345,0.18134223,0.005013455,0.24018347,-0.49381936,-0.0037999908
98,0.07811625,0.102472775,0.1374046,0.08033766,0.09786357,-0.27792776,0.13265052,0.21018766,0.2130741,0.26491755,-0.09611281,-0.34447992,0.07602043,0.12086311,0.19146465,0.24937989,0.17315486,-0.07081544,0.17060243,0.036242932,0.22143157,0.29162356,0.21104115,-0.04908664,0.18537663,0.029934013,0.17409763,0.30233458,0.26657254,-0.15156099,0.15683298,0.18323047,0.0029274554,0.24005063,-0.4939272,-0.0056217816
99,0.07446114,0.10250298,0.13482292,0.07940735,0.10124211,-0.2742866,0.13025026,0.20820644,0.21243021,0.26550075,-0.09289347,-0.33908382,0.07374773,0.11893882,0.18969356,0.25295135,0.17683533,-0.06493829,0.16858685,0.03424498,0.21950568,0.29539067,0.21306784,-0.045600884,0.18385318,0.027409043,0.17246532,0.30558768,0.2662837,-0.1530431,0.15601005,0.18264048,0.00069199293,0.24195533,-0.49087995,-0.0065438105
100,0.07671968,0.0998236,0.1367174,0.07864864,0.09627329,-0.28086507,0.13265422,0.20654134,0.21387011,0.26533362,-0.09885174,-0.34758443,0.07602845,0.1208388,0.19327813,0.2514231,0.17342585,-0.07026051,0.17239359,0.03580138,0.22406384,0.2925136,0.21109322,-0.048090216,0.18775988,0.02895472,0.1765499,0.3026365,0.2692883,-0.15234181,0.15862127,0.18462078,0.0017277389,0.2412559,-0.49391815,-0.0073316135
101,0.07797671,0.09797718,0.13816778,0.07738047,0.09427254,-0.28002653,0.13528676,0.2046676,0.21724069,0.2642402,-0.097358696,-0.34398475,0.07841725,0.12750953,0.19677797,0.25047258,0.17841393,-0.06959851,0.17442061,0.039507277,0.22700188,0.29286695,0.21458453,-0.049282555,0.18988723,0.029883768,0.17912771,0.3038929,0.2715112,-0.15434404,0.16093393,0.18419245,0.0031379885,0.24315412,-0.4945798,-0.006517218
102,0.07606847,0.101123236,0.13629718,0.074423544,0.094221324,-0.2818056,0.13385482,0.2063624,0.21303503,0.26501825,-0.103146516,-0.349678,0.07320599,0.123723425,0.1923468,0.25177875,0.17348756,-0.07679724,0.17131516,0.036198597,0.22410505,0.293189,0.20964539,-0.05505611,0.18813586,0.024945404,0.17690806,0.30273616,0.26443708,-0.15659481,0.15900804,0.1852056,-0.0026998091,0.24524595,-0.4940909,-0.0061779474
103,0.07464345,0.09956128,0.13570838,0.07401314,0.0939132,-0.2824584,0.13355629,0.20284353,0.2139258,0.2633093,-0.09864132,-0.34342453,0.07208594,0.12498547,0.19035387,0.25312513,0.17784546,-0.0740412,0.16854087,0.03793831,0.22135554,0.29523006,0.21360393,-0.051880848,0.1852528,0.024990262,0.17409807,0.30554765,0.26608127,-0.16141996,0.15659377,0.18422158,-0.005465217,0.24648511,-0.49201274,-0.0059551997
104,0.07014474,0.09871168,0.1311996,0.07590964,0.09362096,-0.2793153,0.12942448,0.20600617,0.21184532,0.26857823,-0.101644605,-0.34450203,0.07070459,0.12755083,0.19199733,0.2522316,0.17682943,-0.06872626,0.17018448,0.03504575,0.2237252,0.29419798,0.21177003,-0.051539138,0.18731387,0.025881143,0.17599274,0.30315143,0.2646007,-0.17056608,0.15815525,0.18693517,-0.0042381953,0.24314426,-0.4913759,-0.006221445
105,0.072739914,0.10045065,0.13337173,0.0718021,0.09649172,-0.28688967,0.13094637,0.2076393,0.21137019,0.26617935,-0.10169549,-0.353572,0.07044336,0.12803978,0.1918532,0.25363922,0.17811951,-0.07229873,0.17033844,0.036057845,0.22403058,0.29573968,0.2140585,-0.04481117,0.18748003,0.024280861,0.17618152,0.3051907,0.26951557,-0.15221068,0.15694216,0.18392484,-0.007275691,0.25086012,-0.4942238,-0.007436953
106,0.073571555,0.096306026,0.13429636,0.07342124,0.09180693,-0.29107854,0.13227564,0.20529658,0.2143757,0.2679145,-0.10102364,-0.35031563,0.07377326,0.13338526,0.19581035,0.25126386,0.17926729,-0.06926744,0.17354316,0.03810724,0.22814399,0.2935662,0.21426782,-0.04816648,0.19073264,0.027155604,0.17971206,0.3030192,0.26922724,-0.169534,0.16043387,0.18631224,-0.0036696242,0.24610692,-0.4950123,-0.0078052017
107,0.07218623,0.097527795,0.13381933,0.07230683,0.091892794,-0.28443056,0.13245496,0.20315765,0.2136826,0.27071968,-0.101332314,-0.3430593,0.069808625,0.13082238,0.19192287,0.25388798,0.17885195,-0.06948836,0.16991669,0.037384026,0.22479282,0.2951174,0.21353684,-0.050544962,0.18800111,0.023817483,0.176958,0.30429024,0.26491258,-0.18133785,0.15848577,0.18644892,-0.0079610385,0.24524854,-0.48835698,-0.008369146
108,0.073699445,0.09951504,0.13550442,0.06877088,0.09450687,-0.28617108,0.13387518,0.20309682,0.2131761,0.27075437,-0.1034385,-0.3484419,0.0681032,0.12678158,0.19081026,0.25704318,0.17813419,-0.07292975,0.16941953,0.036247358,0.22440355,0.29718363,0.21377613,-0.04671173,0.18792473,0.020537134,0.1768083,0.30621645,0.26727772,-0.16909227,0.1572069,0.18345006,-0.01169521,0.25153688,-0.48645368,-0.00940851
109,0.072175935,0.09595825,0.13346933,0.06954885,0.0932791,-0.2909166,0.1318868,0.2040415,0.21338545,0.27168128,-0.10549967,-0.3541094,0.071050294,0.12888865,0.1958769,0.25535762,0.17736652,-0.06924522,0.17440711,0.034466144,0.23003301,0.29543048,0.2123514,-0.04625014,0.19289465,0.022678452,0.18170129,0.30350888,0.26958868,-0.17075315,0.16117431,0.18548115,-0.007939074,0.24998105,-0.48993564,-0.010768221
110,0.0721858,0.09396814,0.13397317,0.07148514,0.091625415,-0.29006886,0.13266912,0.20230007,0.21610975,0.27289253,-0.10308913,-0.35174403,0.071675375,0.13252217,0.19604802,0.2554199,0.1811583,-0.06802933,0.17369893,0.03801597,0.22933319,0.29614702,0.21665804,-0.042328373,0.19168648,0.026992027,0.18061168,0.30544877,0.27352017,-0.17485197,0.15985063,0.18645006,-0.008833308,0.25119808,-0.489592,-0.011544404
111,0.07393054,0.093119994,0.13528696,0.07045044,0.087894306,-0.29291418,0.13433981,0.2014641,0.21589349,0.27110013,-0.106711544,-0.3556482,0.07118127,0.13410938,0.19592182,0.25326496,0.17890964,-0.07385566,0.17369416,0.039266273,0.22980286,0.29371566,0.21544611,-0.045874976,0.19184099,0.025416449,0.18083908,0.30355227,0.27298903,-0.17793103,0.1594475,0.18721947,-0.011109157,0.25026923,-0.48934364,-0.011375151
112,0.06927486,0.09322993,0.13145092,0.07152675,0.092310816,-0.28579527,0.13093768,0.20028158,0.2142742,0.27490342,-0.105910935,-0.35265407,0.0672871,0.129153,0.19247484,0.25895044,0.17964147,-0.069667295,0.17069846,0.035900414,0.22655177,0.29849264,0.21467963,-0.044860624,0.18979146,0.02461953,0.17835538,0.30649468,0.26982272,-0.18141522,0.15790209,0.1890534,-0.01394395,0.25251734,-0.4847772,-0.010862849
113,0.06952775,0.09195107,0.13099729,0.07006224,0.09218752,-0.2935328,0.12966506,0.20221852,0.21378465,0.2710095,-0.10430505,-0.35806668,0.069051646,0.13446255,0.19579847,0.25529158,0.18216372,-0.06787866,0.17343827,0.03515026,0.23011102,0.29642242,0.21692427,-0.03989259,0.1922121,0.021702405,0.18099034,0.30517817,0.27495736,-0.17346537,0.15937757,0.18669115,-0.0135431625,0.25254247,-0.48836893,-0.011012001
114,0.069996305,0.093972534,0.13228898,0.06981937,0.08710644,-0.29492602,0.13163352,0.2005094,0.21734513,0.2722358,-0.10499506,-0.35268268,0.07002104,0.13291778,0.19653192,0.25499815,0.18176912,-0.06960071,0.17378841,0.03481727,0.23063272,0.29605857,0.21557645,-0.045584355,0.19296081,0.021474432,0.18171263,0.3046497,0.27077416,-0.18691063,0.160883,0.18730032,-0.013640358,0.2514239,-0.4848701,-0.0112917
115,0.07261818,0.0945191,0.13504818,0.06900149,0.08637177,-0.2945367,0.13457662,0.19894488,0.2198193,0.27341443,-0.10779558,-0.35803422,0.07015311,0.1311148,0.19669017,0.2576575,0.18115844,-0.07521192,0.1742,0.03638032,0.23090178,0.29762658,0.21577144,-0.04411504,0.19363055,0.023174044,0.1823196,0.306252,0.27258345,-0.18096252,0.16084328,0.18753277,-0.015511373,0.25654113,-0.4865908,-0.011066126
116,0.070375755,0.09659086,0.13253276,0.06957825,0.084635235,-0.29469895,0.13207215,0.20321774,0.21727669,0.27610365,-0.10907221,-0.35738224,0.06708036,0.13533299,0.1948826,0.25494963,0.18001248,-0.07474803,0.1725495,0.03543496,0.22994709,0.29543528,0.2147114,-0.045857303,0.19238955,0.02182814,0.18092254,0.30380526,0.2696057,-0.19377694,0.15962014,0.19056438,-0.018501125,0.2523428,-0.48376846,-0.012897997
117,0.06950628,0.10260614,0.13198783,0.065181226,0.08790354,-0.2941571,0.13169004,0.2080529,0.21733505,0.27528352,-0.10320396,-0.34872815,0.06553239,0.14038861,0.19446126,0.25562757,0.18729362,-0.068413526,0.17087218,0.035527423,0.22905202,0.2987234,0.22045358,-0.039945725,0.19090717,0.01746969,0.17958713,0.30763358,0.27101082,-0.19066794,0.15774961,0.18626598,-0.021598106,0.25651765,-0.47670692,-0.014543555
118,0.07047177,0.09849996,0.1331738,0.06819685,0.08522619,-0.29725084,0.13271923,0.20416364,0.2182016,0.27973232,-0.10975286,-0.3594859,0.0657758,0.13687874,0.19543247,0.25736794,0.18113,-0.07488156,0.17314447,0.035186872,0.23157805,0.29714248,0.21584864,-0.042222362,0.19371866,0.020669768,0.18228535,0.30488494,0.27246568,-0.18934867,0.15938258,0.19038324,-0.021207659,0.25621054,-0.48323378,-0.01578443
119,0.06983802,0.09527364,0.13265277,0.06974601,0.08387432,-0.29761097,0.132201,0.20287074,0.21937114,0.27946502,-0.10806786,-0.35885096,0.06705245,0.14187305,0.19775899,0.25578243,0.18449171,-0.07128841,0.1745049,0.03707528,0.23358949,0.29615113,0.21969348,-0.037095115,0.19447868,0.022132192,0.18328883,0.30507657,0.27848983,-0.18906319,0.15937021,0.18995506,-0.020552862,0.25520846,-0.48461986,-0.015669562
120,0.06558758,0.09179772,0.12894008,0.07025866,0.08389543,-0.293145,0.12932035,0.19834214,0.21902628,0.27842632,-0.10725113,-0.3559487,0.06630015,0.14008407,0.19761956,0.25736207,0.18609011,-0.06705859,0.1740725,0.035533268,0.2333103,0.29742783,0.21963046,-0.036425367,0.19440612,0.021704597,0.18315817,0.30577576,0.27822345,-0.19201054,0.15983666,0.19165759,-0.02095385,0.2539002,-0.48522514,-0.01523018
121,0.067186154,0.09151201,0.13073994,0.068413995,0.08403521,-0.2919752,0.1307977,0.19483753,0.21728203,0.27960905,-0.11235237,-0.36041275,0.06242927,0.13321358,0.19409011,0.2602145,0.1814352,-0.07444708,0.17189766,0.03349317,0.23126408,0.29783264,0.2157985,-0.03988099,0.19327582,0.016495608,0.18194756,0.30541563,0.27529132,-0.19106111,0.15827298,0.19118023,-0.025893202,0.25578967,-0.48213923,-0.016220815
122,0.0666104,0.094749436,0.13010369,0.06477677,0.08358554,-0.29259267,0.13119282,0.19759743,0.21942787,0.27662057,-0.10889037,-0.35551158,0.0645876,0.13780484,0.19663644,0.2589059,0.18683875,-0.07101975,0.17292939,0.034821063,0.23251547,0.29901108,0.2192285,-0.03857147,0.19402531,0.016522925,0.18283167,0.30724195,0.2753615,-0.19018088,0.1588908,0.1881381,-0.025237845,0.25950634,-0.48129192,-0.016570063
123,0.06637126,0.09629007,0.12917297,0.06463714,0.08043835,-0.29867995,0.13010517,0.20081185,0.21768646,0.27805418,-0.113262184,-0.36280608,0.06359226,0.1380125,0.19574086,0.25669518,0.18199554,-0.075387694,0.17298065,0.03411565,0.23259296,0.2959661,0.21529198,-0.041672725,0.19421816,0.017737322,0.18288668,0.3037208,0.2721356,-0.19839184,0.1586262,0.19142966,-0.026629511,0.25733054,-0.48505315,-0.016198236
124,0.064134404,0.09618763,0.12687007,0.061219256,0.0829886,-0.29678947,0.12912288,0.20085302,0.21998326,0.27364352,-0.10626422,-0.35595506,0.066387124,0.14136937,0.19803226,0.25790673,0.18996845,-0.06762307,0.17352481,0.03573341,0.23305073,0.29969138,0.22008544,-0.03883832,0.19448146,0.01970863,0.1832947,0.3077733,0.2726674,-0.20060235,0.15943797,0.18978387,-0.02498816,0.26177397,-0.48438808,-0.015963137
125,0.06803254,0.09421849,0.13032812,0.06412514,0.080051996,-0.30160528,0.13193128,0.19871838,0.22071366,0.27737752,-0.11318919,-0.36996743,0.065624,0.13887966,0.19666043,0.25810912,0.18274759,-0.079994455,0.17384295,0.03694791,0.23319814,0.297134,0.21511856,-0.04061301,0.19525279,0.022089437,0.18400568,0.3050699,0.27106988,-0.20249781,0.15941131,0.1927124,-0.026970077,0.26253518,-0.4938871,-0.016221182
126,0.067641415,0.094276056,0.13033281,0.06327573,0.08150788,-0.29809007,0.13244586,0.19836503,0.22267304,0.2779552,-0.11043305,-0.36546397,0.06645095,0.14265093,0.1992226,0.25767586,0.18715581,-0.07707666,0.17514849,0.036806505,0.23525792,0.29811382,0.2174982,-0.039196048,0.19682343,0.01946811,0.18577138,0.30650786,0.27109584,-0.2020672,0.16087978,0.18868458,-0.025992151,0.26483935,-0.49314275,-0.016494354
127,0.06179004,0.09359979,0.124528475,0.062301666,0.08113105,-0.29574853,0.12716769,0.1993684,0.21864608,0.2758886,-0.10846753,-0.35974562,0.06318225,0.146864,0.19739819,0.25338945,0.18892574,-0.072415136,0.17250012,0.034239933,0.23317508,0.2957613,0.2181475,-0.039124444,0.19404812,0.0151987765,0.18298821,0.30465886,0.26827928,-0.21176368,0.15858147,0.18791592,-0.028850146,0.26020768,-0.4895059,-0.016005129
128,0.06511501,0.09227618,0.12839192,0.06325684,0.08026895,-0.30120966,0.13022847,0.19367069,0.2202982,0.2788146,-0.11137488,-0.36784598,0.06133279,0.13918109,0.19379397,0.25764236,0.18536799,-0.081914194,0.16998856,0.034922123,0.23010854,0.29696593,0.21709606,-0.036995616,0.19172074,0.017012913,0.18050918,0.30576423,0.27026057,-0.20846188,0.15492842,0.18705168,-0.034037508,0.26571354,-0.49057594,-0.015090929
129,0.060627177,0.09317548,0.12439074,0.06255996,0.0858433,-0.29434934,0.1274765,0.19564809,0.22105566,0.2825156,-0.108788095,-0.36333007,0.06228502,0.13991025,0.19711015,0.26111764,0.18978116,-0.073637046,0.1722794,0.032093838,0.2327446,0.30129668,0.21730818,-0.037688166,0.19479445,0.017736165,0.18350354,0.30812803,0.26740062,-0.20836899,0.1580834,0.18571225,-0.030624371,0.27039596,-0.48955268,-0.014431261
130,0.0624605,0.092255816,0.12553486,0.06391415,0.08110583,-0.30206773,0.12810597,0.1987155,0.222882,0.28280944,-0.110426396,-0.37043792,0.065557,0.14581396,0.20095511,0.255963,0.188172,-0.07636102,0.1758235,0.034239274,0.23678444,0.2961944,0.2176788,-0.036072735,0.19739224,0.02188904,0.18624862,0.30423042,0.27246734,-0.21213995,0.15935099,0.18780565,-0.029177206,0.26806256,-0.49629626,-0.013714406
131,0.06422485,0.09340972,0.12736677,0.062326513,0.08047993,-0.3020733,0.12932964,0.19815755,0.22282499,0.28230926,-0.11120777,-0.37249082,0.063501954,0.14519274,0.19863264,0.2566747,0.18809853,-0.079534754,0.17367692,0.035575856,0.23465003,0.29615158,0.21973614,-0.030406581,0.19499287,0.020578945,0.18394414,0.3052573,0.27664122,-0.2067687,0.1557616,0.18684484,-0.0341136,0.2699778,-0.49448672,-0.013179617
132,0.061067075,0.09261012,0.12473813,0.06347324,0.079667926,-0.2980275,0.12770969,0.19779368,0.2244756,0.28468502,-0.11045482,-0.3673377,0.06469552,0.14539608,0.20078471,0.25730607,0.18947741,-0.07402104,0.17521082,0.034049407,0.23648222,0.29695827,0.21863766,-0.03413422,0.19704297,0.021998342,0.18593608,0.30506203,0.27274343,-0.22170638,0.15890089,0.18987125,-0.031503808,0.26755485,-0.49239376,-0.013947935
133,0.06254103,0.092958234,0.12590711,0.060610663,0.0784321,-0.30007318,0.12896997,0.19658844,0.22503154,0.28156212,-0.11104846,-0.3692448,0.0648187,0.14442056,0.2009803,0.25740272,0.18937096,-0.07703957,0.17539807,0.033979703,0.23692498,0.29673144,0.2184481,-0.0339716,0.19744949,0.01966338,0.18643154,0.3049017,0.2738026,-0.21854185,0.15864518,0.18918185,-0.033839855,0.26958686,-0.49243712,-0.014165937
134,0.064635396,0.092609644,0.12810032,0.05946033,0.07619864,-0.30416596,0.13044746,0.19359837,0.22541215,0.28091106,-0.11420233,-0.37471023,0.06381628,0.13829014,0.19984509,0.25773045,0.1847402,-0.08473144,0.17521201,0.031960174,0.23673281,0.29491892,0.21525665,-0.03424119,0.19750988,0.016735714,0.18636344,0.3028375,0.27490553,-0.21183868,0.15725671,0.1877305,-0.037659768,0.27113885,-0.49168462,-0.013816691
135,0.05901837,0.09459135,0.122615635,0.05751517,0.08140751,-0.2975797,0.1259001,0.19762145,0.22440237,0.2798196,-0.10360762,-0.36000004,0.06319117,0.14586015,0.19976646,0.25675702,0.19340913,-0.07337087,0.17335953,0.030967671,0.23529224,0.29738858,0.21918143,-0.03209673,0.19575122,0.014466951,0.18464498,0.3052589,0.27139464,-0.21877863,0.1563235,0.18494587,-0.037682362,0.27131894,-0.48587927,-0.01300401
136,0.0595771,0.098022796,0.12276442,0.05645267,0.07864244,-0.30431375,0.12560591,0.201119,0.22191831,0.28264174,-0.10844109,-0.36490244,0.060399562,0.14316596,0.19648306,0.25555715,0.18639027,-0.08111199,0.1715391,0.029215567,0.23336142,0.2944444,0.2137117,-0.036141388,0.19422917,0.0140743535,0.18284051,0.30111906,0.26809886,-0.21780938,0.15336965,0.1865545,-0.04208042,0.27040464,-0.48518518,-0.010759428
137,0.06121821,0.0913462,0.12477663,0.06054577,0.07958809,-0.30154642,0.12820522,0.19734661,0.22786345,0.28590584,-0.10445438,-0.363645,0.064891115,0.14849971,0.20085926,0.2566628,0.19247048,-0.07973761,0.17421037,0.033409853,0.23623288,0.29691538,0.21743459,-0.03673218,0.19682716,0.021360423,0.18551828,0.3037418,0.27037996,-0.22037017,0.15560514,0.18568866,-0.038237337,0.27595234,-0.48622623,-0.008906713
138,0.06053221,0.08697732,0.123045914,0.06054537,0.07856733,-0.30457765,0.12655163,0.19510019,0.2249662,0.28357837,-0.109169215,-0.37318686,0.0639504,0.14559376,0.20012155,0.2560123,0.18723015,-0.084611736,0.1746082,0.03147416,0.23671405,0.29475224,0.21253403,-0.040591605,0.19769722,0.020878678,0.18613549,0.30044875,0.26900187,-0.22043638,0.15585335,0.18896094,-0.039791226,0.27487272,-0.4908884,-0.008510645
139,0.05988282,0.088286884,0.12244276,0.05957865,0.07836405,-0.3013186,0.1268337,0.19573839,0.2258252,0.2832201,-0.10751088,-0.3696457,0.06293483,0.14872287,0.19907057,0.25658232,0.19083728,-0.08334318,0.17267829,0.03364289,0.23485526,0.29645547,0.2156296,-0.03800811,0.19570744,0.021368809,0.18423377,0.3028725,0.26919365,-0.22188336,0.15359677,0.18838148,-0.04253965,0.27707466,-0.4884249,-0.007733628
140,0.05800973,0.08679394,0.120962344,0.06082225,0.07755275,-0.29924932,0.1259648,0.19546798,0.2284621,0.28400198,-0.105554685,-0.36712372,0.0650804,0.15051952,0.20192608,0.2562825,0.19373398,-0.07935348,0.17449072,0.0336175,0.23689036,0.29687926,0.21700409,-0.03768312,0.19740514,0.023880329,0.18598424,0.3032535,0.2698593,-0.22807108,0.15529518,0.1889853,-0.04055049,0.27721116,-0.4878432,-0.0063656988
141,0.059106756,0.087757766,0.12186058,0.05968135,0.07858846,-0.30159545,0.12614939,0.19506316,0.22696815,0.2841143,-0.10829472,-0.37346736,0.06281796,0.14638034,0.19996634,0.25760096,0.19070813,-0.084004186,0.17355546,0.031518817,0.23596136,0.29707712,0.2146425,-0.036289178,0.19700634,0.020617167,0.1854479,0.30287772,0.2693995,-0.22130531,0.1538827,0.18774413,-0.044006925,0.2797388,-0.48867851,-0.0054447777
142,0.058738675,0.09201371,0.121426,0.055974193,0.08103235,-0.30122566,0.12535107,0.19901747,0.22575666,0.28295067,-0.10643569,-0.37123,0.06138324,0.14832847,0.20050631,0.25684115,0.19333781,-0.081574164,0.17359775,0.029181443,0.23663849,0.29765362,0.21620572,-0.033114832,0.19728261,0.014669779,0.185786,0.30358794,0.2698906,-0.21626551,0.15332425,0.18324745,-0.045929857,0.28176275,-0.4847374,-0.0045856717
143,0.05713732,0.09193515,0.11999243,0.057295337,0.0776785,-0.30295232,0.12411456,0.19907402,0.22590476,0.28450713,-0.10741156,-0.36987704,0.061040923,0.14782798,0.20014031,0.2550005,0.19118322,-0.08140831,0.17337632,0.027477724,0.23655035,0.2955172,0.21309008,-0.03793454,0.19731651,0.014561883,0.18571506,0.30114588,0.26416498,-0.23286308,0.15433268,0.18641663,-0.045970302,0.27727547,-0.4859851,-0.0031538159
144,0.060504932,0.08808818,0.123489454,0.060372368,0.07449219,-0.30988222,0.12654473,0.19499257,0.2297114,0.28305453,-0.104672104,-0.37532568,0.062841445,0.14954096,0.19924235,0.25391477,0.1931055,-0.08629621,0.1721502,0.032239143,0.23492338,0.2947295,0.21729702,-0.031805865,0.19513597,0.019883083,0.18363258,0.3024869,0.27007818,-0.2333662,0.15136713,0.18691884,-0.048439406,0.27958527,-0.49074602,-0.001965343
145,0.05822609,0.084454134,0.12119874,0.062369455,0.07763892,-0.30687165,0.12475095,0.19616051,0.22996923,0.2860537,-0.10487469,-0.37768307,0.06448334,0.15384221,0.20383453,0.25384104,0.19511026,-0.083141856,0.17611787,0.030935839,0.23967926,0.29538047,0.21671432,-0.033877295,0.19976597,0.020860817,0.18824589,0.30179122,0.27005234,-0.23090409,0.15538307,0.18665567,-0.044299044,0.28186834,-0.493788,-0.0016959689
146,0.054142047,0.089221954,0.11694,0.05823168,0.07916316,-0.30661115,0.120720424,0.19929242,0.22404143,0.2819309,-0.1033502,-0.37368217,0.057883766,0.15382227,0.19689573,0.25333387,0.19534382,-0.083518505,0.16954322,0.028863223,0.23302281,0.296054,0.2168457,-0.032238506,0.19350359,0.014197222,0.18181224,0.30236524,0.26664984,-0.22600272,0.14867285,0.18579935,-0.05267701,0.28174162,-0.48827824,-0.0021043539
147,0.055594694,0.084527865,0.11931295,0.06332616,0.07850419,-0.30701426,0.122786745,0.19367385,0.22762641,0.28771567,-0.10729456,-0.37921125,0.05952877,0.14924328,0.20031555,0.25712684,0.19286658,-0.087261364,0.17328833,0.027276598,0.23719394,0.2974328,0.21393009,-0.036185,0.19820407,0.01575401,0.18631318,0.30183122,0.2683046,-0.22272526,0.1523577,0.18691635,-0.050529677,0.2848099,-0.488722,-0.002715389
148,0.056827486,0.08171387,0.12075773,0.06294527,0.07569761,-0.30639967,0.12563467,0.1905321,0.2316945,0.2873761,-0.10826193,-0.37714645,0.06317839,0.15022154,0.20479518,0.25853562,0.19453374,-0.08719854,0.17668253,0.029314518,0.2410809,0.2984512,0.21432425,-0.041972034,0.20195776,0.018639911,0.19010209,0.30222985,0.26940224,-0.2283574,0.15584022,0.18803553,-0.047772743,0.28693715,-0.48527434,-0.0029010484
149,0.054440383,0.08492834,0.11843787,0.060349587,0.07454958,-0.30864346,0.123322874,0.19354008,0.22999796,0.2843636,-0.105436735,-0.37209514,0.06151353,0.15225342,0.20327222,0.25645253,0.19598615,-0.084909655,0.17466755,0.027939625,0.23934647,0.29749516,0.2155081,-0.041034866,0.19973888,0.015478345,0.18779701,0.30143526,0.269965,-0.22830646,0.15306196,0.18710671,-0.050931305,0.28501856,-0.48046687,-0.002294196
150,0.05529059,0.09077434,0.11911194,0.05698551,0.07310105,-0.31127974,0.12361294,0.19932169,0.22895655,0.28483614,-0.10654004,-0.37080967,0.059803855,0.15473187,0.20300792,0.2544436,0.1959572,-0.08578699,0.17418882,0.026904559,0.23933798,0.29632908,0.21592116,-0.04034207,0.19925445,0.012023256,0.18731616,0.3003828,0.27041495,-0.22476985,0.15118922,0.18524665,-0.05415643,0.2856848,-0.4761414,-0.0023184782
151,0.054997846,0.08823546,0.1192892,0.05815846,0.072484665,-0.30760476,0.12379475,0.19636093,0.23006639,0.2871623,-0.10773956,-0.3707508,0.05880506,0.1505065,0.20148182,0.25776365,0.19543849,-0.085367106,0.17272604,0.026763368,0.23767725,0.29825613,0.2155377,-0.040849745,0.19811179,0.014330234,0.18606804,0.30165544,0.2702302,-0.23154782,0.15010443,0.18874745,-0.055949356,0.28604138,-0.47339958,-0.003382703
152,0.058939606,0.08273748,0.12276255,0.059791468,0.06952443,-0.3129101,0.12673114,0.19304986,0.23365438,0.28535214,-0.108420245,-0.3775699,0.06354601,0.15335737,0.20645966,0.25543964,0.19491346,-0.08936809,0.1775295,0.028414091,0.24302056,0.29573408,0.21496284,-0.042864498,0.20285206,0.015995193,0.19096774,0.29962847,0.273218,-0.23166862,0.15470737,0.18965043,-0.052143924,0.2862055,-0.48353323,-0.004753286
153,0.0554888,0.085584834,0.120034456,0.06053235,0.06974288,-0.30803832,0.12419663,0.19448408,0.23240396,0.28753465,-0.1053191,-0.36975086,0.05945673,0.15648787,0.20236056,0.25528798,0.19774927,-0.086636,0.17294878,0.027977679,0.23846738,0.29688987,0.21654722,-0.040464137,0.1984527,0.013735319,0.18652484,0.30103314,0.27010903,-0.23428032,0.15064818,0.19003078,-0.056896165,0.28453767,-0.4810206,-0.0051723695
154,0.053575538,0.08614575,0.11805807,0.05868817,0.070704184,-0.30731532,0.12242308,0.1951668,0.23181371,0.28593627,-0.1052022,-0.37073886,0.05910261,0.15542372,0.20292144,0.25650024,0.1988806,-0.08462627,0.1733226,0.026208429,0.23893821,0.29831976,0.2166747,-0.037892055,0.19901544,0.012746755,0.18703653,0.3017382,0.271737,-0.2267863,0.15038708,0.18960807,-0.057919458,0.28672653,-0.4817324,-0.0049151853
155,0.053240545,0.08416475,0.11748088,0.059908267,0.07032455,-0.3088101,0.12134784,0.1945832,0.23136902,0.28625795,-0.10728141,-0.37687302,0.05899984,0.15306309,0.20381166,0.2568681,0.19646864,-0.08640873,0.17472872,0.024257943,0.24051622,0.29738018,0.21468337,-0.037020124,0.20059134,0.012628447,0.18855852,0.30014876,0.2742908,-0.22327346,0.15110658,0.19112426,-0.05824772,0.28667742,-0.48535478,-0.005274877
156,0.054459926,0.08525095,0.118381955,0.058530904,0.06823018,-0.3127023,0.12252663,0.19759183,0.23457778,0.28404003,-0.103611425,-0.37552977,0.062410697,0.15950817,0.20708255,0.25497624,0.20148608,-0.08367572,0.17662829,0.027028,0.24272771,0.29752228,0.21772262,-0.036351662,0.20214683,0.0152998185,0.19025199,0.30122152,0.2745499,-0.23004021,0.15277769,0.19107457,-0.0563712,0.288248,-0.4894185,-0.0072511416
157,0.053178847,0.08851751,0.117648065,0.059343718,0.069096744,-0.30777252,0.121393375,0.19858631,0.23218334,0.2913743,-0.10714993,-0.37484524,0.056299426,0.15471493,0.20075977,0.25884938,0.19825047,-0.08535528,0.17141645,0.025069416,0.23710236,0.29961762,0.21396552,-0.03793058,0.19792013,0.014725306,0.18578425,0.30189222,0.2672037,-0.23847899,0.14877489,0.1945462,-0.06212291,0.2874223,-0.48594517,-0.008292286
158,0.054178283,0.08973256,0.11817701,0.05318497,0.06884699,-0.30811152,0.12316588,0.19752303,0.23261395,0.28672415,-0.109084845,-0.3747074,0.057376668,0.15208706,0.20226298,0.26119828,0.19903791,-0.08606292,0.17249154,0.025117852,0.23831052,0.30176154,0.21380533,-0.04015252,0.19936265,0.013548879,0.18721199,0.3032157,0.26788875,-0.23308079,0.14925508,0.19259955,-0.062871724,0.29195052,-0.48204234,-0.00864482
159,0.055404693,0.081800364,0.118452944,0.05246006,0.06560286,-0.30909148,0.124251634,0.19482191,0.23443207,0.28203633,-0.1113862,-0.3792662,0.06259352,0.15751408,0.20958239,0.25752753,0.19961691,-0.08596229,0.17872341,0.026847271,0.24553275,0.29835248,0.21421322,-0.044712085,0.20523986,0.0158393,0.1932317,0.3001566,0.2734103,-0.23816633,0.1544542,0.19457029,-0.05813225,0.2906813,-0.48546305,-0.008456817
160,0.05874117,0.07938482,0.12146634,0.05411907,0.06493468,-0.31407622,0.12588185,0.19494516,0.23608446,0.2830246,-0.10894917,-0.38341677,0.06335767,0.1643519,0.20937167,0.2563827,0.20219663,-0.0873856,0.17828883,0.030990276,0.24539948,0.2980745,0.21787013,-0.038770195,0.20428193,0.018542454,0.19236456,0.30101335,0.27797005,-0.2365221,0.15211946,0.19558021,-0.060037576,0.29178268,-0.48957148,-0.008620834
161,0.05538767,0.08011037,0.11865261,0.05760429,0.066981226,-0.31677604,0.12264147,0.19617282,0.2345871,0.288645,-0.10515647,-0.3792856,0.060795378,0.1665565,0.20728216,0.257628,0.20298119,-0.08532587,0.17651954,0.027835187,0.24420331,0.29962417,0.21472055,-0.044227988,0.20386532,0.016630378,0.1916968,0.30019215,0.27006304,-0.2434043,0.15220605,0.19797462,-0.061129816,0.2907107,-0.4891698,-0.0069830576
162,0.05374107,0.08419209,0.117176935,0.05644234,0.07047693,-0.31991374,0.12044366,0.19525519,0.230622,0.28912744,-0.10252456,-0.3793014,0.054377664,0.16245289,0.19944534,0.2615846,0.20143457,-0.09042161,0.17012377,0.025670938,0.23762427,0.3020709,0.21344005,-0.040530358,0.19821665,0.01164013,0.18574245,0.30141217,0.2696349,-0.22921659,0.14476977,0.19610144,-0.070688955,0.2942223,-0.48486894,-0.007411724
163,0.050287444,0.08157853,0.11427341,0.05730676,0.068558,-0.31738025,0.11969538,0.19343989,0.23258162,0.28892845,-0.10037969,-0.37021723,0.056879926,0.1681844,0.20376739,0.26025984,0.20506959,-0.08583598,0.1726908,0.026267849,0.24109195,0.30175155,0.21412387,-0.049610738,0.20091172,0.012168089,0.18837637,0.30040893,0.26731402,-0.23948368,0.14749901,0.19614327,-0.06755868,0.29252183,-0.47550488,-0.008480733
164,0.051605094,0.08222756,0.11526733,0.0568071,0.06688546,-0.32484424,0.12001699,0.19345993,0.23261456,0.28862822,-0.10292144,-0.37753,0.056860026,0.16414027,0.20328413,0.26109233,0.20151053,-0.0907797,0.17306854,0.025239121,0.24141356,0.30118015,0.21180858,-0.048955757,0.20140591,0.013081945,0.18862987,0.2989732,0.2699537,-0.23079135,0.14602804,0.19711432,-0.0702759,0.29526293,-0.4765364,-0.008741126
165,0.05517287,0.0812495,0.11864123,0.057086088,0.063178495,-0.32799077,0.12361119,0.193833,0.23604043,0.29078835,-0.10639135,-0.38010073,0.060250092,0.16628096,0.20839958,0.2600878,0.20109974,-0.092484996,0.17752153,0.026733354,0.24654634,0.29977393,0.21180798,-0.052887205,0.20577239,0.015156527,0.19302058,0.29756224,0.27249646,-0.23493706,0.1490604,0.197433,-0.0678636,0.2965256,-0.47413027,-0.009284305
166,0.052754194,0.08279265,0.11701241,0.05762177,0.06320561,-0.32304955,0.122343875,0.19537495,0.23660754,0.29511827,-0.10594553,-0.37394297,0.058333173,0.16558932,0.20811434,0.2616626,0.20312445,-0.08832405,0.1763847,0.024389535,0.24579261,0.3017149,0.21192324,-0.05509441,0.2050828,0.014147637,0.19218487,0.29854184,0.269605,-0.24367751,0.1479715,0.19815259,-0.06975917,0.2962848,-0.46405846,-0.009928191
167,0.0514935,0.07740777,0.11462669,0.056127664,0.063002646,-0.32447076,0.11942515,0.19404355,0.2335076,0.28687716,-0.10568687,-0.3808592,0.057608183,0.1656097,0.2065829,0.25976536,0.2031133,-0.088135906,0.17490186,0.025464997,0.24428473,0.30009747,0.21482919,-0.048121035,0.2026579,0.014547534,0.18969218,0.29825035,0.27777287,-0.2371122,0.14413571,0.19966234,-0.07314008,0.29526186,-0.46400625,-0.010114169
168,0.048823282,0.07923253,0.11174754,0.054335356,0.067643166,-0.32179385,0.11655295,0.19783598,0.2309357,0.28769758,-0.10297967,-0.3787877,0.05508566,0.16865636,0.20553367,0.261747,0.20691386,-0.08306836,0.1734532,0.023970792,0.24323681,0.30333212,0.21643884,-0.04514455,0.20153886,0.0120439995,0.18851204,0.30040312,0.27708122,-0.23159176,0.14187005,0.19795744,-0.07543618,0.298347,-0.46103463,-0.009966121
169,0.050153233,0.07752477,0.11311744,0.05783616,0.06530642,-0.32251674,0.11823615,0.19688372,0.23352264,0.2935885,-0.10727752,-0.38344258,0.05648365,0.16765456,0.20808278,0.26336166,0.20440143,-0.085765205,0.17621112,0.023341192,0.24645366,0.3033564,0.21262112,-0.05144147,0.20515501,0.015108985,0.19202691,0.29879865,0.27446267,-0.23730268,0.14514059,0.20126611,-0.0732825,0.29946014,-0.46544248,-0.011084826
170,0.05457966,0.07542079,0.117357336,0.058248904,0.06285411,-0.32279408,0.12214339,0.1932238,0.2359509,0.293353,-0.10885816,-0.3860705,0.05681049,0.16902205,0.20876527,0.26324937,0.20520923,-0.09075623,0.1764748,0.025309766,0.24723205,0.30338347,0.21361566,-0.052919704,0.20576529,0.013386881,0.19269487,0.299622,0.27472445,-0.2400807,0.14541948,0.20034112,-0.075262345,0.30156678,-0.46758777,-0.011862092
171,0.05257115,0.07574818,0.115683965,0.059916664,0.062015995,-0.32318845,0.120326884,0.19484904,0.2357687,0.29418302,-0.10705978,-0.38357744,0.056106623,0.17219499,0.20902708,0.26080742,0.20641777,-0.08919946,0.1761945,0.023646029,0.24743743,0.30203688,0.2134051,-0.055094734,0.2055987,0.011416646,0.19248281,0.29821548,0.27264288,-0.24517633,0.14529465,0.20049612,-0.07577624,0.29932213,-0.46755645,-0.010536951
172,0.050789684,0.07696282,0.1138438,0.057514325,0.06209352,-0.32635984,0.11847197,0.19535747,0.23540367,0.2888083,-0.103572644,-0.38300678,0.056152597,0.1716098,0.2080229,0.26056314,0.20872454,-0.088309616,0.17476188,0.023404073,0.24587123,0.30272752,0.21567176,-0.05090906,0.20374547,0.010808996,0.19059403,0.29939452,0.27584788,-0.2376168,0.14245273,0.1986145,-0.078277364,0.30148357,-0.4681777,-0.010280301
173,0.04823514,0.07995773,0.11111382,0.055234507,0.063266315,-0.32694042,0.115993574,0.19734135,0.23173702,0.2905719,-0.10656583,-0.38413638,0.052421115,0.16530912,0.20465447,0.26322138,0.20406604,-0.090503104,0.17246594,0.019382548,0.24337721,0.30313456,0.21078888,-0.05304112,0.20205386,0.00942446,0.18870361,0.29760438,0.27407882,-0.23208176,0.13945946,0.19954233,-0.08235487,0.30220577,-0.46284464,-0.011842401
174,0.05105214,0.07189528,0.11456227,0.05890416,0.060799755,-0.32454777,0.12047715,0.18995103,0.23987275,0.29047167,-0.10053244,-0.37799278,0.058486614,0.17096943,0.21053514,0.2629615,0.21191324,-0.08908509,0.17580685,0.023993224,0.24732527,0.3045304,0.21608566,-0.05625531,0.20528135,0.01262662,0.19217347,0.30068225,0.27542424,-0.24703993,0.14324318,0.19648272,-0.0782593,0.30490547,-0.45979655,-0.013775756
175,0.04871028,0.075891845,0.11104467,0.055178404,0.059049398,-0.33005893,0.11714559,0.19771388,0.23379847,0.2911703,-0.11018547,-0.38758278,0.055831842,0.16871457,0.21059555,0.26062965,0.20339176,-0.092336126,0.1773551,0.01968443,0.2491219,0.30032778,0.20829071,-0.061330974,0.20716152,0.012114347,0.19385128,0.29425436,0.2739918,-0.24124536,0.14301272,0.20058098,-0.079866424,0.30303037,-0.46112373,-0.015474787
176,0.050552186,0.07965093,0.11312583,0.053388838,0.06107881,-0.32957768,0.118675776,0.19722347,0.23327537,0.29231098,-0.10760614,-0.3853459,0.050979316,0.16796933,0.20442191,0.26342496,0.20745218,-0.09419037,0.17084381,0.021296002,0.24223527,0.30442038,0.21274114,-0.053301256,0.20063071,0.00900952,0.18736893,0.2998022,0.27328703,-0.23817247,0.13500565,0.19502515,-0.08866329,0.30915806,-0.45691127,-0.016048582
177,0.05080152,0.07549828,0.1131658,0.05426372,0.05975981,-0.32971305,0.119858995,0.1964253,0.23658615,0.29114997,-0.104803815,-0.38256738,0.05575473,0.17405695,0.21072258,0.26079786,0.20989893,-0.09219951,0.17591605,0.020791896,0.2482271,0.302661,0.21069093,-0.06355594,0.20625275,0.008247638,0.19320643,0.29758865,0.26716623,-0.256967,0.14235121,0.19626456,-0.08216499,0.30688873,-0.4631276,-0.016165992
178,0.05028252,0.073115274,0.11259562,0.054572664,0.060804974,-0.32977444,0.118788615,0.19512469,0.23712778,0.28944802,-0.10285302,-0.38618195,0.05576703,0.17191027,0.21011229,0.2614382,0.2106411,-0.093699925,0.17518722,0.02077171,0.24739541,0.30295402,0.2125825,-0.05819069,0.20516837,0.009462342,0.1921147,0.29873496,0.27240196,-0.2508287,0.13975571,0.19527327,-0.08464767,0.30964252,-0.4639869,-0.0165796
179,0.05017909,0.07297202,0.11200343,0.053859044,0.06173983,-0.33016208,0.11657197,0.19641732,0.23334448,0.28964883,-0.10697526,-0.39522028,0.052125957,0.1655355,0.20678139,0.26146445,0.20522879,-0.09788037,0.17323038,0.018604483,0.24516982,0.30073914,0.2117591,-0.051105842,0.2025721,0.00947868,0.18937126,0.29703927,0.27995476,-0.24089448,0.13462749,0.19782145,-0.09069181,0.30905515,-0.46207666,-0.016577266
180,0.048119385,0.07223935,0.11028075,0.05427004,0.0641768,-0.3239675,0.11670205,0.19728735,0.23669903,0.29031932,-0.10040955,-0.384342,0.055496354,0.1713045,0.21164806,0.26185435,0.21258852,-0.09107057,0.1759704,0.019036906,0.24847595,0.3031017,0.21367039,-0.05781483,0.205618,0.009236076,0.19254728,0.29916713,0.27404928,-0.2548296,0.13857388,0.19533703,-0.086076096,0.31086344,-0.45659518,-0.016304191
181,0.04718025,0.07390137,0.10985096,0.056030363,0.061434023,-0.32435307,0.11643505,0.19734271,0.23753396,0.29296345,-0.10092798,-0.38229182,0.054264523,0.17175801,0.21071021,0.26035592,0.2118619,-0.09372676,0.17467326,0.018955749,0.24716398,0.30156747,0.2135926,-0.05744754,0.20415421,0.009315593,0.19106492,0.2983084,0.27447432,-0.25240356,0.13599078,0.19406012,-0.08898305,0.31088668,-0.45532954,-0.017059628
182,0.04484679,0.07466816,0.10707826,0.056641586,0.059828706,-0.327476,0.113815024,0.20005345,0.23511231,0.29404047,-0.105802365,-0.38881052,0.053109407,0.16745517,0.21033911,0.25965643,0.20470174,-0.09872087,0.17554152,0.015578414,0.24801576,0.29834574,0.20756651,-0.060569376,0.20531428,0.010633475,0.19201945,0.29348215,0.27549225,-0.24534805,0.13555555,0.19724627,-0.09034444,0.30971235,-0.45730108,-0.018541578
183,0.047784183,0.06862368,0.11029053,0.057366993,0.058797818,-0.32338032,0.11804841,0.19283195,0.24056104,0.2892719,-0.09922961,-0.38180915,0.0560255,0.17278229,0.21213996,0.26072028,0.21365917,-0.09820737,0.17502287,0.021362294,0.24775085,0.30182156,0.21528709,-0.0599415,0.20456538,0.010697106,0.191463,0.2993664,0.27698058,-0.25390604,0.1356072,0.19377528,-0.09085331,0.31363878,-0.45484635,-0.019121433
184,0.050258156,0.07149484,0.111903384,0.05374929,0.05452337,-0.33506152,0.11905149,0.19827907,0.23925224,0.28987002,-0.107429385,-0.39126742,0.057510275,0.17011417,0.2151182,0.25898367,0.20657085,-0.102712266,0.1790835,0.018443733,0.25219738,0.29851642,0.20764267,-0.06853384,0.20911944,0.011288166,0.19588941,0.29383117,0.2740483,-0.25305444,0.13858138,0.1979439,-0.08946059,0.31391823,-0.46039987,-0.01992418
185,0.051717527,0.06908034,0.1129239,0.05166756,0.05750669,-0.33713856,0.11895944,0.19770686,0.23872814,0.2861667,-0.10400962,-0.39354113,0.05790444,0.17246747,0.2157928,0.25995138,0.21012953,-0.100124255,0.17950934,0.018346572,0.25292075,0.30085462,0.2100321,-0.065022826,0.20936413,0.008592382,0.1961543,0.29634425,0.27550516,-0.25096235,0.1383595,0.19664033,-0.08978554,0.31641993,-0.4639597,-0.020959167
186,0.046137907,0.067539036,0.10774673,0.05247116,0.05981476,-0.32770002,0.11448839,0.1972187,0.23585467,0.2864572,-0.099561386,-0.38469493,0.052729283,0.17325953,0.20976467,0.2617161,0.21360452,-0.09470121,0.1729255,0.017379362,0.24601175,0.30367765,0.21091782,-0.06541528,0.20308068,0.007740293,0.18974842,0.29871976,0.26863763,-0.26534924,0.13347317,0.20193003,-0.09538746,0.31246933,-0.4568788,-0.02203991
187,0.048400033,0.06617425,0.11044445,0.05680222,0.06028372,-0.32818788,0.11631337,0.1962565,0.23923795,0.29458323,-0.10182917,-0.39038992,0.053341016,0.17048118,0.21134903,0.26467234,0.21282403,-0.09740648,0.17462645,0.01644542,0.24778494,0.30565476,0.20990583,-0.0644156,0.2051813,0.010060348,0.191794,0.30018273,0.2695563,-0.26027426,0.13386764,0.20016634,-0.09539772,0.3184912,-0.45917004,-0.022004798
188,0.048672017,0.06715268,0.110424355,0.055817112,0.0559886,-0.3323932,0.11598076,0.19962871,0.23813005,0.29351646,-0.10500149,-0.3934825,0.053533882,0.1752085,0.21329588,0.2586611,0.21002412,-0.1004184,0.17639455,0.016693205,0.24994932,0.2997862,0.21075152,-0.06310102,0.20587827,0.009174782,0.1925481,0.2959281,0.2770925,-0.253082,0.13275015,0.19914028,-0.09642567,0.31566375,-0.46071425,-0.021462444
189,0.04924453,0.068092376,0.11087351,0.05350343,0.057981472,-0.3295549,0.11703929,0.19974732,0.23876126,0.2919757,-0.10344286,-0.3906243,0.054002926,0.17740852,0.21515426,0.2602289,0.21321093,-0.09915743,0.1775158,0.01688957,0.25139588,0.30205685,0.2127573,-0.062935844,0.20709307,0.0063486034,0.19382827,0.29828706,0.2776861,-0.25046307,0.13385782,0.19638234,-0.0963108,0.318803,-0.45970967,-0.02114421
190,0.04893896,0.06237062,0.1103671,0.05689263,0.05782667,-0.3249241,0.11651594,0.19563682,0.238806,0.29241478,-0.10524355,-0.3947851,0.053475957,0.17416376,0.21482524,0.2613264,0.2108647,-0.10080767,0.17762932,0.015491772,0.25154763,0.3016545,0.21054499,-0.065123014,0.20765199,0.0072139655,0.1943928,0.29751486,0.27650452,-0.2591194,0.1358288,0.20203565,-0.096131004,0.31612897,-0.4660596,-0.02056723
191,0.04891139,0.06570798,0.11042834,0.05379374,0.0552161,-0.327111,0.11749112,0.19628592,0.24015395,0.29046884,-0.105536886,-0.39253888,0.05345989,0.17143679,0.2135329,0.26297635,0.21278428,-0.101003595,0.17548706,0.017247835,0.2490596,0.30371013,0.21236485,-0.06387755,0.20528106,0.00948821,0.19200878,0.30004492,0.27730334,-0.2575864,0.13206968,0.20093228,-0.09980785,0.31991744,-0.46030548,-0.021322865
192,0.044467475,0.06928743,0.10594636,0.052591506,0.057689596,-0.3262507,0.113500655,0.20169427,0.23801526,0.29095355,-0.10499082,-0.3923116,0.05243808,0.17201841,0.21462262,0.26283887,0.21230987,-0.09936805,0.17659977,0.013018106,0.2503571,0.3035824,0.20936815,-0.06521269,0.20674622,0.007227454,0.19342268,0.29841277,0.27551085,-0.2502048,0.13268241,0.19983466,-0.09973042,0.32137668,-0.46322688,-0.022175763
193,0.043542076,0.063085616,0.10516447,0.053243764,0.052237354,-0.32588306,0.11510932,0.19609915,0.24244289,0.28585234,-0.10355964,-0.3878899,0.056678336,0.17105137,0.21754059,0.26254708,0.21469529,-0.099794336,0.17763765,0.016551835,0.25140882,0.3033795,0.21264426,-0.06890386,0.20726497,0.011940868,0.19398858,0.29967833,0.2792394,-0.25749865,0.1334057,0.1993072,-0.09806772,0.3221433,-0.4572871,-0.021698238
194,0.044926215,0.063873656,0.10667151,0.05460557,0.04880103,-0.3274825,0.11611466,0.19673467,0.24298173,0.28844848,-0.106382035,-0.3889684,0.055581875,0.16990712,0.21728228,0.26081577,0.21194972,-0.103356704,0.17742889,0.015268251,0.2513627,0.30117112,0.21111737,-0.071047105,0.20704795,0.010917739,0.19371465,0.29763454,0.2794314,-0.25954327,0.13246256,0.20077518,-0.100444645,0.32054242,-0.45662385,-0.021291781
195,0.044691812,0.06775717,0.10608722,0.052371986,0.053502165,-0.32564312,0.114151545,0.2020081,0.23921166,0.2904377,-0.10557375,-0.3900456,0.051442232,0.17133333,0.21430777,0.2619424,0.21203107,-0.10219094,0.1752822,0.012562843,0.24931599,0.30284512,0.20951591,-0.06888967,0.2053702,0.0064729904,0.19195022,0.29808012,0.2759985,-0.255917,0.1301815,0.20148271,-0.104105905,0.3211781,-0.45680362,-0.021029742
196,0.04822157,0.0633476,0.10945301,0.05244845,0.051765483,-0.3241368,0.118335165,0.19983958,0.24398749,0.28948262,-0.103665076,-0.38668475,0.056404516,0.17692636,0.21999472,0.26050177,0.21659014,-0.10068029,0.17921254,0.016486172,0.25377432,0.30275288,0.21358964,-0.07246972,0.20873803,0.007814577,0.1953919,0.29945573,0.27767605,-0.26475707,0.13332668,0.19885299,-0.10037395,0.32320693,-0.4528838,-0.021296801
197,0.04616695,0.06613835,0.10741431,0.05308752,0.054693364,-0.3241306,0.1140356,0.20221008,0.23878153,0.2923293,-0.10602376,-0.39276487,0.049956158,0.16908072,0.21387358,0.26165414,0.21095562,-0.10301086,0.17510565,0.009757792,0.24928062,0.30251604,0.2088265,-0.0684883,0.20498703,0.003904991,0.19138935,0.29766506,0.27600968,-0.25766674,0.12866454,0.20217158,-0.10677819,0.32136148,-0.45527732,-0.02263716
198,0.048203383,0.06301213,0.1091441,0.051528532,0.05134863,-0.327078,0.11630365,0.20038006,0.2413394,0.2867612,-0.10311181,-0.3904006,0.05353384,0.175219,0.21733515,0.2579864,0.21410698,-0.104144365,0.17721221,0.013091264,0.25173613,0.300405,0.21270038,-0.06947276,0.20631355,0.0034769007,0.19274552,0.29753706,0.27999458,-0.25898167,0.12962314,0.19869894,-0.10542461,0.32198167,-0.45615137,-0.023492372
199,0.04943003,0.062007897,0.1098363,0.051779293,0.053977996,-0.324927,0.11651882,0.20226894,0.24138512,0.28947213,-0.10470388,-0.3954123,0.054063212,0.17448992,0.21882598,0.26073605,0.21306936,-0.10410165,0.17922795,0.012220424,0.2538961,0.3019816,0.2100424,-0.071899496,0.20894213,0.0052913995,0.19536534,0.29753518,0.2779176,-0.26127395,0.13240592,0.20262036,-0.103714384,0.3241451,-0.4616978,-0.02272873
200,0.04795134,0.062465675,0.10904569,0.054886002,0.052784383,-0.32313648,0.116128355,0.20178083,0.24361019,0.2945374,-0.104067974,-0.39195964,0.053358026,0.1725656,0.21815474,0.26272872,0.21413745,-0.10360812,0.17789519,0.011327596,0.25250927,0.30371112,0.20883979,-0.07528191,0.20816565,0.007213507,0.19455388,0.2985166,0.27380973,-0.2674521,0.13145491,0.2033995,-0.10506664,0.32558638,-0.45811838,-0.023290433
201,0.047330815,0.064161204,0.10852926,0.05365942,0.050063502,-0.32491902,0.11645043,0.20251685,0.24455194,0.29256752,-0.102758296,-0.3888445,0.053679153,0.17692442,0.21847336,0.2602002,0.21614447,-0.10539021,0.17716002,0.013759088,0.2518148,0.30220774,0.21207877,-0.07337926,0.20677981,0.006824241,0.19324034,0.29873887,0.2778025,-0.2612338,0.12849566,0.19857945,-0.10752524,0.32731226,-0.45565253,-0.025002155
202,0.047887985,0.060705345,0.10903639,0.057171956,0.047226656,-0.32692257,0.11618103,0.19967249,0.2442289,0.2951425,-0.10855159,-0.39703816,0.053072877,0.17292427,0.21984448,0.25868872,0.20986973,-0.11181739,0.1793409,0.010067991,0.25427637,0.2986329,0.20759402,-0.07555774,0.20924519,0.0056524747,0.1956574,0.29477027,0.2802181,-0.25631416,0.1303824,0.1993588,-0.10753909,0.32640556,-0.4637279,-0.025619194
203,0.04644256,0.060671415,0.107463874,0.056813836,0.052846745,-0.3240192,0.11414557,0.20059976,0.24381082,0.29410994,-0.10193166,-0.3952876,0.05195673,0.17193702,0.21768613,0.2622904,0.2140861,-0.108636335,0.17706151,0.008121079,0.25183034,0.30321547,0.20747831,-0.0747273,0.2076325,0.004618216,0.19400784,0.29811403,0.27485484,-0.26092955,0.1294466,0.20000061,-0.10876219,0.32944348,-0.46466163,-0.026451806
204,0.04519072,0.061489094,0.1055068,0.051462617,0.050393388,-0.32471788,0.113660455,0.20276988,0.2423419,0.28583306,-0.10104213,-0.39183912,0.053006995,0.17578539,0.21897629,0.2599309,0.21510011,-0.10790954,0.17752916,0.009846868,0.25243706,0.30151656,0.20919628,-0.076683566,0.20737101,0.003741072,0.19379736,0.29725415,0.2778295,-0.26192442,0.1291666,0.20103814,-0.10930201,0.32732505,-0.46124488,-0.02596463
205,0.045379765,0.06007921,0.1056287,0.052617386,0.05370781,-0.32006404,0.11319579,0.20271066,0.24181913,0.289479,-0.10254305,-0.3960121,0.051298052,0.17338997,0.21776365,0.26339996,0.21565293,-0.10702861,0.17648228,0.010468284,0.25124952,0.30439574,0.2113726,-0.07098768,0.20615713,0.0061177183,0.19258818,0.3002308,0.28210068,-0.25665167,0.12675865,0.20191619,-0.11156184,0.3309331,-0.45849162,-0.025893344
206,0.04402082,0.05981318,0.10428086,0.053359725,0.05086695,-0.31848645,0.11254897,0.20415594,0.24202746,0.29037717,-0.10421797,-0.39441454,0.05170047,0.17629863,0.21985115,0.2609724,0.21479304,-0.106840275,0.17800999,0.010209933,0.25306696,0.30171335,0.21060126,-0.07493225,0.20744957,0.0065610544,0.19391736,0.29767206,0.2826105,-0.26137817,0.12799478,0.20472473,-0.11121218,0.3278355,-0.458194,-0.027322259
207,0.04487445,0.059799034,0.10554176,0.05493157,0.05113519,-0.31622666,0.11412521,0.20194632,0.24494365,0.29214704,-0.10191616,-0.39180514,0.051788215,0.1773435,0.2199117,0.26330772,0.21893764,-0.10666389,0.17709377,0.011687008,0.25217703,0.3049528,0.21280475,-0.07405801,0.20685676,0.0064140544,0.19337462,0.3013458,0.28062177,-0.26357564,0.12733215,0.20251921,-0.11265516,0.33143887,-0.45729294,-0.029863212
208,0.047954664,0.06344534,0.10848144,0.052965034,0.043657716,-0.32424814,0.117246576,0.20429331,0.24703568,0.29083246,-0.105354115,-0.39323613,0.053998247,0.18112184,0.22254443,0.25824678,0.21722251,-0.11104363,0.17913549,0.013831354,0.25446606,0.30029058,0.21278365,-0.076698676,0.20826656,0.006753017,0.19487755,0.29811546,0.2832288,-0.26285824,0.12753037,0.20207818,-0.11300399,0.3301403,-0.46064815,-0.031808503
209,0.04656155,0.05868994,0.107771,0.057341035,0.04499317,-0.31826016,0.11587621,0.19970332,0.24746116,0.2960081,-0.10716117,-0.39540884,0.051760342,0.1742482,0.22175747,0.2616872,0.21647967,-0.1099837,0.17823233,0.009487647,0.25356802,0.30245364,0.21101232,-0.077306375,0.2078538,0.0061922884,0.19439767,0.2992901,0.28178117,-0.2679318,0.12762114,0.20337172,-0.11391005,0.3301334,-0.45970777,-0.033838976
210,0.044350147,0.06276767,0.10498504,0.05114653,0.047357295,-0.31848225,0.113485835,0.20514204,0.2443089,0.29082236,-0.10513718,-0.3940421,0.050914396,0.17803161,0.22226775,0.26171723,0.21950452,-0.10597716,0.17822509,0.00875885,0.2537078,0.30358905,0.2119445,-0.07642006,0.20747732,0.0031248268,0.19407202,0.30013672,0.28182518,-0.2633694,0.12669468,0.20239519,-0.11476875,0.33152494,-0.4600351,-0.03325217
211,0.048145164,0.06250879,0.10842071,0.050778355,0.04444307,-0.323878,0.116398886,0.20294778,0.24497458,0.29128096,-0.11033564,-0.40127257,0.051251173,0.17324223,0.22230442,0.26302934,0.21536423,-0.1117778,0.17900747,0.008503689,0.25453675,0.3033481,0.20843916,-0.07947678,0.2087834,0.0038109084,0.19539171,0.29930425,0.28055984,-0.2639581,0.12791733,0.20458373,-0.11529433,0.3330447,-0.46506098,-0.033034727
212,0.04802313,0.056607127,0.10766619,0.05181354,0.046955526,-0.32122,0.116566636,0.2014793,0.24739012,0.28684244,-0.10203184,-0.3986639,0.055359792,0.18169852,0.22550112,0.26204985,0.22157685,-0.10969944,0.1809918,0.012017318,0.25676647,0.30392557,0.21228698,-0.08165633,0.21064633,0.005325196,0.19735038,0.30094916,0.2800455,-0.2726161,0.1312076,0.20369194,-0.111011006,0.3345453,-0.469501,-0.034038942
213,0.047328584,0.05893035,0.10684321,0.05221966,0.04560737,-0.32209677,0.11509115,0.20554897,0.24502406,0.29142258,-0.10665868,-0.4027471,0.052306995,0.18129867,0.22318102,0.26168925,0.21870801,-0.11114603,0.17907353,0.012755292,0.25473058,0.30256337,0.21246038,-0.078790516,0.20816883,0.008592608,0.19483392,0.2999227,0.28525445,-0.26619935,0.12631099,0.20689613,-0.11553754,0.3349036,-0.46370992,-0.033387046
214,0.044200514,0.061166745,0.10403704,0.05354669,0.045808975,-0.32254508,0.11214716,0.20718278,0.24330355,0.29266682,-0.10410602,-0.3998454,0.049570546,0.18410213,0.22066177,0.25998536,0.21897493,-0.11215648,0.17641559,0.011985948,0.2521217,0.30108035,0.21295848,-0.07711365,0.20534042,0.0068828794,0.19202614,0.2989844,0.28630772,-0.26086447,0.122277796,0.20555043,-0.11943746,0.33422738,-0.46181065,-0.032905255
215,0.044262763,0.056156926,0.10443528,0.058028966,0.048893772,-0.31719232,0.11355413,0.20173131,0.24723287,0.29693133,-0.10183431,-0.39746165,0.052304696,0.18270603,0.22537343,0.26486722,0.22085434,-0.11167398,0.18038987,0.0095155705,0.2567055,0.3046454,0.2100241,-0.08576505,0.21068367,0.0056187348,0.19741996,0.3006667,0.27957368,-0.26947856,0.12939367,0.20471685,-0.11390593,0.3374355,-0.46410072,-0.031783495
216,0.044288415,0.05643838,0.103699185,0.0529254,0.042926695,-0.32780144,0.112831965,0.20103486,0.24444422,0.28541738,-0.10225757,-0.40011287,0.051658437,0.1794301,0.22137289,0.26143822,0.21678612,-0.117728055,0.1769456,0.010232829,0.25297937,0.301133,0.2094949,-0.084032156,0.20673205,0.0051236707,0.19339761,0.2981694,0.28410688,-0.26562497,0.124707654,0.20728946,-0.118952796,0.3334208,-0.46237725,-0.030637575
217,0.044072963,0.056351576,0.10376473,0.05374107,0.048191004,-0.32111278,0.1124093,0.20063183,0.2432838,0.2896931,-0.1026704,-0.39892605,0.049347732,0.18035841,0.22262909,0.26463696,0.21958345,-0.11380454,0.17776978,0.008139798,0.2541828,0.30463666,0.21205764,-0.080406256,0.20729446,9.567791e-05,0.19396526,0.30159482,0.28620425,-0.25899357,0.12462336,0.20263726,-0.1193396,0.336512,-0.4584974,-0.028563349
218,0.043739762,0.060579754,0.10349968,0.048844155,0.046539407,-0.32211816,0.11266906,0.20330742,0.2418994,0.28947517,-0.106149994,-0.39566922,0.048194982,0.17900768,0.22323896,0.26588637,0.2205863,-0.10988912,0.17754525,0.007102038,0.25408754,0.30621004,0.21123399,-0.082501076,0.20673937,-0.0021069306,0.19341508,0.30262032,0.2840464,-0.2607968,0.1230134,0.20209357,-0.12096268,0.33667877,-0.4498597,-0.027177632
219,0.044641443,0.060212072,0.10395823,0.04676867,0.040915806,-0.32736602,0.11418823,0.20404102,0.24271312,0.28713328,-0.11090474,-0.3985778,0.050480995,0.17844683,0.2251138,0.26416424,0.21796897,-0.111935556,0.17912902,0.008988274,0.25579455,0.30386204,0.20901838,-0.08742108,0.20825051,0.0011885436,0.19497645,0.30035692,0.28371477,-0.26508984,0.123976484,0.20518172,-0.12011598,0.33573762,-0.4502085,-0.025401192
220,0.0437281,0.058248617,0.103006564,0.047979876,0.041941483,-0.3268018,0.11271883,0.20373337,0.24278115,0.28614032,-0.107728794,-0.39988333,0.049678855,0.1799012,0.2235293,0.26402003,0.22050215,-0.11160205,0.17720927,0.009773533,0.25379235,0.3047053,0.21170427,-0.083618075,0.20620923,0.0019942897,0.19293688,0.30208382,0.2853811,-0.2646387,0.12149913,0.20503035,-0.12221025,0.3369349,-0.45269376,-0.024274044
221,0.040694036,0.054307576,0.10062795,0.054855555,0.046545267,-0.31743586,0.10951676,0.2042926,0.24236184,0.29580468,-0.10749451,-0.39995956,0.04770579,0.18336274,0.22568165,0.26403648,0.22224773,-0.10649685,0.17885627,0.0068003526,0.25582373,0.30465537,0.21355456,-0.08180149,0.20740601,0.00071885483,0.19414571,0.30220526,0.28792873,-0.26434764,0.12191392,0.20310433,-0.12093035,0.33693442,-0.45161307,-0.022572719
222,0.043804936,0.056473345,0.10353029,0.05120608,0.042322118,-0.32407406,0.11279847,0.20393929,0.24305028,0.29341125,-0.11101864,-0.40056875,0.04859274,0.18334226,0.22671965,0.26383775,0.22179842,-0.10915194,0.17954816,0.007959945,0.2566859,0.30488363,0.21240927,-0.08498896,0.20816125,-0.0011992439,0.19489102,0.30238187,0.2858793,-0.2646544,0.1218955,0.2015108,-0.12218945,0.3384689,-0.449951,-0.02066765
223,0.046323378,0.05818316,0.10579927,0.05022749,0.033695176,-0.33344176,0.115045056,0.20539749,0.24440202,0.29164866,-0.114311345,-0.40325594,0.049765747,0.18615952,0.22588836,0.25882006,0.21921375,-0.1147041,0.17865506,0.011091935,0.25572258,0.3001924,0.21036753,-0.08808566,0.20729473,0.0014509222,0.1940239,0.2985602,0.28404295,-0.26963875,0.12012009,0.20475344,-0.124683045,0.33538657,-0.45450833,-0.020020865
224,0.04460578,0.05520244,0.10464989,0.054381657,0.03819251,-0.32659933,0.11463218,0.20245461,0.24783035,0.2989095,-0.11102541,-0.40072006,0.050392557,0.18472597,0.22704396,0.2655338,0.22293407,-0.11250997,0.17916694,0.009391532,0.25632712,0.30610257,0.20653261,-0.094510406,0.20960839,0.0028552494,0.19636887,0.30209553,0.27217174,-0.27892524,0.12354341,0.2050838,-0.12235743,0.3411833,-0.458324,-0.020442296
225,0.044485077,0.056437485,0.10403822,0.05032831,0.037270546,-0.3282351,0.11396472,0.20477337,0.2442666,0.29756,-0.11553445,-0.40463653,0.048109397,0.18558656,0.22588262,0.2649816,0.22079179,-0.11351937,0.17825913,0.010863364,0.25543505,0.3050978,0.20833428,-0.089884706,0.20775574,0.0034004203,0.19452943,0.30210894,0.27994558,-0.26979068,0.11976785,0.20531164,-0.12585296,0.3409991,-0.4540734,-0.018760316
226,0.041883938,0.05363612,0.10066462,0.046509743,0.04042106,-0.32911587,0.11099657,0.20638765,0.24171008,0.2905049,-0.112581044,-0.40736118,0.049263306,0.18602492,0.22731958,0.26509604,0.22134541,-0.11194788,0.17966472,0.009102017,0.2570134,0.30529025,0.2087265,-0.08964667,0.20877053,0.002738831,0.19556017,0.30203882,0.28343537,-0.2664143,0.12088489,0.205182,-0.12390915,0.34148598,-0.45538083,-0.016609432
227,0.041046552,0.05263915,0.099831685,0.04540372,0.04196721,-0.32777533,0.11103284,0.2037455,0.24245551,0.28761414,-0.10926754,-0.40403125,0.04941501,0.1834872,0.22663179,0.26851448,0.22361809,-0.1116637,0.17852695,0.008120243,0.2558198,0.30885494,0.20817275,-0.092098616,0.20822434,0.0016027126,0.19500661,0.30479822,0.27906132,-0.2705013,0.12127613,0.2049113,-0.12440643,0.34355795,-0.45438564,-0.015536225
228,0.041470774,0.05133113,0.10051152,0.047419883,0.035593264,-0.33374706,0.11088629,0.20269352,0.24351873,0.2864838,-0.10926585,-0.40540928,0.049203496,0.18478985,0.22525138,0.26278645,0.22201581,-0.11571564,0.17683318,0.008527212,0.25410324,0.30381063,0.20970984,-0.09068714,0.20598227,0.0026006056,0.19275191,0.30161986,0.2840832,-0.27279422,0.118092194,0.20605348,-0.12807655,0.3397442,-0.45681536,-0.015505824
229,0.04311577,0.05178657,0.102440916,0.048774533,0.038955264,-0.32854092,0.11276805,0.20324123,0.24549755,0.2952712,-0.11183366,-0.4052434,0.049921617,0.18513796,0.22993675,0.26779908,0.22372921,-0.112048455,0.18094784,0.0074063167,0.25871003,0.3074822,0.2094805,-0.09362385,0.2101642,0.0021793135,0.19701655,0.30418378,0.2834298,-0.2728586,0.12168938,0.20460592,-0.12495096,0.34452263,-0.45474476,-0.014468326
230,0.040708665,0.050918233,0.100317925,0.04979278,0.039257184,-0.3240676,0.10979534,0.20395614,0.24266222,0.29707032,-0.11158835,-0.40456247,0.045536797,0.1853332,0.2257485,0.2658049,0.22289176,-0.11172242,0.17692384,0.006654824,0.2544063,0.30536932,0.21252182,-0.0882566,0.20534104,0.0021051022,0.19222972,0.30339587,0.2891476,-0.27186736,0.11626315,0.2066509,-0.13045178,0.34035274,-0.450644,-0.012656403
231,0.04406522,0.050761174,0.10303988,0.045400728,0.035340108,-0.33313742,0.112970136,0.20532018,0.2448765,0.2899906,-0.10996029,-0.4055608,0.051515054,0.19420697,0.23235877,0.2604422,0.22421752,-0.11394754,0.18255724,0.009860729,0.26059374,0.30108804,0.2153193,-0.09064316,0.20979637,0.00045318523,0.19681628,0.3011427,0.2952597,-0.26769555,0.119891964,0.20081867,-0.12562911,0.34140676,-0.45668077,-0.011460669
232,0.042622957,0.048656493,0.10221116,0.050476223,0.03719639,-0.33005616,0.11144689,0.20150794,0.24646576,0.29849058,-0.11113846,-0.40793383,0.049315773,0.18100695,0.22898175,0.26712987,0.2205131,-0.11546514,0.18008909,0.0032810224,0.2577952,0.3048656,0.20772249,-0.09626704,0.20912026,0.0030467869,0.1961426,0.3016104,0.28577754,-0.27643916,0.120413795,0.20541342,-0.12662064,0.34291643,-0.4556905,-0.009585253
233,0.03905253,0.051178638,0.098301575,0.04699408,0.037583154,-0.3339777,0.109318934,0.2033813,0.24519372,0.29183015,-0.10533829,-0.40248227,0.050103545,0.1846217,0.22693771,0.26712978,0.22235161,-0.115546696,0.17792282,0.005198819,0.25538698,0.30530578,0.20713042,-0.09878199,0.20721768,0.0024755406,0.1942779,0.3018419,0.2813872,-0.2735565,0.11877788,0.2027401,-0.12681234,0.34338823,-0.45563126,-0.008771165
234,0.042621147,0.05053728,0.10138576,0.046388734,0.03964102,-0.33646554,0.11079086,0.20413189,0.2450971,0.29181188,-0.10391146,-0.40842944,0.049929112,0.18729854,0.22525552,0.26726323,0.22331727,-0.11758839,0.17693488,0.0075616017,0.25436684,0.3062612,0.20945308,-0.09404289,0.20621502,0.0037059619,0.19329381,0.30325305,0.28391987,-0.272137,0.117338434,0.20332149,-0.12844095,0.34506044,-0.45946637,-0.007845806
235,0.041939095,0.05398743,0.10072286,0.046454348,0.036187854,-0.3400304,0.110616565,0.20922603,0.24548197,0.29350802,-0.10384321,-0.40486968,0.0509883,0.19481173,0.22864844,0.26189923,0.2232077,-0.11675417,0.17968807,0.006808194,0.2575932,0.3015973,0.20830835,-0.1003193,0.20848632,0.001641501,0.1956193,0.29874498,0.28186968,-0.27838612,0.1190854,0.20400316,-0.1272667,0.34104085,-0.45812026,-0.009394425
236,0.042427193,0.0532793,0.101342335,0.047825616,0.03937172,-0.332246,0.1114376,0.20667389,0.24294001,0.29970014,-0.109992705,-0.40657422,0.045473035,0.18872494,0.22484596,0.26803762,0.22145994,-0.116910346,0.17623308,0.007872773,0.25398526,0.30625692,0.21148725,-0.09331268,0.20453362,0.0016220573,0.19166048,0.30430028,0.28761697,-0.27166194,0.11356283,0.20293832,-0.13375619,0.34405187,-0.44339794,-0.010401685
237,0.040145174,0.04662218,0.09928053,0.054418765,0.045729354,-0.32012755,0.109678626,0.20277685,0.24411263,0.30444184,-0.107434414,-0.40675846,0.045833927,0.1885642,0.22889988,0.27224025,0.22261643,-0.11387611,0.18008655,0.0025319674,0.25836536,0.30916202,0.21016905,-0.0963352,0.20895292,-0.0022824223,0.19610739,0.30585256,0.28436637,-0.27863854,0.119880676,0.2033389,-0.12885898,0.3433138,-0.44801137,-0.011791197
238,0.04258239,0.05091975,0.10048985,0.04371108,0.039509293,-0.33160728,0.11183992,0.2072103,0.24277057,0.29003298,-0.109406345,-0.4125173,0.048993923,0.18943822,0.22813973,0.26777393,0.21911448,-0.12146128,0.17974132,0.008098189,0.25797316,0.30483043,0.21126153,-0.09429166,0.20799723,0.00043206656,0.19515166,0.30351093,0.29187745,-0.26977304,0.11727254,0.20447215,-0.13115038,0.34305304,-0.45084226,-0.012506837
239,0.03930712,0.050935477,0.09747506,0.043220703,0.03877312,-0.33033663,0.11040209,0.20673424,0.24357523,0.28647918,-0.10415004,-0.40521255,0.04890555,0.1896511,0.22626035,0.26815698,0.22173609,-0.121550664,0.17700396,0.0080959285,0.2551908,0.30577487,0.21069226,-0.097974546,0.20591246,-0.0002409165,0.19305119,0.30429977,0.28544626,-0.2771156,0.11589945,0.2051625,-0.13298264,0.34191334,-0.44792694,-0.013444775
240,0.04152108,0.0507672,0.1003452,0.04703281,0.038339753,-0.32884562,0.11313589,0.20347403,0.24637641,0.29555726,-0.10799517,-0.40540004,0.0482583,0.18496464,0.2273787,0.27179536,0.2207219,-0.12222732,0.17782584,0.006428485,0.25622767,0.30832627,0.2091524,-0.10070391,0.20701632,-0.00066686934,0.19416851,0.30634063,0.28279498,-0.27985957,0.11625379,0.20353003,-0.1336551,0.34476662,-0.4421379,-0.012840164
241,0.04372226,0.05259699,0.10201018,0.045113724,0.032676242,-0.33696637,0.11491194,0.20733103,0.2456989,0.2945172,-0.113307096,-0.40955716,0.050449554,0.19115245,0.23199157,0.266943,0.21685462,-0.12410763,0.18248576,0.008140481,0.2614637,0.30296245,0.20983313,-0.10297613,0.21021727,-0.0006622177,0.19743468,0.30233374,0.29138204,-0.27617803,0.118010804,0.20445037,-0.13159254,0.34182557,-0.44287416,-0.013293665
242,0.043194793,0.050310962,0.101453744,0.047840085,0.037170988,-0.33494914,0.11323829,0.20703141,0.2447554,0.2973679,-0.11073664,-0.41256005,0.048986264,0.19208561,0.23047434,0.26925445,0.21846455,-0.1214725,0.18141834,0.006723886,0.26045954,0.3058528,0.21036817,-0.10074655,0.20910116,-0.00080115756,0.19636005,0.3045815,0.2899045,-0.2786093,0.11695456,0.20602886,-0.13208243,0.34290737,-0.4456366,-0.014285413
243,0.041228697,0.044723827,0.09928517,0.049041755,0.038636044,-0.3355351,0.11236903,0.20260657,0.24640137,0.29069772,-0.10181451,-0.4089071,0.051212985,0.19533755,0.2286845,0.2694719,0.22280286,-0.12262059,0.17899434,0.009439586,0.25793597,0.30762464,0.21189123,-0.10177114,0.20723112,0.00034244556,0.19448575,0.30687055,0.28565425,-0.28432214,0.11584018,0.20410655,-0.13208444,0.3440058,-0.44755834,-0.013466261
244,0.04078263,0.04717699,0.09834538,0.047292054,0.034771524,-0.34405416,0.11140515,0.20699395,0.24380332,0.29029253,-0.10875665,-0.41644204,0.051090915,0.19101334,0.22789998,0.2676088,0.21449697,-0.12866628,0.17939556,0.009870931,0.25854206,0.30326146,0.20749387,-0.103288576,0.20738566,0.0044795275,0.19463214,0.30210742,0.29107463,-0.27483487,0.1133662,0.2094189,-0.13385181,0.34174913,-0.44273758,-0.012740884
245,0.038124215,0.04861747,0.09608983,0.050262284,0.04665372,-0.3309858,0.109850965,0.20934297,0.24307641,0.2981124,-0.104476295,-0.4094595,0.048987757,0.19538411,0.23084138,0.2761019,0.22089705,-0.1208354,0.18156384,0.0067887297,0.26139942,0.31168136,0.20787783,-0.10488305,0.21001638,-0.0027498028,0.19725072,0.30834723,0.28291875,-0.27258506,0.11644516,0.20432669,-0.13077693,0.34689426,-0.4373337,-0.011412074
246,0.041932967,0.049151354,0.09993486,0.052298214,0.039943777,-0.3385366,0.11227287,0.2088971,0.24430767,0.29791218,-0.10658197,-0.41263497,0.048840698,0.19804999,0.2306912,0.27112487,0.21858524,-0.12567468,0.18150407,0.007561066,0.26159036,0.30720863,0.20851724,-0.10449192,0.20960456,-0.0031926143,0.19687472,0.30535254,0.2863358,-0.2759864,0.115903296,0.20797864,-0.1330306,0.3425254,-0.44536117,-0.01022404
247,0.040384453,0.04827634,0.09811825,0.049088743,0.039042193,-0.3422257,0.11061321,0.20787685,0.24221464,0.2899203,-0.10540534,-0.4150912,0.04738016,0.19266921,0.22726016,0.27141923,0.21741799,-0.12807594,0.17809609,0.007021769,0.25792187,0.30768546,0.20979121,-0.10120699,0.20587373,-0.0028625035,0.19318995,0.30677944,0.2901001,-0.27364862,0.11220814,0.20914441,-0.13687411,0.3425118,-0.44523966,-0.009745491
248,0.03983239,0.043706752,0.09781914,0.051726405,0.04334079,-0.33372688,0.11184651,0.20295644,0.24403062,0.29276592,-0.104866676,-0.41169724,0.048114225,0.19024584,0.23083134,0.2772218,0.21979116,-0.12529492,0.18065105,0.0047130943,0.26084337,0.31248853,0.20948154,-0.10557287,0.20875275,-0.006220013,0.19609766,0.31080648,0.28558475,-0.27923912,0.11632467,0.20593832,-0.13373606,0.34615007,-0.44289637,-0.009549629
249,0.03731357,0.04609102,0.095313646,0.050844207,0.036246344,-0.33719835,0.110864334,0.20525163,0.24256526,0.293208,-0.11342267,-0.41305116,0.04790648,0.18862021,0.23148845,0.27328482,0.21347782,-0.12824139,0.18123601,0.0068124663,0.26150388,0.30665204,0.20854363,-0.10702526,0.20839567,-0.0030808332,0.19576232,0.30669126,0.29275677,-0.27135873,0.113412336,0.2072157,-0.13587296,0.34353027,-0.4377435,-0.009607904
250,0.036418196,0.049061436,0.09411826,0.045230158,0.037103407,-0.33893877,0.110699,0.20870519,0.24187137,0.28811714,-0.10968927,-0.40894523,0.04874182,0.19448324,0.23164426,0.2725276,0.21849543,-0.1254651,0.18027505,0.010139375,0.26067823,0.3078792,0.21182631,-0.1063755,0.20683941,-0.0044580186,0.19417721,0.30907333,0.29234436,-0.2691276,0.110483296,0.20261791,-0.13721465,0.3465257,-0.4333661,-0.010335619
