Epoch,Layer0_theta_1,Layer0_r,Layer0_theta_2,Layer0_bx,Layer0_bp,Layer0_gamma,Layer1_theta_1,Layer1_r,Layer1_theta_2,Layer1_bx,Layer1_bp,Layer1_gamma,Layer2_theta_1,Layer2_r,Layer2_theta_2,Layer2_bx,Layer2_bp,Layer2_gamma,Layer3_theta_1,Layer3_r,Layer3_theta_2,Layer3_bx,Layer3_bp,Layer3_gamma,Layer4_theta_1,Layer4_r,Layer4_theta_2,Layer4_bx,Layer4_bp,Layer4_gamma,Layer5_theta_1,Layer5_r,Layer5_theta_2,Layer5_bx,Layer5_bp,Layer5_gamma
1,0.07484961,0.035346415,0.07480527,0.07770713,0.06271047,0.06414193,0.07483508,0.041003935,0.07480704,0.07726159,0.017721938,0.028774735,0.07483212,0.049154524,0.07481614,0.07617739,-0.005038255,-0.002509538,0.07485868,0.056922283,0.0748365,0.07479872,-0.017085776,-0.014037352,0.07490176,0.062420584,0.074848585,0.07361023,-0.025342168,-0.02024825,0.074919276,0.06571725,0.07482161,0.0738508,-0.06596461,0.0016718697
2,0.11547356,-0.009983351,0.116655886,0.13186875,0.13423952,0.12916768,0.11768401,0.003067709,0.11757309,0.1298091,0.06199371,0.08473643,0.117037214,0.029138241,0.11516339,0.12574847,-7.658312e-05,0.032821056,0.11434013,0.050522044,0.11029958,0.12576912,-0.03715946,0.0023188214,0.10937257,0.06427821,0.1022693,0.12916255,-0.063825116,-0.0090891095,0.100807436,0.07810228,0.09190383,0.13427778,-0.13085622,0.001857581
3,0.08947245,-0.03883094,0.09143782,0.15573713,0.14796336,0.14503045,0.09532512,-0.024882074,0.0947441,0.14912146,0.06882234,0.10162465,0.094533086,0.0071182013,0.09084794,0.14157839,-0.00025523803,0.052665435,0.09046637,0.0315035,0.08291635,0.14307323,-0.042708457,0.019867253,0.082737185,0.05045861,0.06977525,0.14984207,-0.07654094,0.0014072972,0.06906734,0.07782913,0.05353575,0.15681547,-0.15027681,0.0015386569
4,0.101967394,-0.028267663,0.10286552,0.1583586,0.10912201,0.16775855,0.10153653,-0.0043979054,0.099247105,0.14303403,0.03735759,0.15038772,0.09425653,0.022253482,0.09100323,0.1350492,-0.013977427,0.09494492,0.08999218,0.034331348,0.08401191,0.13732444,-0.03873248,0.05745017,0.084212884,0.059124693,0.071678035,0.14064828,-0.070646144,0.032432117,0.07245044,0.0998458,0.057513338,0.1436653,-0.14699493,0.0029932805
5,0.10971645,-0.030003002,0.11022052,0.15504803,0.05609044,0.16433293,0.10689723,0.00058850704,0.103669,0.1331481,-0.0160679,0.15436387,0.09805624,0.026729055,0.09485736,0.12450462,-0.06292368,0.08413064,0.09482501,0.041305102,0.089234725,0.123730235,-0.07666649,0.049394935,0.090804316,0.073906064,0.07761436,0.1239821,-0.106125824,0.031056365,0.080814905,0.118008986,0.06444844,0.13022535,-0.17475036,0.0043375157
6,0.11075304,-0.04320299,0.10929839,0.1590645,0.025227528,0.15679742,0.10467633,-0.01624326,0.1008124,0.13451448,-0.048384413,0.14799961,0.095396295,0.0068656136,0.09224433,0.124569006,-0.096094556,0.07638049,0.09260946,0.030685116,0.08631378,0.11928668,-0.105899826,0.06028095,0.08871913,0.07157077,0.072566554,0.119800955,-0.1394187,0.053545866,0.076886915,0.11660773,0.05498876,0.13120502,-0.20040667,0.0049825306
7,0.12300991,-0.05558855,0.11983752,0.16568096,0.015755082,0.16936067,0.11351863,-0.029441213,0.109221786,0.14143889,-0.049267787,0.15977341,0.10276028,-0.0076676784,0.09991027,0.131951,-0.09305883,0.09421238,0.09895867,0.02422608,0.092393905,0.12404484,-0.10404895,0.09687665,0.09402174,0.06779452,0.07545977,0.12719725,-0.14947112,0.09844264,0.07850753,0.11116014,0.051866394,0.14120743,-0.21066648,0.0038610243
8,0.120409876,-0.066755295,0.11735362,0.16279043,-0.0015614338,0.18238907,0.11110043,-0.035302762,0.1066794,0.13835028,-0.0528883,0.16751347,0.10142617,-0.013197289,0.098661214,0.12933747,-0.090029135,0.099656604,0.09846771,0.026117554,0.09167518,0.11833153,-0.101996325,0.10993451,0.09412127,0.07027013,0.07442233,0.12282404,-0.1550797,0.114788406,0.077968374,0.10870442,0.04881298,0.13982114,-0.21473168,0.0030408604
9,0.11571033,-0.07575896,0.11442528,0.1575596,-0.011095796,0.20294838,0.108702965,-0.034966696,0.10459535,0.13386403,-0.04577707,0.17784332,0.10116702,-0.010940056,0.09847556,0.12613024,-0.07711542,0.10295384,0.09914287,0.034563866,0.09225465,0.11251097,-0.09229439,0.11538732,0.09534646,0.07785785,0.07550259,0.11771443,-0.15424868,0.12031741,0.07928755,0.109490864,0.049274847,0.13806868,-0.21802925,0.0025032172
10,0.11226917,-0.084452264,0.11225454,0.15350057,-0.018970728,0.22631489,0.10666777,-0.034890067,0.102453314,0.1305218,-0.037776355,0.19236085,0.10086763,-0.010338093,0.0981047,0.124681175,-0.06396836,0.1094676,0.09963005,0.040004767,0.092874184,0.108888164,-0.082058094,0.12108091,0.096491426,0.08413509,0.07682456,0.113516204,-0.15234898,0.12341716,0.08071129,0.11152739,0.050242066,0.13630937,-0.22184181,0.0023552466
11,0.111406006,-0.09449554,0.11090165,0.15242043,-0.031448077,0.24434161,0.10503683,-0.039241757,0.099963784,0.12956594,-0.038447104,0.20545836,0.10029005,-0.016103925,0.09729274,0.12567085,-0.061187256,0.1166226,0.099921316,0.039018806,0.09343764,0.10722932,-0.08048179,0.12947755,0.09775558,0.08751034,0.07777586,0.109693155,-0.15719248,0.1319292,0.08208391,0.113692045,0.050137095,0.135351,-0.23301648,0.0024924907
12,0.11119494,-0.10476446,0.11083791,0.15211639,-0.04010132,0.26256737,0.1048516,-0.04350133,0.09896531,0.1301166,-0.035245214,0.21793574,0.10136115,-0.020645969,0.09806982,0.12869857,-0.05578551,0.123120554,0.101634204,0.03921446,0.095590964,0.10783448,-0.07748225,0.13612917,0.10027064,0.09190425,0.0805006,0.10777968,-0.16154939,0.13802674,0.084726654,0.11668989,0.051673394,0.13652566,-0.24650992,0.0021842204
13,0.1016203,-0.11504007,0.104154766,0.14989482,-0.04791182,0.2752276,0.100201584,-0.04703833,0.09433874,0.12927988,-0.03219075,0.22167048,0.09979894,-0.020872628,0.09637582,0.12943375,-0.051776506,0.1205371,0.10113187,0.04386471,0.0954716,0.106194325,-0.0762906,0.12964788,0.10053078,0.09755483,0.081834264,0.10428032,-0.16564299,0.13053098,0.08603675,0.11865609,0.05279766,0.13649623,-0.25789964,0.0015485048
14,0.10150991,-0.123366155,0.104621835,0.15040146,-0.05386279,0.2911588,0.100984626,-0.049427807,0.09418172,0.13064758,-0.027916439,0.2341942,0.10157866,-0.022455117,0.097645976,0.13314225,-0.04643747,0.1278739,0.10321523,0.044954397,0.09847654,0.10801492,-0.07350625,0.13585582,0.10368533,0.100396484,0.086230665,0.10367795,-0.16828173,0.13582867,0.09005456,0.11977209,0.056523006,0.13814487,-0.2664533,0.0016042981
15,0.09436567,-0.13151228,0.099271245,0.15010108,-0.06307443,0.29833505,0.096841335,-0.053118367,0.08931072,0.13114025,-0.028402427,0.23998064,0.09864869,-0.023820648,0.09416246,0.13485792,-0.046818566,0.12975234,0.100774676,0.04546376,0.09696868,0.10769321,-0.0760686,0.13519678,0.10264675,0.101097636,0.086554036,0.10115735,-0.17406622,0.13550054,0.09055187,0.11875744,0.056489322,0.13800181,-0.27358443,0.0023013297
16,0.09007915,-0.1380476,0.097440414,0.15027666,-0.07034997,0.30515006,0.09658261,-0.05494712,0.088411525,0.13268115,-0.026542775,0.24771564,0.09938088,-0.021353444,0.094255626,0.13753353,-0.044097044,0.1347935,0.101603396,0.04850259,0.09918634,0.10878343,-0.0752642,0.13903789,0.10504447,0.10219643,0.09106004,0.100691564,-0.17711805,0.14199668,0.094753906,0.11655471,0.060375273,0.14032038,-0.2791571,0.0028499307
17,0.0860522,-0.14399466,0.095079035,0.15132052,-0.08135506,0.30537453,0.09540785,-0.05765363,0.086295076,0.13426803,-0.030646132,0.2530911,0.098282196,-0.020443572,0.09243462,0.1396992,-0.047869682,0.13782343,0.100609064,0.049029563,0.09963039,0.10935227,-0.080238104,0.14155325,0.10584592,0.101328515,0.09359884,0.09939735,-0.18396154,0.14823204,0.097333245,0.113947585,0.062270842,0.14144738,-0.2837819,0.0026651525
18,0.08347648,-0.14954844,0.09485902,0.15347065,-0.085594594,0.30788302,0.09600208,-0.05987947,0.0860826,0.13782313,-0.026441727,0.26083258,0.09863631,-0.018446842,0.09211215,0.14416255,-0.04321354,0.14335535,0.10063025,0.049877703,0.101272024,0.1128177,-0.078424156,0.1455081,0.107424706,0.09971556,0.09717332,0.101401724,-0.1867646,0.1539742,0.100123934,0.110571295,0.0645474,0.14533235,-0.28681967,0.0020328737
19,0.076388136,-0.15477069,0.0911095,0.15473416,-0.09489134,0.30285987,0.09368822,-0.062542915,0.08335383,0.14006948,-0.029667223,0.2623157,0.09649177,-0.01621612,0.08942607,0.1463017,-0.04674968,0.1422997,0.098607816,0.050803993,0.10065378,0.11371811,-0.08432407,0.14154494,0.10711394,0.09837009,0.09853001,0.100518696,-0.19567707,0.15083058,0.10136509,0.108447574,0.06535052,0.14607762,-0.2903265,0.0019420421
20,0.0758946,-0.15954648,0.09209934,0.15789698,-0.09936,0.3053478,0.09480452,-0.06434731,0.08327783,0.14362504,-0.027017144,0.27309138,0.096485086,-0.015823388,0.088785745,0.15063924,-0.04339266,0.14981341,0.098385304,0.048763946,0.10209126,0.11739863,-0.08341699,0.14684147,0.10857825,0.094805814,0.10165279,0.10248605,-0.19833924,0.15485221,0.10372776,0.10513962,0.06743921,0.1483921,-0.2891396,0.001961895
21,0.06954708,-0.16348943,0.09025278,0.15864953,-0.11054928,0.29484564,0.094369456,-0.06495136,0.082946464,0.14525376,-0.03271673,0.27442232,0.09566359,-0.009976501,0.08757005,0.15138234,-0.04809788,0.14828348,0.09754832,0.051242,0.10278657,0.117605805,-0.090019725,0.14178008,0.10948497,0.093746684,0.104398295,0.10141409,-0.20804808,0.14903237,0.10626713,0.10332724,0.07011391,0.14832474,-0.28873572,0.0023039947
22,0.068098485,-0.16821337,0.09080234,0.16246688,-0.112950705,0.2956802,0.09480298,-0.066994995,0.08230656,0.14932422,-0.028098546,0.28584936,0.094564125,-0.009817231,0.0860203,0.15574817,-0.041979983,0.15677641,0.09623879,0.047820397,0.103133805,0.121695116,-0.086361416,0.14709175,0.10976554,0.08863187,0.106184706,0.104084946,-0.20867933,0.15044111,0.10703829,0.09930917,0.07077885,0.15068875,-0.2845954,0.0019575343
23,0.06105322,-0.1724449,0.08897903,0.16337995,-0.12303339,0.28792837,0.09484288,-0.06828202,0.082664184,0.15128368,-0.033622537,0.28746244,0.09504607,-0.0042148684,0.08631086,0.15687115,-0.046292644,0.1549361,0.09708431,0.050640725,0.10538911,0.1223246,-0.092567615,0.13994168,0.11222996,0.088539496,0.110339046,0.10308486,-0.2189066,0.13967997,0.11088026,0.09883596,0.07504569,0.15023598,-0.28630042,0.0023509646
24,0.056914896,-0.17598106,0.08643162,0.16663736,-0.12648638,0.2891835,0.09211455,-0.06993641,0.07863191,0.153701,-0.031861138,0.29808068,0.090763025,-0.0062153274,0.08176477,0.15944219,-0.04352029,0.16168694,0.093206376,0.04479503,0.10287425,0.124502584,-0.0922309,0.14136995,0.11002793,0.08235177,0.10924753,0.103283666,-0.2222224,0.13285996,0.109370925,0.095673814,0.073838346,0.1489607,-0.28208593,0.0026789377
25,0.05935908,-0.17898043,0.09139579,0.16926414,-0.13474125,0.2807599,0.097180486,-0.070328094,0.08337551,0.15689231,-0.035438538,0.30610678,0.09384974,-0.0011643413,0.08473579,0.16166687,-0.043976698,0.16754997,0.09620016,0.04496009,0.10722214,0.12710735,-0.09326226,0.14511056,0.11425945,0.08111414,0.11452415,0.10482767,-0.2267856,0.13329487,0.11380387,0.09570192,0.07837443,0.15036562,-0.28085956,0.0018568495
26,0.05444545,-0.18316846,0.09010515,0.1723934,-0.13526447,0.28117993,0.09623616,-0.07219844,0.08202823,0.16032492,-0.030309755,0.31473744,0.09235804,-0.00026558846,0.08319261,0.16520138,-0.03713602,0.17216524,0.09511025,0.04230903,0.10733406,0.13081202,-0.08953224,0.14242518,0.1142739,0.07733618,0.11575967,0.10670885,-0.22969206,0.12154134,0.11392662,0.09403478,0.07912692,0.15112887,-0.28126463,0.0009904644
27,0.050847903,-0.1856338,0.08980385,0.17436033,-0.14477383,0.271878,0.09656548,-0.07360271,0.082259476,0.16219823,-0.03727567,0.31651157,0.09174514,0.0024755644,0.08265208,0.16593978,-0.04246498,0.17149587,0.09499,0.04173457,0.10812402,0.131166,-0.09664089,0.13721405,0.11529512,0.07687349,0.11752398,0.10493125,-0.2417733,0.11023159,0.115805134,0.09521257,0.081255525,0.14969984,-0.2870087,-0.00011101615
28,0.04750666,-0.18856098,0.09002006,0.17761728,-0.14632797,0.26756564,0.096831925,-0.07501976,0.0824069,0.16586332,-0.03423969,0.3233704,0.090613745,0.00524431,0.08158933,0.16871567,-0.036559828,0.17671703,0.09385406,0.039822105,0.10800003,0.13449349,-0.09345872,0.13592686,0.11488199,0.07410993,0.11808943,0.10634173,-0.24678709,0.10017055,0.11550666,0.09457396,0.08145139,0.15069112,-0.2908405,-0.0007627263
29,0.048531376,-0.18978928,0.092123374,0.18052468,-0.15131286,0.26475248,0.09815424,-0.07552016,0.08280432,0.16807637,-0.036162015,0.3326106,0.09003563,0.0049988283,0.081160866,0.1708362,-0.03684843,0.18264325,0.09415944,0.035562385,0.10907722,0.1367336,-0.095718935,0.13749132,0.11613912,0.07191792,0.119772784,0.10628417,-0.2540661,0.09337171,0.11697548,0.095611565,0.083245695,0.14975551,-0.29617977,-0.0011739973
30,0.046125807,-0.19154172,0.09289578,0.18285295,-0.15588419,0.2608361,0.09928361,-0.07590499,0.08382253,0.17043647,-0.037286587,0.341129,0.09006179,0.009168238,0.08135484,0.17204231,-0.0349408,0.1892913,0.09475851,0.034762595,0.11060041,0.13851796,-0.09637663,0.13726704,0.117748626,0.07069272,0.12241154,0.10609179,-0.26195475,0.08477474,0.11943119,0.09536108,0.0862946,0.14956616,-0.30080506,-0.0016201525
31,0.045274176,-0.19256869,0.09373529,0.1861966,-0.16087845,0.25509137,0.099811584,-0.077171646,0.08374687,0.17317604,-0.03968642,0.34826687,0.08878031,0.010599525,0.080267884,0.173602,-0.034692895,0.19516613,0.0941682,0.03133578,0.11073454,0.14045821,-0.09748586,0.13925353,0.117968515,0.06843128,0.12315494,0.106067784,-0.26817772,0.080972955,0.12003245,0.0952636,0.087109566,0.14944649,-0.3048023,-0.0022716797
32,0.042376872,-0.19356303,0.0924651,0.18929377,-0.16388544,0.25263125,0.09838224,-0.07875346,0.0817367,0.17546247,-0.04074792,0.3539256,0.08657254,0.010401268,0.078245126,0.17534846,-0.034442768,0.19853152,0.09298208,0.027729189,0.1101151,0.1422587,-0.09985055,0.13776645,0.11753315,0.066635326,0.1232246,0.105295345,-0.2769678,0.073264875,0.12032185,0.094929814,0.087448396,0.14935222,-0.3140184,-0.0025943513
33,0.04096087,-0.19454655,0.09358967,0.19198602,-0.16716014,0.2491147,0.09973656,-0.08023353,0.08301925,0.17793345,-0.04163133,0.3594988,0.08724064,0.0137507,0.07916047,0.17679626,-0.032898873,0.20288718,0.09426197,0.027719378,0.11199457,0.14395842,-0.10059794,0.13762811,0.11934933,0.06719739,0.12585111,0.1048459,-0.2844906,0.06968016,0.12303273,0.09410935,0.090181194,0.15093409,-0.3214087,-0.003029973
34,0.039904658,-0.19502509,0.09331663,0.19590794,-0.1692814,0.24653004,0.09888316,-0.08264516,0.08132907,0.18097873,-0.04214436,0.3649926,0.08530589,0.012630998,0.07748131,0.17914946,-0.0320582,0.20729011,0.09338165,0.023588467,0.111559056,0.14621194,-0.10114212,0.14004508,0.118931584,0.06516762,0.12579101,0.104884356,-0.28959724,0.069209084,0.12294974,0.092802316,0.08993095,0.15210459,-0.3284405,-0.0033944782
35,0.036526125,-0.19576156,0.09310697,0.19822782,-0.17332526,0.24071471,0.099500544,-0.08438887,0.082286395,0.18313721,-0.04472245,0.3674338,0.08525318,0.018114356,0.07768424,0.17902401,-0.031187335,0.2109309,0.09347309,0.024831137,0.112129964,0.14653447,-0.102531105,0.13734734,0.11945136,0.06585777,0.12714538,0.10311175,-0.29943776,0.061644796,0.1248272,0.09170996,0.09190932,0.15261956,-0.33461916,-0.004018025
36,0.035845205,-0.19518782,0.093748994,0.2017086,-0.17576846,0.23377238,0.09985672,-0.08660981,0.08237898,0.18630725,-0.046101235,0.36868316,0.08375907,0.020786691,0.07650103,0.1800964,-0.030041832,0.21460214,0.09194841,0.024078794,0.11094853,0.14759544,-0.102853134,0.13894996,0.11796447,0.06573112,0.12615986,0.10221713,-0.30598393,0.061787277,0.12406739,0.09011732,0.09100845,0.15450116,-0.3410694,-0.0044054985
37,0.03492631,-0.19440788,0.092716016,0.2048434,-0.17801024,0.236356,0.09848521,-0.08852044,0.079936385,0.18819721,-0.048892885,0.3722166,0.08290309,0.017893333,0.07596864,0.18243465,-0.034231815,0.21549027,0.093107074,0.02127197,0.11229983,0.14899401,-0.108549535,0.13905029,0.1196025,0.06600916,0.12800981,0.10091283,-0.31412682,0.05964703,0.1264867,0.0892554,0.093378395,0.15530187,-0.35362527,-0.004253882
38,0.036578264,-0.19448,0.09563546,0.20772998,-0.17849424,0.23297498,0.10103336,-0.09044336,0.08235828,0.19094841,-0.047150664,0.37827006,0.083540015,0.021816896,0.07696037,0.18341564,-0.02888149,0.2238372,0.09356064,0.021967435,0.113123894,0.15051006,-0.10391465,0.14549631,0.119919814,0.067200206,0.1290928,0.10067248,-0.31532726,0.06585302,0.1274991,0.08655794,0.094345145,0.15817772,-0.3547171,-0.004441978
39,0.033713836,-0.19379391,0.09313348,0.21065915,-0.18019725,0.2339754,0.098316535,-0.09293114,0.078893535,0.19266596,-0.04936121,0.378839,0.081493,0.019417116,0.075136065,0.18523663,-0.032527015,0.222352,0.09322102,0.019643042,0.11292084,0.1511601,-0.11081367,0.14225614,0.120084435,0.06740096,0.12954266,0.098758414,-0.32607776,0.06109495,0.12890139,0.085088596,0.09526352,0.15947372,-0.36714903,-0.004055522
40,0.034988493,-0.192941,0.09640712,0.21218209,-0.18581814,0.22298013,0.10198397,-0.09326483,0.082939364,0.19449778,-0.05238394,0.38625205,0.08081827,0.029465562,0.074884996,0.18216561,-0.02758351,0.23694442,0.09126984,0.020790381,0.11134199,0.15009831,-0.10709389,0.14763097,0.11818745,0.067542486,0.1285024,0.09583986,-0.3314085,0.061774537,0.12873168,0.08429438,0.095671356,0.15740648,-0.36293444,-0.0042623915
41,0.03547907,-0.19114791,0.09532509,0.21599458,-0.18035302,0.23436819,0.09877774,-0.09589151,0.0778636,0.1968786,-0.04798999,0.3880052,0.07969249,0.01804396,0.073831595,0.18855777,-0.029795539,0.23207529,0.093899354,0.014472959,0.11366249,0.1537354,-0.11280428,0.14452767,0.12077166,0.065562464,0.13049756,0.09780549,-0.3375825,0.0550443,0.12982966,0.08317101,0.096268885,0.16017604,-0.3815505,-0.0058106724
42,0.03932044,-0.18887483,0.10006971,0.2168737,-0.18364273,0.23220608,0.103612706,-0.09627218,0.082453415,0.19783096,-0.050155856,0.391519,0.082661994,0.02236919,0.07715489,0.18829013,-0.029688729,0.23831001,0.09712655,0.01836366,0.11692393,0.15290874,-0.1133261,0.14858878,0.12388584,0.06891867,0.13426177,0.09670629,-0.3400756,0.058841206,0.13380775,0.08196585,0.10046034,0.16145934,-0.37758473,-0.0055778297
43,0.038495693,-0.18714838,0.09848398,0.22029853,-0.18568441,0.23001435,0.101326354,-0.098652326,0.0789032,0.19998923,-0.052020945,0.39414176,0.07868131,0.02087688,0.07352557,0.18914214,-0.03049035,0.24303499,0.094462454,0.014690347,0.114365295,0.1531055,-0.11407791,0.15285267,0.121466085,0.06647529,0.13200891,0.09541204,-0.34179628,0.062063266,0.13189778,0.07920368,0.09851111,0.1613119,-0.37491903,-0.00593027
44,0.03601657,-0.18826754,0.09817231,0.22191729,-0.18593802,0.23031089,0.10158932,-0.10131944,0.07969894,0.20160758,-0.051234957,0.394103,0.079642735,0.024003992,0.074604504,0.18977545,-0.028503325,0.24364622,0.09575376,0.017234027,0.1157689,0.15362434,-0.11556602,0.14797631,0.122727774,0.06923855,0.13390718,0.093693696,-0.3505881,0.055283763,0.134491,0.07787584,0.100697294,0.16350141,-0.38187525,-0.006456959
45,0.03484228,-0.1870392,0.096601345,0.22462624,-0.1878928,0.22741903,0.09951256,-0.1036758,0.07678398,0.20332246,-0.05255644,0.39700028,0.07604539,0.02422428,0.07134514,0.18974757,-0.028164694,0.2489113,0.09298046,0.0148637695,0.113167875,0.15329455,-0.115488686,0.15208939,0.120255716,0.06700401,0.1318514,0.0922219,-0.3516501,0.05947703,0.13300027,0.07467129,0.09912955,0.16348924,-0.37800866,-0.006802898
46,0.033440012,-0.18682276,0.09696209,0.22465275,-0.18958585,0.22605352,0.100364245,-0.104745306,0.07849327,0.20308201,-0.053549506,0.39667535,0.07685672,0.028614426,0.0722055,0.18869855,-0.028029785,0.24838579,0.09367996,0.01762926,0.11398098,0.15274063,-0.12014117,0.14481606,0.12111373,0.070296176,0.13324186,0.089493565,-0.36362848,0.050381303,0.13573991,0.07499744,0.10146099,0.16427134,-0.38620663,-0.0071717356
47,0.03555198,-0.18501596,0.09829835,0.22745724,-0.18971491,0.22394164,0.10045942,-0.10657624,0.07772413,0.20491253,-0.052913517,0.4011401,0.07489369,0.02746623,0.07062615,0.18965411,-0.025960833,0.25457937,0.09253989,0.01418456,0.112911195,0.15374458,-0.116966,0.1507421,0.11985654,0.06718289,0.13191174,0.090127856,-0.36163735,0.054324474,0.13374002,0.07284508,0.099705316,0.16432872,-0.3833741,-0.007516079
48,0.03263668,-0.18556063,0.09651412,0.22879998,-0.19013537,0.22463068,0.09887398,-0.109117344,0.07657019,0.20560168,-0.053308412,0.39989167,0.07433881,0.028521525,0.07007318,0.18988286,-0.026601244,0.25261173,0.092735164,0.0148370145,0.113185175,0.1537415,-0.121314935,0.14421755,0.12028743,0.068251476,0.132717,0.08832998,-0.3707235,0.04662767,0.13542895,0.07185323,0.100858,0.16552499,-0.39036655,-0.0063595315
49,0.03352877,-0.18387523,0.09701918,0.230781,-0.1950838,0.22240297,0.09908524,-0.10998071,0.0759013,0.20662692,-0.058243956,0.404794,0.07320936,0.028280592,0.069371134,0.1899412,-0.029802686,0.2586779,0.09314664,0.012170439,0.11367347,0.15395278,-0.122432046,0.14920269,0.12092674,0.06697368,0.13325426,0.087359555,-0.3713,0.048993338,0.13597736,0.071738735,0.1020649,0.16303037,-0.38843822,-0.0038802745
50,0.03570851,-0.18307723,0.09980673,0.23297176,-0.19009687,0.228092,0.100523636,-0.11155178,0.07705047,0.20824425,-0.051854774,0.4071928,0.0751065,0.025774028,0.07132935,0.19396284,-0.025645616,0.25781158,0.09618122,0.012010183,0.11668023,0.15776804,-0.119188465,0.14930485,0.123315446,0.068120554,0.13548243,0.09000955,-0.3723795,0.046113014,0.13651222,0.07063187,0.10270809,0.16705787,-0.3966879,-0.001601586
51,0.03787623,-0.18016991,0.101364374,0.2341838,-0.19367854,0.22619207,0.101789676,-0.11256166,0.07754362,0.20832849,-0.055505738,0.40804705,0.07484273,0.027212385,0.07135918,0.1933698,-0.029018482,0.2597946,0.09639035,0.014039337,0.11693294,0.1566003,-0.12161317,0.15238988,0.12356248,0.07002647,0.13608971,0.08825325,-0.37386793,0.049868066,0.13773413,0.06867279,0.10423016,0.16738157,-0.39197335,-0.00021632832
52,0.03744894,-0.18026088,0.10162431,0.23600928,-0.19277707,0.2261411,0.101605065,-0.11517073,0.07728264,0.20970051,-0.052221168,0.41372782,0.07366785,0.029276602,0.07047722,0.19339295,-0.023368096,0.26737094,0.09569154,0.013701309,0.11638724,0.1572619,-0.11654673,0.15525717,0.12280934,0.06831783,0.13592532,0.08811375,-0.37283888,0.051185746,0.13733666,0.065393046,0.10387337,0.1681516,-0.3868122,-8.3101855e-05
53,0.034931578,-0.17970255,0.09879271,0.238013,-0.19434449,0.22682235,0.09830437,-0.118010886,0.073591344,0.21027681,-0.054907262,0.41184002,0.07139239,0.026680972,0.068134606,0.19385293,-0.027645823,0.26431236,0.095054895,0.0110926265,0.11567144,0.15662469,-0.12294475,0.15007548,0.12257325,0.06604459,0.13548969,0.08688401,-0.37934732,0.044353515,0.13743785,0.06497286,0.103613384,0.16747424,-0.39351684,0.00057173107
54,0.035568573,-0.17923205,0.099976085,0.23701857,-0.19780755,0.2266878,0.10045408,-0.119358726,0.07606412,0.20898652,-0.057670727,0.41256717,0.07357325,0.03074939,0.0703018,0.19146551,-0.029130684,0.26627198,0.097376324,0.015022205,0.11806027,0.15404277,-0.12525219,0.14728373,0.1252928,0.06711104,0.13889395,0.085395925,-0.3813813,0.042550687,0.14154421,0.06511447,0.10752334,0.16646624,-0.38847676,0.001961395
55,0.039167747,-0.1773958,0.102864094,0.24009167,-0.19210513,0.22677833,0.10151623,-0.122068144,0.076599196,0.21134862,-0.050529625,0.4147665,0.07271537,0.029423429,0.069533534,0.19359273,-0.022185802,0.26887578,0.09645613,0.012678016,0.11715703,0.15665403,-0.11838017,0.14917298,0.123487785,0.064395815,0.1370082,0.087882884,-0.37819546,0.044293653,0.1378312,0.063311696,0.103811175,0.1691518,-0.38746428,0.0020277142
56,0.04102798,-0.17397931,0.10386098,0.24083996,-0.19620721,0.22592676,0.10201552,-0.12235165,0.07634223,0.2107612,-0.056360483,0.41410866,0.072327465,0.028654562,0.069228254,0.19326809,-0.02947284,0.26675448,0.09718899,0.0116605675,0.11783191,0.15616378,-0.12663135,0.14621682,0.12431671,0.065730646,0.13746972,0.085632056,-0.38559458,0.040592715,0.13932487,0.065725826,0.1054698,0.16713007,-0.39531013,0.0014848863
57,0.040813208,-0.1757612,0.105721086,0.24029435,-0.19449195,0.22539793,0.10405083,-0.12428217,0.07968759,0.21088348,-0.05060868,0.42175934,0.073185146,0.034071635,0.070258915,0.19155926,-0.019473506,0.27664432,0.09753007,0.012512723,0.11830097,0.15665959,-0.11880738,0.14464147,0.12442451,0.06373344,0.13814169,0.0857848,-0.38602993,0.034931663,0.13950184,0.06547468,0.10568975,0.16601211,-0.39076594,0.0023034401
58,0.038689166,-0.17322864,0.10163533,0.24165742,-0.1982426,0.22845513,0.09912882,-0.12543117,0.07287288,0.21020165,-0.056257688,0.4209372,0.06986097,0.027979592,0.066910096,0.19266836,-0.028704194,0.27294323,0.09747479,0.009415489,0.118167564,0.15509464,-0.12635277,0.145271,0.12522285,0.06031858,0.13871245,0.08540536,-0.38545176,0.03659546,0.14022407,0.06443773,0.10659198,0.1639205,-0.3905006,0.0037213701
59,0.04119039,-0.17178902,0.10401614,0.24232353,-0.19577754,0.23036896,0.10069267,-0.12708822,0.07452659,0.209966,-0.052606847,0.4222881,0.07112905,0.02943812,0.06807789,0.19293633,-0.026201373,0.2730203,0.09862662,0.013163696,0.1193322,0.15516016,-0.12548758,0.14442588,0.12606001,0.0626978,0.14009982,0.08549744,-0.38603795,0.037584413,0.14156803,0.062219903,0.10767659,0.16718133,-0.38890913,0.0045466493
60,0.041405927,-0.17074381,0.10456746,0.24229372,-0.19442007,0.23299593,0.1004321,-0.12738867,0.07457157,0.2090792,-0.049927823,0.4264768,0.0714166,0.029309722,0.06832455,0.19365248,-0.02456,0.2735985,0.10013446,0.013361344,0.120859556,0.15664211,-0.12603913,0.14132164,0.12746423,0.06293317,0.14171709,0.08571702,-0.3888347,0.033560652,0.1430556,0.0622789,0.109158434,0.1675269,-0.39318204,0.0045226957
61,0.041356448,-0.16756938,0.103061005,0.24346764,-0.19696993,0.23283489,0.097934626,-0.12806243,0.07095041,0.2080987,-0.052948907,0.42797378,0.06821475,0.02719312,0.065242164,0.19337656,-0.028644562,0.27300847,0.09867453,0.011313489,0.11942626,0.15583086,-0.13026363,0.14149328,0.12644924,0.06168364,0.1407566,0.084275104,-0.39049664,0.033929214,0.1428175,0.0609679,0.109027445,0.16610168,-0.39137357,0.0032332982
62,0.041050255,-0.16823275,0.103862554,0.24354015,-0.19283499,0.23361619,0.098107494,-0.13000995,0.07207526,0.20798947,-0.045070168,0.43351036,0.06766637,0.030888397,0.0647225,0.1926388,-0.019411147,0.27835813,0.09784603,0.013595768,0.11875714,0.15653716,-0.12429235,0.13990183,0.12535974,0.06166865,0.14053959,0.08410852,-0.3906998,0.032418802,0.14262234,0.057768255,0.10845771,0.16824667,-0.3877437,0.0019436916
63,0.04313766,-0.1643009,0.104598425,0.24358688,-0.19762777,0.23210564,0.09829317,-0.12971078,0.07139131,0.2061634,-0.051309455,0.43417266,0.06669209,0.030150624,0.06385292,0.19152606,-0.026810309,0.2765166,0.09814452,0.013200504,0.11905183,0.15556793,-0.13172013,0.13796815,0.12596262,0.06262442,0.14110643,0.08192299,-0.39461544,0.031789064,0.14438371,0.05904841,0.11040286,0.1660986,-0.38904852,0.0019124586
64,0.04388709,-0.16405036,0.10558511,0.24510987,-0.19362293,0.2325965,0.09822257,-0.1326453,0.071716234,0.20701475,-0.04544313,0.43564495,0.0660016,0.03105104,0.06314426,0.19196422,-0.021140834,0.27715755,0.09736487,0.013570813,0.11835479,0.15687677,-0.12759358,0.13556892,0.124785334,0.061312433,0.14026207,0.08298394,-0.39434543,0.029248253,0.14269379,0.056908637,0.10849728,0.16856445,-0.38781416,0.0021100715
65,0.044100814,-0.16203885,0.10532989,0.24512617,-0.19832195,0.23320709,0.09796203,-0.13357122,0.071024455,0.20586497,-0.05135453,0.43559876,0.06662702,0.02994433,0.06376202,0.19169404,-0.028462004,0.27421674,0.09981902,0.013094581,0.120815895,0.15652715,-0.1338442,0.13195959,0.12771142,0.06059982,0.14304858,0.082572475,-0.39648068,0.025725184,0.14575107,0.05978088,0.11169708,0.16655587,-0.3900735,0.0025647194
66,0.045307353,-0.16174175,0.10683603,0.24622232,-0.19470648,0.2349153,0.09830255,-0.13607977,0.07153718,0.2066722,-0.045611463,0.43935442,0.06674722,0.029929947,0.06389317,0.19286214,-0.023332166,0.27681792,0.100490324,0.013277878,0.121556565,0.1583443,-0.12875642,0.13224939,0.12801196,0.058074754,0.1435709,0.08504155,-0.39299515,0.025732545,0.1446691,0.058472592,0.110651135,0.16884755,-0.3878585,0.0028678628
67,0.044472706,-0.16006002,0.10538035,0.24687622,-0.19797584,0.23417903,0.09665886,-0.137507,0.06941331,0.20597367,-0.049224988,0.4405335,0.06499959,0.029862123,0.062250797,0.19174439,-0.02704335,0.2769288,0.10007292,0.013136573,0.1212397,0.15713848,-0.13162382,0.13132331,0.1281334,0.056067266,0.1439195,0.08428446,-0.39320922,0.024698498,0.14529687,0.057913944,0.1114473,0.16736606,-0.38395342,0.0029741328
68,0.045256242,-0.1590802,0.10651007,0.24765903,-0.19556484,0.23493128,0.09668208,-0.13898149,0.06984162,0.20628387,-0.045299377,0.44470337,0.064677924,0.030698873,0.061912417,0.19232798,-0.023613065,0.27977973,0.10032224,0.0146674905,0.121573724,0.15852498,-0.12897827,0.13148949,0.12804526,0.05551187,0.14420317,0.085263155,-0.39256865,0.024989711,0.1448012,0.055737633,0.11107165,0.16917779,-0.38294312,0.002877061
69,0.047102395,-0.15688743,0.10805258,0.24857765,-0.19529603,0.23326191,0.0969542,-0.14020197,0.07022808,0.20616364,-0.04490451,0.4465308,0.063509606,0.030496852,0.060731776,0.19227535,-0.023642676,0.28012377,0.09975207,0.014122946,0.12101985,0.15946089,-0.12952276,0.12939541,0.12717053,0.054287378,0.14330178,0.08554553,-0.3944497,0.021996642,0.143313,0.055616777,0.10982643,0.16907048,-0.3835042,0.0027398719
70,0.045799993,-0.15535653,0.1068338,0.24834692,-0.199385,0.23318979,0.09575566,-0.14072248,0.06899782,0.20471251,-0.049958587,0.44358876,0.06276273,0.030475933,0.059839506,0.19138794,-0.030116972,0.27492908,0.100247204,0.014586677,0.121489696,0.15864387,-0.13772345,0.121941425,0.1280593,0.0557192,0.14407293,0.083298236,-0.40248713,0.01308909,0.1452859,0.057390176,0.11172337,0.16705649,-0.39080262,0.002467804
71,0.047991306,-0.15480213,0.1094125,0.24883199,-0.19658975,0.23330778,0.09727744,-0.14235182,0.07079763,0.20481324,-0.044321366,0.4498419,0.062814824,0.031810295,0.060029022,0.19143456,-0.023827758,0.27997836,0.100534275,0.014791859,0.121902816,0.16042529,-0.13173921,0.12247665,0.1278636,0.054462023,0.14419694,0.08455364,-0.40010083,0.013041298,0.14437969,0.05595194,0.11088939,0.16819017,-0.3871545,0.0023346895
72,0.045631614,-0.15427324,0.10667173,0.2491848,-0.19821121,0.23570612,0.09396761,-0.14358127,0.06689092,0.20380677,-0.045406684,0.45268434,0.060903177,0.030093838,0.05817084,0.19163303,-0.026405638,0.28052163,0.10079972,0.015096518,0.122260876,0.15998484,-0.13375829,0.12311752,0.12865503,0.05307655,0.1452918,0.084283456,-0.39911875,0.014006414,0.14559491,0.05329449,0.11220551,0.16792256,-0.38516098,0.0026427752
73,0.045784574,-0.15389258,0.10733517,0.24952465,-0.19841117,0.23579098,0.09424504,-0.14577252,0.06772167,0.2034652,-0.044205047,0.45654157,0.06089381,0.0322094,0.058216464,0.19067308,-0.024862127,0.28299606,0.10135921,0.01670239,0.12295945,0.16015969,-0.13356286,0.121019244,0.12927195,0.053421386,0.14635111,0.08351133,-0.40070403,0.012240261,0.14711842,0.052000985,0.113530055,0.16853593,-0.3839806,0.002172105
74,0.048109673,-0.15121445,0.10931931,0.25020823,-0.19885688,0.23421715,0.095151454,-0.1471796,0.06859717,0.20310874,-0.0445057,0.45872784,0.06021452,0.03263783,0.057558145,0.1902808,-0.02565127,0.2832338,0.10128045,0.015906177,0.12289105,0.16115142,-0.1351501,0.11810764,0.12897435,0.052970722,0.1459921,0.08319811,-0.4027974,0.009666904,0.14687154,0.053571224,0.11331307,0.16829364,-0.38551754,0.0014382964
75,0.046887603,-0.15107803,0.10826344,0.25176293,-0.19635805,0.23527089,0.09282736,-0.14986274,0.066838376,0.20362286,-0.041410375,0.45937243,0.058718577,0.032066364,0.055895716,0.19108734,-0.024033898,0.28200743,0.10071918,0.015898528,0.12236177,0.16228572,-0.13537045,0.114870474,0.12825805,0.051793147,0.14536352,0.08366261,-0.40426916,0.007535697,0.14591758,0.051678084,0.11206103,0.1705537,-0.38870835,0.0014210846
76,0.048288338,-0.14839095,0.10854032,0.25184426,-0.20075677,0.23520187,0.09281924,-0.15092507,0.06580358,0.2018494,-0.0470696,0.4606961,0.05817027,0.031424724,0.05545385,0.18985942,-0.030874543,0.28121594,0.101626515,0.01734338,0.12332221,0.1605727,-0.14150608,0.1146747,0.12977846,0.05245846,0.147167,0.08210461,-0.40506446,0.009002678,0.14875716,0.051213905,0.114933826,0.16955781,-0.38553518,0.0017703812
77,0.051112708,-0.14710976,0.11142462,0.25235137,-0.19721745,0.23459792,0.094267525,-0.15262231,0.0678015,0.20204291,-0.041994657,0.46571478,0.058140792,0.03204189,0.05542826,0.19021219,-0.02598872,0.28440088,0.10170139,0.016831063,0.12346911,0.16296798,-0.13717721,0.113870785,0.12918004,0.05076774,0.14666015,0.08372941,-0.40308988,0.009079301,0.14711617,0.05155485,0.11332443,0.17108636,-0.38444299,0.0016054875
78,0.048768613,-0.14769939,0.1095816,0.25234836,-0.19891602,0.23599754,0.09202175,-0.15410268,0.066635236,0.20106553,-0.044091973,0.46579343,0.058611292,0.030616378,0.055661324,0.19077727,-0.02940112,0.28069693,0.10425405,0.015515709,0.12599346,0.16409159,-0.14238565,0.10676597,0.13196275,0.05003322,0.14923947,0.08368626,-0.40797862,0.001602187,0.15001059,0.053764977,0.11577476,0.17061506,-0.39360166,0.0016553123
79,0.050726227,-0.14432122,0.11058397,0.25241604,-0.20062256,0.2351249,0.092217885,-0.15444827,0.06545329,0.19973767,-0.044131372,0.47360367,0.056302417,0.030837819,0.053775933,0.18959884,-0.029027898,0.2869106,0.10343197,0.014984202,0.12534645,0.16378163,-0.1409028,0.110649675,0.13140076,0.048294157,0.14916219,0.08297106,-0.40456277,0.005858484,0.15022095,0.051996794,0.116363205,0.16876066,-0.38406217,0.0010837168
80,0.05142648,-0.14387566,0.1113928,0.25412607,-0.19550817,0.23721758,0.09110922,-0.15713637,0.06492264,0.2002412,-0.03818129,0.47421747,0.055708736,0.029804654,0.052957963,0.19138153,-0.025477331,0.28498805,0.1034315,0.016416002,0.12536791,0.16594678,-0.1391897,0.10830003,0.13086168,0.04828142,0.14873393,0.08462329,-0.40533578,0.0040827775,0.14861254,0.048379872,0.11456441,0.17285419,-0.38748544,0.00052472367
81,0.052317243,-0.14222015,0.112151444,0.2530312,-0.20021842,0.23700082,0.091856904,-0.15744168,0.06564416,0.19855435,-0.04368389,0.47670844,0.056919042,0.029220888,0.05418656,0.19098,-0.03151589,0.28395665,0.1065657,0.016322143,0.12851924,0.16650999,-0.14463699,0.10486523,0.13425419,0.04939563,0.15205625,0.08372445,-0.40876782,-0.00037085474,0.15268217,0.051231056,0.11864209,0.17034063,-0.39062902,-0.001216703
82,0.052086547,-0.14208576,0.112599224,0.2538507,-0.19647296,0.23699737,0.091120586,-0.1593108,0.06570293,0.19918372,-0.037241913,0.48199725,0.055117473,0.030577142,0.052480586,0.19134519,-0.025026936,0.28775504,0.105355315,0.016134905,0.12742929,0.16873388,-0.14057907,0.10312648,0.13252115,0.048636895,0.15062308,0.08395516,-0.41006824,-0.0027002413,0.15087965,0.04897781,0.1165599,0.17195293,-0.3901376,-0.0029922186
83,0.04889608,-0.13998006,0.10845287,0.25487405,-0.20007586,0.23804002,0.08649549,-0.16051355,0.06014086,0.19823387,-0.042999495,0.47737807,0.05193072,0.029065646,0.049071174,0.19112785,-0.03350011,0.2812969,0.10424891,0.01861502,0.12636729,0.1666111,-0.1497996,0.09985301,0.13229898,0.049539488,0.15060757,0.08182026,-0.41444933,-0.004647931,0.1521396,0.045738537,0.11773625,0.1717129,-0.39117432,-0.0013389831
84,0.050334524,-0.13801944,0.1101426,0.25471425,-0.19760247,0.23583305,0.08711656,-0.16101794,0.06128338,0.19771327,-0.03825379,0.48206407,0.05020329,0.031284764,0.047382183,0.18986738,-0.028263345,0.28525636,0.10240462,0.019670274,0.12463018,0.16701618,-0.14620034,0.09842833,0.1300372,0.048404105,0.1487374,0.08123545,-0.41392207,-0.0038608653,0.15031368,0.0436511,0.11583629,0.17195556,-0.3865329,-0.00020925616
85,0.050636586,-0.13797155,0.111249015,0.25405616,-0.19651273,0.23396766,0.08792608,-0.16280137,0.0632339,0.19762158,-0.034346923,0.48806483,0.049680267,0.034038376,0.0469474,0.18822394,-0.023007076,0.29033613,0.10219004,0.01930326,0.124566935,0.16778687,-0.14261083,0.09482756,0.12956612,0.045912195,0.14860138,0.08097101,-0.41418523,-0.0068993336,0.1502065,0.04402793,0.115451075,0.17137504,-0.38398704,0.0007476405
86,0.050549094,-0.13641909,0.11129481,0.2521152,-0.19783302,0.23491669,0.08707671,-0.16171026,0.06315743,0.19506659,-0.036546797,0.4881646,0.050594866,0.03148253,0.047436144,0.18863863,-0.027029965,0.28736675,0.10507232,0.0191507,0.12743159,0.16805634,-0.14662136,0.09035667,0.13264218,0.042590182,0.15151088,0.0825403,-0.41421077,-0.009525631,0.1522453,0.046315383,0.11734228,0.17059699,-0.3882331,0.0011349507
87,0.053664297,-0.13294104,0.113835305,0.2531556,-0.19838758,0.23535055,0.08823072,-0.16209683,0.063521974,0.19413808,-0.03860267,0.4865343,0.050699655,0.029351333,0.04732258,0.18968193,-0.031284664,0.28293344,0.10613805,0.019498602,0.12842202,0.16898894,-0.15094545,0.08794578,0.13352162,0.04398272,0.15226951,0.08273256,-0.4169644,-0.011064878,0.15286903,0.04544969,0.11795964,0.17139542,-0.39199588,0.0019785457
88,0.05297752,-0.13397196,0.113427565,0.25431642,-0.19570234,0.23598489,0.08662513,-0.16412297,0.06272117,0.19422935,-0.03428239,0.49024063,0.04950947,0.029710177,0.04608637,0.1900142,-0.027491257,0.28485912,0.10578564,0.021159193,0.12819552,0.1699117,-0.14837258,0.087774985,0.13296382,0.04408533,0.15200914,0.08289739,-0.41682696,-0.009881269,0.15233171,0.04034208,0.11718801,0.17369151,-0.39085516,0.0032227624
89,0.054392718,-0.13231495,0.1142616,0.25439858,-0.19779766,0.23435608,0.08676386,-0.16475865,0.062443133,0.19323975,-0.036331013,0.49484506,0.048382428,0.028700287,0.045104086,0.18947746,-0.029145507,0.2869536,0.1060259,0.01919316,0.12849373,0.17061728,-0.14929761,0.087780535,0.13320003,0.043596357,0.15228899,0.08203339,-0.4171113,-0.009608053,0.15315263,0.040282484,0.11799191,0.17171368,-0.38892964,0.0044848137
90,0.050014507,-0.13420196,0.110559344,0.25479108,-0.19521935,0.23518127,0.081830755,-0.1661879,0.05980857,0.19361384,-0.033759937,0.49442977,0.047732163,0.027336035,0.044034068,0.19111422,-0.028043363,0.28427958,0.10705415,0.019441377,0.12951942,0.17274867,-0.14938477,0.08377816,0.1338958,0.04141606,0.15278164,0.083604105,-0.41756648,-0.010746029,0.15257923,0.038122352,0.117106326,0.17414185,-0.39543653,0.0049474128
91,0.05569785,-0.12968762,0.11531961,0.2537977,-0.19779733,0.23199473,0.08616126,-0.16509642,0.06270811,0.19136548,-0.035300445,0.5030204,0.0471575,0.028703662,0.043807473,0.18895613,-0.028335331,0.2899198,0.10690294,0.01869411,0.12947665,0.17317826,-0.14883845,0.084631726,0.13357653,0.043360796,0.15274411,0.08117153,-0.4179202,-0.009742456,0.15410978,0.03955788,0.11870764,0.16990012,-0.38828823,0.005036338
92,0.051246554,-0.13120449,0.11144264,0.2527101,-0.19815797,0.22878973,0.08241856,-0.16606078,0.06154946,0.19034396,-0.03566237,0.50075835,0.044799827,0.032040246,0.041069705,0.18588877,-0.02801927,0.28683737,0.10476909,0.020768477,0.12752242,0.17112873,-0.15256117,0.07559669,0.13193801,0.04245005,0.15131009,0.07818047,-0.4230973,-0.013635056,0.15457438,0.03820931,0.1184251,0.16964588,-0.39128238,0.003819839
93,0.050480787,-0.12988997,0.11028385,0.2535837,-0.19598629,0.22842997,0.07951391,-0.16579188,0.05915422,0.19073936,-0.0345956,0.499113,0.043394852,0.029024575,0.039257586,0.18791263,-0.028719874,0.28344604,0.10480663,0.021285506,0.1275231,0.17263289,-0.15250666,0.07484732,0.13153887,0.040732417,0.1507621,0.079986975,-0.42265102,-0.012352437,0.15246518,0.034036253,0.11643043,0.17102908,-0.39266494,0.0030096571
94,0.05342788,-0.12980075,0.11372793,0.25228927,-0.19629678,0.22889042,0.0829319,-0.16664496,0.062975205,0.189381,-0.03220773,0.506577,0.0452654,0.031285092,0.041212656,0.18682571,-0.02574661,0.2875799,0.10736234,0.024196584,0.1303229,0.17359641,-0.15081821,0.07219255,0.13405758,0.042952295,0.15383184,0.07933325,-0.42541215,-0.017453466,0.15626144,0.032672286,0.119844146,0.17016369,-0.3913145,0.0018834413
95,0.05257161,-0.12838113,0.11276011,0.25279972,-0.19667149,0.22636403,0.08120109,-0.16719091,0.06163089,0.18976426,-0.032662455,0.50682765,0.04301862,0.030739725,0.038822405,0.18651012,-0.026150512,0.28666484,0.106244795,0.022560794,0.12921831,0.17397848,-0.15234296,0.06837065,0.13283989,0.040691543,0.15249094,0.078661494,-0.4283213,-0.020800218,0.15512355,0.031629667,0.11860071,0.16893804,-0.39243034,-0.00089450175
96,0.055237956,-0.12715988,0.11552174,0.25363842,-0.19305404,0.22669615,0.082140855,-0.16813429,0.06286746,0.19066566,-0.028559372,0.5112778,0.04416063,0.02781489,0.03973441,0.18899447,-0.02319384,0.28950047,0.10847684,0.021521756,0.13145666,0.17716707,-0.14693996,0.07090563,0.1341751,0.03742156,0.15369064,0.082196124,-0.42402342,-0.017497186,0.15363449,0.029029138,0.11730046,0.17038456,-0.39042294,-0.0031134882
97,0.05477104,-0.12646738,0.115190834,0.2512552,-0.1970313,0.22532824,0.0823076,-0.16783644,0.06368916,0.18854763,-0.03348416,0.511647,0.044931963,0.02827511,0.040271185,0.18696772,-0.027657889,0.28879532,0.11038393,0.022261765,0.13348758,0.17533693,-0.15161039,0.06657843,0.13673598,0.035632085,0.1563461,0.08092773,-0.42540148,-0.019018183,0.15741535,0.030563602,0.12066054,0.1680069,-0.3904111,-0.0035277524
98,0.054994624,-0.1256574,0.11552737,0.25292027,-0.19416639,0.22459725,0.08117946,-0.1691981,0.06366377,0.1894023,-0.03268659,0.50640684,0.044771627,0.027352203,0.03961031,0.18806873,-0.028686086,0.28318673,0.11020133,0.024190458,0.13319542,0.17591675,-0.15363194,0.06355403,0.13616353,0.036217082,0.1555787,0.08177897,-0.42680252,-0.016451547,0.15578057,0.026177717,0.118864745,0.17208214,-0.393808,-0.0035193558
99,0.056447204,-0.12387818,0.1160806,0.25422797,-0.1949851,0.22442164,0.080488406,-0.1697163,0.061943483,0.18937454,-0.035136376,0.5080438,0.044241246,0.023770733,0.03906916,0.18973932,-0.031880047,0.2833514,0.111344844,0.022683546,0.1342611,0.17722566,-0.15431798,0.06689262,0.13703421,0.03666603,0.15633026,0.08248046,-0.42525512,-0.011964267,0.15595365,0.022679444,0.11904733,0.17192754,-0.39238426,-0.0035745192
100,0.057349265,-0.123384625,0.11734846,0.252808,-0.19610669,0.22240682,0.08180225,-0.16990277,0.06376284,0.18811667,-0.034356643,0.51481336,0.04369316,0.026085224,0.038671337,0.18768334,-0.029881459,0.28877532,0.11134442,0.023512539,0.13442555,0.17704,-0.15344888,0.06580828,0.1370295,0.037901424,0.15665522,0.08008715,-0.426915,-0.011337576,0.15793964,0.020538686,0.12067353,0.16991547,-0.38767946,-0.002184255
101,0.05417027,-0.12476042,0.1149399,0.25235254,-0.19450687,0.21913049,0.07840331,-0.17018317,0.06284695,0.18851039,-0.030836005,0.5198071,0.041154973,0.02652673,0.03591864,0.1873521,-0.025409743,0.29267177,0.10997982,0.020272251,0.13308896,0.17899886,-0.15021263,0.06289959,0.1350069,0.034191974,0.15442248,0.07987333,-0.42802498,-0.01146561,0.1554245,0.019935973,0.118152566,0.16871592,-0.38807926,-0.00027925143
102,0.048416723,-0.11895327,0.10791966,0.24687016,-0.20027079,0.21788992,0.07123053,-0.1628247,0.05561354,0.18095396,-0.03969887,0.50887096,0.037061263,0.023315912,0.030617325,0.18414982,-0.03607208,0.2817621,0.10841298,0.020922156,0.13177341,0.17073438,-0.16193114,0.055006534,0.1353231,0.022370446,0.15491089,0.07841721,-0.42572975,-0.003836471,0.15655726,0.01780259,0.11918396,0.1653527,-0.38709667,0.00033156006
103,0.058206737,-0.116987936,0.12104847,0.24284868,-0.18714504,0.2193558,0.084561914,-0.1613293,0.071623355,0.17821161,-0.01913518,0.5082279,0.04295655,0.033734135,0.035763137,0.18035117,-0.018153116,0.27934465,0.109294094,0.03360555,0.13330658,0.17020798,-0.15328501,0.039244432,0.13531159,0.026230272,0.15566912,0.07728681,-0.4317795,-0.00995135,0.15807323,0.008840537,0.119819894,0.17351767,-0.3869794,0.0006279198
104,0.06102796,-0.1045655,0.11927921,0.24718072,-0.19266021,0.22295702,0.0796914,-0.16076678,0.058047134,0.17905241,-0.03386894,0.49465784,0.038116492,0.018757148,0.030530516,0.18399827,-0.038008295,0.27165207,0.108763486,0.031672876,0.13252452,0.16248354,-0.1642833,0.049088452,0.13632207,0.010799874,0.156338,0.08247026,-0.42035505,0.0010932006,0.15382782,-0.0022025632,0.11641677,0.17333092,-0.3812279,0.0011165964
105,0.057260036,-0.11060093,0.117656946,0.24184866,-0.186051,0.2224148,0.07811317,-0.16055225,0.061800193,0.17741327,-0.020426488,0.5035,0.03965205,0.023760665,0.031655777,0.18039656,-0.025940916,0.27827877,0.111099936,0.03615364,0.1352811,0.16094448,-0.15875658,0.03859645,0.13877943,0.00048352545,0.15867373,0.083734654,-0.41919294,-0.0027417706,0.15525962,-0.0016709617,0.117878966,0.17701712,-0.38049614,0.0020220717
106,0.059534483,-0.10878475,0.11970326,0.23940833,-0.19046739,0.21840975,0.080263495,-0.15835224,0.06386466,0.17577767,-0.025336934,0.5058639,0.04114428,0.02046854,0.033110775,0.18005006,-0.029813994,0.27863464,0.11476294,0.027205762,0.13859688,0.16215403,-0.16155627,0.03412756,0.14198259,-0.0046088276,0.1615714,0.08489819,-0.4228886,-0.009027351,0.15778546,0.0050197127,0.12014429,0.17296602,-0.3880549,0.0023187199
107,0.06456635,-0.107567266,0.12523942,0.23951285,-0.19151093,0.2115144,0.08539151,-0.15745248,0.0693054,0.17505826,-0.023377176,0.51187617,0.040835313,0.022302166,0.0329877,0.17850958,-0.026282014,0.28144607,0.11409124,0.02385189,0.13772245,0.16386783,-0.16039264,0.03136897,0.14039205,0.00026043592,0.15971513,0.082042105,-0.43015352,-0.0106075145,0.15781727,0.0027351936,0.12017241,0.17065302,-0.38736886,0.0026793377
108,0.059776645,-0.11058664,0.12057418,0.24013332,-0.19293675,0.2115083,0.07954859,-0.15693673,0.06528447,0.17482638,-0.02547506,0.5102187,0.040362757,0.019741394,0.032144357,0.18085103,-0.029045766,0.27850008,0.1162749,0.024328776,0.13971548,0.16496702,-0.16253003,0.03147039,0.14232585,0.0008328779,0.16149478,0.08462697,-0.43055072,-0.0047401013,0.15769872,-0.0031719636,0.12010248,0.17369255,-0.39160937,0.0027344858
109,0.06018288,-0.11041219,0.12079746,0.2421625,-0.19284415,0.20959337,0.07831906,-0.15797229,0.06376881,0.17565484,-0.024201516,0.5147064,0.038659167,0.018058334,0.030441817,0.1821006,-0.027725292,0.28184566,0.116123654,0.022612998,0.13954116,0.1662956,-0.15983412,0.034999747,0.14168735,0.00076887076,0.16067716,0.08556364,-0.42998105,0.0008492622,0.15574454,-0.009677199,0.118387975,0.17427796,-0.3894318,0.0021560336
110,0.062467016,-0.11159483,0.123510115,0.24178517,-0.19162937,0.20762174,0.080280796,-0.15872341,0.0669454,0.1750398,-0.021743884,0.52008975,0.039841454,0.018688038,0.031588364,0.18199286,-0.024990618,0.2846101,0.11782606,0.022352267,0.14123173,0.16836761,-0.15769413,0.03400944,0.14276128,0.0027342627,0.16165829,0.08597866,-0.43191698,0.0022556942,0.15648511,-0.012316853,0.11911078,0.17520373,-0.3891104,0.003386043
111,0.061742164,-0.11092847,0.12206027,0.24233809,-0.19563167,0.20505083,0.07829904,-0.1584783,0.06480551,0.17459022,-0.028228663,0.519115,0.03841356,0.016172322,0.030089285,0.18243875,-0.03086369,0.28191575,0.11828721,0.018357074,0.14154556,0.16909021,-0.16285409,0.032685906,0.14314233,0.004019313,0.1619554,0.08554297,-0.4365245,0.0017421286,0.1572016,-0.01364117,0.11972475,0.17350568,-0.39195964,0.0045685563
112,0.060746305,-0.11571656,0.12290871,0.23916507,-0.19418497,0.2035057,0.079669915,-0.15873088,0.06979349,0.17314559,-0.022365382,0.5271859,0.039604593,0.021465195,0.031255223,0.17977816,-0.024133414,0.28702915,0.11956249,0.020945374,0.14292501,0.16981167,-0.16237633,0.025700506,0.14426556,0.0057890504,0.16300392,0.083563216,-0.44202304,-0.0025247736,0.16010794,-0.012641381,0.12249825,0.17459542,-0.39319956,0.0057874336
113,0.05990069,-0.11387213,0.1209271,0.2431367,-0.19375731,0.20250139,0.07554981,-0.16026151,0.064690106,0.17551418,-0.024953764,0.52533543,0.036166713,0.016256124,0.02771182,0.18264933,-0.02750954,0.28493983,0.118266396,0.015046482,0.14141043,0.17180106,-0.16389446,0.027566426,0.14240307,0.0023602017,0.16097207,0.08605297,-0.44287324,-0.0017812946,0.15562035,-0.01540878,0.11864117,0.17547157,-0.39761415,0.006471322
114,0.06153307,-0.11315921,0.12279202,0.24198963,-0.19734861,0.20044732,0.07756433,-0.15924388,0.06720691,0.1734486,-0.027864143,0.5285947,0.036892995,0.018100977,0.028393935,0.18121772,-0.029556535,0.28594658,0.11960177,0.016878337,0.14273238,0.17144826,-0.16791661,0.024964375,0.14389527,0.007114582,0.16237086,0.08359616,-0.44878387,-0.003978801,0.15928271,-0.016994582,0.121938005,0.17353007,-0.39795166,0.0063981037
115,0.06033627,-0.11555626,0.12234448,0.24177483,-0.1957912,0.19780171,0.07649653,-0.15819371,0.06922878,0.17284699,-0.025992956,0.52834356,0.037260883,0.020660248,0.028427519,0.18060188,-0.027234368,0.28395978,0.12004564,0.019439792,0.14314482,0.1725934,-0.16837077,0.020191507,0.14391768,0.009954649,0.16226761,0.08372015,-0.45236,-0.0019540736,0.15905944,-0.019242788,0.121993735,0.17668624,-0.39882097,0.0072977245
116,0.05849018,-0.11467683,0.119224824,0.24441352,-0.19558695,0.196668,0.071926266,-0.15889789,0.06377861,0.17451653,-0.028029514,0.52725303,0.034048356,0.017297195,0.025014963,0.1819259,-0.029600354,0.28379813,0.118496634,0.01831111,0.14153263,0.17227857,-0.16763453,0.024012223,0.14211711,0.0063277856,0.16035178,0.085210495,-0.44979647,0.0031566382,0.15521568,-0.024700861,0.118655995,0.17671421,-0.39778212,0.00796467
117,0.059072852,-0.114318445,0.11890586,0.24477784,-0.19789726,0.19690204,0.07187888,-0.16060263,0.061933592,0.17481688,-0.029956426,0.5328984,0.03294237,0.016405316,0.024042796,0.18041506,-0.03041313,0.28982416,0.11867252,0.017539354,0.14185725,0.1701988,-0.16607627,0.026881278,0.14263219,0.0029407444,0.16086504,0.08376247,-0.44772968,0.004113733,0.15667388,-0.027110701,0.11989297,0.17337887,-0.395817,0.008028364
118,0.059294328,-0.117157444,0.11951264,0.24311365,-0.19676848,0.19587864,0.07229729,-0.16070674,0.064764,0.17384803,-0.028483117,0.5353595,0.034649737,0.017631494,0.025576327,0.17961685,-0.02832957,0.29028258,0.12091532,0.018109439,0.14410724,0.17176573,-0.16589192,0.021600671,0.14450486,0.0028415453,0.16262223,0.084408894,-0.4506575,0.00028437772,0.15826397,-0.024847561,0.121627845,0.17466904,-0.4003811,0.00742298
119,0.060789045,-0.116593175,0.12102569,0.24133524,-0.19564688,0.19341011,0.07366748,-0.15931752,0.067270465,0.17215495,-0.026286537,0.53772813,0.034479,0.020188916,0.025313899,0.17753336,-0.0257677,0.2910073,0.12068354,0.019575577,0.14396316,0.17161532,-0.16542397,0.01760805,0.1441547,0.002643231,0.1621859,0.08311494,-0.45281753,-0.00011833702,0.1587447,-0.025797384,0.12238209,0.17454097,-0.39880586,0.0067711547
120,0.062285006,-0.11288921,0.1213102,0.24220762,-0.19689119,0.1909161,0.07282707,-0.15668608,0.065766715,0.1713266,-0.030806491,0.53520775,0.03328516,0.017437594,0.023992138,0.17817467,-0.030299569,0.2876996,0.120545655,0.017944632,0.14371787,0.17169553,-0.16730276,0.018684968,0.14378393,0.0025096538,0.1617581,0.08371881,-0.45342985,0.0035385326,0.15754823,-0.029376088,0.12146058,0.17356151,-0.39805052,0.0077911
121,0.059970975,-0.115240395,0.11983514,0.24209906,-0.19424431,0.19002597,0.07010173,-0.15654102,0.06624375,0.17120296,-0.02815652,0.5345588,0.033179346,0.018629553,0.023549238,0.17875887,-0.028410112,0.28565615,0.1211928,0.021237925,0.14432278,0.17306946,-0.16844924,0.014784502,0.14404956,0.0025762403,0.16196735,0.085485175,-0.45611888,0.003594738,0.15629898,-0.03200256,0.120765336,0.17795622,-0.40174323,0.008394911
122,0.06296246,-0.112377845,0.12186474,0.24494936,-0.19282985,0.18964414,0.070778154,-0.15830857,0.065297194,0.17280455,-0.027794195,0.5367616,0.031772684,0.015906585,0.0221927,0.18037845,-0.028403604,0.28707725,0.12070458,0.017618868,0.14376153,0.17516674,-0.16673215,0.01720959,0.14281134,0.0027345568,0.1606313,0.08615123,-0.45754403,0.0032864443,0.15395646,-0.036236495,0.11890736,0.17743579,-0.40287474,0.007739887
123,0.06190958,-0.115921855,0.12071364,0.24285726,-0.19433987,0.19286707,0.070271775,-0.16091697,0.064730875,0.17216438,-0.027630774,0.5461339,0.03323345,0.015198116,0.023833707,0.17997062,-0.027502716,0.29590902,0.1241171,0.018138267,0.14739306,0.17521365,-0.16356164,0.020181743,0.1463844,0.001200689,0.16415563,0.086327754,-0.4553978,0.001865762,0.15789187,-0.034101896,0.12205144,0.17451905,-0.4051494,0.0070826607
124,0.06346859,-0.114903994,0.12148014,0.24275246,-0.19726086,0.19209036,0.071327545,-0.16120303,0.06539582,0.1711213,-0.032591864,0.5460821,0.034141377,0.01495334,0.024789035,0.17917202,-0.031558722,0.29423192,0.12592208,0.017024238,0.14923689,0.17519365,-0.16662733,0.018369345,0.14841259,0.0037816952,0.16610986,0.08519456,-0.45873114,2.3427492e-06,0.1612827,-0.033571377,0.1251086,0.1729455,-0.4069756,0.008223256
125,0.0642044,-0.11445796,0.12210773,0.24412778,-0.19263108,0.18969013,0.070624,-0.16078138,0.06612831,0.17148118,-0.028317306,0.54541695,0.032960374,0.016457172,0.023485798,0.17933391,-0.027651787,0.29267713,0.12447568,0.017713975,0.14775701,0.1771628,-0.163775,0.01672206,0.14623116,0.0048497515,0.16384837,0.08623272,-0.45920318,0.003945912,0.15765445,-0.035733443,0.12228754,0.17608917,-0.40434125,0.008997343
126,0.064928,-0.11397784,0.12266671,0.2432736,-0.19229344,0.18859446,0.07070852,-0.1597026,0.06740161,0.17005406,-0.02933944,0.5453869,0.034172118,0.016742509,0.02459515,0.17951854,-0.028681938,0.29146928,0.12628993,0.018785644,0.14956713,0.178407,-0.1640768,0.01566732,0.14784971,0.00657798,0.16542134,0.08730129,-0.45977694,0.006193566,0.15870127,-0.035741586,0.1232334,0.17702138,-0.40323368,0.009329847
127,0.063970976,-0.112203896,0.12068783,0.2444603,-0.19313449,0.18723209,0.06800417,-0.1596026,0.06408692,0.17062978,-0.032356128,0.5451742,0.031965777,0.014285469,0.022389283,0.18034504,-0.031375963,0.2907519,0.12573083,0.0139771085,0.14898738,0.17955525,-0.16471441,0.016158143,0.14706144,0.004472171,0.16455105,0.08796711,-0.46028703,0.0067297006,0.15708497,-0.03495169,0.12190001,0.17540589,-0.4038816,0.010050767
128,0.06519271,-0.11366215,0.122307375,0.24359718,-0.19039445,0.18602753,0.06951973,-0.1599663,0.066979334,0.16987906,-0.0280911,0.5496719,0.03238192,0.01748625,0.022790767,0.1782152,-0.026652247,0.29488024,0.12560637,0.017049892,0.14892627,0.17895912,-0.16116421,0.015365746,0.14680113,0.004418025,0.16430092,0.087266,-0.4587648,0.010952449,0.15726921,-0.036165114,0.12224806,0.17671739,-0.39914542,0.010348078
129,0.06468881,-0.112795316,0.12104192,0.24259241,-0.19427043,0.18515563,0.068357,-0.15897542,0.06598223,0.16792189,-0.03493175,0.5478671,0.033164594,0.016548894,0.02347914,0.17771761,-0.03299292,0.29258165,0.12758279,0.018687129,0.15089214,0.1775801,-0.16508438,0.015991097,0.14930345,0.0057100393,0.16680501,0.087246545,-0.4586685,0.014173809,0.16032238,-0.036934406,0.1246645,0.17557871,-0.3978971,0.010036769
130,0.06523255,-0.111993015,0.12061097,0.24350518,-0.1915273,0.18455303,0.06695643,-0.16051945,0.06399051,0.16845755,-0.033436812,0.5502217,0.03075744,0.014845325,0.0211024,0.17739555,-0.031552587,0.29475984,0.12592655,0.014641169,0.14927779,0.17810845,-0.16186382,0.016911102,0.14730681,0.0004310169,0.1647784,0.088072546,-0.4559861,0.015461534,0.15699463,-0.03504891,0.1218528,0.17445344,-0.39806446,0.009643378
131,0.06503007,-0.1131382,0.120274015,0.24327308,-0.18915525,0.18508042,0.066077136,-0.16156477,0.06393549,0.16830727,-0.031799827,0.5512857,0.030777397,0.01489892,0.021056274,0.1771408,-0.030280339,0.2954309,0.12641734,0.015612489,0.149821,0.17844054,-0.1606097,0.016151126,0.1477123,-0.0019175346,0.165158,0.08930429,-0.45451853,0.016624497,0.15639709,-0.034894068,0.12135552,0.17607304,-0.3986522,0.009013937
132,0.06647398,-0.11036267,0.12131869,0.2438976,-0.19039525,0.184387,0.066485606,-0.16088724,0.06409312,0.1676908,-0.03522646,0.5494808,0.030511206,0.013384303,0.020695083,0.17787506,-0.03398107,0.29198828,0.12692524,0.013567357,0.15026334,0.17959045,-0.16487634,0.013917036,0.14812782,-0.0009559617,0.16553466,0.0894821,-0.45924017,0.012797815,0.1567366,-0.034982216,0.1217718,0.17530991,-0.40324205,0.008373086
133,0.066661395,-0.11189673,0.1218186,0.24188748,-0.19053069,0.1849858,0.06704706,-0.16133404,0.06610683,0.16596666,-0.035425793,0.5510562,0.032335993,0.0149675,0.0223889,0.17670128,-0.034390453,0.2929893,0.12891982,0.019320197,0.15230139,0.1784188,-0.16638815,0.012335478,0.150389,-0.00031952705,0.16776152,0.08937731,-0.45992714,0.012017018,0.15938413,-0.0361126,0.12405137,0.1759289,-0.40511164,0.008835094
134,0.06961974,-0.1115441,0.12440934,0.24360523,-0.18497744,0.18491419,0.06828114,-0.16327235,0.06742792,0.16708755,-0.030290145,0.55387425,0.032254204,0.014028914,0.02229786,0.17746687,-0.029866694,0.29535204,0.12863782,0.018552203,0.15202987,0.18054132,-0.1608229,0.013709575,0.14925867,-0.002373745,0.1665709,0.09125602,-0.45753917,0.013789755,0.15611681,-0.03746155,0.12135468,0.17771716,-0.40520725,0.009472545
135,0.068512775,-0.11018015,0.12287232,0.24453607,-0.18740477,0.1823039,0.06652367,-0.1618623,0.06594461,0.16713874,-0.035200626,0.5486474,0.030956218,0.01428749,0.020883337,0.17700914,-0.03431879,0.28965935,0.12786357,0.019189425,0.15117641,0.17974801,-0.16575024,0.011244353,0.14864375,0.0002659064,0.16592301,0.09027763,-0.4615128,0.015243441,0.15622765,-0.041961886,0.12165583,0.17861336,-0.40452382,0.010239355
136,0.06743034,-0.11257423,0.12229105,0.24291158,-0.18792848,0.18289138,0.066252716,-0.16225639,0.066599585,0.16605966,-0.03348862,0.5554464,0.03077991,0.016189141,0.020766538,0.17534438,-0.031817816,0.29564497,0.128462,0.020945113,0.15192401,0.17884359,-0.1641975,0.011239454,0.14939258,-0.000103690865,0.16664508,0.08876224,-0.46170497,0.015259133,0.15820271,-0.041634597,0.123441085,0.17696363,-0.40522397,0.010257435
137,0.06654495,-0.11215608,0.120599166,0.24368551,-0.189586,0.18133512,0.06420955,-0.16282955,0.0640738,0.16603372,-0.036481015,0.5561328,0.028067248,0.014968978,0.018078234,0.17456855,-0.034102403,0.2957411,0.12682174,0.016973564,0.15024644,0.17816876,-0.16630404,0.010539213,0.14784832,-0.001842316,0.16506672,0.08745686,-0.46370986,0.013701271,0.15732664,-0.040467944,0.122825645,0.17440918,-0.40760472,0.009392106
138,0.06851598,-0.11222637,0.122578815,0.24397081,-0.18813586,0.1820459,0.06548514,-0.16323075,0.066154756,0.16531043,-0.036064737,0.5582022,0.030094784,0.014367492,0.02007985,0.17556521,-0.033743184,0.2965702,0.1293331,0.0179892,0.15276134,0.18011273,-0.164544,0.01150244,0.14998072,0.00018466424,0.16719086,0.08912636,-0.46332952,0.015008955,0.15850075,-0.041042436,0.1237999,0.17565991,-0.40869674,0.008506006
139,0.06834685,-0.11219134,0.12253314,0.24396724,-0.18642692,0.18073478,0.06481848,-0.16226585,0.06658217,0.16454023,-0.033681855,0.5587674,0.029105442,0.016174387,0.01900487,0.17505792,-0.031397488,0.29641742,0.12830193,0.019527482,0.15172434,0.18059959,-0.16388963,0.009781284,0.14872135,0.00077878154,0.16590539,0.08902556,-0.46429747,0.016117338,0.15704468,-0.041468408,0.12274218,0.17672302,-0.40789363,0.008283395
140,0.06707738,-0.11273414,0.120819665,0.24364173,-0.18796457,0.17997488,0.0628964,-0.16240291,0.06511876,0.163445,-0.036064107,0.5598643,0.028240066,0.015963119,0.018111909,0.17446259,-0.033237733,0.2970421,0.12846379,0.019473637,0.15189692,0.17998491,-0.16505668,0.009792545,0.14907661,0.00063722994,0.16623734,0.08862897,-0.4645583,0.016545262,0.1577659,-0.040281933,0.12331243,0.17541832,-0.40895244,0.008031624
141,0.070187785,-0.10985634,0.12298611,0.243817,-0.18962465,0.17732888,0.06520336,-0.16234277,0.066203915,0.16203992,-0.038693644,0.5595654,0.026937783,0.016865192,0.016853573,0.17214811,-0.035211444,0.29554293,0.12677376,0.017490126,0.15021424,0.1785397,-0.16773301,0.007321962,0.14764905,0.0015119943,0.16479029,0.085686184,-0.4678731,0.014909362,0.15850188,-0.04067033,0.12424822,0.1728811,-0.4076994,0.008204192
142,0.069831826,-0.11132816,0.12277931,0.2464129,-0.18297343,0.17818944,0.06278048,-0.16386482,0.0659891,0.16479652,-0.035196923,0.55631924,0.028209202,0.01460101,0.017777592,0.1756748,-0.033404127,0.2918858,0.1284287,0.021119773,0.15180616,0.18199596,-0.16446804,0.008781663,0.14825244,0.00019430928,0.16534738,0.09126927,-0.46574393,0.01825531,0.15407178,-0.046908207,0.12047161,0.17939296,-0.4111529,0.007937837
143,0.0710886,-0.11175483,0.12355533,0.24627458,-0.1812048,0.17821461,0.06298357,-0.16460541,0.066265374,0.16574104,-0.036100898,0.5563488,0.028970428,0.012486272,0.018394995,0.17610459,-0.034601923,0.29130408,0.12972993,0.019947605,0.15309863,0.18263702,-0.16416131,0.008485748,0.14920355,-0.0028927042,0.16622587,0.092723094,-0.46620807,0.016362064,0.1535163,-0.049592316,0.120164566,0.1795946,-0.4153103,0.007685485
144,0.07155706,-0.11178383,0.12391506,0.24456684,-0.18226507,0.17765583,0.06369739,-0.16380385,0.066624254,0.1646343,-0.03638131,0.56105876,0.028384278,0.0132719,0.01780179,0.17406592,-0.034205597,0.2957148,0.1295773,0.019848077,0.15306386,0.18067586,-0.16337775,0.008674703,0.14926335,-0.005256154,0.16619626,0.09079195,-0.46639523,0.016187757,0.15477699,-0.050102457,0.12138611,0.17656115,-0.4162098,0.0071549867
145,0.06912031,-0.113871306,0.121515356,0.24160859,-0.18739232,0.1752862,0.06251193,-0.16292061,0.06628366,0.16243058,-0.040747277,0.5635336,0.027043115,0.015637891,0.016415093,0.17014733,-0.036969878,0.2972546,0.12908335,0.019616796,0.15268259,0.17682192,-0.1681584,0.004456273,0.1497225,-0.0066520087,0.16650507,0.08676116,-0.4704365,0.012463464,0.1584993,-0.046884995,0.124979615,0.1728286,-0.41975155,0.006523583
146,0.0682959,-0.11299807,0.12037607,0.24397682,-0.18552028,0.17389005,0.059845183,-0.16149816,0.06435975,0.16310135,-0.040720392,0.5601042,0.025419401,0.013816711,0.014615459,0.17171346,-0.03722513,0.2939657,0.12789859,0.01925654,0.15137877,0.17766297,-0.16720557,0.0054345867,0.14797351,-0.0074930405,0.1647173,0.08880843,-0.4696064,0.016038032,0.15433861,-0.048418246,0.12147727,0.17495191,-0.42306206,0.00590492
147,0.06889949,-0.11357532,0.121426925,0.24417014,-0.18513843,0.17278993,0.060647566,-0.15951937,0.066179,0.162434,-0.03906659,0.5611014,0.025355404,0.01603752,0.014510857,0.170728,-0.03477978,0.2944632,0.1274291,0.022067213,0.15091698,0.17746316,-0.16579998,0.0042975214,0.14723152,-0.0045495816,0.16384992,0.08772637,-0.47086766,0.01818462,0.15404962,-0.049675856,0.12161247,0.17584214,-0.42487437,0.0043579815
148,0.07000067,-0.11349436,0.12238955,0.24412397,-0.18748236,0.1740696,0.061905015,-0.15911345,0.06708126,0.16203006,-0.041906986,0.56128263,0.027218156,0.015194662,0.016402291,0.17104456,-0.03701645,0.29470557,0.12950324,0.02362952,0.15303022,0.1771076,-0.16610245,0.005306191,0.14938664,-0.0030211248,0.16591397,0.087719135,-0.4709104,0.01696135,0.15637854,-0.048853114,0.1235397,0.17486937,-0.43082178,0.0022564833
149,0.07209775,-0.11229546,0.12356091,0.24601303,-0.18705727,0.17527546,0.062568545,-0.15999198,0.06627113,0.16332036,-0.043727584,0.561927,0.028026136,0.011739866,0.017269753,0.17256035,-0.038613,0.29585725,0.13080537,0.021016436,0.15432096,0.17797504,-0.1635546,0.009033,0.15032795,-0.0045398683,0.16679314,0.08934839,-0.46821314,0.01772738,0.15574294,-0.049167,0.12277332,0.17390384,-0.4345824,0.00145586
150,0.07202012,-0.11348944,0.12388717,0.24742733,-0.18218485,0.17602445,0.061886657,-0.16148898,0.066390365,0.1648917,-0.037316013,0.56512547,0.026907036,0.012700541,0.016140996,0.17282197,-0.032792218,0.2994522,0.129564,0.022083955,0.15313625,0.17890918,-0.15907547,0.009460265,0.14856553,-0.0077945734,0.1649753,0.090664625,-0.46578616,0.020013163,0.15219453,-0.04952592,0.11985706,0.17654876,-0.43511802,0.00087347697
151,0.071694076,-0.113373734,0.12414127,0.24667329,-0.18443215,0.1753853,0.06205025,-0.15945353,0.068036616,0.16303377,-0.040137682,0.56308085,0.028063409,0.013585738,0.01716846,0.17283988,-0.035562254,0.29641446,0.13115297,0.023922283,0.1546368,0.17891242,-0.16322793,0.0067756553,0.1503292,-0.005176304,0.16675875,0.0909815,-0.46919185,0.020121172,0.15427431,-0.049692623,0.12177332,0.17824651,-0.43636432,0.00070378196
152,0.070536576,-0.112958685,0.122855976,0.24682629,-0.18674615,0.17511086,0.060638558,-0.1582639,0.06691867,0.16232763,-0.043105442,0.5633871,0.027578378,0.013292925,0.0166842,0.17305483,-0.03806422,0.29633203,0.13164935,0.02406337,0.15509427,0.17870913,-0.1649494,0.0073111127,0.15088728,-0.0037414515,0.16730542,0.09075951,-0.47050238,0.020919263,0.15508963,-0.04974572,0.122393936,0.17705323,-0.43774796,0.001078397
153,0.07202111,-0.11276038,0.12400448,0.24674657,-0.18446474,0.17510386,0.061538234,-0.15962878,0.06717769,0.16287449,-0.03968209,0.56915516,0.026198357,0.013000551,0.015441867,0.17230976,-0.034485515,0.3019068,0.13063766,0.019631155,0.15417235,0.17939937,-0.16144206,0.007498019,0.149512,-0.008257539,0.16587463,0.090421185,-0.469648,0.01932851,0.15336895,-0.04665975,0.121162884,0.17488351,-0.43931234,0.000556317
154,0.07328153,-0.111004665,0.12487879,0.24699262,-0.18618503,0.17398138,0.062301744,-0.15820698,0.06802123,0.1620458,-0.043776333,0.5653641,0.027039144,0.012060715,0.01624419,0.17256333,-0.038410213,0.29744944,0.13168228,0.018792368,0.15513827,0.17935516,-0.16449863,0.0064695394,0.15068856,-0.0068576615,0.16707185,0.0908971,-0.47132188,0.019849293,0.15450138,-0.047360383,0.12215284,0.17530473,-0.4402974,0.0004524669
155,0.072216,-0.11557668,0.12489832,0.24614154,-0.18208447,0.17632419,0.061978966,-0.15957901,0.070651196,0.16211651,-0.03753986,0.56911606,0.02959853,0.014547142,0.018768996,0.17268452,-0.03250858,0.30101964,0.1342028,0.026995061,0.1578415,0.17959854,-0.15945488,0.007681567,0.1531324,-0.0074833264,0.16943036,0.093178526,-0.46655178,0.0240807,0.15510227,-0.0477921,0.12241373,0.17922534,-0.44301504,0.00040200163
156,0.07428619,-0.110536136,0.12478185,0.24946594,-0.18709254,0.17325057,0.06188067,-0.15913156,0.06696488,0.16297635,-0.04540924,0.56430686,0.025692359,0.011631377,0.015043939,0.17214419,-0.039166156,0.29558215,0.13061184,0.0199859,0.1541315,0.17793772,-0.16378187,0.0088087795,0.1496757,-0.0059892815,0.1658819,0.08978606,-0.47075066,0.021395277,0.15351716,-0.050063252,0.12117652,0.17363885,-0.44627526,0.0015729913
157,0.07130118,-0.115258165,0.12300256,0.24539335,-0.18607362,0.1715226,0.060288664,-0.15590782,0.070344865,0.15954748,-0.043162555,0.5644486,0.0274016,0.017298616,0.016585773,0.16961484,-0.036454402,0.2948094,0.13202326,0.030572081,0.15560907,0.17676306,-0.16369805,0.0049886093,0.15132447,-0.002547763,0.16747715,0.09003639,-0.4701136,0.027601331,0.15525855,-0.047017448,0.12281802,0.17692654,-0.4435871,0.0040754476
158,0.07216838,-0.11191712,0.12201816,0.24913634,-0.18635073,0.17132606,0.058367692,-0.15661608,0.0658879,0.16225767,-0.047288675,0.5616778,0.025295105,0.012316907,0.014659643,0.17158058,-0.04046277,0.29392073,0.1308923,0.024883924,0.1543874,0.17696308,-0.16287345,0.009744169,0.14987612,-0.0066260966,0.16597624,0.091758944,-0.4670393,0.02931013,0.15158519,-0.046985794,0.119261004,0.17496437,-0.44739577,0.005466625
159,0.07728044,-0.11069162,0.12722653,0.24849243,-0.1824453,0.17065701,0.063490815,-0.15682697,0.07112974,0.16185443,-0.042093243,0.56717664,0.02652721,0.01470813,0.01606374,0.1697437,-0.03506363,0.29813394,0.13099104,0.02538837,0.1546166,0.17747644,-0.15860644,0.008852034,0.14964956,-0.0070372974,0.1656431,0.090762384,-0.4664241,0.029578635,0.15176657,-0.046068642,0.11981962,0.17495623,-0.44595107,0.0059303376
160,0.0760517,-0.1116017,0.12594388,0.24702425,-0.18571618,0.17163871,0.062592305,-0.15581568,0.07073274,0.15984936,-0.04539082,0.56847274,0.028026542,0.014525088,0.017576031,0.16944885,-0.03773615,0.29958063,0.1336103,0.028236516,0.15733968,0.17607109,-0.15943508,0.010048608,0.15277483,-0.0067751124,0.16866829,0.09110243,-0.4648892,0.031043753,0.15510632,-0.044882048,0.12247094,0.17426515,-0.4486483,0.006527422
161,0.0743243,-0.1106365,0.123773694,0.24735643,-0.18644342,0.16883205,0.059823174,-0.15548447,0.06871227,0.15903507,-0.046768986,0.56562287,0.025105305,0.01490093,0.014553854,0.16857053,-0.03924629,0.2957593,0.13155936,0.0258466,0.1552053,0.17578754,-0.16336937,0.005342452,0.15073669,-0.008419211,0.16656885,0.09041684,-0.46904567,0.029419467,0.15329614,-0.042766716,0.12144662,0.17493661,-0.450315,0.006488879
162,0.07470398,-0.11127451,0.124305405,0.24918157,-0.18110898,0.16708879,0.058918506,-0.15638101,0.06919942,0.16023858,-0.041213818,0.5672078,0.02319499,0.015598483,0.012575597,0.1688655,-0.03414819,0.29599237,0.1297905,0.024178252,0.15336888,0.17842975,-0.16049875,0.0031392048,0.14802518,-0.00906729,0.16382389,0.09149785,-0.4705874,0.031457506,0.14895907,-0.044293936,0.1182592,0.17829005,-0.44900018,0.0066062696
163,0.07263643,-0.11429075,0.12208569,0.24971615,-0.18147755,0.16877124,0.056549523,-0.16017845,0.0670197,0.16096483,-0.04162764,0.56925476,0.02215797,0.015228025,0.011573871,0.1682799,-0.034818184,0.298452,0.12975603,0.025319528,0.1534848,0.17698339,-0.16141924,0.0032215705,0.14838563,-0.012550587,0.16409592,0.091570325,-0.46952134,0.0314488,0.14906535,-0.043416508,0.11830441,0.17892663,-0.45237455,0.006750512
164,0.07660188,-0.108063176,0.12425852,0.25108662,-0.18773934,0.16936646,0.058885176,-0.15795603,0.06562846,0.15915719,-0.050505657,0.5691104,0.023572462,0.009912086,0.013177532,0.17000628,-0.042802274,0.2997443,0.13232137,0.019657575,0.1559835,0.17638372,-0.16124068,0.010708529,0.15106063,-0.012254777,0.16666706,0.09245643,-0.46638197,0.035884235,0.1512919,-0.042194292,0.119636685,0.17364933,-0.4515301,0.0071084746
165,0.07854003,-0.11007358,0.12772213,0.24740642,-0.18425968,0.16671403,0.062452,-0.1571748,0.0729285,0.15565924,-0.043613557,0.57269657,0.02490332,0.017316703,0.014386589,0.16564932,-0.03642447,0.30074114,0.13207988,0.02879383,0.1558081,0.17457466,-0.16213515,0.0029632095,0.15106134,-0.009510213,0.16648597,0.08995106,-0.46965235,0.03759958,0.1532653,-0.04373597,0.12217515,0.17788021,-0.44555217,0.0067981128
166,0.07635106,-0.10781728,0.1243428,0.24960957,-0.18836002,0.16554625,0.058639314,-0.15681836,0.06811242,0.15593037,-0.0513624,0.56536496,0.023696922,0.014365819,0.013068191,0.16623375,-0.044293724,0.29508734,0.13183463,0.030465279,0.15549353,0.17102458,-0.16646624,0.0056199296,0.15149209,-0.0115513,0.16682187,0.09098365,-0.46709245,0.043625247,0.15265185,-0.048043314,0.12120493,0.1784465,-0.44550145,0.0064930213
167,0.079642765,-0.10771981,0.12768145,0.25213042,-0.1788903,0.16488852,0.060169086,-0.16055037,0.07020917,0.15882337,-0.041152433,0.5694286,0.022481216,0.01547641,0.011830684,0.16645098,-0.035379443,0.298428,0.12973829,0.030692704,0.15350302,0.1735268,-0.15989558,0.0050536604,0.14842539,-0.015705623,0.16362394,0.09289319,-0.46515375,0.04518775,0.14670481,-0.050787505,0.11649838,0.18238467,-0.44416335,0.0059939455
168,0.07503049,-0.10923869,0.12258854,0.24918552,-0.18387981,0.16296019,0.055446446,-0.15907581,0.06656642,0.15632504,-0.04814302,0.5672571,0.020187225,0.0140120825,0.009400136,0.16484298,-0.04226716,0.295374,0.12976445,0.0255955,0.1534336,0.17170916,-0.1683912,-0.0009273244,0.14910476,-0.021327907,0.16443802,0.09236406,-0.47024012,0.03853687,0.14819215,-0.04335217,0.11805803,0.17984512,-0.45297194,0.0047518043
169,0.07984093,-0.10654792,0.12745403,0.250809,-0.18495831,0.16532184,0.060087726,-0.15758835,0.06994162,0.15593922,-0.048898887,0.5688895,0.024123475,0.0114209065,0.013401048,0.16811517,-0.04271559,0.29595414,0.13377027,0.024883784,0.15734595,0.17514512,-0.16577595,0.0028868108,0.15237041,-0.015784474,0.16738643,0.09441019,-0.4716336,0.037181165,0.14984958,-0.04500907,0.11940583,0.17948519,-0.45852223,0.0029452632
170,0.079713866,-0.10788033,0.12868807,0.24850844,-0.18544325,0.16635847,0.06164799,-0.15532117,0.073125705,0.15295097,-0.044497523,0.57441694,0.025742443,0.015517765,0.0149584655,0.16715896,-0.038388655,0.299982,0.13493063,0.035271443,0.15868355,0.17381564,-0.16371146,0.0041557355,0.15372208,-0.010389739,0.16838823,0.093007945,-0.47099885,0.042569295,0.1519464,-0.049092036,0.12122239,0.17992269,-0.45580864,0.0016128548
171,0.07987419,-0.104592755,0.1279717,0.25065878,-0.1895465,0.16547564,0.06094522,-0.15442602,0.07032538,0.15326418,-0.048848998,0.5735484,0.024189755,0.013592837,0.013467766,0.16772829,-0.04211913,0.2999501,0.13397026,0.03294211,0.15766667,0.17258558,-0.16502097,0.007042921,0.1528375,-0.009940989,0.16724497,0.092076905,-0.47152066,0.043418776,0.15107211,-0.049318295,0.12030261,0.17648838,-0.45739886,0.0017609207
172,0.079811275,-0.1054652,0.12815332,0.25141406,-0.18663234,0.16517991,0.060555063,-0.15436238,0.070914544,0.15393053,-0.04481483,0.5761044,0.02380978,0.014772086,0.01306562,0.16795258,-0.038287573,0.30131456,0.13380624,0.033911828,0.15754335,0.17425981,-0.16262549,0.005958662,0.15218794,-0.00954634,0.16639131,0.092797175,-0.47242922,0.044265807,0.14928007,-0.049470074,0.11908888,0.17813762,-0.45718172,0.000697288
173,0.07412947,-0.108751014,0.12277998,0.251715,-0.18427333,0.1629576,0.054239158,-0.1536201,0.06751124,0.15465379,-0.04289005,0.5738104,0.020629998,0.014532879,0.009649132,0.16818427,-0.03681169,0.29729572,0.13255192,0.028730342,0.15609348,0.17653726,-0.1657586,-0.0020775972,0.15038148,-0.015408376,0.16460761,0.09456734,-0.47722858,0.039049108,0.14579698,-0.043592334,0.11703083,0.18181477,-0.46433976,0.00044808668
174,0.07511594,-0.10842239,0.123345956,0.2526218,-0.18687598,0.16371405,0.055379126,-0.1548194,0.06685603,0.15564716,-0.04248608,0.58068717,0.019877717,0.014507761,0.009134187,0.16819964,-0.03530043,0.30408403,0.1325032,0.025529016,0.15616323,0.17717387,-0.16396254,-0.00031253533,0.15012431,-0.015018182,0.16399494,0.09227888,-0.47953436,0.0335761,0.1465516,-0.040561642,0.11796147,0.17683695,-0.47055334,-0.0003331365
175,0.07216687,-0.10847672,0.11961127,0.25535235,-0.1915316,0.16488853,0.051720586,-0.15571482,0.06173486,0.1575327,-0.048112646,0.5795597,0.018567165,0.012067914,0.007914847,0.1699366,-0.04022974,0.30432886,0.13289826,0.025010807,0.1565478,0.17659934,-0.16592711,0.0033376322,0.15064888,-0.013306485,0.16429736,0.092221506,-0.4800859,0.034545794,0.14679481,-0.04215538,0.1179338,0.1748378,-0.47512737,-0.0008957865
176,0.07723304,-0.11089977,0.12565273,0.25361505,-0.18923235,0.16252351,0.058802642,-0.15466206,0.07047177,0.15638982,-0.04339533,0.58341074,0.021620717,0.019532708,0.0109165255,0.16487083,-0.03450878,0.30611128,0.13326432,0.03455123,0.1570992,0.1743598,-0.164125,-0.0010728769,0.15115024,-0.0063468292,0.16441981,0.08816895,-0.4832157,0.03739409,0.15028802,-0.049820337,0.12182258,0.17734732,-0.4684733,-0.0016425791
177,0.077520244,-0.106065854,0.12523906,0.25399813,-0.18992993,0.16042832,0.057796616,-0.15203816,0.07034227,0.15590729,-0.051004406,0.5655823,0.025296932,0.016096076,0.01396353,0.16533256,-0.044603277,0.2898411,0.13597175,0.046968527,0.15990156,0.16720232,-0.17070198,-0.00027405214,0.15540434,-0.013709685,0.1683266,0.09274696,-0.4751105,0.052514974,0.15066585,-0.062385824,0.121595055,0.18575451,-0.4669539,-0.0036130794
178,0.082081854,-0.10216129,0.12827575,0.2522774,-0.1851874,0.15776898,0.060817212,-0.15231405,0.071087636,0.15459672,-0.046932284,0.5669156,0.023936553,0.014741541,0.012637692,0.16013637,-0.041625686,0.2932005,0.13354078,0.041989017,0.1582332,0.16067995,-0.1650127,0.00062582386,0.15408027,-0.034264676,0.16663566,0.093468875,-0.46362063,0.06064618,0.14675775,-0.06116247,0.118512616,0.18530999,-0.46825787,-0.00461503
179,0.083053455,-0.10256402,0.12950563,0.2503498,-0.18155353,0.15799832,0.061601363,-0.15298182,0.0729501,0.15308826,-0.042450257,0.56948745,0.02377696,0.015200229,0.012393403,0.15883495,-0.038441118,0.29321334,0.13348061,0.042428937,0.15833254,0.16019404,-0.16566701,-0.0035113243,0.1541141,-0.03955689,0.16655374,0.09345315,-0.46416745,0.058488373,0.1461373,-0.059493385,0.11872298,0.18685453,-0.47544208,-0.0045873006
180,0.08471013,-0.099602625,0.13084018,0.2502786,-0.18360642,0.15566285,0.06278926,-0.15149961,0.07354551,0.1516989,-0.04491669,0.5697848,0.023050264,0.014410592,0.011704657,0.1583803,-0.040690474,0.29171968,0.13307717,0.040306047,0.15779026,0.15955797,-0.16793415,-0.0038312417,0.15366112,-0.03796987,0.16594984,0.092192955,-0.46754932,0.05804093,0.14622888,-0.060682777,0.119006634,0.1842706,-0.4775469,-0.0039399667
181,0.081567965,-0.10066533,0.12793358,0.24950787,-0.18680288,0.15425818,0.059831858,-0.14983292,0.07119608,0.15001026,-0.046084367,0.5731311,0.020526778,0.015126216,0.009184907,0.1579239,-0.041442014,0.292892,0.13203153,0.03981869,0.15665536,0.15912284,-0.1704662,-0.0050768424,0.15257294,-0.034924973,0.16472666,0.09037268,-0.4718842,0.0574449,0.14610651,-0.059744947,0.11908243,0.18171306,-0.48024777,-0.0028005734
182,0.07998627,-0.10042886,0.12680854,0.24789089,-0.18766177,0.15355785,0.058153402,-0.14593484,0.07090976,0.14641646,-0.04464839,0.5765223,0.019699574,0.015070577,0.008294493,0.15887721,-0.039876726,0.29307047,0.13275297,0.03789368,0.15709735,0.16191952,-0.1708348,-0.007318547,0.15249781,-0.031277418,0.16480532,0.09100366,-0.4767663,0.055720583,0.145675,-0.05830501,0.11905191,0.18100086,-0.48403025,-0.0020526582
183,0.080189206,-0.0997527,0.12695718,0.25069168,-0.18947011,0.15519233,0.057495188,-0.14715211,0.06953033,0.14781739,-0.047306128,0.5765154,0.020190414,0.010694308,0.008818082,0.16267368,-0.042743616,0.29239133,0.13472664,0.034786742,0.15874821,0.16462125,-0.17270803,-0.0060043223,0.15374756,-0.029895341,0.16608211,0.093281254,-0.4799513,0.050804514,0.14500162,-0.06028076,0.11831055,0.18112238,-0.49702242,-0.0030490826
184,0.08199903,-0.10476644,0.12985136,0.25198996,-0.18230757,0.15975903,0.05945323,-0.1519902,0.072529696,0.15008515,-0.03642466,0.5880333,0.022135578,0.011640198,0.01087252,0.1645998,-0.032424748,0.30358344,0.1363071,0.040199414,0.16053042,0.16804248,-0.16352294,-0.0018892614,0.15439539,-0.029050894,0.16626431,0.09514941,-0.47592518,0.051365923,0.14271925,-0.05926393,0.11624689,0.1828513,-0.5058837,-0.0045289174
185,0.08126135,-0.1044193,0.12839715,0.25498122,-0.18801631,0.16092451,0.058129333,-0.15311351,0.06901035,0.15115696,-0.042748455,0.5878676,0.021408103,0.008152067,0.010249479,0.16600554,-0.03768094,0.30498996,0.13641347,0.038683906,0.16051051,0.16635995,-0.16408417,0.0035367107,0.15454842,-0.025893087,0.16614012,0.09438403,-0.47533768,0.05350077,0.14276028,-0.061721392,0.11583494,0.17926097,-0.51258916,-0.005303956
186,0.07933565,-0.10549381,0.1266014,0.25270417,-0.19174804,0.15748695,0.05712556,-0.15126997,0.06876952,0.14841783,-0.04444136,0.58812463,0.017971022,0.011295238,0.0068062004,0.16242515,-0.03901932,0.30066684,0.1334229,0.03604717,0.15740234,0.16448809,-0.17067042,-0.0040517626,0.1517944,-0.02220451,0.16318236,0.088734485,-0.48521608,0.04688207,0.14382474,-0.05785526,0.11824811,0.17647077,-0.5162469,-0.0058213715
187,0.079205655,-0.10683612,0.12670217,0.25193653,-0.1893349,0.15809804,0.056676466,-0.1486753,0.06964179,0.14712645,-0.04204991,0.5903105,0.019094137,0.010222647,0.007895571,0.16359158,-0.036702886,0.30171016,0.13559127,0.03406402,0.15944852,0.16771317,-0.16800164,-0.0051094294,0.15315744,-0.02195212,0.16451706,0.09143732,-0.4857353,0.048176203,0.14313424,-0.055299286,0.11808047,0.17878078,-0.5178751,-0.005941749
188,0.07996308,-0.10544452,0.1273067,0.25436473,-0.1879729,0.15867655,0.05646691,-0.14742322,0.069052435,0.14837489,-0.040852547,0.5904333,0.01939479,0.007836921,0.008218996,0.16643098,-0.035371333,0.3021427,0.13643402,0.031648368,0.16010939,0.17076586,-0.16472673,-0.0025768199,0.1530609,-0.020623859,0.16434394,0.093945906,-0.48518223,0.05062344,0.14061756,-0.056146733,0.11588636,0.18006448,-0.52041763,-0.006251538
189,0.07981247,-0.10621813,0.12728134,0.25487757,-0.18871896,0.16006026,0.05632126,-0.14587204,0.069497325,0.14796025,-0.042255644,0.5895523,0.021626102,0.007369722,0.010437217,0.16796723,-0.036342144,0.3014153,0.13924064,0.035416048,0.16286997,0.17198895,-0.16337626,-0.0006967791,0.1556459,-0.015737219,0.16680029,0.09583717,-0.48427585,0.0554138,0.1421739,-0.059819937,0.11704187,0.18232433,-0.520079,-0.0056670033
190,0.082203776,-0.106718905,0.13004652,0.25363648,-0.18662244,0.15868664,0.059448782,-0.14569783,0.07331281,0.14769618,-0.038384505,0.5936582,0.021819452,0.0113648595,0.01067139,0.16501556,-0.032444,0.30274475,0.13885887,0.037817407,0.16272715,0.17110014,-0.16252142,-0.00405394,0.1554758,-0.015094837,0.16635412,0.09332401,-0.4860054,0.056115817,0.14351906,-0.061143555,0.11904037,0.18317471,-0.5188048,-0.0048489524
191,0.08379851,-0.10407707,0.13015169,0.2543873,-0.19321184,0.15691191,0.060464736,-0.14620635,0.07202293,0.1473585,-0.047067158,0.5916429,0.021599663,0.009509624,0.0105191395,0.1629726,-0.03989822,0.30160418,0.13900807,0.034171455,0.16296984,0.16741493,-0.16612817,-0.0033322887,0.15644184,-0.016482033,0.16707379,0.090823,-0.48656905,0.054570496,0.14627448,-0.059395682,0.121515706,0.17867023,-0.5237845,-0.0030841867
192,0.083893165,-0.10611313,0.12960827,0.25549856,-0.19151868,0.15630892,0.059589528,-0.14795999,0.071087554,0.14792512,-0.045979638,0.59390765,0.020941764,0.008983519,0.009884445,0.16147995,-0.038697165,0.30526933,0.13846947,0.03402565,0.16259356,0.16564879,-0.16289589,-0.0015623263,0.15601292,-0.020902095,0.1664037,0.09167489,-0.4818176,0.060837433,0.14441647,-0.057181157,0.11985275,0.17945208,-0.5221208,-0.0013461581
193,0.083540946,-0.10653608,0.12895459,0.2566758,-0.18969625,0.15488622,0.05850953,-0.14849092,0.07040911,0.14856419,-0.044727717,0.5935192,0.01930452,0.0100034885,0.008245996,0.16030595,-0.037477974,0.30379263,0.13689677,0.033315524,0.16103433,0.16574144,-0.16265714,-0.0036416142,0.15424173,-0.020854672,0.16454075,0.09114036,-0.48324463,0.0625968,0.14255343,-0.05721223,0.11870223,0.18050298,-0.51925,-0.0005122444
194,0.08464161,-0.10585043,0.12923263,0.26025906,-0.1878149,0.1552394,0.057938013,-0.15118456,0.06925559,0.15117373,-0.04634376,0.58899856,0.019647129,0.0070841964,0.008555155,0.16179775,-0.039444327,0.29967064,0.13742146,0.032034453,0.16151217,0.16656688,-0.16261801,-0.0032370344,0.15451019,-0.022582164,0.16476405,0.09365956,-0.48276687,0.06251126,0.14055462,-0.059744474,0.1168606,0.18327858,-0.5231601,0.0003602701
195,0.082890466,-0.11019932,0.12796204,0.2600916,-0.18294892,0.15573011,0.056041125,-0.15377405,0.06894341,0.1523291,-0.04015032,0.5945899,0.018828953,0.0096591385,0.0076946276,0.16059552,-0.033753693,0.3048223,0.13708761,0.03639121,0.16139755,0.16685125,-0.15871191,-0.003986001,0.15398793,-0.024450123,0.16406631,0.09454114,-0.48074958,0.06621724,0.13868207,-0.060858753,0.11543983,0.18596573,-0.520725,-0.00028265535
196,0.08329637,-0.105844684,0.12755205,0.25650433,-0.1915685,0.15217791,0.05694684,-0.14797843,0.069045104,0.1468622,-0.04980153,0.5899592,0.017850313,0.010120718,0.0066723893,0.15773788,-0.042749282,0.29692313,0.13693635,0.030852789,0.16097113,0.1642871,-0.16841418,-0.009898145,0.15442559,-0.021105547,0.16462028,0.09067272,-0.4905918,0.059816286,0.14292982,-0.05855458,0.11983008,0.18043673,-0.51942575,-0.0013285578
197,0.08117162,-0.10979904,0.12568806,0.25488093,-0.18866038,0.15369968,0.054747142,-0.14821686,0.068290725,0.1462901,-0.046519373,0.59387845,0.017925812,0.010439376,0.0066905958,0.15752405,-0.040019855,0.30018947,0.13827257,0.031132005,0.16237451,0.16540608,-0.16665033,-0.011780432,0.15550207,-0.024904028,0.16573197,0.0929024,-0.49005517,0.058138058,0.14215404,-0.055691842,0.11923534,0.18204232,-0.52293336,-0.0023244438
198,0.08209101,-0.10828313,0.1266349,0.25906056,-0.18800941,0.15543447,0.05492648,-0.14970814,0.06705225,0.14944518,-0.044090427,0.5964618,0.017564056,0.008179264,0.0063956976,0.16110851,-0.03751589,0.30316243,0.13811676,0.030087132,0.16215517,0.16781892,-0.16303496,-0.0072874166,0.15448575,-0.02384799,0.16443413,0.09414193,-0.48981038,0.05630883,0.1387956,-0.058564395,0.1159984,0.18124107,-0.5321671,-0.0034758004
199,0.08228727,-0.107593335,0.12720871,0.2581834,-0.19202635,0.15664847,0.05620214,-0.14803535,0.06835112,0.14779362,-0.04673479,0.5975747,0.020026656,0.0091434065,0.008872552,0.16174826,-0.03962091,0.3038847,0.14108416,0.034184594,0.16516155,0.16754745,-0.16386317,-0.0058551393,0.1577014,-0.018584711,0.16743343,0.09377737,-0.4910602,0.056930244,0.1427455,-0.061255172,0.119309336,0.18025467,-0.53277475,-0.004162219
200,0.082623996,-0.10656754,0.12769675,0.25910372,-0.19021477,0.15570217,0.05623989,-0.14694162,0.06873874,0.1480399,-0.044328615,0.5971752,0.01934347,0.009976345,0.008163451,0.16204251,-0.037319824,0.30260116,0.14016157,0.034064077,0.16417591,0.16867998,-0.16265889,-0.006530065,0.15636867,-0.017353801,0.16606411,0.09396508,-0.4919462,0.058638256,0.14091976,-0.0629437,0.11796023,0.18142495,-0.5299524,-0.0045679924
201,0.082892746,-0.105400965,0.12753466,0.2598884,-0.1922027,0.1559409,0.056236245,-0.1463345,0.06812219,0.14827213,-0.047684945,0.5960785,0.019922765,0.00864629,0.008769201,0.1625881,-0.04032886,0.30151534,0.14131035,0.032741915,0.16532484,0.16866343,-0.16381693,-0.005727778,0.15762496,-0.016982274,0.16728099,0.09417456,-0.49263766,0.057839334,0.14220197,-0.063360624,0.118983336,0.1804269,-0.5325395,-0.0046811383
202,0.08336804,-0.10627492,0.1281318,0.2595315,-0.188256,0.155141,0.056461226,-0.14660704,0.06905247,0.1487251,-0.04287138,0.6003121,0.018872539,0.010708413,0.007746684,0.16112953,-0.035692267,0.30488688,0.14015356,0.03270014,0.16430202,0.16940627,-0.16106473,-0.007211448,0.15619242,-0.01919233,0.1657419,0.09374482,-0.49230227,0.058889333,0.14044626,-0.06167913,0.11792325,0.18088478,-0.53067243,-0.004756774
203,0.0822279,-0.10557622,0.1258528,0.25875863,-0.19385244,0.15339853,0.055100985,-0.1456976,0.0668592,0.14757928,-0.05148076,0.596888,0.018352706,0.009393649,0.007264968,0.15870403,-0.04370682,0.3019342,0.14058758,0.029589277,0.16483386,0.1656106,-0.16623902,-0.008458687,0.15759115,-0.021998243,0.16712801,0.09216062,-0.49333364,0.058459274,0.14352901,-0.058635335,0.12071118,0.17794941,-0.5321651,-0.004805158
204,0.08438639,-0.10715305,0.12821329,0.26103297,-0.18598326,0.15296991,0.05623754,-0.14865455,0.06896692,0.14972177,-0.042748272,0.5991383,0.017236996,0.012220563,0.006142023,0.15777394,-0.035400666,0.30283824,0.13807921,0.03170058,0.16239057,0.16742249,-0.16119677,-0.010057717,0.15436317,-0.021805491,0.16378628,0.09219925,-0.49252474,0.061479688,0.13929513,-0.061561305,0.11763174,0.1825482,-0.5293901,-0.0053213257
205,0.079707816,-0.109413475,0.122831896,0.2614768,-0.19072728,0.15409914,0.051054593,-0.14994684,0.0638626,0.14900063,-0.04938406,0.5961503,0.016797284,0.0099178795,0.00565969,0.1577232,-0.04163378,0.30259177,0.13937268,0.033658084,0.16378634,0.16416407,-0.16342561,-0.008019,0.15639214,-0.024466554,0.16583875,0.09335561,-0.488968,0.065026924,0.1407865,-0.058561716,0.118204765,0.1822251,-0.53587097,-0.006618583
206,0.08603496,-0.10517632,0.1287022,0.26536512,-0.18453914,0.15145914,0.055619095,-0.15058082,0.067926586,0.15125516,-0.043326065,0.5981272,0.016820256,0.010137695,0.005728085,0.1585582,-0.035552792,0.30241504,0.13826837,0.029179933,0.16257171,0.16824141,-0.15857817,-0.008304588,0.15413785,-0.023393543,0.16336155,0.09393512,-0.49070993,0.06535423,0.1370701,-0.060627975,0.11569257,0.18424883,-0.53332955,-0.0063315737
207,0.08275048,-0.10671188,0.1262025,0.26066437,-0.19156785,0.14840043,0.054833937,-0.14628442,0.0689538,0.14768244,-0.049030755,0.59707797,0.01710026,0.01395107,0.0059114927,0.15493779,-0.04125129,0.29779428,0.13986303,0.032555267,0.16422252,0.16426972,-0.16792862,-0.015741387,0.15688169,-0.021491198,0.16594294,0.09045291,-0.49791396,0.062660396,0.14334704,-0.06252868,0.121910885,0.18348967,-0.52914155,-0.0066885855
208,0.08328055,-0.10588017,0.12685607,0.26339552,-0.1932558,0.1478311,0.055052675,-0.14528808,0.068969294,0.1493136,-0.050691277,0.5965443,0.018173905,0.011255587,0.006915227,0.1576173,-0.042690013,0.29689792,0.14158584,0.031945866,0.1657474,0.1656071,-0.166755,-0.012975822,0.15790866,-0.019749502,0.16689825,0.09282748,-0.49822816,0.06602807,0.14194237,-0.06855237,0.120383255,0.18435985,-0.5334487,-0.0074739214
209,0.08401523,-0.1077676,0.12810211,0.26268458,-0.18907781,0.1483324,0.055767443,-0.1451023,0.07068916,0.14994907,-0.04497355,0.60229665,0.018414544,0.012235022,0.007118339,0.15770122,-0.037181687,0.30160785,0.14196625,0.031994287,0.1661708,0.16780844,-0.16263099,-0.013662538,0.15757625,-0.022203445,0.16649635,0.094247855,-0.49770173,0.06543456,0.13960524,-0.066147074,0.11862376,0.18486981,-0.5376781,-0.008096284
210,0.08163903,-0.10825523,0.12529495,0.26453015,-0.19045022,0.14921193,0.052492592,-0.1450431,0.06719131,0.15061173,-0.047087118,0.6004171,0.018291894,0.009837015,0.0069296206,0.15933375,-0.0389697,0.3019445,0.14253937,0.034053333,0.16671652,0.16721283,-0.16013008,-0.0093686925,0.15794638,-0.022120519,0.16684085,0.096609,-0.49371606,0.070850156,0.13761519,-0.06730294,0.116133824,0.18468939,-0.5431105,-0.008371945
211,0.08453072,-0.10314962,0.1276957,0.26418045,-0.19323002,0.14731245,0.055382226,-0.14360495,0.06872709,0.14906473,-0.04944946,0.59931827,0.018222097,0.01142642,0.00693025,0.15734108,-0.041443635,0.29986647,0.1415577,0.036347944,0.16583379,0.16414754,-0.16238397,-0.009420861,0.15750256,-0.019841056,0.16612233,0.0934913,-0.4955167,0.07122738,0.13910927,-0.07206831,0.11759624,0.18196136,-0.54105043,-0.008052135
212,0.08472997,-0.1026736,0.12805708,0.26089326,-0.19093025,0.14430459,0.055876717,-0.14102072,0.0703727,0.14655507,-0.045724485,0.6021663,0.016092343,0.015293701,0.004776464,0.15313569,-0.03842314,0.2994313,0.13920376,0.03553258,0.16361715,0.16247152,-0.16478153,-0.016613701,0.15545098,-0.023951732,0.16391805,0.09050625,-0.4992617,0.06720574,0.13875946,-0.06805415,0.11861119,0.18170176,-0.5387298,-0.00869899
213,0.079914734,-0.104274906,0.12280106,0.26501745,-0.18802737,0.14530182,0.049028043,-0.14336176,0.06421735,0.15058996,-0.04532961,0.59653884,0.014690793,0.010816626,0.003195282,0.1559456,-0.03952791,0.2972118,0.13901484,0.037634067,0.1634209,0.16156162,-0.16361721,-0.015331248,0.15500891,-0.033698503,0.16368517,0.096454374,-0.49223313,0.07175204,0.13283733,-0.066204876,0.11265398,0.18795675,-0.5498247,-0.009520206
214,0.08338913,-0.10092563,0.12570827,0.26799014,-0.18913378,0.14332806,0.05212197,-0.14525506,0.06545674,0.15310192,-0.044439256,0.59854734,0.013327585,0.011579346,0.0019451332,0.1554429,-0.03825006,0.29711813,0.13650888,0.03579203,0.16103071,0.16098827,-0.1639417,-0.015475075,0.15242457,-0.032017842,0.16028988,0.09244851,-0.49626482,0.06623155,0.13106239,-0.06413033,0.112108685,0.18511827,-0.56119055,-0.010091044
215,0.08348442,-0.10113038,0.12585108,0.2658417,-0.19650589,0.14428048,0.053556297,-0.14047442,0.06728719,0.14968626,-0.05042965,0.59835106,0.016262375,0.01035803,0.004836795,0.15604849,-0.042725578,0.29535383,0.14044613,0.034559693,0.164879,0.16213807,-0.16625056,-0.01748305,0.15624781,-0.026584664,0.16371262,0.09187606,-0.5008274,0.06090601,0.13527004,-0.053396046,0.11664138,0.18324552,-0.5771058,-0.008943451
216,0.08281423,-0.10566869,0.1266184,0.2618089,-0.19401044,0.14620122,0.054634303,-0.13427463,0.07142264,0.1462348,-0.04389715,0.60654867,0.019116487,0.013470614,0.007617249,0.15546417,-0.03578499,0.30291334,0.14353648,0.043376885,0.1680235,0.1636356,-0.16000307,-0.01696349,0.1586724,-0.023788482,0.16573492,0.09370131,-0.49645916,0.07209558,0.13555565,-0.05178796,0.11691854,0.18493548,-0.57356644,-0.008361905
217,0.08636871,-0.100712866,0.12887259,0.2684153,-0.19325072,0.14587055,0.05574843,-0.13508135,0.0704332,0.1505241,-0.044898678,0.60396695,0.019393098,0.009807052,0.007949547,0.1586592,-0.03638927,0.3039523,0.14305466,0.042570204,0.16736563,0.16511759,-0.15492366,-0.009044419,0.15728769,-0.021408513,0.16399275,0.09653015,-0.4920761,0.08332384,0.13079117,-0.05931275,0.11193895,0.1853862,-0.5713575,-0.009043328
218,0.08892175,-0.09854786,0.13115485,0.2675624,-0.19769292,0.14342596,0.058944102,-0.13380544,0.073181294,0.14959323,-0.049037147,0.6047349,0.020496706,0.011060324,0.009100116,0.1570412,-0.04024794,0.30272996,0.14420651,0.0424823,0.16853458,0.16383393,-0.15903331,-0.010902253,0.15884213,-0.018826831,0.16524564,0.09397412,-0.49699935,0.08027715,0.13421208,-0.061027575,0.115356326,0.18228224,-0.5707456,-0.0089749
219,0.08675474,-0.10019491,0.12935936,0.26603916,-0.19791386,0.14224584,0.057304326,-0.13313875,0.07266762,0.14879137,-0.047498215,0.60785127,0.019780375,0.012140155,0.008346887,0.15612538,-0.039176796,0.3043408,0.14481556,0.04185261,0.16920066,0.16378097,-0.16071711,-0.014682456,0.15954114,-0.02258499,0.16579805,0.09399091,-0.49904984,0.07838248,0.13473816,-0.05916536,0.116322525,0.18275419,-0.56807375,-0.008948796
220,0.08700475,-0.101055115,0.12914309,0.2685046,-0.19704005,0.14145406,0.05683709,-0.13601224,0.07172415,0.1513386,-0.047633857,0.6069374,0.018658565,0.01105135,0.0072421776,0.15601428,-0.0396142,0.302434,0.14376646,0.03907696,0.16817002,0.1637597,-0.16227657,-0.016642008,0.15844709,-0.024998883,0.16448657,0.09342463,-0.501348,0.07296932,0.13317192,-0.057960358,0.11532774,0.18340404,-0.57500565,-0.008841242
221,0.08482972,-0.103021525,0.1268664,0.27045378,-0.19714653,0.14288898,0.05410303,-0.13771187,0.069436304,0.15235075,-0.047745124,0.60688126,0.018931674,0.009877926,0.0074493084,0.15780878,-0.039466158,0.30324626,0.14496751,0.04168877,0.1693379,0.16476718,-0.16036929,-0.014464888,0.15936436,-0.0233244,0.16534539,0.09561605,-0.4996355,0.07698238,0.13232613,-0.061306212,0.11423315,0.1851675,-0.5768098,-0.008571971
222,0.08510475,-0.10242963,0.12716876,0.27028877,-0.19608735,0.14092946,0.054356344,-0.13774143,0.069989145,0.15216345,-0.045580518,0.6068037,0.016971132,0.01300056,0.0054624635,0.1560167,-0.037383944,0.3002712,0.14247547,0.04223815,0.16682874,0.16491438,-0.16180977,-0.018043993,0.15675819,-0.020046273,0.16259898,0.09277869,-0.5044804,0.075330496,0.13141133,-0.06523461,0.11422095,0.18489398,-0.57258177,-0.008830837
223,0.08395131,-0.10272022,0.1255202,0.27051806,-0.19697501,0.14136095,0.052539423,-0.13831346,0.06792718,0.15199926,-0.04722847,0.6088131,0.016788002,0.011177728,0.005292128,0.15626259,-0.03892758,0.3037061,0.14351457,0.040809996,0.16796692,0.16467372,-0.16103871,-0.01627575,0.15789062,-0.02378478,0.16374242,0.094276175,-0.50220096,0.077425554,0.13143614,-0.06429116,0.11386591,0.1836576,-0.5729016,-0.009401385
224,0.08432629,-0.10069338,0.12593897,0.26774564,-0.19842896,0.14052062,0.053218007,-0.1339639,0.06948371,0.14834262,-0.049073588,0.61002576,0.01826827,0.010989548,0.0067360085,0.15569092,-0.040495075,0.3043528,0.14606944,0.03831701,0.17045073,0.16573401,-0.16123603,-0.017503073,0.16039585,-0.02457442,0.16642068,0.095641285,-0.50278395,0.080020644,0.13399678,-0.06154457,0.116321675,0.18278776,-0.56416243,-0.00919993
225,0.08616571,-0.10124814,0.12765326,0.27065614,-0.19468501,0.1400648,0.054189984,-0.13879831,0.070143305,0.15113884,-0.04443849,0.6127226,0.016607104,0.01221022,0.0051331576,0.15530357,-0.036069103,0.30563888,0.14362162,0.038050525,0.16806562,0.16670014,-0.15954006,-0.018242113,0.15758291,-0.024276378,0.163377,0.09406759,-0.50431746,0.077850975,0.13116567,-0.06404003,0.114346884,0.18388489,-0.56663287,-0.0083539905
226,0.08555991,-0.10088826,0.12664081,0.27267268,-0.19666998,0.14123178,0.053111028,-0.14117934,0.068364,0.15293197,-0.047547333,0.61087424,0.017347818,0.010608133,0.005886919,0.15652005,-0.039172154,0.30540627,0.14486486,0.040329717,0.1693934,0.1658795,-0.15995985,-0.015767016,0.15908279,-0.02412722,0.16476357,0.09520194,-0.5027512,0.079203255,0.13185059,-0.067561306,0.11448637,0.18442139,-0.57007545,-0.00860022
227,0.08364293,-0.10181245,0.12463352,0.27343386,-0.19744544,0.13985147,0.05100693,-0.1428172,0.066479005,0.15296872,-0.04700571,0.6131546,0.014992521,0.011978726,0.0035306225,0.15524176,-0.038432643,0.30665278,0.14303942,0.040394887,0.1676214,0.16472243,-0.16062474,-0.016793286,0.15734129,-0.023928983,0.16288692,0.09318183,-0.5042446,0.07969374,0.13102017,-0.06774047,0.11416131,0.18341632,-0.5703305,-0.009358564
228,0.08368595,-0.10041614,0.124357216,0.27396777,-0.19743098,0.13755192,0.05063365,-0.14182551,0.06613451,0.15320143,-0.047824778,0.6111428,0.013676427,0.011341711,0.0021838741,0.1547206,-0.039287396,0.3032324,0.14186348,0.036553726,0.16629134,0.16507806,-0.1621178,-0.019091865,0.15590781,-0.024800371,0.1614376,0.09271955,-0.50684863,0.077804536,0.12937428,-0.06420179,0.113189936,0.18258204,-0.5714064,-0.009928792
229,0.08031678,-0.1045774,0.121637136,0.27080992,-0.19434352,0.13766283,0.04790077,-0.13965833,0.06588716,0.15104549,-0.04370322,0.6118214,0.013091978,0.0138091445,0.001472002,0.15323798,-0.03548212,0.30268955,0.14176674,0.039673336,0.16622902,0.16567369,-0.1608987,-0.023156801,0.15566091,-0.025751494,0.16124193,0.093862206,-0.5064003,0.08111695,0.12825768,-0.058857217,0.11250391,0.18543717,-0.56655884,-0.010835273
230,0.081874885,-0.10238273,0.12271891,0.2688899,-0.20035952,0.1374053,0.0502573,-0.13682653,0.06755573,0.1485522,-0.049367122,0.61145824,0.014209973,0.0142284045,0.0026522232,0.15219279,-0.040602516,0.3005504,0.14283143,0.03991153,0.16729411,0.16443239,-0.16516885,-0.024009105,0.15709293,-0.02106721,0.16232514,0.090911575,-0.5113626,0.076421656,0.13174222,-0.056421112,0.11583214,0.18065444,-0.5704836,-0.009543401
231,0.08473302,-0.100126326,0.12565279,0.27218807,-0.1977537,0.13807009,0.05231542,-0.13684663,0.0696547,0.15084851,-0.045633983,0.6139194,0.0155569585,0.012140649,0.0039954013,0.15584825,-0.036689468,0.30287394,0.14403623,0.03972686,0.16830117,0.1690727,-0.16021715,-0.020862022,0.15698914,-0.018527742,0.16198452,0.09358849,-0.5107498,0.07962692,0.12827726,-0.05834624,0.112619124,0.18205176,-0.57353234,-0.008035331
232,0.085263275,-0.10187026,0.12598714,0.2721151,-0.20292504,0.1394575,0.053581145,-0.13816525,0.07053942,0.15123378,-0.05058268,0.61615354,0.01841433,0.010688345,0.006916168,0.15656345,-0.041140534,0.30554527,0.14769785,0.04278983,0.17211898,0.1681927,-0.1616071,-0.018775731,0.16108482,-0.016674679,0.16574925,0.09363139,-0.5105954,0.07879346,0.1324098,-0.057921212,0.11618961,0.18085054,-0.58253497,-0.0074992203
233,0.085245736,-0.10080332,0.1253201,0.27573413,-0.20138375,0.13863075,0.052086633,-0.13977279,0.068709664,0.1539641,-0.05090784,0.61337,0.017880166,0.008105952,0.0063539594,0.1581183,-0.04174841,0.30414233,0.14750133,0.041000057,0.17183872,0.16927677,-0.16054624,-0.017625572,0.16047692,-0.018584045,0.16503833,0.09601664,-0.50910294,0.08286689,0.12951672,-0.059771944,0.11348464,0.18351382,-0.58061296,-0.006019867
234,0.0872874,-0.10152715,0.12756275,0.27367365,-0.19583698,0.13778459,0.054252338,-0.14084111,0.07156181,0.1529753,-0.043511797,0.6202229,0.01709842,0.013207481,0.0055861827,0.15367982,-0.0350684,0.30937344,0.14571276,0.0449226,0.17047599,0.16739227,-0.15735282,-0.019999309,0.15907533,-0.022285365,0.16336451,0.094011314,-0.5069719,0.08819179,0.12895437,-0.061469052,0.113637164,0.18466593,-0.5704457,-0.005255088
235,0.085424796,-0.09755391,0.12447378,0.27333328,-0.19954434,0.1362724,0.05123932,-0.13852051,0.067494385,0.15170197,-0.05038073,0.614643,0.015665863,0.009961609,0.0040830593,0.15256633,-0.042485047,0.30607083,0.14560956,0.0395042,0.17037751,0.16444871,-0.16222626,-0.02171128,0.15957023,-0.030736683,0.16408993,0.095157914,-0.5064978,0.08847278,0.12932676,-0.059711643,0.11377966,0.183339,-0.5679687,-0.006228651
236,0.086130805,-0.09665031,0.12513551,0.2739905,-0.19884081,0.1347564,0.051755697,-0.13952091,0.068057895,0.1515037,-0.04793072,0.6152097,0.013844721,0.013151206,0.0022435416,0.15118337,-0.039755076,0.30342707,0.14307058,0.0411048,0.16777019,0.1650888,-0.1627795,-0.024171984,0.15675975,-0.02387554,0.16094734,0.09159274,-0.511791,0.087672785,0.12846918,-0.06704904,0.113959864,0.18310949,-0.5644857,-0.005506643
237,0.08550424,-0.0974079,0.123967946,0.27464786,-0.20204116,0.13632369,0.05086928,-0.1394599,0.06693713,0.15145601,-0.053114995,0.6122318,0.015738849,0.009876356,0.0041171755,0.15236431,-0.044558167,0.30132878,0.14570762,0.04136621,0.17037243,0.16476303,-0.16389856,-0.02301511,0.15953502,-0.023538664,0.16365062,0.09302092,-0.5110388,0.085719556,0.13036819,-0.06596119,0.115411945,0.18353184,-0.575645,-0.0050754426
238,0.08655866,-0.100805245,0.12553687,0.27294064,-0.19356948,0.13761896,0.051656783,-0.14050718,0.06921061,0.15085201,-0.042242035,0.6215612,0.015488008,0.0119734155,0.0038547153,0.15107612,-0.034088064,0.3094757,0.14498872,0.042941455,0.16987178,0.16713907,-0.15646343,-0.023500627,0.15816487,-0.02832104,0.16213204,0.09406105,-0.50706637,0.08891203,0.12677984,-0.062119227,0.1125803,0.18521911,-0.5761108,-0.0047867955
239,0.09015097,-0.09520469,0.12774509,0.2761423,-0.19512811,0.13882253,0.053512648,-0.14131033,0.06900179,0.15118109,-0.04687756,0.61639446,0.016366247,0.007947717,0.0047559673,0.15248321,-0.038737547,0.3058049,0.14517911,0.040119633,0.16994266,0.166707,-0.15684134,-0.019918328,0.1582704,-0.027689114,0.16216332,0.09489703,-0.5062048,0.0904299,0.12606116,-0.064094394,0.11159381,0.18460979,-0.57980406,-0.006308399
240,0.08662388,-0.10046798,0.1245193,0.2734392,-0.19799508,0.14211826,0.050938506,-0.14085774,0.06774135,0.14902546,-0.049395427,0.61781573,0.018097628,0.007213416,0.0064404416,0.15220672,-0.04129142,0.30799356,0.14837429,0.044030976,0.17325374,0.16501357,-0.15831953,-0.02081152,0.16194569,-0.029938817,0.16588828,0.096317254,-0.50428784,0.09060644,0.12940177,-0.060317945,0.114364795,0.18634619,-0.58649707,-0.006965063
241,0.089834176,-0.09878902,0.12853852,0.2681455,-0.19870853,0.13767952,0.056127913,-0.1380687,0.07430007,0.14543948,-0.047375657,0.6200218,0.017343502,0.0150361005,0.0056410367,0.14684068,-0.040167365,0.30060506,0.14651181,0.046930484,0.17137192,0.1640387,-0.16674887,-0.032439485,0.16049911,-0.02278988,0.16401689,0.08826088,-0.51850945,0.078719094,0.13362052,-0.065613486,0.12037425,0.18429734,-0.5836191,-0.0071043894
242,0.08867042,-0.09541675,0.12651145,0.27408114,-0.20015712,0.1365877,0.053014882,-0.13967888,0.06994208,0.14999796,-0.05216219,0.61056924,0.017799042,0.0070893303,0.005943532,0.15128006,-0.04591619,0.29486346,0.14782308,0.04579609,0.17245397,0.16299435,-0.16724075,-0.02903223,0.1614324,-0.030023467,0.16495879,0.09437462,-0.5137834,0.08184024,0.12874523,-0.070025176,0.11468308,0.18759671,-0.5930821,-0.008074575
243,0.090301275,-0.100758895,0.12868468,0.2716089,-0.19228935,0.1393252,0.05461353,-0.1424765,0.07286732,0.1484885,-0.041983575,0.62293905,0.019518195,0.009214273,0.007647534,0.1495763,-0.036628027,0.30674422,0.1495677,0.051886752,0.17469625,0.16296248,-0.15859455,-0.02706784,0.16319335,-0.035222806,0.16627514,0.097004056,-0.5059027,0.091065325,0.12745646,-0.06835431,0.11337139,0.19088876,-0.58892953,-0.008941523
244,0.08985945,-0.095756404,0.12753442,0.27113044,-0.19609429,0.1352564,0.05376986,-0.13837744,0.07093863,0.1463101,-0.045414858,0.6230529,0.016991543,0.008188193,0.0051393183,0.14821732,-0.039771877,0.30548504,0.14781842,0.04385313,0.1727129,0.16186987,-0.16078393,-0.028129734,0.16124053,-0.0360226,0.16435403,0.09510428,-0.50953454,0.091218635,0.12643898,-0.06515122,0.11297617,0.18582797,-0.5847283,-0.0087495595
245,0.0881167,-0.09552409,0.12568106,0.27201292,-0.19864684,0.13400991,0.05216009,-0.13821258,0.06917563,0.14646706,-0.0470594,0.6206511,0.01491369,0.009248104,0.0030451785,0.1476651,-0.041065283,0.3009834,0.14569214,0.043433655,0.17041954,0.16119272,-0.1632177,-0.029888166,0.15897568,-0.030626437,0.16194932,0.09217059,-0.51414895,0.09003632,0.12580256,-0.067760155,0.11297226,0.18436483,-0.5857728,-0.007996377
246,0.08532253,-0.09734802,0.12277207,0.2722491,-0.20399365,0.13375194,0.049998768,-0.1378426,0.0672544,0.14575893,-0.051513262,0.6190908,0.014588949,0.010144996,0.0027096556,0.14728785,-0.044527255,0.29807112,0.14591265,0.045910753,0.17059906,0.15997443,-0.16531503,-0.029803466,0.1594061,-0.023374068,0.16216147,0.08980686,-0.51719046,0.091232896,0.12796594,-0.070296995,0.11516676,0.18247217,-0.589685,-0.00744556
247,0.084940866,-0.09948713,0.122727446,0.27640432,-0.20070645,0.13581894,0.049027517,-0.14050454,0.06668787,0.15061928,-0.048428252,0.62037593,0.015403863,0.008304017,0.0035053506,0.15054554,-0.041534282,0.2995237,0.14734088,0.045762938,0.17196661,0.16380553,-0.1622391,-0.029057886,0.15999836,-0.02396322,0.16268952,0.09307242,-0.5165425,0.09161476,0.12549695,-0.073058836,0.11308616,0.18722,-0.59547806,-0.006119537
248,0.083740056,-0.10046582,0.121670626,0.27658868,-0.19817112,0.13453898,0.047678698,-0.1398886,0.06588446,0.1518689,-0.04540366,0.6222395,0.0134686325,0.009233425,0.0015458019,0.1494925,-0.03861999,0.29991096,0.1457282,0.041958727,0.17033485,0.16501987,-0.16137512,-0.03208866,0.15795054,-0.026828524,0.160683,0.09281622,-0.51812315,0.09088272,0.12284105,-0.06840212,0.11137558,0.18733619,-0.5951007,-0.005076797
249,0.08830662,-0.09745104,0.12579356,0.27540576,-0.19826885,0.1339518,0.052329026,-0.13792378,0.069820434,0.15097743,-0.045654275,0.6255933,0.015255842,0.009697406,0.0033864987,0.14838687,-0.03845754,0.30165294,0.14702137,0.038781643,0.17167856,0.16613401,-0.16040225,-0.03212197,0.15916494,-0.026178053,0.16161357,0.09174984,-0.51981837,0.08879219,0.12440226,-0.063119,0.11335786,0.18398069,-0.5978149,-0.0038459804
250,0.08496112,-0.09865902,0.12256458,0.27600336,-0.20115621,0.13562346,0.049319662,-0.1357387,0.06748893,0.15072022,-0.048531834,0.62405294,0.017052654,0.007455064,0.005135121,0.1506372,-0.040720195,0.3027947,0.15009347,0.04156548,0.1747178,0.16608822,-0.1579089,-0.027955666,0.16217159,-0.025351722,0.16463171,0.095367976,-0.51490325,0.097966164,0.12512243,-0.0614834,0.113185756,0.18469417,-0.596907,-0.0022266954
