Epoch,Layer0_theta_1,Layer0_r,Layer0_theta_2,Layer0_bx,Layer0_bp,Layer0_gamma,Layer1_theta_1,Layer1_r,Layer1_theta_2,Layer1_bx,Layer1_bp,Layer1_gamma,Layer2_theta_1,Layer2_r,Layer2_theta_2,Layer2_bx,Layer2_bp,Layer2_gamma,Layer3_theta_1,Layer3_r,Layer3_theta_2,Layer3_bx,Layer3_bp,Layer3_gamma,Layer4_theta_1,Layer4_r,Layer4_theta_2,Layer4_bx,Layer4_bp,Layer4_gamma,Layer5_theta_1,Layer5_r,Layer5_theta_2,Layer5_bx,Layer5_bp,Layer5_gamma
1,0.074578665,0.051255193,0.07458901,0.07357586,0.038487777,0.06844796,0.07455832,0.054544464,0.074538715,0.072869785,0.018162116,0.06296884,0.07450886,0.06043879,0.07445551,0.07107642,0.0043701893,0.028214624,0.074437976,0.06583997,0.07433804,0.06838186,-0.005455433,0.00856984,0.074328825,0.06918689,0.07418884,0.06561647,-0.01734021,5.6944788e-05,0.07417886,0.0708401,0.07403503,0.06526616,-0.065150455,0.00046912808
2,0.14330289,0.012526107,0.14467193,0.119154334,0.07036736,0.14640084,0.14440286,0.026155297,0.14395705,0.1113097,0.010975035,0.13772018,0.14372535,0.059845082,0.14143656,0.10098229,-0.017790701,0.07932618,0.14087695,0.08667546,0.13663185,0.09911034,-0.0334415,0.016684905,0.1359022,0.09927101,0.12938038,0.10396609,-0.051569432,-0.0045254147,0.12847915,0.106441356,0.12221122,0.11293026,-0.12860538,-0.002806084
3,0.13218677,-0.045173742,0.13631964,0.13862287,0.078982204,0.19249657,0.14326565,-0.02461739,0.14157514,0.11771054,0.016344903,0.17482337,0.14541551,0.031312257,0.13648254,0.0994616,-0.00568312,0.09382014,0.13690653,0.07036844,0.121921256,0.11125286,-0.017764138,-0.00016700057,0.120970644,0.09826293,0.101471834,0.1296127,-0.033742677,-0.012592976,0.09998208,0.12484969,0.08355716,0.14458682,-0.1297358,-0.006010235
4,0.1071986,-0.07755112,0.11551187,0.1366502,0.034067616,0.20922944,0.13137802,-0.04245409,0.13024119,0.10481901,-0.016792003,0.1767571,0.13937356,0.030587556,0.12666984,0.081431024,-0.016913706,0.061503273,0.12912847,0.06481768,0.109176464,0.102597505,-0.0151344,-0.055774085,0.10874583,0.10423233,0.083820835,0.12369741,-0.021595068,-0.055641714,0.08295962,0.14352326,0.0628898,0.14004697,-0.121023685,-0.0071638357
5,0.105568655,-0.08813948,0.11994235,0.12420925,0.0228922,0.24501029,0.14257431,-0.03195044,0.14304487,0.090625405,-0.018178852,0.20170137,0.15678568,0.054233555,0.14356667,0.07132262,-0.0064366097,0.054680742,0.14704347,0.073065095,0.12835842,0.10112942,-0.00043917855,-0.09112501,0.1268733,0.111258924,0.104102194,0.120479725,-0.0025829214,-0.07720346,0.10295515,0.148913,0.08593408,0.13548559,-0.11312845,-0.008580993
6,0.08285978,-0.092526905,0.10238369,0.11521441,0.025150398,0.2911326,0.13201286,-0.019906612,0.13324337,0.07889997,-0.013559608,0.23807879,0.15335013,0.06242673,0.14215997,0.06874625,0.008174842,0.06444314,0.14753935,0.057361804,0.13177651,0.10680941,0.011255422,-0.12476231,0.12819684,0.101120904,0.10751666,0.11758175,0.013839665,-0.1057129,0.10620713,0.14399028,0.08981118,0.12727943,-0.10076257,-0.009216722
7,0.061692603,-0.09491529,0.085028656,0.10862719,0.010673249,0.33036435,0.1216531,-0.008711943,0.12323717,0.069290414,-0.02779722,0.26964343,0.15018444,0.06696857,0.141833,0.06655769,0.006205872,0.07600302,0.14958633,0.03994132,0.13641913,0.10867632,0.006069185,-0.15989134,0.13088769,0.09281921,0.112043016,0.10710798,0.014032655,-0.141975,0.11127756,0.14106482,0.09539589,0.11084588,-0.09625296,-0.009407346
8,0.053987272,-0.1024964,0.07974946,0.10370354,0.004864473,0.36453402,0.12214759,-0.000758416,0.12399023,0.06278058,-0.033228837,0.30254376,0.15576726,0.07864867,0.14998414,0.06424626,0.011783095,0.09864375,0.15909716,0.036116067,0.14803445,0.10919389,0.007997885,-0.17191748,0.14057642,0.091181085,0.12391671,0.099501014,0.015515027,-0.1597018,0.12354169,0.13682829,0.1085633,0.101928264,-0.099823594,-0.010183005
9,0.040678512,-0.11323225,0.06781048,0.104537025,-0.00023637588,0.388093,0.11645973,0.0014288061,0.11842013,0.05960974,-0.039393213,0.32604915,0.15346426,0.088251784,0.14980592,0.060922854,0.017572885,0.12021705,0.15960895,0.03378887,0.15006107,0.10841183,0.01005904,-0.17487375,0.14116906,0.08993006,0.12622206,0.092936195,0.014756423,-0.17651163,0.12622851,0.1328385,0.1107869,0.09681311,-0.10409312,-0.010757135
10,0.033015646,-0.12252149,0.06084677,0.105648674,-0.004877905,0.40309083,0.11387769,0.0014375431,0.11588536,0.058127888,-0.04553348,0.34156305,0.15269469,0.09680311,0.15041244,0.05822771,0.021321252,0.13539246,0.1604388,0.0354846,0.15182602,0.10742578,0.011216161,-0.17433815,0.14220633,0.09238283,0.12898214,0.086886205,0.013230113,-0.18834215,0.12958638,0.13025846,0.11386538,0.09349471,-0.110360146,-0.010929984
11,0.03207651,-0.12795416,0.05991654,0.10725201,-0.0074864333,0.41065294,0.11495348,0.0011844668,0.116981566,0.058435965,-0.05029005,0.35013968,0.15426463,0.10405974,0.15267152,0.056684237,0.022321217,0.14281322,0.16245571,0.040758505,0.15436761,0.106161796,0.011357298,-0.17085609,0.14472117,0.09710494,0.13311033,0.082102366,0.010950345,-0.19284488,0.13431258,0.1283427,0.1185291,0.09191511,-0.117636144,-0.010714359
12,0.027366871,-0.13123031,0.05510201,0.11108227,-0.008550665,0.41464296,0.11219576,-0.0002720169,0.11423174,0.060972728,-0.05485447,0.3539947,0.15178324,0.1072995,0.15070407,0.057081472,0.02187814,0.14735049,0.16033112,0.042540118,0.1525289,0.10674524,0.009204651,-0.16796054,0.14299057,0.09976648,0.1327052,0.0788377,0.007472579,-0.19901471,0.13436234,0.12706855,0.11831056,0.090542145,-0.12322882,-0.010614023
13,0.027259743,-0.13288513,0.054631524,0.11404229,-0.006362477,0.41647735,0.1125814,-0.0018162767,0.11462334,0.06438603,-0.056550644,0.35585988,0.15164462,0.110302016,0.15069802,0.058788244,0.022340896,0.14947166,0.15996939,0.046188604,0.1522949,0.10830524,0.008324286,-0.16416343,0.14309551,0.10450456,0.13437988,0.076274484,0.0061316816,-0.200757,0.13658732,0.1262347,0.12056752,0.09046981,-0.13027538,-0.01021581
14,0.025754439,-0.13327263,0.052961737,0.1169947,-0.004291027,0.4158361,0.11200681,-0.0036445737,0.11405309,0.06817657,-0.058442056,0.3542268,0.15046549,0.11152014,0.14941162,0.061049428,0.022115147,0.14865205,0.15836392,0.048544787,0.15064023,0.110325105,0.0066019814,-0.16280627,0.14185874,0.10883436,0.1344704,0.07417045,0.004759056,-0.20436858,0.13722478,0.12644675,0.12124483,0.09019975,-0.1365403,-0.009991854
15,0.025210973,-0.13334598,0.05210455,0.11953442,-0.0015702734,0.41548914,0.112133354,-0.0056907046,0.11418556,0.07235645,-0.06021416,0.35261673,0.14995423,0.112345,0.14881997,0.06377575,0.021729272,0.14756885,0.1575439,0.050971415,0.14971378,0.11255688,0.004651192,-0.16245973,0.14130697,0.113716975,0.13539457,0.07174785,0.0035971203,-0.20875296,0.13881046,0.12693402,0.12292748,0.0898782,-0.143328,-0.009799355
16,0.02498835,-0.13312611,0.05127117,0.12242115,0.0015894317,0.41561663,0.112021975,-0.007497416,0.11406537,0.0764796,-0.061480753,0.3521724,0.14904192,0.11344237,0.14800677,0.065792084,0.021698708,0.14784423,0.15634908,0.053899627,0.1485086,0.11376873,0.0038186933,-0.15968956,0.14045306,0.11803641,0.1360366,0.069166325,0.0034228996,-0.2109478,0.14003313,0.12682286,0.12404757,0.08979933,-0.1489589,-0.009658613
17,0.023732653,-0.13283247,0.049634207,0.12472135,0.005428959,0.4158625,0.11149155,-0.009007659,0.11353775,0.08008552,-0.06194428,0.3515114,0.14785126,0.11489241,0.14692485,0.067432284,0.022949735,0.1483349,0.154853,0.056967348,0.14700995,0.11484178,0.003872282,-0.15769777,0.13924727,0.12203859,0.13634108,0.066897884,0.0038602825,-0.2146966,0.14091296,0.12689419,0.12485853,0.089799695,-0.15295276,-0.009475099
18,0.023965893,-0.13222694,0.048951708,0.12725341,0.008444358,0.41717628,0.11173801,-0.010672093,0.1137431,0.08377464,-0.063305624,0.3522751,0.14749709,0.115176305,0.14696194,0.06877716,0.022168571,0.14941135,0.15457976,0.059449967,0.14671937,0.114915155,0.0026140204,-0.15576562,0.13921143,0.1251572,0.13756154,0.063965,0.0036081776,-0.21747419,0.1427024,0.12675706,0.12638713,0.08931286,-0.15758987,-0.009377472
19,0.023179447,-0.13202505,0.04727322,0.12963046,0.012708609,0.41838333,0.111051,-0.012177854,0.113007456,0.087050974,-0.0631726,0.3532089,0.14616,0.11590717,0.14608343,0.06943442,0.023657663,0.15143713,0.15322724,0.06204787,0.14542788,0.114524715,0.003739625,-0.15234718,0.13811478,0.12751727,0.13772625,0.06162844,0.0048397183,-0.21972188,0.1433468,0.12628624,0.12662855,0.08952264,-0.16070503,-0.00899819
20,0.022385709,-0.13122025,0.045694925,0.13166283,0.014049808,0.41895825,0.110648155,-0.013362436,0.112560205,0.08988107,-0.06566303,0.35315496,0.14529571,0.11670643,0.14556678,0.06938758,0.022671647,0.152023,0.15226251,0.06501915,0.14448209,0.11312415,0.0029753014,-0.15084419,0.13747321,0.13009574,0.13824023,0.05841702,0.005230416,-0.22290759,0.14441171,0.12638086,0.12738599,0.088470206,-0.16303238,-0.008835162
21,0.022205433,-0.13084875,0.044682764,0.13267818,0.01903365,0.42119932,0.11096311,-0.014572483,0.11282188,0.09232937,-0.0646533,0.3544245,0.1453838,0.11700047,0.14618318,0.069791764,0.02458038,0.153806,0.1525487,0.067355484,0.14472051,0.11250726,0.003963646,-0.15023784,0.13783552,0.13181588,0.13959396,0.05643117,0.0065927966,-0.22676924,0.14627738,0.12640892,0.12900382,0.08837236,-0.16508462,-0.00879322
22,0.019883892,-0.13028954,0.04172437,0.13427746,0.02195539,0.4223051,0.10982152,-0.016086482,0.1116119,0.094609,-0.06543031,0.35416037,0.14424516,0.116274424,0.14543493,0.06982718,0.024743529,0.1539804,0.1515124,0.06858938,0.14354213,0.11161925,0.0032582888,-0.1516333,0.13687366,0.1324461,0.13924435,0.05454368,0.0071637197,-0.23229606,0.14637716,0.1269492,0.12881197,0.08753225,-0.1660524,-0.008764721
23,0.019768078,-0.1297534,0.040949102,0.1347212,0.025912667,0.4228776,0.11049055,-0.016840564,0.11223274,0.0957729,-0.06426698,0.3541071,0.14458315,0.11689414,0.14607707,0.068675384,0.026814325,0.15466641,0.1515235,0.071807325,0.1434511,0.1096405,0.0051389653,-0.15099792,0.1371175,0.13371363,0.14013591,0.052949417,0.009812195,-0.23440076,0.14773718,0.12731773,0.12994733,0.08743069,-0.16621496,-0.008677691
24,0.019097587,-0.12917839,0.03934391,0.13604681,0.028208632,0.4243484,0.11033937,-0.01800003,0.111974664,0.097617425,-0.06524524,0.35488942,0.14430855,0.11646457,0.14628047,0.067869194,0.026531994,0.15582596,0.15132584,0.073607855,0.14318644,0.10767792,0.0049953447,-0.15081309,0.13710935,0.13407019,0.14067015,0.0507944,0.011385857,-0.23666967,0.14869703,0.12749222,0.13053915,0.08654782,-0.1666209,-0.008816394
25,0.018627208,-0.12854742,0.03814715,0.13682513,0.031139653,0.4251438,0.110784255,-0.019174082,0.1123318,0.09893281,-0.065081455,0.35456124,0.14475107,0.11579036,0.1469924,0.066840254,0.026849387,0.15554409,0.15154704,0.07570143,0.14315641,0.10574352,0.005065469,-0.15205067,0.1374502,0.13438825,0.14124426,0.04938886,0.01325385,-0.2394922,0.14969464,0.12827364,0.1312711,0.0859262,-0.16655622,-0.00910845
26,0.016325528,-0.12840718,0.03520147,0.13789934,0.036742665,0.42761785,0.10980568,-0.020625953,0.11122832,0.10026139,-0.062391058,0.35597485,0.14399908,0.11428201,0.14666931,0.06627976,0.029475823,0.15748352,0.1508501,0.07626656,0.14226058,0.10495253,0.0064146523,-0.15274343,0.13676332,0.13284068,0.14061412,0.04944654,0.01630962,-0.24229836,0.14927596,0.1285776,0.13060346,0.08591296,-0.16505527,-0.008998642
27,0.016224192,-0.12751618,0.034717668,0.13776642,0.036137808,0.42662007,0.111079924,-0.021016503,0.11248018,0.10049495,-0.06518598,0.35364106,0.14536068,0.11475219,0.14803599,0.06404213,0.027654694,0.1549148,0.15162425,0.079620175,0.14278695,0.10172455,0.0051620365,-0.15610379,0.13781564,0.13414091,0.14195539,0.04704866,0.017080666,-0.24600875,0.15118936,0.12994424,0.13231373,0.08447894,-0.16492257,-0.00875448
28,0.013731308,-0.12730768,0.032031365,0.13795617,0.0416342,0.4271365,0.110566854,-0.022383908,0.11190842,0.10121878,-0.062374756,0.35229042,0.14508832,0.113208935,0.14785725,0.0634399,0.030665439,0.15424736,0.15102091,0.080315284,0.1417627,0.10120596,0.0063438998,-0.15960309,0.13710669,0.13308471,0.14121139,0.04748941,0.019419055,-0.25113854,0.15079837,0.13092995,0.1317141,0.08492822,-0.16400652,-0.008675099
29,0.014539063,-0.12665652,0.03206549,0.13825187,0.044597447,0.4275905,0.11179155,-0.023076987,0.11302602,0.10210032,-0.06170138,0.35207137,0.14608972,0.113212906,0.14906059,0.061854642,0.03155883,0.15440176,0.15159632,0.08300033,0.1421792,0.098781,0.007778015,-0.15949936,0.137938,0.13336451,0.14230433,0.046250157,0.022343902,-0.251149,0.1523087,0.1313743,0.13284911,0.08489885,-0.16399895,-0.008481665
30,0.012012936,-0.1259326,0.028813438,0.13945423,0.047736518,0.42939526,0.11058729,-0.02449972,0.11165109,0.1035665,-0.061916575,0.35249534,0.14515245,0.111489184,0.14854778,0.060966756,0.031532265,0.15513179,0.15082228,0.08327073,0.14115795,0.09718108,0.0071519283,-0.16184561,0.13716446,0.13180706,0.14155501,0.045285404,0.023785638,-0.25523487,0.1518602,0.13196541,0.13201843,0.08406367,-0.16323338,-0.008545923
31,0.013560751,-0.12509066,0.029513124,0.14003357,0.050160293,0.42983112,0.112210676,-0.024990497,0.11315968,0.104439765,-0.061594833,0.35279074,0.1463945,0.11196344,0.14994308,0.059092805,0.0318717,0.1557115,0.15148889,0.086624295,0.14175853,0.09442547,0.008651106,-0.16063464,0.1382578,0.13228783,0.14299469,0.04388592,0.027355213,-0.2530426,0.15370479,0.13222423,0.13344812,0.08406667,-0.16292395,-0.008600508
32,0.010836895,-0.12429338,0.02618964,0.14113991,0.052064538,0.43150732,0.11099388,-0.026706344,0.11177462,0.10610638,-0.06326702,0.3521109,0.145837,0.10967589,0.14966162,0.058563884,0.030211225,0.1544473,0.15113096,0.08631986,0.14097647,0.093118176,0.006090852,-0.16589431,0.13775635,0.13072342,0.14232619,0.04288805,0.026809936,-0.25978774,0.15342598,0.13335186,0.13281357,0.08275505,-0.16235135,-0.008809236
33,0.012079294,-0.12391402,0.02665112,0.14124127,0.057673488,0.4326184,0.11254743,-0.027425768,0.11317732,0.10660226,-0.05943308,0.35299045,0.14696528,0.10910923,0.15100035,0.05697355,0.033569477,0.15632656,0.15173656,0.08844133,0.14142889,0.091359004,0.009699811,-0.16414762,0.1386426,0.1299516,0.14324027,0.043001745,0.032049086,-0.25643525,0.1546134,0.1332988,0.13364203,0.083855115,-0.16187717,-0.009180944
34,0.010385604,-0.122842215,0.024712121,0.14187743,0.058272943,0.43144926,0.11249985,-0.028665645,0.11306,0.107557744,-0.061375618,0.34992674,0.14711684,0.10815886,0.15100162,0.05544218,0.03189328,0.15304518,0.15121734,0.09042437,0.14041413,0.08914585,0.008118083,-0.16853873,0.13822152,0.13013579,0.14274038,0.041903853,0.032568093,-0.2610537,0.15460394,0.13495576,0.13331023,0.08306967,-0.16138203,-0.009372525
35,0.0092262,-0.122289486,0.023016261,0.14248587,0.06158978,0.4317345,0.11253459,-0.02936214,0.11291072,0.1075806,-0.059681214,0.3497536,0.14704175,0.10690045,0.15115784,0.053039186,0.033465594,0.15374705,0.15067425,0.09179448,0.13959607,0.08672202,0.009714946,-0.16901642,0.13792865,0.12847777,0.14205489,0.041967187,0.03623198,-0.26086715,0.15410681,0.13564807,0.13242564,0.08319419,-0.15967144,-0.009532675
36,0.010646661,-0.12128648,0.023801045,0.14265624,0.064517684,0.4334928,0.1144695,-0.030174255,0.1147123,0.108711846,-0.059218317,0.3500827,0.14912675,0.106460966,0.15329732,0.05213124,0.03310911,0.15348181,0.15241462,0.0940234,0.14106858,0.08518137,0.009503909,-0.17089212,0.13983724,0.12850788,0.14399761,0.041168913,0.038155314,-0.26101333,0.15644166,0.13636974,0.13453045,0.08285742,-0.15987936,-0.009906133
37,0.0073329187,-0.12060874,0.020395478,0.1432951,0.06835869,0.43437022,0.11293091,-0.031814333,0.11309615,0.11026771,-0.059053242,0.34858826,0.14806391,0.104745656,0.15219985,0.05220034,0.03342644,0.15202582,0.1512107,0.09401065,0.13940558,0.08502498,0.008396483,-0.17607236,0.13842711,0.12723199,0.14266425,0.041354932,0.037812296,-0.2683759,0.15550056,0.13727996,0.13324492,0.08300918,-0.1592027,-0.009766636
38,0.008118272,-0.11996739,0.020896975,0.14284843,0.07028289,0.43348303,0.11459987,-0.03200137,0.11473733,0.109900504,-0.05873018,0.3471859,0.14956631,0.105555005,0.15355544,0.04945847,0.034341972,0.15108332,0.15175986,0.0975527,0.1398311,0.08224274,0.01022527,-0.17698108,0.13951744,0.12747844,0.14394702,0.040605646,0.041416433,-0.26712218,0.1572245,0.13786665,0.13459969,0.08347849,-0.1583904,-0.009713307
39,0.0069559673,-0.11914261,0.019075511,0.14421816,0.07192293,0.43429074,0.11417254,-0.03311758,0.1140935,0.111191384,-0.059662916,0.3472184,0.14914185,0.104206026,0.15331367,0.04816965,0.03333458,0.15139654,0.15112813,0.09823975,0.1389875,0.08037788,0.009609684,-0.1781127,0.13906099,0.12606871,0.14341897,0.039755654,0.042819727,-0.26812488,0.15694878,0.13824597,0.13373716,0.08315527,-0.15817896,-0.009843617
40,0.0077907015,-0.11795481,0.018980669,0.14502539,0.0750069,0.4365055,0.11503077,-0.034055214,0.114718094,0.11302891,-0.059675444,0.348417,0.149944,0.10328878,0.15439229,0.047652975,0.03274134,0.1526597,0.15196142,0.09926104,0.13967328,0.078843944,0.009485024,-0.1785499,0.14000188,0.12523249,0.14451626,0.038485464,0.044422165,-0.26775664,0.15836425,0.13831139,0.1345978,0.082934454,-0.15957372,-0.009750491
41,0.007732029,-0.11717012,0.018154608,0.14621556,0.079372354,0.43750075,0.11478162,-0.034887876,0.11425815,0.11471415,-0.057892207,0.34918803,0.14932011,0.102662,0.15398082,0.04698884,0.03436523,0.15435055,0.15109831,0.100463465,0.1387119,0.07761307,0.011408593,-0.17712028,0.13938409,0.12405423,0.14405267,0.038401645,0.04707991,-0.2668574,0.1581833,0.13808948,0.13371038,0.0839691,-0.15930668,-0.009254076
42,0.005394253,-0.116303466,0.015781464,0.14638257,0.079722576,0.43635035,0.11399071,-0.035597797,0.11342613,0.11469693,-0.059955526,0.34666184,0.14882395,0.10199883,0.15336296,0.044790745,0.03306462,0.15185158,0.1500063,0.10206135,0.13723466,0.07525565,0.010163999,-0.18158218,0.1384674,0.123377,0.14308736,0.037708953,0.047250036,-0.27152207,0.15765248,0.13917075,0.13275659,0.08364046,-0.15749729,-0.008972816
43,0.0077182916,-0.11529922,0.017620172,0.14590578,0.08314476,0.43726444,0.11654355,-0.036654744,0.1158929,0.11572284,-0.058587003,0.34556824,0.15154605,0.10111251,0.15593536,0.044423223,0.033519767,0.15000583,0.15224352,0.103792615,0.13893443,0.07451895,0.010203963,-0.18461479,0.14064956,0.123875104,0.14522019,0.037303187,0.048570346,-0.27169892,0.16029112,0.14004175,0.13512784,0.08413899,-0.15946954,-0.008961688
44,0.006223176,-0.114900045,0.015533355,0.14672852,0.08615063,0.43834227,0.11575504,-0.037466414,0.11483025,0.11624276,-0.05771881,0.34608394,0.15075536,0.099196985,0.15548843,0.042743713,0.034542862,0.15140787,0.15141247,0.10342395,0.13789697,0.07289701,0.010926765,-0.18558744,0.13999489,0.12114677,0.14419429,0.037416324,0.05069506,-0.27228472,0.1594711,0.14015314,0.13363992,0.08447894,-0.15832599,-0.0091219
45,0.005662357,-0.114370175,0.014509106,0.14736716,0.08821612,0.43856886,0.115780964,-0.038006514,0.114659525,0.11638379,-0.05731703,0.34588778,0.15073062,0.09795494,0.1556175,0.040795088,0.03501042,0.15168396,0.1510546,0.10409453,0.13734037,0.07106097,0.011390842,-0.18678014,0.13993804,0.11939945,0.14388488,0.037212368,0.05279972,-0.27197418,0.15941218,0.14045131,0.13298103,0.08484135,-0.15764204,-0.009346385
46,0.006851079,-0.1130763,0.015259267,0.14734381,0.08824425,0.43867418,0.11733526,-0.038322233,0.11610917,0.116944365,-0.05932155,0.34443435,0.15256314,0.0977599,0.15739854,0.03919498,0.032813758,0.14931607,0.15246059,0.10628315,0.13840804,0.06875552,0.009743962,-0.19032422,0.14157195,0.11973655,0.1454174,0.035653733,0.05281603,-0.2732558,0.16142844,0.14161079,0.13456374,0.084108956,-0.15855072,-0.009722176
47,0.0067926464,-0.112135686,0.014397687,0.14844203,0.08981727,0.4397735,0.11708598,-0.03833254,0.11558806,0.11781033,-0.06011112,0.34555686,0.15220489,0.09742011,0.1574083,0.037308212,0.032242455,0.15084954,0.15208519,0.1073663,0.13808075,0.066214666,0.009997205,-0.19000952,0.1416143,0.118073545,0.14537093,0.034495186,0.054370623,-0.27261567,0.16162576,0.14165813,0.13393132,0.08397869,-0.15824457,-0.009957822
48,0.005998655,-0.11161663,0.013095945,0.1497152,0.095754035,0.44164357,0.11635163,-0.039407674,0.11463705,0.11964065,-0.056689475,0.34673914,0.15132244,0.0958792,0.15669316,0.037581492,0.034922436,0.15260902,0.15109779,0.107343525,0.1368441,0.06647962,0.011729168,-0.18974629,0.14064237,0.11618799,0.14433606,0.035630003,0.056197703,-0.27330387,0.16080825,0.14141865,0.13243529,0.08576523,-0.15781385,-0.009917748
49,0.0063770954,-0.11053201,0.013471438,0.14895327,0.09882367,0.4410545,0.1173049,-0.040373858,0.11567838,0.12099156,-0.056328427,0.34380102,0.15245417,0.095666595,0.15741901,0.037785247,0.035027847,0.1491394,0.15156578,0.10950594,0.13674895,0.06604068,0.011543991,-0.19406886,0.14100744,0.1173889,0.1450499,0.035094872,0.056015138,-0.27683493,0.16216956,0.14231856,0.13345788,0.08669843,-0.15967149,-0.009910647
50,0.006062018,-0.109418124,0.012745843,0.14901802,0.10042768,0.44199604,0.11738423,-0.040619098,0.11561477,0.12151327,-0.05712581,0.34402528,0.15267429,0.09529199,0.1577983,0.036423795,0.034286916,0.14932084,0.15171269,0.11051445,0.13681121,0.0642996,0.010988692,-0.19598056,0.14141421,0.11632341,0.14549236,0.03411093,0.05668585,-0.27776107,0.16292478,0.14253931,0.13368842,0.086538784,-0.15982404,-0.009974407
51,0.0045590876,-0.10817645,0.011119877,0.14954253,0.098683745,0.43980494,0.11689052,-0.041171044,0.11505252,0.12149874,-0.0606953,0.34129974,0.15228371,0.09510806,0.15728496,0.033689987,0.031427912,0.14644021,0.15061913,0.11243393,0.13545054,0.061338916,0.009275755,-0.1985671,0.14076588,0.11607185,0.14478073,0.03271346,0.05666056,-0.2793922,0.16260426,0.14334942,0.13274483,0.08617758,-0.15895191,-0.010368845
52,0.0053741154,-0.10768488,0.011285572,0.14983915,0.10826553,0.44478354,0.11717042,-0.04191648,0.115074806,0.12323598,-0.05353636,0.34563884,0.15247378,0.09366729,0.1578605,0.035126854,0.03713222,0.15127695,0.15119956,0.11167162,0.1360175,0.06326766,0.012878692,-0.19708705,0.14130709,0.11338828,0.14537981,0.034866393,0.06001667,-0.27762753,0.16326447,0.14223482,0.13297355,0.08866765,-0.15911545,-0.01050125
53,0.005524416,-0.10606503,0.010453046,0.15179986,0.10806423,0.44633022,0.11697312,-0.04179116,0.114502415,0.12517637,-0.056209065,0.34723324,0.1520124,0.093611605,0.15781736,0.033743307,0.034284826,0.15297218,0.15069653,0.112938575,0.13575444,0.060656726,0.01209136,-0.19498193,0.14140156,0.1119644,0.14555903,0.032937407,0.06147196,-0.2747971,0.1635215,0.1420234,0.13223986,0.087813064,-0.15910885,-0.010581862
54,0.005397155,-0.1046805,0.010301629,0.15179369,0.11064503,0.4459015,0.11746235,-0.042568263,0.11503833,0.12684645,-0.056315567,0.34491467,0.15257426,0.093541786,0.15805247,0.03383321,0.03357103,0.14997813,0.15052362,0.115493864,0.13507733,0.059921533,0.011467672,-0.19827643,0.14125217,0.113045886,0.1457305,0.032384995,0.061121766,-0.27778524,0.16422983,0.14287324,0.13243599,0.08884002,-0.16010939,-0.010925522
55,0.0048376177,-0.10340421,0.00996393,0.15097252,0.11041732,0.44389147,0.11829321,-0.04289242,0.11594272,0.12608266,-0.058295116,0.34118733,0.15379082,0.09327835,0.15897973,0.031384494,0.031696998,0.14517015,0.15084663,0.11799846,0.1348823,0.05761271,0.009663693,-0.20405062,0.14186876,0.11367746,0.14626065,0.031447224,0.060793705,-0.28106996,0.16531044,0.1443566,0.13309233,0.08917725,-0.15968308,-0.011042583
56,0.006306162,-0.10275721,0.010632517,0.15103322,0.11439711,0.44583407,0.119020395,-0.04270112,0.11638738,0.12637213,-0.05560126,0.34377012,0.15418205,0.09295154,0.15983564,0.03005758,0.034415025,0.14834656,0.15137906,0.118379615,0.13568325,0.056486536,0.012431479,-0.20207514,0.14294578,0.111439504,0.14729646,0.031491037,0.0644598,-0.27683583,0.16646215,0.14356378,0.13351175,0.09049311,-0.16019791,-0.010663706
57,0.004131946,-0.10167295,0.008168425,0.15170005,0.11245878,0.4461572,0.11816197,-0.043703105,0.11525774,0.12598732,-0.059533823,0.3421866,0.15408438,0.09005536,0.1599312,0.027769156,0.03031217,0.14517489,0.15129827,0.1171008,0.1350888,0.054358173,0.0077454047,-0.20901297,0.14287776,0.10938459,0.14658959,0.030147083,0.062234264,-0.2809725,0.16604595,0.1449655,0.13257544,0.08898287,-0.1596623,-0.010306671
58,0.0048038913,-0.10150586,0.008259466,0.15186648,0.1182908,0.4477125,0.1183063,-0.044602603,0.11517424,0.12661053,-0.05483656,0.34388724,0.15389235,0.08879606,0.15995206,0.027218288,0.034845706,0.14778139,0.15097675,0.11678588,0.13469583,0.054691695,0.011629337,-0.20666437,0.142859,0.10715963,0.14645934,0.031639565,0.066351935,-0.27670535,0.16607107,0.14396796,0.13201597,0.09159147,-0.15969852,-0.009845882
59,0.0045226184,-0.10032854,0.00810615,0.15139224,0.11813252,0.4458148,0.11895518,-0.04573437,0.11592688,0.12705293,-0.05672165,0.3403261,0.15482508,0.08878785,0.16042927,0.025781393,0.033024058,0.14335546,0.15094031,0.11939934,0.13416633,0.05317605,0.010531937,-0.2102256,0.14312658,0.10838487,0.14688298,0.030703468,0.06637501,-0.27780306,0.16703472,0.14482187,0.13263223,0.09216728,-0.16047549,-0.009421194
60,0.0060334723,-0.09933947,0.0090834,0.15161939,0.11675014,0.4453293,0.120269045,-0.045924686,0.11709579,0.12732467,-0.059090823,0.33945227,0.15617867,0.08889576,0.1618235,0.023827627,0.030982383,0.14197786,0.15188609,0.120861165,0.13512208,0.050929215,0.009931126,-0.2101192,0.14464335,0.10823229,0.14844608,0.028768742,0.06757691,-0.2742111,0.16887152,0.14462398,0.13384354,0.09193309,-0.16246592,-0.009056329
61,0.003993856,-0.09912454,0.006265856,0.15385102,0.12417666,0.450492,0.11785081,-0.0471318,0.11417419,0.12941335,-0.05359966,0.3449258,0.15344624,0.08539382,0.15973397,0.025239382,0.035163883,0.14832568,0.14993456,0.11752436,0.13308702,0.052711453,0.011800747,-0.20813395,0.14242318,0.10384345,0.14592108,0.030699335,0.06958399,-0.2730949,0.16623105,0.14351559,0.130434,0.093727954,-0.162587,-0.008748217
62,0.004005608,-0.09722386,0.006361077,0.15366712,0.12421155,0.450017,0.11874949,-0.048197445,0.11517214,0.1308352,-0.055711772,0.3420806,0.15467523,0.08497682,0.16054274,0.02503891,0.032128777,0.14413135,0.15037361,0.120309144,0.13273734,0.051400468,0.008896572,-0.21313135,0.14275171,0.106004484,0.14637959,0.028989432,0.06789074,-0.27583808,0.1673217,0.14507794,0.13119772,0.093454994,-0.16514464,-0.008630207
63,0.005777289,-0.095795736,0.007975342,0.15254207,0.1239045,0.44874668,0.12056518,-0.047953,0.117045276,0.13044587,-0.056915745,0.33975494,0.1564835,0.08597683,0.1621548,0.022812609,0.031280268,0.14158191,0.15137993,0.12358685,0.13351835,0.048903562,0.009256074,-0.21453139,0.1443708,0.10748401,0.14810786,0.027274739,0.06996017,-0.27285329,0.16957165,0.1457733,0.13307977,0.09355969,-0.16660021,-0.009090424
64,0.005718639,-0.09558115,0.007272998,0.15278047,0.12637442,0.44975495,0.12004645,-0.04693216,0.11614632,0.12916267,-0.054558873,0.34229895,0.15539695,0.08500616,0.16172156,0.020036299,0.0344584,0.14568844,0.15053184,0.122745566,0.13301985,0.046983898,0.012291288,-0.21204284,0.14424966,0.10411681,0.14757156,0.02729764,0.07454392,-0.26750034,0.16906904,0.14499472,0.13176498,0.09444695,-0.16585399,-0.009339933
65,0.0038566317,-0.09459635,0.00504858,0.153674,0.12983361,0.45371702,0.11860449,-0.048048183,0.11445479,0.13094649,-0.054302316,0.3442657,0.15460202,0.08234371,0.16115575,0.021284519,0.033090584,0.14588514,0.1503435,0.120954365,0.13248387,0.04777083,0.008706729,-0.21814893,0.14365754,0.10178753,0.14684986,0.027200516,0.07122317,-0.27348775,0.1685676,0.14524613,0.13086726,0.094207205,-0.1667263,-0.0094789285
66,0.005941182,-0.09382853,0.0066471216,0.15332566,0.129447,0.4533108,0.120067984,-0.047727726,0.11584335,0.13085185,-0.05546279,0.3437755,0.15601714,0.08334089,0.16259396,0.01945423,0.03239218,0.14510404,0.15139462,0.122825265,0.13378678,0.045916166,0.009358891,-0.21729724,0.14548297,0.10172192,0.1488913,0.025638646,0.0731631,-0.26917294,0.17084996,0.14455768,0.13265367,0.09450634,-0.16847749,-0.009369562
67,0.0044034063,-0.09320165,0.0052871834,0.15387039,0.12867862,0.449754,0.119707264,-0.04896244,0.115538836,0.13121021,-0.05718019,0.33936214,0.15544336,0.08269365,0.16162056,0.017649805,0.030913964,0.14073637,0.14969115,0.12481261,0.13164365,0.044210076,0.00873102,-0.2196004,0.1442593,0.1023076,0.1477699,0.024885554,0.0733735,-0.26974204,0.17015399,0.14501797,0.13136509,0.095809095,-0.1692835,-0.009124199
68,0.005181095,-0.09331139,0.0055079367,0.15400809,0.13409087,0.45348123,0.11995076,-0.049528446,0.11551541,0.13196222,-0.0528198,0.34273535,0.15567666,0.080902636,0.16218108,0.018270547,0.034567248,0.14394706,0.15033351,0.12342011,0.13232085,0.045493443,0.0107413735,-0.21948737,0.14495239,0.09969851,0.14841436,0.025995404,0.075492024,-0.26764533,0.17085649,0.14398026,0.13165109,0.09759967,-0.17115907,-0.008937145
69,0.0055502653,-0.092126556,0.0057970793,0.1535693,0.13523822,0.4533105,0.12044664,-0.05039185,0.11610076,0.1329548,-0.053802785,0.34089994,0.15662952,0.0812249,0.16285187,0.017973078,0.033023927,0.14049415,0.15082413,0.12549125,0.13259438,0.0449513,0.009380784,-0.22309186,0.14577287,0.10048721,0.14954478,0.025035113,0.07451735,-0.26900113,0.1723832,0.14415233,0.1328957,0.09829448,-0.17352454,-0.008964774
70,0.004474226,-0.09131209,0.004239666,0.1545571,0.13467309,0.45311856,0.11939736,-0.05032999,0.1147968,0.13313024,-0.05579814,0.34141803,0.15549295,0.0811692,0.16198057,0.015771145,0.031548396,0.14092267,0.14965585,0.12581104,0.13182072,0.04281513,0.0089642,-0.2229037,0.14537497,0.09849809,0.14919172,0.023769323,0.07539633,-0.2675495,0.17208163,0.14344527,0.1318221,0.09838033,-0.17401771,-0.008499349
71,0.0035280352,-0.09072513,0.0028919454,0.15548918,0.13606188,0.45557377,0.11891794,-0.051508766,0.11405238,0.1340887,-0.05635031,0.34267855,0.15545224,0.079005346,0.16211665,0.0156055605,0.030159295,0.14078134,0.1498554,0.12459559,0.13188905,0.04288824,0.006644799,-0.22665022,0.14561473,0.09640801,0.14931719,0.023402084,0.07421126,-0.2692578,0.17232369,0.14339611,0.13162515,0.098399915,-0.17546612,-0.007503042
72,0.0033848782,-0.090550244,0.002782672,0.15493968,0.1386756,0.45553583,0.11930564,-0.05248188,0.11449013,0.13414995,-0.054675322,0.34186974,0.15586165,0.07833308,0.16235252,0.014869328,0.031713616,0.13988243,0.14977983,0.12562522,0.1316214,0.042945255,0.0077705192,-0.22846961,0.14590798,0.095907,0.1497116,0.023888666,0.07595757,-0.26835474,0.17303827,0.1431043,0.1320915,0.100192875,-0.17601302,-0.0067363167
73,0.004327175,-0.08998157,0.003680402,0.15424496,0.13846293,0.45404235,0.12062332,-0.052852977,0.115868285,0.13352822,-0.0550031,0.34016576,0.15713811,0.078902796,0.16345581,0.012665062,0.03201349,0.13820323,0.15032335,0.12788542,0.13213797,0.04140995,0.009008389,-0.22843297,0.14720257,0.09639836,0.15111522,0.023136018,0.07853516,-0.26450557,0.17472634,0.14289369,0.1334556,0.10129672,-0.17781274,-0.0063486905
74,0.0034175087,-0.089689024,0.0024399909,0.15494865,0.13909642,0.45542166,0.11989404,-0.05281384,0.114906155,0.13333997,-0.05485414,0.34232846,0.15631789,0.07808825,0.16294919,0.011432958,0.032332987,0.14064883,0.14969563,0.12718055,0.13183296,0.040748745,0.009123899,-0.22772218,0.14704634,0.09416049,0.15094481,0.02282729,0.07990917,-0.26199841,0.17451344,0.14195205,0.13278173,0.10148399,-0.17868139,-0.005589936
75,0.0031494251,-0.08869428,0.002081931,0.15493326,0.13906269,0.45504463,0.11982815,-0.053165544,0.11487162,0.1337815,-0.056057055,0.34137124,0.15644157,0.07833587,0.16295537,0.010600512,0.030897116,0.13878456,0.14948125,0.1287357,0.13157816,0.039792426,0.007857433,-0.22990356,0.14730549,0.094436854,0.15141639,0.02171501,0.0794098,-0.26180488,0.17525856,0.14184488,0.13323571,0.10161266,-0.18095654,-0.0049765776
76,0.0028275605,-0.08828621,0.0014463249,0.15581335,0.14176896,0.45664272,0.11947577,-0.054241277,0.11441957,0.13575509,-0.054597013,0.34233436,0.15602079,0.07715007,0.16251004,0.011942965,0.031396855,0.13919185,0.1490539,0.12856624,0.13108496,0.040949523,0.0075546275,-0.23113063,0.1469944,0.09346884,0.15140942,0.021824153,0.079231,-0.26123255,0.17543238,0.14096645,0.13306537,0.10258976,-0.18409723,-0.005078381
77,0.0002881321,-0.08761419,-0.0011765639,0.15616375,0.1429021,0.45704594,0.11723604,-0.05449459,0.112093374,0.13588373,-0.055112507,0.3422866,0.15387331,0.07598902,0.16045415,0.011266043,0.0306436,0.138916,0.14696899,0.1279952,0.1289624,0.040305816,0.005997512,-0.23410207,0.14517257,0.09181761,0.14967784,0.021314008,0.07826829,-0.26293918,0.17394528,0.14051728,0.13123682,0.10264233,-0.18375745,-0.0051293015
78,0.005209874,-0.08678436,0.0036835782,0.15290554,0.14600356,0.4591964,0.12131788,-0.054972537,0.11658365,0.13629687,-0.053470515,0.34179923,0.15876968,0.07766748,0.16490926,0.012275324,0.031417377,0.13625008,0.15155494,0.13147354,0.1332852,0.04121039,0.006142641,-0.23860532,0.14991018,0.09454434,0.15484951,0.020495517,0.07859899,-0.26206344,0.17972387,0.14065686,0.13738452,0.10346414,-0.18764791,-0.0050728074
79,0.0014502604,-0.085519575,7.89488e-06,0.15382418,0.14454708,0.45557955,0.11871167,-0.0550284,0.113861635,0.13590139,-0.0560117,0.33883372,0.15563491,0.07728091,0.16181381,0.00914455,0.029904153,0.13450985,0.14782025,0.13224347,0.12959415,0.03829665,0.005704498,-0.24000286,0.14712998,0.09302249,0.1519238,0.01951296,0.079434656,-0.26264676,0.17714028,0.14091341,0.13398331,0.1038056,-0.18552396,-0.0056313123
80,0.000604519,-0.08556617,-0.0011198618,0.15429191,0.14879334,0.45875406,0.11776886,-0.055602677,0.1127501,0.13662666,-0.052506503,0.34213918,0.15455726,0.07591025,0.16096367,0.009923823,0.032924913,0.13825125,0.14706673,0.13106741,0.1289708,0.039739735,0.007381543,-0.23950943,0.14643343,0.09086454,0.15132217,0.020831749,0.081377685,-0.26096326,0.17656244,0.13988562,0.13319437,0.10521591,-0.18566152,-0.005779649
81,0.0020902278,-0.0848239,-6.3482854e-05,0.15389323,0.14826477,0.45979428,0.118999824,-0.055411093,0.11386153,0.13654365,-0.053389467,0.3431135,0.15586135,0.07639932,0.1624164,0.008616121,0.032366842,0.13874103,0.1483274,0.13208227,0.13053928,0.038581453,0.007641082,-0.23936383,0.14834443,0.09042214,0.15336578,0.019580757,0.08317668,-0.2571283,0.17872442,0.13929287,0.13501926,0.10503791,-0.18808468,-0.0056478446
82,0.00034520696,-0.083160356,-0.0020259735,0.15504926,0.14524752,0.4591916,0.11818682,-0.05586056,0.11285286,0.13751367,-0.058256947,0.3413673,0.15532817,0.0759017,0.16190685,0.0071372907,0.027058812,0.1353858,0.14752519,0.13303976,0.12963237,0.036210462,0.0033830958,-0.24374577,0.14798512,0.09022884,0.15302587,0.017214166,0.08046214,-0.2598033,0.17857635,0.14001894,0.13433129,0.10360574,-0.18976603,-0.0056623444
83,0.002915988,-0.08400732,3.168112e-05,0.15556365,0.14900973,0.46039957,0.12023802,-0.05721942,0.11476427,0.13919118,-0.054020327,0.3420147,0.15697284,0.07507063,0.16348282,0.008304032,0.030738099,0.13539116,0.14877455,0.13375385,0.13082704,0.037808657,0.0069737365,-0.24209005,0.14953935,0.09010751,0.15493442,0.01819134,0.08399012,-0.25453034,0.18059011,0.13876909,0.13597043,0.10661487,-0.19503857,-0.0056580906
84,0.0021840758,-0.08389142,-0.0008141155,0.15605202,0.14814495,0.45835558,0.12040727,-0.057190496,0.11473466,0.13820244,-0.05392725,0.3401944,0.15662436,0.074107364,0.16327214,0.005825252,0.03162347,0.13422261,0.14788872,0.13403076,0.12991294,0.03619206,0.008640296,-0.24164468,0.14938496,0.089173816,0.15466967,0.017919717,0.08728546,-0.2504064,0.1804355,0.13865289,0.13524953,0.10756796,-0.19676192,-0.005155699
85,0.00019337636,-0.08263851,-0.003030917,0.15637968,0.14928839,0.4616166,0.11874526,-0.0569179,0.112892136,0.13896225,-0.05508636,0.34239075,0.15541011,0.07276736,0.16231905,0.006416536,0.029218018,0.13488536,0.14730603,0.13294904,0.12940788,0.036233813,0.004755169,-0.24769387,0.14875577,0.08730477,0.1541167,0.017155107,0.08424053,-0.255031,0.18001238,0.13881642,0.1346728,0.10608398,-0.19694658,-0.0047893506
86,0.0008073118,-0.083200924,-0.0023270892,0.15517466,0.15270309,0.46253985,0.11955574,-0.05721896,0.11382542,0.13819963,-0.05132548,0.34301385,0.15616414,0.07230806,0.16301873,0.0062662023,0.032861393,0.13548112,0.1478491,0.1336547,0.12993097,0.037306327,0.0072575742,-0.24894218,0.1496187,0.086909555,0.15514296,0.018444628,0.087037526,-0.25293618,0.18123232,0.13824911,0.13591416,0.10817186,-0.1982008,-0.0040877596
87,2.281701e-05,-0.08258169,-0.0032072419,0.1545054,0.1528505,0.46224427,0.11890616,-0.05678551,0.11317151,0.13760756,-0.051987007,0.34290305,0.155515,0.07274249,0.16245124,0.004689558,0.032640684,0.13519388,0.14712013,0.13450687,0.12955841,0.036057856,0.007410893,-0.25059077,0.14967883,0.085805476,0.15537927,0.017709611,0.088122815,-0.25212502,0.18168218,0.1375028,0.13603796,0.108415924,-0.19821894,-0.0036545913
88,-0.00038545905,-0.081774555,-0.003925342,0.15463056,0.15060538,0.46211404,0.11868824,-0.056492116,0.11279428,0.13735798,-0.054952417,0.34267226,0.15546502,0.07285134,0.16255838,0.0029512192,0.029991252,0.13401814,0.14707197,0.13489151,0.1298555,0.034260508,0.005645493,-0.2525446,0.15032734,0.08485319,0.15613133,0.01596366,0.08779103,-0.25140917,0.1825206,0.13704824,0.1364602,0.10747213,-0.19985592,-0.0035122451
89,-0.00021017043,-0.08185527,-0.0038828994,0.15469144,0.15368128,0.46372676,0.118920125,-0.058028158,0.11305328,0.13862078,-0.052366734,0.3431879,0.15585914,0.07157185,0.16279534,0.0043879123,0.031496853,0.13331789,0.14731881,0.13508451,0.1298343,0.036063593,0.005849509,-0.25464588,0.15058355,0.08481399,0.15668675,0.016742626,0.08778965,-0.2506476,0.18325253,0.13637887,0.13716953,0.10910771,-0.20372379,-0.0033710783
90,-0.0016089851,-0.081256315,-0.005538342,0.15600291,0.15445971,0.4634313,0.117707536,-0.05870485,0.11166066,0.1395103,-0.052017145,0.34364858,0.15433232,0.0712842,0.1613394,0.0036091001,0.031873435,0.13365299,0.14556123,0.13552925,0.12833951,0.03568785,0.006496824,-0.25380588,0.14959504,0.08353846,0.1558665,0.016777018,0.08880233,-0.24849798,0.18251453,0.13535313,0.13588111,0.11035244,-0.20563278,-0.003251946
91,-0.0011762052,-0.08063869,-0.005232884,0.15561715,0.15232828,0.46332029,0.118584685,-0.058739886,0.11249241,0.13885166,-0.05453281,0.34286073,0.15553637,0.071533665,0.16255713,0.0017575417,0.029502586,0.13160045,0.14653103,0.13682477,0.12940301,0.03401622,0.0047269,-0.25659868,0.15116158,0.08372008,0.15745825,0.015209275,0.088414796,-0.248186,0.18424964,0.13552527,0.13736609,0.109820336,-0.20757402,-0.0033210756
92,-0.0014216144,-0.08115689,-0.005593349,0.15536119,0.15485527,0.46527034,0.11834772,-0.059052464,0.11218926,0.13828938,-0.051836036,0.3447972,0.15536414,0.07045278,0.16251974,0.0017350169,0.03189517,0.13299629,0.14652148,0.13621943,0.12950614,0.03499227,0.005688456,-0.25772133,0.15135206,0.08245758,0.15778516,0.016087724,0.089561954,-0.24685602,0.18463758,0.13460916,0.13768078,0.11115674,-0.20922579,-0.0034941274
93,-0.0025142636,-0.08073855,-0.0067532533,0.15513016,0.15619835,0.4662721,0.11748741,-0.05941811,0.11132046,0.13861287,-0.05107885,0.3453497,0.15453514,0.069595546,0.16169445,0.0019119459,0.032181293,0.13309556,0.14570357,0.13623437,0.12860869,0.035201967,0.005140586,-0.26017973,0.15070823,0.081780404,0.15736271,0.016116723,0.08940963,-0.2468971,0.18438224,0.13415991,0.13735628,0.11145347,-0.21073756,-0.0038422302
94,-0.0043075928,-0.080300555,-0.008776292,0.156329,0.15541981,0.46585265,0.116248034,-0.0602702,0.1098802,0.13966161,-0.052572556,0.34402242,0.15321282,0.06824961,0.16037205,0.0014853075,0.030429818,0.1309475,0.14417028,0.13596374,0.12693217,0.03452025,0.0036683506,-0.2630221,0.14953355,0.08101051,0.15630245,0.015454723,0.08874221,-0.24741644,0.18350762,0.13409157,0.13610855,0.11144324,-0.21245696,-0.0042999755
95,-0.0030722076,-0.07991678,-0.007502952,0.1552866,0.15554321,0.4662382,0.117866315,-0.06070884,0.11161031,0.13899067,-0.052370656,0.34325957,0.15514408,0.068333626,0.16219287,0.00055044837,0.030486433,0.12905072,0.14578158,0.13765384,0.12836425,0.03434379,0.003434103,-0.26667023,0.1515803,0.0820201,0.15834984,0.015280866,0.08962801,-0.24665949,0.18584368,0.13474347,0.13842668,0.111832015,-0.21430495,-0.004475152
96,-0.002101604,-0.08004075,-0.0068675643,0.1551461,0.15741897,0.46681803,0.11827124,-0.060783282,0.11194438,0.13921347,-0.050230715,0.34483048,0.15517244,0.06900116,0.16231054,-0.000112664304,0.033227634,0.13096419,0.14572838,0.13862152,0.12878004,0.034488533,0.006507888,-0.26508605,0.15240507,0.081086844,0.15934482,0.015848206,0.093146645,-0.24229002,0.18701977,0.13359477,0.1392127,0.11342955,-0.2154513,-0.004723379
97,-0.0033170118,-0.0795502,-0.008160793,0.15476938,0.15962406,0.46952695,0.11699573,-0.060838073,0.11063174,0.13936411,-0.04905078,0.34678015,0.15415107,0.0679418,0.16139074,0.0006687911,0.033514764,0.13218865,0.14507046,0.13793704,0.12810256,0.035476167,0.0052225515,-0.2687523,0.15171275,0.079997316,0.15880452,0.016341722,0.09233412,-0.24362324,0.18661417,0.1334073,0.13888109,0.1131168,-0.21536098,-0.0048439107
98,-0.003228905,-0.07807357,-0.00810204,0.15428248,0.15645918,0.46794784,0.11748457,-0.060798656,0.11117704,0.13897686,-0.05275741,0.34432337,0.15505037,0.06950988,0.16217831,-0.0017510518,0.030103507,0.12834187,0.14535019,0.14083993,0.12843965,0.03283681,0.0035789325,-0.27023032,0.15296184,0.08152385,0.16018982,0.014101109,0.0919652,-0.2420346,0.18817286,0.13353626,0.1401006,0.112485535,-0.21862914,-0.0045424225
99,-0.005396649,-0.077170976,-0.010395909,0.15510008,0.15523836,0.4687863,0.11598289,-0.059770796,0.10937164,0.13823539,-0.054116055,0.34597406,0.15335214,0.069601655,0.16082978,-0.0039875377,0.02899397,0.13016234,0.14363162,0.14118747,0.12700711,0.03070199,0.0030598457,-0.26973018,0.15178771,0.080125906,0.15893999,0.013434931,0.09249688,-0.24122493,0.18680803,0.13348569,0.13825516,0.11186306,-0.2183902,-0.005044678
100,-0.0047917874,-0.07709979,-0.00993577,0.15478314,0.15850127,0.47262245,0.11665337,-0.060593735,0.109984696,0.13937894,-0.051414903,0.3476158,0.15435897,0.06765928,0.16180962,-0.0015477581,0.029786456,0.13020435,0.14484304,0.14078197,0.12760723,0.03291647,0.0018261237,-0.2743596,0.15230337,0.08053433,0.15961726,0.014377242,0.09109864,-0.24291074,0.18758377,0.13401897,0.13927259,0.112036124,-0.22136948,-0.0055849194
101,-0.0035452284,-0.07794227,-0.009159707,0.15496223,0.15988807,0.4741645,0.117357686,-0.060560264,0.11047044,0.13931435,-0.04915294,0.35034713,0.15471518,0.068019815,0.16238618,-0.0022971036,0.03273312,0.1330093,0.14526017,0.14109841,0.12864168,0.033264805,0.005424735,-0.27152285,0.1534164,0.07930459,0.16093017,0.015415564,0.09505014,-0.23784995,0.18882902,0.13269667,0.14015914,0.11366782,-0.22334902,-0.0055131298
102,-0.004430215,-0.07664411,-0.010160711,0.15626891,0.1575013,0.4718467,0.117571436,-0.061701924,0.1105091,0.13994125,-0.051231127,0.3477556,0.15472694,0.06813161,0.16231643,-0.004450697,0.031046422,0.12994835,0.14444298,0.14290363,0.1277329,0.031489234,0.005553744,-0.2709465,0.15352632,0.0799087,0.16106513,0.014718642,0.09609306,-0.23522575,0.18902808,0.13288619,0.13978599,0.11440625,-0.22694056,-0.006003526
103,-0.0048576132,-0.07709561,-0.010888022,0.15655477,0.1599873,0.47449085,0.11695151,-0.06212813,0.109756894,0.14127629,-0.04953472,0.34948218,0.15405422,0.06672745,0.16169578,-0.0027134372,0.031660926,0.1305758,0.14406745,0.1422397,0.12740128,0.03299766,0.005064203,-0.27503714,0.15309331,0.07876147,0.16095024,0.015481796,0.09555454,-0.23721844,0.18905541,0.13234611,0.13979796,0.11484075,-0.22750036,-0.0065373965
104,-0.004401714,-0.07718734,-0.010845171,0.15679272,0.15655507,0.47402614,0.11759313,-0.06158111,0.1101069,0.13999687,-0.052074857,0.3499297,0.15463354,0.06754844,0.16256991,-0.005811048,0.030568866,0.13078628,0.14456995,0.1426492,0.12871741,0.030899499,0.005856573,-0.27323267,0.15474948,0.0775389,0.16266628,0.014437763,0.09789158,-0.23294006,0.19067085,0.13127172,0.14085229,0.114631884,-0.22927769,-0.006790163
105,-0.005191512,-0.07694786,-0.011850061,0.15709454,0.15585454,0.47453758,0.11717152,-0.062193736,0.109501824,0.13998033,-0.05257808,0.34949687,0.15436436,0.06618305,0.16239336,-0.006221818,0.029829571,0.1292642,0.14429893,0.14195973,0.12832013,0.030846898,0.004693172,-0.27592203,0.15467888,0.077116035,0.16268638,0.014318254,0.09739189,-0.23255894,0.19077112,0.13126992,0.14078377,0.114358865,-0.23216681,-0.0064668665
106,-0.004913634,-0.07701346,-0.011465226,0.15604702,0.15884604,0.47613826,0.11754435,-0.063639276,0.11019047,0.14141212,-0.050252937,0.34950787,0.15503296,0.065663986,0.16271316,-0.0039870176,0.030705206,0.12797855,0.1447432,0.14355113,0.1283406,0.032991793,0.0041338317,-0.2806977,0.15500802,0.07842488,0.16347969,0.015306526,0.096379444,-0.23423846,0.1918556,0.13102043,0.14221463,0.11548839,-0.23462987,-0.0065239244
107,-0.008459508,-0.076644786,-0.014778246,0.15640913,0.15876007,0.4754199,0.11517097,-0.064109266,0.107804865,0.14133243,-0.050633788,0.34797356,0.1526018,0.06430184,0.16023186,-0.0045412187,0.030010503,0.12634604,0.14202414,0.14335755,0.12535341,0.03258426,0.002809825,-0.2841159,0.15254891,0.077715196,0.16115713,0.015574556,0.095488556,-0.23622146,0.18970141,0.13102414,0.13999052,0.11562368,-0.23416796,-0.0069406005
108,-0.007942166,-0.076830454,-0.014188487,0.15477556,0.1593189,0.4775946,0.11580156,-0.06355214,0.10852946,0.1396227,-0.04948133,0.34989896,0.15349457,0.064230435,0.16122898,-0.0051581296,0.031335644,0.12831946,0.14310454,0.14362654,0.12650554,0.032907948,0.0032043576,-0.2858215,0.15362209,0.07777843,0.16233622,0.01625285,0.096816,-0.23493989,0.19089036,0.13114727,0.14146464,0.11543187,-0.23388632,-0.0074465047
109,-0.0078607015,-0.077688284,-0.014591981,0.15458126,0.16135617,0.48071805,0.1148844,-0.06297134,0.107368916,0.13960475,-0.04729727,0.35391238,0.15237156,0.0639554,0.1604102,-0.0048769554,0.03372536,0.13228089,0.14249715,0.14261723,0.1265024,0.033508282,0.005142252,-0.28465748,0.15331958,0.075726554,0.1623263,0.016954664,0.09899637,-0.23181199,0.19084789,0.12966028,0.14122464,0.115895756,-0.23421824,-0.007692823
110,-0.0089096995,-0.07772084,-0.015978845,0.15543576,0.16147035,0.4811115,0.11350299,-0.06305818,0.10586029,0.14131986,-0.04767176,0.35468414,0.15077922,0.06493767,0.15884955,-0.0048761074,0.03329099,0.13226062,0.14068031,0.14416361,0.12511727,0.032561228,0.0059460886,-0.2836768,0.15231301,0.07536941,0.16179089,0.016190933,0.099593036,-0.23007071,0.19039379,0.12814495,0.14032838,0.11658741,-0.23642054,-0.008261322
111,-0.008511858,-0.07702693,-0.015805788,0.15529281,0.15979399,0.4826489,0.1140629,-0.062724866,0.10624383,0.14106043,-0.049167115,0.35501227,0.15154238,0.06502117,0.15975922,-0.0057433345,0.03162797,0.13188621,0.1413663,0.14494818,0.12572393,0.031382445,0.004637216,-0.28519332,0.15318274,0.075878374,0.16271272,0.015149561,0.09940323,-0.22904086,0.19131628,0.12845597,0.14109196,0.11541898,-0.23768571,-0.009035859
112,-0.0072615305,-0.076934226,-0.014747855,0.15480228,0.16023746,0.48444396,0.11546226,-0.06376526,0.107528865,0.14134958,-0.048142187,0.35386476,0.15325321,0.06312267,0.16143197,-0.0047693755,0.03154863,0.12915184,0.14293274,0.14487904,0.12646121,0.03228726,0.0034164614,-0.29006287,0.15436035,0.0774417,0.16393748,0.015291799,0.09879881,-0.22898775,0.192733,0.12969477,0.14260678,0.115042865,-0.2415059,-0.009131134
113,-0.008170811,-0.0763773,-0.0156187825,0.15436031,0.15891102,0.48315635,0.115307525,-0.06388814,0.10733934,0.14033556,-0.048756972,0.35245773,0.15295506,0.0634952,0.16115493,-0.007141877,0.031798363,0.12795432,0.14214598,0.14622976,0.12573987,0.03064178,0.004595121,-0.29035032,0.15446125,0.07745818,0.16409154,0.015120238,0.1008626,-0.22657952,0.19304158,0.12954429,0.14260356,0.11561559,-0.24224219,-0.00893824
114,-0.009307165,-0.07604732,-0.016787635,0.1542256,0.1577191,0.48270398,0.11483178,-0.06415961,0.10677573,0.13977355,-0.049499303,0.3517634,0.15243128,0.06308447,0.16068125,-0.008593362,0.031516004,0.12717108,0.141392,0.14651774,0.12497851,0.029629227,0.004669596,-0.29147986,0.15417717,0.077141225,0.16389085,0.01503545,0.101657994,-0.22549377,0.19292076,0.12949143,0.14229524,0.11569513,-0.24320425,-0.0089433305
115,-0.009990753,-0.07536184,-0.017729403,0.15435712,0.15834008,0.48548666,0.114113174,-0.0650164,0.10594449,0.14154719,-0.050230954,0.35220307,0.15211587,0.060749296,0.1603359,-0.006001367,0.028943278,0.12583742,0.14148068,0.14511627,0.12453581,0.031119695,0.00024360023,-0.29882765,0.15357335,0.07709074,0.16350918,0.014756572,0.09767092,-0.22982107,0.19267517,0.13026315,0.14228988,0.113916874,-0.2444459,-0.008915124
116,-0.007861444,-0.07683465,-0.015849726,0.15289001,0.15977068,0.4854355,0.11527859,-0.06506833,0.10724809,0.14047079,-0.047255784,0.35451555,0.15290032,0.06297653,0.16114822,-0.007814556,0.0340721,0.12946184,0.1420742,0.14692263,0.12609217,0.0313285,0.007139556,-0.29261553,0.15541208,0.076420434,0.16567335,0.01635444,0.10484448,-0.22088355,0.19489776,0.12799211,0.14423247,0.116899416,-0.2452373,-0.0090378085
117,-0.008612045,-0.076505944,-0.016772274,0.15310729,0.15808082,0.4866881,0.11488424,-0.065528266,0.106767595,0.14112759,-0.049669124,0.3553077,0.1527131,0.06257473,0.16097414,-0.007945039,0.03141796,0.12970291,0.14196752,0.14695586,0.12613097,0.031063838,0.004762177,-0.29550195,0.15539908,0.07574662,0.16581725,0.01586733,0.103362545,-0.22250563,0.19501542,0.12792799,0.14428383,0.115830325,-0.24453197,-0.009081225
118,-0.009352083,-0.07570261,-0.017515535,0.15322684,0.15578796,0.4861375,0.11488004,-0.066649616,0.106834166,0.14212513,-0.052580807,0.35400468,0.15293409,0.062764056,0.16101892,-0.008479473,0.028377248,0.1277724,0.1417945,0.14842933,0.12592266,0.0302999,0.0026554565,-0.29824758,0.15567893,0.07623731,0.16630521,0.014966328,0.10204294,-0.22356571,0.19559273,0.12789963,0.14473096,0.115351014,-0.24520978,-0.0088666
119,-0.009576279,-0.075910784,-0.017690027,0.15292639,0.15660927,0.48656088,0.11517683,-0.06735021,0.107121006,0.14154251,-0.050819147,0.35422435,0.15310813,0.062021535,0.16119616,-0.009136972,0.030468157,0.12829337,0.1417191,0.1486898,0.12560065,0.030607997,0.0043954602,-0.29822326,0.15572461,0.07627044,0.16640368,0.01604997,0.104052424,-0.22131243,0.19576833,0.12782864,0.14488344,0.1166847,-0.24631615,-0.008252975
120,-0.010166926,-0.07541764,-0.018349357,0.15266328,0.1537317,0.48796836,0.11532478,-0.06665156,0.10708705,0.14009595,-0.0533408,0.35515282,0.15357487,0.061607573,0.1618967,-0.010707247,0.02826488,0.12893458,0.14239931,0.14816937,0.12642527,0.029489284,0.0021283794,-0.30038178,0.1563713,0.075894535,0.1670317,0.0154923275,0.10306553,-0.22191681,0.19626063,0.12838544,0.14537059,0.114869386,-0.24614082,-0.007248448
121,-0.009752377,-0.07555749,-0.017698197,0.15184554,0.15354043,0.4856795,0.116546094,-0.06814818,0.10859493,0.14044872,-0.0526817,0.3518466,0.15486407,0.062650196,0.16285077,-0.011715848,0.029002484,0.12469225,0.14266627,0.15188587,0.1263399,0.028814582,0.0037339549,-0.30215785,0.15756924,0.078437366,0.1685114,0.015580268,0.10429751,-0.22059223,0.19804075,0.12842618,0.14700125,0.11700874,-0.25071666,-0.0068798624
122,-0.011279525,-0.07574057,-0.019335726,0.15291943,0.15395057,0.48719013,0.11532485,-0.06810681,0.10718959,0.1411234,-0.051362343,0.35384345,0.15321642,0.06253582,0.16135313,-0.011666449,0.03035583,0.12753317,0.1408429,0.15209866,0.12472565,0.028947143,0.0050692735,-0.29946405,0.15612507,0.07745319,0.16735314,0.016318662,0.10572622,-0.2172715,0.19678418,0.12722088,0.14547318,0.11766556,-0.2517465,-0.0060573705
123,-0.010323553,-0.076491706,-0.019063879,0.15359356,0.15518945,0.49173036,0.11527966,-0.06812548,0.10668099,0.14183477,-0.049778778,0.35736346,0.15319988,0.060789954,0.16166662,-0.010122921,0.03139948,0.13039497,0.14146814,0.14965424,0.12549967,0.03035756,0.0049596867,-0.29890347,0.15635575,0.07586111,0.16779716,0.016589528,0.10583621,-0.21420446,0.19708416,0.12619248,0.14562118,0.11718977,-0.25440058,-0.0049858657
124,-0.010181201,-0.07590344,-0.019049998,0.1531786,0.15435396,0.4928236,0.11590062,-0.06857692,0.10717888,0.14208758,-0.050611336,0.35599354,0.15405121,0.059331544,0.16251367,-0.00972128,0.029729726,0.12794293,0.14224446,0.14952895,0.1256676,0.030254666,0.00257721,-0.3041138,0.15684046,0.07672807,0.16835974,0.016135547,0.1040696,-0.21603553,0.19776228,0.1272907,0.14635213,0.11602175,-0.25645295,-0.0050594877
125,-0.011406035,-0.07613215,-0.020037321,0.15142243,0.1544349,0.49307266,0.11537876,-0.06790628,0.10673449,0.14020443,-0.049439684,0.3550538,0.1534569,0.05819229,0.16197631,-0.010446903,0.03113049,0.12760562,0.14155507,0.14918223,0.12454621,0.029997028,0.003051253,-0.30739626,0.15604202,0.076828435,0.16767794,0.016916536,0.10538439,-0.2156971,0.19724044,0.12781955,0.14603244,0.11560246,-0.25572994,-0.005614227
126,-0.012361252,-0.0761283,-0.021257918,0.15239081,0.1555005,0.49376678,0.114499494,-0.06874138,0.10568207,0.14174925,-0.047791395,0.35621417,0.15202978,0.057792507,0.16057196,-0.0100086,0.03296436,0.12926415,0.1399505,0.14938797,0.12308988,0.030594707,0.0052842083,-0.30577645,0.15491216,0.0761192,0.16690493,0.018116876,0.10741592,-0.21249425,0.19651815,0.12686822,0.14503986,0.11691848,-0.25789025,-0.0057276445
127,-0.012935516,-0.07555644,-0.021958167,0.15225948,0.15462525,0.49495935,0.114279136,-0.06841842,0.10534404,0.14162843,-0.048022643,0.35743222,0.15164258,0.057509355,0.16031076,-0.010288464,0.03288442,0.13086222,0.13963407,0.14926864,0.122887716,0.030464916,0.005033819,-0.30631527,0.15469795,0.07575383,0.16694525,0.018499175,0.10778215,-0.21101347,0.19650215,0.12665944,0.14497277,0.11617647,-0.25893888,-0.0060501075
128,-0.01261509,-0.07623124,-0.022006819,0.15274277,0.15476704,0.4974771,0.11433083,-0.06811607,0.105158046,0.14192179,-0.047529545,0.360476,0.15151015,0.05738844,0.1603803,-0.010059419,0.033481453,0.13385089,0.13982792,0.1487827,0.12365038,0.03111115,0.0055777845,-0.30586272,0.15507919,0.07449934,0.16756718,0.019106455,0.10855713,-0.20952623,0.19702342,0.12578893,0.14531265,0.11613071,-0.25912043,-0.0060405885
129,-0.0137800705,-0.07713182,-0.023260636,0.15294519,0.15770623,0.49948823,0.11299357,-0.067948304,0.10370832,0.14208364,-0.04419738,0.3622298,0.14988889,0.056797482,0.15886447,-0.009381612,0.036668856,0.13575627,0.13823856,0.14858401,0.12217484,0.03210542,0.0081533985,-0.30539647,0.1537284,0.07334533,0.16647074,0.020604227,0.110660404,-0.20773943,0.19601984,0.12465963,0.14420608,0.117662184,-0.25884706,-0.005555798
130,-0.014846761,-0.07610329,-0.02416684,0.15195002,0.15445097,0.5019498,0.113365814,-0.06595247,0.10373624,0.13913351,-0.046849057,0.36107546,0.15084493,0.054402407,0.16019261,-0.010783555,0.033008583,0.13374312,0.13937244,0.14731397,0.12203462,0.029985998,0.0022668894,-0.3139837,0.15353134,0.07435888,0.165776,0.019313542,0.10642762,-0.21364544,0.19522132,0.12855999,0.14360194,0.11331292,-0.25819594,-0.0044403113
131,-0.013537369,-0.076352455,-0.022950923,0.15119354,0.1535127,0.4998483,0.11443862,-0.06595126,0.10490502,0.1390691,-0.04633138,0.3587353,0.15162067,0.05713054,0.16090211,-0.013002096,0.035018936,0.13202651,0.13922045,0.15107687,0.12214375,0.028232725,0.0072547034,-0.31022483,0.15498021,0.07601592,0.16743354,0.0190568,0.11171932,-0.20627233,0.19711609,0.12795667,0.1449183,0.11513743,-0.26137087,-0.003995612
132,-0.012976268,-0.07633354,-0.022813357,0.15194096,0.15482536,0.5037763,0.11444368,-0.06679369,0.104701996,0.14147718,-0.045664348,0.36076185,0.15179259,0.055332754,0.16111532,-0.009763417,0.033786766,0.13261968,0.13979876,0.15025645,0.12229336,0.030521506,0.004170438,-0.31544495,0.15473369,0.07609582,0.16745949,0.019347584,0.10860791,-0.20919777,0.19715463,0.12835997,0.14503674,0.11402415,-0.26302236,-0.0033305224
133,-0.014406072,-0.07643582,-0.024377463,0.15298124,0.15186729,0.50253993,0.11347665,-0.06715911,0.1037007,0.14279495,-0.04845607,0.36015463,0.15074526,0.057599884,0.16001414,-0.011501398,0.031868212,0.13215655,0.13812484,0.15285996,0.121385865,0.028528148,0.004960348,-0.31252244,0.15444438,0.07586387,0.16755605,0.018316131,0.109482944,-0.20672247,0.19721287,0.12681733,0.14448924,0.114418134,-0.2643273,-0.003670867
134,-0.012886875,-0.07683007,-0.022964181,0.15240574,0.14929518,0.50094813,0.1151667,-0.06878644,0.105559394,0.14361036,-0.049810518,0.3586244,0.15255035,0.059528586,0.16161577,-0.012846134,0.031360798,0.1303843,0.13912243,0.15618257,0.12256671,0.02740809,0.0065381066,-0.3101048,0.15644021,0.07772282,0.16995673,0.017483601,0.11088393,-0.20235229,0.19963998,0.12602113,0.14651047,0.11562844,-0.26982576,-0.004112556
135,-0.012010641,-0.07726254,-0.022288661,0.151493,0.15151758,0.5050075,0.11569944,-0.06908567,0.105951086,0.1429331,-0.04678598,0.36098486,0.15318891,0.056646086,0.1624117,-0.01091424,0.033567496,0.13258995,0.14033376,0.15390965,0.12300942,0.029976144,0.0058888798,-0.31396672,0.1563124,0.07777065,0.16994427,0.019351868,0.110733695,-0.20237127,0.19962244,0.12704962,0.1469148,0.11515805,-0.27069628,-0.0046551204
136,-0.014630296,-0.07653917,-0.024991048,0.15176482,0.14951447,0.5042045,0.11422057,-0.06957488,0.10417483,0.14240573,-0.048743933,0.3582526,0.15187122,0.05476643,0.16116701,-0.012639649,0.03176532,0.1292474,0.13872051,0.15293437,0.1208564,0.028179765,0.004110166,-0.3180408,0.15492529,0.07728528,0.16845004,0.01878674,0.10967036,-0.20403257,0.19827071,0.12813102,0.1452638,0.11414802,-0.27174613,-0.0048467005
137,-0.015038934,-0.076251715,-0.025574578,0.15155466,0.14743194,0.5054373,0.11402973,-0.06919097,0.10384242,0.14198588,-0.050758183,0.35957372,0.15183021,0.055011876,0.16127127,-0.013803087,0.030032502,0.13035358,0.13877735,0.15314388,0.12114561,0.026998755,0.0024075876,-0.31913617,0.1551216,0.076709785,0.1687401,0.018043734,0.108650714,-0.2040674,0.1984544,0.12816682,0.14526467,0.11275238,-0.27218902,-0.0048172623
138,-0.014240942,-0.07703316,-0.02486414,0.1509397,0.14772789,0.5048681,0.114918225,-0.069752924,0.10473475,0.14134817,-0.049277995,0.3590131,0.15249869,0.055653147,0.16196156,-0.015551589,0.03281028,0.13029131,0.13903904,0.15454085,0.121491455,0.026618153,0.0063732355,-0.31800523,0.1561779,0.07704777,0.16982436,0.019067522,0.1129979,-0.199798,0.19975594,0.12803523,0.14625515,0.11467819,-0.27305472,-0.005131445
139,-0.012227797,-0.07769783,-0.023016281,0.14912078,0.15066789,0.5074558,0.11580269,-0.07004086,0.10577723,0.1415587,-0.046173275,0.36015886,0.15338568,0.054860726,0.16278571,-0.013419407,0.035369106,0.13155305,0.14022511,0.15434769,0.12232048,0.0290914,0.0076540373,-0.32075465,0.15683372,0.07760178,0.17076597,0.020528924,0.114755094,-0.1981643,0.20087723,0.12794831,0.14772855,0.11513821,-0.27276403,-0.0051419097
140,-0.014289218,-0.076929644,-0.025064427,0.15025395,0.14888273,0.506774,0.11453486,-0.07096918,0.10445655,0.14256775,-0.04848919,0.35932243,0.15218042,0.0553435,0.16150798,-0.014680199,0.033466015,0.13101709,0.1386019,0.15524966,0.12094026,0.028164977,0.0070951073,-0.32034302,0.15594353,0.076819524,0.16992718,0.02031033,0.114560135,-0.19819199,0.20004313,0.12748957,0.14652763,0.115373924,-0.2720352,-0.004850937
141,-0.013411474,-0.07663394,-0.024553563,0.14984845,0.14837569,0.5084149,0.11497961,-0.07136951,0.10481428,0.14410694,-0.05028931,0.35893863,0.15289646,0.054864604,0.16214634,-0.013432746,0.030667683,0.12935002,0.13949367,0.15549603,0.12173016,0.028384803,0.004244223,-0.32578894,0.15670498,0.07719214,0.1708949,0.019358996,0.11222151,-0.20123671,0.20108391,0.12791306,0.14761446,0.11390674,-0.27208978,-0.0042258883
142,-0.015005327,-0.076776765,-0.026088517,0.14949024,0.14611746,0.5085762,0.1140732,-0.07074704,0.1039407,0.1433222,-0.052539606,0.35954213,0.15220374,0.05591604,0.16150276,-0.015132207,0.029113812,0.13001333,0.13873352,0.15627947,0.1216146,0.027079897,0.0036219845,-0.32604522,0.15652843,0.07635143,0.17096312,0.018983336,0.11213204,-0.20147537,0.20106481,0.12694876,0.1474621,0.11324949,-0.270581,-0.0033209713
143,-0.015072346,-0.077658996,-0.026460223,0.14961834,0.14781104,0.51042384,0.11373302,-0.07133224,0.10342513,0.14391571,-0.050891433,0.3610028,0.15176962,0.05510264,0.16111004,-0.014687614,0.030715356,0.13103081,0.13840413,0.15585381,0.121361606,0.027821088,0.005106601,-0.32653123,0.1562534,0.07537947,0.17085129,0.01986949,0.11329846,-0.20063521,0.20101686,0.12630782,0.14726064,0.11433618,-0.27107534,-0.0031185555
144,-0.012059826,-0.07762277,-0.023790596,0.14785264,0.14898819,0.51151395,0.116088405,-0.07320881,0.10578195,0.14393105,-0.049017355,0.36006036,0.15431122,0.053646702,0.16355474,-0.014196195,0.032625895,0.12962742,0.14085765,0.15579118,0.12301085,0.029020097,0.0065767383,-0.32848585,0.15833329,0.07667406,0.1730373,0.02050114,0.1149486,-0.19714677,0.20339055,0.1269036,0.14965877,0.115280665,-0.27543885,-0.0030097973
145,-0.013412698,-0.07833762,-0.025264177,0.14721425,0.1478156,0.5100778,0.11499741,-0.073491365,0.10464451,0.14278664,-0.04960613,0.35919827,0.15319589,0.05462558,0.16246377,-0.01740717,0.034075126,0.12940563,0.13935608,0.15640181,0.122117594,0.027198687,0.010269843,-0.32554954,0.15818949,0.0753952,0.17297272,0.020789562,0.119208306,-0.192073,0.20348278,0.1256512,0.14922464,0.1166867,-0.275358,-0.0017393971
146,-0.014586793,-0.0770983,-0.02668655,0.14762007,0.14716464,0.51439315,0.11391494,-0.072813384,0.103186615,0.14290269,-0.051828165,0.3603281,0.15256552,0.05160328,0.16200827,-0.015829876,0.030279359,0.1298486,0.13947517,0.1534638,0.12141415,0.028160453,0.004403371,-0.3335932,0.15657774,0.07505209,0.1712555,0.020967998,0.11510815,-0.19804272,0.20163512,0.12793124,0.14785287,0.11290442,-0.2709998,-0.00091790955
147,-0.01597955,-0.0773072,-0.028132489,0.14895809,0.14455292,0.5145055,0.11339608,-0.073638365,0.10257079,0.14359438,-0.054534122,0.3606676,0.15232666,0.05242807,0.16174495,-0.01743822,0.02838309,0.13034597,0.13891102,0.15443304,0.12121323,0.027217206,0.0045635565,-0.3312282,0.15628068,0.07461703,0.1711062,0.02108557,0.11542886,-0.19691457,0.20129555,0.12730733,0.14718947,0.11305936,-0.27117738,-0.0008647022
148,-0.015669668,-0.07839731,-0.027472788,0.14837891,0.1455893,0.51253766,0.11427233,-0.075333804,0.103903666,0.14434363,-0.052014813,0.35993737,0.15298302,0.054859668,0.16210373,-0.018253686,0.03196204,0.13059866,0.13861345,0.15848364,0.12119675,0.027832542,0.010121974,-0.32668054,0.15709773,0.07599431,0.17234573,0.023151113,0.11974582,-0.19222929,0.20266144,0.12587775,0.14828072,0.11699586,-0.27431482,-0.0011992427
149,-0.014009547,-0.07606038,-0.02586503,0.14686872,0.14498481,0.51567435,0.11530109,-0.07527625,0.10516278,0.14582475,-0.05420152,0.35997733,0.15474837,0.05505827,0.16372314,-0.015511784,0.027722623,0.12959151,0.14069903,0.15975903,0.12272878,0.029067658,0.0042444025,-0.33391997,0.15827239,0.078279644,0.17388605,0.022023192,0.114481635,-0.19681934,0.2041436,0.12711632,0.15024018,0.11382031,-0.2748394,-0.0012555821
150,-0.016305147,-0.076212406,-0.027567692,0.14563556,0.14250863,0.5135377,0.11420064,-0.075180456,0.10452184,0.14449362,-0.055616584,0.35842696,0.15392469,0.057546858,0.16274121,-0.018070946,0.027459662,0.12919347,0.13906206,0.16290525,0.12137679,0.02724296,0.005395273,-0.33203018,0.1576482,0.07908958,0.17352825,0.021949757,0.11573227,-0.19531016,0.2037898,0.1263649,0.14973387,0.114337444,-0.27454153,-0.001202541
151,-0.015697906,-0.07654093,-0.027254103,0.14381008,0.14195396,0.5188193,0.11396222,-0.072714426,0.10406951,0.14229605,-0.055432342,0.3622018,0.15399905,0.056786496,0.16322967,-0.01741518,0.027431002,0.13380079,0.14002085,0.16082244,0.12224591,0.027595282,0.0030510733,-0.3331449,0.15731548,0.07821002,0.17339702,0.021684078,0.11456404,-0.19371,0.20334378,0.12676181,0.14947778,0.11087554,-0.27384126,-0.0011365083
152,-0.015439126,-0.0760778,-0.026743766,0.14225988,0.14487933,0.52208304,0.113894664,-0.071227245,0.10407276,0.14071022,-0.052526962,0.36254016,0.15412371,0.056655955,0.16344176,-0.016738879,0.029189633,0.13437986,0.14005744,0.1620157,0.12127428,0.02799087,0.0023808545,-0.33710623,0.156728,0.07949004,0.1726806,0.022246117,0.11404026,-0.19534631,0.20272058,0.12831429,0.14911443,0.1104273,-0.27228114,-0.0013636419
153,-0.015515814,-0.076765366,-0.026943225,0.14351125,0.14585087,0.52040225,0.11441633,-0.07313288,0.10438878,0.14144269,-0.049952447,0.35970882,0.15423718,0.05709758,0.16351283,-0.018868672,0.032952826,0.13232562,0.13892473,0.16414703,0.11983021,0.027089616,0.008316299,-0.33175448,0.15703309,0.07979712,0.17287694,0.023155771,0.11891589,-0.18861008,0.20310178,0.12809026,0.14860211,0.114724874,-0.27737162,-0.0010340875
154,-0.015291644,-0.07676696,-0.027615454,0.14589554,0.14556345,0.52461916,0.11382387,-0.073114015,0.10312256,0.14360139,-0.049630836,0.3634549,0.15335616,0.05529983,0.1630233,-0.016904242,0.03299372,0.13630879,0.13869935,0.16092752,0.11998954,0.028796194,0.007479514,-0.32878664,0.1562924,0.07736379,0.1724458,0.0234655,0.118111685,-0.18444516,0.20236225,0.1272179,0.14727668,0.113475725,-0.2812242,-0.0010154207
155,-0.01537689,-0.07607169,-0.028125644,0.14737985,0.14366435,0.52529085,0.11432946,-0.07431489,0.10322351,0.14520702,-0.051708095,0.36200452,0.15400697,0.053614855,0.16375312,-0.016655888,0.030420333,0.13410325,0.13926722,0.1600201,0.12026938,0.028914856,0.004964291,-0.33204505,0.15681142,0.07724795,0.17292869,0.022909615,0.115887396,-0.18591194,0.20283361,0.12826167,0.14734222,0.11247598,-0.28350982,-0.00071819715
156,-0.016768647,-0.0769747,-0.029524392,0.14729287,0.14597777,0.5240218,0.113317646,-0.07579654,0.10226026,0.14634721,-0.049384583,0.3605788,0.15259446,0.053675085,0.16217498,-0.017086698,0.033184215,0.13259648,0.13726442,0.1614402,0.1184982,0.029146459,0.008905921,-0.33287525,0.15618058,0.07646121,0.17246673,0.024295317,0.1191362,-0.18504077,0.20275898,0.1271358,0.14682561,0.11569328,-0.2830507,-0.00017079838
157,-0.016175294,-0.07624043,-0.02885598,0.14561017,0.14606102,0.526985,0.11370469,-0.07436624,0.10272503,0.14512578,-0.05027693,0.36138463,0.15334687,0.05227039,0.16300681,-0.015561995,0.030880352,0.13290186,0.13865621,0.16046177,0.11936899,0.030163707,0.0037435459,-0.34139785,0.1563571,0.0767993,0.17262591,0.023841357,0.11518059,-0.19119768,0.20289668,0.12845284,0.14754403,0.11276872,-0.2785418,0.0007200392
158,-0.016800119,-0.077519685,-0.029287366,0.14328283,0.1417711,0.5247645,0.11361294,-0.072630905,0.102827795,0.1406715,-0.053153347,0.36146027,0.15342225,0.055498775,0.16324107,-0.021548957,0.031189084,0.13456352,0.1383729,0.1621041,0.1203394,0.026385838,0.0066848393,-0.3364598,0.15759793,0.075422056,0.17373222,0.02301829,0.11943887,-0.18561883,0.2039331,0.12730905,0.14808224,0.11262786,-0.27608854,0.0016833317
159,-0.014720659,-0.07761537,-0.027585851,0.14235905,0.14403243,0.5289245,0.11452191,-0.07279858,0.1037371,0.14204364,-0.050424296,0.3642786,0.15413776,0.053740256,0.1639758,-0.017632088,0.032687835,0.137874,0.13968891,0.16076851,0.12116064,0.029998112,0.0058012577,-0.33890706,0.15754494,0.07581299,0.17417404,0.02474959,0.11875454,-0.18473579,0.20432799,0.1273327,0.14884861,0.111681074,-0.27725014,0.002272938
160,-0.01727586,-0.07711297,-0.029986415,0.14329736,0.14153706,0.52483916,0.11364646,-0.07520258,0.10290335,0.14314918,-0.05212684,0.3600553,0.15328303,0.054496583,0.16288649,-0.020498421,0.03219476,0.13373601,0.13753502,0.1631767,0.118973374,0.027617132,0.008012368,-0.3369709,0.1571429,0.07618248,0.1738512,0.024364423,0.1203448,-0.18237343,0.20421505,0.12694108,0.14798346,0.113710664,-0.2810591,0.0016549684
161,-0.017030979,-0.07771976,-0.030278165,0.14454266,0.14169231,0.52769005,0.11361234,-0.075590424,0.1024674,0.14456496,-0.051745556,0.36141625,0.15305172,0.052150395,0.16279735,-0.018484429,0.032005623,0.1352633,0.13773654,0.16057971,0.119063176,0.029559758,0.006983828,-0.3379617,0.15657806,0.074986,0.17349406,0.025115874,0.11968215,-0.18164441,0.20376432,0.12679392,0.14742045,0.11286484,-0.28160256,0.0013967893
162,-0.017426783,-0.07843563,-0.030683398,0.14392209,0.14232567,0.5283888,0.11357032,-0.07578682,0.10243046,0.14413793,-0.050640628,0.3613993,0.15297543,0.05155074,0.16272208,-0.01855972,0.033286087,0.1353264,0.13762483,0.16057457,0.1189404,0.030233767,0.008048784,-0.33984363,0.15655923,0.0748778,0.17365842,0.02632032,0.12079765,-0.18162572,0.20403874,0.12657684,0.14771612,0.11360197,-0.28111598,0.0014120617
163,-0.017452357,-0.079685435,-0.030660477,0.14298011,0.14429057,0.5286403,0.11354785,-0.0768851,0.10257387,0.1445123,-0.048462994,0.36099783,0.15281202,0.05094779,0.1624043,-0.017853346,0.03543312,0.13508718,0.13727832,0.16105628,0.1184609,0.031627808,0.010177118,-0.34149006,0.15643717,0.074834555,0.17372845,0.027760867,0.12269326,-0.18122262,0.20432663,0.12598343,0.14804961,0.115531206,-0.2804881,0.0010774791
164,-0.020233747,-0.07892106,-0.033592265,0.14501561,0.14062099,0.53194416,0.11189157,-0.07557013,0.10035096,0.14351863,-0.053211205,0.36307117,0.15169735,0.048536606,0.1616341,-0.018530257,0.029927315,0.13655949,0.13681431,0.1576903,0.11778637,0.030783126,0.002844638,-0.34609044,0.15451486,0.07257567,0.17145522,0.026509922,0.116634175,-0.18757609,0.2016594,0.12731713,0.14540437,0.11119347,-0.275981,0.00016500204
165,-0.023085637,-0.07891778,-0.03575065,0.14581014,0.13803329,0.5298982,0.11099372,-0.07674768,0.09960342,0.14121579,-0.054922253,0.36131397,0.15126221,0.048680525,0.16116656,-0.02257248,0.029883403,0.13599215,0.13555254,0.15859939,0.11607768,0.029106835,0.003887967,-0.3436107,0.1535318,0.0723011,0.16997224,0.027100703,0.11817813,-0.18631276,0.20015705,0.12814131,0.1436249,0.112715185,-0.27395523,-0.0007822286
166,-0.018660171,-0.07966952,-0.032004092,0.14470255,0.14280911,0.5349415,0.11246366,-0.077297926,0.1010477,0.14341766,-0.051299006,0.36556044,0.1526047,0.04823367,0.16250665,-0.018644623,0.032557663,0.13982591,0.13771427,0.15803216,0.11804704,0.032449394,0.0053383824,-0.34374064,0.15462388,0.072858,0.17134622,0.02808481,0.119751036,-0.18295804,0.20154619,0.12811525,0.14530264,0.11310753,-0.27547723,-0.0011509648
167,-0.016079636,-0.0815754,-0.029162807,0.14176746,0.14461876,0.5339959,0.11461227,-0.07941175,0.103749074,0.14328584,-0.04840543,0.36440486,0.15496808,0.050401576,0.16455662,-0.019631116,0.036201,0.13847981,0.13911602,0.16313434,0.11879309,0.032210775,0.0106483605,-0.34328753,0.1565019,0.076258086,0.17343844,0.029260755,0.12400612,-0.17953598,0.20385888,0.12885542,0.14761233,0.116562575,-0.280144,-0.0026793992
168,-0.017913295,-0.07974413,-0.03094747,0.14306045,0.14112467,0.5344354,0.11375283,-0.07971267,0.1027228,0.14442167,-0.053071946,0.36359143,0.15460682,0.0510018,0.16418333,-0.021013731,0.031155795,0.13715032,0.13831772,0.16482389,0.117621645,0.029934851,0.0063729556,-0.34641576,0.15562525,0.07685881,0.17242868,0.027703818,0.12014993,-0.18357222,0.20264722,0.13046531,0.1462079,0.11408776,-0.27959937,-0.0034643959
169,-0.018500296,-0.07933124,-0.031699706,0.14375165,0.13713968,0.53515226,0.113673165,-0.07927059,0.102467634,0.14450136,-0.05688334,0.36484775,0.1547704,0.052257713,0.1644974,-0.022835448,0.028103521,0.13886788,0.13843364,0.16526687,0.11839917,0.0284186,0.004483463,-0.34442964,0.15602824,0.075916,0.17288364,0.02654126,0.11889119,-0.18205006,0.20280126,0.13041058,0.14590304,0.11208554,-0.28020376,-0.0035444815
170,-0.019084897,-0.08015226,-0.03221431,0.14277743,0.13720897,0.535511,0.113632835,-0.07866298,0.10238037,0.14250298,-0.055564903,0.36592194,0.15457252,0.05283508,0.1644414,-0.025088299,0.030691994,0.140695,0.13803028,0.16579865,0.11831769,0.027670128,0.007509832,-0.34253666,0.1561565,0.075014055,0.17306003,0.027777346,0.12188688,-0.1787445,0.20301108,0.12997657,0.14579359,0.113111556,-0.28055137,-0.0033211526
171,-0.018190395,-0.07980903,-0.03166078,0.14268109,0.14029923,0.5394433,0.113661565,-0.07882252,0.102290146,0.14466597,-0.052849732,0.36775059,0.15439492,0.050506722,0.16425861,-0.020693647,0.031575605,0.14237702,0.13840431,0.16416228,0.11808806,0.031176498,0.0057508955,-0.3466048,0.15531,0.07484012,0.17265913,0.029146908,0.11979794,-0.18034293,0.20262034,0.12974702,0.1457095,0.11243477,-0.28144616,-0.0034010068
172,-0.019743908,-0.080111325,-0.03333328,0.14270757,0.14269622,0.53982365,0.11208341,-0.08032692,0.10067931,0.14622587,-0.05096859,0.3665223,0.1527653,0.04898672,0.16247386,-0.01954991,0.03301541,0.14084099,0.13651846,0.16380449,0.115766294,0.03218501,0.0070030084,-0.34894714,0.1537785,0.07431441,0.17130317,0.030103527,0.120684125,-0.18038411,0.20154583,0.12918864,0.14449961,0.11394362,-0.2820659,-0.003712809
173,-0.02088621,-0.081918076,-0.03441796,0.14200346,0.14273855,0.5400041,0.11142328,-0.0801676,0.09998653,0.14347939,-0.048749253,0.36769652,0.15200369,0.048979457,0.1619046,-0.02227642,0.03743473,0.14385271,0.13556734,0.16283427,0.11511618,0.03199527,0.011804136,-0.343199,0.15329337,0.07248978,0.17083755,0.031846125,0.12575294,-0.17245556,0.2011251,0.12814772,0.14358605,0.115861274,-0.2838244,-0.0035898522
174,-0.019661235,-0.083135836,-0.033858996,0.14266476,0.13833614,0.54400915,0.111814246,-0.07859826,0.10022221,0.14615294,-0.05317646,0.3724859,0.15263511,0.052593928,0.16272509,-0.02140021,0.032670755,0.1481782,0.13654457,0.1650831,0.11764973,0.030581765,0.0072289314,-0.3413251,0.1547132,0.07202205,0.173005,0.028493594,0.121058024,-0.17067373,0.20271713,0.12661397,0.14458576,0.11131471,-0.28850716,-0.0028120626
175,-0.020265393,-0.082495764,-0.033908673,0.14142534,0.1384167,0.5443006,0.11235511,-0.0803069,0.10121425,0.14846635,-0.053361684,0.36895606,0.153615,0.051750086,0.16328812,-0.01864109,0.030122997,0.14408912,0.13664909,0.16859974,0.11577585,0.030817779,0.0025276986,-0.35081857,0.15404257,0.07570789,0.1725726,0.027312977,0.11572598,-0.17805609,0.20241486,0.12875246,0.14469384,0.109984525,-0.2900015,-0.0019142164
176,-0.022110106,-0.08409379,-0.03518451,0.13936467,0.13644834,0.5407842,0.11246514,-0.08153522,0.10159206,0.14520556,-0.052467063,0.36536106,0.1537359,0.05191072,0.1633328,-0.023016581,0.033385813,0.1426174,0.1355307,0.17005424,0.11403624,0.028809793,0.0072813584,-0.34765917,0.15372275,0.076360054,0.17219505,0.028712757,0.12066349,-0.17240034,0.20218077,0.1292897,0.14413193,0.112353824,-0.29249302,-0.0018790527
177,-0.01948877,-0.083356366,-0.03364228,0.13930191,0.13607626,0.54560924,0.11386243,-0.080130406,0.10221418,0.14564668,-0.052799564,0.36753446,0.15494198,0.04838793,0.16495623,-0.020467054,0.032027252,0.1445438,0.13792644,0.16547287,0.11580921,0.030378915,0.002836192,-0.3521316,0.15417616,0.07548387,0.17276399,0.028094422,0.1173231,-0.17223893,0.20251407,0.13100839,0.14442858,0.108133286,-0.29555938,-0.0016370722
178,-0.019996015,-0.08366511,-0.03425413,0.13897221,0.13654318,0.54464805,0.113445394,-0.08143222,0.10184647,0.14628063,-0.051339142,0.36708722,0.15422764,0.04938858,0.16418481,-0.021715745,0.034891892,0.14529066,0.13665718,0.16644238,0.11507769,0.030476306,0.007669801,-0.3470831,0.15420784,0.07475133,0.1731196,0.029381834,0.121860154,-0.16532049,0.20298046,0.12942696,0.14433227,0.110790566,-0.29841876,-0.0014139579
179,-0.02043778,-0.08263837,-0.034729525,0.13821563,0.13663033,0.5451752,0.113213465,-0.08160445,0.10167985,0.14738123,-0.051813334,0.36581394,0.15412527,0.04947088,0.16398348,-0.020968072,0.033749375,0.14369772,0.13636062,0.1676595,0.11461789,0.030614182,0.0063557294,-0.3512117,0.15417278,0.07560656,0.17337674,0.029304791,0.12046981,-0.16770469,0.20330334,0.12951265,0.14467698,0.11026884,-0.29841024,-0.0014911963
180,-0.019691966,-0.08226741,-0.03397841,0.13731495,0.13748334,0.54609025,0.11419052,-0.0819114,0.102751836,0.1479547,-0.051355414,0.36517435,0.15526813,0.04958976,0.1650608,-0.020091236,0.03350435,0.14232774,0.13744593,0.1691415,0.11566818,0.03150972,0.0057050968,-0.35560933,0.15542908,0.07683151,0.17488493,0.029689996,0.11944942,-0.17038113,0.20490277,0.12949954,0.14642023,0.11066685,-0.29825103,-0.0012848332
181,-0.022371748,-0.08248962,-0.036508456,0.13805187,0.13415608,0.544922,0.11359496,-0.08191887,0.101928465,0.14515167,-0.05329026,0.36418986,0.15500022,0.049433902,0.1650041,-0.024492605,0.033713933,0.14258887,0.13677095,0.168142,0.11541254,0.029864686,0.007273784,-0.35159835,0.155303,0.07519135,0.17459062,0.03066107,0.121350035,-0.1667156,0.2044782,0.12924187,0.14550798,0.111381575,-0.29890922,-0.001597778
182,-0.021531234,-0.08123987,-0.035961222,0.13774647,0.13167143,0.5477096,0.114570536,-0.08006593,0.102579616,0.1434814,-0.055715524,0.36522472,0.15631898,0.048059262,0.16662213,-0.024499204,0.031001443,0.14396264,0.1388164,0.16573529,0.11722104,0.030302063,0.0025624803,-0.35477617,0.15590428,0.07498082,0.17516676,0.030265132,0.11779206,-0.1683676,0.20475791,0.13064556,0.14599125,0.10770718,-0.29853705,-0.0021634789
183,-0.021955207,-0.08024079,-0.03644758,0.13694848,0.13369341,0.54796714,0.11420813,-0.08104783,0.10228359,0.14566502,-0.05481152,0.36326405,0.15591584,0.047594585,0.16601829,-0.022794329,0.030692328,0.14112104,0.13813071,0.16727139,0.1161697,0.031172145,0.0021262725,-0.3609934,0.15579462,0.07598331,0.17529848,0.030746039,0.116916835,-0.17203541,0.20517617,0.13088484,0.14639963,0.10817546,-0.29809016,-0.0025731015
184,-0.022184636,-0.08103873,-0.036825784,0.13655442,0.13432689,0.54672897,0.11396661,-0.08305692,0.102148086,0.14766325,-0.053788066,0.363018,0.15538728,0.04918405,0.16529942,-0.023611454,0.032666463,0.14101557,0.13694425,0.16960315,0.115702696,0.030936811,0.006819988,-0.357491,0.15624967,0.07568201,0.17611535,0.031712502,0.12084137,-0.16734105,0.20614439,0.12933725,0.14675468,0.11110221,-0.3009099,-0.002779057
185,-0.01877433,-0.08230584,-0.03400962,0.13549459,0.1342704,0.54978526,0.11637922,-0.082363054,0.10424626,0.14699624,-0.05330514,0.36540633,0.15756318,0.047882743,0.1676968,-0.022781366,0.033275705,0.14369628,0.1398546,0.16773497,0.118586555,0.032394204,0.00651816,-0.35813838,0.15797035,0.07539061,0.17788813,0.032235324,0.12128939,-0.16525525,0.20775087,0.13011117,0.14841717,0.110038295,-0.30147284,-0.002944671
186,-0.020440634,-0.083185434,-0.03581604,0.13558023,0.13285464,0.5478914,0.11607591,-0.08226349,0.10365908,0.14615984,-0.05327373,0.36456454,0.15660271,0.04773751,0.16684508,-0.026020112,0.03547938,0.14434221,0.13839285,0.16733274,0.11746557,0.03061197,0.011080002,-0.3549936,0.15740184,0.073860414,0.1772713,0.03386674,0.12630704,-0.1606808,0.2072466,0.13029498,0.14725865,0.111256756,-0.30143145,-0.0026536528
187,-0.020408437,-0.080860764,-0.036537237,0.13645448,0.13154098,0.5496438,0.115273565,-0.08310723,0.10245897,0.14994751,-0.056781072,0.36238232,0.15614879,0.046158846,0.166345,-0.023746332,0.030279329,0.14048019,0.13819388,0.16642521,0.11678684,0.03073381,0.005456505,-0.36308774,0.15704323,0.07486812,0.17719895,0.03198564,0.121607505,-0.16495408,0.2072245,0.13154586,0.14710823,0.10755444,-0.30260688,-0.0031261153
188,-0.024822013,-0.07976568,-0.04052988,0.13736841,0.13261314,0.54963154,0.11211138,-0.08237044,0.09940303,0.15014917,-0.05595393,0.3619773,0.15277064,0.045642134,0.16291565,-0.023701841,0.031099688,0.1412577,0.13454841,0.16609985,0.113014646,0.031458803,0.005927532,-0.36486572,0.15361877,0.07366854,0.17393488,0.03440615,0.122267544,-0.16702755,0.20411861,0.1310162,0.14399247,0.10781163,-0.29836315,-0.0035866578
189,-0.02464324,-0.07850956,-0.040114384,0.13685721,0.13003135,0.54801226,0.113360696,-0.08311653,0.10083473,0.1495343,-0.058210257,0.35964304,0.15445797,0.046738464,0.16456586,-0.025833866,0.029662218,0.13938539,0.13579115,0.16778983,0.11422602,0.03056515,0.0054421593,-0.36571282,0.15532243,0.07498067,0.17563139,0.034303546,0.12208082,-0.16654207,0.20584702,0.13180901,0.14551859,0.107660174,-0.2993532,-0.0037683714
190,-0.019901354,-0.08118879,-0.036028206,0.13536902,0.12916796,0.55185795,0.11670923,-0.08232916,0.103982076,0.1481848,-0.05749518,0.36502522,0.15766202,0.04769775,0.1680763,-0.026034985,0.031534836,0.1453668,0.13977724,0.16699047,0.1191522,0.031690054,0.0070986785,-0.36039034,0.15848906,0.073912464,0.17914614,0.03460821,0.124179944,-0.15868507,0.20901732,0.13065922,0.14840153,0.1070883,-0.3030357,-0.0044502863
191,-0.02333381,-0.08224306,-0.03920595,0.13620748,0.13109116,0.5529456,0.11383811,-0.08268265,0.101104364,0.14847292,-0.05601788,0.36597258,0.15469486,0.046856117,0.1650584,-0.026070887,0.032930087,0.14656214,0.13652045,0.16698968,0.11567922,0.031871896,0.008199928,-0.36142206,0.15546921,0.072390854,0.17606452,0.036011185,0.12507887,-0.16024403,0.2060558,0.13023366,0.1453255,0.10829891,-0.29985452,-0.0045447876
192,-0.024056256,-0.08158624,-0.039706964,0.13561429,0.13293771,0.5539501,0.11314856,-0.08290288,0.10054625,0.14885582,-0.055253357,0.36496457,0.15409067,0.04591088,0.16433161,-0.024915108,0.032674912,0.14542413,0.13581407,0.16767962,0.114153855,0.032676563,0.0067730714,-0.36710736,0.15440038,0.0732331,0.17488773,0.0365572,0.1237295,-0.16494623,0.20503476,0.13126764,0.1446334,0.108277,-0.29659283,-0.003772543
193,-0.023264794,-0.081125714,-0.03877991,0.13483633,0.13231577,0.5539504,0.1137366,-0.08356193,0.101405494,0.14860605,-0.05583827,0.36486894,0.15493156,0.04755681,0.16509026,-0.02598051,0.032829124,0.14638628,0.13639651,0.16924693,0.114987336,0.03269772,0.007764618,-0.36409983,0.15539813,0.07357072,0.17597069,0.036524612,0.12482734,-0.16148973,0.20603777,0.1306113,0.14553156,0.10917486,-0.29741874,-0.0026544642
194,-0.02098223,-0.080877915,-0.03664525,0.13366461,0.13234311,0.5548734,0.1154046,-0.08392281,0.10312313,0.14819196,-0.055434197,0.3642091,0.1566905,0.047125224,0.16682993,-0.025463313,0.033124924,0.14643237,0.13815784,0.16933833,0.11612027,0.033660825,0.007329571,-0.36459166,0.15638933,0.07480375,0.17704618,0.03669195,0.12458199,-0.16006973,0.20702137,0.13147934,0.14664052,0.1090202,-0.29940197,-0.002344472
195,-0.019736115,-0.07932079,-0.035328154,0.13321629,0.13044234,0.5538448,0.11664657,-0.08449266,0.10462953,0.14940691,-0.057455715,0.36173368,0.15807378,0.049228888,0.16803001,-0.025998648,0.0313117,0.14518002,0.13888565,0.17212577,0.11683751,0.032921616,0.0069586467,-0.3632015,0.15770821,0.07638902,0.17853083,0.035788693,0.12425467,-0.15844421,0.20839201,0.13159372,0.14787161,0.108939014,-0.3007632,-0.0028279386
196,-0.018611718,-0.07743605,-0.034075774,0.13084024,0.13419768,0.55443996,0.11590143,-0.08359515,0.10421764,0.1482905,-0.05480566,0.35821396,0.1571695,0.048384313,0.16696028,-0.024586955,0.033200014,0.14364211,0.13776712,0.17235067,0.114123054,0.03436054,0.0070349365,-0.36807024,0.15617667,0.078061976,0.176838,0.0367318,0.12564757,-0.15869297,0.20700926,0.13306211,0.14698555,0.10897291,-0.29740155,-0.0024833293
197,-0.02055047,-0.07752856,-0.03595425,0.13191842,0.12912042,0.55231035,0.11473417,-0.082646325,0.10298635,0.14566985,-0.0579976,0.35697278,0.1560928,0.05030936,0.16607636,-0.029604184,0.032749552,0.14543118,0.13597322,0.1722759,0.112836756,0.03167532,0.008378357,-0.36008167,0.15528123,0.076763794,0.17584379,0.036610942,0.12836553,-0.15042315,0.20579705,0.13319911,0.14501362,0.10821092,-0.2992717,-0.0017476674
198,-0.018636264,-0.07939906,-0.03511053,0.13449492,0.12970504,0.55762136,0.11469503,-0.08279555,0.10236218,0.1492266,-0.057640713,0.36085752,0.15581737,0.048605848,0.16602096,-0.025450677,0.032056946,0.14930637,0.13668366,0.16898914,0.11395857,0.034998167,0.0060044155,-0.35810348,0.15485424,0.07501596,0.17590281,0.03632099,0.12614514,-0.14726183,0.20553567,0.13221392,0.14433567,0.10670416,-0.3031862,-0.0018184722
199,-0.0204214,-0.079043426,-0.03644231,0.13391231,0.127881,0.5561977,0.11400497,-0.08402435,0.10197614,0.14849263,-0.06007375,0.35633293,0.15610869,0.048781157,0.1661403,-0.027084343,0.029556833,0.14493397,0.13621967,0.17088667,0.112669,0.033496514,0.0037094217,-0.361989,0.15475069,0.07639041,0.1755079,0.034890592,0.12383475,-0.15097056,0.2051868,0.13338311,0.14399937,0.10663813,-0.30177328,-0.0020124672
200,-0.021342264,-0.07913554,-0.03719346,0.13379224,0.12877715,0.55671537,0.11345232,-0.08381932,0.10149887,0.14866208,-0.058945168,0.35582206,0.15546848,0.048635487,0.1655017,-0.026698554,0.03034483,0.14502807,0.13526812,0.171943,0.111110166,0.033622257,0.0032307308,-0.3644527,0.15368202,0.076933905,0.17445222,0.0354462,0.12295854,-0.15307352,0.20414376,0.13428003,0.14290963,0.107016794,-0.301845,-0.0012008732
201,-0.01923886,-0.08043906,-0.03589764,0.13344036,0.13287294,0.56031257,0.11364278,-0.0833337,0.101335555,0.15012968,-0.05461298,0.35797697,0.15507483,0.047848962,0.16531102,-0.024077555,0.03455643,0.1475226,0.13546742,0.17049913,0.11157324,0.036752213,0.006622265,-0.36426514,0.15383363,0.07651149,0.17511839,0.037899062,0.12659967,-0.14803158,0.20495048,0.13356848,0.14346233,0.108403824,-0.30510226,0.00017862719
202,-0.019366,-0.08211689,-0.036410876,0.13431334,0.13119385,0.56095386,0.11391318,-0.08248146,0.101265475,0.14829026,-0.05477076,0.35998747,0.1553271,0.049136188,0.16590904,-0.027257947,0.036741134,0.15093467,0.1358538,0.16946343,0.11317544,0.036635723,0.010258414,-0.35718456,0.15482028,0.074677505,0.17617889,0.039773673,0.13065207,-0.14010008,0.2059194,0.13308875,0.14365204,0.10931876,-0.30829516,0.0010738774
203,-0.020205162,-0.081632435,-0.03744633,0.13496485,0.13029063,0.5634508,0.11359523,-0.082019195,0.10065491,0.1487463,-0.057093807,0.35955498,0.15565683,0.048263628,0.16633329,-0.026845235,0.033212062,0.14897981,0.13638882,0.16966012,0.11340013,0.03649988,0.0059539005,-0.36442846,0.15490997,0.07563369,0.17617291,0.039063077,0.1265424,-0.14643122,0.20584598,0.13463514,0.1436534,0.10685904,-0.3062211,0.0010882731
204,-0.022597993,-0.082773164,-0.039737556,0.13574046,0.13265288,0.5632544,0.1121872,-0.08468226,0.0992372,0.150638,-0.055492565,0.35768518,0.15445673,0.04711015,0.16491227,-0.02657909,0.034295972,0.14581367,0.1344654,0.1711456,0.11108952,0.036832344,0.007935526,-0.3679707,0.15403284,0.07564069,0.17521638,0.04003299,0.12736517,-0.14936793,0.20519556,0.13426329,0.14275274,0.109779716,-0.3048649,0.0008465301
205,-0.020590682,-0.08371721,-0.03814987,0.13405119,0.13143396,0.5662358,0.1134152,-0.08307181,0.10034986,0.15006627,-0.056826245,0.3600158,0.15583095,0.047270242,0.16644399,-0.025757078,0.032675773,0.14785327,0.13656439,0.17049769,0.11365681,0.03709631,0.005485414,-0.3699857,0.1553431,0.07550206,0.17681348,0.038877085,0.12566982,-0.14972341,0.20653656,0.13404529,0.14422037,0.10703975,-0.3043572,-0.0004317244
206,-0.022530463,-0.08444925,-0.039549995,0.1336729,0.12682335,0.56265944,0.113528505,-0.08378209,0.10075967,0.14783108,-0.06048246,0.35820016,0.15655729,0.050223615,0.16711274,-0.031194579,0.031175328,0.1467293,0.13632235,0.17343237,0.11418686,0.03368508,0.0067921495,-0.36607257,0.15657951,0.0753373,0.17776822,0.038141947,0.12671931,-0.1479621,0.20740809,0.13407543,0.14458422,0.107924044,-0.30457434,-0.001523878
207,-0.018776294,-0.08286393,-0.03608088,0.1326364,0.12958139,0.56660396,0.115717016,-0.08361838,0.102997676,0.14957272,-0.057831798,0.35955077,0.15843296,0.047588315,0.16899736,-0.025423648,0.03165898,0.14876038,0.13911584,0.17153808,0.115828246,0.03859925,0.003193893,-0.37092945,0.1569813,0.0767196,0.17864193,0.039094012,0.123338304,-0.15013178,0.20820393,0.13435565,0.1460706,0.10655855,-0.30509594,-0.0017872805
208,-0.021569278,-0.08439908,-0.03862078,0.13327771,0.12788598,0.5631639,0.11449406,-0.08603007,0.10186759,0.14815764,-0.05769212,0.35767442,0.15735905,0.048102755,0.16787736,-0.030105727,0.03479813,0.14901257,0.13697298,0.17157902,0.1140553,0.03705945,0.009100574,-0.36172926,0.15625075,0.07465153,0.17776342,0.04080011,0.12912339,-0.1416909,0.20737906,0.13306864,0.14443545,0.11081236,-0.3080274,-0.0018649431
209,-0.017521793,-0.0807832,-0.03484364,0.1310183,0.12956455,0.5675786,0.115817115,-0.08428061,0.10321671,0.14737256,-0.056326706,0.35699224,0.15846427,0.043707594,0.16906519,-0.024837464,0.034259267,0.15130605,0.13920902,0.1670462,0.11371961,0.0414134,0.0033805727,-0.36775464,0.15455873,0.07658402,0.17622545,0.041061446,0.12636863,-0.14255306,0.2056633,0.13566077,0.14386132,0.10633764,-0.30471644,0.000100498626
210,-0.020907115,-0.079636574,-0.037008118,0.13121922,0.12663151,0.5619954,0.11496083,-0.08738387,0.10318158,0.14652023,-0.05913365,0.35026652,0.15857758,0.046171505,0.1687239,-0.02940534,0.032843098,0.14625777,0.13728453,0.17256734,0.111015655,0.038570147,0.005479867,-0.36680177,0.15429097,0.07891694,0.17541362,0.041181095,0.1278356,-0.14431402,0.20503487,0.13688539,0.14314286,0.10912612,-0.30088934,0.0010898585
211,-0.022245461,-0.07951718,-0.03880287,0.13384475,0.12799302,0.5666869,0.112918675,-0.08722602,0.100756206,0.14972049,-0.059598967,0.35414112,0.15669566,0.04591307,0.16694187,-0.026894242,0.031287115,0.14930414,0.1359709,0.17139162,0.11043188,0.0406315,0.0036287608,-0.36631387,0.15276034,0.076742925,0.1741038,0.041454386,0.12564749,-0.14525682,0.20350425,0.13527074,0.1412815,0.10843813,-0.2993595,0.0007614586
212,-0.020719906,-0.079587154,-0.037807275,0.13362339,0.12693042,0.5693385,0.113467805,-0.08604558,0.101169236,0.15125734,-0.061670445,0.35716572,0.1576047,0.04933792,0.16798519,-0.027007021,0.029324517,0.15151073,0.13729028,0.17306705,0.11343635,0.04010065,0.0029425472,-0.36355388,0.15494238,0.076105505,0.17667504,0.03995592,0.124721296,-0.14264983,0.2057746,0.13386807,0.14307949,0.10697939,-0.30194834,0.00022280682
213,-0.022957105,-0.080360144,-0.039521925,0.13191068,0.12879565,0.5680203,0.112302326,-0.0858632,0.100250855,0.14828861,-0.05999647,0.3555173,0.15662722,0.049650233,0.16695333,-0.029741403,0.03190998,0.1502413,0.13576552,0.17447643,0.11160693,0.039057303,0.006137885,-0.36557513,0.1541532,0.075938605,0.17549749,0.04160775,0.12766273,-0.1442249,0.20487086,0.1341829,0.14222722,0.10938171,-0.29807252,-0.00034015882
214,-0.022138473,-0.08070102,-0.039054297,0.13229038,0.13000327,0.57233447,0.11227414,-0.08483768,0.09990942,0.14830282,-0.05955959,0.35820043,0.15668428,0.047106445,0.16723658,-0.02698531,0.03114931,0.15270375,0.13687122,0.17132843,0.11235593,0.04147721,0.0021760992,-0.3689416,0.15355659,0.07480321,0.1749214,0.041350354,0.12418523,-0.14682806,0.20411076,0.13417655,0.14174858,0.10750208,-0.296544,-0.001278492
215,-0.022585401,-0.083170556,-0.03935933,0.1307468,0.13129269,0.5716457,0.11164572,-0.08626623,0.09956562,0.14711055,-0.058645997,0.35745704,0.1566024,0.048608646,0.16705206,-0.029182956,0.033223577,0.15169121,0.13638929,0.17311493,0.11251577,0.041008107,0.0060721654,-0.36724573,0.15459976,0.07426193,0.17578648,0.0416936,0.1276802,-0.14407425,0.20515548,0.13281628,0.14253776,0.11084173,-0.2959312,-0.0021127507
216,-0.022661379,-0.08253062,-0.039840393,0.13132526,0.13169442,0.57472557,0.110801704,-0.08548984,0.098432414,0.14860342,-0.05979133,0.35902905,0.15582357,0.04773363,0.16638216,-0.027301092,0.03093013,0.15256444,0.1361849,0.17196606,0.11249612,0.041824445,0.0024637652,-0.3712693,0.15405086,0.07346209,0.17529677,0.040691342,0.12433015,-0.14734513,0.20455243,0.13266453,0.14195985,0.10870063,-0.29387516,-0.0031035538
217,-0.022549419,-0.08315191,-0.0398232,0.13053246,0.13150825,0.57384276,0.1112734,-0.0861571,0.098835245,0.1477288,-0.059625555,0.35857254,0.15625864,0.048900355,0.16687758,-0.030022504,0.032411415,0.15244347,0.1361927,0.17336023,0.112916894,0.040408187,0.0054345853,-0.3695066,0.15521808,0.07303011,0.1762939,0.0411023,0.12705728,-0.1443647,0.20565638,0.13281704,0.14256316,0.11045511,-0.29508623,-0.002488054
218,-0.022774873,-0.08084234,-0.0404275,0.13214915,0.13158602,0.57536435,0.110966995,-0.087588914,0.09814512,0.15151723,-0.06084215,0.35823038,0.15583459,0.047288723,0.16643283,-0.027934084,0.029586613,0.15092874,0.13569076,0.17342758,0.11185738,0.040700786,0.0014161213,-0.37485272,0.15470643,0.073294185,0.17581451,0.03982861,0.1225255,-0.14901422,0.20516199,0.13372572,0.14185764,0.10904002,-0.29574072,-0.0026495066
219,-0.023392325,-0.08204327,-0.041006457,0.13211906,0.13321474,0.5750785,0.11024989,-0.08882522,0.09762468,0.15293925,-0.058938347,0.3592322,0.15486334,0.048968952,0.16536666,-0.028183993,0.03218512,0.15229024,0.1342981,0.1753609,0.11138285,0.041428547,0.005417022,-0.37178802,0.15485251,0.072349496,0.17618458,0.041340843,0.12570082,-0.1457406,0.20567077,0.13173321,0.1419481,0.11224972,-0.29649562,-0.0027396379
220,-0.02252197,-0.082440026,-0.040232472,0.13072799,0.13094631,0.5766942,0.11073378,-0.08623402,0.09801531,0.1501287,-0.06125671,0.3611619,0.15535367,0.04927814,0.16612616,-0.029466966,0.030423794,0.15518391,0.13546775,0.1741554,0.11289446,0.040466882,0.0021572534,-0.37328288,0.15525638,0.07120603,0.17643541,0.03998342,0.12372625,-0.14663209,0.20567213,0.132089,0.142045,0.10899674,-0.29317054,-0.0024932288
221,-0.02352531,-0.08196727,-0.0405287,0.12920703,0.12814158,0.57336086,0.11143038,-0.08609291,0.098910674,0.14528362,-0.06308477,0.3572864,0.15639433,0.04868379,0.16718738,-0.03406306,0.02995162,0.15270728,0.13574742,0.17494324,0.11189021,0.0377488,0.001531322,-0.37568772,0.15520903,0.07228139,0.17569679,0.039703697,0.12389071,-0.14863573,0.20497717,0.13503322,0.14149402,0.10875415,-0.29022378,-0.0029807263
222,-0.022080267,-0.08094367,-0.039799377,0.13059966,0.1298937,0.57523566,0.11229142,-0.08727555,0.09922316,0.14832835,-0.06189294,0.3576878,0.15682635,0.046821147,0.16768827,-0.03214638,0.03035826,0.15219752,0.13631734,0.17417623,0.11218928,0.038959898,0.0015204891,-0.37772647,0.15570015,0.07245309,0.17634512,0.040159497,0.12318328,-0.14884752,0.20567766,0.13560262,0.14193434,0.10916676,-0.29375198,-0.0028824173
223,-0.020999972,-0.082163505,-0.039022017,0.13035585,0.1300401,0.5748882,0.11351347,-0.08953348,0.1003657,0.1498364,-0.06068597,0.35834685,0.15784092,0.0478142,0.16867556,-0.033335004,0.032572895,0.15268028,0.13677797,0.17615542,0.11318602,0.03865812,0.0053342674,-0.37455094,0.15738058,0.07212057,0.17824055,0.0409168,0.12588464,-0.14408867,0.20764066,0.13477622,0.14316553,0.11183273,-0.29914907,-0.004006009
224,-0.01854052,-0.08294009,-0.036970373,0.13001107,0.12838456,0.5766957,0.11525594,-0.0892184,0.10201141,0.15062484,-0.061528563,0.36054185,0.15941478,0.04821107,0.17037164,-0.03252295,0.03195133,0.15550782,0.13875277,0.17578982,0.11559096,0.039444327,0.0041341153,-0.3728743,0.15877481,0.0717198,0.17994769,0.04032739,0.12490923,-0.14125885,0.20910469,0.13425468,0.14442073,0.11038742,-0.30180708,-0.00464119
225,-0.019471357,-0.08237349,-0.03743129,0.12866113,0.12959531,0.57520473,0.114585064,-0.08992865,0.10170667,0.15023012,-0.06124681,0.35915878,0.15883099,0.050141834,0.16963483,-0.034637183,0.032867342,0.15430036,0.1374837,0.17904854,0.114459805,0.038156506,0.006341993,-0.3749437,0.15910557,0.0721651,0.18000062,0.04045968,0.12692402,-0.14208005,0.209411,0.13432626,0.14457664,0.112327114,-0.29887778,-0.00544513
226,-0.020610187,-0.080032535,-0.03858216,0.1279137,0.127675,0.57638156,0.11301389,-0.08912255,0.10014921,0.14929083,-0.06499986,0.35549077,0.15830943,0.0488575,0.16908903,-0.03458998,0.028317299,0.15101309,0.13710819,0.17806765,0.1129452,0.03811063,0.0006163819,-0.3833607,0.15794986,0.074165374,0.17873964,0.03883981,0.122917324,-0.14652829,0.20815255,0.1368842,0.14369039,0.10772653,-0.29520357,-0.007806971
227,-0.022120604,-0.08117331,-0.040089328,0.12943666,0.12813124,0.57769835,0.111718826,-0.09137269,0.0986473,0.15098399,-0.06486715,0.356179,0.15719114,0.04857012,0.16791514,-0.035130333,0.028142678,0.1505896,0.13532287,0.18039487,0.11042235,0.03743788,0.00083041686,-0.38620767,0.1565402,0.07507782,0.17708486,0.038918573,0.1223796,-0.14915363,0.20650084,0.13879506,0.1416337,0.1086131,-0.29465693,-0.009300046
228,-0.020932412,-0.084184326,-0.03920876,0.12933204,0.12794943,0.5815105,0.11197672,-0.08896561,0.09858937,0.14817417,-0.063301064,0.36137933,0.15702446,0.048190612,0.16810426,-0.035542913,0.030610975,0.15694432,0.13577743,0.17904465,0.1107101,0.03797001,0.0016326774,-0.3836172,0.15534973,0.07439365,0.17597789,0.040284317,0.123951174,-0.14570253,0.20508908,0.13985816,0.1402373,0.10724273,-0.2950741,-0.009939973
229,-0.021802077,-0.086682834,-0.03973466,0.129446,0.12859574,0.58122194,0.11153791,-0.09025207,0.098369636,0.14698759,-0.061580535,0.3621853,0.1566352,0.048573386,0.167682,-0.037122194,0.033579048,0.15861662,0.13493733,0.18004632,0.10985557,0.038584817,0.0053718295,-0.38039505,0.15481494,0.07409473,0.17537129,0.04225412,0.12742385,-0.14252065,0.20454358,0.13941336,0.13953403,0.11035148,-0.2949618,-0.00964442
230,-0.019406972,-0.08629824,-0.038346305,0.13172829,0.13069953,0.5865102,0.11180177,-0.089896895,0.098083265,0.15238993,-0.06133834,0.3650656,0.15651992,0.046385434,0.16766885,-0.030903185,0.03138966,0.16043644,0.13594677,0.17754664,0.110995814,0.04221592,0.00063257455,-0.38412523,0.15477492,0.073224805,0.17572843,0.040880978,0.12258578,-0.14478992,0.20470065,0.13855484,0.13964178,0.10780617,-0.29656336,-0.009754753
231,-0.0214784,-0.085779406,-0.040375054,0.1310635,0.13229772,0.5853565,0.11012144,-0.09149298,0.096563265,0.15281774,-0.05906204,0.3633367,0.15487461,0.047192246,0.16587615,-0.032477174,0.034890953,0.15994035,0.13327819,0.17894828,0.108523786,0.04208651,0.0061178324,-0.3796194,0.15381323,0.07283002,0.17510499,0.043194253,0.12733208,-0.13891037,0.20426713,0.13720351,0.13864037,0.11137525,-0.30022037,-0.009542164
232,-0.01975768,-0.086165,-0.038226724,0.12795061,0.12973543,0.58452713,0.1121726,-0.090645835,0.09895951,0.14797749,-0.059652273,0.36353952,0.1572345,0.049550302,0.16835901,-0.0366489,0.035919808,0.1615736,0.13511416,0.18209781,0.10993429,0.0396389,0.0068403217,-0.37817976,0.1555182,0.074667096,0.17663968,0.04283797,0.12819248,-0.13641916,0.20563641,0.13956428,0.13990963,0.11063241,-0.30232808,-0.00889959
233,-0.018324131,-0.08387599,-0.037370957,0.12847218,0.12660493,0.5868744,0.1131879,-0.09040537,0.09951423,0.1491528,-0.06313587,0.3632815,0.15870398,0.048937004,0.17001499,-0.036488306,0.031765718,0.16101217,0.13672993,0.18187304,0.11094125,0.038363952,0.0011389527,-0.38126987,0.15638034,0.075812675,0.17755455,0.039868493,0.12309366,-0.13778351,0.20622969,0.141778,0.14022073,0.10613382,-0.30554593,-0.007791951
234,-0.021080405,-0.084039964,-0.039806787,0.12946014,0.12630203,0.58507854,0.11204704,-0.09249094,0.09843479,0.14922032,-0.06260124,0.36110246,0.15772904,0.048306894,0.16894996,-0.038403768,0.033170603,0.1596428,0.13474521,0.18261409,0.10850817,0.037882067,0.0033993952,-0.3798134,0.15529656,0.07548235,0.1763519,0.041095603,0.12488705,-0.13618217,0.2051881,0.14202383,0.1386916,0.10835717,-0.30619776,-0.007644178
235,-0.019685626,-0.08256258,-0.03947039,0.13183221,0.12845203,0.59033877,0.11198212,-0.091927655,0.097542875,0.15412706,-0.06214857,0.36347097,0.15727402,0.04514999,0.16872047,-0.032991014,0.031373296,0.16064438,0.13545744,0.17926387,0.10928974,0.04113885,-0.0012479005,-0.38499013,0.15519981,0.074259125,0.17663991,0.040061638,0.12038103,-0.13864367,0.20537561,0.14125885,0.1386498,0.10572471,-0.30762377,-0.008697201
236,-0.018583983,-0.085525826,-0.038260248,0.12924427,0.13173215,0.5890256,0.112282105,-0.09231141,0.098065935,0.15047179,-0.05792238,0.3631844,0.15715723,0.04510551,0.1686506,-0.035447806,0.037850123,0.16217823,0.13521823,0.17885232,0.10912033,0.04243555,0.0062217517,-0.38180035,0.15565026,0.07327566,0.17680676,0.04348974,0.12856671,-0.13174659,0.20588817,0.14081134,0.139013,0.11066636,-0.30672958,-0.009008257
237,-0.019835267,-0.0833291,-0.039476525,0.12964316,0.1280208,0.5878675,0.112151064,-0.09236698,0.0977655,0.15048929,-0.06251928,0.3600693,0.15763822,0.04459315,0.16916433,-0.037063222,0.03295231,0.15876886,0.13531591,0.17922461,0.10875327,0.040650576,0.0009665763,-0.38746184,0.15577213,0.073903166,0.17659955,0.041455507,0.12343652,-0.13740097,0.20553708,0.1429651,0.1384839,0.10762314,-0.30518022,-0.00903341
238,-0.020968564,-0.082784794,-0.04055521,0.13007767,0.12718464,0.58772874,0.1112003,-0.09149691,0.09705708,0.1518713,-0.063496105,0.3598439,0.15687503,0.04746107,0.16831535,-0.03725066,0.03231542,0.15951914,0.13414022,0.1810272,0.10886558,0.040945735,0.0017589052,-0.3841653,0.15592659,0.07304926,0.17716484,0.041769892,0.12372177,-0.1350171,0.20600037,0.14072317,0.13856034,0.10777548,-0.3057804,-0.008924729
239,-0.020474035,-0.083074845,-0.040074877,0.12915558,0.1307769,0.58996093,0.11046924,-0.08954807,0.09650638,0.15059619,-0.059739888,0.36012483,0.1557929,0.04625527,0.16724561,-0.034596577,0.035822753,0.16229038,0.1334895,0.17892495,0.107848674,0.04474567,0.0030957116,-0.38332468,0.1542751,0.071957394,0.17583199,0.04440711,0.1253053,-0.13285998,0.20470318,0.1390349,0.13760777,0.10894537,-0.30411196,-0.008482684
240,-0.01924999,-0.08042885,-0.038737677,0.12783492,0.12959328,0.5888462,0.111853786,-0.0894921,0.09811858,0.15112124,-0.061628096,0.35565642,0.15759717,0.047678094,0.16889837,-0.03478168,0.033381745,0.15871748,0.13463005,0.1818246,0.10833843,0.044016525,0.0012903023,-0.38652626,0.15570086,0.074878745,0.17721902,0.04337959,0.12327768,-0.13552412,0.20605212,0.14096275,0.13909435,0.1079081,-0.30414554,-0.008735281
241,-0.020096542,-0.081694126,-0.039660975,0.12916236,0.12392292,0.58641464,0.11183518,-0.089930944,0.09822713,0.14964907,-0.06555832,0.35382086,0.15818368,0.04909884,0.16952461,-0.038379103,0.03185649,0.15980294,0.13467161,0.18065543,0.10908116,0.04317656,0.0017128068,-0.3772553,0.15588541,0.073282845,0.1774479,0.043100998,0.12471839,-0.1275527,0.20598997,0.14022718,0.13835837,0.107440405,-0.30795103,-0.009181289
242,-0.017653078,-0.08076483,-0.037603598,0.12842879,0.12340267,0.588046,0.113007545,-0.08926617,0.099339664,0.15071917,-0.06702591,0.35215142,0.15947141,0.048320953,0.17081541,-0.036168214,0.029384788,0.15908736,0.13633528,0.17984368,0.11016163,0.04428083,-0.002160284,-0.38078448,0.15661956,0.07426778,0.17821604,0.041341007,0.1216961,-0.12902336,0.20661707,0.14118133,0.13918878,0.10475246,-0.30769882,-0.009588152
243,-0.017138101,-0.08217208,-0.036558215,0.12570494,0.12564741,0.584664,0.11449798,-0.092400886,0.10130427,0.14969298,-0.06394221,0.34776628,0.16090915,0.048589345,0.17196241,-0.038169257,0.033231594,0.15541475,0.13637593,0.18393983,0.109085776,0.04352903,0.003107209,-0.38259995,0.15785457,0.076314196,0.1791494,0.042719014,0.12576528,-0.12886958,0.20790887,0.14243026,0.14038786,0.109687835,-0.30784038,-0.00917995
244,-0.016134705,-0.080349,-0.03599245,0.12728985,0.12567429,0.5878967,0.11415356,-0.09037341,0.100613095,0.15198007,-0.0636883,0.3519366,0.15969126,0.04901031,0.17100377,-0.036083043,0.03319661,0.16113308,0.13562869,0.1828105,0.10882429,0.044536356,0.0011278524,-0.3796234,0.1567508,0.07422662,0.1783086,0.042129166,0.12445053,-0.1260399,0.20679657,0.14156981,0.1387975,0.10757963,-0.30808946,-0.01053698
245,-0.018021813,-0.08051479,-0.03816464,0.12808202,0.12434253,0.5901259,0.11153523,-0.08817008,0.097747006,0.15181798,-0.065164216,0.3534723,0.15691192,0.047878485,0.16839282,-0.035524864,0.031768687,0.16407634,0.13321772,0.1799954,0.10636646,0.043766446,-0.00211342,-0.37957558,0.15382163,0.07176277,0.17542087,0.040517524,0.122813486,-0.12571561,0.20365845,0.14087592,0.13545503,0.10409562,-0.30581927,-0.011518855
246,-0.01793052,-0.08100057,-0.038026966,0.1268717,0.12932505,0.5910243,0.110107586,-0.089320466,0.09655883,0.1527198,-0.061414696,0.35351974,0.1554248,0.04910383,0.16680396,-0.034793682,0.035355,0.16384669,0.13143393,0.18213627,0.104745544,0.04477208,0.0015194723,-0.38042542,0.15363775,0.07186052,0.17519064,0.04135268,0.12588862,-0.12464295,0.20369905,0.13940546,0.1354219,0.1080758,-0.30456096,-0.011755321
247,-0.016636906,-0.08274335,-0.036704022,0.12534969,0.12537356,0.59076947,0.11162861,-0.08763048,0.09805886,0.14824116,-0.06483886,0.3526399,0.15756916,0.049799643,0.1692454,-0.03796875,0.03306518,0.16390954,0.13395272,0.18169253,0.10742332,0.043344934,-0.0018390391,-0.38208964,0.15561177,0.07188151,0.17673841,0.039236974,0.123802476,-0.12530828,0.20501076,0.14078529,0.13670035,0.10559495,-0.30288112,-0.011493188
248,-0.018455753,-0.0834421,-0.038435195,0.1266851,0.12488141,0.5890368,0.11094212,-0.090530574,0.09741689,0.15031788,-0.065324366,0.3498865,0.15719646,0.0493166,0.16874301,-0.038631145,0.03278289,0.16084355,0.13274767,0.18284194,0.10616614,0.043085035,-0.0011525849,-0.38304397,0.15575609,0.0720533,0.17685223,0.03888019,0.12403532,-0.12558371,0.2052617,0.14018548,0.13654031,0.107645676,-0.30340502,-0.012064431
249,-0.016225751,-0.08205016,-0.03614179,0.12586334,0.12678547,0.5900497,0.11263851,-0.09106889,0.09930551,0.15191208,-0.06409778,0.34844723,0.15891927,0.049422927,0.17040205,-0.036117032,0.03277632,0.15946603,0.13451219,0.18471277,0.10737199,0.045182537,-0.0024676644,-0.38753322,0.15737139,0.07459258,0.17857155,0.03890509,0.12223844,-0.12846017,0.2070688,0.14071207,0.13867697,0.108322315,-0.30325872,-0.01387277
250,-0.01686411,-0.08295929,-0.03708914,0.12654525,0.12710054,0.5912859,0.1118313,-0.08970586,0.09821298,0.15052114,-0.06328156,0.3505436,0.15789013,0.04975121,0.16963746,-0.037512325,0.0348844,0.16264284,0.1337189,0.1832132,0.10738973,0.045307264,-0.00035778337,-0.38320747,0.15688491,0.072296314,0.17805919,0.040236443,0.12472932,-0.12425905,0.20652008,0.13973208,0.13766068,0.10911063,-0.3039526,-0.015235392
