Epoch,Layer0_theta_1,Layer0_r,Layer0_theta_2,Layer0_bx,Layer0_bp,Layer0_gamma,Layer1_theta_1,Layer1_r,Layer1_theta_2,Layer1_bx,Layer1_bp,Layer1_gamma,Layer2_theta_1,Layer2_r,Layer2_theta_2,Layer2_bx,Layer2_bp,Layer2_gamma,Layer3_theta_1,Layer3_r,Layer3_theta_2,Layer3_bx,Layer3_bp,Layer3_gamma,Layer4_theta_1,Layer4_r,Layer4_theta_2,Layer4_bx,Layer4_bp,Layer4_gamma,Layer5_theta_1,Layer5_r,Layer5_theta_2,Layer5_bx,Layer5_bp,Layer5_gamma
1,0.073738635,0.04297465,0.07376191,0.07669505,0.060909424,0.07156172,0.0739134,0.049251154,0.073963396,0.07564842,0.019150708,0.060798164,0.074071325,0.05867168,0.07411881,0.07380646,-0.00022955891,0.008031137,0.07419419,0.06656047,0.074183345,0.0717334,-0.010121514,-0.0109601915,0.07425187,0.07118767,0.07414265,0.07004723,-0.021095654,-0.019399494,0.07420773,0.07323884,0.07402527,0.07029238,-0.06452243,0.00037709362
2,0.1251562,-0.007233311,0.12532996,0.13091479,0.13553,0.14256765,0.12751478,0.014731688,0.12599915,0.12358621,0.064834766,0.13173938,0.12543939,0.055787563,0.12196777,0.11730421,0.0131692095,0.061364703,0.120831124,0.08000217,0.115219004,0.12060589,-0.013269713,0.00919953,0.114154674,0.09124565,0.10586984,0.12571031,-0.03318989,-0.0014234311,0.10413297,0.10200813,0.09574981,0.12993757,-0.10845243,-0.00061015703
3,0.10915878,-0.042292383,0.10927816,0.15408868,0.18237391,0.16270538,0.1161723,-0.0032775046,0.111994505,0.13785931,0.11590981,0.16801885,0.109466136,0.053207457,0.10236646,0.13051638,0.0632343,0.11333724,0.099674895,0.06410171,0.08955922,0.14728193,0.030727834,0.052653108,0.08766494,0.07151381,0.07243487,0.16049024,0.007339698,0.034715537,0.06948025,0.09537312,0.053891767,0.16249558,-0.084850736,-0.0018746295
4,0.1117706,-0.04691483,0.10968954,0.16237375,0.18482138,0.19400612,0.11274421,0.001787882,0.107231684,0.13842855,0.12820187,0.23282324,0.10009739,0.03771797,0.09534257,0.13873573,0.07882559,0.17777053,0.09553185,0.021101203,0.08582856,0.16603144,0.028342476,0.072804585,0.08625728,0.03648671,0.06800864,0.17699704,0.0024993862,0.038172744,0.06540957,0.08063347,0.04636008,0.17109726,-0.07902998,-0.0020197777
5,0.11213672,-0.047093607,0.10878976,0.16523178,0.1782544,0.19669546,0.110595696,0.008424808,0.1043262,0.13548139,0.13195604,0.25785545,0.09215611,0.039337333,0.08907878,0.13627852,0.09314137,0.2190423,0.0860064,0.008220768,0.07703855,0.16767676,0.044869132,0.10819782,0.07643501,0.020891808,0.057526775,0.17882836,0.023278669,0.054631386,0.054032385,0.073296025,0.034322172,0.16841297,-0.050805993,-0.0016637365
6,0.10469099,-0.052565232,0.1018178,0.1648966,0.16546069,0.18062288,0.10397306,0.0065719327,0.096960746,0.13318437,0.12348923,0.23873179,0.086180665,0.029497277,0.08235781,0.13755924,0.08673342,0.19010825,0.080709554,-0.00030144682,0.07163166,0.16824292,0.040653825,0.08181981,0.07092818,0.018713027,0.050883185,0.1767573,0.025212275,0.052653253,0.0470395,0.073119454,0.025658906,0.16685545,-0.049773604,-0.0017895673
7,0.11158889,-0.05647157,0.10860247,0.16823809,0.16181608,0.16808482,0.11105628,0.005387234,0.10402949,0.1343807,0.122957565,0.23334554,0.09158292,0.031009963,0.088169254,0.13769287,0.09192485,0.19016121,0.083990164,-0.00084163283,0.0751555,0.16879901,0.0479954,0.08326676,0.0728593,0.018644877,0.052727405,0.17727226,0.03236314,0.05548172,0.047975317,0.076383516,0.026458342,0.16645156,-0.044418745,-0.0015744478
8,0.11839536,-0.05755169,0.11495449,0.16955206,0.15673319,0.16008681,0.11671946,0.004891059,0.10979863,0.13439606,0.1203465,0.23135218,0.095629044,0.03025966,0.092716634,0.13779266,0.09170217,0.1906557,0.087006524,-0.0039860476,0.078364074,0.17018977,0.045237448,0.07962208,0.07560395,0.017262131,0.0554881,0.17845023,0.02742285,0.04592218,0.050633457,0.07949961,0.028986208,0.166182,-0.04728613,-0.0015203399
9,0.12077126,-0.057694767,0.117032625,0.16856812,0.14786187,0.14871661,0.11838538,0.0044291667,0.11149412,0.13252677,0.1143627,0.22237666,0.096018985,0.029358262,0.09322865,0.13575894,0.088023216,0.18511392,0.08554752,-0.0032787928,0.07683586,0.16796947,0.042663675,0.076778285,0.073400274,0.019039124,0.053225096,0.17625216,0.025309792,0.036942396,0.048202217,0.083083116,0.026476094,0.16350245,-0.045847088,-0.0014772486
10,0.1250328,-0.057434075,0.12076434,0.16862413,0.14530204,0.14435303,0.121414915,0.0043045105,0.11463714,0.1319123,0.11401476,0.22293176,0.09753943,0.029470194,0.095169835,0.1349586,0.08898314,0.18948193,0.085878484,-0.0044566123,0.07715626,0.16808295,0.041968558,0.07884019,0.07332701,0.01815647,0.053245757,0.17665727,0.023123128,0.029540552,0.04818796,0.085308015,0.026544357,0.16257834,-0.045088366,-0.0012311201
11,0.12756957,-0.058058474,0.12303317,0.16869245,0.14424485,0.14031868,0.1232256,0.0036886837,0.11651269,0.13153003,0.11468546,0.22193378,0.09839116,0.028942272,0.0962465,0.13469191,0.0903057,0.19003187,0.08594861,-0.0057311,0.07722261,0.16855125,0.04172795,0.07775369,0.073112726,0.017736543,0.05303431,0.17720473,0.021982746,0.024718398,0.04795112,0.0873855,0.026176637,0.16226584,-0.0448104,-0.0010297805
12,0.12858844,-0.0592959,0.12401353,0.16859768,0.14365691,0.13561577,0.12398857,0.002545044,0.11729425,0.13123415,0.11540045,0.21787308,0.098719575,0.027624214,0.096596576,0.13479587,0.091163255,0.18558091,0.08567202,-0.0066766944,0.07695273,0.16901952,0.041688282,0.07343047,0.07256596,0.018194215,0.052391317,0.1775283,0.021824598,0.022264745,0.047258522,0.089687124,0.025098015,0.16223471,-0.045142002,-0.0009245443
13,0.13067226,-0.059875064,0.12585133,0.16880575,0.14484578,0.13354672,0.1254362,0.001965238,0.118793555,0.13116692,0.11803807,0.2187206,0.09930291,0.027603894,0.09738945,0.13474782,0.09427658,0.1881724,0.08555359,-0.0076628975,0.07679089,0.16972537,0.04347602,0.07437041,0.072104864,0.017584987,0.051942956,0.17842911,0.022771224,0.019723725,0.046745524,0.09135972,0.024490597,0.16224337,-0.043456636,-0.00090234337
14,0.13154034,-0.06040661,0.1265286,0.16830166,0.14375842,0.13064002,0.1257012,0.001197792,0.11907243,0.13046801,0.11845892,0.21727788,0.09897369,0.026286922,0.09713393,0.13452485,0.09481621,0.18627511,0.08484264,-0.009304097,0.076045044,0.17019361,0.042573478,0.07071257,0.071282774,0.017349642,0.05104577,0.17878467,0.021720227,0.0152482465,0.045899697,0.093404084,0.023326337,0.16189891,-0.043337118,-0.00091013295
15,0.13296285,-0.061009876,0.12770334,0.16828278,0.14485572,0.12884952,0.12650502,0.0005720134,0.119906075,0.13019148,0.12104381,0.21839978,0.098933436,0.026420256,0.097258665,0.13420051,0.09786433,0.18912034,0.08412779,-0.010062356,0.07524187,0.17061546,0.04441099,0.07160055,0.07023529,0.017015208,0.04999842,0.17941731,0.023017379,0.012117975,0.044808265,0.095219634,0.022181157,0.16168086,-0.040659063,-0.00091452553
16,0.1336438,-0.061760917,0.12830561,0.16805236,0.14562248,0.12707841,0.12673521,-0.00031659214,0.120144784,0.12997776,0.12273897,0.21709035,0.09889105,0.02471158,0.097249806,0.13477331,0.09884183,0.18576759,0.08414106,-0.012279852,0.07528163,0.17192729,0.043492362,0.066391125,0.07031346,0.016548278,0.0499765,0.18042976,0.02212446,0.01004976,0.044838797,0.09688872,0.021761272,0.16214973,-0.041559394,-0.0010416355
17,0.13489056,-0.06219515,0.12933615,0.16780865,0.14625941,0.12478596,0.12743092,-0.0009990428,0.12086128,0.12959726,0.124709085,0.21685712,0.09884542,0.02476334,0.09731643,0.13433994,0.10125851,0.18731192,0.08334311,-0.012521589,0.07439382,0.17197154,0.04539218,0.06707965,0.069142275,0.016689558,0.048786484,0.1806442,0.023832073,0.007530958,0.043588433,0.09889576,0.020374807,0.16168325,-0.03906161,-0.0010978928
18,0.13578388,-0.062459674,0.13006344,0.1673913,0.14667396,0.123516664,0.12771806,-0.0016866975,0.121153906,0.12921849,0.12609851,0.21640797,0.098739214,0.023310453,0.09727606,0.1346426,0.1020376,0.1854395,0.08322559,-0.014603156,0.07427669,0.17302069,0.044426225,0.06316453,0.069066554,0.016125875,0.04863533,0.18147081,0.02290957,0.004706405,0.04350243,0.10063038,0.019910548,0.16179201,-0.03941819,-0.0011057617
19,0.13700551,-0.062785484,0.13108498,0.16716875,0.14772499,0.12170327,0.12839407,-0.0023882175,0.121845454,0.12897654,0.12821257,0.21615143,0.09879265,0.023162132,0.09742689,0.13447621,0.104198374,0.18646267,0.0826705,-0.014959487,0.07365786,0.17329013,0.045963015,0.06342006,0.06821989,0.016254764,0.047764834,0.18184449,0.024344565,0.0026429237,0.042589396,0.1026168,0.018807206,0.16152057,-0.03749668,-0.00096085697
20,0.13802364,-0.0630119,0.13193975,0.16683789,0.14858295,0.120261036,0.12885062,-0.0030630853,0.122308314,0.12872486,0.12994023,0.21558805,0.098803714,0.022327956,0.09750305,0.13465855,0.10544915,0.18566345,0.08242537,-0.016081719,0.07339597,0.17398825,0.046097606,0.061544385,0.067887835,0.01612328,0.047380485,0.18245567,0.024568195,0.0006556183,0.042220365,0.104462266,0.0181185,0.16150719,-0.03699645,-0.0008988856
21,0.13907209,-0.06325331,0.1328099,0.16654539,0.14936453,0.11863007,0.12934995,-0.0038059196,0.12281384,0.12850323,0.13149454,0.21499206,0.09883416,0.02160237,0.09760107,0.13476919,0.10658139,0.18519086,0.082147226,-0.017020376,0.073097475,0.17457798,0.046228975,0.060007375,0.06751649,0.016074065,0.046962194,0.1829902,0.024754457,-0.0015648454,0.041823618,0.10640047,0.017403519,0.16141504,-0.036577124,-0.00083203183
22,0.13994792,-0.06341563,0.13358307,0.16620846,0.15032199,0.11730026,0.1297576,-0.004465809,0.12322618,0.12835911,0.13297667,0.2137571,0.09897888,0.020521104,0.09778421,0.13519187,0.107322834,0.18288313,0.082220286,-0.018313617,0.073208325,0.1754369,0.04592276,0.057117328,0.06760519,0.015944678,0.046982296,0.18366121,0.02480501,-0.0019767925,0.041862037,0.108064264,0.017016103,0.16161482,-0.036891222,-0.0005770461
23,0.14117226,-0.063296005,0.13456926,0.16583805,0.15096033,0.11586626,0.13039136,-0.005058035,0.12385906,0.12808004,0.13430606,0.21368147,0.09903833,0.02039937,0.09792972,0.1349387,0.10871663,0.18404958,0.08177654,-0.018726204,0.07269409,0.17557172,0.046862654,0.05725827,0.06693493,0.016044544,0.04629249,0.1838576,0.025716582,-0.0042331736,0.041159414,0.11003934,0.01611116,0.16115405,-0.03551627,-0.00034951238
24,0.1421469,-0.06331151,0.13539098,0.165508,0.15209934,0.11454461,0.13087322,-0.005650398,0.12433971,0.12791774,0.13599424,0.21305397,0.09912152,0.019976964,0.098069236,0.13501973,0.1101192,0.1836006,0.08156395,-0.019439012,0.07245903,0.17603245,0.047675803,0.05609963,0.066584736,0.016103683,0.045899756,0.18426733,0.026809996,-0.0049670404,0.040741604,0.11179965,0.015388365,0.16106367,-0.03447746,-0.00025099737
25,0.14296518,-0.06323561,0.13605343,0.16507412,0.15273061,0.1137302,0.13112628,-0.0062073823,0.12458304,0.12767744,0.13705996,0.2127,0.09908928,0.01882919,0.098081745,0.13535787,0.11040606,0.18193893,0.081625015,-0.021154623,0.07254731,0.17692335,0.046667326,0.05300497,0.06675453,0.015660424,0.046005707,0.18493617,0.026190842,-0.0063539096,0.040905945,0.11337618,0.015156557,0.16112362,-0.03483936,-0.00026728964
26,0.14382155,-0.06321995,0.13673483,0.16462933,0.1531814,0.11202002,0.13152544,-0.006893718,0.124975145,0.12740047,0.13794845,0.21166243,0.09906229,0.01872591,0.09809359,0.13507874,0.11133172,0.18198027,0.08112559,-0.021184985,0.07200441,0.17683597,0.04754348,0.052850354,0.06606493,0.016141446,0.045280095,0.18486834,0.02734108,-0.0074408413,0.040153164,0.11525703,0.014140001,0.16067238,-0.033641197,-0.00020263303
27,0.1446321,-0.063304,0.13740493,0.16437429,0.1543709,0.11141259,0.13186066,-0.007570961,0.1253028,0.12737517,0.13933235,0.21142069,0.09916246,0.017910494,0.098233946,0.13547814,0.11189689,0.18094303,0.08124526,-0.022325154,0.07215263,0.17767124,0.04706439,0.050856724,0.06625502,0.016003659,0.0454194,0.18554573,0.027221963,-0.007972494,0.040324714,0.11682782,0.013956457,0.16085681,-0.03379276,-0.000102697704
28,0.14542684,-0.06331634,0.13803622,0.16404417,0.15543763,0.11045661,0.13218398,-0.008202735,0.12561195,0.12723544,0.14074612,0.21121813,0.09912994,0.017633252,0.09824431,0.13547929,0.11301484,0.1810689,0.080971226,-0.02285154,0.07185305,0.17799461,0.047704495,0.050197255,0.06588349,0.01613162,0.045011938,0.18583529,0.02820279,-0.008805576,0.039900247,0.11849576,0.013269271,0.16068685,-0.032608565,3.172345e-05
29,0.14623672,-0.063234664,0.13868102,0.16361314,0.15590662,0.108901404,0.13254194,-0.008873163,0.12595607,0.12702376,0.14146113,0.21006547,0.099144556,0.017300874,0.0982904,0.13535635,0.1135779,0.18057634,0.08064408,-0.023102093,0.07151319,0.17802742,0.048193734,0.049599245,0.065446116,0.016475767,0.044530924,0.18583111,0.029125853,-0.009379325,0.039400302,0.12022726,0.012437441,0.16032949,-0.031861868,0.00014962499
30,0.1473113,-0.06306757,0.13957809,0.16345946,0.15773098,0.10870539,0.13312438,-0.009375927,0.12652196,0.12712595,0.14340226,0.21057491,0.09943003,0.016949344,0.09864171,0.13566005,0.114981025,0.18118605,0.08082307,-0.023915289,0.071673624,0.17867674,0.04897455,0.049294703,0.06555058,0.016245723,0.04461284,0.18642,0.03021171,-0.009308598,0.03944983,0.12154096,0.012217977,0.16039848,-0.03105578,0.0002198979
31,0.14774404,-0.062971145,0.13986617,0.16284198,0.1576643,0.10744348,0.13309208,-0.010036977,0.12646519,0.12675546,0.14353603,0.20933573,0.09917844,0.016133552,0.09838696,0.13560821,0.11471791,0.17930266,0.08051231,-0.02477131,0.07139187,0.17889427,0.048293624,0.046870906,0.065301634,0.01638653,0.04429882,0.18646759,0.03023487,-0.010465223,0.039160125,0.12308008,0.011529579,0.1601124,-0.030851832,0.00039903843
32,0.14847466,-0.06283925,0.1404388,0.16248968,0.15881677,0.106890246,0.13335648,-0.01062395,0.1267064,0.12669274,0.14472191,0.20916918,0.09920265,0.015708655,0.098443635,0.13576353,0.11544242,0.17885011,0.080480956,-0.025593784,0.07136313,0.17938642,0.048446923,0.045657616,0.06526618,0.016387742,0.04422323,0.18684058,0.030894162,-0.010383733,0.039075203,0.124496505,0.011151676,0.16009723,-0.03009134,0.0005735926
33,0.14919415,-0.062592305,0.1409594,0.16203503,0.15955742,0.10669095,0.13353845,-0.0111946,0.12685438,0.12651592,0.14550962,0.20952556,0.09912391,0.015183053,0.09839995,0.13581376,0.11575222,0.17876154,0.080419086,-0.026627349,0.07129676,0.17983685,0.04802425,0.044310376,0.06524917,0.016226698,0.04416787,0.18716332,0.030927457,-0.01144132,0.0390415,0.12593059,0.010847574,0.1598991,-0.02953059,0.00047607807
34,0.14967322,-0.062590495,0.14131594,0.16148636,0.15963584,0.10504295,0.13363248,-0.011929287,0.12692882,0.12623711,0.14568412,0.20767155,0.09901827,0.01468727,0.098289885,0.13568075,0.11569105,0.17703755,0.080083795,-0.026802994,0.07099808,0.17974187,0.048122488,0.04301389,0.064891055,0.016744994,0.043748688,0.18697171,0.031879183,-0.01125559,0.038592197,0.12752017,0.009991824,0.15955462,-0.028824203,0.0004029842
35,0.15076515,-0.062481917,0.14224434,0.1615292,0.16232695,0.10556585,0.13426952,-0.012398525,0.12754083,0.12659119,0.14826421,0.20895594,0.099436864,0.014509479,0.098779194,0.13622649,0.117452845,0.17834863,0.0805194,-0.027586224,0.071416534,0.18062325,0.049112633,0.043468155,0.065274574,0.01643865,0.044123605,0.18779571,0.033208817,-0.009954284,0.03891918,0.128592,0.010122593,0.15990523,-0.027697578,0.00034008035
36,0.15113363,-0.06242325,0.1424493,0.16086453,0.16187082,0.10412656,0.13417716,-0.013137162,0.12741347,0.12615018,0.14797653,0.20780066,0.09907962,0.013977635,0.09841332,0.13590324,0.11700841,0.1772595,0.079988115,-0.027987886,0.07089715,0.1804527,0.048585597,0.04199911,0.0647636,0.01678769,0.043557502,0.1875298,0.03336587,-0.011597852,0.038366523,0.13016565,0.009230536,0.15935336,-0.027018175,0.0002733254
37,0.15191895,-0.06239845,0.14307092,0.16063389,0.16316171,0.103807166,0.13451634,-0.01378771,0.127724,0.12618922,0.14924799,0.2079679,0.099194534,0.013633208,0.098561846,0.13609733,0.117676884,0.17759374,0.08001838,-0.028434,0.07093038,0.18086408,0.048816442,0.04174337,0.06478264,0.016882356,0.043548033,0.18788354,0.034072213,-0.011949319,0.038342588,0.13156587,0.008936864,0.15931994,-0.026216961,0.00020609178
38,0.15238425,-0.06240289,0.14341734,0.16025782,0.16402295,0.103291914,0.13459544,-0.01445068,0.12777741,0.12613253,0.14997098,0.20732662,0.09917666,0.013086273,0.09854991,0.13628891,0.117767274,0.1763482,0.08003248,-0.029009016,0.07099944,0.18123308,0.048553303,0.040331393,0.064873666,0.017068062,0.043587983,0.1881178,0.03461466,-0.01146659,0.038370762,0.13290362,0.008621204,0.15931706,-0.025663989,0.00021478793
39,0.15302059,-0.06232984,0.14388828,0.15989187,0.16482228,0.10281277,0.13479711,-0.015092138,0.12794395,0.12604015,0.15073402,0.20729057,0.099156894,0.012851663,0.09855072,0.13625684,0.118188426,0.17659177,0.07989585,-0.029310906,0.07086067,0.18136054,0.04878333,0.040054455,0.064713165,0.01725768,0.04339636,0.18819878,0.035387564,-0.011990804,0.038156945,0.1342564,0.008150921,0.15906924,-0.024674848,0.0002687369
40,0.15332653,-0.06236507,0.14407803,0.15935536,0.1647148,0.101218596,0.13477382,-0.015840046,0.12789558,0.12577736,0.1505412,0.20559521,0.09896502,0.012608005,0.098346926,0.13597713,0.11797412,0.17538105,0.0794642,-0.02919424,0.07045826,0.18103623,0.04894966,0.039344426,0.06425559,0.017870078,0.042885695,0.18781693,0.036345866,-0.011752017,0.037608355,0.13563317,0.0072604693,0.15864427,-0.023820551,0.00039002043
41,0.15455881,-0.061926086,0.145059,0.15942067,0.16724148,0.10321974,0.13542786,-0.016196782,0.1284875,0.12618761,0.15268004,0.20850617,0.099478036,0.011882664,0.09894607,0.13675089,0.118848905,0.17723605,0.08037566,-0.030950623,0.07136729,0.18233453,0.04839004,0.039151277,0.06529809,0.016775629,0.043929752,0.18895644,0.036026664,-0.011833798,0.038681462,0.13636954,0.008146953,0.1589582,-0.02398454,0.000454031
42,0.15414496,-0.0622763,0.144627,0.15869862,0.1666046,0.10129277,0.13478415,-0.017035749,0.12783359,0.12574191,0.1520329,0.20565869,0.098853365,0.011232238,0.09825569,0.13651311,0.117960066,0.17371526,0.07966522,-0.030831367,0.070778616,0.1819629,0.048032783,0.03679205,0.06470124,0.01761582,0.043241717,0.18844716,0.037015054,-0.0112761175,0.037955493,0.13765189,0.0069803,0.15867668,-0.022863014,0.0005479625
43,0.15486039,-0.062114183,0.14513703,0.15843014,0.1678547,0.101763286,0.13500117,-0.017568525,0.12799394,0.12571947,0.15332551,0.20706223,0.09881845,0.010987289,0.0982531,0.13655315,0.1188146,0.17541343,0.07960577,-0.03142221,0.07067681,0.18225251,0.04846877,0.037191667,0.0646002,0.017371908,0.04312992,0.18871114,0.03781896,-0.012743271,0.037822403,0.13860774,0.00670482,0.15845361,-0.021324802,0.0005699907
44,0.15513341,-0.062193092,0.14531542,0.15801904,0.16847035,0.101041876,0.13495357,-0.018236334,0.12792036,0.12562765,0.15375781,0.20609015,0.098716855,0.010607767,0.0981435,0.13659911,0.11879163,0.17423306,0.07948461,-0.031611495,0.07061318,0.18231206,0.048484962,0.03642307,0.06453196,0.01771927,0.04301071,0.18866742,0.038757775,-0.011764867,0.037663136,0.13967536,0.0062343837,0.15836622,-0.02034347,0.0005843287
45,0.1557843,-0.062068522,0.14581394,0.15775244,0.16991241,0.10138349,0.13517424,-0.01874979,0.12809633,0.12569392,0.15504111,0.20678146,0.09880233,0.010383848,0.09825111,0.13679658,0.1194983,0.17482926,0.07960401,-0.032059457,0.070737176,0.18268603,0.048849497,0.036414333,0.06465511,0.017702445,0.043110654,0.18897529,0.03973022,-0.011666471,0.037727892,0.14067803,0.006099523,0.15835889,-0.019040428,0.00066229847
46,0.15624301,-0.061912842,0.14612207,0.15723883,0.17020318,0.100714706,0.13523977,-0.019350007,0.12811795,0.12549953,0.15519838,0.20623808,0.098694354,0.010327134,0.09814365,0.13653822,0.119653,0.17479971,0.07932347,-0.032050837,0.070455104,0.18244563,0.04924533,0.03633169,0.064323254,0.018079655,0.04274524,0.18870334,0.040797465,-0.011930196,0.0373131,0.14179231,0.005455017,0.15794225,-0.017660704,0.00064113695
47,0.15682516,-0.061748654,0.14659779,0.15697785,0.17151378,0.10076676,0.13548118,-0.01982088,0.1283271,0.12564296,0.15606403,0.20593807,0.09894366,0.00995084,0.098408386,0.13688627,0.11988598,0.17382778,0.07970482,-0.03258321,0.070900895,0.18288365,0.04926905,0.03561331,0.06478027,0.018118005,0.043163296,0.18899925,0.04171872,-0.009832931,0.037684422,0.14267124,0.0055223764,0.15809526,-0.017123312,0.0006787068
48,0.15763533,-0.061298255,0.14718172,0.15651816,0.1719985,0.101003006,0.13577312,-0.02029584,0.1285471,0.12551442,0.15635805,0.20672555,0.099005416,0.009755517,0.09849615,0.13673583,0.120064095,0.17484693,0.07972726,-0.033168178,0.07089058,0.18293439,0.04923231,0.035501122,0.06477758,0.017977118,0.043144174,0.18899095,0.042099692,-0.011234273,0.03765072,0.14369798,0.0052987537,0.15761934,-0.01620087,0.0006446247
49,0.15761837,-0.06136539,0.14709894,0.15586998,0.17175736,0.100025,0.13544054,-0.020952703,0.12819411,0.12520874,0.1559244,0.20500828,0.09869748,0.009203705,0.09815566,0.13662727,0.1192886,0.17241691,0.07945184,-0.03332964,0.07072657,0.18276174,0.048729725,0.033869527,0.06463188,0.018440152,0.042928245,0.18868151,0.042812414,-0.01052112,0.037397373,0.1447152,0.004674171,0.1573805,-0.0152538,0.0006058152
50,0.15812688,-0.06125076,0.14748226,0.15555777,0.17296335,0.10031204,0.13556473,-0.021466015,0.12827636,0.12527081,0.15682454,0.20519081,0.098786876,0.008870493,0.09825627,0.13685094,0.119569406,0.17219283,0.079630785,-0.0337149,0.070952006,0.18305698,0.048850723,0.033615712,0.06486143,0.018466193,0.043126427,0.18889081,0.04375692,-0.009679519,0.03754946,0.14555371,0.0045824684,0.15738961,-0.014192275,0.00054054684
51,0.1587262,-0.060986254,0.14789611,0.15515205,0.17371923,0.10084558,0.13568974,-0.021951672,0.12833616,0.12518889,0.15741824,0.20612818,0.09876737,0.008544235,0.09825366,0.13685693,0.119736426,0.1729045,0.07967937,-0.034347937,0.070999354,0.18325603,0.04868002,0.0333931,0.064939715,0.018283527,0.043183576,0.18901888,0.044152156,-0.010637609,0.037593797,0.1464236,0.0044665774,0.15711562,-0.012944976,0.00044254627
52,0.15909399,-0.060841788,0.14815508,0.15471241,0.17418753,0.10054713,0.13574684,-0.02252754,0.12836026,0.12516746,0.15736707,0.20514305,0.098863706,0.00825838,0.09835019,0.13690223,0.1193283,0.17161456,0.0798166,-0.03449347,0.071218036,0.18323958,0.048445426,0.03279935,0.06515849,0.018603714,0.043356884,0.18889354,0.04488284,-0.008968154,0.037717592,0.14733571,0.0042849923,0.15697159,-0.012426109,0.0003813579
53,0.15968134,-0.06058945,0.1485701,0.15425882,0.17473198,0.100790955,0.13589439,-0.023076866,0.12845123,0.12509009,0.15758546,0.20544274,0.098909914,0.008055542,0.098407626,0.13684887,0.119264066,0.17186923,0.07988214,-0.03480024,0.07130229,0.1832763,0.04830383,0.032552227,0.065255515,0.018703131,0.04342573,0.18886213,0.045375712,-0.009456914,0.037759963,0.14834401,0.004101892,0.1566463,-0.011595963,0.00032846883
54,0.15980765,-0.06068227,0.14861836,0.15378204,0.17516509,0.100499205,0.13571921,-0.023688225,0.1282535,0.12495156,0.15780857,0.20474632,0.09875617,0.007745046,0.0982398,0.13682158,0.11911679,0.17070565,0.079766214,-0.034887567,0.07126011,0.18324043,0.04831255,0.031801764,0.06521046,0.019039946,0.043330364,0.18874513,0.046381503,-0.008760184,0.03761231,0.14917123,0.0036929415,0.15651506,-0.010278731,0.000285308
55,0.16031389,-0.06064514,0.14898992,0.15346293,0.17630027,0.101089396,0.13582125,-0.024225358,0.12830953,0.12496318,0.15878342,0.20552826,0.098787494,0.0074813506,0.0982807,0.1369596,0.11951466,0.17123878,0.07986945,-0.035185922,0.07138441,0.18349327,0.048503216,0.03182103,0.06534287,0.019049482,0.043437604,0.18894851,0.047250528,-0.009098805,0.037683968,0.14996845,0.0035778377,0.15644278,-0.008920175,0.00015367403
56,0.16077973,-0.060466398,0.14931828,0.15300845,0.1766102,0.10097734,0.13591596,-0.024758814,0.1283568,0.1248602,0.15879811,0.20521998,0.09882075,0.007230794,0.09831823,0.1368772,0.119301304,0.17095947,0.079885125,-0.035352543,0.07143755,0.18339363,0.04843831,0.031650577,0.06538698,0.019205492,0.04344761,0.18878965,0.047951438,-0.008924025,0.037650373,0.1507876,0.0032973236,0.15611917,-0.008015265,0.000129424
57,0.16108748,-0.060430367,0.1495156,0.15260337,0.17730837,0.10119165,0.13589774,-0.025320726,0.12830357,0.12483459,0.15912223,0.20514272,0.098826416,0.0070132283,0.09832393,0.13691317,0.11922106,0.17051065,0.079970926,-0.035522785,0.07157966,0.18344748,0.04836389,0.031321242,0.065538466,0.019393083,0.043562684,0.18876863,0.048692487,-0.008225976,0.037722323,0.15155555,0.0031556033,0.1559924,-0.007036905,0.00010858794
58,0.16143435,-0.06031165,0.14972611,0.15209462,0.17755142,0.101294935,0.13585207,-0.025847085,0.1282088,0.12464807,0.15921925,0.20528801,0.09869697,0.006809961,0.09819144,0.13674176,0.11915225,0.17056257,0.079835065,-0.03571216,0.07146533,0.18332642,0.04836718,0.031017782,0.065421835,0.019516822,0.043413606,0.18860637,0.0493818,-0.008986251,0.03753553,0.15234093,0.0027799567,0.15561911,-0.005700677,0.00020006792
59,0.16182117,-0.060277153,0.15002894,0.15185238,0.17892542,0.101950124,0.13594301,-0.026296021,0.12827142,0.12481039,0.16015443,0.20550446,0.09887527,0.006556586,0.09837913,0.13707261,0.11939725,0.17009114,0.080178365,-0.035965163,0.07188062,0.18368661,0.04847464,0.0308806,0.065845296,0.019589704,0.043805685,0.18888044,0.050357815,-0.007220623,0.037877847,0.15294933,0.0029199496,0.15579861,-0.004721317,0.00039191646
60,0.16212438,-0.060225416,0.15018088,0.15125138,0.17849001,0.10156524,0.13585824,-0.026969803,0.12813705,0.12449667,0.1595864,0.20513833,0.0986754,0.0063607544,0.09816962,0.13666269,0.118859395,0.17023791,0.07986645,-0.03586566,0.07158811,0.18319403,0.048310436,0.030857522,0.06553891,0.019879365,0.04346352,0.18837939,0.050879616,-0.008706757,0.03749236,0.15382458,0.0023120132,0.1551428,-0.0035553921,0.00048080392
61,0.16262442,-0.06020976,0.15058541,0.15114632,0.18034053,0.10273517,0.13606396,-0.02739669,0.12830958,0.12478617,0.16098197,0.2060247,0.098985404,0.0060648834,0.09850003,0.13714671,0.1193876,0.1703632,0.08040746,-0.03626082,0.07219172,0.18374173,0.048541456,0.031068062,0.066155374,0.019749498,0.04405931,0.18884328,0.051924244,-0.0067447713,0.038037144,0.1543069,0.0026914824,0.15544201,-0.0025462375,0.00048622725
62,0.16293372,-0.060129173,0.15076236,0.15069878,0.18071033,0.102825336,0.13603716,-0.02795125,0.12823386,0.124682054,0.16108362,0.2060759,0.098910496,0.0060022734,0.098422654,0.13695748,0.11939959,0.17068706,0.080284365,-0.036222562,0.072082706,0.1835051,0.048801307,0.03134674,0.06601692,0.01992706,0.043895364,0.18859954,0.052824173,-0.006940597,0.037816085,0.15493295,0.0023127943,0.15506843,-0.001229385,0.0004872258
63,0.16288047,-0.0602139,0.15062211,0.15007563,0.18049589,0.10268739,0.13566391,-0.028562747,0.12783629,0.12438908,0.16069393,0.20552015,0.0985841,0.005655537,0.09807087,0.13673472,0.118838765,0.16952084,0.08003551,-0.0363533,0.071909115,0.18327123,0.048454612,0.03029659,0.065867625,0.020197067,0.04369313,0.18827897,0.053421564,-0.007422187,0.03757146,0.15557505,0.0018459018,0.15473059,5.9571234e-05,0.00045172794
64,0.16307496,-0.060185395,0.15071644,0.14964351,0.18121026,0.103363045,0.13552424,-0.029058736,0.12766206,0.12434778,0.16105725,0.20584756,0.09852225,0.0053375727,0.09800301,0.13682544,0.11871438,0.16904072,0.08015654,-0.03667689,0.07209519,0.18341833,0.048222356,0.029721556,0.066089794,0.020228416,0.043878023,0.18833104,0.05399336,-0.007164592,0.03772254,0.15611367,0.0018212064,0.15465257,0.0010834425,0.00035389597
65,0.16325524,-0.060104642,0.15080309,0.14916629,0.18173932,0.10375981,0.13537449,-0.029535625,0.12747896,0.124290995,0.16116776,0.2057497,0.098463476,0.0050378074,0.09793743,0.13688372,0.11844312,0.1680761,0.08026455,-0.036991805,0.072282694,0.18350236,0.047943227,0.028968899,0.066304155,0.020321514,0.04405069,0.18830732,0.05460531,-0.0063061626,0.03785456,0.15670139,0.0017547307,0.15454963,0.0020456705,0.00027346855
66,0.16405845,-0.05978837,0.1514516,0.14898741,0.18327099,0.10487394,0.13577656,-0.029861689,0.1278084,0.12452989,0.16225895,0.20699616,0.098830104,0.004865055,0.098330185,0.13721302,0.11898225,0.16905832,0.08076846,-0.037477355,0.072796896,0.18392517,0.048187353,0.029543499,0.06682225,0.02004649,0.04456424,0.18866056,0.055390023,-0.005235077,0.038331907,0.15718465,0.0020831027,0.1545828,0.0028365012,0.00021950572
67,0.16428965,-0.059694633,0.15156701,0.14837891,0.18309832,0.10476373,0.13563785,-0.030413415,0.12762767,0.12427694,0.16190158,0.20652579,0.0986552,0.004684242,0.09814153,0.13693194,0.11866695,0.1687373,0.08053677,-0.037381124,0.07261132,0.18354549,0.04829926,0.029317813,0.06660936,0.020354744,0.044311777,0.18825099,0.05629762,-0.00583629,0.0380139,0.15788028,0.0015550696,0.15413542,0.0043120417,8.238114e-05
68,0.16433226,-0.059649203,0.15152869,0.14778665,0.18303107,0.10465845,0.13538685,-0.03093443,0.12735169,0.12407627,0.16151531,0.2057154,0.09847671,0.0044864337,0.09794748,0.1367281,0.11824682,0.16766798,0.08037308,-0.03731585,0.07252441,0.18322074,0.048325147,0.028864123,0.06650189,0.020673603,0.0441564,0.18787338,0.057268944,-0.0052913814,0.03778556,0.15841824,0.0011204495,0.15381652,0.005699452,-4.835484e-05
69,0.164611,-0.059619557,0.15170525,0.14742853,0.18374917,0.105247155,0.13535124,-0.03139853,0.12727569,0.124066815,0.1619775,0.20610212,0.098485395,0.0042167064,0.09795771,0.13678746,0.11832556,0.16763052,0.08048935,-0.037572164,0.072688624,0.18328261,0.048452564,0.028861467,0.06666507,0.020635169,0.044291656,0.18787926,0.05820523,-0.004668099,0.03786543,0.1588066,0.0010511081,0.15370342,0.007109347,-0.0001330169
70,0.16502115,-0.059485197,0.15198503,0.14709274,0.18454419,0.10593717,0.13542707,-0.031835515,0.1272939,0.124092825,0.16247992,0.20683044,0.09854923,0.004115289,0.098028965,0.13677968,0.11857967,0.16833065,0.080599725,-0.037764188,0.0728105,0.18327889,0.048763983,0.02935651,0.06677031,0.02054362,0.04438204,0.18785733,0.059129056,-0.004330803,0.037901606,0.15916012,0.0009698863,0.15347807,0.008417128,-0.00021302723
71,0.16533291,-0.059431408,0.1521935,0.14675485,0.18555918,0.10701819,0.13540733,-0.03226753,0.12723342,0.12415175,0.16312726,0.2076211,0.098627016,0.0037716571,0.098112196,0.13698213,0.11864187,0.1682651,0.08089761,-0.03818692,0.0731747,0.18353474,0.0486503,0.029158909,0.06716291,0.020409299,0.044747174,0.18802273,0.05980534,-0.0035123527,0.038228333,0.15957686,0.0011575981,0.1534771,0.009540289,-0.00032147203
72,0.16559303,-0.059379715,0.15235196,0.1462727,0.18600047,0.107561536,0.13531758,-0.032746326,0.12710516,0.124053776,0.16331288,0.20785722,0.098574504,0.003571879,0.09805548,0.13692686,0.118606366,0.16810183,0.080922544,-0.038313594,0.07325764,0.18346158,0.048747562,0.028949255,0.06723676,0.02052904,0.04478945,0.18789701,0.060686097,-0.0032651243,0.038212713,0.16014425,0.0009868382,0.15326862,0.010973554,-0.0004108738
73,0.16573034,-0.059204414,0.15239087,0.1457475,0.18603748,0.10758208,0.13516928,-0.033186376,0.12691651,0.12394893,0.1629108,0.20732148,0.09849235,0.0034659505,0.0979669,0.13675359,0.11821441,0.16737062,0.080859624,-0.03836534,0.07325465,0.18318819,0.048695587,0.02879694,0.06721749,0.020678772,0.04473694,0.18757524,0.061419617,-0.002359664,0.038099345,0.16051176,0.00069664256,0.15292728,0.011922032,-0.0003912808
74,0.16584414,-0.05902126,0.15241417,0.1452446,0.18611358,0.10760083,0.13502611,-0.033630975,0.12673672,0.123886414,0.16246048,0.20662487,0.0984417,0.00341629,0.09791113,0.1365988,0.11776528,0.16659647,0.08081877,-0.03830093,0.07327522,0.18289317,0.048646007,0.028821714,0.06721801,0.020880861,0.044704698,0.1872457,0.062135246,-0.0012382993,0.03800109,0.16083615,0.00041884973,0.15260188,0.012662293,-0.00014126334
75,0.16625643,-0.0586943,0.1526684,0.1448937,0.18646732,0.10848909,0.13507828,-0.034008365,0.12670474,0.12389621,0.16240582,0.20748354,0.09848399,0.0030648317,0.097960874,0.13663097,0.117302485,0.16708033,0.081000224,-0.038908053,0.07347007,0.18301195,0.0479563,0.02882149,0.067474924,0.02051966,0.044947818,0.187287,0.061927926,-0.001731981,0.038249858,0.16102308,0.00055373757,0.15229304,0.013154294,6.449156e-05
76,0.16629241,-0.058705885,0.15267193,0.14456534,0.18718201,0.10860554,0.13494477,-0.034407455,0.12656423,0.123980336,0.16263965,0.20675828,0.09851871,0.0029834693,0.097993076,0.13674423,0.11719529,0.16605467,0.081095494,-0.038753856,0.07364888,0.1829707,0.048167948,0.029103396,0.067626834,0.020765778,0.045065887,0.18720739,0.06301255,0.0006478854,0.038295664,0.16120939,0.00043555457,0.15233506,0.014042634,0.000190533
77,0.16687617,-0.058354292,0.1530897,0.14421834,0.1877571,0.10945639,0.13514829,-0.034748897,0.12667572,0.123989545,0.1629642,0.20792082,0.09861601,0.0029457682,0.09810049,0.13665432,0.11741177,0.1674519,0.08119161,-0.039088383,0.07370671,0.18295892,0.048290513,0.029786266,0.06768451,0.020483457,0.045121584,0.18719454,0.06342246,-6.781143e-05,0.03832541,0.1614308,0.00036772733,0.1519256,0.014873091,0.00015025726
78,0.16689858,-0.058288068,0.15307184,0.14381322,0.18819341,0.1096249,0.13496238,-0.03510192,0.12647615,0.1239997,0.16295929,0.20722982,0.09859532,0.0027425094,0.09807421,0.13674341,0.117078885,0.16609743,0.08128237,-0.03917219,0.07388984,0.18295619,0.048166446,0.029552884,0.06786934,0.020627202,0.045267407,0.18711235,0.064199805,0.0019338266,0.038415067,0.16160692,0.00027607186,0.15190503,0.015622032,0.000116810625
79,0.16682693,-0.058351044,0.15292262,0.14324374,0.1880652,0.1097515,0.13458675,-0.035639737,0.12607208,0.12374076,0.16275896,0.20714742,0.098216854,0.0026464376,0.09767414,0.1364418,0.11677058,0.16616045,0.08085266,-0.038947184,0.07348479,0.18258786,0.04818338,0.029660711,0.06745649,0.020869784,0.044822782,0.18677555,0.06480333,0.00054214173,0.037921898,0.16188684,-0.00033508116,0.15148371,0.017042309,0.00012548927
80,0.16700117,-0.058228504,0.15301825,0.14294846,0.18900862,0.110864885,0.13448033,-0.03595233,0.12592393,0.12383721,0.16333035,0.2078679,0.09822958,0.0023423538,0.09768856,0.13669454,0.1166631,0.16599214,0.0810759,-0.039334532,0.073761836,0.18290432,0.047840353,0.029619597,0.06778344,0.02066109,0.04512874,0.18702045,0.06508922,0.0011208619,0.03821757,0.16192757,-0.00015427082,0.15150961,0.017617134,0.00021169087
81,0.16721596,-0.05803984,0.15315261,0.14257637,0.18957625,0.11135907,0.13443334,-0.036280703,0.12583388,0.123878315,0.16348436,0.20786647,0.09826222,0.002221757,0.09772201,0.13674656,0.11654224,0.16568522,0.08117961,-0.03946169,0.0739121,0.18290752,0.04781165,0.029856471,0.06793337,0.020645874,0.04525634,0.18698312,0.065686285,0.0022032757,0.038301624,0.16207883,-0.00021257091,0.15136638,0.0182426,0.00029102538
82,0.16741876,-0.05784101,0.15326346,0.14213298,0.18994729,0.11184874,0.13434504,-0.036646254,0.1256972,0.123845145,0.16349868,0.20792194,0.098218456,0.0021434,0.0976754,0.13668327,0.11636162,0.16565473,0.08116139,-0.039493598,0.07392574,0.18278885,0.04777615,0.030175019,0.06794373,0.020673081,0.045244794,0.18685058,0.066203594,0.0024833614,0.038247734,0.16226938,-0.00039930796,0.15108499,0.018954586,0.0003045093
83,0.16769211,-0.057674307,0.15343858,0.14181718,0.19036892,0.11237831,0.1343513,-0.036996856,0.12564659,0.12385385,0.1636314,0.20828153,0.09823904,0.0019262716,0.097698644,0.13669236,0.11615184,0.16597061,0.08123337,-0.039707012,0.07401517,0.18277211,0.04758465,0.030650333,0.068050236,0.02049533,0.045335915,0.18681072,0.06651511,0.002683795,0.038313054,0.1623322,-0.00046269307,0.15082416,0.01950204,0.00030901702
84,0.1677609,-0.057632577,0.15345788,0.14146844,0.19104554,0.11280753,0.13421136,-0.03735134,0.12548423,0.12388871,0.16396956,0.2081908,0.09820349,0.0018550899,0.0976615,0.13674177,0.11614609,0.16570653,0.08124287,-0.039618995,0.074073195,0.18273544,0.047741774,0.031143326,0.06809777,0.0205741,0.04535917,0.1867668,0.06729032,0.0038193287,0.038286924,0.16240889,-0.00062382297,0.15071383,0.02018814,0.00029161695
85,0.1679416,-0.057587024,0.15356499,0.14117774,0.19199474,0.113675274,0.13414074,-0.03770284,0.12537482,0.12395886,0.16465975,0.20892464,0.09818948,0.0017855308,0.09764865,0.13684201,0.11637891,0.16621423,0.08130713,-0.03967965,0.074156284,0.18285401,0.047891825,0.031735145,0.068189494,0.02049995,0.045437198,0.18688463,0.06788467,0.004185761,0.03833847,0.16248514,-0.00066516915,0.15061593,0.02090113,0.00030242366
86,0.1679588,-0.057543904,0.15352455,0.1407135,0.19213529,0.11389142,0.13390443,-0.038118813,0.12511197,0.12385846,0.16452625,0.20861019,0.09803101,0.0015877363,0.09748099,0.13676916,0.11594807,0.16569693,0.08118659,-0.039644707,0.07409096,0.18269758,0.04766196,0.031863596,0.06813563,0.020603046,0.045351878,0.1867042,0.068315685,0.004494474,0.038213562,0.16263783,-0.0009494351,0.15035143,0.021540612,0.00029565452
87,0.16799669,-0.057446938,0.15350394,0.14035018,0.19256932,0.11433508,0.13372386,-0.038461953,0.124898694,0.12386942,0.16459966,0.20854153,0.09795751,0.0013912657,0.09740351,0.13681646,0.11563139,0.16523279,0.08120485,-0.039779484,0.07415991,0.18270563,0.047392283,0.032027617,0.068228,0.020574188,0.045418512,0.1866681,0.06866352,0.0054132957,0.038252324,0.16267137,-0.0010308411,0.15021524,0.022076644,0.00026247965
88,0.16823348,-0.0572531,0.15366025,0.1400134,0.1930119,0.114694454,0.13371226,-0.038756445,0.12483252,0.123872615,0.16482106,0.20869073,0.09793497,0.0013786628,0.09738041,0.13675295,0.11568465,0.16568688,0.08113092,-0.039733067,0.07408443,0.18257621,0.047627166,0.032890376,0.06812933,0.020529514,0.045308106,0.18657227,0.069315165,0.0057649175,0.038098056,0.16266821,-0.0012825826,0.14994244,0.022881439,0.000269078
89,0.16838157,-0.057053804,0.15373008,0.1396427,0.19324958,0.11495104,0.1336339,-0.039116807,0.12470644,0.12389281,0.16462322,0.20840621,0.09793159,0.0012194894,0.09737671,0.1367311,0.11524661,0.16535054,0.081164315,-0.039843332,0.07415641,0.18246885,0.04734404,0.03330005,0.06821401,0.020484628,0.04536996,0.18642889,0.069618165,0.006830539,0.03812416,0.16270596,-0.0014082761,0.14967455,0.023159916,0.00027948048
90,0.16845426,-0.05693068,0.153737,0.13925567,0.19346616,0.11518935,0.1334823,-0.039493445,0.124516286,0.1238717,0.16447426,0.20816386,0.09784963,0.0010495551,0.09729032,0.13669357,0.1148107,0.16505185,0.08111611,-0.0398817,0.074147195,0.18235216,0.04705169,0.03367868,0.06822188,0.0204879,0.04535351,0.18628743,0.06987911,0.0075287013,0.03807667,0.16275845,-0.001598685,0.14941792,0.023489378,0.0002923614
91,0.16851136,-0.056919497,0.15374981,0.1389008,0.19390854,0.11541098,0.13333412,-0.03987517,0.124345675,0.123858035,0.16465099,0.20792502,0.09777317,0.00092149305,0.097210415,0.13668807,0.11464423,0.16486947,0.08104439,-0.03974891,0.074119456,0.18223855,0.0470722,0.03428127,0.06818671,0.020582875,0.045295086,0.1861754,0.070466295,0.008381429,0.03797298,0.16285534,-0.0018402765,0.14923796,0.024079708,0.00026905985
92,0.16861637,-0.0567643,0.15376593,0.138528,0.19421497,0.11611635,0.13314539,-0.04021005,0.12409514,0.12380812,0.164737,0.20854536,0.097608335,0.00054540706,0.09703834,0.13672964,0.11418769,0.1649465,0.08100473,-0.040172767,0.0741006,0.18236288,0.046389934,0.034277983,0.068241626,0.020285092,0.045330625,0.18624787,0.070214555,0.0078424495,0.038024686,0.16277936,-0.0019165468,0.14897195,0.024258308,0.00026309004
93,0.16858748,-0.056718025,0.15372191,0.1383704,0.19525209,0.11679099,0.13299999,-0.04043499,0.123934284,0.12401038,0.16535819,0.20849402,0.097664684,0.00025418238,0.097096615,0.13708085,0.11405016,0.16425481,0.08122909,-0.040349867,0.07439438,0.18264848,0.046221074,0.03483432,0.06856502,0.02013103,0.045632966,0.18646966,0.0707685,0.01020908,0.03829867,0.16244799,-0.001756863,0.14914484,0.024533309,0.00030929394
94,0.16904522,-0.05641218,0.15405965,0.13807485,0.19595756,0.1177036,0.13314487,-0.040697422,0.12399038,0.1240576,0.16587499,0.20957428,0.09772845,0.00019332884,0.097163565,0.13706787,0.114323296,0.16569231,0.08127332,-0.04052378,0.07440354,0.18265672,0.04640427,0.03596861,0.06857684,0.019814307,0.04564673,0.18651314,0.071128584,0.009884126,0.038295515,0.16238426,-0.0018711018,0.14879161,0.024888135,0.00028333173
95,0.16914985,-0.056271475,0.15412916,0.1376856,0.1963205,0.1174944,0.13306959,-0.04099452,0.12389243,0.124066345,0.16590975,0.20873944,0.09769591,0.00035766693,0.09712855,0.13695425,0.11444866,0.16546537,0.08111978,-0.040112466,0.0742803,0.18233731,0.047007084,0.037029687,0.06838567,0.020097997,0.045434896,0.18622896,0.07222238,0.011720345,0.037999764,0.16249482,-0.0023206659,0.14856896,0.025448063,0.00030103902
96,0.16915257,-0.056197412,0.1540819,0.13724792,0.19650918,0.117585145,0.13283917,-0.04134307,0.12362965,0.12397496,0.16591282,0.20854545,0.097482316,0.0003374641,0.09690054,0.13681518,0.114347115,0.16551647,0.080871634,-0.039972857,0.0740464,0.1821206,0.047126785,0.03767154,0.068147436,0.020221727,0.045173556,0.18601595,0.07279831,0.012176488,0.03769008,0.16251957,-0.0027465392,0.14830679,0.026117256,0.00036681723
97,0.1691924,-0.056102198,0.15405801,0.13677035,0.196738,0.11829233,0.13256347,-0.041687913,0.12331531,0.12385939,0.16595809,0.2089657,0.09727098,-4.0272673e-05,0.09667429,0.13686073,0.113922484,0.16506816,0.08084508,-0.040397476,0.07406481,0.18228921,0.04643873,0.037177645,0.0682563,0.02013591,0.04524805,0.18606088,0.072633,0.011976555,0.037769943,0.16265637,-0.0028255933,0.14814158,0.026285438,0.00039144643
98,0.16927804,-0.05596143,0.15410168,0.13649476,0.19743282,0.11915473,0.13243012,-0.04194367,0.12314872,0.1239666,0.16621345,0.2091507,0.09729795,-0.0005060931,0.09669864,0.1371901,0.11338059,0.16437647,0.0811228,-0.040833976,0.07441196,0.18264596,0.045629043,0.03715175,0.06870045,0.019943178,0.045663204,0.18627003,0.07245615,0.013424237,0.0381932,0.16258252,-0.0025634845,0.14820376,0.025984373,0.00033479175
99,0.16926478,-0.055765197,0.1540342,0.13604115,0.19724543,0.119231425,0.132189,-0.042265315,0.12286599,0.12385548,0.16570018,0.20857263,0.09711524,-0.00083626196,0.09650238,0.13711725,0.11257142,0.1637988,0.08098422,-0.04093057,0.07431307,0.1824719,0.045001075,0.037426647,0.068650536,0.0199079,0.045582566,0.1860337,0.07237387,0.01376367,0.03808942,0.16248041,-0.002848996,0.14785756,0.025860243,0.00039735824
100,0.16961691,-0.05547016,0.15431592,0.13579355,0.1979348,0.11964019,0.13232,-0.042424474,0.12292954,0.12394288,0.16618341,0.20886272,0.097203135,-0.00082878827,0.09658868,0.13716485,0.112852246,0.16454835,0.081021376,-0.040940125,0.07432324,0.18246931,0.045336947,0.03874552,0.06864476,0.019736154,0.045572925,0.1860515,0.07294822,0.014690527,0.03804325,0.16227789,-0.0030133605,0.14764135,0.025977302,0.00048765217
101,0.16983368,-0.05525403,0.1544862,0.13554674,0.19863579,0.12004594,0.13235454,-0.0426128,0.12291838,0.12404798,0.1665971,0.20885983,0.09727542,-0.0008778996,0.096661575,0.13726668,0.11295349,0.16474618,0.08109062,-0.040924188,0.07440183,0.18249428,0.04550987,0.039821308,0.068715245,0.01965213,0.04563225,0.18607347,0.0734931,0.016179338,0.03806449,0.16213061,-0.0031135746,0.14751302,0.026070239,0.00054011564
102,0.16998434,-0.05511833,0.15456712,0.13521595,0.19914328,0.120894454,0.13225135,-0.04293355,0.122764565,0.1240565,0.16684623,0.20952345,0.097218506,-0.0011441262,0.09659993,0.13734703,0.1126518,0.16500401,0.081154846,-0.041212738,0.07448841,0.1826457,0.04491836,0.040098287,0.06887385,0.01945307,0.04577619,0.18617441,0.07322605,0.016196655,0.038222097,0.16213264,-0.003088249,0.14730415,0.025818713,0.0005912516
103,0.16985402,-0.055289432,0.15445563,0.13491437,0.19986255,0.12118157,0.13196497,-0.043231647,0.12249343,0.124028295,0.16755244,0.20938724,0.09702839,-0.0012496902,0.09640163,0.13744104,0.112775296,0.16476732,0.08096957,-0.040881135,0.07435331,0.18266709,0.045164265,0.04089541,0.06873017,0.019669028,0.045609783,0.18622334,0.07402064,0.017160984,0.038012292,0.16208042,-0.0033989944,0.1473218,0.026536884,0.00061455055
104,0.16997196,-0.05515564,0.15451263,0.13457657,0.20034142,0.12215046,0.13180785,-0.04348588,0.12228535,0.12400023,0.16787016,0.21019587,0.09693046,-0.0017212897,0.09629766,0.1376001,0.1123345,0.16465406,0.08106616,-0.04141129,0.07449047,0.18296461,0.044263598,0.04072647,0.06897065,0.019333746,0.04583165,0.18643142,0.07352384,0.016978532,0.03826638,0.16202103,-0.0032771146,0.14717014,0.026321592,0.0005697064
105,0.16991943,-0.0550756,0.15446214,0.13416818,0.20035513,0.121647865,0.13160716,-0.04374986,0.12207836,0.123908386,0.1677106,0.20885748,0.09678038,-0.0017787378,0.09614256,0.13747232,0.11208939,0.16392331,0.08077026,-0.04093157,0.07424473,0.18257506,0.044606864,0.041819736,0.068661086,0.019603455,0.04549566,0.18609113,0.074453436,0.018572798,0.037845086,0.16194463,-0.003872142,0.14689127,0.026750557,0.0005361242
106,0.17012508,-0.054853976,0.15460297,0.13372427,0.20019755,0.1217425,0.13151562,-0.044003714,0.12192544,0.12373452,0.16752507,0.20882024,0.0966084,-0.0020320145,0.09596077,0.13731903,0.11167139,0.16408646,0.08054161,-0.040992316,0.074020304,0.18239132,0.04425076,0.04235805,0.068457186,0.019478904,0.04527616,0.185926,0.07439111,0.017942987,0.03760995,0.16192807,-0.0042731483,0.14643145,0.026756285,0.00057401124
107,0.17025529,-0.054851297,0.15473343,0.13349645,0.20121968,0.12224656,0.13146369,-0.04419518,0.12186392,0.12382999,0.16843984,0.2089544,0.0966344,-0.0021306504,0.09598805,0.13754575,0.111968026,0.16401291,0.08060236,-0.040859886,0.074124485,0.18258043,0.04448983,0.043323584,0.068552576,0.019525228,0.045358814,0.18611935,0.075097345,0.019631343,0.03765653,0.16188395,-0.0043399334,0.14650528,0.027057808,0.0006215054
108,0.17032427,-0.054940283,0.15477434,0.13315935,0.20188574,0.122832656,0.13128619,-0.04453387,0.12166539,0.12375802,0.1691613,0.20962831,0.09645656,-0.0022983812,0.09580003,0.13756609,0.1121305,0.16459166,0.08044796,-0.040794928,0.07398157,0.18264392,0.04450978,0.04409604,0.06843498,0.019511152,0.04522707,0.18620764,0.075450115,0.019510424,0.037508678,0.16192234,-0.0045930073,0.14633648,0.027502779,0.00066111534
109,0.17036118,-0.05489298,0.15479296,0.13282554,0.20214508,0.12316488,0.1310879,-0.04477255,0.12144092,0.12368872,0.1693206,0.20960738,0.0963171,-0.0027894794,0.095652156,0.13772187,0.111520685,0.16393605,0.080434985,-0.041043475,0.07402456,0.18282662,0.043703515,0.044176675,0.06855792,0.019373566,0.04532561,0.18630959,0.07516606,0.019952053,0.037616733,0.16184217,-0.004653447,0.14620437,0.027174758,0.00060970604
110,0.17052586,-0.054667108,0.15493166,0.13251676,0.20217688,0.12296221,0.13104008,-0.044957943,0.12134861,0.123674266,0.16908786,0.2087695,0.09630001,-0.0032274902,0.0956329,0.13785519,0.11071796,0.16295832,0.08045153,-0.04118686,0.07409731,0.18285833,0.04293822,0.04459101,0.06867452,0.01926936,0.045420833,0.18626767,0.07491795,0.021265332,0.037702374,0.16173518,-0.004774433,0.1460031,0.026478635,0.0005242908
111,0.17099021,-0.05440265,0.15533307,0.1322492,0.20279,0.12319193,0.13121317,-0.04511611,0.12144425,0.12370463,0.16967769,0.20913394,0.09635185,-0.0033202572,0.09568034,0.1379223,0.11093339,0.1636888,0.08041975,-0.041210324,0.07404169,0.18293326,0.043034144,0.04582804,0.06861335,0.01909885,0.045360226,0.18638085,0.07515294,0.021717317,0.037630543,0.16168754,-0.004979637,0.14576922,0.026383583,0.0005312743
112,0.17138596,-0.054271393,0.15568939,0.13200636,0.20361423,0.12364343,0.13134427,-0.045304842,0.12152605,0.123762116,0.17045356,0.20959315,0.096444264,-0.003499019,0.09577275,0.13809888,0.11113832,0.16405681,0.08052694,-0.041309837,0.07416147,0.18315487,0.042979192,0.04667046,0.06874821,0.01900629,0.045488454,0.18658683,0.07537757,0.02263066,0.037749004,0.16181415,-0.004978455,0.14571574,0.026485084,0.00042470807
113,0.17150378,-0.05418757,0.15578389,0.13165477,0.20403004,0.123707004,0.13123815,-0.045540575,0.12138997,0.12371229,0.17082703,0.20947108,0.0963198,-0.003571512,0.09564049,0.13807836,0.11121488,0.16407897,0.08034268,-0.041165926,0.07399408,0.18310359,0.04308272,0.0474866,0.068568915,0.019088594,0.04529546,0.18656035,0.07577434,0.023326594,0.037525117,0.16185875,-0.005316651,0.14553922,0.026715115,0.0003994947
114,0.17144622,-0.05427954,0.15574902,0.13125226,0.20433818,0.12368436,0.13094437,-0.04577604,0.121106245,0.12357769,0.17117932,0.20901038,0.09609303,-0.0039575626,0.09540472,0.13820307,0.11085186,0.16302867,0.0801852,-0.04110523,0.07392259,0.18320839,0.042647842,0.047603507,0.06853554,0.019261727,0.045232628,0.18660383,0.07594364,0.024167152,0.037440967,0.16198543,-0.005565727,0.14551261,0.026833829,0.00046089033
115,0.17167902,-0.054031823,0.15591435,0.13085718,0.20437256,0.12408675,0.13084087,-0.045996703,0.12092851,0.123466365,0.17109683,0.20936352,0.09594422,-0.004540677,0.09524427,0.1383,0.11006339,0.16268589,0.08016656,-0.04164853,0.073936485,0.1834282,0.041410696,0.047367074,0.06866959,0.018929794,0.045348264,0.18672122,0.07498189,0.02360992,0.037604928,0.16202356,-0.005596616,0.14520863,0.025956962,0.0004834887
116,0.17174958,-0.0539005,0.15599366,0.13057102,0.20492281,0.12376773,0.13077566,-0.04614699,0.120851286,0.1235116,0.1714815,0.20840853,0.09591079,-0.00450503,0.09521096,0.13834205,0.11027114,0.16229163,0.08000285,-0.04121181,0.07380452,0.183278,0.04198966,0.04881716,0.06846743,0.019142052,0.045130327,0.18661545,0.075964555,0.025868252,0.037312787,0.16190265,-0.006035861,0.14510469,0.026051529,0.00050648715
117,0.17191528,-0.053720657,0.1561067,0.13017367,0.20513749,0.124146044,0.1306429,-0.046349578,0.12065856,0.12337489,0.1717646,0.2089038,0.09569214,-0.0047623483,0.09497571,0.13829428,0.11011284,0.16266964,0.07977269,-0.041351758,0.073567726,0.18331444,0.04159854,0.049314376,0.06827931,0.018968783,0.044932123,0.18666647,0.07570858,0.025024211,0.037128188,0.16183406,-0.0063522398,0.14476979,0.025828188,0.000574436
118,0.17195438,-0.053797293,0.1561796,0.1299512,0.20598228,0.12430788,0.13052031,-0.046450473,0.120545015,0.123385444,0.1727053,0.20885465,0.09562645,-0.0049761473,0.094907075,0.1385236,0.110321134,0.1622145,0.0797402,-0.04123441,0.073587745,0.18354088,0.04168775,0.050065905,0.06829963,0.019051086,0.044936802,0.18687963,0.07627849,0.026557267,0.037101913,0.1617957,-0.0064666714,0.1448821,0.026218168,0.0005271422
119,0.1722333,-0.05376324,0.15643358,0.1296382,0.20633137,0.124490894,0.13051973,-0.046674136,0.120506994,0.12327207,0.1732008,0.20917267,0.095536344,-0.005263998,0.094808966,0.13856056,0.11020005,0.16258441,0.079619214,-0.041200563,0.07347675,0.18361615,0.04138886,0.05080869,0.06821768,0.01901725,0.04484618,0.18697733,0.07623469,0.02621802,0.037009187,0.16191629,-0.0066770585,0.14468001,0.02636338,0.00046465718
120,0.17244284,-0.053662576,0.15663072,0.12935486,0.20664921,0.12432243,0.13051723,-0.046870243,0.12047398,0.12324842,0.17345163,0.2087807,0.095515355,-0.0055275657,0.09478602,0.13864566,0.109955095,0.16223657,0.07957683,-0.041187137,0.07346882,0.18365952,0.041111756,0.05158101,0.06822376,0.019019647,0.04483733,0.18699563,0.076346725,0.02744778,0.036978163,0.16194479,-0.006862502,0.14453085,0.026158053,0.0003868871
121,0.17267667,-0.053588938,0.1568477,0.1291027,0.20701559,0.12480038,0.13050441,-0.047039527,0.12042974,0.12321633,0.17378238,0.20907791,0.0955336,-0.0061129546,0.09480148,0.13889779,0.1093479,0.16173589,0.07976106,-0.041616928,0.073710844,0.18401101,0.040071443,0.051598888,0.06857337,0.018822206,0.04516831,0.18722019,0.07580726,0.028152501,0.03733223,0.16198231,-0.006655503,0.14450045,0.025777703,0.00048053853
122,0.17282052,-0.0536263,0.15697658,0.1288343,0.20764199,0.12518224,0.13043258,-0.047243945,0.12033502,0.12314918,0.1746096,0.20974128,0.09539883,-0.006166399,0.09465391,0.13888697,0.10977337,0.1625249,0.07957817,-0.04151417,0.073512696,0.18407375,0.040349536,0.052612253,0.068377204,0.01884023,0.04496553,0.18733181,0.07627765,0.028276097,0.037108436,0.16197763,-0.006925455,0.1443951,0.02643527,0.0005817928
123,0.17295504,-0.053597704,0.15712339,0.12859383,0.20837669,0.12540391,0.1304033,-0.047358178,0.12030081,0.1231708,0.17538343,0.2096961,0.095400274,-0.006247338,0.09465443,0.13900624,0.11012553,0.1624372,0.07955903,-0.041374855,0.07352617,0.18417083,0.04068152,0.05358183,0.06836543,0.018951247,0.044941265,0.18742931,0.07701175,0.029960023,0.037036274,0.16199015,-0.0070704655,0.14443904,0.02700344,0.0005917234
124,0.17304349,-0.053527642,0.15718639,0.12819672,0.20813914,0.12548886,0.13021907,-0.047605135,0.120083354,0.12296385,0.17518061,0.20961782,0.09518699,-0.0068009845,0.09442986,0.13899072,0.109295,0.16196004,0.0794176,-0.04163629,0.07343051,0.18420464,0.039656192,0.05346452,0.06836047,0.018866947,0.04491359,0.18738703,0.0764069,0.029485255,0.037020896,0.16208923,-0.0072266087,0.14418511,0.026896706,0.0005057184
125,0.17335364,-0.05333241,0.1574787,0.12802504,0.20859128,0.12539616,0.1303391,-0.047700316,0.12015183,0.12301079,0.17561752,0.20933488,0.095242776,-0.0070207953,0.094483934,0.13911244,0.1092667,0.16208644,0.079383805,-0.04158265,0.07340181,0.18426086,0.039684594,0.05475797,0.068315916,0.01878134,0.044864673,0.18746692,0.076755606,0.030887213,0.03694336,0.16193172,-0.0074001164,0.14408907,0.02709307,0.0003972927
126,0.17352234,-0.053237922,0.1576497,0.12779386,0.20912138,0.12547478,0.13030809,-0.047764517,0.120094895,0.12299563,0.1762587,0.20928815,0.095184386,-0.007243565,0.09442067,0.13923652,0.10938771,0.16197576,0.07928622,-0.041539453,0.07332962,0.18437673,0.03976001,0.05568371,0.06823538,0.018758368,0.04477532,0.18759479,0.07718571,0.03200298,0.036827333,0.16182292,-0.0076000593,0.14405906,0.027464127,0.00024260975
127,0.1736539,-0.053234197,0.15777189,0.12750821,0.20957126,0.12594275,0.1301771,-0.047905073,0.11993547,0.122886084,0.17692421,0.20994437,0.09501482,-0.007665731,0.09423605,0.13936706,0.10921388,0.16205235,0.07917969,-0.04172695,0.07324803,0.18463485,0.039205126,0.056043398,0.068224974,0.018619379,0.044755306,0.18783323,0.076940924,0.031696405,0.03682638,0.16177244,-0.0076866727,0.14397545,0.027557973,8.1852035e-05
128,0.17359506,-0.05339226,0.15775049,0.12712969,0.2097296,0.12597904,0.12989537,-0.048103616,0.11968101,0.12268251,0.17727931,0.20969313,0.0947813,-0.008121821,0.093998544,0.13944207,0.10880516,0.16121407,0.07901516,-0.04164382,0.07316921,0.18471262,0.0387186,0.056173183,0.06818933,0.01880731,0.044693206,0.18786103,0.07705534,0.032063633,0.0367373,0.1619546,-0.007902084,0.14392805,0.027941236,4.7988327e-05
129,0.17376274,-0.053368263,0.15792629,0.12684257,0.2099264,0.12565617,0.12987809,-0.048277725,0.11965463,0.122589,0.17755632,0.20912881,0.09471829,-0.008286005,0.09393601,0.13940889,0.10878447,0.16116965,0.078834705,-0.041308947,0.07301866,0.18454877,0.038956117,0.05740168,0.06799451,0.018955966,0.04448733,0.18774769,0.077686645,0.033120465,0.036470905,0.16201793,-0.008287105,0.14374243,0.028370377,-1.2255328e-05
130,0.17392826,-0.053256027,0.15805583,0.12647825,0.20978147,0.1259185,0.1297878,-0.048522364,0.11952467,0.12240777,0.1774412,0.20924209,0.094579585,-0.008747409,0.09378923,0.13933705,0.10816835,0.16123839,0.07871259,-0.041457117,0.07292533,0.18448086,0.03823113,0.057747833,0.0679636,0.018814994,0.044442628,0.18766408,0.07727882,0.03253254,0.036425274,0.1620895,-0.008478337,0.14338502,0.0282256,-9.113524e-05
131,0.17411026,-0.05321828,0.15825038,0.12626661,0.21047516,0.1263235,0.1297921,-0.04860494,0.119522326,0.12241883,0.17819804,0.20943177,0.09461515,-0.008996454,0.093826495,0.13951667,0.10828044,0.16113842,0.078777865,-0.04143476,0.07303299,0.18466993,0.0381856,0.058573138,0.06808094,0.018803168,0.044550307,0.18784103,0.07762235,0.033800345,0.036506843,0.16211389,-0.008492604,0.14338166,0.028374853,-0.00011565927
132,0.17440708,-0.05302503,0.15853924,0.12616271,0.21110848,0.12664206,0.12994581,-0.04862641,0.11963844,0.122530185,0.17873326,0.20951085,0.0947932,-0.009345202,0.09400768,0.13977756,0.108128585,0.16093601,0.07900578,-0.041662656,0.0732935,0.1849398,0.037809778,0.05935969,0.06837246,0.018585663,0.044837918,0.18805642,0.07761532,0.035570357,0.036787838,0.16197461,-0.008302129,0.14338917,0.02813847,-0.00011758673
133,0.1744975,-0.05290257,0.15859047,0.12575974,0.21104936,0.12690286,0.12977439,-0.048869036,0.11942607,0.12235765,0.17869844,0.20979998,0.094575,-0.0097123915,0.09377618,0.13967681,0.10771272,0.160917,0.07882258,-0.04192801,0.07312954,0.1849311,0.0371506,0.05944073,0.06827894,0.018464811,0.04472733,0.18800952,0.07718439,0.035130613,0.036685713,0.16204886,-0.008525486,0.14308873,0.027998453,-9.461353e-05
134,0.17466073,-0.053038016,0.15879384,0.12561871,0.21174581,0.12679961,0.12980814,-0.048921797,0.11947542,0.12232581,0.17971039,0.20993692,0.09457187,-0.009799183,0.09377024,0.13978244,0.10820854,0.1611432,0.07875238,-0.04168471,0.07307191,0.18504867,0.037619825,0.06064237,0.068185136,0.018587714,0.044627476,0.18816693,0.07801565,0.03645131,0.03653532,0.16206236,-0.008702771,0.14314863,0.028893331,-9.341017e-05
135,0.1749325,-0.052968007,0.15905319,0.12540327,0.2120521,0.12696627,0.1298657,-0.04900401,0.119498625,0.1222363,0.1802422,0.21038574,0.09453827,-0.010097616,0.09372478,0.13982993,0.1081769,0.16150522,0.0786956,-0.041791607,0.07301323,0.1851736,0.037369292,0.06139944,0.06815809,0.018430417,0.04459723,0.18830448,0.07799363,0.036525756,0.03650245,0.16198625,-0.008812419,0.14298546,0.029029306,-0.0001254167
136,0.17494936,-0.05297917,0.1591054,0.12522493,0.21234435,0.12688148,0.12975511,-0.049015872,0.11939317,0.12216669,0.18071039,0.21012118,0.094443284,-0.010477503,0.093625516,0.13998328,0.107929036,0.1609567,0.07861228,-0.041750897,0.072975025,0.18530624,0.03710117,0.062129088,0.06814263,0.018388227,0.04457012,0.18842058,0.07818784,0.03758423,0.036454022,0.16173954,-0.008961951,0.14293267,0.02898177,-8.684118e-05
137,0.175116,-0.052867986,0.15924716,0.1250324,0.21252345,0.1270507,0.12972635,-0.04918872,0.119318426,0.122127496,0.18084556,0.21022175,0.09438446,-0.0110220015,0.09355931,0.14010738,0.10731891,0.16091004,0.07860452,-0.042008124,0.072999045,0.18544139,0.036287572,0.06263281,0.06824928,0.018135373,0.044668026,0.18850769,0.07770537,0.037948437,0.03656826,0.16166583,-0.008988762,0.14272419,0.02852112,2.322301e-05
138,0.17501059,-0.05270158,0.15912628,0.12484198,0.21245,0.12599242,0.1295342,-0.049420808,0.11907406,0.12211775,0.18059444,0.20870094,0.0940932,-0.011112543,0.093256794,0.13995808,0.107127376,0.16110045,0.078019984,-0.04143122,0.07239858,0.18495452,0.03689563,0.06484624,0.067553185,0.018186199,0.043967906,0.18817014,0.07853615,0.039504528,0.03579825,0.16117108,-0.009876643,0.14238143,0.028610269,-5.3780306e-05
139,0.17496814,-0.052722413,0.15909082,0.12469708,0.21294475,0.12604998,0.12932687,-0.04957396,0.118845575,0.12214107,0.18106067,0.20868318,0.093909785,-0.011588957,0.09306268,0.14022872,0.10665191,0.16058265,0.07793019,-0.041604236,0.07236236,0.18527603,0.03613259,0.065242134,0.06761077,0.01813475,0.04401505,0.18840595,0.07815652,0.040680934,0.035873372,0.16100915,-0.009914419,0.14244701,0.028033212,-0.00019740836
140,0.17509739,-0.052939747,0.15922558,0.124516696,0.21347028,0.12659001,0.12922864,-0.049783546,0.118743666,0.12201791,0.18193762,0.20979887,0.093757175,-0.0120066535,0.09289396,0.1403675,0.10652445,0.16112259,0.07786674,-0.04174975,0.07231906,0.18561333,0.03547801,0.06554699,0.067676835,0.018081397,0.044076458,0.18872464,0.07776488,0.040026117,0.035969816,0.16112955,-0.009883514,0.14241701,0.028141906,-0.00019558228
141,0.17518663,-0.052863028,0.15934056,0.124435134,0.21390246,0.12631367,0.12923352,-0.049783356,0.11873684,0.12207432,0.18235955,0.20930117,0.09377951,-0.012332347,0.09291638,0.14059573,0.10626139,0.16051494,0.07788591,-0.041725915,0.072379574,0.18578346,0.035179246,0.0664657,0.067752205,0.01800287,0.044146553,0.18886168,0.077831335,0.04187823,0.036024753,0.16089942,-0.009947654,0.14236768,0.027509686,-9.5164825e-05
142,0.17551212,-0.05280178,0.15964215,0.12418353,0.21397583,0.12609789,0.12932758,-0.049948033,0.11878839,0.12192333,0.18268311,0.20950188,0.0937026,-0.012533222,0.09282649,0.14048693,0.10626448,0.16123241,0.077681,-0.041613422,0.07215527,0.18568462,0.035133485,0.067511216,0.067526646,0.017922577,0.04392151,0.18884459,0.0778644,0.04139916,0.03578449,0.16102183,-0.01029257,0.14200902,0.027611487,-6.763306e-05
143,0.17564341,-0.05291618,0.15982497,0.12400718,0.21435177,0.12604986,0.12931842,-0.049961492,0.11881008,0.12184539,0.18330234,0.2094314,0.09373342,-0.0129056955,0.0928645,0.14068805,0.10607161,0.16038476,0.077800386,-0.04168553,0.07235044,0.18595552,0.034652468,0.06759122,0.06776069,0.018047487,0.044141088,0.18902434,0.07789757,0.042580236,0.03598189,0.16125661,-0.010165845,0.14209849,0.027856566,-6.677974e-05
144,0.1758268,-0.052988287,0.16001569,0.12375551,0.21451904,0.12603857,0.12930752,-0.050106723,0.118796356,0.12168953,0.18375874,0.20973311,0.09364486,-0.013110412,0.092769384,0.14063781,0.10608461,0.16061829,0.07767811,-0.04164387,0.07224185,0.18598053,0.03448131,0.068083934,0.06767039,0.01811255,0.04404375,0.18906844,0.07795113,0.042444583,0.03586749,0.16147487,-0.010335004,0.14194639,0.028308388,-6.273127e-05
145,0.1760063,-0.052924816,0.16020143,0.12339041,0.2144746,0.12578897,0.12924805,-0.050166056,0.11872607,0.1214776,0.18402173,0.2096356,0.09349246,-0.013344909,0.09261156,0.14053363,0.10610145,0.1603073,0.07747348,-0.04166791,0.072065644,0.18592915,0.034407485,0.068405345,0.067487165,0.018187523,0.043845356,0.18901104,0.078154705,0.04255668,0.035632543,0.16169682,-0.010653899,0.1417459,0.02884261,3.2148746e-05
146,0.17609775,-0.052865326,0.16031982,0.12311903,0.21466038,0.12564555,0.1291704,-0.050164882,0.11865504,0.121390566,0.18432783,0.20933278,0.09343797,-0.013656681,0.09256159,0.14063296,0.10593904,0.15927829,0.07748219,-0.04183909,0.07214176,0.1860831,0.034038797,0.06836038,0.06758549,0.018276917,0.0439243,0.18906084,0.07820598,0.04384963,0.03568381,0.16188471,-0.010688792,0.1417545,0.028960284,4.9666665e-05
147,0.17644595,-0.052765265,0.16064614,0.12287355,0.21501502,0.12606923,0.12925653,-0.050173152,0.118699566,0.12126064,0.18507436,0.2103654,0.093383975,-0.013872131,0.092488,0.14063002,0.106236935,0.15988651,0.0774112,-0.042076267,0.072055265,0.18628041,0.03388475,0.068719946,0.06753624,0.018113747,0.043875035,0.18927667,0.07809198,0.043143272,0.035647348,0.1620033,-0.010765651,0.14159855,0.029319955,2.6597238e-05
148,0.17644854,-0.05285625,0.16071135,0.122675575,0.21541551,0.12607528,0.1291491,-0.050130427,0.118636146,0.12118699,0.18569027,0.21012492,0.093353346,-0.0141492905,0.09246858,0.14080076,0.10622434,0.15891497,0.07745314,-0.042031743,0.072178885,0.1864701,0.033750728,0.068929404,0.06766494,0.018307004,0.04398629,0.18939237,0.07848348,0.044640776,0.035714556,0.16216284,-0.010756245,0.14172056,0.02975196,8.116802e-06
149,0.176893,-0.05267034,0.16111402,0.122460596,0.21575548,0.12643018,0.12936307,-0.050174437,0.11879142,0.12109021,0.18634164,0.21099342,0.0933808,-0.0141837625,0.0924774,0.14066991,0.10678236,0.16026162,0.077334024,-0.0420165,0.072008125,0.18641125,0.034168318,0.07011739,0.06746414,0.018106006,0.043794528,0.18945505,0.0788155,0.04394785,0.03550382,0.16222811,-0.011006365,0.14140931,0.03034015,-2.0514879e-05
150,0.17644344,-0.05284829,0.16077413,0.12223061,0.21583782,0.12668262,0.12887868,-0.050057054,0.11839972,0.12094984,0.18653,0.21041358,0.09318504,-0.014953937,0.09229599,0.14104,0.10568828,0.1575662,0.077491745,-0.042391397,0.07233363,0.18685791,0.032722592,0.06892262,0.06793148,0.018256411,0.04422242,0.1896182,0.07832293,0.045614228,0.035922196,0.16213806,-0.010673341,0.14168268,0.029995322,-1.3983943e-05
151,0.17683612,-0.05268935,0.1611387,0.1220507,0.21642306,0.12723237,0.12907192,-0.050124627,0.11854942,0.120901056,0.18729591,0.21122986,0.09323046,-0.014971767,0.09231853,0.14103992,0.10618336,0.15917857,0.07743587,-0.042153113,0.07221588,0.18687536,0.033179734,0.07063344,0.0678103,0.018148476,0.04411159,0.18973523,0.07874521,0.04530338,0.035790656,0.16208115,-0.01090157,0.14141822,0.0299171,9.115656e-05
152,0.17738785,-0.05225229,0.1616429,0.12188819,0.2165253,0.12724748,0.12940963,-0.05008449,0.11880214,0.12089012,0.18740246,0.21116751,0.09340647,-0.015277502,0.09247702,0.1410955,0.10603257,0.15980871,0.07750842,-0.042253923,0.072254084,0.18686734,0.03309736,0.07209603,0.067852154,0.017813332,0.04415906,0.18973917,0.0787905,0.045986205,0.035817556,0.16184387,-0.011046408,0.14105,0.02924591,-7.164589e-05
153,0.17726223,-0.052046463,0.1615524,0.12161811,0.21624385,0.12673518,0.12918705,-0.049993202,0.11858578,0.12078855,0.18704802,0.20986317,0.0932725,-0.015795758,0.09235051,0.14121242,0.105263256,0.15789942,0.0774743,-0.042519554,0.07231608,0.18689041,0.032447938,0.07193604,0.06794859,0.017847065,0.044226307,0.18956575,0.0788076,0.048042424,0.035835877,0.161676,-0.011164641,0.14101867,0.02899576,-0.00017577347
154,0.17765006,-0.051920835,0.16191263,0.121508926,0.21675707,0.12661584,0.12943187,-0.050072044,0.11878312,0.12077827,0.1877671,0.2102519,0.09331875,-0.015610014,0.09237763,0.14110586,0.106045805,0.15947022,0.07729323,-0.042168394,0.072057046,0.18675633,0.033344515,0.07386151,0.06761742,0.017764904,0.04390754,0.18959558,0.07953849,0.048205815,0.035480287,0.16162229,-0.01159881,0.14069796,0.029123684,-0.00017157522
155,0.17739227,-0.05213928,0.16169804,0.121113285,0.21631324,0.12659474,0.12899277,-0.050255105,0.1183942,0.120432645,0.1875495,0.21015342,0.09294421,-0.016255943,0.09200131,0.141102,0.10491588,0.1581565,0.07714146,-0.04244912,0.07200303,0.18689094,0.03184743,0.07272714,0.06772845,0.017923666,0.043985303,0.18954995,0.07860315,0.047394242,0.03557296,0.16188239,-0.011636265,0.1405627,0.028768832,-0.000106031985
156,0.17745087,-0.052334417,0.16182029,0.12108252,0.21732374,0.12655129,0.1290398,-0.05020869,0.118485376,0.12044743,0.18897793,0.21043451,0.09294971,-0.015935814,0.09200061,0.1411391,0.106160395,0.15912005,0.076976664,-0.041808676,0.07180678,0.18690671,0.033262145,0.07463891,0.0674153,0.01822145,0.043677755,0.18970619,0.08018366,0.048783824,0.035180386,0.16180934,-0.011971178,0.14068253,0.030126976,-8.219321e-05
157,0.1775481,-0.052529797,0.16195484,0.1208318,0.21743979,0.12692893,0.12892452,-0.050294075,0.118402064,0.12021534,0.1893963,0.21113004,0.09282648,-0.016446428,0.09186188,0.14134848,0.10541794,0.1587292,0.07708723,-0.04202827,0.07196519,0.18734798,0.031882513,0.07395631,0.06775865,0.018380465,0.044005234,0.18997182,0.07916055,0.047803093,0.035551492,0.16217937,-0.01169901,0.14070617,0.029482612,-1.2293585e-06
158,0.17784834,-0.052527368,0.16224828,0.12062975,0.21747495,0.12667137,0.12903027,-0.05042934,0.118484914,0.12007011,0.1896577,0.21131663,0.09277634,-0.016599827,0.09179364,0.14129482,0.10534801,0.15937431,0.0769683,-0.041937534,0.07181746,0.187352,0.031732924,0.07472793,0.067640334,0.018444933,0.043885224,0.18998782,0.07913187,0.047527526,0.035418484,0.16233273,-0.011898209,0.1405167,0.029642915,6.164409e-05
159,0.17786692,-0.052545093,0.16231059,0.12055956,0.21783023,0.12637347,0.12901798,-0.05038316,0.11848726,0.12005277,0.19018929,0.210974,0.09275594,-0.016708136,0.091767065,0.14137442,0.105502956,0.15931974,0.07688232,-0.041727096,0.07173647,0.18738306,0.03204011,0.07580347,0.067524165,0.01854084,0.043766662,0.19002995,0.07980158,0.04897402,0.035245605,0.16210175,-0.012057697,0.14056459,0.030325416,0.00013126046
160,0.17793487,-0.05238613,0.16237853,0.12042933,0.21794267,0.12687746,0.12894337,-0.050290182,0.11838168,0.11999955,0.19038978,0.21157768,0.09271261,-0.017367844,0.09170149,0.14163013,0.104686975,0.15851563,0.07706681,-0.04247575,0.07196066,0.18787122,0.030561915,0.07496813,0.067922555,0.018217808,0.044153865,0.19031672,0.078643635,0.04892375,0.035691656,0.1619532,-0.011653876,0.14056952,0.029698102,0.0002616464
161,0.17799152,-0.05242812,0.16246308,0.12038083,0.21843366,0.12640896,0.1289592,-0.05031369,0.118392214,0.11998673,0.19114543,0.21140751,0.09260742,-0.01721128,0.09157942,0.14157717,0.10533906,0.15947726,0.07673157,-0.041915618,0.07156801,0.18773721,0.03152891,0.07688018,0.06743673,0.018321551,0.043675825,0.19035186,0.079664744,0.04968226,0.035155244,0.1617252,-0.012176535,0.14043456,0.030457376,0.00034485065
162,0.17802455,-0.052427046,0.16252592,0.12020012,0.21834345,0.12608692,0.12886855,-0.050395347,0.11830834,0.119907185,0.19101562,0.21085677,0.09255026,-0.017712953,0.09152684,0.14175074,0.10441384,0.15843594,0.076796405,-0.04207682,0.07170082,0.18792512,0.030412866,0.07669028,0.06766934,0.01838854,0.043891914,0.19039242,0.078983195,0.05059672,0.035376076,0.1618928,-0.012073128,0.14037025,0.029742021,0.00038441244
163,0.17830697,-0.052216865,0.16278428,0.12018146,0.21836771,0.12559542,0.12907992,-0.05044647,0.1184596,0.1199391,0.1910245,0.21049446,0.092623085,-0.017809564,0.09158094,0.14172132,0.104256265,0.15910037,0.07669715,-0.041973453,0.07154777,0.1878166,0.030419052,0.07804071,0.06749453,0.018187786,0.04372862,0.19036712,0.07900385,0.05115278,0.035200033,0.16157804,-0.012288641,0.14009863,0.029542116,0.0002953173
164,0.17842412,-0.05226925,0.16290468,0.12014684,0.21887322,0.12579608,0.12911768,-0.05051564,0.118479416,0.11994721,0.19172408,0.2112095,0.09260103,-0.01789964,0.0915348,0.14178106,0.10441001,0.15978585,0.07665037,-0.042029377,0.07147069,0.18800148,0.030251693,0.07870163,0.06746124,0.018079171,0.043702435,0.19058543,0.07886618,0.051244758,0.035189606,0.16146393,-0.012280865,0.14003578,0.029595576,0.00019079051
165,0.17824885,-0.052505437,0.1627814,0.11995698,0.21893261,0.12555659,0.12887302,-0.050661493,0.11828198,0.11981038,0.19192953,0.2109945,0.092415035,-0.018199189,0.09135295,0.1418226,0.10395345,0.15909803,0.07655565,-0.042013068,0.07143817,0.18808188,0.02962732,0.07857839,0.067495644,0.018279301,0.043719538,0.19058229,0.07865968,0.051818546,0.03518933,0.16166814,-0.012329945,0.14001168,0.029686544,9.8125325e-05
166,0.17837165,-0.052636012,0.16295572,0.11995369,0.2195589,0.12547804,0.12896703,-0.050610665,0.11840606,0.11984366,0.19281119,0.21115875,0.09251629,-0.018196654,0.09145622,0.1419652,0.10434948,0.15913007,0.07663413,-0.041851975,0.07153404,0.18827417,0.02986305,0.079261184,0.06756738,0.018436002,0.043792356,0.190779,0.07913509,0.053055488,0.035226382,0.16180627,-0.012262063,0.14013371,0.030321842,6.837833e-05
167,0.17856756,-0.052533418,0.16311568,0.11966595,0.21918014,0.12534305,0.12894078,-0.0507451,0.118335046,0.11961137,0.1926887,0.2114811,0.09232394,-0.018425567,0.09124143,0.1417409,0.10406383,0.15951681,0.07637496,-0.042031668,0.07125459,0.18815649,0.02937316,0.07920734,0.06733407,0.018328445,0.04355485,0.19069542,0.07862582,0.05145203,0.035002004,0.16197066,-0.0125259515,0.13979682,0.030644678,9.845495e-05
168,0.17858744,-0.052500643,0.16316509,0.119536184,0.21934676,0.12508409,0.12890063,-0.050712157,0.11830601,0.11957809,0.19297697,0.21112332,0.09229908,-0.018529778,0.09122171,0.14176233,0.10410511,0.15898356,0.07632927,-0.042031538,0.07124391,0.18817852,0.02938117,0.07946385,0.06730007,0.018436864,0.043512225,0.19068389,0.07891187,0.052521132,0.034919918,0.16203152,-0.012606613,0.13981356,0.03120723,9.984951e-05
169,0.17850633,-0.052460324,0.16311595,0.11942246,0.21948273,0.12469359,0.12880135,-0.05069198,0.11822133,0.11956743,0.19313598,0.21047252,0.09223838,-0.0186083,0.0911687,0.14178194,0.104082674,0.15833376,0.07623469,-0.041938685,0.07118548,0.18813589,0.029455807,0.0798743,0.06720633,0.01854315,0.04340953,0.19061762,0.0792575,0.053864058,0.03477299,0.1619809,-0.012775881,0.13979022,0.031448867,6.806794e-05
170,0.1785791,-0.05232452,0.16315101,0.11914304,0.2190623,0.124488905,0.12870407,-0.050854057,0.11808023,0.11936107,0.1928359,0.21048068,0.0920046,-0.018800694,0.09091534,0.14152153,0.10375283,0.15871336,0.07590489,-0.042004578,0.0708314,0.18789358,0.02911826,0.08010885,0.06687795,0.018401548,0.043077108,0.19043824,0.078891195,0.05257794,0.034443546,0.16196749,-0.01316876,0.13937911,0.03149387,6.1385756e-05
171,0.17851856,-0.05241842,0.16313834,0.11909397,0.21966736,0.1249118,0.12861809,-0.05076925,0.11803099,0.119387425,0.19357294,0.21095963,0.092032366,-0.019043095,0.09094677,0.1417563,0.10377521,0.15803699,0.07609858,-0.04225715,0.07108713,0.18826362,0.028685503,0.0797451,0.067197084,0.018424006,0.04338583,0.19068547,0.07877504,0.05356934,0.03475012,0.1621429,-0.012862112,0.13955384,0.031606164,7.694078e-05
172,0.17854072,-0.052474163,0.16319907,0.11903131,0.2200242,0.12485475,0.12860066,-0.050724484,0.11803385,0.119372584,0.19411373,0.21099454,0.09203068,-0.019136442,0.09094465,0.14184465,0.10388757,0.1578162,0.07609861,-0.04220118,0.0711093,0.18839222,0.028680403,0.08012981,0.06721587,0.018506438,0.043401543,0.19080211,0.07900412,0.0543905,0.03474078,0.16216603,-0.012859315,0.1395981,0.031984705,7.905142e-05
173,0.17870528,-0.052481912,0.16336414,0.11891267,0.22009642,0.124818765,0.12865455,-0.050804578,0.11807306,0.119282156,0.19438647,0.21129802,0.09200369,-0.019292679,0.09090359,0.14179249,0.103780955,0.15825376,0.0760236,-0.042216666,0.07102094,0.18840645,0.028421672,0.08054243,0.06715426,0.018466407,0.043342672,0.19085218,0.07885731,0.054054175,0.03467782,0.16223168,-0.012911526,0.13945846,0.032449275,0.00015093545
174,0.17880632,-0.05229142,0.16346338,0.118824415,0.22000377,0.12441497,0.12868932,-0.050766908,0.11807432,0.119259,0.19431025,0.21084827,0.09198002,-0.019499457,0.0908699,0.1417964,0.103459,0.15799735,0.07593427,-0.042280484,0.070928045,0.18838204,0.028132532,0.08099443,0.06706185,0.018338816,0.04325018,0.19083008,0.07869668,0.054542627,0.03457521,0.16204739,-0.013040331,0.1392901,0.03232889,0.00020524155
175,0.17888401,-0.052319374,0.16355528,0.11875428,0.22042774,0.124280676,0.12872696,-0.050843306,0.11811139,0.11926851,0.19485046,0.21090202,0.091973014,-0.019401047,0.09085744,0.1417439,0.10387294,0.15858322,0.075811125,-0.042033724,0.07078454,0.18831004,0.028581131,0.08203295,0.0668704,0.018402305,0.043062706,0.19084586,0.07920406,0.055222772,0.034349587,0.16208506,-0.013247969,0.13919978,0.032916464,0.00020974773
176,0.17872895,-0.052213226,0.16342208,0.11846098,0.21999216,0.12421199,0.12843469,-0.05082096,0.11782734,0.11908948,0.19441067,0.21043625,0.091761164,-0.020022348,0.09065267,0.14182214,0.10278129,0.15683001,0.07580837,-0.04254686,0.070879534,0.188473,0.027185604,0.080793895,0.06709185,0.01840207,0.04325486,0.19078553,0.07826951,0.055412132,0.03455288,0.16223548,-0.013132741,0.13914411,0.03248324,0.00019023704
177,0.1788848,-0.052237496,0.1636037,0.11841411,0.22087783,0.12422864,0.12854035,-0.050771173,0.11793872,0.11913046,0.19560726,0.21083817,0.09177812,-0.019666933,0.09065653,0.14180474,0.10400355,0.15792601,0.07563377,-0.04206287,0.07065487,0.18846364,0.02849268,0.082485534,0.06674959,0.018583478,0.042923298,0.19092827,0.07954291,0.056345765,0.03415899,0.16221586,-0.013469764,0.13917917,0.03357472,0.00010038151
178,0.1789846,-0.052295875,0.16369079,0.11824336,0.22068165,0.12450026,0.12847659,-0.050878633,0.11785435,0.11891344,0.19572678,0.21169826,0.09160145,-0.020002723,0.09044673,0.14174336,0.1034549,0.15845478,0.07550405,-0.04228058,0.07050027,0.18859759,0.027521864,0.08216167,0.06672857,0.018444933,0.042902876,0.191062,0.07858847,0.054230183,0.034190405,0.16227435,-0.013459211,0.13892926,0.03344265,3.666987e-05
179,0.17897935,-0.05246155,0.16377181,0.11835348,0.2213319,0.12450467,0.1285364,-0.050715264,0.117976114,0.11902239,0.19649552,0.21153678,0.09179885,-0.020134134,0.09065971,0.14210558,0.10338225,0.15765668,0.075811334,-0.04218316,0.0708695,0.18899266,0.027254855,0.082396165,0.06711841,0.018665276,0.043290514,0.19135468,0.07876918,0.056267343,0.03455184,0.16231221,-0.013063908,0.13924289,0.033548534,-1.42346735e-05
180,0.17904313,-0.052345946,0.16383533,0.11827908,0.22127226,0.12410758,0.1285608,-0.050757956,0.11797956,0.118999146,0.1964206,0.2110123,0.09176687,-0.020203635,0.09062144,0.14205205,0.103185326,0.15781353,0.07566702,-0.042002115,0.07070846,0.18884514,0.027257685,0.0832476,0.0669319,0.018622085,0.04310745,0.19126858,0.07886461,0.05669531,0.034345254,0.16212659,-0.013303696,0.13903712,0.033488903,-2.9413586e-05
181,0.17930111,-0.052240685,0.16407982,0.118234254,0.22138666,0.12406825,0.12873402,-0.050776232,0.11812062,0.118986905,0.19663619,0.21123129,0.09184878,-0.020261705,0.09068851,0.14203912,0.10315603,0.15833223,0.0756786,-0.042018436,0.070691675,0.1888708,0.027089957,0.08374123,0.066925675,0.01851757,0.04310997,0.19133712,0.07867674,0.056491554,0.034350738,0.16216496,-0.013302671,0.13887887,0.03356404,-7.2920884e-05
182,0.17945968,-0.052152988,0.16422912,0.11802833,0.22101128,0.12387558,0.12874746,-0.050864667,0.118118756,0.11884829,0.19628765,0.21103163,0.0918231,-0.02056017,0.0906641,0.14199816,0.102466516,0.15783049,0.07572315,-0.04229307,0.07076998,0.18889418,0.026144395,0.08309131,0.06708475,0.018542001,0.043257035,0.19125374,0.07790754,0.05598131,0.03450617,0.16255836,-0.0132120885,0.13871276,0.033495255,-3.6399302e-05
183,0.17952125,-0.052301865,0.16435665,0.118106216,0.22186889,0.12361904,0.12887701,-0.05076469,0.11830131,0.118971266,0.1973253,0.21080655,0.09199302,-0.020196253,0.09084885,0.14212255,0.10344579,0.1580256,0.075793296,-0.04178541,0.070845775,0.18895513,0.02724605,0.08428851,0.06703786,0.018885283,0.04321461,0.1913675,0.079180665,0.058030065,0.03438159,0.1627453,-0.0132849645,0.13891716,0.034467537,1.4717524e-05
184,0.17958571,-0.052072477,0.16437708,0.1179441,0.22155899,0.12403355,0.12880062,-0.050764184,0.118168585,0.11884772,0.19707721,0.21139134,0.09185865,-0.02057798,0.09068141,0.14209999,0.102735244,0.15790533,0.0757587,-0.042372484,0.07079924,0.18911844,0.026050536,0.08342937,0.06713327,0.018555826,0.043306533,0.19144136,0.07794145,0.056410998,0.034541346,0.16258505,-0.013163876,0.13868569,0.033775244,9.653462e-05
185,0.17986332,-0.05171835,0.1646309,0.11807846,0.22276197,0.12488193,0.12907924,-0.050554547,0.11838924,0.11915151,0.19822307,0.2121396,0.09212689,-0.020281278,0.090928115,0.14230254,0.10387182,0.1589686,0.075916454,-0.04236149,0.07089066,0.18936618,0.027026482,0.084881164,0.067147866,0.01834478,0.043342173,0.19176838,0.07870037,0.05804308,0.034567274,0.16220555,-0.013089185,0.13879569,0.03379197,7.094608e-05
186,0.17937711,-0.051766645,0.1641755,0.1177399,0.22222811,0.12470674,0.12849928,-0.05066411,0.117840424,0.118901916,0.19767335,0.21135509,0.09164225,-0.020691305,0.09044746,0.14224009,0.10289878,0.15760823,0.07558629,-0.042489093,0.07064026,0.18928058,0.026049726,0.08393683,0.06699729,0.018566905,0.043160133,0.19153167,0.078135006,0.057639215,0.034378283,0.16227768,-0.013337493,0.13873771,0.033786085,-0.00012070279
187,0.17967588,-0.051741574,0.16446225,0.117662035,0.2223628,0.12454497,0.12868069,-0.050730117,0.11799363,0.11882455,0.19802961,0.21170038,0.09166558,-0.020666987,0.09044729,0.14217368,0.103057586,0.15860671,0.075491056,-0.042295676,0.07049515,0.18923973,0.026123347,0.08472007,0.066849954,0.01854317,0.04302526,0.19158798,0.078119636,0.056824043,0.034237638,0.16248113,-0.013495263,0.13850816,0.034067035,-0.00020435786
188,0.17952931,-0.051828198,0.16438347,0.11757179,0.22248794,0.124013916,0.12854773,-0.050695576,0.1179137,0.118795946,0.19816212,0.21074478,0.09162384,-0.020799886,0.0904283,0.14230146,0.102778405,0.15759803,0.075489044,-0.04203887,0.07056165,0.18925783,0.025976721,0.08497571,0.06690122,0.01883346,0.043062255,0.19153163,0.07839473,0.058380727,0.034218114,0.16268769,-0.013565257,0.1385512,0.03416376,-0.00024190718
189,0.17967588,-0.05160972,0.16450866,0.11754831,0.22271004,0.12396051,0.1286632,-0.050688054,0.11798648,0.118862815,0.19831397,0.21066974,0.09168988,-0.020787321,0.090480156,0.1422891,0.102885,0.15798463,0.07546935,-0.04207186,0.07051198,0.18921214,0.026058154,0.08564184,0.0668319,0.018662663,0.04300019,0.19152257,0.078426346,0.05882232,0.034145918,0.16257639,-0.013649046,0.13838895,0.034118067,-0.00022429033
190,0.17962067,-0.051586106,0.16445251,0.11740187,0.22273248,0.124193534,0.12852778,-0.05073001,0.11784407,0.11877608,0.19842961,0.21103872,0.091561995,-0.020992033,0.090338014,0.14227596,0.102564074,0.15776485,0.075420365,-0.042358983,0.070477165,0.18932489,0.025365276,0.08516836,0.06688246,0.018584445,0.043043282,0.19157085,0.077806935,0.058258392,0.034212884,0.16262478,-0.013594628,0.1382765,0.033946257,-0.00018873831
191,0.17964862,-0.051628444,0.16450693,0.11738174,0.22309107,0.1239934,0.12855488,-0.050702367,0.11788401,0.11879342,0.19894947,0.21100265,0.09157389,-0.020832973,0.09034629,0.1422675,0.10297766,0.15792781,0.07535202,-0.042169377,0.07039876,0.1893288,0.025750458,0.08574727,0.06675439,0.018715015,0.04291807,0.19161847,0.07824528,0.058888104,0.034054015,0.1626585,-0.013702461,0.13829142,0.034529045,-0.00019887532
192,0.17974655,-0.05162841,0.16461882,0.11735425,0.22313246,0.123852916,0.12862444,-0.050703816,0.117954426,0.118777715,0.19905618,0.21098197,0.09163998,-0.020956168,0.09040828,0.14231761,0.102691084,0.15774819,0.07544169,-0.04226308,0.07049871,0.18942772,0.025262082,0.085679345,0.066893846,0.018712033,0.043057706,0.19167563,0.07787935,0.059019156,0.03419507,0.16276652,-0.013556347,0.13823645,0.034504287,-0.00020090886
193,0.17973232,-0.051589817,0.16460332,0.11722356,0.22308214,0.1236311,0.12855123,-0.05079676,0.11787186,0.11871807,0.19901004,0.21074384,0.091532886,-0.020992199,0.09029653,0.14222956,0.10256663,0.15779726,0.07528867,-0.042204037,0.070341066,0.18932302,0.025156295,0.085968554,0.06674011,0.018752728,0.042899594,0.1915848,0.077823125,0.05906997,0.034023438,0.16280411,-0.013751672,0.13808617,0.03454736,-0.00022563219
194,0.17969488,-0.05161021,0.1645878,0.11719818,0.22352391,0.1238339,0.12849711,-0.050757635,0.11782595,0.118762,0.19951583,0.21105099,0.09152539,-0.02102998,0.090279676,0.14236076,0.10265618,0.15757519,0.075353585,-0.042350326,0.07041751,0.18956521,0.024919305,0.08589382,0.066858746,0.018805007,0.043014828,0.19174816,0.07768541,0.059734263,0.03414344,0.16282956,-0.013607879,0.13818555,0.034473214,-0.00021594681
195,0.17992792,-0.051508132,0.16480735,0.117148876,0.22365978,0.123673394,0.12865381,-0.050768908,0.11794944,0.118742436,0.1998011,0.2111948,0.09155683,-0.020911992,0.09028978,0.14227909,0.10293182,0.15836877,0.07524358,-0.04220117,0.07025117,0.18950234,0.02519725,0.086731546,0.06665939,0.018783122,0.042827263,0.19177659,0.077864796,0.059510045,0.03394297,0.16277704,-0.013783726,0.1380328,0.034802746,-0.00020246953
196,0.17966266,-0.051609,0.16459605,0.11697112,0.22329234,0.1233225,0.1283473,-0.050744623,0.117687,0.118576154,0.19952837,0.2105683,0.09133874,-0.02128383,0.09007877,0.14236143,0.10202501,0.15690301,0.07518627,-0.042352688,0.0702683,0.18963341,0.024139911,0.0858308,0.06677185,0.01899412,0.04291729,0.19173667,0.07722469,0.059652828,0.034030154,0.16286343,-0.013723663,0.13805366,0.034565445,-0.00024349935
197,0.17997001,-0.05153842,0.16488646,0.117032275,0.22369827,0.12337132,0.12861624,-0.050735552,0.11792012,0.11864564,0.2000711,0.21111198,0.0914977,-0.0210895,0.09021136,0.14236976,0.10245192,0.15791574,0.07523298,-0.04228139,0.07024836,0.18971767,0.024369994,0.08657175,0.06673526,0.018912395,0.042900123,0.19190294,0.07725486,0.059447598,0.03402057,0.16285512,-0.013687598,0.1379651,0.034691516,-0.00023452452
198,0.18006364,-0.05157571,0.16499244,0.11706358,0.22396308,0.12329213,0.12871125,-0.050746456,0.11801458,0.11867762,0.20041715,0.21126367,0.09157455,-0.02106284,0.09027639,0.14242744,0.10247326,0.15817812,0.0752853,-0.042226065,0.070283785,0.18981238,0.02423773,0.08695168,0.06678494,0.018904231,0.042957243,0.19201155,0.07713987,0.05966805,0.03407786,0.16284558,-0.013617242,0.13790816,0.034570362,-0.00022925624
199,0.17994389,-0.05151014,0.16488713,0.11699207,0.22404797,0.1230932,0.12860546,-0.05075469,0.11791506,0.118690416,0.20041865,0.21075948,0.091521375,-0.0210978,0.090227775,0.14243342,0.10236862,0.15773185,0.075229466,-0.042198464,0.070249446,0.1897576,0.024183866,0.08715027,0.06673906,0.018936226,0.042904314,0.19192521,0.07722951,0.060484476,0.033998862,0.1627786,-0.01372114,0.13784167,0.034473766,-0.00022601309
200,0.17979397,-0.051509257,0.16474652,0.11687588,0.2240285,0.12297558,0.12843736,-0.05079713,0.11775276,0.11862328,0.20044914,0.210612,0.091367714,-0.021136656,0.09006861,0.14235835,0.10227511,0.15750703,0.075073846,-0.042217653,0.07010191,0.18969473,0.024034034,0.08708075,0.06660282,0.018962465,0.042760942,0.19185345,0.07715254,0.060338985,0.03384458,0.1627643,-0.0138707,0.13774061,0.034647346,-0.00018625215
201,0.17976974,-0.051540393,0.16473922,0.11676614,0.22415054,0.12289976,0.12837026,-0.05081901,0.11769825,0.118560776,0.20069827,0.21063764,0.09129909,-0.021157803,0.089998096,0.1423192,0.10232845,0.15741858,0.075002,-0.042191934,0.070043616,0.18968356,0.02396336,0.08713301,0.06654829,0.019030703,0.04270148,0.19183913,0.07717264,0.060294062,0.033766318,0.16294442,-0.0139508685,0.13765743,0.03497865,-0.000136789
202,0.17998429,-0.051351562,0.16491725,0.11674157,0.22432415,0.122994356,0.12852792,-0.050855126,0.11780425,0.11859878,0.20087373,0.21095806,0.09137076,-0.021125639,0.09004851,0.14224775,0.10248184,0.15813962,0.07498054,-0.04229818,0.06997642,0.18964039,0.023976507,0.087630264,0.06647846,0.01880904,0.042642754,0.19185874,0.077030115,0.05998558,0.03371557,0.16288698,-0.013994966,0.13745502,0.035041414,-0.00012929211
203,0.17975335,-0.05145171,0.16474612,0.11679945,0.22441497,0.12241445,0.12840915,-0.05079083,0.1177279,0.11864688,0.20093717,0.2100617,0.09135888,-0.021160768,0.09004837,0.14236552,0.1022001,0.15725973,0.074984446,-0.042138156,0.070019335,0.18967019,0.023817038,0.08779555,0.0665049,0.018976793,0.042663164,0.19183318,0.07718296,0.0614334,0.033698414,0.16275269,-0.013976495,0.13754883,0.035155434,-0.00011920866
204,0.17978294,-0.051728837,0.1648113,0.116817325,0.22461265,0.12237779,0.12845159,-0.05084032,0.11780945,0.1185608,0.20147301,0.21056098,0.0913722,-0.021049868,0.09005219,0.14231658,0.10239692,0.15787981,0.0749688,-0.041922726,0.06998853,0.18969075,0.02382936,0.08792899,0.06648546,0.019116106,0.042650722,0.1919207,0.077240944,0.06053242,0.033672497,0.16304512,-0.013928392,0.13752183,0.036071528,-9.7281096e-05
205,0.17982738,-0.05164312,0.16484517,0.116771065,0.22445664,0.122811556,0.12843534,-0.05083948,0.11777402,0.11851784,0.20127879,0.21099055,0.091403805,-0.021519354,0.090070814,0.14245284,0.10144253,0.15737364,0.07519465,-0.042499285,0.07024782,0.1899746,0.022347175,0.08684345,0.06691277,0.018877262,0.043072373,0.19205216,0.07590298,0.059700202,0.03415461,0.163125,-0.01347632,0.13744181,0.03543862,-0.00011112469
206,0.18004915,-0.051340885,0.16504775,0.116887175,0.22521204,0.12281058,0.1286887,-0.05068965,0.11797797,0.11874346,0.20199445,0.21091975,0.09160006,-0.021190116,0.09025298,0.14249499,0.10247771,0.15821151,0.075181544,-0.042312108,0.0701728,0.1899261,0.023590822,0.08847693,0.066696696,0.018732298,0.042873707,0.19212133,0.07702274,0.06134995,0.033906393,0.16274452,-0.013682947,0.13744627,0.03596788,-0.00019530025
207,0.18009551,-0.05110983,0.16506617,0.11686763,0.22518152,0.12288415,0.12871593,-0.050668523,0.11796106,0.11877485,0.20185745,0.21086183,0.09162197,-0.021374283,0.09025853,0.14250591,0.10216664,0.15816681,0.075215675,-0.04263268,0.07019893,0.18993618,0.023161229,0.08843806,0.06676474,0.018456101,0.04294287,0.19208805,0.07663166,0.06132599,0.033987846,0.16253394,-0.0136160115,0.13730702,0.03580761,-0.00031591684
208,0.18004127,-0.051141735,0.16504683,0.116929956,0.2254105,0.12275004,0.12872165,-0.05058269,0.11798947,0.11883359,0.20209825,0.21057165,0.09171269,-0.021454027,0.09035318,0.14265975,0.10199062,0.15762585,0.07537283,-0.042710707,0.07039243,0.19007602,0.02285944,0.08836505,0.06698007,0.018496849,0.043155838,0.19213895,0.0765766,0.062260266,0.034183815,0.16254,-0.013401923,0.13740002,0.03594183,-0.0002770255
209,0.17999701,-0.051095538,0.16500624,0.11681908,0.22510687,0.12209676,0.1286513,-0.050591048,0.11790966,0.118676476,0.20198224,0.21007657,0.09153235,-0.02148357,0.090153955,0.14247443,0.101929314,0.15794632,0.075063586,-0.042499017,0.07005029,0.18978259,0.023066483,0.08905117,0.0666056,0.018407717,0.042780496,0.19193035,0.076841116,0.061478306,0.03376847,0.1624328,-0.013862142,0.13704088,0.03634994,-0.00018584392
210,0.17964916,-0.05142486,0.16472238,0.11667827,0.22515443,0.12190581,0.1283058,-0.050656017,0.117635705,0.11849337,0.2023114,0.21005058,0.0912486,-0.021598851,0.08987213,0.14245196,0.10174696,0.15750685,0.07487226,-0.04235784,0.06990596,0.18979833,0.022750387,0.08873644,0.06651747,0.018649265,0.04267507,0.19189945,0.0768159,0.061035056,0.033637546,0.16270842,-0.014010419,0.13698773,0.036814008,-0.00013053897
211,0.17961736,-0.05169429,0.1647254,0.116647355,0.22556554,0.12218507,0.12825237,-0.050682563,0.117620215,0.11840244,0.20311186,0.21093687,0.09117752,-0.0215121,0.08978473,0.14243612,0.102105856,0.15810333,0.0748185,-0.042256363,0.0698403,0.18993057,0.02276019,0.08877347,0.06648865,0.018768476,0.042648856,0.19207323,0.0768433,0.06010165,0.033610445,0.16296837,-0.013976788,0.13698316,0.0375446,-0.000111666166
212,0.17958507,-0.05169991,0.16471894,0.11657064,0.22548889,0.12199014,0.12820804,-0.050683353,0.117595345,0.11834998,0.20305145,0.2105211,0.09117582,-0.021651072,0.08979174,0.14245884,0.10173658,0.15764244,0.07485999,-0.042260908,0.06991796,0.18991463,0.022350341,0.08867678,0.06659317,0.018840922,0.04274506,0.19199906,0.07666421,0.060379837,0.033683576,0.16315037,-0.013932422,0.13690609,0.03766543,-0.00010154503
213,0.17957124,-0.05158454,0.16473041,0.11661665,0.22572467,0.12164993,0.12825815,-0.050566126,0.11765141,0.11844245,0.20322788,0.20983618,0.09126879,-0.021571552,0.08989208,0.14253575,0.10186213,0.1573297,0.07489147,-0.042087812,0.06995811,0.18988052,0.022641063,0.08929426,0.066570126,0.018884188,0.042723265,0.19196758,0.077091165,0.061666843,0.03361719,0.16303124,-0.0139930835,0.13690294,0.037798863,1.4626476e-06
214,0.17968425,-0.051436894,0.16482262,0.11657923,0.2255454,0.12185136,0.12831563,-0.05052414,0.11767268,0.118373156,0.20315178,0.21022087,0.091269895,-0.021806855,0.08986607,0.14251576,0.10140736,0.15757509,0.07491004,-0.042382862,0.06995094,0.18995304,0.021932378,0.08904085,0.06664422,0.018618511,0.04280349,0.19203082,0.07637224,0.060462624,0.03373114,0.16289645,-0.013863889,0.13671112,0.037738163,1.9143607e-05
215,0.17973143,-0.0513036,0.16487543,0.11666575,0.22586973,0.121800095,0.12842439,-0.050389703,0.11776434,0.118455105,0.20357586,0.21015607,0.09135139,-0.021606319,0.0899302,0.1424906,0.101895735,0.15812911,0.07484621,-0.04222534,0.06983577,0.18988433,0.022559047,0.090007536,0.066451035,0.01852209,0.042624105,0.19206035,0.07697728,0.060982503,0.03351818,0.16249721,-0.013983364,0.13668604,0.03841025,1.2751623e-05
216,0.17938127,-0.051428687,0.16459431,0.11662547,0.22595583,0.12179567,0.12815346,-0.050268862,0.11755873,0.118415155,0.20374198,0.20970005,0.091252156,-0.02175792,0.08984691,0.142612,0.101579204,0.15696086,0.0748842,-0.042270757,0.069945715,0.19000481,0.022169976,0.08954659,0.06659555,0.018703248,0.04275172,0.19205186,0.07700084,0.061923724,0.03361456,0.16242765,-0.013863911,0.13682726,0.038636904,2.9542998e-05
217,0.17944312,-0.05128867,0.164624,0.116552405,0.22576231,0.12163015,0.12817942,-0.050363623,0.11754885,0.11837228,0.2035008,0.20953278,0.091207765,-0.021747371,0.08978801,0.14245841,0.10142138,0.15742795,0.074749805,-0.04226677,0.06977665,0.18979599,0.022067819,0.08991818,0.06642976,0.018528683,0.042590585,0.19190373,0.076795235,0.06131444,0.03345443,0.16231775,-0.014068172,0.13651596,0.03843692,1.655324e-05
218,0.17948163,-0.05123171,0.1646583,0.11648005,0.2256643,0.12153949,0.12816934,-0.050382756,0.11752571,0.11831534,0.2034697,0.2095125,0.09117005,-0.021869425,0.08973793,0.14243427,0.10109274,0.15737633,0.07471077,-0.042374138,0.069736235,0.1897981,0.02159646,0.08995214,0.06643504,0.018417293,0.04259632,0.19189394,0.07636235,0.06098695,0.033472363,0.16222177,-0.014098162,0.136307,0.037997115,-8.912649e-06
219,0.18002407,-0.051258385,0.16520604,0.11654865,0.22657074,0.12161739,0.12863126,-0.05032922,0.117975414,0.118397206,0.20477931,0.21030606,0.091454156,-0.021336347,0.09000385,0.14241694,0.10240283,0.15918542,0.074726455,-0.04179198,0.0696698,0.18981427,0.02283882,0.09186811,0.066239074,0.018554142,0.04243049,0.1921507,0.077353135,0.06121325,0.03326882,0.1623913,-0.014245927,0.13625722,0.038812388,1.7473203e-05
220,0.1800729,-0.051086638,0.16530128,0.116309874,0.22639142,0.12191289,0.1285167,-0.050155133,0.11789443,0.118304014,0.20443657,0.20967783,0.09150424,-0.02201611,0.09008669,0.14286922,0.1009717,0.15690523,0.07519427,-0.042344872,0.070289806,0.190363,0.020873526,0.09027014,0.06707692,0.01881547,0.043230545,0.19225812,0.07597851,0.06240451,0.034094322,0.16294082,-0.013653335,0.13640119,0.037086423,3.1559823e-05
221,0.18009728,-0.051160604,0.16533671,0.11607482,0.22609293,0.12181861,0.12840986,-0.050279483,0.117803425,0.11806418,0.20428194,0.20959969,0.091326885,-0.022087045,0.089899294,0.14279641,0.10049224,0.15716332,0.07509228,-0.042267177,0.07018064,0.19033979,0.020263614,0.09002464,0.06707592,0.019085277,0.043213833,0.19214636,0.07550001,0.061103534,0.034075204,0.16336401,-0.013759734,0.13624686,0.03713855,0.00013024062
222,0.18002662,-0.05115067,0.16527656,0.11600679,0.22663036,0.121943936,0.12832485,-0.05018693,0.11771975,0.11800435,0.20514949,0.21001485,0.09113704,-0.021610808,0.08967603,0.14266327,0.10163871,0.15836707,0.07473495,-0.04183731,0.06973425,0.19023445,0.021516526,0.091143616,0.066539824,0.01926147,0.042684127,0.19217587,0.07658857,0.06055268,0.03350021,0.16318959,-0.014256489,0.13624653,0.038240373,0.0002788156
223,0.17974009,-0.051044974,0.16501969,0.11589216,0.22648105,0.12206671,0.12803431,-0.04999199,0.11744296,0.1178998,0.20509243,0.2097889,0.09093061,-0.021883793,0.08945745,0.14275649,0.10115171,0.15733106,0.074679464,-0.04216179,0.06971421,0.1904006,0.020845365,0.09033575,0.06660149,0.01926508,0.04272821,0.19217801,0.07617122,0.060329784,0.03354848,0.16298564,-0.0141905835,0.13630642,0.03825674,0.0003563766
224,0.180062,-0.050766088,0.1653193,0.11594668,0.22683017,0.12200601,0.1283384,-0.049886834,0.11770016,0.1180209,0.20541202,0.20971698,0.09115604,-0.021683075,0.08966791,0.14277299,0.10160186,0.15800431,0.074763216,-0.04207605,0.06974562,0.1903658,0.021328842,0.09127408,0.066562586,0.019160623,0.04270562,0.19220667,0.07654478,0.060940377,0.033500265,0.16291642,-0.014209875,0.13623466,0.038550377,0.00048094767
225,0.18009578,-0.050741278,0.16538054,0.115987994,0.22705735,0.12184292,0.1284098,-0.04981607,0.11778518,0.11810158,0.20558745,0.2093614,0.09129321,-0.021686196,0.08981263,0.14290544,0.10149651,0.15756457,0.07493724,-0.04210228,0.069944866,0.19048223,0.021126522,0.09132582,0.06676458,0.01925499,0.04290615,0.19224411,0.07651465,0.06207911,0.033680826,0.16299847,-0.014011053,0.13632078,0.03857586,0.000589444
226,0.18005458,-0.0506348,0.1653232,0.11594161,0.22731064,0.12204215,0.12836823,-0.049866848,0.117723905,0.11814846,0.20576365,0.20953111,0.0912692,-0.021618612,0.08977698,0.14285365,0.10163834,0.15780628,0.074898876,-0.0422301,0.06989001,0.1904516,0.021116782,0.091519244,0.066721484,0.019131131,0.042863145,0.19221337,0.07644065,0.062251803,0.03363844,0.16289471,-0.014057938,0.1361935,0.038443908,0.0006200961
227,0.18020496,-0.050599772,0.16543533,0.115967125,0.22766708,0.122563116,0.12849388,-0.049989548,0.117812686,0.118208095,0.20611861,0.21050125,0.09135317,-0.021507982,0.089832634,0.14280213,0.1018202,0.15884031,0.07497648,-0.042449154,0.06991479,0.19053073,0.02087824,0.091540344,0.066808596,0.018921394,0.04296344,0.19232595,0.07595942,0.061387695,0.033777773,0.1629864,-0.013886623,0.136052,0.03841532,0.0007355427
228,0.179673,-0.05073909,0.16494596,0.115972094,0.22740512,0.122106865,0.12809807,-0.05002105,0.117453,0.11815128,0.20580019,0.20964436,0.09107494,-0.021648135,0.089550205,0.14278816,0.101156026,0.15815245,0.074738264,-0.042370636,0.06970096,0.19040954,0.020416196,0.09142263,0.06663752,0.018945111,0.042782947,0.1921678,0.07578417,0.06166211,0.033586435,0.16249727,-0.014042439,0.13601981,0.038436946,0.00053526444
229,0.17976694,-0.050515804,0.16505608,0.116142325,0.22749883,0.121197976,0.12830175,-0.04981655,0.11763329,0.11830464,0.20582089,0.2084405,0.09124393,-0.021496367,0.08971635,0.14286079,0.10134288,0.15805158,0.07471216,-0.042064656,0.069643445,0.19026807,0.021063149,0.09268554,0.06644992,0.018884959,0.04260815,0.19209225,0.07652973,0.06344632,0.033351924,0.1620576,-0.014247379,0.13597745,0.03865814,0.00041628952
230,0.17970453,-0.050613675,0.1649928,0.115830444,0.22653727,0.12049542,0.1280482,-0.049911395,0.11737895,0.117918484,0.20518443,0.20819311,0.09085156,-0.021844221,0.08930311,0.14267965,0.10038827,0.15746495,0.07439595,-0.042250667,0.06935503,0.19016902,0.019911468,0.09150864,0.06628737,0.018995274,0.04242936,0.1918997,0.075485475,0.06098813,0.033201486,0.162495,-0.014482394,0.13568933,0.03870144,0.00030376177
231,0.17982292,-0.050871037,0.16517039,0.11600139,0.22763763,0.12084604,0.1282035,-0.04976808,0.11758169,0.1180581,0.20656551,0.20896606,0.091045246,-0.021595368,0.08949025,0.14300625,0.10118602,0.15796591,0.074641414,-0.042010672,0.06960358,0.1905978,0.020332817,0.09210603,0.06653765,0.0192584,0.042688426,0.19229832,0.075982325,0.06211777,0.03344455,0.16283931,-0.014220495,0.13597487,0.03894271,0.00011852699
232,0.17999841,-0.05081707,0.16531442,0.11604173,0.22799669,0.1214622,0.12832198,-0.049787223,0.11766105,0.1181025,0.20699304,0.21005502,0.09112044,-0.021652121,0.08953188,0.14310002,0.10114257,0.15865308,0.07479451,-0.04239086,0.069720894,0.19088264,0.019702634,0.0917939,0.06677477,0.01901297,0.042934347,0.19254065,0.07514207,0.061058804,0.033754416,0.16294362,-0.013929466,0.13586286,0.03837655,-5.191665e-06
233,0.17993493,-0.050618127,0.1652308,0.11597276,0.22776833,0.12124066,0.12824184,-0.04981655,0.11754804,0.11808817,0.20660146,0.20948897,0.091035075,-0.02181861,0.08943823,0.14307278,0.10067292,0.1584489,0.07470572,-0.042529512,0.069633864,0.19075722,0.01930481,0.09194258,0.06672532,0.01880032,0.042879548,0.19237778,0.074797444,0.061215445,0.033701256,0.16273117,-0.014086389,0.13559155,0.037684906,4.101945e-05
234,0.17974368,-0.050662577,0.16508713,0.11604313,0.22810781,0.12087134,0.12816362,-0.04972439,0.11750743,0.11818538,0.20690244,0.20869695,0.09105658,-0.021659253,0.0894763,0.14316583,0.10094584,0.1580081,0.074695945,-0.042267304,0.06965265,0.19070804,0.01980219,0.09257896,0.066671565,0.018963864,0.042820133,0.192307,0.075532466,0.063077874,0.03358077,0.16259015,-0.014211913,0.13568097,0.037920833,3.1102678e-05
235,0.17967181,-0.050632916,0.16500732,0.11591736,0.22801033,0.12067727,0.12805843,-0.049836274,0.11739647,0.118104436,0.20681718,0.20839472,0.09091719,-0.021601962,0.08933388,0.14299367,0.10098656,0.1583257,0.0744816,-0.042130753,0.069428995,0.19044445,0.019987285,0.09299416,0.06642828,0.018960388,0.042572543,0.19209759,0.0757533,0.06284879,0.033303477,0.16263245,-0.014529195,0.13545816,0.038303338,7.696703e-05
236,0.17973769,-0.05084979,0.16509888,0.1160054,0.22817035,0.120823756,0.12814109,-0.0498368,0.11750032,0.1180909,0.2071836,0.20907326,0.09101878,-0.02170839,0.08942071,0.14311917,0.10066899,0.15837722,0.07470729,-0.042388756,0.069662206,0.19075143,0.019151378,0.09233219,0.06678005,0.01896885,0.042927552,0.19231546,0.07498476,0.062252134,0.033695653,0.16289067,-0.014083569,0.13551907,0.038383443,0.00013726449
237,0.1798216,-0.050976828,0.16521713,0.11619514,0.22857156,0.1202895,0.1283271,-0.049730178,0.1176993,0.11818184,0.20783725,0.20897432,0.091144964,-0.021330671,0.08953327,0.14312492,0.10136443,0.15902251,0.074662276,-0.04201738,0.0695616,0.19072801,0.01996264,0.09333443,0.06657953,0.019078111,0.042743567,0.1924037,0.07576314,0.0629211,0.033467766,0.16278993,-0.014204292,0.13556147,0.0392548,0.00020609192
238,0.17961502,-0.050951302,0.16502087,0.11607649,0.22823234,0.1199658,0.12810221,-0.049678333,0.11747103,0.11801799,0.20772141,0.20869465,0.09087898,-0.02139904,0.08924448,0.14297244,0.101150095,0.15888703,0.0743575,-0.042051554,0.06924296,0.19057097,0.019791488,0.09321762,0.066276245,0.019045983,0.042434864,0.19225727,0.075685,0.061924994,0.03314553,0.16259691,-0.014481351,0.13539581,0.03992127,0.00025460208
239,0.17934106,-0.050759133,0.1647617,0.1158878,0.22767468,0.12021939,0.12778756,-0.049479485,0.11715902,0.11781925,0.20725717,0.20847335,0.09065797,-0.021998841,0.0890122,0.1430015,0.10015889,0.15761249,0.074361175,-0.04272202,0.06931227,0.19065574,0.018584318,0.09200721,0.066489026,0.018789314,0.042623565,0.19211741,0.07488124,0.06128438,0.033342224,0.16238885,-0.014328774,0.13526174,0.039927594,0.0002925901
240,0.17953621,-0.05037503,0.16494326,0.115975335,0.2280576,0.12057702,0.12801644,-0.049158312,0.11734696,0.1179233,0.20771712,0.20856464,0.090853326,-0.02186274,0.08918836,0.14302929,0.10086465,0.1582537,0.07445445,-0.042802844,0.06935317,0.19060996,0.01941069,0.0929568,0.06644711,0.018506465,0.042591825,0.19210528,0.07573344,0.06198176,0.03325834,0.16208056,-0.014371942,0.13522722,0.040832385,0.0005479462
241,0.179615,-0.050504107,0.16505845,0.1160279,0.22805132,0.120235674,0.12815632,-0.04919694,0.117524646,0.117934294,0.20768568,0.20805855,0.09104357,-0.021842564,0.08939776,0.14306992,0.100658804,0.15824291,0.07467533,-0.042658523,0.069599204,0.1905417,0.019280074,0.09317766,0.066698864,0.0186513,0.042840347,0.19198166,0.075871594,0.06278126,0.033457447,0.16248484,-0.014200297,0.13519317,0.041315336,0.0006502777
242,0.17955916,-0.050836384,0.16502276,0.11595989,0.22808886,0.12052422,0.12809227,-0.049410272,0.117502846,0.117792614,0.20792459,0.20875643,0.090988226,-0.021788418,0.08933563,0.14294913,0.100506045,0.15894775,0.074694015,-0.042603273,0.06961295,0.19051181,0.018799147,0.092789836,0.06681015,0.018777784,0.042949315,0.1919631,0.0754138,0.061212722,0.033573672,0.16303965,-0.014063524,0.13506053,0.04195026,0.0006775678
243,0.17930996,-0.05065229,0.16476706,0.11589565,0.2284328,0.12111023,0.12786783,-0.049409803,0.11726871,0.11789202,0.20796299,0.20872071,0.09091578,-0.021886475,0.08926277,0.14307475,0.1002706,0.15845731,0.07477699,-0.04293185,0.069726616,0.19065969,0.018306099,0.09238664,0.06700491,0.0186947,0.04313098,0.1919646,0.0749901,0.061966583,0.033772107,0.16292508,-0.013910458,0.13508148,0.041243892,0.0007023382
244,0.17954524,-0.050329853,0.16497171,0.11602075,0.22911383,0.121215306,0.1281515,-0.04932325,0.11749894,0.118127644,0.20849457,0.2086266,0.09114452,-0.02142538,0.08947621,0.14306659,0.101243034,0.15962711,0.07478697,-0.042656597,0.06964603,0.1905421,0.019493021,0.0939824,0.06679177,0.018596346,0.042937778,0.19197546,0.0759782,0.063323,0.033533134,0.16262716,-0.014106648,0.13503228,0.04160579,0.0007695633
245,0.17924997,-0.050293982,0.16471621,0.11580533,0.22828944,0.12090632,0.12781696,-0.049277794,0.11719949,0.11792415,0.2075966,0.20754798,0.09094548,-0.021959791,0.08929501,0.14313395,0.09977024,0.15781705,0.074839234,-0.043047167,0.069800064,0.19059995,0.017958483,0.09260622,0.06709612,0.018742928,0.043211073,0.19175364,0.07495449,0.06333185,0.033805717,0.16270423,-0.013905459,0.13499317,0.041214533,0.0008208002
246,0.179712,-0.05007237,0.16512391,0.11588006,0.22880435,0.120938376,0.12823907,-0.04930028,0.117554836,0.118015,0.20826405,0.20787653,0.09111497,-0.0211672,0.089430034,0.14288141,0.10122445,0.16042678,0.07458347,-0.04228043,0.06936908,0.19022144,0.019811269,0.0950569,0.066475384,0.018707426,0.042627215,0.19173452,0.076311305,0.0628438,0.033176903,0.16242029,-0.014497471,0.13472372,0.0419241,0.00083988806
247,0.17926115,-0.05101796,0.16484085,0.11597513,0.22916368,0.12135113,0.12792625,-0.049274303,0.11742518,0.117797,0.20923848,0.20857224,0.0910008,-0.021191541,0.08931334,0.14319877,0.10072741,0.16029926,0.07478665,-0.04183422,0.069617696,0.19074057,0.018943239,0.094394416,0.066912875,0.019494684,0.043055277,0.19209246,0.076073915,0.062313363,0.033591177,0.16282254,-0.013936373,0.13522248,0.042940784,0.0009586523
248,0.17829986,-0.051957533,0.16402264,0.11586237,0.22927245,0.122487806,0.12704141,-0.049391355,0.11670892,0.11743212,0.20980205,0.20983401,0.090383716,-0.021599928,0.08867121,0.14350186,0.099496,0.15979138,0.07471481,-0.04183144,0.06961224,0.19136973,0.017022328,0.09243595,0.06728075,0.020100666,0.043391068,0.19245781,0.07465186,0.059897114,0.034004856,0.16311055,-0.013441163,0.1356511,0.042998675,0.00095705147
249,0.17888044,-0.05152999,0.16453508,0.11605508,0.22940966,0.12209852,0.12762547,-0.04923781,0.117186844,0.117533706,0.21004231,0.20977843,0.090661824,-0.021046959,0.08888867,0.14332506,0.100417756,0.16217312,0.07456047,-0.04130996,0.069249466,0.19104034,0.018453024,0.09464967,0.06675046,0.01984708,0.042912,0.1924213,0.075732574,0.059379857,0.03348065,0.1625245,-0.0138273975,0.13544092,0.044092894,0.00088442455
250,0.17942967,-0.049990866,0.16496122,0.115679756,0.22767232,0.1202254,0.12791248,-0.04886443,0.11728344,0.11753764,0.20742843,0.20596246,0.090807125,-0.021709558,0.08904795,0.14333625,0.09876441,0.15948611,0.07461735,-0.042041346,0.069350936,0.1906291,0.017585397,0.09438077,0.066770576,0.019443378,0.042907625,0.19167125,0.07509708,0.06150438,0.033426784,0.16208482,-0.014180339,0.13496639,0.04230052,0.0009072105
