Epoch,Layer0_theta_1,Layer0_r,Layer0_theta_2,Layer0_bx,Layer0_bp,Layer0_gamma,Layer1_theta_1,Layer1_r,Layer1_theta_2,Layer1_bx,Layer1_bp,Layer1_gamma,Layer2_theta_1,Layer2_r,Layer2_theta_2,Layer2_bx,Layer2_bp,Layer2_gamma,Layer3_theta_1,Layer3_r,Layer3_theta_2,Layer3_bx,Layer3_bp,Layer3_gamma,Layer4_theta_1,Layer4_r,Layer4_theta_2,Layer4_bx,Layer4_bp,Layer4_gamma,Layer5_theta_1,Layer5_r,Layer5_theta_2,Layer5_bx,Layer5_bp,Layer5_gamma
1,0.073711336,0.02672909,0.073688224,0.07787336,0.06760687,0.06565463,0.07374023,0.03430201,0.07376662,0.07732127,0.026709905,0.046013173,0.073786244,0.047595076,0.07384588,0.076178335,0.00077668857,0.0027783685,0.07385818,0.061042503,0.07391364,0.0746842,-0.008395486,-0.008730354,0.07394987,0.069115825,0.073974244,0.07325432,-0.018239103,-0.014580631,0.07406791,0.07227822,0.07405747,0.07357863,-0.06540274,0.0019056698
2,0.12143637,-0.034250475,0.12129328,0.13396491,0.14365444,0.12882566,0.123640165,-0.017490616,0.12262424,0.13010669,0.07851529,0.107936226,0.122144885,0.024001855,0.11913608,0.12528472,0.022630315,0.046414874,0.11782853,0.06333673,0.11220858,0.12741151,-0.0054566264,0.014007968,0.11107396,0.08422257,0.1024512,0.13262987,-0.033217873,0.0026243804,0.10094011,0.09540469,0.091116525,0.13846765,-0.123196825,0.0034925586
3,0.09998884,-0.07690016,0.099876,0.15964083,0.183567,0.11583487,0.10839329,-0.054441087,0.10584515,0.15159814,0.11745288,0.11043295,0.105328344,0.009625593,0.098067164,0.14134388,0.062419098,0.07923991,0.09553316,0.051685233,0.08410411,0.15094337,0.03091997,0.044487163,0.0824677,0.06868052,0.06607255,0.16611458,-0.0057164137,0.024791472,0.063880004,0.08787535,0.045666803,0.17636453,-0.13489313,0.0035014148
4,0.10589219,-0.0833031,0.102690205,0.16937307,0.1820283,0.114980854,0.11160507,-0.05667525,0.10562508,0.15722668,0.121601686,0.15559418,0.10132296,0.01180684,0.09302213,0.14436792,0.07305471,0.13211001,0.08996021,0.023125779,0.07917318,0.16135822,0.03797058,0.07035467,0.0783341,0.03912392,0.059639,0.17777857,-0.0037657677,0.043307077,0.057381485,0.08168132,0.034747273,0.1842032,-0.14245102,0.002770503
5,0.11759513,-0.08142123,0.11199178,0.17320022,0.17241248,0.09687405,0.12118718,-0.05348578,0.112911075,0.15911876,0.11730405,0.18663356,0.10326612,0.03316243,0.09491614,0.14022323,0.08548383,0.19307853,0.08666119,0.021262836,0.0778601,0.16091183,0.06255481,0.12591074,0.075011455,0.019476669,0.05710252,0.18006249,0.022410236,0.07245243,0.05373046,0.07325972,0.030738745,0.18240316,-0.122507475,0.0022246276
6,0.117542416,-0.0807,0.11228106,0.17342064,0.16339022,0.09330906,0.12146019,-0.051937263,0.113087825,0.15932108,0.103213035,0.1730798,0.10459333,0.030845722,0.094781965,0.14240628,0.070243895,0.17338805,0.08956073,0.016595077,0.08057342,0.16368407,0.049986307,0.101991236,0.0786101,0.02128257,0.060274437,0.17949602,0.009386813,0.060010757,0.05707388,0.07962356,0.032228805,0.18264501,-0.1499233,0.0018682815
7,0.11539233,-0.08263294,0.11157191,0.1735005,0.15648937,0.082020134,0.12179708,-0.05281714,0.11437945,0.15969478,0.092276484,0.15153648,0.10714846,0.034321867,0.09604209,0.1425832,0.060753196,0.15466763,0.09090184,0.02852673,0.08163712,0.16173968,0.05075288,0.09227999,0.078390956,0.031686086,0.0601208,0.17636102,0.01221857,0.053054847,0.056383617,0.08453505,0.031391446,0.18157358,-0.16277018,0.002348795
8,0.11970753,-0.08121675,0.11588094,0.17323141,0.1458996,0.078624986,0.12646288,-0.051518727,0.11900467,0.15883403,0.08139075,0.15677598,0.11119347,0.03836931,0.10032526,0.14087908,0.054173443,0.16149612,0.0949429,0.030016009,0.08639434,0.16034244,0.04982651,0.095971905,0.08290113,0.02876938,0.06513604,0.17475745,0.011925834,0.05321698,0.06121353,0.081744224,0.03651496,0.17964531,-0.16753364,0.0025496234
9,0.12250794,-0.08043936,0.11886991,0.17241128,0.13357982,0.07077074,0.12996987,-0.050521582,0.122571275,0.15701099,0.07099725,0.16192393,0.113701515,0.043957993,0.103187665,0.13733187,0.05005766,0.17115709,0.09646475,0.033510193,0.088651046,0.15710779,0.052186433,0.10355524,0.08437038,0.026239796,0.06720992,0.17224362,0.016069848,0.053946707,0.062926225,0.07854385,0.03885037,0.1764539,-0.16469969,0.0023634508
10,0.122745894,-0.07975199,0.119887725,0.17115436,0.1246688,0.066317864,0.1313059,-0.048918206,0.124213435,0.1548067,0.06400471,0.15876979,0.115184374,0.0451487,0.10455932,0.13493586,0.045647547,0.16773498,0.097415194,0.036621206,0.08967509,0.15475588,0.051078275,0.09854623,0.08474774,0.029194605,0.0677735,0.16979401,0.01699491,0.045754746,0.06318669,0.08059541,0.039282724,0.17387418,-0.16535503,0.0019838812
11,0.123156905,-0.07805412,0.121056825,0.16965382,0.11905122,0.0671302,0.13241486,-0.046231065,0.12548576,0.15244374,0.06066599,0.15610397,0.11653024,0.042916674,0.10587599,0.13361748,0.042499486,0.16111396,0.099125795,0.035771336,0.09129683,0.15393236,0.0480135,0.08799232,0.0861353,0.0317445,0.0690911,0.16821036,0.015863752,0.036098678,0.06427335,0.08415984,0.040049333,0.17186095,-0.16778816,0.0017834732
12,0.1226769,-0.078363776,0.12137884,0.16862853,0.11466602,0.06530528,0.13292745,-0.045615654,0.12629957,0.15063493,0.05885655,0.15329367,0.11738578,0.04191892,0.10660843,0.13207056,0.041734032,0.15638784,0.09968466,0.036772624,0.09178325,0.15273327,0.04849638,0.08118501,0.08614122,0.033985466,0.06907448,0.16686338,0.018093016,0.029261574,0.06396463,0.08640382,0.03947846,0.17024529,-0.16862015,0.0012544068
13,0.12227057,-0.077580355,0.1215014,0.16750172,0.11076419,0.06292404,0.13312444,-0.044081565,0.12650518,0.14865592,0.058505815,0.15386547,0.11721221,0.040735032,0.10668761,0.1303677,0.043225244,0.15543891,0.09956565,0.03340501,0.09185498,0.15221126,0.05053901,0.07594819,0.08589405,0.03168167,0.0687921,0.1661638,0.021939114,0.026362684,0.06338035,0.08673826,0.038392186,0.1683462,-0.16680054,0.0007379761
14,0.12177406,-0.078906134,0.12170766,0.1669779,0.11034963,0.061706785,0.13345118,-0.04477391,0.12712196,0.14757293,0.060745995,0.1519322,0.11796048,0.03894353,0.10733771,0.12952438,0.045775022,0.15106566,0.1000842,0.033557046,0.09229256,0.15179828,0.05388437,0.06995463,0.08586432,0.032664195,0.068683974,0.1657718,0.02684719,0.023197649,0.06294772,0.08721145,0.03755906,0.16789038,-0.1673631,0.0006235912
15,0.12157599,-0.08011497,0.12207719,0.16642107,0.10992824,0.060377777,0.13390276,-0.045508232,0.12779248,0.14647686,0.06304924,0.15138038,0.11860363,0.03730415,0.1079718,0.12857097,0.048642468,0.14840345,0.10052911,0.03286646,0.09272375,0.15147956,0.05728513,0.06483553,0.08588918,0.03266377,0.068642706,0.16550842,0.03172801,0.020475367,0.06259883,0.087477535,0.036781322,0.1672643,-0.16709901,0.0008260015
16,0.12175902,-0.08061126,0.12278858,0.16562705,0.10749499,0.060884677,0.13468021,-0.04542396,0.12870984,0.14498325,0.06382728,0.15327466,0.11939153,0.0356199,0.10888113,0.12741578,0.050329827,0.14730175,0.101375714,0.031038512,0.09366391,0.15121129,0.058970854,0.05967743,0.0865751,0.031789675,0.06930378,0.1651315,0.03482555,0.017107438,0.063015595,0.08785071,0.03676853,0.16621023,-0.16695487,0.0009810897
17,0.12117575,-0.08132027,0.12273,0.16501983,0.10672348,0.05956675,0.13471025,-0.04554675,0.12885633,0.14377351,0.06639595,0.15438187,0.11929602,0.034351546,0.10890118,0.12634411,0.05398626,0.14667797,0.10110694,0.028963704,0.09348613,0.15115513,0.0627293,0.055629387,0.086070776,0.03016288,0.068766505,0.16515394,0.039791238,0.015419835,0.062223423,0.087565444,0.035498954,0.16540931,-0.16541791,0.0010674284
18,0.12122137,-0.08321719,0.12336879,0.16472974,0.10453757,0.057298742,0.13560316,-0.047050353,0.13008179,0.14289851,0.06650524,0.15451893,0.12048515,0.033776097,0.1100735,0.12519588,0.055443548,0.14549835,0.10197356,0.029368917,0.094394445,0.15053105,0.06511353,0.0520775,0.08662732,0.030549297,0.06931955,0.16469705,0.04319395,0.01263155,0.06253757,0.0877711,0.03555893,0.16484383,-0.16592662,0.001428142
19,0.1216018,-0.08255128,0.12408017,0.16391486,0.10321424,0.058119968,0.13624808,-0.04589491,0.13069111,0.14154682,0.06820498,0.1579352,0.120726585,0.03280669,0.110564575,0.12424497,0.057903033,0.14663322,0.10241142,0.026242193,0.09502331,0.15074877,0.066704795,0.048554007,0.0871595,0.028094836,0.06987559,0.16478013,0.045700897,0.010756995,0.06294054,0.08734579,0.035628278,0.16387697,-0.16425844,0.0011427279
20,0.12048834,-0.08334296,0.12351212,0.16327642,0.10226264,0.05769217,0.1357416,-0.046338003,0.13034849,0.14038643,0.069656394,0.15693079,0.12043177,0.030727949,0.11021959,0.12348338,0.059299357,0.14311689,0.101926126,0.02592715,0.09448097,0.15052763,0.067673184,0.043085262,0.0864127,0.028920067,0.06909505,0.16454177,0.04762292,0.0056692213,0.062049896,0.087919876,0.03444961,0.1634133,-0.16393591,0.00027269704
21,0.120529674,-0.08366457,0.12399545,0.1628821,0.10290739,0.059456684,0.13614462,-0.046530627,0.13087943,0.13962564,0.07191618,0.15733454,0.12110814,0.028130157,0.11089044,0.123396866,0.060430866,0.13983892,0.10283106,0.024901012,0.095347874,0.150886,0.067697674,0.037591334,0.087219,0.029391376,0.06985267,0.16469605,0.04854329,0.0025023916,0.06273116,0.08815583,0.034870215,0.1635236,-0.16483259,0.0005404452
22,0.11972001,-0.08376856,0.12359194,0.1621418,0.101091675,0.056810897,0.1358234,-0.04608609,0.13061316,0.13837296,0.072803915,0.15798129,0.120396465,0.028602073,0.11026468,0.121996514,0.06287395,0.14061822,0.10169618,0.024270762,0.09431401,0.15034921,0.07028999,0.03561205,0.08595475,0.028528696,0.0686562,0.16430424,0.05179853,-0.00063907355,0.061399046,0.08798095,0.03340248,0.16238585,-0.16225088,0.0010113155
23,0.11965565,-0.08464234,0.12408842,0.16198535,0.10224761,0.056388594,0.13635051,-0.046621155,0.1313661,0.13790761,0.07547018,0.15744348,0.121194504,0.027763473,0.111057945,0.12176768,0.06508612,0.13817748,0.10241219,0.024798589,0.095057555,0.15051734,0.072077245,0.031671453,0.08654284,0.029284816,0.06926599,0.16451353,0.05417104,-0.0034154304,0.061897855,0.087516844,0.03383825,0.16272438,-0.16241486,0.0007877344
24,0.119271874,-0.08590809,0.12409453,0.1617209,0.0993833,0.05413605,0.1365803,-0.047852736,0.13172902,0.13713244,0.07375764,0.1569786,0.12157956,0.026790787,0.111387156,0.120873496,0.06383106,0.13644102,0.10256708,0.025608042,0.095317565,0.14986883,0.071093835,0.028221443,0.08669094,0.030251225,0.06948671,0.16371898,0.0540059,-0.008877136,0.062056795,0.087491095,0.034006864,0.16204466,-0.16309908,0.000652291
25,0.118495874,-0.08321394,0.123350784,0.16102833,0.10098059,0.055098362,0.13558695,-0.044813868,0.13019747,0.13614284,0.07801047,0.16134949,0.11936464,0.026125403,0.1094641,0.12050014,0.067724474,0.14011993,0.100490354,0.020951143,0.09359199,0.15079553,0.072968096,0.027998248,0.08504386,0.02556956,0.067973524,0.1642972,0.056330897,-0.008878914,0.060537405,0.0853043,0.03229976,0.16092156,-0.15840648,0.0008654801
26,0.119408764,-0.086558364,0.124981195,0.1614732,0.10064037,0.0544565,0.13750257,-0.047976147,0.13268651,0.13630697,0.07779513,0.15916507,0.12252338,0.025305364,0.11244807,0.12060006,0.06671966,0.13479662,0.10356488,0.025033673,0.096733734,0.15052547,0.072658375,0.022678139,0.08795888,0.029185005,0.070961274,0.16405833,0.056882206,-0.0140813235,0.063391946,0.08468645,0.035374306,0.16209635,-0.16212405,0.0010509369
27,0.11681131,-0.086092494,0.122759,0.1607458,0.09869041,0.048266876,0.13548289,-0.04684049,0.13051192,0.13505813,0.07872075,0.15790519,0.11954728,0.027079884,0.10952849,0.118716255,0.07019437,0.13681075,0.09959284,0.024607347,0.092946336,0.14947306,0.07716615,0.02354231,0.08391889,0.027647,0.06703388,0.16316922,0.06175527,-0.016222998,0.05935453,0.08415158,0.03125273,0.16008969,-0.15705402,0.0014539118
28,0.12087192,-0.08468815,0.12692805,0.1607487,0.10245507,0.055854566,0.13932449,-0.045748312,0.13428381,0.13503471,0.082693316,0.16268505,0.12351424,0.023599127,0.11376887,0.12045462,0.07024791,0.13458763,0.10476525,0.02172052,0.09838639,0.15193084,0.073596925,0.016864792,0.08963254,0.026703695,0.072797835,0.164727,0.058908198,-0.01719076,0.06515707,0.08325794,0.037043266,0.16162711,-0.15975463,0.0017057197
29,0.1171776,-0.085322715,0.1237338,0.15949513,0.094968095,0.044870432,0.13665482,-0.045438845,0.13173898,0.13301757,0.07758103,0.15669496,0.12008551,0.027686577,0.11024481,0.1170073,0.070005655,0.1351972,0.09969378,0.025769148,0.09336866,0.14869471,0.076778114,0.018443344,0.08429723,0.028595073,0.06763794,0.16195786,0.06233592,-0.025303312,0.059879728,0.0840016,0.032009944,0.15845142,-0.15577474,0.0019378911
30,0.11954327,-0.08367383,0.12628901,0.15922819,0.1002582,0.05040848,0.13881266,-0.043570142,0.133859,0.13289322,0.08336389,0.15895967,0.12226126,0.025864827,0.11260845,0.11847834,0.07242633,0.13289279,0.102655895,0.0248047,0.09646813,0.15066679,0.07627402,0.013825501,0.0875723,0.028401397,0.070996076,0.16352853,0.062393207,-0.026223678,0.06323389,0.08256012,0.03547395,0.16005005,-0.15613332,0.002137847
31,0.11838172,-0.08407781,0.12551403,0.15865922,0.099937074,0.048637144,0.13808502,-0.043695215,0.13325602,0.1320964,0.0840629,0.15617126,0.12159493,0.025699068,0.111855395,0.11791946,0.07282392,0.12962672,0.101552464,0.026925746,0.09533575,0.1502595,0.0763311,0.010482925,0.086419165,0.030541662,0.06990927,0.16315688,0.062660694,-0.032099877,0.062197424,0.083080225,0.03450593,0.1598648,-0.15589109,0.0021268122
32,0.11930901,-0.08214551,0.12652652,0.15762326,0.10068375,0.05119137,0.13877593,-0.04156767,0.13378984,0.13089971,0.08648512,0.15947747,0.12169344,0.025113568,0.11215135,0.117671244,0.07400829,0.13038763,0.1019223,0.025294911,0.09587724,0.15093684,0.07513995,0.007188935,0.087069556,0.029733822,0.07068599,0.16343594,0.062138885,-0.036193166,0.06302773,0.08338641,0.035384167,0.1592781,-0.15392146,0.002388223
33,0.11707499,-0.08427578,0.124737665,0.15711428,0.09666634,0.04519797,0.13733694,-0.04323013,0.13259915,0.1298486,0.08411682,0.1562571,0.12025388,0.026314013,0.110562734,0.11576847,0.07421747,0.12925042,0.09961976,0.027895097,0.09354156,0.14922608,0.077080615,0.0057922853,0.084578805,0.031403128,0.06823863,0.16205318,0.06416706,-0.042029507,0.06056463,0.08389468,0.032841608,0.1581561,-0.15429416,0.0030605735
34,0.11975887,-0.082069196,0.12746829,0.15716197,0.10145081,0.049981557,0.13973202,-0.041020416,0.13481279,0.13004595,0.08934972,0.16072673,0.12224483,0.025224764,0.11286671,0.11720723,0.07690027,0.13061379,0.102376394,0.02488291,0.096572034,0.15155734,0.076597884,0.0039225738,0.08777137,0.029007975,0.07155012,0.16388366,0.06366233,-0.039341517,0.06390821,0.08252447,0.0362693,0.15934853,-0.15407369,0.0032248108
35,0.11967302,-0.08373165,0.12789309,0.15694639,0.099960394,0.045961812,0.14039087,-0.042188864,0.13578647,0.12947573,0.08896805,0.1584121,0.12303259,0.02669926,0.11359614,0.116176814,0.07777011,0.12892896,0.10255304,0.027906932,0.09680257,0.15076448,0.07818717,0.0013786549,0.087838344,0.031059045,0.07173471,0.1633075,0.06528846,-0.044402868,0.06405781,0.08250567,0.03657943,0.15926248,-0.15480612,0.0032261952
36,0.11795855,-0.08263059,0.12626801,0.15641047,0.10060042,0.04474805,0.13867281,-0.04108468,0.13387679,0.12880526,0.09067053,0.15766038,0.12081161,0.025651444,0.11138383,0.11604037,0.0786463,0.12794943,0.10019195,0.026907433,0.09448531,0.15122078,0.07729715,-0.0009769097,0.08574774,0.030550541,0.06971575,0.16348167,0.06431609,-0.04852059,0.062232193,0.08258936,0.034690574,0.15886566,-0.1535844,0.0030672657
37,0.118963555,-0.0822052,0.12735084,0.15643983,0.10219231,0.046677258,0.13967788,-0.040632993,0.1348026,0.12880233,0.09314712,0.16045515,0.12159388,0.025037257,0.11231168,0.11659061,0.08019568,0.12883723,0.10124916,0.025248477,0.09576841,0.15255848,0.07679325,-0.0030628976,0.08714156,0.029112251,0.07122644,0.16445512,0.063748725,-0.049563132,0.06383236,0.08187583,0.03636689,0.15939225,-0.1533541,0.0029534174
38,0.11767023,-0.08427096,0.12657402,0.15613079,0.099761315,0.042571332,0.1391858,-0.04222724,0.13455637,0.1280924,0.09224766,0.15835246,0.12113593,0.02666848,0.111751065,0.115222074,0.08100223,0.12804587,0.100003935,0.028168911,0.09460779,0.15150271,0.07850362,-0.004693146,0.08586033,0.030930782,0.07005577,0.16359173,0.06527133,-0.055446196,0.06269835,0.082343005,0.035290398,0.15881553,-0.15401581,0.002725366
39,0.11902092,-0.08233409,0.1279289,0.1555116,0.10017068,0.043785196,0.1403748,-0.03994608,0.13546447,0.12737031,0.09418326,0.1624504,0.12139695,0.027969345,0.11227044,0.11493909,0.08282819,0.1316698,0.10034039,0.026342407,0.09535656,0.15229009,0.07855802,-0.0048114583,0.08664612,0.028973375,0.071078494,0.16385691,0.06548435,-0.056620743,0.06375366,0.08221624,0.036600415,0.15792878,-0.15129407,0.0028019487
40,0.119215705,-0.08538753,0.12854953,0.15568754,0.09748355,0.041357893,0.14134772,-0.042964727,0.13677087,0.12716122,0.09208717,0.16074856,0.122929245,0.028178347,0.113637045,0.11410045,0.081732646,0.12931164,0.10131576,0.02964314,0.09638786,0.15134016,0.078463875,-0.007854078,0.08753418,0.031341452,0.07204675,0.16304766,0.06530282,-0.062200084,0.064739294,0.08215865,0.03764394,0.15812762,-0.1544041,0.002886814
41,0.117504075,-0.0830109,0.12678897,0.1548343,0.099147156,0.041992925,0.13933809,-0.04062837,0.13432117,0.12626243,0.095089346,0.16123135,0.120071255,0.026766984,0.11092013,0.11405019,0.08357658,0.12961827,0.09849021,0.027361438,0.09370008,0.15191217,0.078453176,-0.008958629,0.085060775,0.029366419,0.069645666,0.1632309,0.06554093,-0.06388276,0.06248248,0.08162267,0.035226014,0.15730995,-0.1514898,0.0029082464
42,0.11905289,-0.08301332,0.1285081,0.15459424,0.09967576,0.043430187,0.14102651,-0.040461425,0.13601963,0.12584893,0.09671702,0.16330473,0.12167448,0.025963502,0.11268303,0.11415233,0.08471982,0.12949985,0.10030719,0.026899364,0.09572402,0.15249173,0.078499,-0.011671806,0.08704214,0.028707486,0.07173473,0.16355713,0.06594335,-0.064934306,0.06452993,0.08065999,0.037304893,0.15766525,-0.1520178,0.0036808054
43,0.12068693,-0.081109576,0.13029027,0.15434876,0.10379556,0.04650674,0.1426042,-0.038474336,0.13744687,0.12575467,0.101360485,0.1637559,0.12295276,0.024346136,0.114192136,0.115537755,0.08677947,0.12771913,0.101937465,0.02588179,0.0975593,0.15435456,0.07767091,-0.014667115,0.089063175,0.028031446,0.07388652,0.16491501,0.06501208,-0.06415583,0.06677202,0.07967122,0.039723553,0.15876491,-0.1512146,0.0048470134
44,0.11726402,-0.0839457,0.12785982,0.15351674,0.101920865,0.035940185,0.14067407,-0.03955488,0.13586691,0.124465294,0.10157929,0.15448429,0.12054603,0.03132579,0.11148351,0.112563804,0.090781316,0.12611766,0.097017184,0.03622097,0.09267454,0.15109666,0.08525705,-0.012853792,0.083903424,0.03488601,0.068962954,0.1624457,0.0709759,-0.07389358,0.061816316,0.08183119,0.03506343,0.15721059,-0.15097983,0.005218562
45,0.12061288,-0.0784064,0.13112119,0.15212487,0.10172832,0.038918164,0.14365992,-0.0337364,0.1383132,0.12289915,0.10268692,0.15897661,0.12190511,0.030881884,0.11360283,0.11278679,0.09081078,0.13040581,0.09924213,0.031337615,0.095549114,0.15255131,0.082424104,-0.01316164,0.086971045,0.030774573,0.072273105,0.1624822,0.06855386,-0.07220804,0.065080866,0.08147239,0.038533475,0.15547241,-0.1485028,0.004966396
46,0.12132725,-0.081707105,0.13211046,0.15302035,0.10262964,0.037521567,0.14503975,-0.037899036,0.13996163,0.12375566,0.10192102,0.1533102,0.124275185,0.027258947,0.11568378,0.11380214,0.087806925,0.12357858,0.10120892,0.03528192,0.09730335,0.15267596,0.079239026,-0.018369153,0.088930495,0.034192983,0.07416526,0.16264188,0.06431192,-0.078607015,0.067167476,0.08090934,0.04033182,0.15764527,-0.1565908,0.0040196707
47,0.11809489,-0.078283906,0.12854862,0.1525993,0.103705905,0.036516324,0.14137423,-0.034510262,0.13553762,0.12326434,0.1046172,0.15517268,0.11908673,0.025948443,0.11068246,0.11389642,0.09040543,0.1282428,0.09610135,0.029681763,0.092574485,0.1539134,0.07993911,-0.01495707,0.08460424,0.028846458,0.06994616,0.1630739,0.06454541,-0.0769674,0.06313797,0.08022709,0.036102995,0.15598136,-0.15322006,0.0037524458
48,0.11859213,-0.08274813,0.12940666,0.15353668,0.102060795,0.035566866,0.1427089,-0.0396071,0.1371692,0.12394947,0.10190235,0.15232931,0.12155298,0.02327733,0.11295792,0.11426944,0.086785465,0.123632364,0.09843122,0.032929525,0.09495963,0.15364182,0.07687489,-0.019593945,0.087041855,0.030856308,0.07239492,0.162729,0.060787454,-0.08389068,0.06567972,0.07848567,0.038399562,0.15760864,-0.16166207,0.0039056796
49,0.11934888,-0.07913289,0.1299552,0.1528494,0.10338184,0.038968246,0.14307655,-0.035519466,0.13679087,0.123137444,0.10588041,0.15864007,0.12032846,0.023746472,0.112191096,0.114286415,0.091023386,0.1305779,0.09754162,0.028115816,0.094823405,0.15493542,0.079356745,-0.015948774,0.08689602,0.025441531,0.07255874,0.16314326,0.063950025,-0.07963957,0.06573748,0.07676312,0.03875939,0.15591471,-0.15590076,0.0037091374
50,0.12021965,-0.08379025,0.13130823,0.15375634,0.102792405,0.036305517,0.14494514,-0.039725922,0.13891037,0.12370097,0.10620848,0.15748368,0.12260336,0.025940636,0.1142887,0.11341983,0.09352138,0.13127075,0.09870167,0.033458468,0.09628178,0.15365443,0.08450899,-0.014561428,0.08791657,0.0277976,0.07378455,0.16222009,0.06803877,-0.08254058,0.06678912,0.07516088,0.039986193,0.15630336,-0.16008654,0.0019404531
51,0.118306644,-0.081636705,0.12934355,0.15303926,0.10327717,0.034869783,0.14287311,-0.03767781,0.13634808,0.122927316,0.10742922,0.15752916,0.119452335,0.025976054,0.11122278,0.11301846,0.094004914,0.13338055,0.095315,0.03229445,0.09318291,0.15379804,0.08404194,-0.013594956,0.085057184,0.026414631,0.071059756,0.1617899,0.06788448,-0.085527405,0.06422513,0.07582013,0.037384927,0.15472332,-0.1579774,0.000528601
52,0.11937595,-0.0832168,0.13043274,0.15339838,0.10243735,0.03408146,0.14412329,-0.039902844,0.13770752,0.12319781,0.10548406,0.156496,0.12114626,0.023780825,0.11285505,0.11348592,0.09064898,0.13041289,0.09714775,0.033443086,0.095043674,0.15408112,0.0797167,-0.018150927,0.087094545,0.027648713,0.073136896,0.16171041,0.06355002,-0.09045087,0.06643476,0.075158074,0.039532818,0.1556399,-0.16235055,-0.0005060115
53,0.11939429,-0.08142133,0.13044298,0.15275508,0.10333594,0.035207614,0.14396252,-0.038319577,0.13725871,0.12245731,0.10752601,0.15845503,0.12031559,0.022201104,0.11219378,0.113640636,0.091468796,0.13112824,0.09656395,0.031160647,0.094683714,0.15497442,0.0784646,-0.020112954,0.08692274,0.025812007,0.07306177,0.16206883,0.06288401,-0.09071763,0.06647175,0.07478485,0.039550744,0.15529063,-0.16087824,-0.0009623129
54,0.118321545,-0.08195723,0.12955976,0.15227324,0.101250514,0.031625427,0.14320041,-0.0384914,0.13651551,0.1216625,0.10689759,0.1576308,0.1190836,0.023502214,0.11097631,0.112458535,0.09247223,0.1317507,0.09480981,0.031752322,0.09307147,0.15446384,0.07923509,-0.021333056,0.08537457,0.026119715,0.0716074,0.16140208,0.063079976,-0.09467609,0.06519166,0.07548237,0.038310017,0.15442462,-0.16114895,-0.0011370514
55,0.11832508,-0.084138095,0.12981649,0.15241875,0.1013208,0.03005825,0.14359838,-0.040556263,0.13711967,0.12166923,0.10754453,0.15639421,0.11980002,0.023409575,0.11164202,0.112271875,0.093485385,0.12989986,0.09522163,0.03369069,0.09355089,0.1544863,0.07978017,-0.024414238,0.085867025,0.027225697,0.07216385,0.16148643,0.06288019,-0.09825248,0.06584492,0.07456809,0.038969293,0.15533152,-0.16384892,-0.0016142464
56,0.11933055,-0.08138858,0.1304758,0.15171288,0.10234678,0.032863714,0.14405653,-0.038064934,0.13710627,0.12097035,0.10954965,0.1600193,0.11931875,0.021700546,0.111463465,0.11276855,0.09416192,0.13225183,0.09524641,0.030307699,0.093913704,0.155748,0.07814755,-0.02484097,0.08640042,0.024498124,0.072829336,0.16199169,0.06230547,-0.09645078,0.066545755,0.07433121,0.039806217,0.15460686,-0.16056474,-0.0015757696
57,0.11947408,-0.0841058,0.13101359,0.15227805,0.10633548,0.03340873,0.1446248,-0.04095511,0.13798924,0.12171896,0.11304052,0.15671343,0.12094128,0.019662736,0.11294338,0.11397647,0.095487945,0.1261664,0.09674791,0.03373824,0.095296845,0.15649222,0.07823904,-0.030491574,0.087827586,0.026768519,0.07426317,0.16306064,0.061803266,-0.09891578,0.06803217,0.07172925,0.041172225,0.1575019,-0.16431162,-0.0016032452
58,0.118922316,-0.082753286,0.13042098,0.15103921,0.10022897,0.029363934,0.14416398,-0.03913876,0.13726024,0.11982484,0.10989785,0.16010955,0.11880844,0.022909775,0.11099821,0.11125765,0.09626123,0.13318595,0.093955,0.03148742,0.09293067,0.15533832,0.07947302,-0.02784762,0.08547193,0.02506893,0.07207622,0.1612368,0.06285637,-0.10223902,0.06607509,0.07522611,0.039347183,0.15385838,-0.16251267,-0.0019551057
59,0.120864324,-0.0828788,0.13248985,0.15071775,0.098126195,0.031050062,0.14626575,-0.039547347,0.13940944,0.119153716,0.10861614,0.16283694,0.12098409,0.020734496,0.11331703,0.11122446,0.094469085,0.13262832,0.09665637,0.030129923,0.095823206,0.15565832,0.07663003,-0.0315089,0.08835127,0.02380824,0.07502748,0.16115111,0.060999226,-0.10163684,0.06896308,0.07352356,0.042257924,0.15417565,-0.16392244,-0.0031528855
60,0.12023104,-0.08324382,0.13201651,0.15038535,0.100700594,0.031055663,0.1456873,-0.039494954,0.1387578,0.11878322,0.11309296,0.16297278,0.12013005,0.02033103,0.112513974,0.11128366,0.099111184,0.13241848,0.095652096,0.030041432,0.09496278,0.15624213,0.08038634,-0.03254613,0.087472826,0.022866286,0.07421036,0.16179694,0.064577356,-0.10009526,0.068126775,0.07179381,0.041365553,0.15492277,-0.16298883,-0.0037188574
61,0.117987595,-0.084492736,0.12998801,0.14994429,0.10000662,0.025684774,0.14383069,-0.040178303,0.13693066,0.118198015,0.113681115,0.15861155,0.11769837,0.023130931,0.1099781,0.10989696,0.10185621,0.13228615,0.091914825,0.033316787,0.09127577,0.15517615,0.08383679,-0.031911742,0.08390651,0.0254675,0.07071709,0.160779,0.06625483,-0.10502754,0.06491819,0.07420924,0.03816626,0.1538424,-0.1638753,-0.004185666
62,0.12033523,-0.08347643,0.13215646,0.14965825,0.100775674,0.027490284,0.14591677,-0.03965384,0.13887668,0.11788911,0.11458296,0.1612892,0.11949711,0.020527575,0.11200506,0.11066496,0.10121033,0.13221039,0.09435735,0.031127736,0.09391507,0.15644105,0.08120005,-0.035011373,0.08663661,0.023736114,0.07352094,0.16149402,0.064661995,-0.10297438,0.06766321,0.07290962,0.040980276,0.15447041,-0.16381225,-0.0046230783
63,0.12038886,-0.0828834,0.13227804,0.14907439,0.10152419,0.02739539,0.14592536,-0.039189626,0.13885114,0.11730218,0.11569796,0.16103153,0.11931565,0.019676957,0.11187634,0.11080839,0.10101764,0.13073698,0.09421536,0.03182114,0.09383589,0.15685967,0.079497896,-0.03842411,0.08673987,0.024368089,0.07370158,0.16164163,0.06349357,-0.10558,0.06793085,0.073032886,0.04130459,0.15470214,-0.16358675,-0.0047128084
64,0.11771388,-0.08368017,0.12985595,0.14849405,0.10152534,0.0228992,0.1435384,-0.03955777,0.13651812,0.116619855,0.11667423,0.15693438,0.11654537,0.021575443,0.108968146,0.109724835,0.102900416,0.12951598,0.09047449,0.035073396,0.09002412,0.1559779,0.081630886,-0.03985962,0.083158985,0.027034754,0.070145905,0.16082966,0.06463606,-0.111547634,0.06463168,0.075078756,0.037864577,0.15409616,-0.16453874,-0.005374183
65,0.11933911,-0.08383151,0.13158894,0.14818892,0.09856182,0.020680865,0.1455108,-0.039679177,0.13853121,0.11597485,0.11378738,0.1573977,0.11798735,0.022630036,0.11056024,0.108932704,0.100921005,0.13142706,0.09169417,0.03588079,0.091453336,0.15561824,0.079830855,-0.04068854,0.084624,0.027799947,0.07172749,0.15993546,0.062371686,-0.11519389,0.06627311,0.07690187,0.039687335,0.1530961,-0.16705701,-0.0061947466
66,0.1232817,-0.08066961,0.13539536,0.14780647,0.10186956,0.024943242,0.14918153,-0.03660258,0.14191304,0.115760975,0.11747288,0.16155031,0.12083367,0.020661563,0.11386933,0.110722594,0.10249236,0.13378315,0.095439106,0.0324173,0.095585234,0.15827732,0.07844447,-0.040860478,0.088844925,0.025147252,0.076110594,0.16174945,0.061984073,-0.108787745,0.07057253,0.07698345,0.044498492,0.15359876,-0.16436376,-0.0069642537
67,0.12132681,-0.081292816,0.13365571,0.14829333,0.109922364,0.023214977,0.14727867,-0.037091978,0.1400487,0.11684887,0.124800704,0.15507187,0.119279765,0.01914411,0.112165086,0.112763986,0.10705768,0.12774728,0.09349462,0.03542757,0.09343945,0.15997706,0.08093068,-0.04399298,0.08708268,0.02695965,0.07433481,0.16382658,0.06324362,-0.10848878,0.068960555,0.075215764,0.042816028,0.15665795,-0.16479436,-0.007356827
68,0.12106569,-0.080785796,0.13350497,0.14717601,0.10125157,0.016535195,0.14749512,-0.036012355,0.14025259,0.1148846,0.11788657,0.15567839,0.11809962,0.022557314,0.111130424,0.10983244,0.104160815,0.13277651,0.0916515,0.034952853,0.09192176,0.15829991,0.07874747,-0.04352979,0.085721694,0.027299138,0.073139615,0.16116527,0.06000792,-0.11627205,0.068030134,0.07910056,0.042121522,0.15302193,-0.16678944,-0.008292863
69,0.12279771,-0.079664975,0.135126,0.14733246,0.10583528,0.018986374,0.14893991,-0.03503279,0.14155614,0.11533625,0.12261714,0.15735558,0.1192778,0.020946866,0.11247078,0.111446954,0.107030205,0.1330038,0.09321196,0.033580866,0.09364632,0.16033499,0.07932907,-0.044155642,0.08753061,0.02599306,0.07503459,0.16296121,0.061104827,-0.111691065,0.069890045,0.078188114,0.044203382,0.15440327,-0.16509466,-0.00897693
70,0.12353817,-0.08170918,0.13626426,0.14738697,0.10763095,0.018751169,0.1500895,-0.03693006,0.14295636,0.11531692,0.12521464,0.155988,0.12083921,0.020232238,0.113991365,0.11162566,0.109289594,0.13026701,0.094524674,0.03580455,0.09493329,0.16048503,0.08129786,-0.04760662,0.08873624,0.026922336,0.07625027,0.16346,0.06270849,-0.11184391,0.07106959,0.07625754,0.04524138,0.15619682,-0.16790436,-0.008543742
71,0.120344914,-0.081904516,0.13321665,0.1464723,0.105019376,0.0133181065,0.14709261,-0.036606327,0.13985926,0.11401223,0.12470959,0.15344295,0.116882645,0.022114733,0.10997648,0.109690696,0.111189686,0.13179615,0.08961448,0.036679856,0.09008992,0.1593171,0.083465986,-0.047674958,0.084179476,0.027739126,0.07172506,0.1620034,0.06356803,-0.11713545,0.06683934,0.07854382,0.040762234,0.15437469,-0.16883987,-0.0080384575
72,0.123706564,-0.078032814,0.1362504,0.14589119,0.104598545,0.01727643,0.15004241,-0.03348651,0.1423405,0.1133173,0.124815464,0.16004646,0.11881825,0.018871676,0.11233703,0.11057512,0.109402835,0.13596624,0.09259606,0.031347245,0.093514085,0.16092683,0.079105996,-0.04740023,0.087630525,0.023355158,0.07535357,0.16257706,0.061518144,-0.11121216,0.07028906,0.077318735,0.044556502,0.15351802,-0.165556,-0.007305551
73,0.12325961,-0.082942545,0.13609296,0.146704,0.10374718,0.013140779,0.1502542,-0.038277503,0.14279476,0.1138352,0.12404438,0.15632774,0.11944322,0.020272365,0.112771995,0.10952171,0.110782415,0.1350723,0.09202882,0.036802914,0.092959255,0.15932828,0.08240215,-0.048094388,0.08695345,0.026539644,0.07470477,0.1613557,0.062492684,-0.11626321,0.069664575,0.076493084,0.043677963,0.15440066,-0.17241214,-0.0064322166
74,0.12175468,-0.08074917,0.13448665,0.14610393,0.10707548,0.013453926,0.14845242,-0.036047433,0.14039849,0.11341558,0.12826404,0.15601864,0.11666594,0.01984791,0.11015171,0.10989239,0.11381632,0.13672844,0.08904528,0.036559377,0.09035098,0.15994203,0.083990805,-0.047061946,0.084570356,0.025121832,0.07250156,0.16140881,0.064068474,-0.1169921,0.067498654,0.07524587,0.041555922,0.15367065,-0.16990523,-0.005865933
75,0.12260613,-0.08203993,0.1354411,0.14626056,0.105119444,0.0131467525,0.14964981,-0.037572242,0.14154866,0.113255024,0.12672704,0.15645076,0.11773365,0.019505294,0.11129507,0.10936495,0.11308171,0.13796617,0.08982001,0.037262082,0.09134331,0.15951712,0.083320744,-0.047578327,0.085543156,0.024931647,0.073568285,0.16068386,0.062521726,-0.11979189,0.06860778,0.07447934,0.04268289,0.15339467,-0.17276801,-0.0056219967
76,0.12257353,-0.080781154,0.13542673,0.14553341,0.10371972,0.012282283,0.14963147,-0.03626951,0.1413054,0.11226759,0.1267123,0.15797824,0.11689179,0.019382697,0.11061079,0.10872666,0.11347321,0.14020991,0.088961415,0.035941202,0.09076379,0.15959544,0.082796186,-0.04820634,0.08506958,0.02347763,0.07321487,0.16020612,0.06245497,-0.1210715,0.06828949,0.07430046,0.04246372,0.1522875,-0.17169583,-0.004692843
77,0.12450482,-0.08311841,0.13746127,0.14621137,0.10491724,0.014225162,0.1517869,-0.03954751,0.14369427,0.11295729,0.12669216,0.15701821,0.12009785,0.015062087,0.11380627,0.11020063,0.11094148,0.13535596,0.09264684,0.037477978,0.094339475,0.16044258,0.079172544,-0.054267205,0.08872263,0.02378008,0.07684166,0.16117823,0.05899954,-0.122178786,0.07189507,0.0709452,0.045850288,0.15510824,-0.1765854,-0.0036686978
78,0.12352013,-0.07828641,0.13575754,0.14561793,0.1062014,0.015329926,0.14988807,-0.035650022,0.14095634,0.11257148,0.12793836,0.16062577,0.116664894,0.012342,0.11053826,0.11101086,0.11039743,0.14028436,0.08987555,0.031224433,0.091900654,0.16213235,0.07654179,-0.05079042,0.08668858,0.019298984,0.07488872,0.16168699,0.057953,-0.11852948,0.070002005,0.072077915,0.044110738,0.15313141,-0.1717205,-0.0033122418
79,0.121626005,-0.08331361,0.13427843,0.14572622,0.10178014,0.009607499,0.14884692,-0.040259875,0.14028211,0.11207094,0.124665596,0.15603855,0.11600462,0.013734525,0.10977883,0.10896058,0.1104999,0.1386274,0.08809964,0.036219135,0.09013436,0.15998173,0.07839857,-0.054105084,0.084951706,0.02214149,0.07317361,0.15968125,0.056929547,-0.12726267,0.06842978,0.07117719,0.04219632,0.15319039,-0.17944697,-0.0029337457
80,0.12307467,-0.08220331,0.13561961,0.14561851,0.103040226,0.010854374,0.15017995,-0.03913208,0.1412863,0.11195633,0.1269292,0.15902558,0.116684325,0.013231431,0.11064154,0.10934087,0.11263947,0.14118631,0.08899313,0.034406215,0.091446616,0.16097982,0.07904232,-0.053394195,0.0862037,0.019819314,0.07460395,0.16018668,0.058234338,-0.12410518,0.069711216,0.06907997,0.043820444,0.15311295,-0.17733689,-0.0023524214
81,0.123956956,-0.08264799,0.13659655,0.14581193,0.105904035,0.011129309,0.15110858,-0.039401453,0.1421797,0.11229006,0.13005368,0.15988271,0.11749251,0.013832746,0.11152479,0.10990761,0.11522517,0.14194003,0.08974573,0.03547112,0.09241831,0.16182254,0.080652475,-0.05368126,0.08711067,0.019785948,0.07562725,0.16094857,0.059602182,-0.123402126,0.070645116,0.067752406,0.04493567,0.15405013,-0.17757289,-0.0020890168
82,0.12441216,-0.08072215,0.13694467,0.1448469,0.103344776,0.009665413,0.15148935,-0.03745755,0.14224301,0.111083575,0.12849751,0.16260228,0.11661803,0.015400172,0.11084155,0.10869985,0.114713594,0.14694892,0.08872513,0.034213737,0.09178115,0.16151758,0.079884835,-0.05182316,0.08653108,0.01884856,0.07519268,0.15984742,0.0591406,-0.12526083,0.07027795,0.069799885,0.044812284,0.15162924,-0.17666824,-0.0023211467
83,0.12142985,-0.0823703,0.134159,0.14472832,0.104941785,0.0056052883,0.14866737,-0.038820583,0.1394991,0.111054696,0.13012402,0.15676406,0.11395693,0.016026517,0.10801626,0.10843026,0.11641013,0.14334399,0.08516506,0.038652435,0.08811083,0.1608128,0.08173232,-0.05461348,0.083171055,0.021947665,0.07183953,0.15929636,0.059478585,-0.13011613,0.06708454,0.06976445,0.041424867,0.15226404,-0.179113,-0.0030677835
84,0.12405707,-0.079174206,0.13638473,0.14427364,0.104320325,0.008210089,0.15090767,-0.03658558,0.14134297,0.11065396,0.1284892,0.16025577,0.115462676,0.013527882,0.10972883,0.10932206,0.11250381,0.14540365,0.08738864,0.035406914,0.09056901,0.16202532,0.07622304,-0.05509587,0.08579397,0.020170096,0.074549384,0.15955502,0.05592345,-0.12839578,0.06982373,0.07155165,0.044365708,0.15139866,-0.17737392,-0.0033550656
85,0.12393876,-0.081267975,0.13652648,0.14460525,0.10600758,0.0069670854,0.15109709,-0.038707424,0.1417741,0.11104635,0.12968294,0.1573914,0.11627108,0.012627808,0.11048914,0.10986679,0.11292344,0.14172736,0.08804675,0.03824137,0.091121495,0.1622181,0.07613427,-0.05891984,0.08642759,0.021607941,0.07517713,0.16002804,0.05491598,-0.12958513,0.07043354,0.069456585,0.04484177,0.15344349,-0.1806775,-0.002651709
86,0.12333894,-0.080428496,0.13554685,0.14452538,0.10629089,0.006933507,0.1501073,-0.038325682,0.14045024,0.11097454,0.13046958,0.15864684,0.11465554,0.011239152,0.10889993,0.10989907,0.11393585,0.14405218,0.08641662,0.03581785,0.089613885,0.16269335,0.07652702,-0.057242736,0.08507623,0.019985901,0.07383076,0.16010271,0.055402648,-0.12728417,0.06914501,0.070112824,0.04348551,0.15281954,-0.179784,-0.0022393363
87,0.12417844,-0.081828736,0.13648854,0.14467494,0.10515635,0.0055690003,0.15118957,-0.039802898,0.1416711,0.11097766,0.12943149,0.15900959,0.1157129,0.011991806,0.10999156,0.10940509,0.11377064,0.1450522,0.08721237,0.036850907,0.09050102,0.16257615,0.07619266,-0.05830767,0.08596096,0.020729596,0.07476047,0.15984158,0.05398804,-0.12953575,0.07016279,0.07055961,0.044526033,0.1530182,-0.18291053,-0.001408879
88,0.12393734,-0.08349288,0.13646959,0.14468873,0.106965095,0.004829287,0.15115178,-0.041219138,0.1417378,0.11105256,0.13185057,0.15783978,0.115802065,0.0126639865,0.110071436,0.10938901,0.1164884,0.14423598,0.08686656,0.039076153,0.09022878,0.16273922,0.078683116,-0.0599157,0.085695714,0.022074707,0.074534975,0.16009633,0.055294923,-0.13072194,0.07000593,0.07045685,0.044313468,0.15401252,-0.18532284,-0.0025602072
89,0.12721369,-0.07757992,0.13915706,0.14353535,0.112627484,0.012261737,0.15343557,-0.035786632,0.14295688,0.11031151,0.1389801,0.1647746,0.1165553,0.008794575,0.11118812,0.11158406,0.11981925,0.14719164,0.08877583,0.03285484,0.09287986,0.16556357,0.07913832,-0.057706695,0.08816047,0.01624511,0.077249385,0.16193937,0.060620166,-0.11838415,0.072278626,0.0681899,0.04697778,0.15368855,-0.17569041,-0.0031498063
90,0.1284584,-0.083272405,0.14102827,0.14333822,0.103438854,0.004149567,0.15614417,-0.040671207,0.1461735,0.109102406,0.1302263,0.15845247,0.11921721,0.01464557,0.11395042,0.10790727,0.116195776,0.14705172,0.08914316,0.042852327,0.093528725,0.16126586,0.07914778,-0.06076909,0.08870222,0.023813482,0.07799026,0.1570981,0.055946752,-0.13338125,0.073301196,0.07105679,0.047916807,0.15149468,-0.18716273,-0.004013749
91,0.12642907,-0.079296276,0.1384499,0.14227313,0.103904836,0.0035046795,0.15350555,-0.036842383,0.14254138,0.10806095,0.13225996,0.16044721,0.114508875,0.013743752,0.10950853,0.10774436,0.11847674,0.1529803,0.08446861,0.037587307,0.08947369,0.16236462,0.080276705,-0.056573763,0.08496403,0.019626714,0.07439753,0.1566343,0.057355225,-0.13246788,0.069880664,0.07326475,0.044509865,0.14844221,-0.18386047,-0.0043688305
92,0.1243567,-0.08163681,0.13656235,0.14394808,0.112880446,0.0021502422,0.15146606,-0.03903231,0.14052647,0.11049155,0.13936114,0.15506712,0.11346933,0.011980343,0.10829046,0.11056426,0.123099074,0.14772364,0.08335576,0.04064276,0.08825154,0.16414566,0.08395649,-0.057699624,0.08392245,0.020517709,0.07332161,0.15893027,0.05988614,-0.12814903,0.06862537,0.06909159,0.04311134,0.15274313,-0.18616916,-0.004917583
93,0.12680417,-0.07965361,0.1385497,0.14369127,0.107183784,0.0029321741,0.15379378,-0.03832548,0.14245829,0.10980886,0.13278162,0.15883663,0.11502328,0.00881936,0.109991446,0.1105202,0.11549044,0.15073629,0.08557667,0.036635738,0.09079519,0.16443652,0.07569112,-0.05791468,0.086671576,0.01798461,0.07614663,0.15785092,0.05304855,-0.128293,0.07154,0.07057729,0.04608894,0.15094073,-0.18731445,-0.0058129793
94,0.12512796,-0.08143734,0.13702668,0.14381272,0.10735004,0.00015127365,0.15231921,-0.040015068,0.14110647,0.10987618,0.13293321,0.15522853,0.113830134,0.008318009,0.10872888,0.1104404,0.115852624,0.14806597,0.08397045,0.039057355,0.08911827,0.16402826,0.07614031,-0.060522158,0.08517946,0.01936938,0.0746412,0.15749127,0.052335367,-0.13055429,0.07009945,0.06967005,0.044444364,0.15185118,-0.1901212,-0.006616448
95,0.12609202,-0.08103132,0.13792844,0.14357124,0.10830643,0.0012567694,0.15317352,-0.03980622,0.14186445,0.109659605,0.1342824,0.15694807,0.114532754,0.0071925963,0.10950501,0.11091108,0.116277315,0.14839658,0.0849452,0.03888756,0.09024913,0.16467705,0.07577977,-0.061852876,0.086268425,0.018589944,0.0757885,0.1579892,0.052851483,-0.12930414,0.07111453,0.06877182,0.04551039,0.15240866,-0.18986732,-0.0069483873
96,0.12387311,-0.08097882,0.13578561,0.14295667,0.10934159,-0.00068440655,0.15088464,-0.03935177,0.1394225,0.109033264,0.13703494,0.15547398,0.111665376,0.007985844,0.106591016,0.11028562,0.120011814,0.14882219,0.08152671,0.039231326,0.08693975,0.16461347,0.07925273,-0.062073655,0.083149,0.018925795,0.07269457,0.15775098,0.05570732,-0.1301214,0.068153396,0.069896266,0.04250629,0.1518928,-0.18941154,-0.007329854
97,0.1265167,-0.08250786,0.13832878,0.14280595,0.10396027,-0.0012578024,0.15381439,-0.041120622,0.14248377,0.10834445,0.13218178,0.15727782,0.114380024,0.008414525,0.10944803,0.10919301,0.116702944,0.15068749,0.08402136,0.040026505,0.08968986,0.16407305,0.07597505,-0.06400915,0.085895054,0.01985771,0.07553883,0.1565189,0.051564742,-0.13460733,0.07120544,0.07201476,0.0455915,0.15105708,-0.19362386,-0.008676213
98,0.12896428,-0.07720345,0.14022708,0.14236641,0.111340314,0.0039046728,0.15537749,-0.035735317,0.14316216,0.1085761,0.14072734,0.16431405,0.11421218,0.007838743,0.109618984,0.11128663,0.12335907,0.15748484,0.084775254,0.033606313,0.09103655,0.16764027,0.07970863,-0.057786472,0.08709533,0.014635623,0.0769053,0.15939416,0.057677444,-0.12396031,0.07228842,0.07229361,0.04729813,0.15049824,-0.18568544,-0.010254635
99,0.12569156,-0.08386461,0.13798043,0.14344995,0.11625329,-0.0047206576,0.15323155,-0.04053016,0.14170024,0.1099298,0.14513174,0.15216297,0.113155745,0.015014168,0.10848417,0.11046168,0.13050179,0.1521881,0.08110807,0.04759535,0.087372765,0.16548406,0.08848304,-0.06093399,0.083455384,0.02317439,0.07339343,0.1581207,0.05949073,-0.13544615,0.06885754,0.06885012,0.043825347,0.1531947,-0.19496894,-0.010790505
100,0.13000679,-0.0777327,0.14156657,0.14197853,0.11164047,-0.0023028292,0.15707476,-0.035465576,0.14459616,0.10834295,0.1392495,0.15770456,0.11501767,0.0124529945,0.110909715,0.11107995,0.1222358,0.15714557,0.08427136,0.040849805,0.09125289,0.16688335,0.07840134,-0.059327148,0.087543756,0.0189104,0.07765941,0.15707998,0.052919604,-0.13198276,0.07308817,0.071676336,0.04845718,0.14964627,-0.191233,-0.0113787325
101,0.13339756,-0.077178344,0.14491437,0.14220971,0.11301736,-0.0024968367,0.16068275,-0.035498943,0.14808872,0.10876937,0.13813964,0.15428875,0.11873508,0.009665894,0.11487876,0.11290189,0.11836806,0.15256433,0.08804114,0.043040432,0.09510139,0.16746931,0.07347722,-0.06368306,0.09155899,0.020182211,0.08174757,0.15714069,0.04844721,-0.1302669,0.07707991,0.06974293,0.052482326,0.15123375,-0.19306535,-0.01177684
102,0.12747934,-0.0788967,0.1391474,0.14320622,0.120928444,-0.012619363,0.15481384,-0.03543893,0.1419398,0.11028148,0.14650877,0.14349979,0.11201575,0.014176689,0.107977286,0.11299808,0.12980975,0.15226512,0.07928417,0.047194835,0.086349204,0.16755804,0.0858352,-0.05955923,0.083180815,0.022749944,0.07335663,0.15737784,0.054882646,-0.13256037,0.06889032,0.06981996,0.04409824,0.1522269,-0.19612733,-0.010680079
103,0.12907034,-0.0753718,0.1403847,0.14285447,0.11491489,-0.013949122,0.15662612,-0.032278508,0.1430904,0.10939889,0.14087091,0.14737642,0.112223096,0.011637084,0.10837661,0.11303822,0.12478531,0.15736438,0.08040133,0.038986877,0.08798408,0.16888383,0.08033612,-0.056249358,0.085077405,0.017715013,0.07532926,0.15655518,0.050903205,-0.12856294,0.071035534,0.07263842,0.046607498,0.1492598,-0.19540529,-0.010785761
104,0.12879105,-0.0779481,0.14038885,0.14350802,0.11246096,-0.01653518,0.15696028,-0.034859136,0.14349893,0.10972018,0.13791175,0.1440627,0.11296974,0.009774827,0.109052874,0.11333268,0.12204446,0.15436001,0.08102605,0.04047672,0.088688746,0.16870795,0.077888414,-0.05929143,0.08600707,0.018533135,0.07627491,0.15579632,0.04710644,-0.13036127,0.07210938,0.07107993,0.047589168,0.15048772,-0.20079793,-0.010937972
105,0.12956241,-0.079027615,0.14129856,0.14374521,0.11347844,-0.015761355,0.15794016,-0.0360773,0.14443232,0.10986975,0.13947465,0.14387585,0.11406494,0.007739351,0.11021101,0.114015155,0.123163834,0.15330106,0.08217763,0.041003957,0.0899912,0.16925034,0.07845736,-0.061133143,0.087313525,0.017996375,0.07762089,0.1562161,0.04762545,-0.12838675,0.07336363,0.068837635,0.04880169,0.1519233,-0.20259382,-0.010558894
106,0.12640452,-0.07907487,0.13807575,0.1426253,0.11108433,-0.019715263,0.1546904,-0.03541564,0.14088786,0.108341984,0.1408043,0.14349103,0.1094973,0.009593125,0.10563581,0.11181569,0.12829182,0.15780148,0.076757394,0.039406262,0.08484977,0.16858211,0.084092826,-0.0588887,0.082323395,0.017152566,0.07266278,0.15492038,0.051295582,-0.13158882,0.068680294,0.071923494,0.044029262,0.14940962,-0.20327048,-0.010621065
107,0.12921098,-0.07996393,0.14081669,0.14295994,0.107879825,-0.01901925,0.15784444,-0.037168425,0.14413577,0.10836358,0.13673383,0.14497909,0.11282353,0.0064016595,0.109080836,0.11243882,0.12342788,0.15708886,0.080620624,0.038683772,0.08881154,0.16943336,0.077980556,-0.062741816,0.08646823,0.016647307,0.07685253,0.15515868,0.045346808,-0.13178085,0.07295462,0.07147728,0.04840087,0.15053129,-0.20661932,-0.009264918
108,0.12816519,-0.08101559,0.13974537,0.14304133,0.11026462,-0.0196886,0.15667,-0.038333863,0.14297035,0.1086146,0.13934411,0.1432759,0.1119366,0.004533886,0.10819847,0.11318319,0.1253779,0.1548169,0.07977196,0.040243354,0.08793789,0.16984348,0.07942683,-0.0650593,0.08566741,0.016716976,0.07604926,0.15582667,0.046629384,-0.1303584,0.0719766,0.068946175,0.0472552,0.15230668,-0.20769891,-0.0077028475
109,0.1299939,-0.079274245,0.14160968,0.14235023,0.10976016,-0.017616035,0.15857786,-0.036414582,0.14466187,0.107750565,0.14111282,0.14902233,0.11288546,0.0056860773,0.10926735,0.11273213,0.12789753,0.16053686,0.08099192,0.03734656,0.089589015,0.17068115,0.081695296,-0.061234847,0.08700578,0.0141051235,0.07748215,0.15629968,0.04971109,-0.12665693,0.07319848,0.06959294,0.04873214,0.15122347,-0.20605095,-0.0061444486
110,0.13237467,-0.08026085,0.144019,0.14229308,0.10630442,-0.016870683,0.16125306,-0.038124688,0.14742048,0.107271455,0.13763408,0.15021493,0.11568743,0.004101528,0.11213792,0.1125188,0.12410012,0.16022521,0.08375898,0.039283857,0.0925139,0.17017585,0.077982105,-0.06472101,0.08989738,0.015100181,0.08044402,0.15549673,0.046449978,-0.12911257,0.07611486,0.06919096,0.05160831,0.1516151,-0.20899521,-0.0057904376
111,0.12979487,-0.07987353,0.1412936,0.14216317,0.10738654,-0.01985371,0.15845375,-0.03814936,0.14433655,0.107183546,0.13815276,0.1461718,0.112664185,0.0021933168,0.109094776,0.11302083,0.12329372,0.15814349,0.08044726,0.04102866,0.0892102,0.16988508,0.07747273,-0.0664843,0.08692291,0.015586118,0.077475294,0.15492716,0.045542944,-0.13158673,0.07313233,0.06805338,0.04833244,0.15176989,-0.21019897,-0.0053793495
112,0.13108867,-0.07779967,0.14214459,0.14249538,0.111544564,-0.015895715,0.15923336,-0.03706116,0.14463153,0.10785993,0.14191867,0.14954461,0.11315944,-0.001878849,0.1095896,0.115219384,0.12401302,0.15905422,0.08172798,0.03820019,0.090718865,0.17196834,0.076812774,-0.0650041,0.08843329,0.012514356,0.079022475,0.15681288,0.0474866,-0.1243113,0.074365355,0.06595485,0.049635533,0.15302797,-0.20709659,-0.0053208335
113,0.1309584,-0.07764708,0.14204699,0.14155072,0.1059501,-0.018791538,0.15936024,-0.036856536,0.14469193,0.106378324,0.13745624,0.14956865,0.11247406,-2.1904067e-05,0.10893246,0.11326755,0.12163397,0.16236599,0.0803839,0.03941556,0.08962525,0.17045596,0.07571244,-0.06470433,0.08745725,0.014172763,0.07811161,0.15450251,0.045112655,-0.12967752,0.07362791,0.069640756,0.048917554,0.15046501,-0.21017757,-0.005160025
114,0.12836152,-0.07929586,0.13966738,0.14169824,0.111865334,-0.020827536,0.15661047,-0.03744006,0.1419721,0.106857546,0.14545284,0.14687935,0.10962064,0.0018218372,0.1060607,0.11349998,0.1310621,0.16214259,0.076819934,0.041661236,0.08612363,0.17115124,0.08449591,-0.06429051,0.08391179,0.01475935,0.0745798,0.15578526,0.05183579,-0.12903737,0.069999546,0.06809856,0.045292515,0.15211977,-0.2104156,-0.004604109
115,0.13037264,-0.080135286,0.14145815,0.14156014,0.105571605,-0.0211703,0.15882966,-0.039317567,0.14420167,0.106127545,0.13863927,0.14849243,0.11157812,0.00065660046,0.10811912,0.112636544,0.124612376,0.16445151,0.07869295,0.042301506,0.088173635,0.17052922,0.07817093,-0.06639699,0.086160466,0.015869647,0.07688229,0.15419737,0.04474285,-0.13431509,0.07256924,0.07110002,0.047769662,0.15102373,-0.2150253,-0.004492722
116,0.13158907,-0.07686468,0.14212358,0.14148927,0.11152956,-0.017731024,0.15931119,-0.036674563,0.14407676,0.10664684,0.14441553,0.15234202,0.11112739,-0.001497665,0.107715085,0.11480385,0.12737665,0.1671966,0.07883308,0.038838815,0.08855869,0.17338164,0.07874025,-0.06356801,0.08664275,0.013298964,0.07742279,0.15664612,0.047347236,-0.12775028,0.07299086,0.07240987,0.048446387,0.15131097,-0.21094123,-0.005341143
117,0.13096571,-0.07950413,0.14184736,0.1418686,0.11343416,-0.021096844,0.1589876,-0.038848523,0.14403068,0.10713867,0.14582838,0.14801522,0.111176394,0.0005982508,0.10786106,0.11479411,0.12927392,0.16506077,0.07803876,0.044210475,0.08777743,0.17307168,0.08022696,-0.06700497,0.08600298,0.0168753,0.07683672,0.15640411,0.046035074,-0.13244392,0.07256034,0.07190166,0.0479729,0.15291819,-0.21565977,-0.0054238024
118,0.13073634,-0.07990452,0.14184763,0.14135677,0.11332701,-0.021818602,0.15897855,-0.038929954,0.14389005,0.10654276,0.14644755,0.14724447,0.11081407,0.0024342225,0.1075994,0.114015765,0.13069224,0.16696899,0.07699613,0.04716871,0.08703311,0.17209603,0.082025826,-0.066609,0.08520586,0.018422067,0.0761404,0.15511021,0.04658218,-0.13477455,0.071807384,0.07179187,0.04727393,0.15227263,-0.21728794,-0.0050362446
119,0.13312888,-0.07516798,0.14405704,0.14011233,0.11469093,-0.018952683,0.1611959,-0.034332525,0.14541808,0.10537652,0.14885223,0.15143606,0.1116822,0.0010051436,0.10870952,0.11484573,0.13098414,0.169754,0.07852708,0.043920867,0.08910258,0.17315775,0.08089582,-0.06449217,0.08716048,0.015170377,0.078239836,0.1554363,0.049322624,-0.12765864,0.07350821,0.070191056,0.049386717,0.15088014,-0.21134895,-0.0043203933
120,0.13300972,-0.07815095,0.14406833,0.14096068,0.11590856,-0.021263016,0.16130966,-0.037243966,0.1456534,0.106259026,0.14914106,0.14791189,0.11219646,0.0016393345,0.10934051,0.11495184,0.13204706,0.16905054,0.0782298,0.048358537,0.08882691,0.17255457,0.081882745,-0.06584129,0.08697322,0.017905276,0.07810055,0.15482925,0.047257636,-0.13059881,0.073451355,0.06880004,0.04922451,0.15227723,-0.21631463,-0.004116924
121,0.13295849,-0.07925572,0.14406392,0.13972764,0.10759722,-0.02520342,0.16154842,-0.038541082,0.14571723,0.10425268,0.14288881,0.14896995,0.111297965,0.003721773,0.10843648,0.111687765,0.12905917,0.17342915,0.07628489,0.048669707,0.08743417,0.17051533,0.07978626,-0.06688445,0.08571764,0.018613087,0.076983035,0.15127842,0.04392739,-0.13790363,0.07271113,0.07208421,0.04836866,0.14908859,-0.22066759,-0.0048352634
122,0.13411681,-0.07512909,0.14475901,0.13991095,0.118029684,-0.020476548,0.16187465,-0.035265815,0.14522314,0.10539926,0.15218903,0.15037857,0.111340135,-0.0022079586,0.10858641,0.11587994,0.13249679,0.17080884,0.07741872,0.04653246,0.08885222,0.17322704,0.08088774,-0.06546054,0.08708851,0.014289124,0.07841354,0.1542565,0.049816873,-0.1235099,0.07339551,0.06433633,0.049094327,0.15193306,-0.21362323,-0.004949019
123,0.13491587,-0.07365006,0.14548522,0.13889341,0.114546016,-0.022071304,0.16275579,-0.033952083,0.14573716,0.104019985,0.14976522,0.15198123,0.11092861,-0.000529584,0.108300105,0.114578806,0.1308639,0.17565008,0.07647733,0.046540234,0.088502094,0.17270635,0.07955016,-0.06404104,0.08683731,0.014646232,0.07830269,0.1524834,0.04842283,-0.12676008,0.07337029,0.06712444,0.04924719,0.14919756,-0.21474609,-0.0054246164
124,0.13469727,-0.07861383,0.14557235,0.1399484,0.11676408,-0.025060108,0.1628541,-0.038328994,0.14604346,0.1050361,0.15238585,0.14779644,0.11145412,0.0027245854,0.108988166,0.113878824,0.1365468,0.17679694,0.07537973,0.053638477,0.08765335,0.17142773,0.08636452,-0.064394206,0.08578903,0.018710118,0.07733838,0.15141705,0.0502656,-0.13267887,0.072411045,0.06536934,0.04818952,0.15071,-0.22161856,-0.005425
125,0.13461159,-0.072284356,0.14472537,0.13860539,0.11819948,-0.024068575,0.16190225,-0.0330073,0.14389771,0.10402904,0.15363395,0.14970471,0.10869908,-0.0010392215,0.106338374,0.115047604,0.13461936,0.17920677,0.073150374,0.048720125,0.08594401,0.17230228,0.08362439,-0.06250556,0.08437675,0.014937873,0.07597466,0.15089627,0.05196615,-0.12768795,0.07083264,0.06571449,0.046524946,0.14839435,-0.21541893,-0.0053427587
126,0.13555798,-0.07512617,0.14575037,0.13945776,0.115430236,-0.026079468,0.16322826,-0.03670646,0.14529863,0.10460536,0.14932483,0.14754571,0.11052091,-0.0021172184,0.10829584,0.11492192,0.13068335,0.17900118,0.07452609,0.05269407,0.087523736,0.17128113,0.08053764,-0.06610735,0.08604179,0.016943537,0.0776958,0.14938623,0.04682384,-0.13367707,0.0726034,0.06369169,0.04808645,0.14943357,-0.22179191,-0.0054630074
127,0.1350909,-0.07673937,0.1451579,0.13996798,0.114621185,-0.02747196,0.16275771,-0.03859854,0.14469722,0.10497551,0.14880101,0.14753556,0.109927274,-0.002483046,0.107764244,0.114696175,0.13132724,0.18095769,0.07372972,0.05265644,0.087003216,0.17145973,0.08166948,-0.065794826,0.0855184,0.016470434,0.07720045,0.14896344,0.046716064,-0.13584839,0.07215975,0.063495144,0.047590476,0.14941649,-0.22488941,-0.006347104
128,0.13676669,-0.07400867,0.14639358,0.13969545,0.11537765,-0.025147943,0.16409835,-0.0365558,0.14543979,0.10479398,0.14956981,0.15082282,0.110390544,-0.0048499117,0.108292095,0.11570886,0.13043168,0.18353269,0.074734785,0.049515348,0.0883961,0.17269008,0.079980984,-0.06430674,0.08693544,0.013999615,0.07867051,0.14936736,0.04770301,-0.13211048,0.07346114,0.063765824,0.0490422,0.14868888,-0.22212283,-0.0069337604
129,0.13852337,-0.077348664,0.14842653,0.14043956,0.112939246,-0.025946565,0.1664338,-0.03975538,0.14814411,0.10513207,0.14711808,0.15092692,0.11309705,-0.003197635,0.11115067,0.114998445,0.13022493,0.1857323,0.077102855,0.052111663,0.09088179,0.17219503,0.080615245,-0.06420994,0.089249685,0.015847607,0.08101843,0.14866796,0.04542931,-0.13550216,0.07589725,0.06409752,0.051521614,0.1492414,-0.22782269,-0.00702987
130,0.13542989,-0.07435319,0.1448711,0.13976367,0.1182134,-0.02701786,0.1624844,-0.036908332,0.14338718,0.10506205,0.15354137,0.15000637,0.10795637,-0.0052856165,0.10590887,0.11584867,0.13572837,0.1872884,0.071711384,0.049239963,0.085770555,0.173489,0.085306145,-0.062575005,0.084414296,0.013268272,0.07617213,0.14953037,0.051385175,-0.13270691,0.07098509,0.06421229,0.046494342,0.1486613,-0.22397336,-0.0069928183
131,0.13665286,-0.07689841,0.1461841,0.14041932,0.1160087,-0.02781682,0.16406639,-0.040037535,0.14508979,0.1054209,0.15081105,0.150129,0.109645545,-0.0051847454,0.10776339,0.11530199,0.1344584,0.19048859,0.07297614,0.051213503,0.08726801,0.17324653,0.08417019,-0.06370323,0.08595422,0.014421209,0.07775802,0.14869222,0.047510635,-0.13784803,0.072779186,0.06473242,0.048220124,0.14893956,-0.22956738,-0.0065015918
132,0.13576892,-0.07302657,0.14478195,0.13892087,0.11255385,-0.028541775,0.16271779,-0.036979865,0.14295977,0.103655584,0.14897032,0.15349455,0.10644013,-0.0062643075,0.10440543,0.11415088,0.13262048,0.1961606,0.06969894,0.04644613,0.0844781,0.1734229,0.08260135,-0.061017,0.08340389,0.011652087,0.07524526,0.14750697,0.04812792,-0.13810594,0.07035861,0.06889342,0.045822028,0.14520621,-0.22663748,-0.0070237243
133,0.13574222,-0.07868675,0.1451926,0.1418995,0.119532846,-0.029537655,0.16307911,-0.04267441,0.1440406,0.107246466,0.15134768,0.14593907,0.109496,-0.0095912125,0.10780129,0.117970325,0.13241747,0.18658017,0.073115006,0.053790513,0.08741235,0.17469227,0.08124332,-0.06971304,0.08657851,0.015729733,0.07836703,0.14955147,0.043963935,-0.13883576,0.073489875,0.062400714,0.048649024,0.15238015,-0.2342914,-0.0074192
134,0.13798061,-0.071978725,0.14679444,0.13967836,0.11553696,-0.027105726,0.16489823,-0.036472812,0.14459887,0.104756154,0.15033413,0.1557063,0.10816377,-0.009051643,0.106261626,0.11662543,0.13122602,0.19694945,0.07235408,0.0439628,0.0875568,0.17638989,0.079465725,-0.062027488,0.08672292,0.009969731,0.078624815,0.14908403,0.04704564,-0.13347825,0.07378458,0.06915464,0.049451567,0.14662077,-0.22808447,-0.0068795043
135,0.13717023,-0.07531959,0.14652129,0.14038964,0.119425155,-0.03018628,0.16441946,-0.038699687,0.14430524,0.10565858,0.15413372,0.14992289,0.10821951,-0.005645627,0.106591135,0.11678686,0.13673286,0.19635691,0.070883825,0.051718887,0.08639315,0.17522956,0.085800044,-0.06341473,0.08545711,0.014334204,0.07741462,0.1479217,0.04914112,-0.13807848,0.07253883,0.06645714,0.048048954,0.14854917,-0.23365968,-0.0077108894
136,0.13675916,-0.07326628,0.14602876,0.14020734,0.12469263,-0.031054204,0.16366565,-0.036044635,0.1430147,0.105810225,0.1609629,0.14927003,0.10643131,-0.0048141726,0.10482941,0.1176931,0.14339684,0.19807692,0.068514206,0.05149026,0.08447902,0.1762544,0.09159857,-0.06063716,0.08353206,0.013308839,0.0755324,0.1488413,0.056125004,-0.13360862,0.07035523,0.06460323,0.046122357,0.14855094,-0.23001522,-0.008642356
137,0.13879043,-0.07416505,0.14779837,0.14055005,0.11501285,-0.035226747,0.16618866,-0.03883674,0.14549926,0.10536485,0.14887004,0.14881164,0.10843585,-0.006618385,0.106906004,0.1164825,0.13230911,0.2026755,0.070078745,0.05221335,0.08638874,0.17512974,0.082083985,-0.06151401,0.08591874,0.014857356,0.07797472,0.14582317,0.043872878,-0.14225852,0.073240794,0.06817592,0.04890047,0.14645508,-0.23806675,-0.008096276
138,0.14090358,-0.070500016,0.1494934,0.14082466,0.11816098,-0.034395818,0.16814606,-0.03606796,0.1469471,0.10587307,0.14946382,0.14668387,0.109914675,-0.013335024,0.1084078,0.12012879,0.12819234,0.19873156,0.07229294,0.051211845,0.08848008,0.1767823,0.077737115,-0.06271061,0.088463716,0.014793409,0.08045056,0.14690493,0.04253168,-0.13574442,0.0755551,0.06845038,0.051255696,0.14770837,-0.23628595,-0.006755791
139,0.14061497,-0.071769096,0.14937393,0.14132994,0.12246604,-0.036221765,0.16798286,-0.03667218,0.14683488,0.10652526,0.15416129,0.14267042,0.10974698,-0.014633849,0.108389914,0.121597394,0.1331427,0.19636594,0.07186455,0.0522462,0.087938175,0.17788045,0.082591295,-0.063378535,0.08799134,0.015426598,0.07991217,0.14820324,0.045401126,-0.13291763,0.07495101,0.06730286,0.050556738,0.1500497,-0.23840609,-0.004570793
140,0.14065792,-0.0733165,0.1496907,0.14073703,0.11854714,-0.04029514,0.16846544,-0.0376965,0.14749947,0.10540342,0.1520301,0.14112295,0.109623305,-0.012131132,0.10834375,0.11969475,0.13435467,0.19916423,0.07080889,0.05373678,0.087152876,0.17710164,0.08465918,-0.06416447,0.087223254,0.01708561,0.07918783,0.14683217,0.04448242,-0.1383438,0.07442597,0.06991905,0.050071675,0.14901082,-0.24268258,-0.0035728007
141,0.1430143,-0.069684796,0.15148486,0.14010456,0.12003728,-0.0362244,0.17043118,-0.035031077,0.1487819,0.10480598,0.15477718,0.14533758,0.11058222,-0.017631851,0.109188646,0.12134632,0.13440134,0.19885296,0.07273059,0.048491012,0.08925703,0.1789463,0.083572194,-0.06376106,0.08932832,0.012942204,0.08126321,0.14828247,0.048302956,-0.12982167,0.07616627,0.06888022,0.051821712,0.14890255,-0.23718855,-0.0037507545
142,0.14478777,-0.07316051,0.1535684,0.14144643,0.12008817,-0.038525805,0.17282857,-0.038449056,0.1515949,0.10596181,0.15340915,0.14074825,0.113781996,-0.019050397,0.11273295,0.12242208,0.13416304,0.19559905,0.075613424,0.052987963,0.09195219,0.17856975,0.08430649,-0.06682413,0.092000596,0.015731746,0.08390929,0.14816682,0.046000183,-0.13118465,0.078817666,0.06668517,0.054300763,0.15187289,-0.2434933,-0.0044081467
143,0.14184146,-0.07060903,0.15045968,0.13968562,0.11236796,-0.043418176,0.17028956,-0.035198748,0.14853258,0.10334839,0.14907448,0.1434837,0.108810075,-0.01718656,0.10749842,0.12011796,0.13244191,0.20434014,0.07087864,0.044071153,0.08766441,0.18063258,0.083379544,-0.059704456,0.088188276,0.011235876,0.080071956,0.14760247,0.04226128,-0.13559099,0.07552382,0.07602545,0.051395353,0.1459682,-0.24596553,-0.0048052166
144,0.13859907,-0.076842666,0.14770672,0.14167526,0.11998779,-0.05109358,0.16717346,-0.039692644,0.14601324,0.10573716,0.15508431,0.13050367,0.10699725,-0.016292175,0.106201634,0.12214442,0.14026374,0.19772513,0.06776899,0.05354687,0.08416512,0.18020657,0.09173592,-0.062480863,0.08487717,0.017097076,0.07669702,0.14790902,0.04375063,-0.1373737,0.07221051,0.07173978,0.0477138,0.15126222,-0.25418642,-0.0055451365
145,0.141719,-0.07182975,0.1502152,0.1404978,0.11912377,-0.047144324,0.17019665,-0.03542299,0.14810765,0.10442153,0.155954,0.13674222,0.10820159,-0.020068837,0.10723071,0.122975856,0.13898465,0.20045516,0.069843635,0.046203904,0.08664273,0.18198867,0.089216396,-0.058872785,0.087356515,0.011666729,0.07919505,0.14838618,0.04603173,-0.12823516,0.07439334,0.07183619,0.050127063,0.14904532,-0.24792995,-0.006265051
146,0.14462014,-0.07062534,0.1531396,0.13961872,0.117500484,-0.047289867,0.1734474,-0.034093756,0.15107176,0.103189036,0.15548763,0.13596159,0.11063473,-0.021098837,0.10986944,0.12306305,0.13866659,0.19991295,0.07177497,0.047933657,0.08890795,0.1810846,0.08920037,-0.060425114,0.089525215,0.012527452,0.08141129,0.14672314,0.04671915,-0.12720254,0.076368734,0.070277624,0.052036438,0.14862873,-0.24787274,-0.0073844986
147,0.14402592,-0.07170243,0.15256639,0.13886659,0.11674389,-0.050939832,0.17289935,-0.03454385,0.1503917,0.1021272,0.15745792,0.13318974,0.10933737,-0.019892529,0.10872143,0.12196276,0.14377049,0.20129919,0.069422565,0.050178874,0.08684442,0.17991126,0.09536015,-0.059211288,0.08726387,0.013217822,0.079169564,0.14534652,0.050631445,-0.12825349,0.07389899,0.06903094,0.04938579,0.14809415,-0.24955897,-0.007435813
148,0.1440429,-0.07412588,0.15283044,0.13859534,0.1116882,-0.056020994,0.17345992,-0.03654222,0.15124127,0.10127964,0.15358883,0.13120608,0.10955201,-0.016625449,0.10913132,0.11991942,0.14404842,0.20472063,0.06877678,0.05290396,0.08643532,0.17847444,0.09693232,-0.058599,0.08674493,0.015221657,0.078698166,0.14333434,0.048227575,-0.13362029,0.073446766,0.07037293,0.04901142,0.1470932,-0.25485724,-0.0069250586
149,0.1465977,-0.07069217,0.15517181,0.1381392,0.11287326,-0.05338245,0.1761291,-0.03334044,0.15344898,0.10086884,0.15627444,0.13617124,0.111202575,-0.018615834,0.11065282,0.1210625,0.14494745,0.20507409,0.07147115,0.047064643,0.08936676,0.18066281,0.09624353,-0.056873634,0.08960387,0.010309919,0.08154112,0.14510095,0.052013595,-0.1239544,0.07587469,0.06762926,0.0516218,0.14734027,-0.24960224,-0.006095333
150,0.14715204,-0.071273066,0.15603457,0.13810039,0.11211959,-0.05586653,0.17705841,-0.033584546,0.15452895,0.10063875,0.15565966,0.13422151,0.11203778,-0.01702384,0.111581944,0.121036924,0.14524157,0.20588417,0.07169673,0.05051899,0.08974766,0.17984162,0.09748256,-0.056909792,0.08992227,0.012551765,0.08188395,0.14391671,0.051172793,-0.12708604,0.076139666,0.06762929,0.051881697,0.14746934,-0.25275245,-0.0058474774
151,0.14624125,-0.07295744,0.15555868,0.14007969,0.11566379,-0.057279393,0.17651787,-0.03513853,0.15406238,0.10275373,0.1554671,0.12859684,0.112664334,-0.020198345,0.11241933,0.1246461,0.14129907,0.19976875,0.07281229,0.0540713,0.09080657,0.18098289,0.09328466,-0.06172054,0.091442406,0.014456145,0.08338764,0.14425687,0.04505391,-0.12939253,0.07778451,0.0641181,0.053387847,0.15142526,-0.25767568,-0.0050231
152,0.14353631,-0.07088089,0.15265803,0.13969517,0.11264202,-0.058935177,0.17390801,-0.033101212,0.15077312,0.10212929,0.15368691,0.13256407,0.1088236,-0.019915024,0.10826883,0.12455801,0.13901694,0.2056228,0.06986318,0.047370914,0.08841963,0.18357119,0.09112058,-0.055960983,0.08938308,0.00987539,0.08131651,0.1443516,0.043992296,-0.12883389,0.07589947,0.06882515,0.051841326,0.14832155,-0.25831664,-0.0044175684
153,0.14157555,-0.072535545,0.15090178,0.14003985,0.11428927,-0.061868202,0.17193736,-0.03428449,0.14857851,0.102608584,0.15593074,0.12970851,0.10682971,-0.019970983,0.10630691,0.12509066,0.14188607,0.20526299,0.067487605,0.049054384,0.086344294,0.18376356,0.09455374,-0.055827167,0.08733605,0.010000503,0.07927059,0.14371677,0.046232447,-0.1296323,0.07384187,0.06718694,0.04974476,0.14913058,-0.26149032,-0.004451403
154,0.14102621,-0.07375981,0.15042973,0.14028774,0.116258286,-0.06259572,0.17130038,-0.03503595,0.14777836,0.10287762,0.15911561,0.12889715,0.10587909,-0.018707523,0.10541827,0.12513301,0.14633143,0.20822157,0.0658008,0.050640553,0.08491997,0.18403852,0.09925244,-0.053825196,0.08580487,0.01094692,0.07775598,0.14348383,0.048897088,-0.1317467,0.07240878,0.0689906,0.04831519,0.14901073,-0.26408058,-0.0055161845
155,0.1435544,-0.07066528,0.15271536,0.13927086,0.113167964,-0.06029802,0.17404975,-0.032839358,0.15002416,0.10151838,0.15738472,0.1337901,0.10746335,-0.020886326,0.10683994,0.1251127,0.14338106,0.21057111,0.06790149,0.046740558,0.087390915,0.18486293,0.09591065,-0.05321591,0.088297635,0.008154675,0.08026759,0.14313708,0.048881914,-0.12845208,0.07475623,0.069775924,0.050722297,0.14750071,-0.2614421,-0.0074660303
156,0.14552748,-0.07236953,0.15466335,0.14056723,0.11665862,-0.058760114,0.17596847,-0.035124637,0.15200876,0.10291838,0.15976287,0.13239686,0.11010716,-0.024074433,0.10969532,0.1274403,0.14410481,0.20718032,0.0705876,0.050852414,0.090055555,0.18507782,0.09654157,-0.056167986,0.090873525,0.010253054,0.08284001,0.1434589,0.04949053,-0.12729202,0.07711638,0.06638452,0.052838076,0.15096603,-0.26371434,-0.01027837
157,0.14423165,-0.06843764,0.15312096,0.13922717,0.11602987,-0.061071288,0.17441261,-0.031584088,0.14981328,0.10163423,0.16059305,0.13257572,0.107115924,-0.025137153,0.1062925,0.12735675,0.14383438,0.20970954,0.067029186,0.048237443,0.08693051,0.18564534,0.09621316,-0.05548033,0.08809368,0.00852869,0.08007178,0.1427646,0.050391115,-0.12858248,0.0743572,0.06881191,0.049993504,0.14871664,-0.26151416,-0.01108218
158,0.14142975,-0.07042288,0.15049405,0.14046218,0.1120183,-0.069612406,0.17218672,-0.033886995,0.1475917,0.10269035,0.15469551,0.12749639,0.104571484,-0.023986302,0.10376127,0.12696296,0.14096478,0.21675289,0.063535556,0.048667762,0.08386787,0.18645456,0.09520391,-0.052036755,0.08555357,0.008390437,0.07756341,0.1417352,0.040956948,-0.141423,0.072338514,0.07234176,0.047999933,0.1477682,-0.27226248,-0.012593631
159,0.14279667,-0.071542375,0.15248123,0.14122495,0.1196305,-0.0725106,0.1740871,-0.033189237,0.14960577,0.10382697,0.16224432,0.1231866,0.106135465,-0.021057982,0.10570547,0.12928286,0.14848465,0.21735267,0.06440059,0.05406106,0.084926814,0.18859938,0.10174067,-0.05168933,0.086608,0.011156824,0.07863163,0.14355816,0.042630997,-0.14519481,0.07339594,0.07088351,0.04934897,0.15072559,-0.27765176,-0.013238996
160,0.14495468,-0.06779763,0.15453775,0.14000705,0.11692308,-0.07255004,0.17677705,-0.029410906,0.151842,0.102358595,0.16083674,0.12718074,0.10709211,-0.02010662,0.10658981,0.12887363,0.14709808,0.22372459,0.06556731,0.05003521,0.08649604,0.19024862,0.09975804,-0.048657503,0.088352606,0.008814254,0.08037371,0.14349455,0.04078198,-0.14653899,0.075190485,0.07552005,0.051378928,0.14787254,-0.27768987,-0.014276932
161,0.1453474,-0.06943963,0.15513232,0.14103456,0.12336774,-0.07147757,0.17697033,-0.030703824,0.15200768,0.103814065,0.16781792,0.12521496,0.10759342,-0.021647211,0.10720373,0.13075177,0.15393323,0.22303316,0.06559925,0.052151263,0.08657655,0.19062696,0.10681061,-0.046614513,0.088175654,0.008828675,0.080163725,0.14438263,0.047038786,-0.14222169,0.07466525,0.071171515,0.05059653,0.15075316,-0.2791035,-0.014815379
162,0.14614832,-0.0656954,0.15572138,0.13945629,0.118967466,-0.06990035,0.17795908,-0.027691888,0.1524965,0.10190472,0.16589174,0.13011849,0.10740188,-0.02406725,0.1066571,0.13011202,0.15114239,0.22323547,0.06635444,0.045328457,0.08756059,0.19112694,0.10413623,-0.045032643,0.08918572,0.0033341837,0.08113382,0.14398523,0.049618546,-0.13463934,0.07525472,0.06991174,0.051096693,0.14874466,-0.27403662,-0.014660507
163,0.1463963,-0.07015625,0.15660474,0.1412206,0.12404209,-0.07407273,0.17821173,-0.03133546,0.15315962,0.10402709,0.16898994,0.12246764,0.10874415,-0.021930186,0.108470835,0.1315189,0.1554688,0.22118704,0.066148855,0.054695167,0.08745755,0.1897518,0.109616496,-0.047636908,0.088877216,0.009118844,0.0808253,0.14297271,0.049547184,-0.14046942,0.07494672,0.065779455,0.05057302,0.15255477,-0.28187442,-0.014231539
164,0.14675002,-0.06387163,0.15653862,0.1384029,0.11438356,-0.074175365,0.17886335,-0.026383843,0.15302613,0.1004808,0.161847,0.12930004,0.10718983,-0.022618446,0.1064148,0.12911168,0.14769404,0.22814932,0.06501388,0.04688183,0.0869744,0.18988967,0.10163342,-0.045656685,0.088748686,0.0041873977,0.08069836,0.14071263,0.045514144,-0.1421451,0.07484293,0.07096176,0.050529886,0.14665097,-0.27727187,-0.014056677
165,0.1471027,-0.0692973,0.15756863,0.14054094,0.12189486,-0.07723621,0.17903271,-0.030763695,0.15369335,0.10319362,0.16727836,0.12127475,0.108898595,-0.020502135,0.10865629,0.13117647,0.1540744,0.22434966,0.0652655,0.057746608,0.08723689,0.18830702,0.109466,-0.048188936,0.08860336,0.010559196,0.08055804,0.13999091,0.048290998,-0.14567935,0.074493,0.0648562,0.049880918,0.1518873,-0.28476617,-0.014107689
166,0.14730734,-0.06440398,0.1574358,0.13803248,0.11404043,-0.07584361,0.17951986,-0.02672654,0.15351857,0.1001232,0.1625624,0.12829012,0.107611455,-0.02163977,0.106983095,0.12911074,0.14908198,0.22872116,0.06491555,0.04918326,0.08731339,0.18876788,0.10414555,-0.046104703,0.088830434,0.0045393994,0.0807524,0.13859311,0.047923695,-0.14282879,0.07455013,0.06764055,0.049972843,0.1472735,-0.27960858,-0.013654061
167,0.14750051,-0.0678715,0.15771504,0.13988325,0.118915185,-0.07761461,0.17937548,-0.03019154,0.15350387,0.102404214,0.16572133,0.12347752,0.10842789,-0.023242047,0.108125925,0.1309919,0.15222195,0.2245335,0.065266386,0.053265054,0.087531775,0.18841143,0.10776449,-0.049151342,0.08891813,0.0068676877,0.08080479,0.1385527,0.04993997,-0.14190848,0.074447624,0.06294603,0.0495968,0.15107399,-0.28329548,-0.012619713
168,0.14863484,-0.06736176,0.15861876,0.1391759,0.11601292,-0.073110856,0.18057807,-0.030724792,0.15445322,0.10138965,0.16542085,0.12974092,0.10909471,-0.025592588,0.108648,0.13018848,0.1524228,0.22824685,0.06671728,0.04878388,0.08923513,0.18924531,0.10736597,-0.04751839,0.0904482,0.0026936035,0.082310416,0.13872786,0.051752917,-0.1394522,0.07579961,0.063059844,0.05091913,0.15009177,-0.28170002,-0.011967418
169,0.14733118,-0.06714965,0.15715964,0.13877654,0.11467378,-0.077623695,0.17896734,-0.030508505,0.15275918,0.1008166,0.16449742,0.12680335,0.10690266,-0.024041709,0.10643452,0.12953043,0.15250108,0.2307918,0.06348057,0.0503224,0.0860776,0.18861847,0.10867265,-0.046013772,0.087440796,0.0051347,0.07928966,0.13731255,0.0499218,-0.14484034,0.07302379,0.068473116,0.047972776,0.14835617,-0.28517023,-0.012049509
170,0.14835157,-0.06548479,0.15849715,0.1380797,0.11459358,-0.080664635,0.18022726,-0.028515885,0.15406035,0.100113235,0.16453223,0.12430456,0.10789357,-0.023387743,0.1073678,0.13015594,0.15140513,0.22657645,0.06412835,0.052320406,0.08685485,0.18823132,0.10849815,-0.049324524,0.088264644,0.0069268416,0.08010432,0.136451,0.05104681,-0.14411701,0.073695555,0.06714781,0.04861143,0.14907105,-0.28536993,-0.012410339
171,0.14793298,-0.06588373,0.15821931,0.13872138,0.11789379,-0.08232675,0.17970683,-0.028243568,0.1535915,0.10098498,0.1671762,0.12169375,0.1075439,-0.02283486,0.10706901,0.13153936,0.1531499,0.22457969,0.06369319,0.05336842,0.08631795,0.18906865,0.11050686,-0.04955134,0.08780648,0.008212356,0.07962169,0.13718718,0.052450072,-0.14294139,0.073217414,0.06745424,0.04813403,0.15051112,-0.28702497,-0.012909641
172,0.14861111,-0.06579422,0.15910506,0.13779159,0.111351274,-0.08267002,0.18119982,-0.02849773,0.1551006,0.09928204,0.16254558,0.12513901,0.10824487,-0.022203038,0.10769895,0.12988888,0.1502548,0.22848573,0.06505634,0.049176883,0.08787089,0.189899,0.10739042,-0.048520572,0.08947425,0.0054679485,0.08128753,0.13679573,0.048621334,-0.1442469,0.07503977,0.06949761,0.050242584,0.14855745,-0.28876698,-0.014043528
173,0.15042704,-0.06680298,0.160645,0.13961692,0.11313519,-0.08024785,0.18318091,-0.03043824,0.1569687,0.10078277,0.16447897,0.12602386,0.11065959,-0.029037613,0.11002392,0.13269603,0.15038654,0.2202045,0.068957016,0.04595153,0.09143501,0.19152129,0.10694689,-0.05074151,0.09302463,0.0020003817,0.08478864,0.13844293,0.053142685,-0.13234769,0.07808165,0.062202558,0.053195715,0.15283798,-0.28591323,-0.015171637
174,0.14857303,-0.0728342,0.15942565,0.14290272,0.11651214,-0.08350807,0.18169525,-0.035716377,0.15581597,0.10382104,0.16753931,0.12259009,0.110005535,-0.02734186,0.10954044,0.13422774,0.15688606,0.22298361,0.06823363,0.048579477,0.09077933,0.19311671,0.114016205,-0.045518573,0.09231064,0.0021841472,0.08401078,0.13939749,0.05573539,-0.13287622,0.07753143,0.060968667,0.05310491,0.15549217,-0.29445654,-0.018443443
175,0.14596643,-0.06706791,0.1567553,0.14069106,0.11304629,-0.08746806,0.17898981,-0.029580269,0.15222135,0.101007625,0.16701846,0.12239271,0.10528653,-0.026704988,0.10410004,0.13352555,0.15501107,0.22540644,0.06292013,0.04496801,0.085909925,0.19319913,0.11308491,-0.04204066,0.087866776,0.0005882465,0.07953189,0.13746296,0.05772202,-0.13435757,0.07323694,0.06764357,0.048869554,0.15102367,-0.2913236,-0.020839032
176,0.14710249,-0.06507832,0.15805764,0.14092879,0.11242627,-0.08807853,0.1803181,-0.027913468,0.15333137,0.10081403,0.16542609,0.12131517,0.10636938,-0.02853866,0.10499037,0.13525878,0.1505137,0.22393648,0.06370918,0.047248624,0.08698361,0.1930343,0.10984789,-0.04363598,0.08916206,0.0029054391,0.08079992,0.13581547,0.05514432,-0.13717495,0.07454072,0.0693049,0.05000641,0.15129489,-0.29336533,-0.022899209
177,0.14915451,-0.06682348,0.16062808,0.14440674,0.12117377,-0.08484885,0.18259217,-0.029435473,0.15551458,0.104780436,0.17092769,0.12124915,0.10970569,-0.029716987,0.10850762,0.140234,0.15227453,0.22172399,0.06776164,0.0497648,0.091283835,0.19622986,0.11076658,-0.042758193,0.09347456,0.0019539068,0.085040465,0.13840051,0.0563556,-0.13402733,0.07862303,0.06234084,0.054222424,0.1568419,-0.29678175,-0.024392225
178,0.1463516,-0.063347936,0.15799423,0.14255732,0.115285985,-0.088818766,0.1799822,-0.026186045,0.15231143,0.102711946,0.16768147,0.12464618,0.10527296,-0.0251946,0.10348162,0.1373165,0.15173845,0.23572975,0.06233034,0.04554189,0.08677981,0.19646984,0.111115605,-0.03375055,0.0891698,-0.0022589173,0.08070869,0.13685375,0.054479804,-0.14197426,0.074583165,0.0694192,0.05043138,0.15064202,-0.2984408,-0.024556663
179,0.14574355,-0.06409303,0.1580741,0.14277405,0.11766629,-0.09395948,0.17936657,-0.025342261,0.15179197,0.10305494,0.16983369,0.1176696,0.104983404,-0.023929248,0.10326262,0.13876434,0.15337805,0.22994325,0.061045744,0.050522637,0.08566061,0.19495557,0.11526712,-0.035504714,0.08789854,0.0012081182,0.07941999,0.13485356,0.05855802,-0.14061461,0.073076926,0.06603296,0.048721932,0.15263535,-0.30165783,-0.024008699
180,0.14740174,-0.062810265,0.15996683,0.14282121,0.1119031,-0.09440752,0.1817629,-0.025513308,0.1540731,0.10272339,0.16237234,0.12018723,0.10684852,-0.024998743,0.10495293,0.13859007,0.14562808,0.23877871,0.06247285,0.049693555,0.087781414,0.1950556,0.10869627,-0.03298563,0.09035763,0.00060607475,0.08188378,0.13288684,0.048507225,-0.14797483,0.07583278,0.069430076,0.051469427,0.15109506,-0.30736908,-0.023656162
181,0.14818989,-0.06181394,0.16076411,0.14297295,0.114491805,-0.09551268,0.18234007,-0.024403937,0.15451051,0.102881804,0.16577733,0.11809981,0.1072427,-0.027129456,0.105202,0.13998413,0.14773764,0.23436955,0.06235263,0.051013563,0.08771256,0.19487448,0.111552164,-0.03484955,0.090196714,0.0014215275,0.08171196,0.13249484,0.054126468,-0.14461046,0.07542868,0.06714053,0.05081224,0.15259816,-0.30589446,-0.023660276
182,0.14853604,-0.06302248,0.16116275,0.14411595,0.11818917,-0.096921556,0.18241328,-0.026082106,0.1545818,0.104408726,0.16863461,0.115859896,0.10753151,-0.02856944,0.1055576,0.14149404,0.15035668,0.23602726,0.06190094,0.053572483,0.08747985,0.19553457,0.11440541,-0.034732223,0.08996188,0.002389396,0.08146334,0.13304736,0.05436127,-0.14779817,0.07522192,0.06606698,0.050463468,0.15466923,-0.3096315,-0.023814391
183,0.1486437,-0.06190321,0.16098683,0.14385532,0.11585828,-0.09430324,0.18278469,-0.02639202,0.15465577,0.10405462,0.16817696,0.12171478,0.107273735,-0.031237165,0.10498568,0.14110832,0.14986359,0.2378079,0.06282503,0.046275124,0.08849822,0.19790529,0.112455554,-0.03294987,0.091176055,-0.0040845885,0.08265211,0.1346761,0.055609427,-0.14176248,0.07628439,0.064581014,0.051580675,0.15422833,-0.3069149,-0.022988083
184,0.14911045,-0.06431025,0.16144745,0.14553218,0.11640878,-0.09450027,0.18342306,-0.029890403,0.15540057,0.1056179,0.16802278,0.12244525,0.10818547,-0.032034338,0.10600252,0.14188355,0.15088958,0.24079488,0.063988395,0.04617876,0.089758836,0.19955972,0.113268465,-0.031057963,0.09251441,-0.0053059505,0.0839702,0.13600963,0.0537777,-0.1431183,0.07766838,0.063637055,0.053069636,0.15597025,-0.311269,-0.0223706
185,0.1500912,-0.06325347,0.1625528,0.14548789,0.11828874,-0.09938506,0.18399037,-0.027414244,0.15584566,0.105420254,0.17028883,0.11400111,0.10868005,-0.033640638,0.10654192,0.14368644,0.15113692,0.22501928,0.06361934,0.05015106,0.08897085,0.19821832,0.11554245,-0.040974848,0.0916819,-0.00033135695,0.08316939,0.13473971,0.06148741,-0.13781974,0.07665489,0.06189355,0.05163946,0.15889084,-0.30872366,-0.021300057
186,0.15036264,-0.061763294,0.16282994,0.14471471,0.11257216,-0.10072353,0.18478005,-0.027111331,0.15645106,0.10419533,0.16569127,0.11704006,0.10871265,-0.033229038,0.10628343,0.14233431,0.14760366,0.22740766,0.06391317,0.046864755,0.089544766,0.19857445,0.11258003,-0.03915103,0.09235914,-0.0032428426,0.0838371,0.13392323,0.060072616,-0.13672788,0.077291206,0.0626824,0.05234736,0.1570658,-0.30870035,-0.019974317
187,0.14761044,-0.06537613,0.16024446,0.14534648,0.11160829,-0.1054578,0.18168041,-0.031608358,0.15350701,0.10514125,0.16503075,0.116295286,0.10548869,-0.028143497,0.10317961,0.13993321,0.15306786,0.24450597,0.05890322,0.050477404,0.08509748,0.19813584,0.118980646,-0.03011499,0.08769037,-0.002186017,0.07914182,0.13349131,0.055785377,-0.15242794,0.073119946,0.06958388,0.048385266,0.15429226,-0.31963843,-0.018437648
188,0.14928533,-0.05970728,0.16165315,0.14340152,0.111122705,-0.10700335,0.18343075,-0.025392894,0.1546794,0.10285708,0.16620989,0.115496196,0.105705224,-0.030464055,0.102992155,0.14077578,0.1506447,0.23836091,0.058844596,0.049221497,0.08502614,0.19797161,0.11660822,-0.034775164,0.087939546,-0.00023843657,0.07939075,0.1318608,0.059760798,-0.14722295,0.07316508,0.07100001,0.048192922,0.1536439,-0.31352136,-0.01734203
189,0.15185586,-0.061695054,0.16455136,0.14457639,0.10951211,-0.10566924,0.18684399,-0.027324365,0.1583361,0.10336319,0.16388056,0.11564837,0.10922359,-0.03208959,0.106749006,0.1420696,0.14826845,0.23812959,0.062829904,0.050527,0.08889647,0.1987895,0.11479951,-0.035376713,0.09191668,0.001543541,0.08336437,0.13155714,0.055710807,-0.14872812,0.077251725,0.07253817,0.05236014,0.1557404,-0.3190621,-0.016519528
190,0.15167038,-0.06426137,0.1645416,0.14454567,0.10722613,-0.1053001,0.18739022,-0.028923819,0.1590517,0.10279211,0.16365276,0.11736571,0.10949766,-0.031503923,0.10725668,0.14159195,0.14969169,0.23687406,0.064594075,0.047068484,0.09035587,0.20145662,0.114884265,-0.03607562,0.09356259,-0.00025653862,0.085003495,0.13341907,0.05617729,-0.14421995,0.07901692,0.073939025,0.05453174,0.15666737,-0.32098603,-0.01564993
191,0.15058127,-0.06253411,0.16302107,0.14330333,0.10857842,-0.10184851,0.18596767,-0.027197689,0.15711112,0.10161024,0.16917902,0.120819844,0.10721262,-0.035903372,0.104609296,0.14192808,0.15368493,0.23295532,0.06335454,0.04018785,0.088874176,0.20323882,0.117659844,-0.034985986,0.09214728,-0.005368704,0.083572194,0.13469404,0.065468274,-0.13276854,0.07729241,0.07256917,0.052455977,0.15648134,-0.31415662,-0.014623731
192,0.15158421,-0.06488396,0.16438127,0.1441398,0.11171747,-0.1040294,0.18692522,-0.029375536,0.15824704,0.10272117,0.17186303,0.118102774,0.10829284,-0.034027606,0.10603495,0.14249957,0.15808858,0.23550285,0.0636049,0.044491503,0.089229845,0.20306346,0.12199741,-0.034719978,0.0922976,-0.0031191194,0.083644554,0.13440451,0.06628488,-0.13671428,0.07736199,0.07083082,0.052567434,0.15819176,-0.3188518,-0.014217968
193,0.15282625,-0.0641787,0.16584894,0.14367259,0.1106017,-0.1056405,0.18833695,-0.028872985,0.15961546,0.10222859,0.17092566,0.11834175,0.1090666,-0.03146472,0.10678108,0.14187504,0.15834701,0.24107347,0.06357139,0.046262447,0.08943122,0.20228437,0.12297433,-0.031707093,0.092421554,-0.0015832586,0.08371214,0.132836,0.06470892,-0.14055789,0.07740591,0.07349174,0.05261057,0.15697986,-0.32193986,-0.014561561
194,0.15316299,-0.060174484,0.16625461,0.14237326,0.11038472,-0.10970881,0.18858041,-0.024540307,0.15956573,0.10088645,0.1713874,0.11628707,0.10820081,-0.030120628,0.10557985,0.14193383,0.15709026,0.24085371,0.06164779,0.04632813,0.087704375,0.20179892,0.12214435,-0.032808654,0.09090084,-0.00010194551,0.08216286,0.13137142,0.06429796,-0.14234939,0.075841635,0.07635116,0.050801132,0.15537757,-0.3210558,-0.014319557
195,0.15257037,-0.061068967,0.16560747,0.14262852,0.11223454,-0.109899126,0.18763556,-0.025782332,0.15859959,0.101359576,0.17401195,0.11645367,0.10723388,-0.030050805,0.1046105,0.14209251,0.16021313,0.24276525,0.060541872,0.046651777,0.086621895,0.20227835,0.12521027,-0.030838817,0.08972429,-0.0005392835,0.080973946,0.13195816,0.06659608,-0.14271992,0.07459114,0.076936156,0.049407646,0.15572666,-0.3225587,-0.014099847
196,0.15335137,-0.063928045,0.16652529,0.1437941,0.1110996,-0.10921483,0.18883176,-0.02964656,0.16004474,0.1021763,0.1722285,0.11729768,0.10893371,-0.03190321,0.10654276,0.14277864,0.15903284,0.24306835,0.062983625,0.046923432,0.089088924,0.20310056,0.124192916,-0.03124391,0.09220696,-0.0012271362,0.083449304,0.1322325,0.06430665,-0.14275931,0.07701807,0.07478953,0.051883116,0.15785636,-0.3265333,-0.0141381
197,0.15330394,-0.06253738,0.1663905,0.14257094,0.10757373,-0.1106767,0.188948,-0.028405573,0.15999939,0.100394875,0.1709107,0.11763089,0.10829093,-0.03275988,0.105747454,0.14193028,0.15769257,0.24014562,0.06250735,0.04437409,0.08849122,0.20275094,0.12329171,-0.0325011,0.09169988,-0.0023502943,0.08292865,0.13095832,0.06575205,-0.14015847,0.07639025,0.075749844,0.050912548,0.1566094,-0.32489488,-0.014608346
198,0.15381433,-0.06576745,0.1669485,0.14372644,0.10818028,-0.112745255,0.1893225,-0.031989317,0.16064985,0.10151354,0.17081892,0.114672735,0.10925648,-0.03333242,0.107095234,0.14254948,0.15879504,0.23707624,0.06346905,0.047018245,0.08921819,0.20175435,0.12532996,-0.03298327,0.09223201,-0.0007542433,0.083443284,0.13002464,0.06663564,-0.13827132,0.076718435,0.07275606,0.05103092,0.15890692,-0.3286385,-0.015284241
199,0.15316448,-0.06463168,0.16632791,0.14278015,0.1097833,-0.113144696,0.18845756,-0.030755384,0.159587,0.10048557,0.17444916,0.11504181,0.10772946,-0.032524526,0.1054131,0.14223091,0.16158895,0.23858657,0.06136893,0.047016818,0.08724284,0.20224094,0.12663625,-0.03422764,0.09035522,-0.00091811863,0.08154776,0.12999634,0.06727858,-0.14187498,0.07495457,0.07382247,0.049175974,0.15816218,-0.32778147,-0.015698478
200,0.15625452,-0.06037087,0.16883779,0.14128436,0.10445024,-0.107802816,0.19220404,-0.02822127,0.16275692,0.09799991,0.17123213,0.121145934,0.11044843,-0.040786155,0.10770147,0.14283839,0.15414757,0.2282384,0.065910995,0.039868098,0.09156613,0.20311445,0.11792861,-0.041886926,0.09506135,-0.004730714,0.08624929,0.12852381,0.068705134,-0.13076061,0.07930358,0.06992557,0.05304511,0.15890893,-0.31870994,-0.01679298
201,0.15599553,-0.06659399,0.1688725,0.14401263,0.10857568,-0.1133588,0.19130598,-0.033251103,0.1622934,0.10063163,0.17288609,0.111796394,0.11042074,-0.038966406,0.10850805,0.14413296,0.15901738,0.23279864,0.06402484,0.05058756,0.08952567,0.20060931,0.12388546,-0.042027112,0.09284647,0.004519838,0.08399003,0.12581472,0.064426914,-0.14435595,0.07741722,0.0740977,0.05119221,0.16140814,-0.3309486,-0.017641567
202,0.15294382,-0.06369823,0.16517934,0.14295617,0.10358122,-0.11421723,0.18838704,-0.03149582,0.15858525,0.09921273,0.16917843,0.11633074,0.106076755,-0.041427687,0.103718445,0.14298418,0.15483975,0.24025479,0.06058858,0.043198694,0.08618532,0.20254055,0.118496776,-0.040103957,0.09013871,0.00013272699,0.08120009,0.124453746,0.0577662,-0.14967106,0.07485648,0.08167695,0.04852147,0.15703616,-0.3311786,-0.018255744
203,0.1546378,-0.06338949,0.16687116,0.14395685,0.10976112,-0.112946026,0.18985702,-0.030837515,0.15988396,0.10027354,0.17558238,0.11520188,0.1077259,-0.044914715,0.10544429,0.14643623,0.15700097,0.23162366,0.062450435,0.04622818,0.08790295,0.2024962,0.119965576,-0.040928226,0.09177627,0.0014678155,0.08277146,0.1237119,0.0652515,-0.1399373,0.075992525,0.074370906,0.049465075,0.1608762,-0.32761216,-0.01914264
204,0.15416573,-0.063094206,0.16658081,0.14430434,0.113641605,-0.11014576,0.18950322,-0.030581437,0.15933299,0.100949265,0.18047865,0.11936505,0.107139796,-0.044421654,0.10473578,0.14760704,0.16016312,0.23691559,0.062245637,0.045457218,0.08803619,0.20531318,0.12106655,-0.038204588,0.092011645,-0.00069107325,0.082942635,0.12529278,0.066184685,-0.14118676,0.07620358,0.07490935,0.049893677,0.16141115,-0.3284926,-0.018567842
205,0.15640554,-0.06251615,0.16920073,0.14419629,0.10884539,-0.1103235,0.19291957,-0.030582072,0.16285092,0.10016318,0.17525692,0.12186432,0.11026126,-0.044164296,0.10787768,0.14762132,0.15474501,0.23555727,0.06628989,0.04451456,0.09219119,0.20561628,0.11595872,-0.038784306,0.096313864,-0.0012461512,0.087203555,0.123920344,0.06281568,-0.13820124,0.08030546,0.07329229,0.05422497,0.16177301,-0.32986355,-0.016972827
206,0.15411557,-0.064336,0.16747142,0.14463897,0.11259667,-0.11378832,0.19040571,-0.03099436,0.16052598,0.101209916,0.18049398,0.12002878,0.10763917,-0.038242944,0.10517336,0.14733203,0.16271949,0.24035706,0.06287054,0.04530447,0.08882785,0.2061247,0.124531336,-0.031053323,0.09264722,-0.0021991245,0.08351066,0.12491976,0.06894643,-0.13689306,0.076556504,0.074784264,0.050665863,0.16121598,-0.3336149,-0.017507656
207,0.15202259,-0.061038602,0.16526513,0.14320195,0.109524295,-0.114708774,0.18842742,-0.02764149,0.15801115,0.09949899,0.18018398,0.1230183,0.104437284,-0.03785192,0.101370074,0.14627287,0.16177708,0.24023136,0.060243364,0.039026752,0.086234614,0.20728703,0.12307296,-0.028151348,0.09034911,-0.006984078,0.08119615,0.124771744,0.07168534,-0.13161251,0.07419586,0.076619536,0.048192702,0.15828396,-0.3289512,-0.017729886
208,0.1537297,-0.06362936,0.16762951,0.14575614,0.115067035,-0.11683276,0.19013026,-0.02976475,0.16005448,0.102514654,0.18267302,0.11937575,0.10705503,-0.03572667,0.10433438,0.14903821,0.16393392,0.24080496,0.062232055,0.044509254,0.088498384,0.20797242,0.1259217,-0.028094862,0.09244065,-0.004549827,0.083218366,0.12537766,0.07181085,-0.13397993,0.07616469,0.07314794,0.050341047,0.1620958,-0.33507302,-0.017009094
209,0.15538895,-0.061722316,0.16954859,0.1460589,0.11390519,-0.12005588,0.19214283,-0.029290484,0.16203448,0.1028717,0.17895235,0.1201176,0.10841635,-0.032453,0.105500616,0.14896256,0.16023411,0.25212973,0.06233641,0.046554558,0.08926608,0.20828457,0.12216879,-0.025232192,0.093475275,-0.0031230105,0.08416688,0.12439057,0.06121193,-0.14494377,0.077318534,0.07681242,0.051777598,0.16045155,-0.34104213,-0.016032357
210,0.15560436,-0.05680208,0.16961604,0.14441974,0.11025184,-0.12013545,0.19279772,-0.024556715,0.1622096,0.10069669,0.17712852,0.12342572,0.10784322,-0.03361699,0.104439355,0.1486369,0.15597126,0.24915877,0.062448416,0.0418295,0.089467354,0.20930187,0.11717653,-0.027233398,0.09407872,-0.005743746,0.08473952,0.123634554,0.06196835,-0.14101602,0.07776781,0.07798792,0.05205736,0.15826261,-0.33551905,-0.01541836
211,0.1543633,-0.059718564,0.16857651,0.14587861,0.11438633,-0.12468113,0.1909208,-0.026925873,0.16042332,0.10263819,0.18071435,0.11798883,0.10657634,-0.032002024,0.10344343,0.14987344,0.16071315,0.24575533,0.060737878,0.04465638,0.08761805,0.20828243,0.12309388,-0.024652066,0.091885135,-0.0053476715,0.082524724,0.12316112,0.06785012,-0.13637795,0.07526746,0.073044635,0.049464993,0.16055554,-0.33833578,-0.014940463
212,0.1536722,-0.059913564,0.16754946,0.1452416,0.10853867,-0.12247413,0.19072199,-0.029442303,0.15993328,0.101559736,0.17639506,0.12262109,0.10610543,-0.036487292,0.10279306,0.1485839,0.15742807,0.24344349,0.06199204,0.038198266,0.088773675,0.20859343,0.11953156,-0.025206115,0.0931863,-0.0114672575,0.08384465,0.12244574,0.06919601,-0.1294018,0.07631241,0.06865938,0.050362818,0.16030127,-0.33528617,-0.014232794
213,0.15625423,-0.061024975,0.17038193,0.14695369,0.11130208,-0.12477474,0.1930088,-0.029843897,0.16242921,0.10271618,0.1777845,0.11697371,0.108913384,-0.037307616,0.10587742,0.15119688,0.15660761,0.23465824,0.0640231,0.04431445,0.0906172,0.20695768,0.12026234,-0.030544559,0.09485678,-0.005183034,0.08549958,0.1203782,0.07070682,-0.12907675,0.07781006,0.06763304,0.051623248,0.16377291,-0.33862802,-0.014603668
214,0.15497786,-0.05960734,0.1692289,0.14603278,0.10807891,-0.12773621,0.1921208,-0.028907564,0.16147316,0.101764284,0.17506476,0.119366765,0.107187286,-0.03276528,0.10394688,0.14936236,0.15532494,0.24259396,0.062286943,0.042605318,0.089130774,0.20789891,0.11863131,-0.025373798,0.0936165,-0.0058787866,0.084230445,0.120220445,0.06693855,-0.13146283,0.07666034,0.07311979,0.050842334,0.16068223,-0.34114507,-0.01542039
215,0.15493535,-0.05909573,0.16932823,0.14628156,0.108403884,-0.129245,0.19219533,-0.029600164,0.16150804,0.1020997,0.17554533,0.12096169,0.1069068,-0.03137785,0.10353735,0.14931627,0.15604171,0.24851428,0.061625242,0.043285638,0.088779084,0.208327,0.11923384,-0.021414895,0.09326384,-0.0066375607,0.08383342,0.1201809,0.06528975,-0.13543592,0.07620424,0.07442763,0.050494157,0.15999615,-0.34421268,-0.016839605
216,0.15526591,-0.059580706,0.16977218,0.14667736,0.11120723,-0.12888557,0.19219877,-0.029579278,0.16151346,0.102512255,0.17983402,0.119993486,0.10697689,-0.03235586,0.10356807,0.15040417,0.1593545,0.24389322,0.06158579,0.043523107,0.08858672,0.20820673,0.12274826,-0.021576986,0.0928558,-0.0066972557,0.0834456,0.12014953,0.07230847,-0.12998071,0.075617515,0.072185814,0.049644947,0.16154487,-0.3430387,-0.017882785
217,0.1547692,-0.055789948,0.16924985,0.14528176,0.11163493,-0.12969258,0.1915788,-0.026109666,0.16056125,0.10117404,0.18248038,0.122197315,0.105097465,-0.03176854,0.10119385,0.14996897,0.16047613,0.24928592,0.058910254,0.041195292,0.08621853,0.20930678,0.12327832,-0.018438462,0.09067858,-0.008196923,0.08126097,0.12082418,0.07208215,-0.13347095,0.073517665,0.077298716,0.047345776,0.15894662,-0.34198347,-0.018064516
218,0.15543666,-0.059381492,0.17015107,0.1472474,0.11372929,-0.13145566,0.1922274,-0.02882234,0.1615279,0.10281654,0.1826618,0.118188165,0.106655456,-0.032288685,0.103295125,0.15230021,0.15971723,0.24262197,0.06122692,0.04399076,0.088213295,0.2101069,0.12265764,-0.022670005,0.09277078,-0.004971524,0.08337027,0.12068071,0.07208107,-0.12928008,0.07564016,0.074920334,0.049452387,0.16332619,-0.34625494,-0.017388936
219,0.1543732,-0.061960664,0.16912982,0.14803924,0.11455423,-0.12729144,0.19146273,-0.03319066,0.16090073,0.103892274,0.183825,0.12452609,0.106180154,-0.03187188,0.10297666,0.15198934,0.162135,0.25204632,0.061838083,0.041892573,0.08902396,0.2133754,0.12281981,-0.019042935,0.0937263,-0.008306318,0.08427499,0.123111784,0.06942902,-0.13234226,0.07674984,0.0759713,0.05090234,0.16370785,-0.35017085,-0.017568635
220,0.15611361,-0.06033155,0.17103976,0.14712559,0.11151379,-0.13144535,0.19324988,-0.030201161,0.16264614,0.1018543,0.18180177,0.11896086,0.10743438,-0.033211987,0.104265824,0.1524235,0.15838484,0.24035351,0.062482383,0.04421682,0.08940304,0.21102273,0.12072895,-0.02753364,0.09413921,-0.0032435323,0.08470957,0.11967386,0.07176464,-0.12899914,0.07707243,0.07643388,0.0507563,0.16453516,-0.34855944,-0.017288933
221,0.15651196,-0.060902767,0.17153636,0.14712013,0.109478086,-0.13069212,0.19388482,-0.031190295,0.16335346,0.10157254,0.18010703,0.12008083,0.10809267,-0.03374857,0.10499474,0.15224564,0.15695496,0.23972802,0.06354603,0.043716352,0.09042702,0.21108277,0.1195117,-0.028700618,0.09517989,-0.002958402,0.0857448,0.118978985,0.07158457,-0.12768704,0.07807843,0.07712669,0.051723402,0.164867,-0.34973302,-0.017676866
222,0.15330055,-0.05671989,0.16793887,0.14479366,0.10478085,-0.13113806,0.19109485,-0.029400427,0.15982158,0.099130824,0.17832649,0.1270747,0.1035444,-0.034878105,0.0998376,0.14983337,0.15499052,0.24945183,0.05963783,0.035925474,0.08694448,0.21372274,0.115348965,-0.026806828,0.09227312,-0.0094828345,0.08281963,0.11993076,0.06611872,-0.13424754,0.07533321,0.08244879,0.048966676,0.15977016,-0.34785914,-0.018756542
223,0.15387635,-0.061234597,0.16933504,0.14805771,0.117420286,-0.13347162,0.19044949,-0.031063797,0.15954785,0.10318114,0.18949714,0.11855473,0.10432445,-0.03186665,0.101338156,0.15455921,0.16415322,0.24511503,0.058998194,0.044883996,0.08625171,0.21320653,0.12420021,-0.027465675,0.09106386,-0.0051158094,0.081477314,0.119526,0.07233697,-0.13497025,0.07385748,0.075644135,0.04737291,0.16604051,-0.3534908,-0.017944321
224,0.15386079,-0.061090946,0.16980615,0.14735124,0.114365615,-0.14100356,0.19042483,-0.027446803,0.15911609,0.101436004,0.18663599,0.10917032,0.10380686,-0.03135132,0.10150248,0.15614377,0.15922341,0.22840868,0.05921005,0.04727639,0.085892156,0.21057874,0.11870044,-0.04008292,0.09115058,-0.0025312973,0.08146008,0.11331812,0.06866595,-0.13328,0.07363938,0.068479605,0.046606235,0.16869786,-0.3530568,-0.017424928
225,0.15411101,-0.053434554,0.16949834,0.14327791,0.09905913,-0.13447997,0.19315758,-0.022097524,0.16028413,0.09614014,0.17446373,0.12499345,0.1033876,-0.035006873,0.10077612,0.15253909,0.14671822,0.23538885,0.06193956,0.03149254,0.08899829,0.2124309,0.10296953,-0.03895021,0.095077254,-0.013516804,0.08525857,0.10884624,0.05834853,-0.13259436,0.07748606,0.07223909,0.05065142,0.16032395,-0.34758762,-0.018387735
226,0.15486039,-0.06781243,0.17118594,0.14903365,0.110113785,-0.13508826,0.19285186,-0.033379577,0.16034113,0.10282884,0.18145831,0.11588587,0.1058161,-0.030727316,0.10551924,0.15766409,0.15570067,0.23050387,0.06522156,0.042410348,0.09195521,0.21230726,0.108547464,-0.042885453,0.09748357,-0.011275159,0.08754406,0.10633136,0.054544657,-0.13475186,0.079639144,0.05810436,0.05265259,0.17105287,-0.3625117,-0.020205114
227,0.1533475,-0.06327592,0.1691615,0.14683884,0.11283863,-0.13812192,0.1903704,-0.02744149,0.15616536,0.101830855,0.18673408,0.11698412,0.10091789,-0.026896833,0.10065004,0.1572406,0.16060175,0.23533414,0.059989013,0.039349955,0.08700877,0.2112628,0.112814926,-0.035806052,0.09236764,-0.013136188,0.082419865,0.10294968,0.06315937,-0.132517,0.074268304,0.062363077,0.047435965,0.16646223,-0.35994864,-0.021863405
228,0.15387902,-0.06098941,0.16929716,0.14691454,0.11248316,-0.13440926,0.19104996,-0.026042337,0.15581909,0.101976104,0.18665713,0.1234813,0.100502856,-0.02758778,0.10030352,0.15809087,0.15916178,0.24019463,0.060784206,0.035663664,0.0882225,0.21310353,0.10972594,-0.031213675,0.09376754,-0.016795117,0.08373831,0.101974525,0.06422694,-0.13060053,0.07554644,0.063864656,0.048890922,0.16523479,-0.35845912,-0.023455981
229,0.15595528,-0.06125546,0.17150149,0.14796141,0.11327848,-0.13236643,0.19345762,-0.027074754,0.1579721,0.10305041,0.1861986,0.12656382,0.1027454,-0.026761228,0.10275203,0.15931426,0.15832229,0.24382071,0.063491665,0.03650384,0.09127361,0.21471614,0.1076588,-0.031119907,0.09690822,-0.017250722,0.08674679,0.10180262,0.06181533,-0.13287117,0.07859835,0.06313205,0.05218098,0.16643147,-0.36149558,-0.024753194
230,0.15897398,-0.061608404,0.17487459,0.1496429,0.116826445,-0.13473497,0.19592561,-0.025803626,0.16032612,0.104339235,0.1883752,0.12150794,0.10516264,-0.025220998,0.10526974,0.16162695,0.15932837,0.2416963,0.06429406,0.043059036,0.09216819,0.21295822,0.11011103,-0.03313342,0.097597964,-0.010421137,0.08735945,0.099357754,0.063255996,-0.13600086,0.07932158,0.0654332,0.053047862,0.16854858,-0.36599064,-0.024009686
231,0.15497293,-0.059819087,0.17060097,0.14834437,0.11297436,-0.13717897,0.19212526,-0.024762487,0.15599352,0.10304035,0.18594581,0.124579445,0.100316346,-0.024549171,0.10019833,0.159861,0.15758741,0.24642636,0.060556665,0.036760233,0.088506065,0.2147597,0.10700313,-0.030760767,0.09444416,-0.014512814,0.08422392,0.09950744,0.06073523,-0.13616425,0.076469295,0.06953635,0.050498284,0.16480489,-0.36648762,-0.025740277
232,0.15475401,-0.061370317,0.17065525,0.14967021,0.12002734,-0.14027944,0.19072026,-0.024125734,0.1546692,0.10476798,0.19340746,0.118680105,0.09937188,-0.02277233,0.09941111,0.16228665,0.16355284,0.2427997,0.05849692,0.0421094,0.08633984,0.21420103,0.113317095,-0.03150225,0.091995515,-0.009860689,0.08177784,0.09924885,0.06674156,-0.13554518,0.07399113,0.06972009,0.04798712,0.1674619,-0.36918262,-0.02693473
233,0.15563008,-0.057882983,0.1712236,0.14799514,0.11621379,-0.13838536,0.19204971,-0.020635325,0.15559411,0.10215111,0.19258733,0.12188228,0.09946275,-0.02660248,0.09917067,0.16186966,0.16178685,0.23935804,0.059320696,0.037894238,0.087064356,0.21382311,0.11208038,-0.030269561,0.09277186,-0.011031856,0.082614556,0.097757936,0.07354709,-0.12877643,0.07462949,0.07161333,0.048426393,0.16568604,-0.36334503,-0.026481831
234,0.15353706,-0.05841655,0.16939615,0.14946407,0.11824086,-0.145192,0.18959464,-0.02219931,0.1530143,0.10455333,0.19365619,0.1203415,0.095937006,-0.019567233,0.0954063,0.16072558,0.16754839,0.26251978,0.052910987,0.03949114,0.0812395,0.21596996,0.11860693,-0.020969281,0.086980976,-0.009905559,0.07677292,0.10045739,0.062486805,-0.1479824,0.06955473,0.085992955,0.04391914,0.1614364,-0.37747324,-0.028261576
235,0.15541445,-0.060136326,0.17197841,0.14872836,0.10565762,-0.15101077,0.1938008,-0.018831518,0.15766892,0.10042839,0.18240583,0.11329575,0.100054726,-0.021964751,0.09958134,0.16097179,0.1588503,0.23569766,0.060075946,0.03734307,0.08726897,0.21256083,0.11497898,-0.02446845,0.09290398,-0.0056183278,0.082879774,0.09405711,0.07952209,-0.120713316,0.07529677,0.083857186,0.049878087,0.16394171,-0.37483212,-0.02924387
236,0.15551192,-0.06923139,0.17311771,0.15260115,0.10303574,-0.14777973,0.19574279,-0.028549803,0.1603665,0.103995636,0.17609988,0.114825495,0.10376043,-0.022918778,0.103736386,0.16364308,0.15598316,0.23822257,0.06653408,0.03728104,0.09350895,0.21643943,0.11285349,-0.019248998,0.099256255,-0.0078320345,0.08923551,0.09649366,0.07488343,-0.11601627,0.08176875,0.08383455,0.057451867,0.17041971,-0.3884536,-0.031191155
237,0.15169409,-0.06705754,0.16910471,0.15307102,0.10825026,-0.14623062,0.1923241,-0.026744707,0.15636261,0.104986064,0.1839835,0.11961434,0.09970298,-0.025958939,0.09936388,0.16667351,0.16041335,0.23762102,0.06494063,0.029292244,0.09194263,0.22420704,0.11376378,-0.013962457,0.098211944,-0.016690772,0.088151164,0.10271867,0.0826676,-0.1065455,0.08055397,0.080792956,0.056310877,0.17262179,-0.38417327,-0.031983644
238,0.15061705,-0.060913194,0.16885689,0.15023254,0.109362856,-0.15273383,0.19157569,-0.017170502,0.15543333,0.10193603,0.18909249,0.117988914,0.09683993,-0.018377282,0.096248284,0.16590771,0.16284746,0.24209946,0.0603522,0.031595383,0.08769612,0.22443402,0.11464675,-0.012827974,0.09416148,-0.013042309,0.08395957,0.10218281,0.07967059,-0.11361577,0.0763615,0.087588735,0.052309886,0.16853392,-0.3841923,-0.032631457
239,0.15285966,-0.065299265,0.17189668,0.15382986,0.1190233,-0.15174803,0.19363648,-0.021459937,0.15767702,0.10615106,0.19667624,0.11683966,0.09957409,-0.01632358,0.099315986,0.1703166,0.16813692,0.24797612,0.061949193,0.038612373,0.08957125,0.22637437,0.11819473,-0.00805142,0.095808804,-0.011228054,0.08541421,0.10332613,0.07532672,-0.119656414,0.077786185,0.083851896,0.054236636,0.17438583,-0.3937692,-0.032227416
240,0.15208003,-0.062079754,0.17067459,0.15116304,0.10923262,-0.15272199,0.19371998,-0.018876119,0.1572048,0.10227038,0.18936351,0.11986552,0.09813486,-0.020231934,0.097818494,0.16786917,0.16158454,0.24483399,0.06168221,0.032757144,0.089235224,0.22586086,0.11080985,-0.012114698,0.096038915,-0.013460519,0.08566204,0.09927062,0.07258009,-0.1184131,0.07792383,0.08596311,0.053844813,0.17129695,-0.38901812,-0.030718414
241,0.1524104,-0.062157206,0.17073572,0.150669,0.10852922,-0.15063624,0.19398072,-0.020977782,0.15709569,0.10178979,0.19003178,0.12299379,0.097881585,-0.023586562,0.09752752,0.16750173,0.16230755,0.24539675,0.061813068,0.031131832,0.0894594,0.22672616,0.110039085,-0.0138410125,0.096369095,-0.015654285,0.085953146,0.09882139,0.07395223,-0.118908755,0.07813234,0.0840413,0.05384043,0.17199413,-0.3873492,-0.029283613
242,0.15510274,-0.062108833,0.17376728,0.15030357,0.11151968,-0.15150957,0.1961382,-0.020059464,0.15915461,0.10114348,0.19508593,0.12049643,0.099577524,-0.024542589,0.09926202,0.16837788,0.16599925,0.24046129,0.062168352,0.035118304,0.08990287,0.22500925,0.113933705,-0.016633956,0.09640639,-0.01293955,0.085929446,0.09685452,0.08136388,-0.11785526,0.07785952,0.08095557,0.053197697,0.17400372,-0.3853376,-0.02898319
243,0.15505263,-0.06160628,0.17352842,0.14948133,0.11216515,-0.15077506,0.19587363,-0.022358134,0.15870461,0.101076126,0.19718662,0.124392785,0.09862813,-0.024544401,0.09823432,0.16709048,0.1692862,0.2485276,0.06072473,0.034888078,0.08876459,0.22625737,0.115852624,-0.01621691,0.0952456,-0.014548139,0.084705226,0.09824361,0.0798478,-0.12465903,0.076642975,0.08241599,0.05192585,0.17298679,-0.38681942,-0.029567119
244,0.15601702,-0.059300654,0.17477445,0.14687562,0.11048316,-0.1560047,0.19680886,-0.020042956,0.15956032,0.09851258,0.19789417,0.12289609,0.098003134,-0.01980914,0.09754163,0.16463256,0.17113034,0.2507072,0.05858458,0.03675073,0.086765066,0.22511375,0.117336884,-0.019586006,0.09320714,-0.012110863,0.082625896,0.096848615,0.0781683,-0.13027613,0.074562036,0.08529091,0.049724657,0.17076501,-0.38762787,-0.030889396
245,0.1561238,-0.062913425,0.17481863,0.1487512,0.11211364,-0.15670426,0.1965478,-0.024585363,0.15946922,0.10050651,0.19833207,0.12104872,0.098356284,-0.02126542,0.09816827,0.16603188,0.17233276,0.25114918,0.058974706,0.038031638,0.0870287,0.22612885,0.11840888,-0.02027612,0.09347884,-0.011452763,0.082930684,0.097505786,0.0756358,-0.13222528,0.07492969,0.085643664,0.049994238,0.17359152,-0.39310455,-0.0332455
246,0.15564062,-0.06379809,0.17399554,0.14786907,0.10193918,-0.15268116,0.19781663,-0.027378993,0.16059309,0.09825604,0.18906836,0.12643254,0.09935495,-0.029079914,0.099094614,0.16457409,0.16483581,0.24538139,0.0628949,0.028604832,0.09064169,0.2272259,0.110997595,-0.02199485,0.097546645,-0.017900506,0.08712963,0.09588993,0.07603433,-0.123991504,0.07900192,0.08340042,0.05384107,0.17331457,-0.3903845,-0.035654165
247,0.15803932,-0.065237336,0.1767511,0.1480356,0.10365029,-0.1565843,0.19935924,-0.026423989,0.1623458,0.097695194,0.19277674,0.11926516,0.100789495,-0.029425066,0.10064912,0.1654382,0.1684944,0.23561952,0.06259998,0.034630302,0.09004224,0.22337562,0.11690306,-0.025836043,0.0963462,-0.011616842,0.08599139,0.09215588,0.0861257,-0.12233012,0.07764176,0.08363186,0.052052118,0.1755043,-0.3904727,-0.03772256
248,0.15848963,-0.06340804,0.17726839,0.14650184,0.10004523,-0.15636887,0.20049164,-0.025983328,0.16338216,0.09566065,0.19100814,0.122599125,0.1010217,-0.028923508,0.100687064,0.16378596,0.16708642,0.23724,0.06292274,0.033482842,0.090461306,0.22317377,0.11505403,-0.026185637,0.09684333,-0.011960607,0.086469635,0.090807654,0.08508856,-0.1236498,0.07804412,0.08507671,0.05247367,0.17369655,-0.39007705,-0.039947346
249,0.15738331,-0.06481995,0.17651482,0.14642149,0.10506989,-0.15719572,0.19854935,-0.02858484,0.16156016,0.09663569,0.19785815,0.12258591,0.09890068,-0.025519101,0.098555036,0.16337867,0.17494887,0.24663642,0.059348322,0.036952306,0.0870684,0.22285326,0.12214612,-0.022233078,0.09304248,-0.011910029,0.082630575,0.09226893,0.08437693,-0.13200435,0.074200414,0.087187625,0.048673447,0.17304519,-0.39548847,-0.041323446
250,0.15762277,-0.05946105,0.17663783,0.14231357,0.09638645,-0.15435438,0.20046718,-0.025902066,0.16300231,0.09167077,0.1932635,0.13175249,0.098665446,-0.027343404,0.09782734,0.15966722,0.17057596,0.24900797,0.06034097,0.029546851,0.0881774,0.22307053,0.11652888,-0.020840805,0.09447355,-0.016837748,0.08408911,0.09024754,0.08405928,-0.12955631,0.07547571,0.08821349,0.04968582,0.16810495,-0.38983244,-0.04141891
