Epoch,Layer0_theta_1,Layer0_r,Layer0_theta_2,Layer0_bx,Layer0_bp,Layer0_gamma,Layer1_theta_1,Layer1_r,Layer1_theta_2,Layer1_bx,Layer1_bp,Layer1_gamma,Layer2_theta_1,Layer2_r,Layer2_theta_2,Layer2_bx,Layer2_bp,Layer2_gamma,Layer3_theta_1,Layer3_r,Layer3_theta_2,Layer3_bx,Layer3_bp,Layer3_gamma,Layer4_theta_1,Layer4_r,Layer4_theta_2,Layer4_bx,Layer4_bp,Layer4_gamma,Layer5_theta_1,Layer5_r,Layer5_theta_2,Layer5_bx,Layer5_bp,Layer5_gamma
1,0.074143626,0.06483583,0.07428528,0.067459956,0.0036771651,0.061795462,0.07444899,0.065102056,0.07447285,0.06781075,-0.006906768,0.059591275,0.07463206,0.065754905,0.07453479,0.067505114,-0.018409565,0.051970214,0.074689664,0.066541724,0.07449946,0.06660815,-0.023684628,0.024289329,0.07462546,0.06722748,0.074380726,0.06533097,-0.034712628,-0.0062528313,0.07447601,0.067797706,0.074216835,0.06489181,-0.0644832,0.00094564684
2,0.09672797,0.08386561,0.10138252,0.09651747,-0.007257032,0.13544814,0.10401962,0.080517806,0.10729517,0.09609931,-0.038484093,0.13230567,0.11056554,0.07887769,0.11198463,0.097806364,-0.057758443,0.122734256,0.11490623,0.077945404,0.11366973,0.100951925,-0.06142576,0.0827925,0.114846036,0.079599075,0.11036351,0.10250249,-0.070715055,0.01047736,0.10998935,0.08592536,0.104795605,0.098734416,-0.10591714,0.0009630112
3,0.05640353,0.07181826,0.06609905,0.11365379,-0.0086147655,0.19755903,0.07531934,0.07111185,0.081088744,0.09851522,-0.05364074,0.1815111,0.09037141,0.0720257,0.09190099,0.09733136,-0.061250433,0.16843304,0.09815687,0.06383628,0.09481835,0.11283239,-0.044498812,0.14377691,0.09638715,0.05936779,0.08577671,0.12878957,-0.047463167,0.06702389,0.08432686,0.074425325,0.072636925,0.118139006,-0.08421624,0.0013165206
4,0.042969923,0.04776403,0.058663428,0.13569711,-0.06584037,0.22787058,0.07505451,0.055992845,0.08285471,0.100204326,-0.118590325,0.19093448,0.09668759,0.072551325,0.09751571,0.0827995,-0.111576654,0.16820686,0.10474517,0.06472161,0.100660436,0.09759318,-0.06506138,0.17390896,0.10189984,0.049948737,0.08864844,0.124785446,-0.05990759,0.094395064,0.0874597,0.06488807,0.07203538,0.11740132,-0.10527499,0.0015793607
5,0.046711843,0.037628226,0.06572405,0.14218603,-0.11795599,0.2467892,0.08577959,0.05581852,0.09467081,0.09504934,-0.16928509,0.19910884,0.11110742,0.08380499,0.11255567,0.06783871,-0.14825271,0.17443404,0.12125072,0.07359535,0.11858117,0.08229951,-0.080595575,0.20242171,0.12097426,0.047139175,0.107066534,0.116234325,-0.07336803,0.11407552,0.10654616,0.059647664,0.0889992,0.11171695,-0.1348441,0.0017730857
6,0.037080996,0.020794231,0.056504056,0.152442,-0.1162585,0.26986718,0.08156756,0.047899947,0.08970172,0.09747486,-0.16740456,0.21488899,0.10925038,0.08551388,0.10802387,0.06360784,-0.1380504,0.18543184,0.117567375,0.078761615,0.11288911,0.07710329,-0.058517393,0.23326553,0.114466235,0.047017656,0.10024215,0.11677382,-0.05200639,0.14368057,0.09942479,0.056491625,0.08140803,0.11731932,-0.13227627,0.0018370232
7,0.037979443,0.019685837,0.057527527,0.1483976,-0.12178255,0.2733687,0.08380228,0.051678434,0.09085338,0.09238254,-0.16796933,0.21705115,0.110223055,0.09367407,0.1079499,0.05704423,-0.12815672,0.19941328,0.11693512,0.08451113,0.11347708,0.07569981,-0.041209493,0.2608205,0.11645662,0.045325264,0.102807574,0.12343868,-0.039429348,0.15808941,0.102610774,0.053495575,0.08431104,0.12369466,-0.13274604,0.0020730123
8,0.03927932,0.019377952,0.058855187,0.14625666,-0.124338254,0.27586237,0.08607898,0.05342552,0.0924936,0.09134585,-0.16522396,0.21961476,0.11192603,0.096855745,0.10858612,0.056337338,-0.119919166,0.21021312,0.117799886,0.086640775,0.11412651,0.07817867,-0.032126978,0.27432555,0.11871298,0.045186345,0.10512085,0.12886333,-0.03382264,0.16427357,0.10539381,0.052631166,0.086744614,0.12922849,-0.1380664,0.0024352046
9,0.034137502,0.017311458,0.053361025,0.14968939,-0.12834577,0.28114492,0.08290096,0.05114142,0.08924295,0.095438585,-0.16478874,0.22399195,0.110252336,0.09373433,0.10614549,0.06083839,-0.11817278,0.21493919,0.117114335,0.083810695,0.11188674,0.08268893,-0.033046007,0.27371582,0.1182298,0.044309188,0.104065455,0.13011113,-0.03581863,0.16586292,0.10453263,0.05208639,0.0852825,0.1312958,-0.14833745,0.0026600629
10,0.03361164,0.01689064,0.052721005,0.15048034,-0.13860999,0.2798407,0.0834616,0.05194818,0.08966484,0.09396497,-0.16926439,0.22426562,0.1115995,0.0944992,0.10721799,0.05899588,-0.11999805,0.21579333,0.1193315,0.08437372,0.11370312,0.08322247,-0.033824697,0.26872626,0.121231824,0.044616487,0.10683169,0.12935369,-0.036344294,0.16380106,0.10712105,0.05256426,0.08740101,0.1296921,-0.1577054,0.0028225956
11,0.03307553,0.014463227,0.05203278,0.15325236,-0.14040576,0.2780477,0.08401087,0.051241234,0.08993943,0.09387999,-0.1657166,0.22415024,0.112714045,0.09428317,0.1073826,0.05791287,-0.11480461,0.21536364,0.120190576,0.08558628,0.11319506,0.08377154,-0.028491372,0.2629497,0.120695,0.047192987,0.106045015,0.12923184,-0.029942539,0.16313563,0.10569608,0.0545262,0.08586604,0.12963672,-0.16116852,0.003083754
12,0.031795025,0.0145757375,0.05046606,0.15407297,-0.14893195,0.2740453,0.08377404,0.052484028,0.089280404,0.09282107,-0.16811012,0.22159006,0.11287392,0.09518359,0.10691223,0.056695867,-0.113872744,0.21620485,0.1206545,0.085784614,0.113026865,0.08557013,-0.027287837,0.25924954,0.12190178,0.047357913,0.1069823,0.13041578,-0.029512726,0.16060266,0.10664017,0.05531262,0.08633115,0.12995431,-0.16999933,0.003379766
13,0.030871548,0.013159617,0.049343616,0.15630017,-0.1524327,0.27220187,0.08390181,0.052054442,0.08908725,0.09313377,-0.1662124,0.22136079,0.11345828,0.09489402,0.10663971,0.056363963,-0.11014475,0.21747302,0.12124885,0.086134315,0.11245653,0.08746553,-0.02421206,0.25477654,0.12216258,0.048704915,0.10690624,0.13157372,-0.02669604,0.15877026,0.10635163,0.056708768,0.08570097,0.13103713,-0.17734358,0.0035454603
14,0.030365482,0.01306165,0.04865518,0.15729155,-0.15903099,0.26863027,0.0842274,0.0526799,0.089037545,0.09231163,-0.16667886,0.21999127,0.11401528,0.09529597,0.10647438,0.055110294,-0.10772766,0.22006354,0.12190244,0.086306415,0.11232428,0.08904278,-0.022245077,0.25176767,0.12332103,0.049355157,0.10779162,0.13303983,-0.02548757,0.1558965,0.107256554,0.057686888,0.086210005,0.13190837,-0.18542612,0.0037153533
15,0.028608771,0.0113902725,0.046649516,0.1599978,-0.16301815,0.26708204,0.083552934,0.05202998,0.08805278,0.0925223,-0.16547918,0.21998847,0.11410033,0.09466809,0.10562708,0.0545975,-0.10524529,0.22007671,0.12208499,0.086810365,0.11113867,0.08977638,-0.020115748,0.24626064,0.12271015,0.051014174,0.10685243,0.13300453,-0.022749567,0.15351051,0.10606146,0.059066407,0.08474953,0.13226232,-0.19266286,0.003939319
16,0.027651059,0.0109342635,0.045495797,0.16107097,-0.17029768,0.26491112,0.08354999,0.052407723,0.08768067,0.092128634,-0.16678752,0.21965082,0.114436954,0.09507319,0.1052493,0.053489167,-0.103630334,0.22385846,0.12269463,0.08689891,0.1109973,0.09090303,-0.018988525,0.24510811,0.12403181,0.051289827,0.1079341,0.13419786,-0.022346605,0.15119039,0.10732705,0.05946733,0.08560446,0.13327575,-0.20098728,0.00414977
17,0.026380582,0.009159646,0.044012118,0.1629271,-0.17403993,0.26427856,0.083317116,0.05183349,0.0870438,0.0926373,-0.16466832,0.22061227,0.114427984,0.095158644,0.10435423,0.05276651,-0.09838398,0.22945748,0.12266885,0.08693942,0.109999314,0.092454396,-0.014496481,0.24659526,0.12439185,0.05166679,0.10803457,0.13659419,-0.019047633,0.15068556,0.10759697,0.05975197,0.08552124,0.13582125,-0.2074593,0.00418058
18,0.025561685,0.0077739772,0.04304921,0.16444993,-0.18057929,0.2630728,0.08351186,0.051739503,0.086953506,0.09184431,-0.16571915,0.22125511,0.11507008,0.09569672,0.10434382,0.050690755,-0.096960284,0.23248261,0.1235399,0.08776381,0.11014439,0.09239894,-0.012749949,0.24469739,0.12563042,0.052398697,0.109088525,0.13700514,-0.017394185,0.14861412,0.10867634,0.06021657,0.086279996,0.13629083,-0.21534428,0.004243909
19,0.024188511,0.0063020447,0.041500058,0.16650109,-0.18615958,0.26223844,0.08324695,0.051532112,0.086394824,0.09160755,-0.16663638,0.22164787,0.11545467,0.0958971,0.10395581,0.049589977,-0.096360356,0.23384981,0.12415641,0.08855098,0.109746225,0.09267424,-0.012126941,0.24181217,0.12618624,0.05333865,0.10938583,0.13709414,-0.016746715,0.14656632,0.1090248,0.060891677,0.08627983,0.13708667,-0.22476804,0.0041750977
20,0.0237087,0.0058137784,0.040911663,0.16722392,-0.19047605,0.2595803,0.08359246,0.052217368,0.0863533,0.090454705,-0.16588412,0.22070739,0.11592398,0.09683901,0.103634365,0.047860082,-0.0928842,0.23739652,0.12441338,0.08924768,0.10917636,0.09335225,-0.008933439,0.24205439,0.12667087,0.054063365,0.10970493,0.13886522,-0.014541272,0.14469545,0.10950165,0.06148354,0.08648228,0.13903551,-0.23221388,0.0039860117
21,0.022171458,0.0046011573,0.039195187,0.169186,-0.1937571,0.25853103,0.08303438,0.051864553,0.08547169,0.09088601,-0.16515204,0.22035685,0.11601057,0.096383505,0.10276469,0.048104554,-0.091155834,0.2384409,0.12462311,0.08942408,0.10794716,0.09428847,-0.008456728,0.23920518,0.12636009,0.05524796,0.10902211,0.13947116,-0.014518908,0.14170964,0.108956136,0.062468413,0.08562263,0.14089932,-0.24206845,0.004101503
22,0.021580214,0.0039394684,0.038507268,0.16951528,-0.20007578,0.25715384,0.083379745,0.05289173,0.08544303,0.08945499,-0.16654675,0.22034036,0.116403006,0.09817149,0.10258097,0.04577862,-0.08900731,0.24415682,0.12507106,0.09008927,0.107947804,0.094682194,-0.0061438764,0.24313247,0.12789033,0.055002972,0.1104748,0.14131099,-0.013544206,0.14162749,0.1108165,0.062077183,0.08715226,0.14310469,-0.24911642,0.00385543
23,0.02018606,0.0014413804,0.036995027,0.17210913,-0.20316686,0.25796804,0.082948565,0.05136242,0.08495631,0.08955839,-0.16646014,0.22202866,0.116945274,0.09699342,0.1024102,0.04493465,-0.088943705,0.2437849,0.12599757,0.09074501,0.10743753,0.093566895,-0.006609984,0.23735933,0.12775981,0.056928072,0.110015966,0.1397989,-0.013023355,0.13772313,0.11020784,0.0632369,0.08639641,0.1429476,-0.25827742,0.003576539
24,0.01891753,0.000997787,0.035606157,0.17312494,-0.20566322,0.25661218,0.08261909,0.052021634,0.084248655,0.08947522,-0.16520691,0.22123265,0.116806835,0.09780384,0.10149392,0.044434957,-0.08547273,0.24794613,0.12580936,0.09093058,0.10624468,0.094771355,-0.004418854,0.23963337,0.12776114,0.057318814,0.109828174,0.14186029,-0.012379989,0.13672492,0.11041184,0.06347719,0.08629264,0.14618118,-0.26698187,0.0034689195
25,0.018528806,0.001100759,0.03518343,0.17332496,-0.20989117,0.25427902,0.08301428,0.053169146,0.08434179,0.08846813,-0.16580075,0.21977466,0.117325716,0.09893905,0.10141029,0.04309683,-0.0836307,0.2514821,0.12627216,0.09119604,0.10598333,0.095014706,-0.0034665838,0.24102227,0.12861773,0.057692464,0.110575445,0.14319006,-0.012657813,0.13432623,0.11148744,0.063760914,0.087138236,0.14809631,-0.274781,0.0033287634
26,0.016713938,-0.001422863,0.03322193,0.1758838,-0.21294163,0.25590524,0.08216789,0.05192931,0.08337109,0.089361176,-0.1661137,0.22141986,0.11718582,0.098310836,0.10066912,0.04288571,-0.08286935,0.25404403,0.12672696,0.09103236,0.10513164,0.0947039,-0.0040348214,0.24031262,0.12877814,0.05856328,0.11038834,0.1427543,-0.0136084,0.13218108,0.11153659,0.06405429,0.08697535,0.14970365,-0.2832343,0.003216166
27,0.016135965,-0.002224558,0.032606173,0.17655827,-0.2154726,0.25445202,0.082429945,0.05267606,0.08334292,0.08804511,-0.16560215,0.22062315,0.11764388,0.099527776,0.10048527,0.040945403,-0.080357224,0.25643605,0.12688038,0.09201843,0.104495436,0.09412502,-0.0018351532,0.24092156,0.12882964,0.05952932,0.11039931,0.14383052,-0.012355454,0.12958017,0.111747004,0.06454323,0.087074235,0.15152144,-0.29086465,0.0031720048
28,0.015462429,-0.003272003,0.03188777,0.17717175,-0.2191855,0.25349045,0.08253749,0.052957386,0.08322522,0.08708096,-0.16655295,0.22000197,0.118042216,0.10012275,0.10032814,0.039517075,-0.07913859,0.2592501,0.12735425,0.09207291,0.104054,0.093259685,-0.0015281613,0.24241896,0.1293203,0.060106754,0.110718556,0.14413029,-0.012940788,0.12687823,0.11234958,0.064600416,0.087575346,0.153108,-0.297096,0.003120145
29,0.014272313,-0.004531786,0.030612396,0.178342,-0.22102994,0.25271678,0.08204765,0.052628465,0.08258349,0.086824894,-0.16596456,0.21947405,0.11792278,0.099902734,0.09970853,0.038621735,-0.07658198,0.2621716,0.12743509,0.091474906,0.10303288,0.09263451,-0.0005056794,0.24320729,0.12909034,0.060755327,0.110236295,0.14458174,-0.012742937,0.12377221,0.11206549,0.06482364,0.08720447,0.15471637,-0.30246553,0.0031442668
30,0.013723297,-0.0054732566,0.030038225,0.17912437,-0.22335404,0.252112,0.08215508,0.052487336,0.08253616,0.08666309,-0.16646038,0.21881144,0.11838424,0.09966153,0.09959741,0.038549785,-0.07597615,0.2641937,0.12816557,0.09098151,0.10253648,0.09226666,-0.0020529444,0.24345213,0.1295259,0.061616633,0.1103359,0.14446262,-0.015558027,0.12014862,0.112513684,0.065194525,0.08752958,0.15692839,-0.31032905,0.0031881658
31,0.013279978,-0.0056347614,0.029596116,0.17902228,-0.22481725,0.25081834,0.082372524,0.053563982,0.08250007,0.08534622,-0.16632475,0.21742065,0.11863052,0.10098953,0.09939341,0.037147366,-0.07397679,0.26666704,0.12817691,0.09130841,0.10188578,0.091567405,-0.0010397364,0.24637453,0.12958416,0.062032513,0.110373095,0.14538166,-0.015840212,0.11844892,0.11286418,0.0651225,0.087845705,0.15904321,-0.31540892,0.0031657454
32,0.012239303,-0.0066611543,0.028504372,0.1796856,-0.22659889,0.2502268,0.082111515,0.05387053,0.08203863,0.084572196,-0.16670899,0.21629763,0.118695565,0.10167859,0.09899131,0.03584684,-0.072844304,0.26745528,0.12813683,0.09155554,0.10104367,0.08999878,-0.0005793165,0.24719921,0.12919477,0.06269212,0.10992864,0.14535464,-0.016033228,0.1152913,0.112606704,0.06521193,0.08761375,0.16005833,-0.32022083,0.0031856517
33,0.01117042,-0.008689143,0.02736137,0.18112887,-0.22696461,0.25126678,0.08177323,0.05283892,0.08164867,0.08479867,-0.16598311,0.21681032,0.11890927,0.10103932,0.0987643,0.03536753,-0.07118607,0.26861656,0.12859245,0.0912443,0.10035392,0.08858929,-0.00035466632,0.24624082,0.12885964,0.0637845,0.10935406,0.14493732,-0.016254306,0.111267306,0.112106,0.06569319,0.087111436,0.16104697,-0.32571542,0.003146304
34,0.011498513,-0.009071214,0.02777965,0.18071261,-0.22930752,0.25056425,0.08283051,0.053943913,0.08246744,0.08376411,-0.166539,0.21597561,0.11970984,0.102913454,0.09929912,0.033604097,-0.06839745,0.27460775,0.12925743,0.09104236,0.10061229,0.08792152,0.001234666,0.25361967,0.1302134,0.06359698,0.110745735,0.14648342,-0.01635431,0.11137357,0.11387207,0.06499843,0.088876665,0.16348788,-0.32706174,0.002998147
35,0.009876162,-0.009961617,0.026072294,0.18165487,-0.2327266,0.25076997,0.08213116,0.05406994,0.081637464,0.08367828,-0.1691255,0.21501006,0.11947949,0.10334146,0.098811105,0.03274687,-0.06978583,0.27527085,0.12945396,0.09079754,0.1000917,0.08601647,-0.0013767,0.25387943,0.13034348,0.06395042,0.11080946,0.14520149,-0.019214602,0.108064,0.11420644,0.06469977,0.08922151,0.16383168,-0.33195096,0.0028740242
36,0.009001245,-0.0113216555,0.025178138,0.18258527,-0.22850683,0.25182846,0.08184648,0.053402077,0.08123275,0.08393189,-0.16532333,0.21470433,0.119608276,0.10268979,0.09827282,0.033651624,-0.066631265,0.2741081,0.12936634,0.090794615,0.098625965,0.08557752,-0.00046359142,0.2522795,0.12878829,0.06545443,0.10899355,0.14569832,-0.019650547,0.10391156,0.1124862,0.065549694,0.0875319,0.16656049,-0.3390964,0.0030476833
37,0.0088233,-0.0110180825,0.025065528,0.18169208,-0.23036522,0.2513232,0.082340665,0.054740004,0.08152059,0.08238411,-0.16657785,0.2135733,0.12003429,0.104292825,0.09842933,0.032267377,-0.06621873,0.27700225,0.12971443,0.0909547,0.09849373,0.08439565,-0.0015523097,0.25642613,0.1294469,0.06570993,0.10970693,0.14580442,-0.022282042,0.10283308,0.113596104,0.06509789,0.08867335,0.16869362,-0.34345278,0.0035414456
38,0.008148319,-0.011751154,0.0243853,0.18171051,-0.23173434,0.25137103,0.082319126,0.055095535,0.081453614,0.08120917,-0.1674139,0.21291332,0.120181106,0.10521723,0.09851996,0.030245382,-0.06474396,0.2791967,0.12985522,0.09058246,0.09824514,0.08228864,-0.00049020327,0.2599383,0.12955062,0.06551622,0.10986904,0.14597513,-0.021464666,0.101688705,0.113836154,0.06447584,0.089012854,0.16871707,-0.34336102,0.0040986547
39,0.007376566,-0.014163125,0.023580737,0.18328644,-0.22959958,0.25346982,0.082231015,0.053361963,0.081395015,0.08222257,-0.16563664,0.21348643,0.12071397,0.10381237,0.09855634,0.030966813,-0.06307306,0.27852133,0.13063318,0.08983405,0.09762705,0.08077459,-0.0009960572,0.2578643,0.1289148,0.06685159,0.10887077,0.14531368,-0.022658315,0.09626945,0.11285174,0.06518432,0.08808808,0.1697272,-0.34841064,0.0044173547
40,0.0066007553,-0.0143545335,0.022836214,0.18298768,-0.23167558,0.25317326,0.08223689,0.054477073,0.08120382,0.081184186,-0.1670463,0.21223685,0.12060158,0.105611764,0.09835798,0.02913881,-0.06157238,0.28276446,0.13055246,0.089333154,0.09722919,0.079303645,-0.00066667923,0.26459202,0.12939551,0.06643769,0.109430015,0.14570072,-0.023669802,0.09670557,0.11373414,0.06418495,0.089047655,0.17127801,-0.34816262,0.0045447117
41,0.0062656514,-0.015174391,0.022531604,0.18307649,-0.23251586,0.25324228,0.08266959,0.054598995,0.08155775,0.080164894,-0.1677573,0.21142957,0.121297635,0.10613673,0.09876282,0.027749177,-0.06117939,0.28320327,0.13104138,0.0893538,0.09708743,0.07717511,-0.0012571656,0.26548937,0.12946598,0.0670446,0.10948582,0.1454766,-0.02500978,0.092918076,0.11392564,0.06428082,0.08934284,0.17178631,-0.35193312,0.0047219917
42,0.005317081,-0.015757442,0.021588057,0.18317279,-0.22868253,0.25357997,0.08233639,0.05454453,0.081087366,0.07979829,-0.16487093,0.21005814,0.12122381,0.10613625,0.09823478,0.027967224,-0.05847997,0.2815046,0.13056758,0.08919718,0.09573607,0.076240085,-0.00023255573,0.26503947,0.12786518,0.06772992,0.10777074,0.14631735,-0.0251948,0.089035705,0.11227147,0.06456283,0.087774456,0.17363471,-0.35575026,0.004777998
43,0.004658437,-0.016663771,0.020922765,0.1834986,-0.22872598,0.25516927,0.082432635,0.05404716,0.08114441,0.07988714,-0.16573375,0.21007945,0.121685885,0.10593804,0.09845864,0.027877837,-0.05910409,0.28173518,0.13129191,0.08857805,0.09572971,0.074558504,-0.002830856,0.26501286,0.12816991,0.068091735,0.107939206,0.14553232,-0.028542323,0.08540702,0.11263855,0.064480744,0.08815157,0.17431119,-0.36011243,0.0047480348
44,0.00467786,-0.017158875,0.021007922,0.18296309,-0.2292168,0.25568497,0.08307056,0.054563258,0.081699535,0.07867239,-0.166213,0.20983689,0.122153446,0.10722302,0.098952524,0.026053092,-0.0566027,0.28685737,0.13182302,0.0875269,0.09593384,0.07327281,-0.0017646651,0.2725495,0.12919512,0.067398526,0.108932436,0.14639096,-0.028758524,0.08684798,0.11381613,0.063378714,0.08937126,0.17570543,-0.3575942,0.0046568806
45,0.0038575479,-0.017922392,0.020176325,0.18319523,-0.23019609,0.255715,0.083087854,0.054688692,0.08166928,0.07757441,-0.16729115,0.20876348,0.122511536,0.10771924,0.09911988,0.024400376,-0.056433983,0.2868035,0.13201934,0.08728247,0.09560278,0.070815675,-0.0023673165,0.27333742,0.12901081,0.06763003,0.10872779,0.14609356,-0.029925622,0.08287742,0.11371332,0.06335114,0.08937234,0.1754637,-0.36019066,0.004713915
46,0.0036228974,-0.018659584,0.019986602,0.18352298,-0.22874612,0.25591603,0.0835712,0.054610614,0.08208669,0.07719088,-0.16628072,0.20779392,0.12316783,0.108004496,0.099491894,0.023759943,-0.054514572,0.2873525,0.1323746,0.08693602,0.095286176,0.069507115,-0.001996694,0.2745901,0.12878197,0.06813859,0.108395085,0.14690357,-0.03077569,0.079246126,0.11346953,0.06363609,0.0891947,0.17669944,-0.36319408,0.004480094
47,0.0027006161,-0.01902662,0.019061742,0.18384407,-0.2275351,0.25651923,0.0834413,0.054556437,0.081864595,0.07728026,-0.16610122,0.20657374,0.12332806,0.10815331,0.09941887,0.02367456,-0.054163784,0.28636646,0.13244377,0.08651059,0.094790414,0.068060465,-0.0032971266,0.27439728,0.12828273,0.068316355,0.10781164,0.14709458,-0.03282875,0.07538903,0.113015324,0.06367527,0.08877691,0.17739572,-0.36643308,0.004218258
48,0.002575213,-0.018497458,0.019033466,0.18321958,-0.22832796,0.2559789,0.083970875,0.055345017,0.08223578,0.07712095,-0.16726549,0.20474407,0.12368422,0.10909758,0.09972362,0.023437105,-0.053357515,0.29018584,0.13306011,0.085098855,0.09496167,0.067547984,-0.0052722967,0.27966338,0.1293955,0.067860894,0.10872841,0.14746287,-0.03661116,0.07504931,0.11425284,0.06282979,0.089946836,0.17966491,-0.36613885,0.0041186884
49,0.0022703551,-0.019413246,0.018793037,0.18384854,-0.22766992,0.25670493,0.084609374,0.055451944,0.082765914,0.076770164,-0.16730183,0.20385541,0.12456146,0.10993248,0.10026871,0.022374053,-0.05285915,0.28916246,0.13345988,0.08559151,0.09485595,0.06541359,-0.005571588,0.2799587,0.12919821,0.06849121,0.10854253,0.14780493,-0.037648622,0.07071055,0.11413717,0.06336638,0.08997151,0.17976284,-0.36964658,0.004136376
50,0.00014988158,-0.020113701,0.01655188,0.18447621,-0.22576599,0.2572083,0.08336363,0.055428263,0.08147907,0.076069064,-0.16617753,0.20245127,0.12384073,0.11020202,0.099410035,0.021077102,-0.050871335,0.28660026,0.13232616,0.085121155,0.09335774,0.06305195,-0.003397776,0.28058222,0.1272124,0.06769708,0.10653207,0.14879942,-0.03533878,0.067712575,0.11202166,0.0630695,0.08794773,0.178591,-0.3687246,0.0042316476
51,0.0014101277,-0.020937774,0.017949238,0.18443155,-0.22574797,0.25896853,0.08522731,0.05452325,0.08337753,0.07677841,-0.16711909,0.20309733,0.12582253,0.109569415,0.1011429,0.021813639,-0.05150583,0.28913602,0.13470428,0.08394476,0.0948948,0.062115654,-0.007345393,0.2818967,0.12940034,0.068343446,0.10830978,0.1481164,-0.040843304,0.0646402,0.11404176,0.06319773,0.08987457,0.18020637,-0.37198243,0.0045012864
52,0.00010232435,-0.020548318,0.016629891,0.18397427,-0.22357395,0.2587732,0.084662415,0.05534218,0.08267284,0.07549061,-0.16601452,0.2013002,0.12541886,0.11051232,0.100563146,0.020698033,-0.04998708,0.28765845,0.13375486,0.08394115,0.093692504,0.060429517,-0.0065297675,0.28336862,0.12796398,0.06794981,0.106930524,0.14908437,-0.040691767,0.0624658,0.112707354,0.06296636,0.088648595,0.18045178,-0.3730404,0.004730321
53,-0.00010090927,-0.0210354,0.016466074,0.18418507,-0.2232222,0.25992525,0.08517653,0.05527859,0.083166026,0.07564111,-0.16656385,0.20096523,0.12602969,0.11098855,0.101155564,0.020167205,-0.049240656,0.2894428,0.1344703,0.08313158,0.09398723,0.05903919,-0.007555483,0.28626674,0.12861668,0.06768216,0.1074179,0.14941245,-0.042457823,0.061181206,0.11329706,0.06269273,0.089248195,0.18088274,-0.37273014,0.004898911
54,0.00019778934,-0.020507172,0.016896125,0.18341373,-0.22172055,0.26040125,0.08617179,0.05605686,0.08404241,0.07493842,-0.16639097,0.19990087,0.12702599,0.11206192,0.10190817,0.019647185,-0.049313035,0.2886686,0.13491216,0.08368613,0.09416084,0.057642672,-0.009095132,0.28710806,0.12867443,0.068049565,0.107540525,0.15014566,-0.044983655,0.05827322,0.11354651,0.063045554,0.08961415,0.18182708,-0.37654346,0.005176084
55,-0.0014270477,-0.020085419,0.015235747,0.18290369,-0.22100778,0.26097503,0.085297845,0.056634285,0.083027266,0.07444616,-0.16660897,0.19867037,0.12626639,0.112746336,0.10112177,0.019064115,-0.04838583,0.290085,0.13437188,0.082572296,0.09327443,0.056257702,-0.010139723,0.29058477,0.12820992,0.067258716,0.10693233,0.15010755,-0.04684527,0.058025833,0.11311319,0.062127758,0.08917018,0.18239169,-0.3747805,0.0052486695
56,-0.0016258555,-0.022098385,0.015000436,0.1841284,-0.21910165,0.26433948,0.08579048,0.05497974,0.08368817,0.07546997,-0.16591454,0.20034726,0.1272878,0.111734994,0.10200897,0.019141305,-0.04746137,0.28994992,0.13568546,0.08179281,0.09379009,0.054280747,-0.010759197,0.29008353,0.1285783,0.0675122,0.1069422,0.15000609,-0.047593445,0.05432182,0.11307649,0.0625935,0.08913793,0.18149859,-0.37548092,0.005434283
57,-0.0020649421,-0.022160314,0.014585141,0.18366195,-0.21746682,0.26475063,0.08600031,0.05543146,0.0838694,0.074198276,-0.16490914,0.19970688,0.12762702,0.112569034,0.102275334,0.017595878,-0.04524668,0.29047665,0.13559924,0.08164136,0.09343726,0.052563876,-0.009146025,0.29303494,0.12817608,0.06713406,0.106501855,0.15131629,-0.046599355,0.052929524,0.11258389,0.062546484,0.08874631,0.18133628,-0.37483856,0.005297858
58,-0.0031489895,-0.022190413,0.013500535,0.184127,-0.21725772,0.26578033,0.08576934,0.055684753,0.083541445,0.07459516,-0.16587272,0.19898613,0.1275419,0.113131806,0.102070756,0.017388701,-0.046061996,0.2909586,0.1355922,0.08142153,0.093073376,0.05114947,-0.011987362,0.29363638,0.1280701,0.06745625,0.10634897,0.15074933,-0.050339703,0.050275624,0.11267321,0.06277337,0.088880874,0.1819116,-0.3786334,0.005117109
59,-0.0031277204,-0.022520924,0.013587424,0.18412794,-0.21455401,0.26735386,0.086400464,0.05552538,0.08413155,0.07481593,-0.16457082,0.1991437,0.12818514,0.11332905,0.10253566,0.017553141,-0.044521317,0.29299787,0.13624829,0.080893405,0.0931429,0.050491005,-0.013188283,0.2957922,0.12842976,0.067982055,0.10649185,0.151181,-0.05311915,0.04872382,0.11296576,0.06302982,0.089170694,0.18380125,-0.38095704,0.005231666
60,-0.003729298,-0.021941366,0.013026205,0.18332839,-0.21362069,0.26686937,0.08652371,0.05642051,0.084152736,0.07327749,-0.16425298,0.19759387,0.12840797,0.11436026,0.10261159,0.016074635,-0.0432757,0.29313877,0.13602334,0.080883384,0.092649885,0.04884428,-0.012962385,0.29787722,0.12801899,0.067847796,0.10603258,0.1522176,-0.053935166,0.04607818,0.11255691,0.06321368,0.088858746,0.18400629,-0.38247067,0.0055215852
61,-0.004999499,-0.022373682,0.011696182,0.18366665,-0.21403491,0.26810026,0.08595997,0.056227576,0.0835712,0.073545344,-0.16527945,0.19745377,0.12795526,0.11462805,0.10229273,0.015353247,-0.04207313,0.29712495,0.13622367,0.07919512,0.092384204,0.04763633,-0.014096794,0.30220243,0.12856111,0.067197084,0.10627344,0.15197802,-0.055888873,0.04636672,0.11293501,0.062472213,0.089172915,0.18429044,-0.3798063,0.0059104543
62,-0.0045989067,-0.023017565,0.01215535,0.1833505,-0.21318051,0.2696101,0.08713289,0.05615744,0.084795386,0.07206759,-0.16504183,0.19820458,0.12948734,0.115101255,0.103563085,0.013539618,-0.041677307,0.29619342,0.13717495,0.08006869,0.092903845,0.04495015,-0.01399972,0.30221817,0.12882741,0.067804426,0.10647937,0.15266326,-0.05645387,0.041365948,0.11310484,0.06354025,0.08952392,0.18321007,-0.38384256,0.0060807504
63,-0.0051306,-0.022813149,0.011666709,0.18257147,-0.2114977,0.27063912,0.087322585,0.05663111,0.084908344,0.0710414,-0.1642958,0.19798647,0.12973118,0.115935065,0.10372999,0.01243274,-0.03992575,0.29821467,0.13730761,0.079586364,0.09267274,0.043563206,-0.013998426,0.30620512,0.12893273,0.06748664,0.10640625,0.15335715,-0.05762381,0.041072503,0.11308666,0.06317676,0.08953529,0.1839212,-0.3828702,0.0063090934
64,-0.0066610044,-0.022980675,0.01008506,0.18326823,-0.20909613,0.27186912,0.08660778,0.056192547,0.08414742,0.07207514,-0.16332021,0.19729285,0.12927526,0.11544476,0.10307363,0.013300606,-0.039319664,0.29875866,0.13723537,0.07864127,0.09188449,0.04285631,-0.016533593,0.30561882,0.12829332,0.06809618,0.10545455,0.15291855,-0.061539125,0.037518274,0.1123569,0.06363592,0.088756636,0.18521973,-0.38668135,0.0065496364
65,-0.0064910557,-0.024425242,0.010277045,0.18357034,-0.2072833,0.27491254,0.087496325,0.055095445,0.085156865,0.07202371,-0.16254725,0.19919522,0.13054404,0.11496832,0.104113,0.012693802,-0.038346432,0.2998189,0.13861918,0.078444965,0.092499465,0.040823963,-0.017272176,0.30624062,0.1289663,0.06885509,0.10580344,0.15281504,-0.06325154,0.033855047,0.112722285,0.064388156,0.08919354,0.18477245,-0.38868096,0.0068913223
66,-0.008426252,-0.024419017,0.008281087,0.1841225,-0.20380315,0.2758988,0.08636263,0.05534328,0.08401976,0.07206226,-0.16042045,0.19822076,0.12964395,0.115445875,0.103178725,0.012188101,-0.03550175,0.29979253,0.1375717,0.077714585,0.09107719,0.040012345,-0.015676871,0.3087032,0.12740453,0.06803113,0.10410889,0.15476164,-0.06273601,0.032228,0.110954024,0.0646228,0.08748046,0.18484777,-0.38973802,0.007264272
67,-0.008994281,-0.024048014,0.0077773775,0.18441562,-0.20460889,0.27684286,0.08661362,0.055683825,0.084296755,0.07266618,-0.1622014,0.197568,0.1299992,0.11606228,0.10350277,0.011873535,-0.0363858,0.30201977,0.13835338,0.07705409,0.09140572,0.038883813,-0.019088417,0.31007642,0.12833454,0.0682057,0.10483344,0.15460119,-0.067460254,0.029160475,0.11187066,0.0652628,0.08841321,0.1850611,-0.39388418,0.007419935
68,-0.009456093,-0.022876088,0.007379346,0.18351237,-0.20492794,0.27694684,0.08678294,0.05680619,0.08450497,0.07175214,-0.16324608,0.19642475,0.13022211,0.11734437,0.10387903,0.010414405,-0.035879713,0.30393755,0.13855995,0.07643724,0.09145283,0.037650395,-0.019870335,0.31418163,0.12879345,0.06715192,0.10517849,0.15608379,-0.069271,0.028279537,0.112203985,0.065254025,0.088814855,0.1846819,-0.39448714,0.007563142
69,-0.008736808,-0.02314705,0.008174855,0.1830825,-0.2020889,0.27843985,0.08792093,0.056579527,0.085811585,0.07098322,-0.16124104,0.19719644,0.13156512,0.11737361,0.10509288,0.009619238,-0.033321813,0.305359,0.13967787,0.07621197,0.091906615,0.036447946,-0.018787386,0.3167856,0.12924284,0.0673961,0.10530583,0.15779221,-0.06970105,0.025818177,0.11220952,0.06598542,0.08887775,0.18498075,-0.39572528,0.0078002135
70,-0.011055561,-0.022495417,0.0057809637,0.18276595,-0.20476857,0.27937976,0.08657639,0.057550177,0.08436076,0.070206046,-0.16493604,0.19617131,0.13051714,0.1186739,0.1041647,0.007888152,-0.036390442,0.30475864,0.13891968,0.0761856,0.09106035,0.033505537,-0.022552013,0.3177564,0.12871644,0.06673578,0.10475071,0.15618232,-0.07342355,0.023536883,0.11191809,0.065622434,0.088742256,0.18279703,-0.39611688,0.008082069
71,-0.009485653,-0.02386505,0.0074959,0.18336385,-0.20089553,0.28199968,0.08852583,0.056973644,0.086442545,0.07056031,-0.1623292,0.19795954,0.1323034,0.119080834,0.10586386,0.007601347,-0.03266687,0.30940124,0.14065626,0.075896665,0.091974415,0.033126533,-0.021448128,0.32278556,0.13013785,0.06778847,0.10572582,0.15760016,-0.074383385,0.02375232,0.112816304,0.06617386,0.089664556,0.18490703,-0.39447585,0.007988086
72,-0.009895024,-0.02318609,0.00712861,0.18268508,-0.19869655,0.2830475,0.08873795,0.057697836,0.0866589,0.069643125,-0.16152282,0.19774562,0.13265519,0.11987225,0.1062055,0.006745106,-0.032082986,0.3100288,0.14076968,0.07568815,0.09174759,0.031729866,-0.022522468,0.32597598,0.13007385,0.067423776,0.10538892,0.15855956,-0.07685067,0.02277869,0.11253327,0.066102386,0.089412555,0.18540344,-0.39439917,0.007888935
73,-0.011941261,-0.022028321,0.005039256,0.18262778,-0.19786848,0.2835259,0.087575436,0.058270883,0.08537479,0.07040006,-0.16236034,0.19601114,0.1316992,0.12022024,0.10519903,0.007246845,-0.0337024,0.3095904,0.1400958,0.07504584,0.09076738,0.030833893,-0.026838118,0.3258205,0.12922618,0.06731579,0.10433336,0.15836857,-0.08239533,0.019626519,0.11177132,0.06639201,0.08864966,0.1862995,-0.3981439,0.007838955
74,-0.012140329,-0.022592915,0.004835228,0.1828907,-0.19605453,0.2852238,0.087980494,0.057594575,0.08592512,0.07076825,-0.16124605,0.19666314,0.13247454,0.11978646,0.1058824,0.0069617834,-0.031653177,0.31132528,0.14100897,0.07397029,0.090962335,0.02984668,-0.026525881,0.32864887,0.12969676,0.066852,0.10426759,0.16035764,-0.08357994,0.016948257,0.11160778,0.066870324,0.0883978,0.18627906,-0.39777786,0.007916825
75,-0.012035491,-0.023380486,0.0049335347,0.18264821,-0.19607554,0.28771842,0.088605046,0.05756007,0.08671288,0.06913965,-0.1618416,0.19855948,0.13344327,0.12056645,0.10687119,0.004379769,-0.031126752,0.31232974,0.1417035,0.07465943,0.09117041,0.026798677,-0.025699858,0.3319363,0.13004902,0.06690691,0.104432784,0.16095336,-0.08345399,0.014611802,0.11170485,0.0674681,0.088728875,0.18421976,-0.39747912,0.007818923
76,-0.012908566,-0.023047067,0.0041069207,0.18239291,-0.19462338,0.2886356,0.08837878,0.058108747,0.08634749,0.06904235,-0.16157052,0.19797726,0.13308975,0.12164294,0.10640753,0.003830751,-0.030140989,0.31487754,0.14135857,0.07462692,0.09041673,0.026042612,-0.026831996,0.33501485,0.129728,0.06760515,0.103974335,0.16118805,-0.086232394,0.013889933,0.11137054,0.06780195,0.088522226,0.18573287,-0.39882904,0.0076899007
77,-0.013863799,-0.022340931,0.0031643452,0.18179476,-0.19442575,0.28967783,0.088082574,0.05825483,0.08601705,0.069353744,-0.16224906,0.19774948,0.13300772,0.12174609,0.10625039,0.0037525191,-0.030402172,0.3170327,0.14175309,0.07355113,0.090281144,0.024944672,-0.029513389,0.33742824,0.13021405,0.06726298,0.10401421,0.16138475,-0.09030231,0.012019754,0.11155463,0.0676513,0.08862372,0.18585679,-0.39875305,0.007589885
78,-0.014300021,-0.022319393,0.0027652048,0.18208398,-0.19217835,0.29108936,0.08824695,0.058557115,0.08618125,0.06930729,-0.1612421,0.19792493,0.13329494,0.12243721,0.106376216,0.0032032882,-0.029654004,0.31743768,0.14178814,0.07417187,0.08979788,0.023613416,-0.030012514,0.33885518,0.12973066,0.06807695,0.1033569,0.16215955,-0.092507765,0.008762576,0.11095599,0.06875866,0.088206515,0.18628478,-0.40246058,0.007869769
79,-0.01372323,-0.022826556,0.0034411051,0.18208095,-0.1899941,0.2925979,0.089186974,0.05832571,0.08714558,0.0696293,-0.15974247,0.19866045,0.13410527,0.12291984,0.107083276,0.0027712625,-0.026228413,0.322809,0.1428019,0.07341507,0.09002012,0.023384804,-0.029080266,0.3443934,0.13075452,0.0687569,0.10391688,0.16367325,-0.093747996,0.009177516,0.11143187,0.068967246,0.08865119,0.18814921,-0.40008235,0.00828958
80,-0.015689572,-0.022473434,0.0013632869,0.18198597,-0.19318603,0.2936586,0.088125005,0.058529075,0.08609362,0.06902916,-0.16321,0.19853702,0.1336174,0.12330804,0.10660327,0.00090230315,-0.028704586,0.32285336,0.14267725,0.07318727,0.08948067,0.020321127,-0.03194074,0.34530726,0.13062169,0.068197556,0.10351164,0.16316217,-0.09709908,0.0048062624,0.111205876,0.06930331,0.08852944,0.18541451,-0.40152076,0.008504423
81,-0.015372751,-0.022591604,0.0017667166,0.18204685,-0.18950783,0.2947479,0.08879938,0.05849244,0.08678725,0.069127224,-0.1605028,0.1988712,0.13423815,0.123631194,0.107014395,0.0008452539,-0.025354374,0.32634988,0.14322016,0.07291453,0.089250155,0.020277048,-0.030927747,0.3490497,0.1307817,0.069316365,0.10326612,0.16484353,-0.09861062,0.0037457587,0.11089483,0.070090175,0.08822153,0.18778518,-0.40239218,0.008813878
82,-0.016291903,-0.021626456,0.0008958813,0.18144058,-0.1891723,0.29517674,0.08853512,0.05925744,0.08638841,0.06899563,-0.16104048,0.19801009,0.13399585,0.124631576,0.106646076,0.00023646402,-0.02535204,0.32817498,0.14302453,0.07286961,0.088634126,0.019275954,-0.032609697,0.35181424,0.13063747,0.069554254,0.102871425,0.16552629,-0.10192566,0.0019181576,0.110586785,0.0704826,0.08801264,0.18833849,-0.40372932,0.0090560345
83,-0.017081156,-0.021514092,0.000104329505,0.18130496,-0.18953615,0.2969582,0.08845544,0.059322607,0.08634213,0.06894837,-0.16204491,0.19867267,0.13422287,0.12516968,0.10679783,-0.0009796075,-0.02537512,0.32966414,0.14336148,0.072636664,0.08845726,0.017518394,-0.033492308,0.35510114,0.13094854,0.06898091,0.10281593,0.16694129,-0.10422173,-0.00088360073,0.11048597,0.07093737,0.08802695,0.18699571,-0.40415,0.009124083
84,-0.017257936,-0.021338638,-3.8963102e-05,0.18097195,-0.18834108,0.29890612,0.088767834,0.058944736,0.08674774,0.06944367,-0.16172488,0.19973107,0.13477063,0.12500711,0.10719815,-0.001181256,-0.024696749,0.33224154,0.14426884,0.07210182,0.08866646,0.016524205,-0.034830287,0.3576064,0.13163756,0.069222674,0.10305609,0.16805078,-0.10754101,-0.0036748427,0.11071372,0.071613416,0.08828327,0.18701199,-0.40596637,0.009152374
85,-0.018197272,-0.021512207,-0.0009400528,0.18172441,-0.18701474,0.3005935,0.08855006,0.058507144,0.086480245,0.071369804,-0.16156301,0.19969617,0.13466556,0.124896966,0.10680009,-0.00021269762,-0.024437975,0.3347496,0.1447355,0.07144621,0.08830091,0.015902495,-0.037559204,0.35889652,0.13167888,0.070338495,0.10263027,0.16778946,-0.1124031,-0.0066452585,0.11049658,0.07214448,0.08802845,0.18808298,-0.40755084,0.009004523
86,-0.019389486,-0.021602541,-0.0021396866,0.18218265,-0.18518563,0.30194864,0.08802787,0.05893029,0.08593066,0.07130433,-0.16059001,0.19971426,0.13430911,0.12589678,0.10631501,-0.0012591252,-0.022599751,0.3357538,0.14404832,0.071625,0.08710086,0.014750149,-0.036268026,0.3627783,0.13063748,0.07022995,0.10132433,0.16985998,-0.11317195,-0.0087690605,0.1090656,0.07290253,0.08677569,0.18798432,-0.4087164,0.0089267995
87,-0.018615918,-0.021618692,-0.0013012275,0.18195376,-0.18478419,0.3039667,0.089123145,0.058628783,0.08716291,0.07112234,-0.16084853,0.20166083,0.13567334,0.12584566,0.10742891,-0.0020584306,-0.02320124,0.33778375,0.1453231,0.07217453,0.08766183,0.012801856,-0.038061254,0.36483693,0.13158022,0.071390375,0.10192103,0.17032716,-0.117308736,-0.0130082145,0.10977523,0.074158765,0.087625116,0.1879636,-0.4131041,0.0091706095
88,-0.021085894,-0.02088699,-0.0039189416,0.18179114,-0.18348725,0.30493215,0.08706512,0.05893624,0.08508657,0.07079913,-0.15994851,0.2018073,0.13391653,0.1260849,0.105779104,-0.0029387558,-0.020645095,0.3414365,0.1442316,0.070591785,0.085999936,0.012077417,-0.036903124,0.3697613,0.13070503,0.070532344,0.10055252,0.17134035,-0.11770148,-0.011807716,0.108365126,0.0733119,0.08604907,0.18767925,-0.40869963,0.009300985
89,-0.02021323,-0.020609977,-0.0029792807,0.18158998,-0.18324488,0.30643198,0.08811444,0.05845075,0.08625046,0.07109763,-0.16039667,0.20341405,0.13514256,0.1256003,0.1067062,-0.0029685819,-0.021867592,0.344358,0.14564902,0.0710632,0.08662945,0.010503903,-0.04016967,0.37042403,0.13172807,0.072880864,0.10126754,0.17030862,-0.12339764,-0.015683576,0.10940229,0.07462886,0.08715528,0.189048,-0.4144369,0.00909624
90,-0.021006735,-0.02054985,-0.003778359,0.18193313,-0.18207726,0.30740398,0.0877588,0.058879502,0.085870914,0.07086039,-0.15971357,0.2036764,0.13482858,0.12668577,0.10634355,-0.004357457,-0.019226128,0.34767374,0.14525458,0.07072641,0.08564879,0.009787002,-0.038139053,0.37617776,0.13149035,0.07266086,0.10064424,0.17267993,-0.12364634,-0.015982557,0.10855598,0.0749045,0.08641119,0.18898888,-0.4130529,0.008854118
91,-0.021798005,-0.02009459,-0.004558102,0.18225838,-0.18424277,0.3081433,0.08761687,0.059338354,0.085656874,0.071388304,-0.16254632,0.20348701,0.13475773,0.12769035,0.10620243,-0.0054445546,-0.021092204,0.34978333,0.14532562,0.07076836,0.08529641,0.008209469,-0.041018493,0.3790122,0.13193218,0.07283783,0.100799,0.17316571,-0.12832163,-0.019086601,0.10885028,0.07558494,0.0869021,0.18812755,-0.41537172,0.008965271
92,-0.0216412,-0.020178623,-0.004346908,0.18232353,-0.17981917,0.31020957,0.08797087,0.059081703,0.086052634,0.071936026,-0.15920617,0.2048696,0.13518727,0.12779458,0.10635866,-0.0052617565,-0.017720958,0.35265654,0.14562231,0.07076786,0.08477784,0.008098908,-0.039283235,0.38301584,0.13160436,0.07375895,0.100069076,0.17566985,-0.12968682,-0.020822484,0.10794346,0.07639007,0.08603089,0.19017345,-0.4165406,0.008977104
93,-0.02251301,-0.019678352,-0.005257639,0.1821195,-0.18083486,0.31171197,0.087446414,0.05912377,0.08554167,0.071885206,-0.16058545,0.20604068,0.13490936,0.12806141,0.10596084,-0.0063306014,-0.01826454,0.35634813,0.14584321,0.07059656,0.084285624,0.006092225,-0.041079808,0.38600922,0.13187017,0.07479953,0.10001843,0.17486463,-0.1333495,-0.022695689,0.10813566,0.07651205,0.08628179,0.1897621,-0.41620657,0.008885795
94,-0.024345942,-0.019368416,-0.0071784453,0.18212116,-0.1820378,0.31346214,0.08621989,0.059246916,0.08425611,0.071970545,-0.16232532,0.20684037,0.13398546,0.12867187,0.10497466,-0.0077365884,-0.018785156,0.35891253,0.14536859,0.07004729,0.08325611,0.00430943,-0.042539377,0.38941255,0.13166212,0.07451418,0.09944329,0.1753664,-0.13656013,-0.024884073,0.107669994,0.07647086,0.08589317,0.18843523,-0.4151678,0.008661148
95,-0.02331094,-0.01888599,-0.0060100984,0.18115045,-0.17804779,0.3147064,0.08735677,0.059165478,0.085408226,0.071967214,-0.15920173,0.20764568,0.13521516,0.12868671,0.105765335,-0.007427225,-0.016356234,0.36048126,0.14604847,0.07058832,0.08323183,0.0043643108,-0.041584533,0.3921375,0.13152987,0.075882375,0.09898193,0.17841865,-0.13924074,-0.02835658,0.107000306,0.07800178,0.085314654,0.19142924,-0.4204629,0.008518134
96,-0.02454274,-0.018757889,-0.0073439,0.1811942,-0.17819878,0.31687304,0.08643557,0.058408074,0.08457553,0.07276394,-0.159852,0.20938809,0.13465285,0.12812813,0.10517791,-0.007906758,-0.015742509,0.3652209,0.14649236,0.06917062,0.08291284,0.0033521606,-0.04307668,0.39547673,0.13216981,0.07617442,0.099086046,0.17870279,-0.14282034,-0.029392326,0.107223615,0.077797145,0.08538819,0.19136322,-0.41871154,0.008523366
97,-0.025094552,-0.017721279,-0.007906585,0.18068218,-0.1814226,0.3167596,0.08631395,0.058943383,0.08444379,0.07221515,-0.16315158,0.20903291,0.13476732,0.12893145,0.10520855,-0.009726333,-0.017578568,0.3673375,0.14661784,0.06919129,0.08261525,0.0016668664,-0.045286275,0.39841688,0.13268983,0.076477624,0.09931297,0.17975937,-0.14729445,-0.03298616,0.10749807,0.07890585,0.08589802,0.19056626,-0.42284968,0.008630671
98,-0.025792157,-0.01686626,-0.008609664,0.1807295,-0.17951472,0.31663185,0.085786685,0.059538607,0.083895,0.07267315,-0.1620869,0.2079261,0.13410911,0.12990609,0.10459849,-0.010168832,-0.014824286,0.37092766,0.14605871,0.06884681,0.081531554,0.002014839,-0.04390315,0.40257093,0.1319353,0.07748319,0.09835771,0.18171751,-0.14820291,-0.03258925,0.10633751,0.07968224,0.08486431,0.19275539,-0.42347997,0.008839678
99,-0.02568175,-0.016831875,-0.008480947,0.18083446,-0.17943403,0.31808928,0.0860319,0.059171796,0.084257595,0.072919875,-0.16233082,0.20928776,0.13451283,0.1300309,0.10479542,-0.0111227,-0.013782338,0.37462777,0.14665733,0.06895314,0.081357576,0.00074143085,-0.04367467,0.40574923,0.13232185,0.0789635,0.09846468,0.18240714,-0.15054429,-0.03505425,0.106431365,0.08073337,0.08511858,0.19309765,-0.4257629,0.008727326
100,-0.02634665,-0.016102128,-0.009163782,0.18049927,-0.17945187,0.3190339,0.08554073,0.05940858,0.08378277,0.073039085,-0.16302732,0.2097496,0.13410619,0.13050754,0.10435355,-0.011925142,-0.013645361,0.37776044,0.14649357,0.06846194,0.08069018,-3.478778e-05,-0.044681195,0.4094375,0.13234888,0.07942108,0.09815979,0.1833954,-0.15398566,-0.036197614,0.106139004,0.08101687,0.08492331,0.1935154,-0.4263295,0.0085248165
101,-0.026870832,-0.01551962,-0.00971485,0.18012029,-0.1795602,0.32086992,0.08514935,0.05944393,0.08345498,0.072820604,-0.16364418,0.21153878,0.13391294,0.13085352,0.104052335,-0.01319512,-0.013689324,0.38107672,0.14651385,0.068366475,0.080119446,-0.0015801885,-0.04534807,0.41332448,0.13257201,0.08003675,0.09807544,0.18396811,-0.15721291,-0.037945252,0.10610189,0.08131251,0.08504171,0.19308342,-0.42706883,0.008111373
102,-0.027137266,-0.015016392,-0.009962816,0.18018699,-0.17911729,0.3217645,0.085100025,0.059576176,0.08341561,0.073366866,-0.16383721,0.21194747,0.13392599,0.13136591,0.10389469,-0.01371058,-0.013108436,0.38375747,0.14657092,0.06829647,0.07959023,-0.002158403,-0.045739725,0.41655967,0.13255271,0.08091157,0.09775014,0.18555604,-0.16039987,-0.040288296,0.10570256,0.08218189,0.084807485,0.19383246,-0.4293475,0.007910095
103,-0.027106913,-0.01459588,-0.009940492,0.17992698,-0.17669788,0.32320336,0.08505828,0.05953702,0.08358177,0.07293118,-0.16178145,0.21361451,0.13421147,0.13135363,0.10413258,-0.014567523,-0.010164897,0.38692853,0.14686632,0.06770964,0.07918755,-0.002516753,-0.04325148,0.42140654,0.13269673,0.08136542,0.09738547,0.18827736,-0.16130017,-0.041162767,0.1050038,0.08272803,0.08411329,0.19475971,-0.43000072,0.007826676
104,-0.028529163,-0.013563051,-0.011459149,0.17974502,-0.1777247,0.32445395,0.08384578,0.05918733,0.08243796,0.07410414,-0.16333029,0.21428919,0.13342322,0.13067216,0.10324091,-0.01423165,-0.012206452,0.3889081,0.14689246,0.067362376,0.07866227,-0.004303904,-0.0467536,0.42143425,0.13215168,0.082793616,0.096702114,0.18655537,-0.16650306,-0.04419089,0.104815885,0.082936995,0.08392839,0.19505219,-0.4319963,0.00789349
105,-0.028546277,-0.013394198,-0.011481056,0.17996286,-0.17708111,0.32535735,0.083909445,0.05926516,0.082654275,0.07397596,-0.16276284,0.21523431,0.13374396,0.13112076,0.10349102,-0.015456111,-0.010049507,0.39141217,0.14699925,0.06733146,0.07814272,-0.005089568,-0.04436509,0.42572877,0.13204838,0.08333227,0.096307985,0.1890585,-0.16692714,-0.046047974,0.10409311,0.08389404,0.083395965,0.195244,-0.4336638,0.00797485
106,-0.029138654,-0.013014878,-0.012131941,0.18004568,-0.17730594,0.32593235,0.083407916,0.05892694,0.082294255,0.07456047,-0.16331643,0.21552621,0.13354005,0.13087642,0.103323,-0.015881645,-0.009241504,0.39444867,0.14730303,0.06655831,0.07786882,-0.0057384293,-0.044631876,0.4279078,0.13207337,0.08439686,0.096056074,0.18972626,-0.16921924,-0.047268957,0.10385825,0.08445919,0.08314781,0.19613694,-0.4346962,0.008262986
107,-0.030346632,-0.012739464,-0.01345396,0.1803996,-0.18069959,0.32628706,0.082405604,0.058663744,0.08143793,0.07476005,-0.16655892,0.21578422,0.13300708,0.1308536,0.10285978,-0.017399756,-0.010266749,0.39719123,0.14734232,0.0659408,0.07734109,-0.0077304337,-0.045754146,0.42972636,0.13204433,0.085282676,0.095868774,0.18906021,-0.17159656,-0.04923424,0.103894524,0.08497303,0.083272964,0.19504142,-0.4355211,0.008337388
108,-0.030717127,-0.012838894,-0.013873442,0.1807923,-0.17738613,0.32656994,0.081957564,0.058494754,0.081243925,0.0746327,-0.16392675,0.21560647,0.13295881,0.13062923,0.10295114,-0.017682344,-0.006683937,0.397873,0.14713,0.06539252,0.07658798,-0.007616909,-0.04224114,0.43199566,0.13077255,0.086289614,0.09432683,0.19138609,-0.17041124,-0.049719095,0.102043174,0.08598263,0.081387356,0.19728601,-0.437769,0.0084097115
109,-0.03030252,-0.012565582,-0.01343892,0.18112516,-0.17984408,0.32734683,0.08243121,0.05799623,0.08188787,0.075924926,-0.16702606,0.21603979,0.13355899,0.13039768,0.103513844,-0.017919622,-0.009482595,0.40010765,0.14805396,0.06563761,0.07700818,-0.009382278,-0.04622821,0.43237716,0.13120171,0.088428594,0.094762854,0.1900244,-0.17616858,-0.05296227,0.10291523,0.08711798,0.082483836,0.198049,-0.44193116,0.008504996
110,-0.030179625,-0.012337389,-0.013327183,0.18051423,-0.17737103,0.329404,0.08241281,0.05801161,0.08214894,0.07477461,-0.16456805,0.21854407,0.13403077,0.13051583,0.104032114,-0.019411337,-0.005987425,0.40182605,0.14822982,0.064938545,0.07666703,-0.009625,-0.04203427,0.43811208,0.13150005,0.08742373,0.09445695,0.1944432,-0.17580295,-0.054132737,0.1019306,0.08735926,0.08158039,0.19759814,-0.442192,0.008522884
111,-0.03146804,-0.010410185,-0.014713388,0.17890613,-0.17806506,0.3287045,0.080883734,0.05852639,0.08070629,0.07417449,-0.16573529,0.2173998,0.1327493,0.13039222,0.10305077,-0.019770786,-0.0064745336,0.4047608,0.14772992,0.06359832,0.07597591,-0.010297908,-0.043923914,0.4395865,0.13078667,0.08886497,0.09366387,0.19247475,-0.17884707,-0.05167487,0.10153069,0.08656526,0.08099706,0.19980343,-0.44085002,0.008496967
112,-0.031448405,-0.0105380295,-0.014738693,0.1791142,-0.1796651,0.33041862,0.0809848,0.057791088,0.08113105,0.07417078,-0.1674741,0.21941072,0.13340752,0.12997195,0.103751175,-0.021274269,-0.0072405213,0.4059708,0.14842302,0.06369712,0.0761473,-0.012254395,-0.044286028,0.4415349,0.13121432,0.08945208,0.09389136,0.19364868,-0.18167304,-0.055755563,0.101722285,0.08789829,0.08147992,0.1987817,-0.44568446,0.008792368
113,-0.03180946,-0.010366175,-0.015135386,0.1793046,-0.18035369,0.33040112,0.08061775,0.057613634,0.08087475,0.07492562,-0.1687104,0.21872437,0.13309373,0.13031717,0.10362972,-0.021930143,-0.006120504,0.40893474,0.1485496,0.06259802,0.07585592,-0.012184305,-0.044224754,0.44417253,0.13122813,0.09013695,0.093708806,0.19499025,-0.18318081,-0.055474475,0.1013824,0.08831327,0.08118258,0.19988108,-0.44490117,0.009019447
114,-0.031903945,-0.01026834,-0.015239388,0.1793997,-0.18021454,0.33036768,0.08047596,0.057684693,0.08085214,0.07488809,-0.16896525,0.21829253,0.13315263,0.13068312,0.10373644,-0.022689342,-0.0049129785,0.41003102,0.1484342,0.062228072,0.07533265,-0.012544972,-0.043014724,0.44639516,0.13059238,0.091010146,0.09292143,0.1963694,-0.18376,-0.056146603,0.10045315,0.089067124,0.08032815,0.20115083,-0.4461536,0.009260095
115,-0.0314665,-0.010460599,-0.014798367,0.17936778,-0.17889312,0.33221272,0.0806938,0.057075642,0.08131499,0.074629575,-0.16804272,0.22058545,0.13376333,0.1301495,0.10425124,-0.023279741,-0.00400173,0.4118075,0.14899051,0.062303465,0.07532254,-0.013919969,-0.042034548,0.44838047,0.13053337,0.09266199,0.092683144,0.19637501,-0.1851027,-0.057492282,0.10033591,0.089593746,0.080210656,0.20220838,-0.44757944,0.009442326
116,-0.032893185,-0.0100818295,-0.01635732,0.17917514,-0.18067712,0.3333462,0.07927147,0.05677124,0.08006216,0.074103646,-0.16979185,0.22194761,0.13293283,0.12977049,0.103555284,-0.024615254,-0.0044141323,0.41374782,0.14884728,0.061060317,0.07476914,-0.015414022,-0.042320043,0.4502941,0.13055958,0.09262911,0.0923488,0.19613047,-0.1869121,-0.05832084,0.10017171,0.089211255,0.07993937,0.20076151,-0.44614565,0.009449263
117,-0.032380052,-0.009466292,-0.015804723,0.1788896,-0.18052416,0.33223107,0.079668455,0.05712898,0.08056522,0.07426838,-0.17041399,0.22006771,0.13333967,0.1303011,0.10410625,-0.024871951,-0.0040482194,0.4136322,0.1488702,0.061055176,0.07458018,-0.015024557,-0.04219643,0.45139188,0.1298857,0.093591705,0.091619864,0.19799638,-0.18814091,-0.05906062,0.09923632,0.09077158,0.07921193,0.20330699,-0.45079237,0.009442318
118,-0.032714073,-0.009124257,-0.016185565,0.17849448,-0.18121186,0.33319592,0.07912557,0.056915466,0.08023006,0.074096225,-0.17129469,0.22119823,0.1331068,0.13007969,0.10408662,-0.025730615,-0.0038433995,0.41605878,0.1491063,0.060130052,0.07449115,-0.016005553,-0.042210672,0.45363694,0.13008839,0.09414017,0.0916504,0.19762586,-0.18943593,-0.05843732,0.0993855,0.09049314,0.07932386,0.2034209,-0.44932505,0.00932933
119,-0.032066736,-0.008597695,-0.015490779,0.17784953,-0.1818629,0.3328244,0.07946408,0.05730988,0.080693856,0.073864,-0.17215568,0.22071016,0.13333778,0.13088538,0.10454437,-0.026800124,-0.0023592222,0.41917673,0.14936876,0.059370697,0.07450126,-0.015746744,-0.041054804,0.45732024,0.13055238,0.094756395,0.092000686,0.19892101,-0.18959133,-0.056409866,0.099446215,0.0907506,0.0795209,0.20472778,-0.4481035,0.0094345175
120,-0.032788187,-0.009224983,-0.016273873,0.1784049,-0.18286963,0.33405074,0.07892275,0.05662039,0.08035706,0.07428152,-0.17343083,0.22139475,0.13331589,0.13054864,0.10452699,-0.027634451,-0.0027877947,0.41825542,0.14936201,0.05934875,0.07411833,-0.017381217,-0.040815633,0.45732972,0.12967756,0.095062576,0.09108369,0.19936396,-0.1903029,-0.0598341,0.09857589,0.09178006,0.07885537,0.20381953,-0.45131087,0.009766211
121,-0.033275466,-0.00883589,-0.016815227,0.17787239,-0.18273306,0.334491,0.07819651,0.05615147,0.07985066,0.0745577,-0.17377914,0.22140817,0.1330165,0.12974204,0.10442974,-0.027511219,-0.0029403688,0.41864118,0.14955077,0.05865369,0.074051015,-0.018342702,-0.041325588,0.4570489,0.12891002,0.09613458,0.0903045,0.19820578,-0.19119969,-0.05969934,0.098094955,0.091984786,0.07825843,0.20535435,-0.45220217,0.01008571
122,-0.0326009,-0.008937106,-0.016101277,0.1776004,-0.18251827,0.33500132,0.07868987,0.05606652,0.08052979,0.074307136,-0.17383435,0.22190055,0.133641,0.1300345,0.10518008,-0.028437678,-0.0015289407,0.41995138,0.14997384,0.05806342,0.07415907,-0.018186986,-0.0399042,0.4600015,0.12930903,0.09622428,0.09038923,0.20064776,-0.19185545,-0.06005873,0.09780376,0.0926383,0.07808283,0.20607845,-0.45316255,0.010336303
123,-0.032869853,-0.008834751,-0.016392171,0.17759696,-0.18362741,0.33512023,0.07830545,0.055947177,0.08021986,0.074858,-0.17551391,0.22149743,0.13321303,0.13031094,0.10495633,-0.028990686,-0.0017726653,0.4222522,0.14992155,0.057207868,0.073860325,-0.018657826,-0.040937595,0.46164852,0.12907246,0.09705418,0.090152554,0.20016088,-0.19362043,-0.05906605,0.0977215,0.09248177,0.07802029,0.20693274,-0.45105746,0.010492566
124,-0.03293743,-0.009375227,-0.016460879,0.17791553,-0.18453725,0.33594316,0.07831141,0.055888295,0.080324106,0.074562,-0.17658171,0.22210798,0.13345684,0.13084105,0.105153695,-0.030368347,-0.0017119315,0.4219755,0.14965452,0.057321776,0.07328951,-0.019721162,-0.04001429,0.46352533,0.12846647,0.09720614,0.08946775,0.20140897,-0.1941203,-0.061035424,0.09690253,0.09319352,0.07744664,0.20633918,-0.45249543,0.010596902
125,-0.03366821,-0.009401022,-0.017258609,0.17779312,-0.1838413,0.33705634,0.077477,0.055267204,0.07965028,0.07489756,-0.1764375,0.2228245,0.13303612,0.13007833,0.10481131,-0.030285576,-0.0016657283,0.42207098,0.14962362,0.05669484,0.072962746,-0.020642811,-0.04023368,0.46344095,0.12759036,0.097927414,0.08849037,0.2008607,-0.19521117,-0.061852656,0.096167445,0.09326732,0.07658898,0.20718324,-0.45283246,0.010709092
126,-0.033243276,-0.009405491,-0.016827445,0.17727466,-0.18370447,0.33753705,0.07759542,0.054801926,0.08001433,0.0747713,-0.17675404,0.2231037,0.13345107,0.12959667,0.10543507,-0.030643282,-0.0013417752,0.42256773,0.15023947,0.056062683,0.07333226,-0.021082453,-0.04017436,0.4641113,0.12760596,0.098663405,0.088345036,0.20108767,-0.19597745,-0.06164468,0.096051425,0.093768135,0.076411754,0.20852746,-0.45380104,0.010815396
127,-0.033042423,-0.009587712,-0.01663896,0.17684121,-0.1841682,0.33867043,0.0775993,0.054259945,0.08027815,0.07441276,-0.17748757,0.22425148,0.13389304,0.12905785,0.10602216,-0.031450916,-0.0019076804,0.42195818,0.15062883,0.05589206,0.07350809,-0.022221498,-0.040278222,0.46467003,0.12748915,0.09884457,0.08807754,0.20151332,-0.1971253,-0.06318852,0.095822625,0.09450696,0.07628323,0.2085771,-0.45669937,0.010934096
128,-0.033546407,-0.009174083,-0.017175173,0.17637508,-0.18410294,0.33836403,0.076903045,0.054428138,0.07968614,0.07445786,-0.17799029,0.22325717,0.13321222,0.12938027,0.10569525,-0.03195915,-0.0008659316,0.42349175,0.15032083,0.054391783,0.07305933,-0.02168039,-0.040060386,0.4666995,0.12709248,0.09877266,0.0874506,0.20249829,-0.19794144,-0.061303493,0.095045835,0.09411186,0.075413756,0.20973463,-0.45414123,0.0110729085
129,-0.032887764,-0.008960477,-0.016463114,0.17624384,-0.18694237,0.33837125,0.07747127,0.05473689,0.08034071,0.074318305,-0.18091708,0.22333367,0.133743,0.13012223,0.10626264,-0.033277787,-0.002846993,0.42439434,0.15042426,0.05487626,0.07299338,-0.023065109,-0.041533332,0.4685148,0.12714797,0.09958786,0.087660566,0.20205504,-0.20033208,-0.06232662,0.095411226,0.09480923,0.07614279,0.20950215,-0.45606378,0.010978932
130,-0.03317405,-0.008922953,-0.01678994,0.17584623,-0.18592678,0.339366,0.076848015,0.054492384,0.07992295,0.07386752,-0.17999262,0.22452661,0.1334749,0.12971586,0.106202506,-0.033803575,-0.0012381317,0.42571142,0.15048197,0.053894825,0.07278535,-0.023618568,-0.039858844,0.47034094,0.12690368,0.09986305,0.0872381,0.20219316,-0.1997766,-0.061301317,0.09497384,0.09420586,0.07551148,0.21007966,-0.45319006,0.011048465
131,-0.0328636,-0.009114931,-0.016473196,0.17570609,-0.18640126,0.3391212,0.076974094,0.05422812,0.08025539,0.07375872,-0.18056545,0.22405058,0.13394886,0.1294621,0.1068679,-0.03419861,-0.0006203639,0.42527363,0.1510013,0.053144112,0.073081106,-0.023669751,-0.0391729,0.47086877,0.12684287,0.09995922,0.08695192,0.20346798,-0.19995013,-0.06206684,0.09453466,0.09483302,0.07501194,0.21089923,-0.45447534,0.01121472
132,-0.033085313,-0.009451346,-0.016721956,0.1755514,-0.18691197,0.33976337,0.076584555,0.05377153,0.080017716,0.07347043,-0.18091887,0.22467698,0.13403851,0.12904893,0.10694491,-0.03482584,-0.00012133278,0.42487037,0.15117176,0.05276269,0.07296141,-0.024744207,-0.038012594,0.47124165,0.12635851,0.10021918,0.08638387,0.20360045,-0.19948372,-0.06344669,0.094007984,0.09503935,0.074420534,0.21078534,-0.4548159,0.011384373
133,-0.032804616,-0.009252285,-0.016419934,0.17520277,-0.18738139,0.33979517,0.07662333,0.05362878,0.0801464,0.073867895,-0.18160929,0.22449937,0.13412392,0.12894566,0.10709917,-0.03486892,-0.0003389535,0.42581138,0.15133151,0.052601498,0.07293384,-0.025434313,-0.03840348,0.47201446,0.12591143,0.10121216,0.08608314,0.20289487,-0.20036846,-0.06329856,0.09389393,0.09518582,0.0743351,0.21215126,-0.45481417,0.011549919
134,-0.033256747,-0.009585223,-0.01690707,0.17518623,-0.18795763,0.34086585,0.07614057,0.05326851,0.07976473,0.07393067,-0.1820182,0.22561729,0.13395049,0.1287867,0.10694663,-0.03556725,0.00020254536,0.42630258,0.15125078,0.051878884,0.072586656,-0.026015967,-0.03761491,0.4736557,0.12573956,0.100699805,0.08566835,0.2041116,-0.20114863,-0.064831614,0.0933647,0.09506037,0.07381734,0.21139555,-0.4540419,0.011599979
135,-0.03268558,-0.0095784515,-0.016290102,0.17499314,-0.18853071,0.3412806,0.076539256,0.052976504,0.08023124,0.074529774,-0.1828738,0.22588588,0.1343567,0.12866737,0.107289344,-0.0355207,-0.0005508721,0.42711246,0.15158653,0.052090317,0.072694555,-0.026849952,-0.03855668,0.47425443,0.12545048,0.10190922,0.08552458,0.20345277,-0.20293358,-0.06571683,0.09345696,0.09550519,0.07400351,0.21269895,-0.45530906,0.011447043
136,-0.033168025,-0.009831823,-0.01680179,0.17506622,-0.18894026,0.34073538,0.0759666,0.0530385,0.07971318,0.07444904,-0.18339525,0.22481969,0.13386346,0.12913156,0.10701587,-0.036275,0.00116973,0.42815122,0.15132861,0.050700855,0.07223527,-0.026328964,-0.03712185,0.47592893,0.12505691,0.101641476,0.084908545,0.20479223,-0.202195,-0.06460867,0.09258709,0.09518219,0.07301643,0.2130967,-0.45212066,0.011442719
137,-0.032519475,-0.009654559,-0.016096728,0.17456172,-0.19135122,0.34051916,0.076524206,0.053239066,0.080304556,0.07410721,-0.18563703,0.22465588,0.1344773,0.12959611,0.10754899,-0.037233718,-0.00038218623,0.42811865,0.15145984,0.05119516,0.07223548,-0.027424771,-0.038085442,0.4769536,0.12495322,0.10217748,0.084930986,0.20468116,-0.20391393,-0.06615464,0.09272685,0.09588849,0.073414646,0.21314187,-0.4546855,0.011349792
138,-0.03254075,-0.009819398,-0.01613255,0.17426954,-0.1906829,0.34120476,0.07626536,0.052935056,0.08021085,0.0738936,-0.18513691,0.22535336,0.13446867,0.12918663,0.1076973,-0.037498504,0.00044843083,0.42872185,0.15156282,0.050547596,0.072128676,-0.027935192,-0.037353043,0.47797555,0.12452728,0.10266799,0.08441721,0.2046044,-0.20408808,-0.065792166,0.09228967,0.09563442,0.07284852,0.21407434,-0.4534346,0.011360512
139,-0.0325654,-0.010165488,-0.016176367,0.17418641,-0.19028893,0.34230387,0.076138504,0.052341435,0.08025892,0.07409946,-0.18497588,0.22635914,0.13468042,0.12859346,0.10799617,-0.03758762,0.00073072815,0.42861688,0.1519203,0.050097566,0.072251625,-0.028472578,-0.03719087,0.4783704,0.12427874,0.1029283,0.08399978,0.20510228,-0.20502478,-0.06695389,0.09191235,0.09591036,0.072413124,0.214605,-0.45412856,0.011316623
140,-0.03274707,-0.010622241,-0.016377604,0.17422564,-0.19100842,0.34217504,0.07585508,0.052209992,0.08007938,0.07395231,-0.18585892,0.22583711,0.13452046,0.12887546,0.108064204,-0.038509168,0.0015600168,0.42901888,0.15180981,0.049215965,0.07197276,-0.028512642,-0.03643055,0.47958857,0.123876095,0.102780044,0.08348309,0.20605649,-0.20478193,-0.06663881,0.09125008,0.095972255,0.071749695,0.21492694,-0.452646,0.011288143
141,-0.032362033,-0.010282978,-0.01596886,0.17360722,-0.19307871,0.3423824,0.07606346,0.05224392,0.080352075,0.07369184,-0.18790948,0.22622596,0.1348145,0.12897828,0.108358756,-0.039260034,-0.00021809296,0.429571,0.15193419,0.049605627,0.07198286,-0.029904978,-0.037802774,0.48039055,0.1237386,0.10355371,0.083528966,0.20493914,-0.20664872,-0.06745088,0.091602735,0.09637084,0.07229714,0.21511304,-0.4544004,0.011249896
142,-0.03208262,-0.010230832,-0.015676579,0.17304938,-0.19216608,0.3423223,0.076016635,0.052334577,0.08042157,0.07312269,-0.18708117,0.22614397,0.13488479,0.12910789,0.108619325,-0.039721806,0.0017547403,0.43062896,0.15204816,0.04876163,0.07192267,-0.029551808,-0.035979863,0.4822319,0.123600386,0.10378818,0.083233066,0.20595928,-0.20577034,-0.06602407,0.09110194,0.09609158,0.07165457,0.21649878,-0.4520612,0.011174481
143,-0.032138836,-0.010244783,-0.015744204,0.1726676,-0.1931555,0.34239164,0.07584977,0.052127566,0.080343544,0.07309406,-0.18820107,0.2259653,0.13488063,0.129027,0.10873959,-0.040222764,0.0013807968,0.4306986,0.15211579,0.04834557,0.07186111,-0.030013943,-0.0364084,0.48274592,0.123293474,0.10389647,0.08287825,0.2061703,-0.20676698,-0.06655799,0.09080314,0.09634002,0.071388304,0.21690252,-0.45261794,0.011134016
144,-0.03207193,-0.010808085,-0.015670722,0.17308702,-0.1945803,0.34307563,0.07598688,0.051620565,0.080548584,0.07375923,-0.18966296,0.22645661,0.13517974,0.12893596,0.10893999,-0.040577374,0.0004991231,0.43046415,0.1523468,0.048649807,0.07185411,-0.030996269,-0.037029065,0.48277992,0.122981265,0.10430569,0.08264419,0.20632778,-0.2080225,-0.0691501,0.09066946,0.09717708,0.07145022,0.21664162,-0.45485243,0.011250962
145,-0.032391917,-0.010317014,-0.016022146,0.17209433,-0.19384764,0.3436549,0.07542799,0.051603798,0.080124125,0.07311738,-0.18868916,0.22724862,0.13502195,0.12837428,0.10889277,-0.040684212,0.0013049772,0.4302987,0.1522442,0.04804077,0.0716228,-0.031511027,-0.036002196,0.4837814,0.12242862,0.104121365,0.08193303,0.20666675,-0.20808281,-0.06933044,0.08997605,0.096754305,0.07061199,0.21724619,-0.45418978,0.0115070315
146,-0.031828362,-0.009909118,-0.015411641,0.17119075,-0.19373848,0.34379545,0.075706504,0.05155042,0.08045356,0.07308285,-0.18847108,0.2274693,0.13531804,0.12830627,0.109184004,-0.040598683,0.0022719908,0.4320991,0.15281717,0.047387414,0.07200917,-0.031236121,-0.035643205,0.4852241,0.12295209,0.10460638,0.082303196,0.20713983,-0.20905364,-0.06882709,0.09029261,0.09643345,0.0707947,0.21846803,-0.45252186,0.011631978
147,-0.03179016,-0.010180191,-0.015362744,0.1713727,-0.19578676,0.34387368,0.07579287,0.05146683,0.0805715,0.073323585,-0.1903085,0.2274572,0.1354919,0.12859924,0.10932302,-0.041331176,0.0014286282,0.43220487,0.15281397,0.04755023,0.07184083,-0.03216312,-0.03606959,0.4859532,0.12266358,0.104737826,0.082121484,0.20724641,-0.20992644,-0.070453756,0.09017132,0.0969232,0.07087913,0.21798585,-0.4533585,0.011822001
148,-0.032227427,-0.010021805,-0.015821833,0.17129734,-0.19566901,0.34331182,0.07524236,0.051494554,0.08002795,0.07382127,-0.19041763,0.22629713,0.13491182,0.1286846,0.108883984,-0.04123142,0.0019925623,0.43255547,0.15232603,0.047145754,0.07125735,-0.032317944,-0.035729587,0.48642635,0.12145363,0.10506225,0.08111179,0.20705417,-0.20948705,-0.06986529,0.08923632,0.09680023,0.0699227,0.2194107,-0.4519939,0.011953283
149,-0.03171432,-0.010659693,-0.015285977,0.17119719,-0.19601905,0.3444625,0.07559711,0.05108403,0.0805292,0.07360416,-0.19051212,0.22788052,0.13544464,0.12859863,0.109469615,-0.042020887,0.0028758934,0.4335185,0.1528648,0.046736002,0.07157709,-0.03256161,-0.03477095,0.4881228,0.122150026,0.104926534,0.08157426,0.20831813,-0.20999563,-0.070695296,0.089497216,0.09689502,0.07023651,0.2190362,-0.45125663,0.012004242
150,-0.031434078,-0.010653468,-0.015000135,0.17073676,-0.19734289,0.3444389,0.07563924,0.050813355,0.08066341,0.073582314,-0.19199078,0.22768138,0.13561712,0.12842676,0.10973088,-0.042416103,0.0018520302,0.4334921,0.15313505,0.046929117,0.071756005,-0.033618003,-0.03554984,0.4878413,0.1218123,0.10572442,0.08146262,0.20710184,-0.2104002,-0.070934296,0.089669734,0.09738918,0.07048802,0.21976352,-0.45283043,0.012108991
151,-0.03207728,-0.01088897,-0.015710207,0.17049295,-0.19684567,0.344965,0.07484954,0.050542835,0.080033846,0.073070064,-0.19128616,0.22822721,0.13530953,0.12790702,0.10962542,-0.04284039,0.0030351735,0.43258065,0.1529632,0.046127524,0.07145117,-0.034013707,-0.033967666,0.4882087,0.121139504,0.105146505,0.08059439,0.20788102,-0.20932014,-0.0713872,0.08870966,0.09716769,0.06938282,0.21973275,-0.45195633,0.01217187
152,-0.031573545,-0.010825976,-0.015164034,0.17025211,-0.19767939,0.34500962,0.07524836,0.05018209,0.08046113,0.07385261,-0.19231917,0.22800164,0.1356661,0.12775089,0.109925,-0.042496573,0.0023991338,0.43341783,0.15353909,0.04609627,0.07185643,-0.034187187,-0.035158694,0.48825628,0.12127452,0.10598467,0.080777146,0.207718,-0.21124633,-0.07240681,0.08904524,0.09766366,0.069751136,0.22086549,-0.4533164,0.012199605
153,-0.031401586,-0.010530557,-0.0149724195,0.16959824,-0.19874464,0.34540567,0.0752854,0.050642885,0.08053493,0.07304875,-0.19295084,0.2288465,0.13572848,0.12844886,0.11005088,-0.043843053,0.002827316,0.43451527,0.15324841,0.04593411,0.07145903,-0.03448196,-0.034292128,0.4911433,0.12146821,0.105385154,0.08083652,0.20919178,-0.21201664,-0.072741985,0.08884686,0.09749046,0.069758475,0.22018267,-0.45230883,0.012122153
154,-0.03158866,-0.010121818,-0.0151782455,0.16878538,-0.19773288,0.34564847,0.0748114,0.050453994,0.080143094,0.07303228,-0.19200438,0.22893229,0.13545963,0.12779635,0.109873354,-0.04342863,0.0031397978,0.43427086,0.15308568,0.045739274,0.07121711,-0.035190728,-0.03403337,0.4911102,0.120419234,0.10591792,0.07994313,0.20825145,-0.21199302,-0.07252463,0.08821973,0.09711775,0.068972684,0.22185804,-0.45191073,0.012185437
155,-0.031170906,-0.010408642,-0.014732058,0.1686676,-0.19983271,0.3454195,0.0750905,0.05012258,0.080456294,0.07340504,-0.19412498,0.22842318,0.13572688,0.12798294,0.11015809,-0.043908797,0.0024808506,0.4351827,0.15364839,0.045574363,0.07162443,-0.035607338,-0.03489419,0.49114594,0.12077407,0.106517166,0.080394626,0.20785868,-0.21283033,-0.07297577,0.08878512,0.09757893,0.069609724,0.22211218,-0.45217067,0.012269021
156,-0.031534497,-0.011372386,-0.015134326,0.16913094,-0.20004821,0.34571013,0.07467941,0.04965187,0.08016271,0.07343491,-0.19453639,0.22827901,0.13554391,0.12799454,0.110158876,-0.044696826,0.0033499782,0.43441638,0.1535339,0.04517007,0.07135817,-0.035885952,-0.03374791,0.49112415,0.12011089,0.106309004,0.079707466,0.20870395,-0.21157257,-0.0736912,0.08795801,0.09806558,0.06883165,0.22211286,-0.45230162,0.012401053
157,-0.031426232,-0.011218108,-0.015016768,0.16855568,-0.20086703,0.34556672,0.074560426,0.04996495,0.08009173,0.07285777,-0.19521661,0.22818165,0.13536644,0.12862527,0.11018867,-0.04582257,0.0041538104,0.43575147,0.15333307,0.044570684,0.07108293,-0.035773017,-0.03297453,0.49330604,0.12022322,0.1059537,0.079742275,0.20964867,-0.21163082,-0.072622694,0.08777904,0.0977251,0.06873198,0.22216707,-0.4499869,0.012433324
158,-0.031585317,-0.011416088,-0.015199261,0.16852114,-0.20030697,0.34674305,0.07435283,0.04926082,0.080030784,0.0733288,-0.19489387,0.22924493,0.1355227,0.12756148,0.11030891,-0.045253314,0.0031288294,0.4343487,0.15355505,0.045041166,0.07116393,-0.037217252,-0.03371401,0.49202684,0.11929129,0.106774434,0.07895153,0.20835193,-0.212664,-0.07476399,0.08739795,0.098223284,0.06834194,0.2227104,-0.45323655,0.012339653
159,-0.031055829,-0.011717895,-0.014609595,0.16872226,-0.19958338,0.34717464,0.07473033,0.0486648,0.08041899,0.07489353,-0.19476354,0.2290701,0.1355327,0.12754841,0.11030305,-0.04447447,0.00394893,0.43710625,0.15422411,0.04457993,0.07160866,-0.036865585,-0.0343493,0.4924596,0.1195189,0.108274184,0.079331264,0.20753558,-0.2141035,-0.07397124,0.08794451,0.09789654,0.06878725,0.22454637,-0.4505774,0.012282882
160,-0.030725906,-0.01162809,-0.014214059,0.1682476,-0.1997119,0.34739074,0.075198896,0.049355596,0.08087898,0.07410609,-0.19445127,0.22940598,0.1360061,0.12869474,0.11066677,-0.04575959,0.0050709173,0.43602148,0.15369247,0.044979177,0.07101355,-0.036115486,-0.032538217,0.49509516,0.11951457,0.10668681,0.07899371,0.21188451,-0.21453828,-0.076622434,0.08679947,0.09876491,0.06809671,0.22358318,-0.45362425,0.012077965
161,-0.031185398,-0.011436841,-0.014718336,0.16772437,-0.20073818,0.3482904,0.07447995,0.04859881,0.08022105,0.07494526,-0.19580413,0.23010331,0.1352862,0.12790261,0.11006335,-0.045415852,0.0038102856,0.4384102,0.15398704,0.04451012,0.07120305,-0.03764376,-0.034487866,0.4945492,0.11926061,0.10813166,0.079118736,0.20816432,-0.21602239,-0.07546423,0.08768808,0.097932875,0.06885547,0.2241816,-0.45116225,0.011893139
162,-0.030994618,-0.010468559,-0.014531982,0.16575511,-0.20161775,0.34754634,0.07428139,0.049616314,0.080171086,0.072559945,-0.1960873,0.22963937,0.13541223,0.12858436,0.1105891,-0.04735403,0.004506934,0.43662,0.15343146,0.044180106,0.07080192,-0.037449878,-0.03264797,0.4967931,0.11917082,0.10616075,0.07872804,0.21087724,-0.21482891,-0.074998505,0.08671135,0.098150834,0.068125546,0.22372283,-0.45302093,0.011827796
163,-0.030972036,-0.010924312,-0.014525702,0.16524446,-0.20112365,0.3485818,0.074030966,0.048782293,0.080085,0.07263645,-0.19529486,0.23076099,0.13558833,0.12748723,0.11080584,-0.04703981,0.0051631606,0.43633497,0.15409525,0.0436522,0.07130126,-0.038344115,-0.032089315,0.4959758,0.1190824,0.10660104,0.07863564,0.20980951,-0.21455373,-0.07571911,0.08688803,0.097681254,0.06805392,0.22434907,-0.45195365,0.011851446
164,-0.03088807,-0.011429582,-0.014419592,0.16543254,-0.2020662,0.3486485,0.07413651,0.04812324,0.080174655,0.07376674,-0.19626577,0.23022674,0.13572326,0.12723346,0.110788845,-0.046574015,0.0047656344,0.43638152,0.15459853,0.043683104,0.071645044,-0.038858563,-0.03287279,0.4947658,0.1188278,0.10733216,0.078591704,0.20896795,-0.21507894,-0.07716933,0.087086074,0.097991444,0.06822708,0.22506873,-0.45221907,0.012096892
165,-0.030620616,-0.011862257,-0.014100406,0.16590682,-0.20302136,0.34796047,0.07451846,0.048316482,0.08047989,0.07424581,-0.1972526,0.22898693,0.13594109,0.12824433,0.11088864,-0.047035914,0.005396708,0.43650866,0.1545427,0.043994743,0.0714568,-0.03849916,-0.032164324,0.49536607,0.11850482,0.10753191,0.07843031,0.21025817,-0.21437247,-0.07805113,0.086654186,0.09878411,0.068022355,0.22553287,-0.45261037,0.01229429
166,-0.030898802,-0.012054707,-0.014387078,0.16586608,-0.20382348,0.34867254,0.07419786,0.04811065,0.08015967,0.074433215,-0.19775034,0.22986458,0.1356959,0.12824862,0.110574074,-0.047388475,0.005463576,0.4376716,0.15449667,0.043863326,0.071261406,-0.03938256,-0.032019354,0.49605244,0.11831748,0.10792718,0.07839009,0.20938578,-0.21471243,-0.07847077,0.08680764,0.09829409,0.06818237,0.22519036,-0.4504904,0.012443561
167,-0.030885411,-0.011433795,-0.014359936,0.16494258,-0.2042053,0.3481285,0.074145935,0.04858084,0.08011779,0.07378939,-0.19797179,0.22912402,0.13578272,0.12869899,0.11072196,-0.047864083,0.006028101,0.4371477,0.15438665,0.04349524,0.07110829,-0.038766105,-0.0314384,0.4971064,0.11821349,0.1072162,0.0780314,0.21140607,-0.21518552,-0.079044856,0.086120024,0.09859703,0.0675517,0.22557324,-0.45161596,0.012500724
168,-0.030977627,-0.011486765,-0.014479817,0.16452724,-0.20350233,0.34940904,0.07380795,0.047828175,0.079909265,0.07423024,-0.19730778,0.23059323,0.13569458,0.12758045,0.11069346,-0.047128096,0.0061512683,0.43835935,0.15504363,0.04304165,0.07160855,-0.03973212,-0.031802893,0.49655873,0.118208,0.10836511,0.0781214,0.20923649,-0.2158079,-0.07867595,0.08670457,0.09795205,0.067862466,0.22651054,-0.44986874,0.012556506
169,-0.031041635,-0.011564851,-0.014538539,0.16440894,-0.2047473,0.34886765,0.07384578,0.048265003,0.07996414,0.07362012,-0.19841322,0.22985853,0.13582721,0.12838812,0.11091836,-0.048274215,0.0062739644,0.43735477,0.15469058,0.04307509,0.071223915,-0.039491843,-0.031170743,0.49761397,0.11792124,0.10746513,0.07769359,0.21133158,-0.21562837,-0.079706974,0.08589529,0.09873832,0.06732701,0.22598779,-0.45174417,0.012526102
170,-0.031226564,-0.011480556,-0.014736809,0.16416873,-0.20444947,0.34940168,0.073548235,0.04793469,0.07971319,0.07397847,-0.19825028,0.23028873,0.13564585,0.1279268,0.11073952,-0.047860358,0.006292769,0.4381264,0.15486985,0.043005906,0.07127217,-0.040277913,-0.031344313,0.49741247,0.11739097,0.10843668,0.077357136,0.20985769,-0.21586294,-0.07964786,0.085909754,0.098552704,0.06723736,0.22692938,-0.45111424,0.012466963
171,-0.031193025,-0.011644212,-0.014683008,0.16404948,-0.20567432,0.3499901,0.07370847,0.047888882,0.07988967,0.07382951,-0.19901527,0.23109397,0.136009,0.1280621,0.11093362,-0.048392076,0.005915646,0.4377169,0.15500809,0.043132942,0.07126844,-0.040648807,-0.031402666,0.4980211,0.11760418,0.10803918,0.07739595,0.21098149,-0.21717931,-0.08198817,0.08583318,0.09892628,0.067312695,0.2258717,-0.4524266,0.012320109
172,-0.031198261,-0.011623201,-0.0146567365,0.16427375,-0.20604241,0.34937716,0.07368965,0.047969777,0.07984824,0.074590035,-0.19965024,0.22990118,0.13576968,0.12850213,0.1107316,-0.04828049,0.0060972376,0.4387014,0.15486997,0.043117683,0.071028925,-0.040706903,-0.031584635,0.49836713,0.1169116,0.10879742,0.07699601,0.2104599,-0.21718377,-0.08161469,0.08552773,0.09906308,0.06709185,0.22696888,-0.45154917,0.012249129
173,-0.03143109,-0.012185769,-0.014894384,0.16431364,-0.20418525,0.35064566,0.0733927,0.047482308,0.079662934,0.07475021,-0.1973534,0.23129804,0.13584605,0.12786362,0.110727385,-0.047872435,0.008353298,0.4385698,0.15519433,0.042536736,0.07111681,-0.040901553,-0.02945934,0.49845362,0.116659574,0.1089197,0.07662302,0.21096383,-0.216038,-0.08257696,0.08506675,0.09837534,0.06638706,0.2272652,-0.44844973,0.012263424
174,-0.030552564,-0.011265001,-0.013955112,0.16257386,-0.20620747,0.35038573,0.07394819,0.04811674,0.080339506,0.07339461,-0.19879156,0.23138212,0.13660614,0.12828682,0.11160553,-0.048938517,0.0076069124,0.43841398,0.1557217,0.042729497,0.07166008,-0.04140468,-0.029606082,0.49971125,0.117466755,0.10860811,0.07736901,0.21140875,-0.21658869,-0.08254761,0.08569277,0.0987185,0.06721712,0.22699243,-0.44984743,0.0121457465
175,-0.031110117,-0.011351127,-0.014586082,0.16180894,-0.20629138,0.35142428,0.07313545,0.047269188,0.079750106,0.07356865,-0.19879776,0.2321309,0.13633755,0.12694718,0.111589536,-0.048638456,0.0071378388,0.43700927,0.15617506,0.04228726,0.07207178,-0.042737484,-0.029926721,0.49797028,0.11695399,0.10851198,0.07690362,0.20991568,-0.21613687,-0.08328804,0.08559139,0.09866114,0.06696702,0.22704779,-0.45066035,0.012403354
176,-0.030635066,-0.01190053,-0.014061564,0.16164239,-0.20604537,0.35189608,0.0735,0.047129817,0.08020074,0.07357779,-0.1983197,0.23255149,0.1366961,0.1272152,0.11198921,-0.049179785,0.0084118545,0.4372958,0.1563843,0.042129923,0.07216245,-0.042651482,-0.028759027,0.4990378,0.11709656,0.10843858,0.07703046,0.21100293,-0.21581161,-0.083682224,0.08546144,0.09862378,0.06694615,0.22727172,-0.4493907,0.012497046
177,-0.030857373,-0.011987272,-0.0142430365,0.1620902,-0.2064561,0.35012302,0.07335697,0.04727206,0.079924956,0.074999966,-0.19951507,0.22917503,0.13596958,0.12829939,0.111371994,-0.048985895,0.009120757,0.43879166,0.1559799,0.041561782,0.07168862,-0.041655228,-0.029368797,0.49898425,0.11605941,0.10921868,0.07636236,0.21088985,-0.2157869,-0.082386255,0.08477476,0.09858936,0.0662677,0.22936757,-0.44670457,0.012535598
178,-0.030243553,-0.011354157,-0.013535039,0.16144167,-0.20896281,0.3495649,0.074144095,0.048400853,0.080630116,0.0739685,-0.2014641,0.22888896,0.13666686,0.12995769,0.11185789,-0.05058262,0.008483323,0.43880463,0.15577708,0.042181537,0.071422115,-0.041333497,-0.029411627,0.5014174,0.11669914,0.108450286,0.0768,0.21356058,-0.2177273,-0.08418247,0.08470503,0.0993346,0.06667479,0.22797596,-0.44871676,0.012678746
179,-0.031424977,-0.011996333,-0.0148094585,0.16202529,-0.20811272,0.3517053,0.07297218,0.047294017,0.07960917,0.07514126,-0.20080675,0.230844,0.1358108,0.12877381,0.11109662,-0.05001405,0.008663675,0.43948936,0.15596849,0.041727155,0.07142443,-0.043037936,-0.029482655,0.5001982,0.11595027,0.109219134,0.076250724,0.21090502,-0.21782161,-0.08498626,0.08473952,0.09845965,0.066515476,0.22737749,-0.44624698,0.0126718385
180,-0.030999418,-0.01180554,-0.014340577,0.16176446,-0.20766516,0.3517909,0.07340547,0.04749354,0.08013602,0.07501506,-0.2005369,0.23061755,0.13638677,0.12890206,0.111656934,-0.049973194,0.008480999,0.43781886,0.15610987,0.042402443,0.07151173,-0.043179926,-0.029270692,0.5001358,0.115466796,0.10929222,0.0757608,0.21194844,-0.2179789,-0.08637108,0.084104836,0.099461615,0.06605742,0.22797313,-0.44968018,0.012624649
181,-0.03066229,-0.0110669965,-0.013974548,0.16096936,-0.20937034,0.35107118,0.07355861,0.047614448,0.08032782,0.07537656,-0.20271207,0.22931328,0.13627765,0.12934548,0.111827284,-0.050034456,0.007984376,0.44053116,0.15697846,0.04118623,0.072343566,-0.042426385,-0.031191299,0.50065273,0.11664686,0.10985313,0.076772325,0.2112056,-0.22035089,-0.08412582,0.08523797,0.09899745,0.06707238,0.22856072,-0.4472398,0.012436646
182,-0.031315017,-0.012138672,-0.014708461,0.1616385,-0.20608568,0.35283098,0.07289634,0.046950314,0.07996817,0.0752647,-0.19956376,0.23105866,0.13627037,0.12835726,0.11211292,-0.049885713,0.010544977,0.4378902,0.15704614,0.04080603,0.072275795,-0.042567875,-0.028172562,0.5000481,0.11573558,0.10907195,0.0755701,0.21310306,-0.21790482,-0.085834354,0.08369035,0.09934924,0.065440014,0.22851096,-0.44820604,0.012465531
183,-0.030284343,-0.011320028,-0.01361075,0.16048028,-0.20871678,0.35194364,0.073513456,0.04762919,0.08068583,0.07429532,-0.20250924,0.23010361,0.13672547,0.12933937,0.11285101,-0.051078252,0.009301169,0.43973812,0.15783416,0.040731363,0.07308874,-0.0429423,-0.029373579,0.50104576,0.11684222,0.11006068,0.07684792,0.21157932,-0.21866384,-0.08348971,0.085116155,0.09952026,0.06705733,0.22855493,-0.44787675,0.012649705
184,-0.031166745,-0.01221065,-0.014546009,0.16174142,-0.20974933,0.35283494,0.0728794,0.047136955,0.08011828,0.075150706,-0.20392603,0.23046239,0.13628137,0.12928183,0.1123791,-0.05146289,0.007860056,0.43848068,0.15743066,0.04188759,0.072581634,-0.045259967,-0.02968591,0.49960944,0.11519166,0.11085191,0.07582388,0.20941325,-0.217325,-0.085539974,0.084524035,0.100521244,0.06678299,0.22762084,-0.45023087,0.012591259
185,-0.03222589,-0.012978831,-0.01572224,0.1617776,-0.20561013,0.3535736,0.07160955,0.046624042,0.07926167,0.07494534,-0.20071484,0.23014194,0.13540958,0.12868401,0.1124591,-0.051763784,0.012118774,0.43744045,0.15755172,0.0398757,0.072685175,-0.044478785,-0.026220106,0.49931294,0.11427251,0.10998803,0.074524134,0.21080059,-0.214134,-0.08366093,0.08279696,0.09974961,0.06474648,0.22868623,-0.44713008,0.012113747
186,-0.030676253,-0.011353174,-0.014065078,0.15987343,-0.20753229,0.3525515,0.07279896,0.04755402,0.080664575,0.074308954,-0.20294802,0.22883861,0.13622189,0.12965646,0.1137852,-0.052807663,0.010824875,0.43894452,0.15838583,0.039602406,0.07362495,-0.04380822,-0.02838885,0.5014938,0.11583784,0.109824546,0.07585192,0.21184249,-0.21824184,-0.08231634,0.08385352,0.09997227,0.06613214,0.22933105,-0.44893047,0.011873311
187,-0.03042258,-0.01058042,-0.013750826,0.15967801,-0.20805995,0.35329142,0.073231965,0.047752257,0.08107165,0.075196944,-0.20335172,0.22969607,0.13640901,0.12999943,0.11375004,-0.052576724,0.010131047,0.44071785,0.1585702,0.040036343,0.07368039,-0.044133157,-0.029572165,0.5029801,0.116251856,0.110262774,0.07627636,0.21202722,-0.22188656,-0.08388851,0.084327884,0.09973428,0.06681433,0.22891594,-0.44915548,0.011813033
188,-0.031007571,-0.011153082,-0.014356786,0.16056415,-0.20624688,0.35455126,0.07281322,0.047293264,0.08071891,0.076100014,-0.20175272,0.23070146,0.13616635,0.12957446,0.11340114,-0.052031167,0.010844809,0.43972212,0.15827991,0.040540475,0.073239006,-0.04493533,-0.028553333,0.5025114,0.11499582,0.11064951,0.07521022,0.2119421,-0.22125462,-0.08570741,0.08333651,0.09991312,0.06586224,0.22913107,-0.4497013,0.011893398
189,-0.03172984,-0.011225727,-0.015118328,0.16056463,-0.2079944,0.35347652,0.072041556,0.047806706,0.079968154,0.07551062,-0.20324872,0.2292369,0.1354121,0.13055812,0.11302662,-0.053525914,0.011758265,0.44011524,0.15772794,0.039200008,0.072695345,-0.04445652,-0.027780376,0.50358456,0.11484581,0.10946872,0.07491495,0.21292962,-0.22043331,-0.08435912,0.082730226,0.09906919,0.06526119,0.22816156,-0.44549412,0.012014461
190,-0.03177529,-0.011572452,-0.015158459,0.16089827,-0.20937279,0.35367173,0.07206213,0.047233228,0.08005492,0.07636813,-0.20456453,0.22911067,0.1356782,0.1300025,0.1132109,-0.053101968,0.010168829,0.43889576,0.15820421,0.03948662,0.073069334,-0.045468703,-0.029285172,0.50205976,0.114524566,0.10994034,0.074747294,0.21194789,-0.22181697,-0.086618006,0.08291408,0.09963808,0.065451175,0.2280318,-0.4481253,0.01209297
191,-0.031289935,-0.010575755,-0.014636485,0.16001923,-0.20805915,0.35412925,0.07229047,0.047816034,0.08039248,0.075878076,-0.20300542,0.22999084,0.13600297,0.12976396,0.11357644,-0.052909017,0.009628932,0.43759614,0.15764783,0.040851153,0.07256616,-0.046843313,-0.028806642,0.50314903,0.11326982,0.11029996,0.07389806,0.21143988,-0.22174881,-0.08717614,0.08220646,0.09984055,0.0649581,0.22925997,-0.45074525,0.01223934
192,-0.031022923,-0.011522265,-0.0143670915,0.1603863,-0.20655355,0.3560755,0.07244069,0.047064897,0.08074373,0.07639163,-0.20123565,0.23234414,0.13636088,0.12932466,0.11407195,-0.05285758,0.012403481,0.4392176,0.15876435,0.039822694,0.073428966,-0.04622516,-0.026957896,0.50391847,0.11465201,0.110233456,0.07486316,0.21311931,-0.22184615,-0.08775866,0.08281739,0.09933887,0.06539017,0.22902067,-0.4472912,0.012369803
193,-0.03045998,-0.010048497,-0.013761763,0.15890408,-0.20908993,0.35414562,0.072652824,0.047915142,0.080986544,0.07597498,-0.20407914,0.22968908,0.13631812,0.13019334,0.11439598,-0.05351354,0.0107255755,0.43973944,0.15886118,0.039884225,0.07368367,-0.04626501,-0.028699448,0.504414,0.11476506,0.11031193,0.07523018,0.21240689,-0.22261925,-0.08605933,0.083249725,0.099841274,0.06607062,0.2299604,-0.44913334,0.012527783
194,-0.030794268,-0.010414203,-0.014085861,0.15947635,-0.2091978,0.35449708,0.072397925,0.04747838,0.080730714,0.07715909,-0.20408769,0.22953711,0.13612826,0.1300815,0.114039585,-0.05294207,0.01126874,0.4398635,0.1592049,0.039828125,0.073876925,-0.04661104,-0.028378857,0.5034186,0.11455434,0.11065489,0.0752044,0.21198432,-0.22219658,-0.08756495,0.08330503,0.09977806,0.06609558,0.22975555,-0.4481478,0.012211398
195,-0.031516396,-0.011884179,-0.014840363,0.16097163,-0.20824161,0.356124,0.07203902,0.046591908,0.08051012,0.078363754,-0.20304312,0.2308938,0.13616678,0.12957749,0.11395167,-0.052644473,0.012297859,0.43777764,0.1593276,0.04020524,0.07378628,-0.04707596,-0.026937908,0.5021456,0.113853425,0.11013119,0.074444026,0.21349713,-0.22092396,-0.0911307,0.08231133,0.100832894,0.065275475,0.22855268,-0.450293,0.0117044
196,-0.030797657,-0.011047154,-0.014067696,0.15975091,-0.20801769,0.35499278,0.0721494,0.047091033,0.08072266,0.0781276,-0.20353977,0.229046,0.1358325,0.13024557,0.11412007,-0.052885044,0.013169834,0.44054404,0.15963717,0.039693683,0.07417719,-0.047073673,-0.026716717,0.50307125,0.11380957,0.11168776,0.0749224,0.21093224,-0.21907753,-0.086410955,0.08301341,0.1001625,0.06593426,0.23103109,-0.44671965,0.01127744
197,-0.031117734,-0.01148622,-0.014434046,0.15966274,-0.20873067,0.3563478,0.07188558,0.0470442,0.080666296,0.07727975,-0.20379174,0.23095156,0.13607939,0.13012278,0.11458596,-0.054040764,0.013190934,0.43894354,0.15976809,0.039510056,0.074280486,-0.047517713,-0.025968527,0.50352854,0.11425422,0.11026953,0.07494534,0.2125604,-0.21910274,-0.08774147,0.082732886,0.10052492,0.06585703,0.22879073,-0.44797254,0.011023006
198,-0.030717555,-0.010400653,-0.014007663,0.15828674,-0.20916387,0.35522857,0.07192788,0.047591705,0.08078582,0.07668581,-0.20415966,0.22963145,0.1360479,0.13029367,0.11489542,-0.054189436,0.013326748,0.43979314,0.15985122,0.038756333,0.074417174,-0.04724197,-0.026387336,0.50451434,0.114209294,0.11039194,0.07490634,0.21218857,-0.21975322,-0.085740805,0.08275357,0.09992171,0.06576402,0.23033488,-0.44636166,0.010923133
199,-0.031500507,-0.010574932,-0.014835115,0.15846184,-0.20966032,0.3564761,0.07142488,0.04693081,0.080352545,0.077408195,-0.20418328,0.23097065,0.13602176,0.12923089,0.114691265,-0.05363185,0.012027012,0.43791723,0.15982735,0.038911056,0.07427203,-0.048420783,-0.027468016,0.5034336,0.11346587,0.10993448,0.07403378,0.21215297,-0.22187825,-0.089146204,0.082159646,0.10016581,0.06516387,0.22926685,-0.44888166,0.010914446
200,-0.030112024,-0.010651471,-0.013325337,0.15809618,-0.20971279,0.35630187,0.07258369,0.047348995,0.08152779,0.0770135,-0.20406444,0.2310332,0.13693382,0.13009812,0.11549225,-0.05417627,0.012910641,0.4391818,0.16029245,0.039459355,0.074639164,-0.04818657,-0.026570786,0.50489396,0.11414362,0.11089038,0.07490273,0.21262102,-0.22159085,-0.08859279,0.08282458,0.10036541,0.065991245,0.23023942,-0.44792435,0.011044938
201,-0.031532258,-0.012714281,-0.014854809,0.16027571,-0.20750031,0.35878146,0.07155169,0.045046084,0.08071589,0.07981181,-0.20291625,0.23223855,0.13645096,0.128017,0.114975676,-0.05219051,0.012621556,0.4366741,0.16109703,0.039377525,0.075207904,-0.049477,-0.027282171,0.5004905,0.11278996,0.11180804,0.073658355,0.21079642,-0.22110684,-0.09173866,0.082131684,0.10120886,0.06504288,0.23003305,-0.45045426,0.011137666
202,-0.030339573,-0.007574548,-0.01342804,0.15567772,-0.20737167,0.3534876,0.07152008,0.048645303,0.08085208,0.07792115,-0.20300585,0.22447136,0.13531865,0.13153549,0.11483725,-0.053681407,0.017264996,0.44091368,0.1611208,0.035970263,0.07547251,-0.045623105,-0.024876494,0.5046125,0.114349544,0.11073046,0.074893035,0.21257497,-0.22067408,-0.08455106,0.08220696,0.09750506,0.06504001,0.23109454,-0.44024017,0.010890165
203,-0.031858794,-0.008815008,-0.014894918,0.15823749,-0.20853597,0.35645837,0.071326815,0.047569007,0.08079308,0.0809056,-0.20400496,0.22615933,0.1356592,0.131369,0.11421954,-0.053235598,0.015012539,0.43647847,0.16158389,0.037887454,0.07558068,-0.047801733,-0.025938895,0.5014948,0.11389761,0.109903745,0.07430045,0.2136717,-0.22382675,-0.093606666,0.081489354,0.09923706,0.06502718,0.22393683,-0.4478553,0.011108976
204,-0.030764356,-0.0077554644,-0.013639517,0.157802,-0.2071227,0.35570687,0.07226746,0.04866149,0.081747524,0.08102038,-0.20334172,0.22450547,0.13604397,0.13272487,0.11446968,-0.053174626,0.0150615135,0.43739912,0.16143775,0.039663747,0.0754362,-0.04883195,-0.025337275,0.5022819,0.11295229,0.112432145,0.074316025,0.21113618,-0.2226809,-0.09237526,0.081724666,0.09912375,0.065550864,0.22571158,-0.44794333,0.011203854
205,-0.03072438,-0.009234633,-0.013600436,0.15880406,-0.20567997,0.35805094,0.07237666,0.047668166,0.08220013,0.081755124,-0.20191717,0.22697,0.13657011,0.13197102,0.11516667,-0.053293604,0.016179748,0.43616256,0.162339,0.03989723,0.0761696,-0.049903333,-0.023896376,0.5014604,0.11329194,0.11241421,0.07459901,0.21145293,-0.2218485,-0.0944177,0.08191902,0.099464715,0.06585935,0.22439922,-0.44866687,0.011105322
206,-0.029534286,-0.007697691,-0.012330351,0.15671393,-0.20596898,0.35543454,0.07295583,0.0489612,0.082957126,0.08056142,-0.20271271,0.2234313,0.13672343,0.13329166,0.11619811,-0.05439492,0.017572297,0.4371417,0.1625274,0.038694166,0.07659044,-0.047851276,-0.023554616,0.50336933,0.114010595,0.111871,0.07515699,0.21333005,-0.22156225,-0.09081302,0.08184426,0.099456005,0.065927096,0.22700164,-0.44800445,0.011292176
207,-0.030791087,-0.009359075,-0.013684598,0.1583129,-0.20589718,0.3575242,0.07187813,0.04687061,0.082142286,0.08336083,-0.20336254,0.22450155,0.13578363,0.13179173,0.11563748,-0.05337489,0.017693251,0.43844405,0.16368818,0.03743364,0.07757323,-0.049098324,-0.024712717,0.50090486,0.114068665,0.11260785,0.07532668,0.21051435,-0.22159393,-0.091160595,0.082606636,0.099015005,0.0664321,0.22626103,-0.44543162,0.011592305
208,-0.03139425,-0.009192353,-0.014310322,0.15838839,-0.20645507,0.35814893,0.07161961,0.04770678,0.08195275,0.082441814,-0.20414588,0.22505681,0.13576609,0.13260195,0.1157011,-0.05487376,0.015494641,0.43452525,0.16214238,0.039699152,0.07618259,-0.050512332,-0.024612378,0.50149,0.112263694,0.11116841,0.073719926,0.21204409,-0.22107089,-0.09339056,0.08071609,0.1010327,0.06539763,0.22477409,-0.4527896,0.011596337
209,-0.031213984,-0.008227755,-0.014114151,0.15717056,-0.20685516,0.35784712,0.07143862,0.048069403,0.08180518,0.08261657,-0.20514686,0.22421108,0.13494754,0.13344707,0.11546023,-0.055569198,0.016404886,0.4389834,0.16233508,0.038189232,0.076446496,-0.049816757,-0.025550852,0.50339663,0.11321565,0.11180154,0.074709706,0.2105095,-0.22267067,-0.089366116,0.08183439,0.09932336,0.06639553,0.22607386,-0.4474072,0.011454861
210,-0.031285293,-0.009152314,-0.014227586,0.15740918,-0.20445065,0.35940376,0.071273975,0.047497574,0.08203276,0.0822315,-0.20307544,0.22583352,0.13540676,0.13243246,0.11641673,-0.055665,0.01732971,0.43561742,0.16271374,0.038234044,0.07682517,-0.04994355,-0.024124444,0.5024864,0.112850785,0.11088632,0.07396639,0.21234919,-0.22140384,-0.09072267,0.08077109,0.10046346,0.06541627,0.22610745,-0.45134538,0.011266203
211,-0.030871117,-0.0088749295,-0.013798975,0.15667936,-0.2036377,0.3593579,0.0713602,0.04757727,0.08229988,0.081952006,-0.20227529,0.22578321,0.13550349,0.13223633,0.116943285,-0.055748466,0.018313374,0.43624958,0.16302812,0.03761878,0.07717263,-0.04995744,-0.023630993,0.5031456,0.11292819,0.111210816,0.074096635,0.21181759,-0.22108915,-0.0891627,0.08093794,0.099829644,0.065473914,0.2276171,-0.4495928,0.011037363
212,-0.031422332,-0.009331241,-0.014388098,0.15729845,-0.20628402,0.3596462,0.07105151,0.04715494,0.0820323,0.08273641,-0.20490639,0.22584401,0.13531145,0.13224094,0.11682801,-0.05623544,0.016404172,0.43605116,0.163161,0.037660215,0.07726393,-0.050866757,-0.025485747,0.50249344,0.11293539,0.110939875,0.07417833,0.21119407,-0.22270513,-0.09047985,0.08124402,0.10035818,0.06597931,0.22619335,-0.45089,0.010961504
213,-0.031351972,-0.009016246,-0.014304895,0.15694779,-0.2061103,0.35908064,0.07098969,0.04758214,0.08199066,0.082460605,-0.20464896,0.22515647,0.13516863,0.13267012,0.116859056,-0.056603152,0.017154643,0.4363668,0.16276594,0.037558764,0.07687726,-0.05085947,-0.02472515,0.5034419,0.11236372,0.11099727,0.07380453,0.2113651,-0.22200266,-0.08969151,0.08077685,0.100049525,0.06556946,0.2272188,-0.44956315,0.011003371
214,-0.031570695,-0.009065011,-0.014534353,0.15707205,-0.20609637,0.3602252,0.07087029,0.047417965,0.08192308,0.08274922,-0.20423973,0.22681716,0.13519475,0.13236661,0.11679867,-0.05659054,0.017039606,0.4367286,0.16268529,0.0378455,0.07668539,-0.05177064,-0.024638291,0.5041046,0.112132795,0.11114267,0.073635705,0.21111278,-0.22306582,-0.09067323,0.08075059,0.09980425,0.06561499,0.22675145,-0.4492311,0.01095285
215,-0.030686602,-0.009329819,-0.013587508,0.15704043,-0.20668352,0.3599507,0.071676366,0.04768922,0.082784675,0.08249147,-0.20466854,0.22679456,0.13583031,0.13304603,0.1175321,-0.057311863,0.017771041,0.43788683,0.16305234,0.037723172,0.07697866,-0.05126423,-0.024230206,0.50542706,0.112878494,0.111402094,0.07434173,0.21210812,-0.22350204,-0.09012024,0.08120086,0.09990428,0.066193946,0.22713746,-0.44806615,0.010936448
216,-0.03112477,-0.009177119,-0.014068366,0.15687416,-0.20682858,0.3593717,0.07117587,0.04738688,0.08241254,0.082847446,-0.20512229,0.22554451,0.13555956,0.13230596,0.11758935,-0.05674875,0.016778857,0.4364184,0.1630585,0.037454218,0.077040106,-0.05182827,-0.025316143,0.5041082,0.11179197,0.11154409,0.07339999,0.21098876,-0.22330144,-0.09002066,0.080566905,0.10031686,0.065459624,0.22827925,-0.44974226,0.010977353
217,-0.030494714,-0.009235276,-0.013404263,0.156594,-0.2063523,0.35991362,0.071663775,0.047664132,0.083003536,0.0823492,-0.20445289,0.22658265,0.1360412,0.13258529,0.118197374,-0.057329472,0.017429302,0.4366217,0.16310894,0.037774947,0.07707316,-0.05188544,-0.024407899,0.5054144,0.11206448,0.11150321,0.07366661,0.21182525,-0.22311711,-0.08970361,0.08061788,0.10042048,0.065684766,0.22853415,-0.4495516,0.010991006
218,-0.030652262,-0.010358308,-0.013581162,0.15745136,-0.20569928,0.36096314,0.07163975,0.046793047,0.08311569,0.0833946,-0.20380664,0.2275392,0.1361648,0.13197233,0.118424505,-0.05695159,0.018280506,0.43650883,0.16362338,0.037385236,0.077461965,-0.05197473,-0.02411222,0.50481963,0.11207795,0.111537896,0.073606096,0.21219327,-0.2230952,-0.090601556,0.08054702,0.10058681,0.06554872,0.22858307,-0.44893587,0.010911854
219,-0.030676791,-0.009197417,-0.013587566,0.15636332,-0.20697072,0.36008248,0.07146728,0.047400847,0.0829102,0.083079316,-0.20532091,0.22616781,0.13585013,0.13248281,0.11824238,-0.05724162,0.016944887,0.43687752,0.16327266,0.037545945,0.07720924,-0.052314397,-0.0253516,0.50524247,0.11159933,0.11182002,0.073372096,0.2111808,-0.22382203,-0.089636005,0.080497295,0.10068401,0.065639645,0.22924878,-0.44981733,0.010835484
220,-0.031715292,-0.009710827,-0.014692251,0.15677224,-0.20693168,0.3614181,0.070658185,0.046980932,0.082178794,0.083351836,-0.20503923,0.22755924,0.13543838,0.13215944,0.117863074,-0.05752571,0.01745201,0.43585122,0.16313739,0.037051156,0.07696732,-0.052470125,-0.024805054,0.5049301,0.11140374,0.11065684,0.07281806,0.21260042,-0.22422338,-0.091321416,0.079756945,0.10066499,0.06490819,0.22756521,-0.4497146,0.010919678
221,-0.030856878,-0.008501844,-0.01375634,0.15527391,-0.20843758,0.35993087,0.071004786,0.048160225,0.082482584,0.08218529,-0.20637017,0.22598872,0.1353639,0.13370019,0.118049495,-0.058716327,0.018703658,0.4394875,0.16339037,0.036031134,0.07723483,-0.05185486,-0.024205854,0.5071322,0.11241486,0.111453675,0.07402232,0.21159174,-0.22354959,-0.087530866,0.08091052,0.09916764,0.06594352,0.22851348,-0.44367173,0.011073378
222,-0.031604327,-0.009396658,-0.014527998,0.15571065,-0.20582038,0.3636224,0.070732355,0.04678914,0.08263075,0.08235574,-0.20291032,0.23019178,0.1368315,0.13064626,0.11889008,-0.056903627,0.01652763,0.43054423,0.16405167,0.038514115,0.0777014,-0.05501079,-0.023710508,0.5028464,0.11062353,0.110555515,0.07192737,0.21247415,-0.22360705,-0.09567466,0.07908197,0.101655,0.06422666,0.22566041,-0.45497364,0.0114555815
223,-0.029741116,-0.004701328,-0.012374187,0.14972468,-0.20668048,0.3598583,0.071785495,0.04900708,0.08361867,0.081334054,-0.20249732,0.22490668,0.1367501,0.13239068,0.11886304,-0.05686214,0.019720603,0.43623525,0.16466993,0.036022298,0.078484185,-0.052985072,-0.023589855,0.50588,0.11236315,0.111578494,0.07375348,0.21088928,-0.22545753,-0.09022721,0.08068201,0.097874194,0.06555297,0.22846183,-0.44561335,0.01173764
224,-0.031765882,-0.007844883,-0.014378013,0.15377538,-0.20693707,0.3616437,0.07128824,0.0457241,0.08315846,0.08877114,-0.20295878,0.22360829,0.13594955,0.13106006,0.117287226,-0.05366892,0.02000539,0.43510094,0.16557372,0.036232095,0.07898159,-0.053755302,-0.025333066,0.5010126,0.11099859,0.1114737,0.07276922,0.21078831,-0.22607979,-0.09618129,0.07981241,0.099502936,0.06496739,0.22611251,-0.44680783,0.012015565
225,-0.029328339,-0.007877123,-0.011676609,0.15343553,-0.21071799,0.35914433,0.07384246,0.047893915,0.08569592,0.08749163,-0.20659798,0.22061087,0.13750371,0.13515863,0.11872135,-0.05723519,0.019895691,0.43606725,0.16506387,0.038876798,0.078554824,-0.053309258,-0.023744509,0.5043411,0.11194702,0.111561045,0.0743982,0.21335514,-0.22329128,-0.09528159,0.08030556,0.10203008,0.066900924,0.22461867,-0.44923955,0.012374846
226,-0.031395547,-0.0086361505,-0.0138742635,0.15339905,-0.20551959,0.36146986,0.07143415,0.046317007,0.083842754,0.08802039,-0.20180087,0.22213404,0.13585156,0.13242064,0.11791934,-0.055878405,0.023522774,0.43551248,0.1653906,0.036792994,0.07877972,-0.055682126,-0.020596568,0.50194407,0.109688856,0.11266164,0.07242387,0.20868768,-0.217925,-0.09339612,0.07908963,0.09973672,0.0648338,0.22559868,-0.44365627,0.01228296
227,-0.030711558,-0.008754476,-0.013125038,0.15235549,-0.20692705,0.3616259,0.072313264,0.04689749,0.08504953,0.08634271,-0.2027862,0.2225796,0.13701522,0.13321759,0.11947881,-0.058184512,0.024060888,0.43413556,0.16589494,0.03608621,0.07926514,-0.054212347,-0.020358851,0.50353974,0.111580804,0.110509805,0.07329457,0.21364234,-0.22072634,-0.09432261,0.07890692,0.10052944,0.065108165,0.22314453,-0.44536906,0.011649452
228,-0.030219804,-0.0068303254,-0.012562568,0.1507772,-0.20766877,0.3597456,0.072633326,0.04773311,0.08535133,0.08666358,-0.20449717,0.21942995,0.13660277,0.13401358,0.119425364,-0.05801958,0.02237777,0.43654808,0.16549242,0.0366788,0.07906557,-0.054962464,-0.022503613,0.50475043,0.110542834,0.11261256,0.07315343,0.2102459,-0.22174406,-0.09143728,0.07927947,0.10041917,0.065696865,0.22666602,-0.446003,0.011175767
229,-0.032677803,-0.007662559,-0.015000275,0.15354171,-0.20660877,0.36237702,0.072284095,0.046180844,0.084910005,0.0911006,-0.20282477,0.22105736,0.13678564,0.13248932,0.11808203,-0.054774147,0.020892538,0.432118,0.165187,0.03797097,0.07828909,-0.054977868,-0.024680527,0.5019596,0.108801484,0.11093874,0.07068598,0.21496181,-0.22881539,-0.10088182,0.07646596,0.1023244,0.06320433,0.22283871,-0.45275033,0.0107340915
230,-0.031782575,-0.00495739,-0.013887848,0.15126428,-0.20806102,0.36102694,0.07302997,0.04775656,0.08558886,0.09058753,-0.20328884,0.21946943,0.13689592,0.13402174,0.1176883,-0.05494058,0.02222914,0.43721142,0.16579403,0.03705662,0.07872959,-0.05500013,-0.02449408,0.5040309,0.11036982,0.11325649,0.0725942,0.2120191,-0.23069376,-0.098471045,0.07861624,0.09934464,0.06519624,0.22227623,-0.44423229,0.010259544
231,-0.031245628,-0.005958042,-0.013284762,0.15141565,-0.20584759,0.36226982,0.07336775,0.047966093,0.086417414,0.08869964,-0.20031334,0.22170901,0.13807803,0.13353783,0.11908407,-0.05588402,0.024508014,0.43397197,0.16625778,0.0377245,0.07907117,-0.056144956,-0.020143695,0.50382215,0.11034429,0.11281372,0.072452284,0.21339448,-0.22609587,-0.0998045,0.07799743,0.09993909,0.06475833,0.2206565,-0.44464046,0.010153298
232,-0.031030823,-0.0060796635,-0.013050528,0.15080811,-0.20732231,0.3604389,0.07303248,0.04796367,0.086332485,0.0888269,-0.2025536,0.21859002,0.13735037,0.13412221,0.11943965,-0.056867372,0.025086744,0.4355567,0.1666916,0.036198363,0.07972178,-0.05572103,-0.020512309,0.5035383,0.11071276,0.11311597,0.07319701,0.21148622,-0.22328997,-0.09630576,0.07877129,0.09977409,0.06556732,0.22224025,-0.44242716,0.010167172
233,-0.031488027,-0.008423263,-0.013541441,0.15274909,-0.20755287,0.3617497,0.072828814,0.046731643,0.086446926,0.09036709,-0.20370738,0.21922153,0.13712212,0.13402286,0.11982767,-0.057610333,0.025176426,0.43487048,0.16710714,0.036098372,0.08013835,-0.055948965,-0.02043057,0.5026992,0.11092141,0.11243999,0.073395684,0.21214432,-0.22183855,-0.096748844,0.078710265,0.10122911,0.06593647,0.22107306,-0.44429842,0.01013127
234,-0.031874735,-0.0075078816,-0.013927551,0.15165424,-0.20591772,0.36135522,0.07214614,0.04790611,0.08601906,0.0887885,-0.20274831,0.21836345,0.13638635,0.13474064,0.119902946,-0.059043393,0.02568172,0.43318596,0.16562127,0.036468577,0.07893081,-0.05620624,-0.018526334,0.50428236,0.10941106,0.1112942,0.07204542,0.2129248,-0.21881461,-0.094711475,0.07688654,0.101496115,0.06461336,0.22169067,-0.44572446,0.009795888
235,-0.032214485,-0.007253498,-0.01427932,0.1514786,-0.20663556,0.36359438,0.07170904,0.046734802,0.08586549,0.09081649,-0.20408468,0.22024852,0.13573515,0.13362262,0.11968706,-0.05832666,0.024069317,0.4363424,0.1669583,0.035614606,0.08025802,-0.05808061,-0.021430936,0.5038557,0.1104858,0.112452075,0.0732664,0.20834863,-0.22223718,-0.093799815,0.079055995,0.10022764,0.06664693,0.22091724,-0.44415525,0.009661137
236,-0.032182116,-0.005438748,-0.014204295,0.14999683,-0.20561522,0.36258295,0.07195783,0.0482703,0.08616345,0.089535415,-0.20281355,0.2190318,0.13612619,0.13405733,0.12011928,-0.058463965,0.023285165,0.43258536,0.16538456,0.036815148,0.078898974,-0.05726021,-0.021255411,0.5053715,0.108874455,0.11043527,0.071393736,0.21233404,-0.22375351,-0.09514544,0.076432355,0.10150533,0.06464331,0.22179753,-0.44986978,0.009795473
237,-0.032694142,-0.0053120046,-0.014721719,0.15032668,-0.20714527,0.36311862,0.071750775,0.04779307,0.08589579,0.09150305,-0.2040569,0.21941397,0.13542895,0.13427933,0.119450666,-0.05806791,0.024163058,0.4371532,0.16605212,0.035052843,0.079429604,-0.056911647,-0.022834834,0.5062276,0.11013803,0.111064546,0.072599456,0.21061243,-0.22709373,-0.09399244,0.07798106,0.09950522,0.06597204,0.22114868,-0.44436884,0.00985634
238,-0.0318989,-0.0060405303,-0.013861733,0.1508423,-0.20686136,0.36312667,0.072702326,0.048527688,0.08701545,0.090271264,-0.20379406,0.21981677,0.13665803,0.13516757,0.12069143,-0.05925597,0.024015052,0.43408716,0.16572028,0.03694949,0.079110876,-0.056853924,-0.021109845,0.50680053,0.10985122,0.11046286,0.07229851,0.21357659,-0.22528209,-0.09559754,0.07698357,0.10188138,0.0656596,0.22052644,-0.44986483,0.009808587
239,-0.03218434,-0.0056617153,-0.014140275,0.15072268,-0.20620392,0.3627811,0.07233746,0.04777449,0.08663067,0.092372954,-0.20379128,0.21823575,0.1358161,0.1346301,0.12002806,-0.057428524,0.02455005,0.4375003,0.16648051,0.035903234,0.079860054,-0.05740729,-0.02256819,0.5057954,0.10932451,0.11323641,0.07247012,0.20858043,-0.2252518,-0.09327591,0.07811093,0.10051966,0.066257335,0.22366786,-0.44647828,0.009646641
240,-0.03216166,-0.006750841,-0.014117592,0.15117261,-0.20626318,0.36313233,0.072573364,0.04777758,0.0870788,0.09157539,-0.20344979,0.21900335,0.13654761,0.13477656,0.12098294,-0.05837078,0.026041495,0.4355423,0.16691706,0.035338137,0.080223024,-0.056284487,-0.020925282,0.5058386,0.110156596,0.11160858,0.07258926,0.21229202,-0.22469908,-0.09448558,0.07746412,0.101414174,0.06581229,0.22208136,-0.44774413,0.009572986
241,-0.032645505,-0.006985618,-0.01463864,0.15123367,-0.20631385,0.36369202,0.07209832,0.047605287,0.0867709,0.09125907,-0.20354894,0.21972194,0.13642935,0.13412935,0.12111752,-0.05847024,0.024851914,0.43434796,0.16667892,0.035896167,0.080037996,-0.058077343,-0.021018596,0.5054551,0.10905955,0.11190314,0.071815416,0.2103334,-0.22355495,-0.09447451,0.07709644,0.101671904,0.06555354,0.2221359,-0.44929743,0.009512171
242,-0.03229143,-0.0072407043,-0.014261194,0.15121408,-0.20663607,0.36380735,0.07250626,0.04784943,0.08725621,0.0908588,-0.20376155,0.22021075,0.13676639,0.13456771,0.12164305,-0.059185,0.025425809,0.43514377,0.16684423,0.0355774,0.080190636,-0.05769192,-0.02071707,0.5064961,0.10967448,0.11189063,0.072281614,0.21094367,-0.22398114,-0.093712986,0.07737315,0.1015164,0.06593949,0.2219905,-0.44820252,0.00957576
243,-0.032193635,-0.0071045374,-0.014163795,0.15081535,-0.20594516,0.36362335,0.07241837,0.04785905,0.087267734,0.09070824,-0.20339362,0.2198047,0.1366281,0.13445717,0.12186542,-0.05910622,0.026046319,0.4357979,0.16705061,0.03486051,0.0804329,-0.057443984,-0.020725906,0.50663185,0.10958039,0.11249373,0.072218925,0.21013792,-0.223648,-0.09221427,0.07741846,0.1010685,0.06581026,0.22341819,-0.44687557,0.009607081
244,-0.032650083,-0.0076573584,-0.014652688,0.15142974,-0.20577087,0.36412096,0.07218831,0.04770743,0.087149374,0.09071357,-0.20337158,0.22033057,0.13668294,0.13416173,0.12205811,-0.059204057,0.025274238,0.43399504,0.16673465,0.035266362,0.080129474,-0.05780476,-0.020970378,0.5062389,0.10881702,0.112024866,0.07140447,0.21076359,-0.22361422,-0.09306547,0.07653539,0.101891644,0.06510756,0.22312444,-0.44913614,0.009649461
245,-0.032662906,-0.008372592,-0.014637557,0.15270667,-0.2074983,0.36356542,0.0724562,0.047311112,0.087296695,0.092877,-0.20624143,0.21862867,0.13601044,0.1353296,0.12153372,-0.05934077,0.02444831,0.4376367,0.1668121,0.035175845,0.08020805,-0.05762859,-0.023063751,0.5066505,0.10896235,0.113642186,0.07216306,0.20849852,-0.22448276,-0.0913199,0.07760539,0.10205235,0.066407695,0.22412679,-0.44761363,0.009923527
246,-0.03307312,-0.008958827,-0.015066142,0.15332498,-0.20523836,0.3635508,0.07212982,0.047614776,0.08711885,0.09266543,-0.2047239,0.21807285,0.13565443,0.13598564,0.12164738,-0.05980565,0.027053747,0.43667528,0.16637252,0.034331065,0.07976853,-0.055632636,-0.020904565,0.5071723,0.10864718,0.11256417,0.071419075,0.21195956,-0.22266977,-0.09066166,0.075989865,0.1024784,0.06492226,0.2246842,-0.44712472,0.010251105
247,-0.03288859,-0.008003821,-0.014901645,0.15187451,-0.20441861,0.36539456,0.0720911,0.048107885,0.08740476,0.09046984,-0.2034797,0.2212561,0.13645379,0.13501845,0.122646816,-0.060255107,0.026092824,0.43503103,0.16688232,0.034663353,0.08029138,-0.057147045,-0.020666389,0.50767124,0.1090973,0.11251377,0.07146834,0.21145114,-0.22424719,-0.09109045,0.07623444,0.102114685,0.06512575,0.22345492,-0.44889316,0.010541012
248,-0.033349834,-0.0067101447,-0.015402637,0.15068777,-0.20617378,0.36585334,0.07161512,0.048245475,0.08704338,0.08963957,-0.20501016,0.22213495,0.13651137,0.13412139,0.12275032,-0.06012048,0.02312529,0.43464947,0.16731788,0.034590647,0.08073934,-0.058875706,-0.023291113,0.507092,0.10911974,0.113097645,0.07140898,0.20894565,-0.22762334,-0.09157253,0.076887526,0.101718225,0.06560524,0.22251892,-0.45049128,0.0107475715
249,-0.03336986,-0.0069985604,-0.015396704,0.1512297,-0.20708172,0.36489198,0.071958914,0.04888364,0.08727782,0.089315824,-0.20553747,0.22109492,0.13684444,0.13530333,0.122865275,-0.060920253,0.02414016,0.43410313,0.1668749,0.03462667,0.08020569,-0.057758126,-0.022268191,0.5078348,0.109016426,0.11229115,0.07115113,0.21187809,-0.22756845,-0.092550896,0.07600475,0.102166094,0.06495428,0.22200286,-0.4501478,0.010885945
250,-0.03294268,-0.007833759,-0.014933328,0.15188156,-0.20524727,0.3652985,0.07235583,0.048073955,0.087694205,0.09107306,-0.20399141,0.22098885,0.13682617,0.13515693,0.12288365,-0.059886303,0.026677042,0.43658206,0.16765283,0.03386974,0.080852166,-0.057298686,-0.021406883,0.5078074,0.109180905,0.113953605,0.07166292,0.21070673,-0.22682239,-0.091495566,0.07669359,0.10116617,0.06530799,0.22442807,-0.4462066,0.010874784
