Epoch,Layer0_theta_1,Layer0_r,Layer0_theta_2,Layer0_bx,Layer0_bp,Layer0_gamma,Layer1_theta_1,Layer1_r,Layer1_theta_2,Layer1_bx,Layer1_bp,Layer1_gamma,Layer2_theta_1,Layer2_r,Layer2_theta_2,Layer2_bx,Layer2_bp,Layer2_gamma,Layer3_theta_1,Layer3_r,Layer3_theta_2,Layer3_bx,Layer3_bp,Layer3_gamma,Layer4_theta_1,Layer4_r,Layer4_theta_2,Layer4_bx,Layer4_bp,Layer4_gamma,Layer5_theta_1,Layer5_r,Layer5_theta_2,Layer5_bx,Layer5_bp,Layer5_gamma
1,0.045563538,0.073487274,0.046130784,0.06892124,-0.037651986,0.045329735,0.046368204,0.062149107,0.04687604,0.06522047,-0.03541917,0.04530275,0.047057956,0.052176345,0.047344487,0.059809465,-0.033514414,0.045573935,0.047451306,0.051531333,0.04746244,0.054651633,-0.032067154,0.045554157,0.047510173,0.052583255,0.047246333,0.050967224,-0.031364955,0.045224495,0.047180183,0.063097484,0.046791952,0.049184065,-0.031027768,0.045199577
2,0.031862758,0.12932523,0.031313214,0.11487148,-0.009117464,0.032193206,0.032353494,0.07845806,0.033561528,0.09569535,-0.0031368232,0.033200502,0.03445126,0.04336958,0.035969317,0.070867985,0.0015846279,0.034967493,0.03697066,0.041633148,0.03694575,0.04996266,0.004876242,0.03502091,0.03745467,0.045892373,0.035857234,0.036708668,0.0065304413,0.03337671,0.035761613,0.08485259,0.034384705,0.030449085,0.0071830004,0.03269768
3,0.037140194,0.16221869,0.03420462,0.13889904,0.004583903,0.039134547,0.035864502,0.09657556,0.036722872,0.11198635,0.012618179,0.041662283,0.03816104,0.04903934,0.040087264,0.07723306,0.018947385,0.046072796,0.041707244,0.047154196,0.041611895,0.048252184,0.023317702,0.04659438,0.042471234,0.05280553,0.04034203,0.030087287,0.025609134,0.043593004,0.040310904,0.10554617,0.03916028,0.021473458,0.026585838,0.041759476
4,0.03753568,0.18103628,0.03386115,0.15088893,0.007252919,0.040254742,0.0353101,0.10494951,0.036496013,0.12138211,0.016598482,0.03992655,0.0378034,0.04947532,0.040130686,0.0827098,0.02380917,0.04542875,0.04175988,0.046670396,0.04163611,0.050438263,0.028878411,0.045556426,0.042465486,0.053564854,0.039874762,0.03018385,0.031672996,0.040692728,0.039721496,0.11470565,0.038088895,0.020761063,0.03315183,0.037376236
5,0.03791429,0.19055623,0.034088593,0.15579472,0.0028677317,0.03964562,0.034781206,0.10835765,0.03632664,0.1269607,0.013062583,0.036949035,0.037037548,0.048531886,0.039606374,0.088125974,0.020715958,0.041948903,0.04085548,0.044954382,0.04067548,0.055497024,0.02624451,0.040964495,0.04122949,0.05278139,0.03827048,0.03486637,0.02937616,0.03416415,0.037865076,0.11882133,0.035529267,0.025616748,0.031326156,0.02812189
6,0.042175204,0.19573814,0.037179828,0.15833654,-0.0007292176,0.045413204,0.037393507,0.11248173,0.03868634,0.13041334,0.010036733,0.04034392,0.039006874,0.050449546,0.04162599,0.09183883,0.01800504,0.04486,0.04262804,0.046511177,0.042426255,0.059195686,0.0238835,0.043304715,0.042802133,0.05451018,0.039743494,0.03841912,0.027303496,0.035739686,0.03917536,0.12275763,0.03690955,0.029341035,0.029669045,0.029557897
7,0.037684586,0.19805323,0.034033813,0.16069621,0.0040849317,0.040487796,0.034745168,0.110550016,0.03660442,0.13040708,0.014759038,0.037726913,0.037359644,0.04791253,0.04005668,0.0899146,0.022705102,0.043246634,0.04137438,0.04454374,0.041050173,0.055971283,0.028394828,0.041766826,0.041630376,0.053935,0.038306806,0.034574497,0.031546474,0.03368598,0.03787435,0.12468656,0.03509218,0.024998132,0.033423554,0.026354574
8,0.03972872,0.19944558,0.03557958,0.1617834,0.0046032104,0.044073246,0.036370035,0.11190278,0.038046427,0.13108498,0.01538888,0.04101721,0.038868375,0.048989676,0.04152491,0.09015071,0.02341164,0.046663754,0.042901788,0.045943867,0.042518854,0.055855464,0.029141752,0.045106083,0.04313201,0.055706527,0.03976295,0.03425921,0.03230178,0.03689185,0.039339,0.12742719,0.036723558,0.024584448,0.03415844,0.030048896
9,0.038985364,0.20014301,0.035202257,0.1619858,0.0031076474,0.042460885,0.035778854,0.11108965,0.037681017,0.1317942,0.014035968,0.039528474,0.03833651,0.047755547,0.0410291,0.091199555,0.02212703,0.044902988,0.042288806,0.044786476,0.041835323,0.057106443,0.027964218,0.04282713,0.042368133,0.055244416,0.038835734,0.03558245,0.031239094,0.033865467,0.038349997,0.1282655,0.03535299,0.026031474,0.033272345,0.025632488
10,0.039447784,0.20027131,0.03568713,0.16221501,0.0024966467,0.043017805,0.036191024,0.11075033,0.038109906,0.132213,0.01352372,0.040063176,0.038710088,0.047422938,0.041380983,0.09169848,0.021672463,0.045279574,0.042605124,0.04476261,0.042078726,0.05762729,0.027569694,0.042858094,0.04258577,0.055792127,0.038952205,0.03609813,0.030890092,0.033448275,0.038443472,0.12974484,0.035325665,0.02658437,0.032979198,0.024642447
11,0.040467177,0.20011513,0.036576707,0.16248041,0.0021533908,0.044540405,0.037054848,0.110592514,0.03890082,0.13258529,0.013269733,0.04147013,0.03948193,0.047466412,0.04210651,0.092072025,0.021480514,0.04655213,0.043321952,0.045217343,0.042719513,0.057959616,0.027434194,0.043837734,0.043218825,0.056775864,0.03950829,0.03639312,0.030793784,0.0340924,0.038989402,0.13153286,0.03586061,0.026887478,0.032926686,0.025054703
12,0.037964813,0.1996267,0.034937717,0.16301367,0.004480143,0.041706827,0.03567857,0.10831923,0.03779848,0.1321003,0.015501082,0.0399751,0.03860797,0.04561145,0.041215464,0.090788215,0.023668637,0.04539227,0.04259166,0.044043884,0.04187242,0.0561543,0.02947927,0.042529773,0.04247868,0.056657344,0.03858844,0.034368847,0.032636806,0.032371253,0.038148947,0.13269171,0.034668867,0.02464339,0.0344214,0.02240801
13,0.03931538,0.199359,0.03608047,0.16328683,0.003765805,0.043653283,0.036754277,0.108195566,0.038766738,0.13263397,0.014902825,0.041634295,0.03952241,0.045751013,0.042072475,0.0914314,0.023153402,0.04681672,0.043415442,0.044637512,0.042612378,0.05681538,0.029060403,0.043594737,0.04319416,0.057791054,0.039224606,0.035009507,0.032309774,0.033063978,0.038762074,0.13461366,0.03528303,0.025320416,0.0342227,0.022879807
14,0.039795145,0.19894987,0.036603432,0.1634426,0.0030613244,0.044212993,0.037197027,0.10746894,0.039204277,0.13306123,0.01429297,0.04211145,0.03989704,0.04528035,0.042403966,0.09200014,0.022610044,0.047044102,0.04370485,0.044621617,0.042809173,0.057436354,0.028600214,0.04340454,0.04336148,0.058441162,0.039276667,0.035632912,0.031932414,0.032384135,0.03879007,0.13619058,0.035173055,0.025989555,0.033965327,0.021582924
15,0.03912718,0.19828002,0.03629288,0.16370972,0.0040660365,0.04368754,0.037010197,0.10603776,0.03909003,0.13288632,0.015282427,0.042130288,0.039890733,0.04433215,0.042350013,0.09144539,0.02359746,0.047116503,0.043728884,0.044339776,0.04272386,0.05662322,0.029525688,0.043217048,0.0433275,0.059016176,0.03910571,0.034711562,0.032750953,0.031797193,0.038656175,0.13781337,0.034858953,0.024967048,0.034593027,0.02041335
16,0.04044189,0.1976863,0.037418287,0.1638488,0.004092537,0.04580739,0.03816626,0.1057949,0.04011427,0.13301818,0.015363018,0.044129346,0.04093977,0.044566914,0.043330416,0.091501676,0.023723697,0.049008604,0.04473231,0.0451665,0.04364056,0.056596227,0.029676007,0.044839162,0.044257976,0.060407594,0.039972037,0.034639917,0.032896932,0.03314817,0.039528396,0.13995339,0.035811048,0.024880242,0.03471412,0.021768948
17,0.03952964,0.19702725,0.03695519,0.16404729,0.004607824,0.04468912,0.03775898,0.10409685,0.039827853,0.13298401,0.015897023,0.04353595,0.040707335,0.04329181,0.04305633,0.09123764,0.024277499,0.04836639,0.044497527,0.044571728,0.043283388,0.056163426,0.03020715,0.043815445,0.043926846,0.060794394,0.039468244,0.03413358,0.03336749,0.031556845,0.03904425,0.14155427,0.03504298,0.024315774,0.035068095,0.019216279
18,0.03943662,0.19626786,0.037092045,0.1641899,0.004728572,0.04466441,0.03791467,0.10278432,0.040012285,0.13307059,0.016057907,0.04373583,0.04091172,0.042466365,0.04320475,0.09122412,0.024472032,0.048432026,0.044662233,0.044441022,0.04332907,0.056059558,0.030410044,0.04347569,0.043982573,0.061554838,0.03937555,0.03398683,0.033550154,0.030684115,0.03895786,0.14342685,0.034773123,0.024149135,0.03520433,0.017604662
19,0.04124837,0.19571832,0.038609117,0.16423269,0.0033878603,0.047057785,0.03929274,0.102734655,0.041249506,0.13369462,0.014857712,0.045598846,0.042032827,0.04277382,0.04426611,0.09220321,0.02338228,0.04992561,0.045647085,0.045234606,0.04423146,0.057205796,0.029480852,0.04452191,0.04483219,0.062857926,0.04015856,0.035173874,0.03279853,0.031305954,0.039697085,0.14547053,0.035570238,0.025442688,0.03472696,0.017997356
20,0.040558234,0.19502169,0.038299747,0.1647925,0.0052634473,0.046899423,0.039221678,0.10123556,0.041235693,0.13338985,0.016705409,0.046213057,0.0422248,0.04192871,0.044399265,0.091158,0.025208125,0.050771717,0.045929067,0.04526495,0.044389695,0.05567431,0.031151341,0.04519712,0.0450881,0.06384507,0.040275645,0.03344985,0.03421712,0.031661782,0.03988448,0.14757115,0.035649408,0.023525812,0.03571589,0.01803948
21,0.038042225,0.19445683,0.036639526,0.1652545,0.007249905,0.043911066,0.037780903,0.09873329,0.040049102,0.13293304,0.018629309,0.044398014,0.041233882,0.039880555,0.04337651,0.08996324,0.027079677,0.04918256,0.045043137,0.044048324,0.043361686,0.054018952,0.032840975,0.043343805,0.044151172,0.06385618,0.039106514,0.03162218,0.03563678,0.029224398,0.038785316,0.14900655,0.034088586,0.02150413,0.03668215,0.014370245
22,0.0403791,0.19410197,0.038562354,0.16503824,0.0042250664,0.046587836,0.03935155,0.09889399,0.041479353,0.13402066,0.015807975,0.046060193,0.042368203,0.04020254,0.044460405,0.092009686,0.024424098,0.05012858,0.04592189,0.044739112,0.044153377,0.056609362,0.030525763,0.04358261,0.04480274,0.06505417,0.039667346,0.034390446,0.033767685,0.028787365,0.039235078,0.15103592,0.034514293,0.024550032,0.035532642,0.013322152
23,0.040965132,0.19355252,0.039198205,0.16539617,0.004918939,0.048024576,0.040094413,0.098139234,0.042182423,0.13401242,0.016526936,0.0477776,0.043163363,0.040010817,0.045196183,0.09165856,0.025148869,0.051879104,0.04672696,0.04533755,0.04484697,0.056028597,0.03118058,0.04505749,0.045539472,0.066452965,0.040298965,0.033722125,0.03429268,0.029927105,0.039894044,0.15345131,0.03519516,0.023804383,0.035838485,0.014424054
24,0.039158355,0.19271575,0.038100224,0.16586395,0.0066447794,0.046115234,0.039195906,0.095669955,0.04145771,0.13364361,0.018212773,0.046809133,0.042616032,0.038219776,0.04459219,0.09060788,0.026784597,0.051040903,0.04624776,0.04458939,0.04420383,0.054559335,0.032630898,0.043857656,0.044977773,0.06701,0.039501708,0.032104768,0.035462018,0.028096208,0.039157677,0.15548052,0.034075167,0.022016168,0.036543675,0.011537877
25,0.040071726,0.19206662,0.038986832,0.16589747,0.0053905672,0.0470868,0.039937858,0.09487562,0.04215806,0.1342172,0.017077202,0.047451604,0.043197837,0.03784435,0.04511719,0.09153807,0.025752338,0.051276457,0.046692204,0.044875707,0.0445308,0.055665635,0.03176786,0.043516405,0.045248784,0.06809974,0.039633665,0.033258297,0.03480233,0.02710573,0.039243825,0.15762515,0.034035377,0.023284348,0.036206953,0.0097961975
26,0.040971823,0.1915288,0.039840095,0.16618901,0.0054862606,0.048529193,0.040824916,0.09436524,0.04298064,0.13442686,0.017248401,0.048927885,0.04405224,0.037846718,0.045916982,0.09159349,0.025976645,0.05267633,0.04752001,0.04558501,0.045260414,0.055588517,0.03200012,0.044606,0.045994755,0.06949336,0.04029619,0.033123054,0.034999657,0.02784938,0.039913915,0.15990527,0.034767248,0.023125192,0.036338072,0.010428487
27,0.041447084,0.19107005,0.04039312,0.16648544,0.0055269077,0.049302157,0.041396566,0.09358895,0.043540314,0.13466416,0.017371519,0.049828418,0.044633407,0.0375333,0.04644878,0.09169229,0.026162945,0.0534772,0.048072055,0.046005946,0.045705028,0.05555957,0.032212064,0.045040052,0.046451088,0.07069653,0.040641576,0.033033717,0.035200145,0.02783866,0.0402644,0.16208236,0.035090867,0.02301489,0.036508173,0.010045091
28,0.040038444,0.19050461,0.039567832,0.16701305,0.007220767,0.047851346,0.04077433,0.09156875,0.043052133,0.13434273,0.019071044,0.04925045,0.044328805,0.036131304,0.046091076,0.09062881,0.027834004,0.053070903,0.047846433,0.0456393,0.045328952,0.054029338,0.033682264,0.04432293,0.046161976,0.07152161,0.04014918,0.031339183,0.03634061,0.026567593,0.039837252,0.16421959,0.034390155,0.02113211,0.037100375,0.007914417
29,0.04027001,0.19004543,0.039952572,0.16730882,0.0072692283,0.048311923,0.041174237,0.09061897,0.043465436,0.13457778,0.019204222,0.049885903,0.04476196,0.035645027,0.04647732,0.09072002,0.028033797,0.053601176,0.04825152,0.04592462,0.045621958,0.053986885,0.033908457,0.04445965,0.046466205,0.072632484,0.04032905,0.03123323,0.036553394,0.026209349,0.04002269,0.16630378,0.03450738,0.021001965,0.037279133,0.0070443414
30,0.042616557,0.1900812,0.04193174,0.16754846,0.005742723,0.05141473,0.04299923,0.09123279,0.04518297,0.13550025,0.017878003,0.052560225,0.046353053,0.036439896,0.0480398,0.09201889,0.026905281,0.05598023,0.04973547,0.047196675,0.04704273,0.055411443,0.033060428,0.046408135,0.047832537,0.07434096,0.041682728,0.032655314,0.03602726,0.027791439,0.041327182,0.16871908,0.03609096,0.022549076,0.037257157,0.008776586
31,0.04364681,0.19104704,0.04293068,0.16838317,0.005871834,0.053254955,0.044038296,0.09155886,0.046270482,0.13617277,0.01817691,0.054827742,0.04748638,0.036689963,0.049167987,0.09237168,0.027346298,0.058356125,0.050906558,0.048029784,0.048128244,0.055467118,0.033585686,0.048513453,0.04894343,0.075908065,0.04272111,0.032554727,0.036586843,0.02955644,0.042376615,0.17140728,0.03730022,0.022391735,0.03784225,0.010678688
32,0.042830825,0.19464625,0.042518336,0.16955039,0.0043892316,0.0517783,0.04341168,0.09195114,0.046048257,0.13788542,0.016988024,0.054044858,0.04710998,0.035450913,0.048869632,0.09426793,0.026453046,0.05745601,0.05050589,0.04693056,0.047597226,0.05730281,0.03310681,0.046961572,0.048341263,0.07621067,0.041792452,0.034258414,0.036616262,0.026877247,0.041387927,0.17408423,0.035701584,0.024192225,0.038652748,0.0063649807
33,0.04055205,0.197761,0.04105008,0.17136002,0.006563763,0.049647212,0.042191714,0.09129669,0.04527681,0.1384565,0.019322379,0.05373127,0.046583038,0.033828095,0.0483899,0.09357362,0.028876621,0.05772948,0.05020713,0.04604829,0.04713713,0.055729806,0.035357866,0.046997987,0.047998145,0.07698784,0.041134577,0.032315474,0.038511347,0.026201457,0.0408144,0.177257,0.034667734,0.021950457,0.03993192,0.0048708897
34,0.038379658,0.19989476,0.03965462,0.17284119,0.008467936,0.047396515,0.04101039,0.09028243,0.044467423,0.13887386,0.021366078,0.052999638,0.045985527,0.032198023,0.04781484,0.092888914,0.03100148,0.057451855,0.049789198,0.045212552,0.04656557,0.05427639,0.037322998,0.046469983,0.04752934,0.07768241,0.040374633,0.030542368,0.040140107,0.024996389,0.040130146,0.17999788,0.03353279,0.019912343,0.040980626,0.0027747743
35,0.038841754,0.2008644,0.040211268,0.17335874,0.006889879,0.04762619,0.041362904,0.0900913,0.04493668,0.14003554,0.020006416,0.05320301,0.04629517,0.031672176,0.04812177,0.09441861,0.029872326,0.057324152,0.049989633,0.045204524,0.046651486,0.055909146,0.03655575,0.0457345,0.047541574,0.07864645,0.040201604,0.03214153,0.039824,0.023480471,0.039894603,0.18234667,0.033063095,0.02164957,0.04135555,0.00036913878
36,0.03995007,0.20131007,0.041246407,0.17373835,0.005615835,0.04888145,0.04225043,0.09011016,0.04584298,0.14094016,0.018922742,0.054353375,0.047085468,0.03168064,0.04889594,0.0956009,0.0289831,0.058213595,0.05068979,0.045791272,0.047258165,0.057158656,0.035944406,0.04612714,0.048096377,0.07997925,0.040655646,0.033365253,0.039539877,0.023314666,0.0403024,0.18473245,0.033492215,0.022981755,0.041574217,-0.00019027959
37,0.03849394,0.20119451,0.040414713,0.17465435,0.008690599,0.048192102,0.041816037,0.08838539,0.045554064,0.14028864,0.021973845,0.055023886,0.047150664,0.030609554,0.0489189,0.0935417,0.031913836,0.059455927,0.050968822,0.046004754,0.047390852,0.054263853,0.038346905,0.047300138,0.048397444,0.081418194,0.040799156,0.030217657,0.041105997,0.024237825,0.040574506,0.18747047,0.03374346,0.019462515,0.041806404,0.00079072046
38,0.03918895,0.20084283,0.04117138,0.1747516,0.0072283284,0.048695114,0.042390548,0.0875571,0.046143524,0.14103,0.020647826,0.055272188,0.04759039,0.030116169,0.04931753,0.09473706,0.030744042,0.05928224,0.05126524,0.04633971,0.04755644,0.055668496,0.03746501,0.046471007,0.04849172,0.08271508,0.040731005,0.031666666,0.040599134,0.02265388,0.04044627,0.18994382,0.03347269,0.021078143,0.04189645,-0.001636209
39,0.040024247,0.20050417,0.042058364,0.17525768,0.007361797,0.050095856,0.043319374,0.086952925,0.047061294,0.14138712,0.020901935,0.056924537,0.0485525,0.030074127,0.050241355,0.094820954,0.031084696,0.06093517,0.05222892,0.047262028,0.04841324,0.05552925,0.037797067,0.04777045,0.049372002,0.084433295,0.041549888,0.031441238,0.040839132,0.023600072,0.041277513,0.19256845,0.03451674,0.020811465,0.041987337,-0.0005934419
40,0.03977902,0.2003826,0.042143967,0.17599522,0.008024984,0.05022661,0.043495372,0.085753836,0.047320142,0.14168482,0.021674907,0.057590928,0.048902936,0.029368477,0.0505532,0.09460707,0.031926826,0.06167111,0.05261262,0.047637124,0.04866124,0.05495058,0.038567085,0.04813415,0.04966461,0.08584876,0.04170282,0.030723663,0.04142079,0.023492768,0.041460503,0.19511192,0.034684133,0.019990051,0.042253487,-0.00096096285
41,0.040408738,0.2000463,0.042857684,0.17630845,0.007104884,0.05103863,0.04409904,0.08498746,0.047941245,0.14238724,0.020891609,0.058311645,0.04943699,0.029005768,0.051052228,0.09551738,0.031303342,0.062116366,0.053055905,0.048108604,0.048989058,0.05590311,0.0381812,0.048049767,0.049952656,0.08714127,0.041873712,0.03165171,0.041316546,0.022842567,0.041595362,0.19735393,0.034800038,0.021013435,0.04258125,-0.002050162
42,0.03929426,0.19961138,0.042287216,0.17685898,0.007882038,0.050103646,0.04361862,0.083041705,0.047583893,0.14248583,0.021729967,0.05792502,0.049169797,0.027652064,0.050735712,0.095135845,0.03216457,0.06173455,0.052805815,0.04798406,0.048569553,0.055200618,0.038925603,0.047205165,0.049575694,0.088267356,0.041270018,0.030833062,0.041837066,0.021375645,0.041024428,0.19977587,0.03394859,0.020076223,0.04273685,-0.004190818
43,0.03788606,0.1996131,0.04145033,0.17752165,0.009850985,0.0491797,0.043030754,0.08141787,0.04713703,0.14212102,0.023698978,0.057969578,0.04894877,0.026474707,0.050480213,0.09381999,0.034045808,0.062111985,0.052712083,0.047940675,0.048328396,0.053326577,0.0404166,0.047373734,0.049440622,0.08938684,0.04094348,0.02879642,0.042719122,0.021161461,0.040781185,0.2021706,0.033534143,0.017779313,0.042661145,-0.0046603307
44,0.038798276,0.19940133,0.042332537,0.17751376,0.008421824,0.05014265,0.043736868,0.08097112,0.04784412,0.14278626,0.022357756,0.058650367,0.049504798,0.026284529,0.051009838,0.09501557,0.03284101,0.062419444,0.053136967,0.048440177,0.048644796,0.054789897,0.039528485,0.047109053,0.0496837,0.090638526,0.04106731,0.03032353,0.042272907,0.020295925,0.040842585,0.20440805,0.03354923,0.019498924,0.042913686,-0.006030593
45,0.04047242,0.19902554,0.043800022,0.17745773,0.0070444164,0.05228084,0.045052852,0.080962576,0.04910316,0.14339742,0.02106547,0.06047715,0.05063001,0.026675804,0.05211311,0.09614241,0.031679858,0.06393885,0.0541498,0.049483348,0.049579274,0.05617588,0.038662754,0.048149463,0.050554432,0.092184864,0.041919813,0.031775657,0.041814867,0.02096439,0.041638654,0.20667362,0.034601506,0.021136975,0.04310635,-0.005258048
46,0.041208565,0.19892642,0.04456303,0.17733124,0.006888417,0.053484984,0.04581611,0.08062662,0.049876478,0.14332564,0.020907521,0.061862275,0.051401265,0.026681108,0.05286488,0.09613732,0.031496666,0.065265946,0.054901127,0.050271455,0.05023914,0.056241706,0.038442835,0.049102336,0.051210288,0.09367335,0.042525128,0.031897064,0.041554864,0.021555401,0.042237367,0.2090982,0.03539449,0.021293405,0.04281715,-0.004663572
47,0.039723948,0.19932842,0.043672983,0.17803916,0.009259437,0.052555572,0.045230195,0.0791613,0.049452536,0.14273617,0.023271434,0.062108736,0.05125383,0.0255733,0.05269081,0.09438792,0.03371043,0.065967694,0.054924656,0.05036973,0.050115306,0.05385208,0.040106203,0.049632695,0.05121468,0.09496051,0.04236066,0.029348599,0.042388298,0.021763764,0.042173684,0.21171515,0.03526432,0.018420558,0.042362064,-0.0045091095
48,0.039422315,0.19974364,0.04364052,0.17822796,0.008148608,0.051913694,0.045038942,0.078279525,0.04937388,0.14343227,0.022257347,0.0614269,0.051046513,0.024618903,0.052461587,0.09545933,0.032844264,0.064942405,0.054605473,0.050197855,0.04964744,0.05508764,0.03954631,0.047956925,0.050684076,0.09591761,0.04158385,0.030603997,0.042247485,0.019227922,0.041344933,0.21410835,0.034039363,0.019832175,0.04287511,-0.008235075
49,0.038137894,0.19966508,0.04290003,0.17888767,0.0097795995,0.0511574,0.044503864,0.07659749,0.04895999,0.14319366,0.023895726,0.061479233,0.050820153,0.023467137,0.052197885,0.09438657,0.034391236,0.06524085,0.05447447,0.05027149,0.049356192,0.053542607,0.040722355,0.047966607,0.05047774,0.097149156,0.041181,0.028931318,0.042862576,0.018847125,0.04100874,0.21662651,0.03353216,0.017932225,0.042619754,-0.008780566
50,0.038432576,0.19954985,0.043338563,0.1790919,0.008694819,0.051413324,0.044800416,0.07576932,0.049302507,0.1439007,0.022920175,0.06159371,0.051046107,0.022926126,0.052395914,0.095437154,0.033578545,0.06503528,0.054593585,0.050602205,0.04934282,0.054723714,0.040214006,0.04716588,0.050409336,0.098392196,0.040953755,0.030118477,0.042751715,0.017396796,0.040734503,0.2189803,0.033118818,0.019266956,0.0431234,-0.010877676
51,0.038165934,0.19914782,0.04335071,0.17948867,0.009880477,0.051765896,0.044978935,0.074656144,0.04951857,0.14364506,0.024109488,0.062498435,0.051410325,0.022489572,0.052728966,0.09457161,0.034682963,0.06614258,0.05503291,0.051241234,0.049665377,0.05352667,0.040999774,0.04804561,0.05079919,0.09983423,0.041270506,0.028851485,0.043060057,0.018086925,0.04110272,0.22132938,0.033641342,0.017834838,0.042711172,-0.009890075
52,0.038553856,0.1985808,0.04385174,0.17967248,0.009110576,0.052241094,0.045384306,0.07366265,0.049928293,0.14417821,0.023419477,0.06284066,0.05174057,0.02208039,0.053022653,0.09533655,0.034105256,0.06622251,0.055272777,0.051810607,0.049772274,0.05438217,0.040625468,0.04758107,0.050866906,0.101237364,0.041211274,0.029719733,0.042948406,0.01708222,0.041008893,0.22370434,0.033505972,0.018819459,0.043013953,-0.011335086
53,0.037458614,0.19853134,0.043236785,0.18022728,0.010796739,0.05148081,0.04498789,0.07217004,0.049628656,0.14378738,0.025116974,0.06286642,0.05164113,0.021129936,0.052888144,0.094072916,0.035682097,0.066530585,0.055280678,0.052113414,0.049625315,0.05264795,0.041749228,0.047617294,0.05081101,0.10266171,0.040992904,0.027884103,0.043400604,0.016756011,0.040862557,0.22638305,0.033306446,0.016737338,0.04245469,-0.011784561
54,0.039333332,0.20018338,0.044857547,0.18071808,0.0077396603,0.053227007,0.0462188,0.07332114,0.050941084,0.14573422,0.02233393,0.06409784,0.052627962,0.021473993,0.05389814,0.097071365,0.03336237,0.06720263,0.05607281,0.052682865,0.050341506,0.056069553,0.040364265,0.047586214,0.051377498,0.10393741,0.041472256,0.031330537,0.04325942,0.015964283,0.04121184,0.22895251,0.033730615,0.020636784,0.044205323,-0.013141943
55,0.038204025,0.20333675,0.0442414,0.18268861,0.009906211,0.05296941,0.045883574,0.07359834,0.050900914,0.14633359,0.0247578,0.065377615,0.05286922,0.020766737,0.054171164,0.09612996,0.035877876,0.06914339,0.056559794,0.052721713,0.05072122,0.054121118,0.04247681,0.04947837,0.051894218,0.10513773,0.04186848,0.029037263,0.044633258,0.017641842,0.041710377,0.23183462,0.03438629,0.01796849,0.044399235,-0.0109398775
56,0.039822996,0.20568778,0.04567153,0.18341628,0.008480228,0.055075787,0.04714591,0.07512685,0.052294016,0.14770773,0.023575768,0.06765696,0.05413065,0.021297071,0.055476915,0.09783081,0.035037827,0.07131043,0.05778666,0.05345607,0.051902957,0.055844657,0.042176496,0.051232465,0.053019516,0.10648872,0.04299957,0.030685851,0.044997264,0.01896554,0.042784788,0.23443124,0.035860967,0.019826217,0.04575453,-0.009458949
57,0.03953338,0.20756704,0.045655124,0.18396583,0.007859024,0.054625344,0.047036402,0.07518989,0.05237456,0.1485156,0.023118185,0.067543484,0.054147583,0.020581245,0.055505548,0.098694,0.03478832,0.0710865,0.057777885,0.053362843,0.051772792,0.05663483,0.042201653,0.05048759,0.052862473,0.107528254,0.042648304,0.031406306,0.045341715,0.017464058,0.042407576,0.23703867,0.03529746,0.020628063,0.04658252,-0.011832851
58,0.037231807,0.20860425,0.044163633,0.18502662,0.011039078,0.052810106,0.045955833,0.07365484,0.051506933,0.14780816,0.026346037,0.06720733,0.053662498,0.019206438,0.054999083,0.096266925,0.03781574,0.07141977,0.05754705,0.053386718,0.051383045,0.053250045,0.04433226,0.050746027,0.052654468,0.108857684,0.042273935,0.027792186,0.046114467,0.017524451,0.042182364,0.23977658,0.03505746,0.016468713,0.045304023,-0.011593409
59,0.037550688,0.2089532,0.04461799,0.18517005,0.010056481,0.05296615,0.046279266,0.07318124,0.05190091,0.14840455,0.02547953,0.06732949,0.053951826,0.018788025,0.055275753,0.09717482,0.03712373,0.07129387,0.057755668,0.053827953,0.0514732,0.05426803,0.04395101,0.05005509,0.052696913,0.110183604,0.04219983,0.028818538,0.04612763,0.016214518,0.04206616,0.24216515,0.0349254,0.017648453,0.0459293,-0.013551682
60,0.036805615,0.20868354,0.04427046,0.1853828,0.009952344,0.05206322,0.045904543,0.071666956,0.0516006,0.1486238,0.025436247,0.06655669,0.053637464,0.017746836,0.054923583,0.0973412,0.03713983,0.070366874,0.05739509,0.054007273,0.050941695,0.0543764,0.044010162,0.048568793,0.052157715,0.111491,0.04144286,0.028905023,0.046217766,0.014073396,0.041302994,0.2446671,0.033873197,0.017743949,0.046074677,-0.016548093
61,0.03670828,0.2085074,0.044458497,0.18588771,0.010471859,0.052573513,0.046171304,0.070600905,0.051923707,0.148804,0.026046406,0.0674821,0.054039337,0.017288681,0.05530244,0.09709702,0.037797827,0.0713834,0.05783618,0.054777496,0.051252898,0.053840134,0.044548206,0.04921917,0.052508395,0.113097,0.041739587,0.02827487,0.046516743,0.014501836,0.041629303,0.2472055,0.03443063,0.017003877,0.046004333,-0.01578071
62,0.036747485,0.20920536,0.044761915,0.18680811,0.010839708,0.053350445,0.04653236,0.07012034,0.05239273,0.14945018,0.026597539,0.0687933,0.054576278,0.016930953,0.055835184,0.097239815,0.03852097,0.07283667,0.058429185,0.055419046,0.051737636,0.05356585,0.045281716,0.050356988,0.05303177,0.11452572,0.042226743,0.027828854,0.04712973,0.015443879,0.042142957,0.24960044,0.03523248,0.016459607,0.046395585,-0.014349563
63,0.038295407,0.20954609,0.046190307,0.1871781,0.009120115,0.055249155,0.04774948,0.07029472,0.05364413,0.15070158,0.025080845,0.07046342,0.05565061,0.017199434,0.056913473,0.09905619,0.03736694,0.07419204,0.059394933,0.056437325,0.052616693,0.055532597,0.044774413,0.05113292,0.053833496,0.116152994,0.043040697,0.029761216,0.0474255,0.015770284,0.042884696,0.25211197,0.036361303,0.018677445,0.047892824,-0.014023881
64,0.03858456,0.21045823,0.046640757,0.18785465,0.009135639,0.05589345,0.0482128,0.070211545,0.05420648,0.15131068,0.025255946,0.071504205,0.056238417,0.017032018,0.057503708,0.09938546,0.03770116,0.07530164,0.06001335,0.057103395,0.053141735,0.055602856,0.045172423,0.05190417,0.054374997,0.117578775,0.04356562,0.029730216,0.047816645,0.016270343,0.04341777,0.2545689,0.03722672,0.018623956,0.048276756,-0.013262977
65,0.037371054,0.21217969,0.045944635,0.18890662,0.009457589,0.05450746,0.047536686,0.06958377,0.053731546,0.1521063,0.025801852,0.07069078,0.055809215,0.015840858,0.0570651,0.0996427,0.038468692,0.07455409,0.059618823,0.05690429,0.05258403,0.05540051,0.045994315,0.050695807,0.053846173,0.118704244,0.042791955,0.02933926,0.048570614,0.014364763,0.042665094,0.257287,0.0361867,0.018137546,0.048913054,-0.015998755
66,0.036578022,0.21306163,0.04556304,0.18971507,0.010337703,0.053951956,0.047268566,0.06885808,0.053590644,0.15236692,0.026826082,0.07076024,0.055788223,0.015140337,0.05703246,0.0991957,0.039563112,0.0748293,0.059680168,0.05726615,0.0525204,0.05447828,0.046873137,0.05068239,0.053843956,0.120019436,0.042699732,0.0282722,0.049045082,0.014064944,0.04262185,0.25972146,0.036256555,0.01688259,0.048780937,-0.01625691
67,0.03685849,0.21338038,0.045921028,0.18959682,0.00954175,0.054151736,0.04751925,0.06859199,0.053889304,0.1526037,0.026026832,0.07087791,0.05599162,0.014898208,0.057228435,0.09982908,0.038786512,0.07471848,0.059805308,0.057675935,0.052550446,0.055380516,0.04629142,0.050102286,0.05382039,0.12112103,0.04259312,0.02927438,0.04878712,0.013014953,0.042468667,0.2617955,0.03611968,0.018064499,0.049029093,-0.017733112
68,0.034476757,0.21329431,0.044301838,0.19029906,0.012893875,0.052300435,0.046344187,0.066581644,0.052816518,0.15138821,0.029330464,0.07025163,0.055325046,0.013684016,0.056523394,0.09687783,0.041690465,0.07475787,0.059384897,0.05793518,0.051983364,0.05159023,0.047978107,0.050179474,0.053440135,0.12231835,0.04211828,0.025353154,0.048766386,0.013265059,0.042155422,0.26389748,0.035880342,0.013501792,0.046448637,-0.016684696
69,0.03568599,0.21388054,0.04540667,0.19064727,0.01088438,0.053364255,0.047181353,0.06678061,0.05369811,0.15267652,0.027498353,0.070940815,0.055981025,0.013762997,0.057182323,0.09888552,0.040201463,0.07503256,0.059892938,0.058601994,0.05240489,0.05388164,0.047209688,0.049849886,0.053755645,0.12357172,0.042393085,0.027667237,0.04892877,0.01240618,0.042336367,0.26598483,0.036202475,0.016200176,0.047981475,-0.01791644
70,0.035801176,0.2151794,0.04571925,0.19194171,0.010737887,0.05386751,0.047473844,0.0667731,0.05411118,0.1538892,0.027630212,0.07182549,0.056402493,0.013491482,0.057609312,0.09966575,0.04064836,0.07598849,0.06034243,0.059055857,0.052769497,0.054222185,0.047873296,0.050511852,0.05413263,0.124664456,0.042747732,0.027805109,0.04970529,0.012901678,0.042695224,0.2679166,0.036812484,0.016329816,0.04885925,-0.01695392
71,0.035981443,0.21599534,0.04606721,0.19287236,0.010608211,0.054441534,0.04780734,0.06659333,0.054534122,0.1547942,0.027714748,0.07269671,0.056831904,0.013274299,0.058040168,0.10026261,0.04098424,0.0769039,0.060791392,0.059615634,0.053132333,0.054487478,0.048387825,0.051119365,0.054505832,0.1258329,0.043110207,0.027916014,0.05032009,0.013328473,0.043061055,0.26987225,0.037451494,0.016435403,0.04958118,-0.016180439
72,0.03512216,0.21610819,0.04562503,0.19345252,0.010595787,0.053506564,0.04734556,0.06529887,0.054157164,0.15532178,0.027828505,0.07193566,0.056453098,0.012268529,0.05763505,0.100573376,0.041240346,0.07607117,0.060390543,0.059779983,0.052562457,0.054586247,0.04872939,0.04978523,0.053937294,0.1270411,0.04233072,0.027922267,0.050697096,0.011429881,0.042281665,0.27219492,0.03638163,0.016427683,0.049997155,-0.018798579
73,0.033701938,0.21653537,0.044754755,0.19428362,0.0118392985,0.052142605,0.046631914,0.06395973,0.05354886,0.15539055,0.029212665,0.07119845,0.05600676,0.011234776,0.05716345,0.099722594,0.04264383,0.075591415,0.060042303,0.06001668,0.052062307,0.053151112,0.04973423,0.049038135,0.053520143,0.12825261,0.041777182,0.026320491,0.051042177,0.010457056,0.041799724,0.27439687,0.035834137,0.014523349,0.04935141,-0.019792717
74,0.03318377,0.21809343,0.04449122,0.19493599,0.012188304,0.051642057,0.0464078,0.06406798,0.053452834,0.1557371,0.029676042,0.07116318,0.055962253,0.01076431,0.057122048,0.09965912,0.043171473,0.07567475,0.060042936,0.060070455,0.051982176,0.052818224,0.05016911,0.048894845,0.05346489,0.12904872,0.04163484,0.025910284,0.05128589,0.010020123,0.041676782,0.27623546,0.035746317,0.0140383635,0.049291503,-0.020307722
75,0.034469526,0.2200946,0.045626387,0.1954557,0.010337006,0.05284721,0.047293887,0.065349,0.054452766,0.15714584,0.0280324,0.0722302,0.056754883,0.01105092,0.05794157,0.10167929,0.041918993,0.07643527,0.060727235,0.060511228,0.052625462,0.05502864,0.049666785,0.04916401,0.05401263,0.13004534,0.042183205,0.02810886,0.051723517,0.009747514,0.042136252,0.27826428,0.03648562,0.016616583,0.05110356,-0.020954298
76,0.03335492,0.22176908,0.045017663,0.19677699,0.011951163,0.052299134,0.046906278,0.06500341,0.054233268,0.1574611,0.029868137,0.0726616,0.0567629,0.0104082525,0.057949234,0.100723855,0.043836113,0.07733122,0.060912143,0.060829915,0.052717887,0.05324001,0.05110974,0.049995452,0.054224167,0.13113874,0.04239532,0.026064897,0.052339744,0.010695153,0.04244828,0.28035545,0.037165508,0.014170502,0.050442122,-0.018995717
77,0.034121774,0.22274953,0.04582348,0.19762686,0.010994682,0.053317297,0.04758443,0.06515085,0.05499847,0.15868704,0.029160572,0.07373612,0.05743541,0.010407031,0.058630582,0.10200916,0.04349025,0.07828383,0.061544016,0.061568264,0.05327006,0.054374702,0.051230717,0.050512657,0.05473988,0.13244312,0.042941127,0.027087592,0.05293944,0.010972713,0.04295677,0.28246772,0.038059104,0.01536374,0.051689997,-0.018388754
78,0.034480933,0.22277735,0.046302676,0.19817582,0.010737027,0.053962372,0.0480362,0.06462176,0.05548874,0.15928568,0.029043,0.07450549,0.057913203,0.010292201,0.05910503,0.102477945,0.04353682,0.0790413,0.062018722,0.06239469,0.053653188,0.05468182,0.051407635,0.0509224,0.055120368,0.1337866,0.043355197,0.027326697,0.05320496,0.011294905,0.043365277,0.28446504,0.0388355,0.015637904,0.052066587,-0.017558713
79,0.033394087,0.22271915,0.04572332,0.19872211,0.011448319,0.053015225,0.04754506,0.063085526,0.055075508,0.15936618,0.029858569,0.07395899,0.05759609,0.009329591,0.058761816,0.10197847,0.044378936,0.078615606,0.06175013,0.06288691,0.053210877,0.053810805,0.051997356,0.050081894,0.054727357,0.13528492,0.042832427,0.02635274,0.05337162,0.010172006,0.042886455,0.2870258,0.038328283,0.014469357,0.051592596,-0.018718228
80,0.03492806,0.22262333,0.047155436,0.19913489,0.010489356,0.05497059,0.048871845,0.06299501,0.05641814,0.16021957,0.029086974,0.07588893,0.05885579,0.00984677,0.060032763,0.1030106,0.04389413,0.080448434,0.06297786,0.064479314,0.054375593,0.05480609,0.051893838,0.051459786,0.05586026,0.13722171,0.044189446,0.027307529,0.053661212,0.011578331,0.044209648,0.28949058,0.040604223,0.015603184,0.052459642,-0.016320268
81,0.03621692,0.22323099,0.04835318,0.19949096,0.009127787,0.056361627,0.04989434,0.063312136,0.057493996,0.16127104,0.02791039,0.0771485,0.05978618,0.010141868,0.06097635,0.104482174,0.043062016,0.081485316,0.06383183,0.06550632,0.055166107,0.056360032,0.05164397,0.051983986,0.056587722,0.13873748,0.045021676,0.02883835,0.054093998,0.011788871,0.044980187,0.2917556,0.04196491,0.017419605,0.05390821,-0.015992247
82,0.03480009,0.22506036,0.04743129,0.20024194,0.010442589,0.055083025,0.04914313,0.06303204,0.05689996,0.16119204,0.029319065,0.07664896,0.059365623,0.009291104,0.06054686,0.10350071,0.04440628,0.081293955,0.063529834,0.065473035,0.05474992,0.054874454,0.05248953,0.051619638,0.056254975,0.13964984,0.044575788,0.02723849,0.05420871,0.011215116,0.044608075,0.29392728,0.041618165,0.015500496,0.052917168,-0.016454903
83,0.033371717,0.22683096,0.046428632,0.20050463,0.011730645,0.05378958,0.048306625,0.06299746,0.05620692,0.16068627,0.030557621,0.07606448,0.05882756,0.008490381,0.060001843,0.10235953,0.045415677,0.08095952,0.06308761,0.06513694,0.054217678,0.053499553,0.052949697,0.051164024,0.055787273,0.1401662,0.04395749,0.025860555,0.053987104,0.010467888,0.04404802,0.29569107,0.040923487,0.013862492,0.05168548,-0.017416848
84,0.034039013,0.22783794,0.04705845,0.20033713,0.010975266,0.05452301,0.048839647,0.06350692,0.056810156,0.16086142,0.029776426,0.07683507,0.059340797,0.008588789,0.060526844,0.10296795,0.04462775,0.081567384,0.063543916,0.06563695,0.05462139,0.05442921,0.05236404,0.051371273,0.056136936,0.14119326,0.044334948,0.026919667,0.053754676,0.010329512,0.044376276,0.29768476,0.041597795,0.015146177,0.051993072,-0.017635616
85,0.03276607,0.22825415,0.04629629,0.20063685,0.01172706,0.053249493,0.048167124,0.062306207,0.056234162,0.16067125,0.030552872,0.0759624,0.058856808,0.0076114754,0.0600213,0.102306664,0.045318358,0.080793664,0.06310293,0.06592497,0.054011352,0.05354861,0.052723516,0.05018588,0.055566795,0.14253758,0.04360685,0.026015341,0.053662036,0.008778394,0.043685414,0.30028212,0.04079194,0.014070222,0.05122882,-0.019454971
86,0.033970065,0.22801603,0.047402553,0.20053814,0.010292498,0.054374993,0.049085956,0.06211155,0.05715876,0.16128705,0.029163763,0.07677375,0.059612162,0.007843666,0.06078264,0.103594616,0.04408298,0.08129644,0.063745275,0.06700948,0.05457005,0.05520642,0.051973727,0.05011582,0.056038603,0.1440948,0.044155933,0.027790783,0.053583335,0.008389325,0.04415555,0.3025601,0.041722227,0.016213808,0.05217065,-0.019848293
87,0.032918833,0.22831969,0.04677663,0.2008139,0.011472015,0.053435687,0.04862206,0.061172694,0.05676199,0.16085218,0.030344762,0.07634722,0.059368424,0.0072644386,0.060523428,0.1024846,0.045087405,0.08110719,0.06359254,0.06753935,0.054304615,0.053799484,0.052417513,0.049719438,0.055841208,0.14534445,0.043951806,0.026363255,0.053295027,0.008005882,0.044012588,0.30474448,0.041827567,0.014501417,0.050824445,-0.01975766
88,0.03259686,0.22861858,0.046718378,0.20112586,0.012052747,0.053334,0.048650745,0.06059747,0.056848526,0.16078694,0.030966941,0.07662797,0.059539832,0.006994063,0.060690545,0.10200289,0.0456561,0.081542544,0.06382167,0.06823532,0.054445546,0.053108666,0.0527001,0.049913988,0.056020577,0.14658709,0.044184223,0.025650486,0.053179763,0.008229514,0.044277757,0.3067378,0.042500928,0.013649258,0.050139092,-0.018942963
89,0.03381189,0.2289787,0.0478217,0.20120052,0.010548937,0.05448708,0.04955458,0.060848415,0.057788227,0.16165076,0.029573457,0.07752834,0.06030523,0.0072555565,0.061468035,0.10349387,0.044538762,0.08215689,0.06448339,0.069117084,0.055048656,0.054857608,0.05219843,0.05001065,0.056542676,0.14788337,0.044792198,0.027449008,0.053456213,0.007973667,0.04481044,0.30870217,0.043497484,0.015820757,0.05158975,-0.019364366
90,0.03396814,0.22890615,0.04798416,0.20108344,0.011678484,0.054871548,0.049900144,0.060820434,0.0581209,0.16082372,0.030602094,0.07831699,0.060795225,0.0077477936,0.061963104,0.102167875,0.04522799,0.08322572,0.06508069,0.07010042,0.055665743,0.053453885,0.0522,0.05118797,0.057221282,0.14883585,0.045757324,0.02613406,0.052656304,0.009746981,0.04583172,0.30992866,0.04545712,0.014248686,0.04964465,-0.0159047
91,0.032748,0.22920105,0.04714621,0.20113544,0.012681336,0.053579796,0.049190752,0.05987436,0.057459094,0.16007172,0.03150852,0.07736285,0.060255017,0.0071467645,0.06140207,0.100930154,0.04577892,0.08239821,0.06459349,0.07045745,0.055062998,0.05219194,0.05209384,0.05013296,0.056658387,0.14990789,0.045136433,0.024984358,0.051781923,0.008672227,0.045257267,0.3120246,0.044931028,0.012895815,0.047579117,-0.016551148
92,0.034655105,0.22985348,0.04871626,0.20099907,0.009911955,0.0552658,0.05037928,0.060650844,0.058675446,0.16122532,0.02878416,0.07838113,0.061129484,0.0076424317,0.06229443,0.10343246,0.043323636,0.08280532,0.06524266,0.07124194,0.055660672,0.055470165,0.050651122,0.049844332,0.05708135,0.15108432,0.04559767,0.028489841,0.051721774,0.007797473,0.04556777,0.31402847,0.045542397,0.01716201,0.049516745,-0.017894216
93,0.032427974,0.23077284,0.04718963,0.20207436,0.012730796,0.053725272,0.04923539,0.059406184,0.05763724,0.16048361,0.03164751,0.077928685,0.060455963,0.0067379773,0.06159803,0.10095693,0.045832265,0.082979865,0.064801894,0.07153915,0.05510496,0.052161276,0.051907126,0.050107263,0.05668876,0.15205996,0.04520367,0.025026763,0.05128614,0.008573176,0.045321915,0.31597286,0.045557078,0.012967756,0.046473797,-0.015462199
94,0.034343775,0.2320694,0.048778802,0.20204209,0.010187557,0.055557534,0.050477363,0.06064028,0.058941822,0.16165645,0.029165145,0.07927637,0.06145053,0.007323771,0.06261739,0.10334469,0.043627754,0.08380276,0.0656027,0.07224791,0.055886127,0.055232555,0.050661955,0.05031428,0.057313014,0.15311325,0.045920964,0.028300252,0.051328436,0.008246098,0.045901924,0.3178776,0.04660845,0.01696373,0.048366524,-0.016111085
95,0.032742262,0.23469375,0.047714222,0.2033462,0.012105795,0.054569233,0.04966926,0.060824554,0.058313355,0.1616642,0.031229604,0.079334244,0.061079506,0.0066328114,0.062242582,0.1019596,0.045588773,0.08435148,0.06541503,0.07215713,0.055631634,0.053084936,0.05185367,0.05088984,0.057176817,0.15373228,0.045773417,0.02596358,0.051411115,0.0090002455,0.04585824,0.31969124,0.046842426,0.0141143035,0.046691,-0.014256408
96,0.03296613,0.23794898,0.048063144,0.20413004,0.0106743,0.054686822,0.04979745,0.062178534,0.058643684,0.16309662,0.030017601,0.07956055,0.06123559,0.006206334,0.062412597,0.1037727,0.04478698,0.084309064,0.065473825,0.07193175,0.055605687,0.054953452,0.051780984,0.050242417,0.05707183,0.15446518,0.045516416,0.027795112,0.05218229,0.007458282,0.045528583,0.32192865,0.046426382,0.01633215,0.04861547,-0.016877513
97,0.03315552,0.24038744,0.048240654,0.20434064,0.011355939,0.055185128,0.050088283,0.06369386,0.059049807,0.16285558,0.030672424,0.08065793,0.0617436,0.0066262176,0.06293987,0.103173256,0.045268066,0.08561807,0.066067524,0.07224527,0.056250602,0.054285675,0.051882196,0.05159593,0.05775331,0.15498921,0.046423264,0.027176397,0.051865976,0.009004988,0.04646562,0.3233357,0.048228677,0.01558002,0.047702387,-0.014300089
98,0.03258251,0.24472447,0.04784453,0.20515688,0.012196908,0.05498792,0.049806524,0.065895826,0.059001863,0.16311897,0.031585176,0.08136472,0.061811097,0.006482685,0.06302513,0.10282512,0.04614891,0.08657964,0.06623372,0.071662016,0.056442086,0.053627796,0.05248615,0.052571632,0.05799201,0.1549988,0.046669118,0.02644967,0.05210723,0.009740569,0.046748124,0.32473618,0.048855625,0.014685475,0.04736153,-0.013365646
99,0.033382807,0.25278306,0.048490383,0.20712431,0.010506737,0.055913314,0.05019261,0.07091827,0.05980449,0.1658979,0.030330682,0.08297804,0.06242012,0.0064846524,0.0636818,0.105772875,0.04568391,0.08802196,0.06677907,0.07002361,0.05705741,0.05628695,0.05321685,0.05373277,0.058529243,0.15419021,0.047030065,0.028878806,0.054141503,0.009714315,0.04702475,0.3258466,0.049100123,0.017617244,0.0511157,-0.014753187
100,0.029196337,0.26233318,0.045532025,0.21086796,0.013196627,0.05238718,0.04754009,0.07393888,0.05780113,0.16797301,0.03363966,0.081709825,0.06077622,0.0042709005,0.062030125,0.105152786,0.04959704,0.08752321,0.06542527,0.06725868,0.055607334,0.05366929,0.05663369,0.053399492,0.057284586,0.1532465,0.04525925,0.025531463,0.056344137,0.008663651,0.045422167,0.32765448,0.046664137,0.013439372,0.05121708,-0.016285533
101,0.026519274,0.26828897,0.043710113,0.2124971,0.01364141,0.049797572,0.045713224,0.07563592,0.056429908,0.16926205,0.034357138,0.08019473,0.05944346,0.002402063,0.060683127,0.105713636,0.050664887,0.08606827,0.06411818,0.065297835,0.054147817,0.053611457,0.05789087,0.051552214,0.05584971,0.1531077,0.04324901,0.025202008,0.057662025,0.0055316947,0.04342715,0.33000937,0.043556504,0.012998129,0.052428238,-0.021397134
102,0.026816316,0.27118388,0.044088583,0.21340854,0.012843221,0.050212767,0.04596678,0.07692637,0.056872133,0.17052977,0.03379022,0.080940746,0.059795573,0.002219209,0.0610504,0.10701054,0.05047828,0.08672637,0.06443581,0.06541271,0.054403868,0.05473383,0.05821575,0.051811807,0.056068882,0.15400496,0.043432243,0.026215773,0.05851604,0.00529244,0.043570656,0.3322074,0.043939106,0.014224055,0.053957153,-0.02197586
103,0.026472325,0.27204046,0.044014733,0.21383378,0.013114741,0.05016544,0.045932587,0.07672375,0.056924276,0.17073607,0.03411344,0.081253454,0.05989082,0.0019840992,0.061147068,0.10692397,0.050799306,0.08713664,0.06456398,0.06604003,0.054455627,0.054503333,0.05838198,0.051983323,0.056136653,0.15518978,0.043566655,0.025974816,0.058464147,0.005509699,0.043717984,0.33433297,0.044514116,0.013925837,0.053577628,-0.021159703
104,0.027254036,0.2720361,0.044691347,0.213816,0.012881624,0.051112846,0.046594225,0.07665107,0.057567827,0.1707077,0.033859476,0.08222791,0.060517814,0.002439658,0.061786585,0.107003406,0.050440975,0.08810692,0.065186374,0.0672162,0.055055033,0.054771863,0.057935152,0.05275449,0.056715637,0.15646711,0.044391815,0.026375633,0.057971537,0.0065998677,0.044526383,0.33609763,0.046161663,0.014449423,0.053027913,-0.018927015
105,0.027946498,0.27214515,0.045305654,0.21384872,0.012387657,0.05188219,0.047148157,0.07661032,0.058125474,0.17089199,0.033374015,0.08300612,0.061020423,0.0026649055,0.062299002,0.10739856,0.049931027,0.08881856,0.06565597,0.06808173,0.05548397,0.05536175,0.05749303,0.053197,0.05710754,0.15756181,0.044924002,0.027074,0.057670962,0.007122619,0.04502556,0.33771715,0.04721359,0.015326627,0.05294327,-0.017763335
106,0.02600303,0.2726441,0.04406905,0.21447815,0.0132805435,0.050112523,0.046010002,0.07539297,0.057113025,0.1709122,0.034308277,0.08170345,0.06011182,0.0015049512,0.061365273,0.106747314,0.050798453,0.087662764,0.06479562,0.06799065,0.054466408,0.054366656,0.057948563,0.051807478,0.056135777,0.15838337,0.043723978,0.026010983,0.057537284,0.0055702426,0.04386995,0.33959752,0.04561705,0.014018502,0.051895063,-0.019379925
107,0.023751322,0.27330938,0.04276552,0.21543762,0.013828652,0.048307482,0.044745382,0.073642544,0.056038443,0.17141256,0.034980584,0.08043102,0.05909717,-0.00017345315,0.060322087,0.106603555,0.051567387,0.086476296,0.06380115,0.067960024,0.05322493,0.053794164,0.058532137,0.050117895,0.054924056,0.15968193,0.042155504,0.025301611,0.057748683,0.0034839697,0.04233173,0.34232846,0.043383736,0.013127131,0.051452834,-0.021824688
108,0.024098996,0.27486864,0.043162704,0.21603046,0.013429273,0.049020793,0.045085136,0.07418447,0.056485943,0.17205106,0.034665376,0.081440136,0.059501737,-0.00018428391,0.06073534,0.1072288,0.05134921,0.08745738,0.06418562,0.06849232,0.053545695,0.054414067,0.058464892,0.050779518,0.055217057,0.16073073,0.042497993,0.025939316,0.05783337,0.004046505,0.04264831,0.34437662,0.04411182,0.013931811,0.05165872,-0.020767573
109,0.024138652,0.2768997,0.043305423,0.21669488,0.013265472,0.049377687,0.045201305,0.075024985,0.05673667,0.1726874,0.034597613,0.08218543,0.05973936,-0.00024475766,0.060977932,0.10771768,0.051394906,0.088215984,0.06442216,0.068757415,0.053738844,0.054798994,0.05860991,0.05130168,0.055399325,0.1615136,0.042720165,0.026303595,0.05805738,0.004457481,0.04285793,0.34620485,0.04469046,0.0143833,0.051918,-0.019958654
110,0.025399536,0.2779784,0.044320036,0.21704926,0.012436124,0.05075383,0.046110075,0.07584399,0.05768463,0.1733708,0.033868,0.083603114,0.060597397,0.00029766135,0.061856925,0.10864127,0.05082397,0.0895489,0.06524238,0.06967023,0.05455515,0.05582901,0.05835609,0.05237258,0.056169357,0.16256969,0.043716207,0.027384087,0.058175307,0.0056121266,0.0438097,0.34783137,0.04646716,0.015741182,0.052525863,-0.018023135
111,0.025030471,0.2774121,0.044036012,0.21631694,0.013016016,0.05037404,0.045916215,0.075250685,0.057445202,0.17220911,0.034195058,0.08324599,0.060419448,0.00042677272,0.06167377,0.107581206,0.05061088,0.08919939,0.06507272,0.07040287,0.05434949,0.055228665,0.05755069,0.05191321,0.0559578,0.16354088,0.043633282,0.027061746,0.056908708,0.0054069944,0.04372861,0.34951264,0.046808474,0.015370703,0.05065226,-0.017514983
112,0.025464598,0.2762863,0.044409443,0.21537545,0.012873349,0.050826,0.046286725,0.07445758,0.05774188,0.17121553,0.033791848,0.08353183,0.060690112,0.0007184697,0.061950702,0.1071162,0.049715366,0.08936755,0.0653012,0.07161846,0.054514952,0.05546719,0.056341555,0.051756144,0.056075446,0.16501305,0.04392497,0.027656903,0.05561167,0.0054063746,0.043986112,0.35167795,0.047669664,0.016164951,0.049303126,-0.016872419
113,0.025715774,0.27490658,0.044278666,0.2131645,0.013468239,0.050413974,0.04625747,0.07430121,0.057522427,0.168407,0.033726268,0.08273715,0.060503885,0.0015994374,0.061758928,0.10512736,0.048362028,0.08837836,0.065055326,0.07245238,0.05430808,0.054917745,0.053904206,0.050759435,0.05579597,0.1657745,0.04386488,0.027848342,0.052554987,0.0047298786,0.043877695,0.35317037,0.04811275,0.016489059,0.04550566,-0.01685421
114,0.025710974,0.2738293,0.044178125,0.21186112,0.0134721445,0.049898807,0.046165466,0.07362727,0.057322066,0.16680484,0.033337142,0.08188729,0.060283657,0.0019372866,0.06153066,0.104153074,0.0471783,0.08732388,0.06476598,0.07333741,0.053975508,0.05493876,0.052097917,0.049494334,0.05540062,0.16688296,0.043582104,0.028390113,0.05041791,0.0036789759,0.043559514,0.3550798,0.04813087,0.01723633,0.042948775,-0.017266262
115,0.024804566,0.2729515,0.04365265,0.2116978,0.014139138,0.049018033,0.04573,0.07209209,0.056870095,0.1660135,0.033889323,0.0810858,0.05991193,0.0016261794,0.06114494,0.103086896,0.047340516,0.08658009,0.064419165,0.07436071,0.05351395,0.05401384,0.051617883,0.048501622,0.05494964,0.16837226,0.04321822,0.027623566,0.04927766,0.0030923388,0.043215033,0.35742676,0.048108984,0.016296662,0.040828243,-0.01671926
116,0.024867361,0.27173108,0.043781154,0.21087612,0.013601302,0.04879288,0.045781303,0.07083336,0.056859292,0.16514732,0.03312277,0.08052023,0.05982145,0.0016018964,0.061046857,0.102831624,0.046087436,0.08576862,0.06423655,0.07549578,0.053211823,0.054551106,0.050088603,0.047224823,0.05457334,0.16996264,0.042890448,0.028568432,0.047676723,0.0018799254,0.042839948,0.35988626,0.04795094,0.017557064,0.03911597,-0.01746615
117,0.026795961,0.27104902,0.04518326,0.21002665,0.01237046,0.050433014,0.04703636,0.071064405,0.058006145,0.16462028,0.031705335,0.08169017,0.06082012,0.0026867513,0.062066562,0.103246495,0.044293847,0.08664303,0.06512653,0.077038415,0.054122444,0.05590273,0.048324,0.047791805,0.055376884,0.17138505,0.044058573,0.03035533,0.046241134,0.0027896613,0.043926336,0.3617825,0.05012759,0.019854369,0.03815237,-0.01531974
118,0.026556002,0.2711082,0.045234505,0.21056572,0.012365384,0.05052371,0.047083795,0.07019472,0.058103606,0.16490732,0.031756822,0.08195695,0.06092544,0.002408964,0.062169425,0.10331188,0.044319324,0.086929105,0.06523458,0.07797538,0.054109044,0.05592576,0.048219852,0.047690287,0.055356313,0.1728708,0.04409238,0.030421946,0.045954958,0.0028009128,0.043958083,0.36419234,0.05051026,0.019962415,0.037518084,-0.014486709
119,0.026167585,0.27121508,0.045261,0.2114991,0.012676422,0.05072285,0.04715537,0.069159254,0.05825097,0.16552301,0.032230493,0.08253771,0.061130986,0.0020167972,0.062375322,0.10335454,0.044941735,0.08767287,0.06549331,0.07904195,0.054235395,0.055567272,0.048714183,0.048056874,0.05551244,0.1745092,0.04434378,0.02995495,0.04615922,0.003359016,0.04423308,0.3666987,0.051285777,0.019374147,0.037250236,-0.01291891
120,0.024178317,0.27098092,0.044075098,0.21210314,0.01379077,0.049157884,0.046104092,0.067244016,0.05729396,0.16545899,0.033380564,0.08144244,0.060305238,0.0007241898,0.061525155,0.10253854,0.04600595,0.08676675,0.06473344,0.07939054,0.053232294,0.054359503,0.049296785,0.046681616,0.054561544,0.17595573,0.04311548,0.028648686,0.046115715,0.0016407428,0.04304843,0.3694171,0.049569935,0.017719923,0.036299713,-0.01506354
121,0.02476939,0.27074185,0.044743177,0.21240625,0.013162642,0.049997166,0.046691205,0.066645175,0.05790911,0.16603643,0.032835785,0.082301065,0.060853552,0.00066361565,0.062084906,0.10327908,0.045611855,0.087562166,0.065252535,0.08046272,0.053632714,0.05514647,0.049164053,0.04698091,0.054931864,0.17751843,0.04355339,0.029465076,0.04625908,0.0017893622,0.043459315,0.37170577,0.050414756,0.018761272,0.036834233,-0.014690599
122,0.023901867,0.27017593,0.044343185,0.21253671,0.0135462545,0.049443793,0.046338644,0.065200046,0.057599153,0.1659196,0.033222783,0.08195629,0.060590312,-3.796095e-05,0.06181323,0.10291508,0.04593305,0.08728558,0.06501162,0.0811216,0.053224042,0.05468203,0.04926008,0.04627039,0.054538675,0.17886567,0.043071866,0.028990576,0.046086933,0.00091615453,0.042991824,0.37387344,0.049866937,0.018157778,0.036286052,-0.015666764
123,0.024704099,0.2697835,0.044994637,0.21227407,0.013209532,0.050231796,0.046961483,0.065067716,0.058189146,0.16565265,0.03278687,0.08266213,0.06114669,0.00045720593,0.062382888,0.102932125,0.0452697,0.08793171,0.06554505,0.08214792,0.05374582,0.05508622,0.048471645,0.04673148,0.055025786,0.17993478,0.04378956,0.029605333,0.045265578,0.001668283,0.043687195,0.3753831,0.051301178,0.018975304,0.035435505,-0.013898307
124,0.025039256,0.27003247,0.045364965,0.2124183,0.012478891,0.05041607,0.047223795,0.06479126,0.05847599,0.16593452,0.032059528,0.08273167,0.061342143,0.00044790967,0.0625826,0.103508,0.04449487,0.08783867,0.06567442,0.08294648,0.05377539,0.05596279,0.047807965,0.046199393,0.05499726,0.1812272,0.043781836,0.030641817,0.044790957,0.0009940126,0.043636385,0.3775723,0.051464986,0.020309184,0.035180084,-0.014400237
125,0.023960698,0.27034986,0.044650313,0.21273792,0.014321201,0.049884725,0.046783473,0.06427816,0.058068674,0.16515239,0.033853512,0.082837194,0.061180767,0.0003770891,0.06241627,0.10170611,0.04594494,0.08835594,0.06567128,0.08358627,0.05375525,0.053760972,0.048275333,0.04684955,0.05507243,0.1820545,0.04407211,0.028374096,0.044111747,0.002302575,0.044007707,0.37909785,0.052519806,0.017422084,0.032876316,-0.01145904
126,0.024709255,0.2714852,0.04523046,0.21232969,0.01305863,0.05033215,0.047180075,0.06509654,0.058514465,0.1652899,0.032506842,0.08309223,0.061458133,0.00051828346,0.06270036,0.10268812,0.04451789,0.088289,0.065824755,0.08384054,0.05386404,0.05540114,0.047235437,0.046324685,0.055087153,0.18276757,0.044051357,0.030285466,0.04368501,0.0011899092,0.043913703,0.38070795,0.05248129,0.019889653,0.03332142,-0.01343414
127,0.024243476,0.27267468,0.04495347,0.2124471,0.01369951,0.050155487,0.046996787,0.06540076,0.05840563,0.16495833,0.03309954,0.08332782,0.06143303,0.00040941787,0.0626748,0.10203696,0.04490476,0.08865481,0.06584861,0.0840645,0.053858668,0.054722097,0.047214597,0.046577357,0.0551041,0.18334188,0.044119567,0.029646032,0.043241765,0.0014564125,0.044001166,0.38209873,0.052848365,0.01907988,0.03226058,-0.012828907
128,0.02317032,0.27366382,0.04434791,0.21274574,0.013231792,0.04901546,0.046287376,0.06481098,0.05781345,0.1653306,0.032666218,0.08224488,0.06076266,-0.000640998,0.061988227,0.10255658,0.04450975,0.08738975,0.065104574,0.083928995,0.052907277,0.055375475,0.04699426,0.04466246,0.054107957,0.18426459,0.042742725,0.03036493,0.043232296,-0.0013246131,0.04259205,0.3843235,0.050577063,0.020008773,0.032439135,-0.01712677
129,0.022814615,0.2729413,0.044156216,0.21281287,0.013995888,0.048857395,0.046213467,0.06371413,0.057688467,0.16455075,0.03331119,0.08217797,0.060741168,-0.00036347387,0.061966643,0.10138405,0.044678133,0.08744198,0.065132305,0.08535468,0.052878786,0.054355267,0.046372175,0.04459795,0.05408662,0.18589382,0.043007977,0.029503357,0.041807663,-0.00058121886,0.04287667,0.38688278,0.051670637,0.01892675,0.02977901,-0.014326606
130,0.023250919,0.271402,0.044206824,0.21115597,0.014204334,0.04857794,0.04631756,0.06321301,0.05760061,0.16208573,0.032945827,0.08139932,0.06066925,0.00085134665,0.06189309,0.099591754,0.04302172,0.086471826,0.06500234,0.08682487,0.052810695,0.053967826,0.04350892,0.043763176,0.05394502,0.1870927,0.04328657,0.029847395,0.03803042,-0.00026854652,0.04313635,0.3888473,0.05292463,0.019487066,0.024665562,-0.011377446
131,0.024736723,0.2711403,0.045259453,0.2104177,0.011915489,0.049230594,0.047037847,0.063299045,0.058261085,0.1620729,0.03047198,0.081245914,0.061028503,0.0013836727,0.0622619,0.101035304,0.04025681,0.0857221,0.06513512,0.087800615,0.05285183,0.056663807,0.04121206,0.042402998,0.053813856,0.18846492,0.04314416,0.033087257,0.036531344,-0.001973907,0.042875577,0.39118743,0.052726157,0.023694841,0.02420147,-0.013265799
132,0.023016755,0.27127197,0.044105634,0.2110815,0.014442976,0.04828025,0.046248093,0.062244393,0.057513013,0.16115631,0.032976747,0.081127495,0.06060835,0.0009830291,0.06183079,0.098616496,0.042347986,0.0861534,0.064920396,0.088316016,0.052579977,0.05359497,0.041997537,0.042983215,0.05366004,0.18926916,0.043117978,0.029855642,0.03580121,-0.000675811,0.042940874,0.39280316,0.05320725,0.019542193,0.021315586,-0.010212069
133,0.023964036,0.27132204,0.044950202,0.21098539,0.0126326075,0.048817463,0.046827845,0.062078085,0.058114484,0.16184933,0.031196304,0.08124059,0.060982544,0.00095355615,0.062213525,0.10020524,0.04071091,0.08588819,0.06514718,0.08903671,0.052672744,0.055735745,0.041012328,0.042056203,0.053650536,0.19054143,0.043019135,0.032229356,0.035600007,-0.0021745958,0.042768635,0.39486447,0.05297316,0.022619402,0.02217962,-0.01245307
134,0.02385193,0.2710954,0.045026798,0.21123835,0.013362296,0.049212825,0.047025084,0.06147683,0.058331404,0.16162905,0.031926356,0.08199663,0.06130632,0.00094248913,0.062544316,0.09951926,0.04131002,0.08685755,0.06554934,0.0898621,0.053016108,0.05485969,0.04119032,0.042874053,0.054030783,0.19158961,0.043549698,0.031321134,0.035293967,-0.0010732436,0.043326717,0.39645952,0.05409714,0.021451112,0.02121751,-0.010366608
135,0.02418171,0.2714334,0.045472503,0.21128972,0.012846363,0.04988874,0.04740261,0.06128484,0.058771532,0.16191062,0.031407192,0.08278208,0.061685905,0.00072432647,0.06293277,0.10007908,0.040818833,0.0875605,0.065894395,0.090381235,0.05325189,0.055613846,0.04091275,0.043085873,0.05423554,0.19258723,0.043710906,0.032158304,0.035290137,-0.0012504996,0.043464188,0.39818415,0.054340016,0.022537587,0.021592714,-0.010865202
136,0.024268497,0.272633,0.04567793,0.21150632,0.0122811375,0.050032053,0.047521375,0.061659303,0.058979753,0.16238524,0.030886453,0.08303737,0.061823532,0.00044539053,0.06307325,0.10077075,0.04039937,0.087712616,0.0659881,0.09045889,0.053261768,0.0564237,0.040756576,0.042828497,0.054213986,0.193183,0.04357475,0.033025324,0.035443086,-0.002075065,0.043303207,0.39955175,0.054055244,0.02365957,0.022174425,-0.012533647
137,0.023433011,0.27343646,0.045009565,0.21118,0.013978465,0.0494199,0.047108453,0.061988924,0.05859273,0.16111048,0.032411482,0.082975306,0.061649602,0.0005665872,0.06289421,0.098844506,0.04140897,0.087951586,0.065933675,0.09059551,0.053254582,0.05441758,0.040767863,0.043274656,0.05427067,0.193411,0.04380791,0.031045482,0.034467816,-0.0012711686,0.04358617,0.40040997,0.05484493,0.021107132,0.019900545,-0.010959121
138,0.02358777,0.2741886,0.04513488,0.21024454,0.013409705,0.04938669,0.047151364,0.062463317,0.05867816,0.16043036,0.031595055,0.08288351,0.061642863,0.0004779991,0.06288633,0.09896001,0.04021259,0.087608725,0.065833434,0.090613194,0.053095426,0.055319313,0.03958361,0.042516954,0.054041397,0.19390759,0.04347457,0.03227194,0.03356427,-0.002641925,0.04320466,0.40176448,0.054300282,0.0227174,0.01947052,-0.01333921
139,0.022250846,0.27456045,0.04421118,0.21011901,0.015090604,0.04857451,0.046467386,0.061970152,0.05804041,0.15937133,0.03313644,0.0826612,0.061207574,5.1660314e-05,0.06243927,0.097189404,0.041314527,0.08767621,0.06550631,0.09073402,0.05270983,0.053379934,0.039768238,0.042545468,0.05371669,0.19441348,0.043142892,0.03031364,0.032810107,-0.002538821,0.04291816,0.40304312,0.05405746,0.020187063,0.017449256,-0.013011185
140,0.02206174,0.2748524,0.044207856,0.20991531,0.014780062,0.048366975,0.04641458,0.061632585,0.058037467,0.15928245,0.03278709,0.082521945,0.061161354,-0.00032250214,0.062391233,0.097328916,0.040891122,0.08745534,0.06542273,0.09108167,0.052507553,0.053733386,0.039363362,0.041881703,0.05348763,0.19530399,0.042811956,0.03076834,0.032492705,-0.003627517,0.04256934,0.40466788,0.053561673,0.020784417,0.01729529,-0.014819317
141,0.022915052,0.27524525,0.04497154,0.20999286,0.014421162,0.04943179,0.04714871,0.06195061,0.05880282,0.15951325,0.032457035,0.08371746,0.061901145,5.600156e-05,0.06314904,0.09768215,0.04059984,0.08866666,0.06616583,0.091891155,0.053260583,0.054172043,0.039164968,0.04290732,0.054229785,0.19615108,0.04381518,0.03126436,0.032412585,-0.0024014283,0.043564722,0.40590706,0.055415366,0.02143394,0.01743008,-0.01281517
142,0.023062337,0.2756232,0.04520063,0.21033922,0.01475344,0.04985414,0.0474383,0.06194562,0.059125464,0.1596496,0.032852184,0.08441563,0.062281802,0.00020694631,0.06353869,0.09748059,0.041015472,0.089510426,0.06659984,0.09259738,0.053678755,0.053769644,0.03939185,0.043636702,0.05467234,0.19701114,0.04445566,0.030817615,0.03239465,-0.0014557107,0.044221606,0.40727517,0.056735545,0.020851102,0.017096426,-0.011163714
143,0.022213433,0.2767683,0.044726204,0.21074569,0.014719614,0.049103495,0.046936627,0.061853204,0.058723766,0.16006882,0.032890156,0.0838349,0.061866675,-0.00046270018,0.06311257,0.097794265,0.041170582,0.08888909,0.06616797,0.09243411,0.053129748,0.05397974,0.03966246,0.042633872,0.05411856,0.19749928,0.043685287,0.030994054,0.032768667,-0.0030434784,0.043445908,0.40860716,0.055474065,0.021073861,0.017581841,-0.013841508
144,0.020625968,0.2773712,0.043711457,0.21107768,0.015889157,0.04803837,0.046071358,0.061151527,0.05794345,0.15978919,0.034052297,0.08323295,0.06122125,-0.0012914791,0.06245076,0.0968778,0.042201597,0.08846898,0.06559305,0.09234145,0.05242799,0.05275526,0.04021795,0.04197299,0.053463742,0.19803807,0.04284247,0.029665839,0.03278814,-0.0039891624,0.042634897,0.410051,0.05423266,0.019335307,0.016806116,-0.015323766
145,0.020546487,0.27818984,0.04384932,0.2116507,0.015933987,0.048428483,0.046217285,0.061132863,0.058171157,0.16031997,0.03420053,0.08391863,0.0614651,-0.0015083913,0.06270062,0.09717469,0.042501688,0.08922788,0.06586238,0.09277236,0.052632105,0.052846048,0.040597927,0.042440154,0.053679317,0.1988278,0.043110788,0.029689316,0.03319666,-0.003595751,0.042909138,0.41153,0.054813772,0.019357968,0.017218912,-0.014708079
146,0.02050422,0.2787455,0.044010993,0.21223308,0.01572219,0.048720907,0.046345774,0.060931373,0.05836867,0.16099219,0.03411462,0.08438636,0.06164488,-0.0017914264,0.0628853,0.09771039,0.042634577,0.089717984,0.06604632,0.09320818,0.052725296,0.0531913,0.040935572,0.04258131,0.05377326,0.199671,0.043199353,0.029969117,0.03367946,-0.0036292737,0.04299616,0.4130106,0.055039257,0.01971577,0.017866194,-0.014751437
147,0.021094382,0.2799549,0.044461075,0.21223335,0.015013823,0.0491258,0.04669644,0.06185769,0.05877007,0.16136314,0.033430643,0.08474776,0.061961137,-0.0015636841,0.06320802,0.09845927,0.042052086,0.08993729,0.066312276,0.09337238,0.052998655,0.054157156,0.040697496,0.042596374,0.05401138,0.200051,0.043498226,0.031022977,0.03386147,-0.003893949,0.04326917,0.4139188,0.055595085,0.021093665,0.018645102,-0.015331892
148,0.019819248,0.2820102,0.043481406,0.21262167,0.0162227,0.047967326,0.045874342,0.06275249,0.058044974,0.16109511,0.034643564,0.08406484,0.061380055,-0.0018245012,0.06260943,0.09749866,0.04312547,0.08943712,0.06580732,0.0927304,0.05253755,0.052877422,0.0412467,0.04227139,0.05360236,0.19964723,0.0430571,0.029641638,0.033826422,-0.0042525837,0.042864356,0.41418946,0.055093095,0.019279595,0.017716981,-0.015780533
149,0.018361004,0.28475568,0.04256234,0.21377464,0.01682583,0.04707491,0.04500873,0.06346175,0.057370488,0.16188796,0.035427883,0.08376174,0.060775366,-0.0027449306,0.061986234,0.09759139,0.04415742,0.08925525,0.0652451,0.091819175,0.05190335,0.052417405,0.04227739,0.04192401,0.053006794,0.1993574,0.04216812,0.028961608,0.03470347,-0.005126512,0.041999277,0.414786,0.053568985,0.01837067,0.018189814,-0.017458044
150,0.01745933,0.29193246,0.04211074,0.21665905,0.01632272,0.046809223,0.04443547,0.06713086,0.05722424,0.16497093,0.03550957,0.08443246,0.06058363,-0.0036698892,0.06177616,0.09978354,0.045299392,0.089971066,0.065058604,0.089715585,0.05174929,0.053508103,0.04435932,0.04252603,0.052884407,0.19800091,0.041687667,0.029610591,0.03737616,-0.005473179,0.04153267,0.41468826,0.052529287,0.019175997,0.021345042,-0.016967665
151,0.01743105,0.30120674,0.041992296,0.21958338,0.015662173,0.046991467,0.044169616,0.07287664,0.057395313,0.16805191,0.035421286,0.0856036,0.060683694,-0.003912538,0.06185955,0.10209356,0.046154577,0.09111088,0.0651368,0.08723453,0.05196655,0.05490667,0.046129547,0.043702718,0.05310394,0.1961889,0.041606788,0.030654369,0.039781068,-0.005432832,0.041438054,0.41445366,0.052065633,0.020495089,0.024043832,-0.0152766155
152,0.018804004,0.30750245,0.042807326,0.22073956,0.014664857,0.048379708,0.044838984,0.07773342,0.058303244,0.1695205,0.034595586,0.087486,0.06148084,-0.0030998867,0.06266015,0.10374811,0.045608126,0.09282189,0.06586711,0.08600712,0.052917313,0.056680698,0.04619467,0.045518965,0.05400358,0.19496046,0.042636536,0.0325003,0.040503558,-0.0040249545,0.042424113,0.41428325,0.053682685,0.022899937,0.025435042,-0.012516158
153,0.016436573,0.3123092,0.041276313,0.22270405,0.015622487,0.04688607,0.04339074,0.07913062,0.057214063,0.17077875,0.0358509,0.08708125,0.060508795,-0.0044947253,0.06165363,0.10375223,0.047236674,0.092636906,0.064965814,0.08461461,0.05189319,0.055764087,0.047669303,0.045137063,0.053043112,0.19462739,0.041214284,0.03125333,0.041493855,-0.005026898,0.041045524,0.41555,0.051323306,0.021258716,0.025424773,-0.01365148
154,0.016005306,0.3141367,0.04114115,0.2233467,0.015257389,0.046861507,0.043181688,0.07949541,0.05715899,0.17146236,0.035573445,0.08740048,0.06040252,-0.0050707813,0.061544724,0.10442286,0.04707284,0.09288964,0.06482324,0.08460522,0.051630672,0.056435965,0.047714323,0.044941865,0.052752253,0.1953241,0.04073972,0.031942435,0.04173658,-0.005692282,0.040548194,0.41734555,0.050525438,0.02215403,0.025785005,-0.01457597
155,0.014819464,0.3145715,0.040528342,0.22406505,0.015825393,0.046057362,0.04263612,0.078603126,0.056707677,0.17179081,0.036254942,0.08697059,0.060027603,-0.0056506246,0.061166912,0.10411265,0.047834568,0.092638806,0.06450748,0.08522348,0.051187627,0.05573236,0.048180137,0.044458516,0.052343946,0.19650747,0.040316805,0.031137852,0.041764393,-0.0059700357,0.04015191,0.41956526,0.050146706,0.021104882,0.025210556,-0.014301079
156,0.016500615,0.3147743,0.041942384,0.22443718,0.014733877,0.04810384,0.043914463,0.07873665,0.05799872,0.1726653,0.035271924,0.08903567,0.061202016,-0.0051372456,0.062379576,0.1053773,0.047075476,0.09464214,0.06564813,0.086725056,0.05229471,0.057159793,0.047925264,0.04602782,0.053402387,0.19811055,0.041728105,0.032649588,0.04203769,-0.004167322,0.041523296,0.42184553,0.052659065,0.023086812,0.02614236,-0.011444376
157,0.0148195345,0.31429034,0.041121338,0.2248787,0.015123015,0.047080062,0.043124095,0.0767884,0.05732588,0.17285798,0.035703935,0.08837411,0.060567033,-0.006403936,0.061740983,0.10520933,0.047534924,0.09407767,0.065037586,0.08737203,0.051416676,0.056778517,0.048230253,0.04483157,0.052537084,0.19976756,0.04059556,0.032206975,0.04211565,-0.005709221,0.040400315,0.42465794,0.05091579,0.022506183,0.02589465,-0.013617218
158,0.014826192,0.3138527,0.041222338,0.22480467,0.015353311,0.047271445,0.04326958,0.07616821,0.057457995,0.17259385,0.03588168,0.08868778,0.06073363,-0.0063361702,0.06192124,0.104882106,0.04752532,0.09446925,0.06523163,0.08834792,0.051548135,0.05657449,0.047947634,0.045006838,0.05266761,0.20099199,0.040891528,0.032090265,0.041609984,-0.00525721,0.040697187,0.42662546,0.051710468,0.022355627,0.025147686,-0.012481306
159,0.014775794,0.31459966,0.040773276,0.22370774,0.015870828,0.046347804,0.042902038,0.07742375,0.056999106,0.17111053,0.036077283,0.08760611,0.06032036,-0.005562811,0.061490078,0.10375707,0.04696004,0.09326776,0.06478368,0.08811314,0.051225882,0.05623076,0.046699084,0.04409364,0.05231346,0.20066056,0.040666558,0.03210261,0.040005002,-0.006018315,0.0404553,0.42690092,0.05167982,0.022385003,0.023212487,-0.013157023
160,0.015179978,0.31536245,0.040668905,0.22261712,0.016438,0.04604369,0.04289935,0.0788533,0.05689943,0.16963111,0.036322236,0.08720016,0.060280364,-0.0045138625,0.061442494,0.10261383,0.04645604,0.092789866,0.064730264,0.08816881,0.051333684,0.05584495,0.045518596,0.043942608,0.052395727,0.20046972,0.041032188,0.03205977,0.038472738,-0.00583377,0.04080644,0.42726853,0.052681293,0.022341395,0.021355424,-0.012463758
161,0.015118894,0.31527853,0.040569816,0.22215407,0.01604235,0.04538259,0.04273208,0.07868017,0.05670545,0.16928634,0.035831995,0.08632197,0.060021188,-0.0044881697,0.061179686,0.102689,0.045725435,0.09174246,0.06440402,0.08862277,0.050935227,0.056393255,0.044726588,0.042620182,0.051946815,0.20135367,0.040541835,0.03282756,0.03779412,-0.0073851296,0.040281713,0.4289464,0.05202909,0.02336465,0.020899324,-0.014612358
162,0.015772982,0.3159474,0.04088899,0.22170545,0.016020117,0.045742046,0.043063805,0.07961109,0.057001207,0.1687967,0.03568931,0.08666307,0.060315657,-0.0038152416,0.061479293,0.102463715,0.045282964,0.092033945,0.06468286,0.08900411,0.05128721,0.056576926,0.044076025,0.042962205,0.0522748,0.20168923,0.04110072,0.033202983,0.037103795,-0.0068709766,0.040824562,0.42984486,0.05321486,0.023862142,0.02023943,-0.013695989
163,0.015841082,0.31870776,0.040859476,0.2223922,0.016341042,0.045982916,0.04308245,0.08157168,0.057142224,0.1692793,0.036097918,0.087353185,0.06050835,-0.0034841471,0.061668683,0.10255125,0.045779128,0.09281963,0.06491309,0.08860562,0.05161891,0.05643527,0.044493638,0.04390658,0.052628797,0.20133519,0.041598346,0.032999873,0.037387807,-0.0058190036,0.041335236,0.43022332,0.05422053,0.023579339,0.020277383,-0.012052139
164,0.01713957,0.32499948,0.04172452,0.22425044,0.015039153,0.047429804,0.043738607,0.085894674,0.058101986,0.17169969,0.03518724,0.08944037,0.06132088,-0.0032125858,0.062484127,0.10489506,0.04562945,0.09477947,0.0656629,0.08752512,0.0524368,0.05837063,0.04534253,0.04566504,0.05341237,0.200716,0.042271785,0.034787074,0.039074965,-0.0049351417,0.041973364,0.43075314,0.055006355,0.025913894,0.022757588,-0.01181043
165,0.016275618,0.3290419,0.0406294,0.22442561,0.017248133,0.04664556,0.042980865,0.08921154,0.057406943,0.1705914,0.037184402,0.089381404,0.06090667,-0.0022483363,0.062043127,0.10282871,0.046966642,0.095026605,0.06538038,0.08627262,0.052444126,0.056256477,0.045435417,0.046765298,0.053496275,0.19903839,0.04263065,0.032733947,0.03800207,-0.0031816487,0.042390175,0.42995623,0.056098323,0.023207776,0.020174097,-0.008625429
166,0.019012077,0.33410302,0.0414832,0.22226605,0.016652029,0.04771158,0.043784637,0.095621884,0.058066312,0.16851473,0.03597877,0.09005611,0.061461966,0.00039262013,0.06258879,0.102514945,0.04444224,0.09515644,0.06575393,0.08461147,0.053274542,0.058067884,0.042593885,0.04753676,0.054178666,0.19668199,0.043620545,0.035412155,0.035742372,-0.00285273,0.043278158,0.4284197,0.057832044,0.026754122,0.018818356,-0.0064688493
167,0.01873974,0.3406882,0.040255442,0.22076255,0.018469911,0.046609063,0.04282994,0.101962455,0.057172067,0.16596568,0.037169233,0.08947172,0.060752656,0.001940919,0.061844587,0.10026942,0.0442268,0.094487384,0.06504114,0.081720196,0.052958533,0.057089742,0.041132297,0.047737144,0.053839173,0.19355199,0.04327665,0.034982514,0.03368785,-0.0032111367,0.04291722,0.42660794,0.057481192,0.026197659,0.01614499,-0.006738789
168,0.017545443,0.34989673,0.038628798,0.22102325,0.018888608,0.044843625,0.041207496,0.1089229,0.0559497,0.16587262,0.037409443,0.08863958,0.059533108,0.0020761038,0.060594242,0.10037687,0.04401955,0.093448475,0.06374789,0.0776304,0.051869392,0.05777012,0.04083691,0.047037244,0.052704748,0.19022502,0.041508548,0.035883617,0.03368249,-0.005615603,0.041115444,0.42511144,0.05426369,0.027349595,0.01624312,-0.011270168
169,0.012061903,0.35749134,0.0349225,0.22314079,0.02100739,0.04070098,0.037690114,0.11188233,0.053246073,0.16686694,0.039633185,0.0865174,0.057031523,-0.00026937493,0.058038056,0.09967709,0.046473734,0.09160339,0.061341602,0.07401467,0.04934442,0.056010693,0.042842627,0.0451664,0.050269153,0.18845582,0.038104184,0.033735324,0.034906738,-0.008905231,0.037765805,0.42572984,0.048572846,0.02452125,0.016111141,-0.016593803
170,0.012700433,0.3642211,0.035480015,0.22599506,0.020837812,0.04267536,0.038217474,0.11602225,0.054207265,0.16970724,0.03991136,0.089885354,0.058007862,-5.6321966e-05,0.059040748,0.10139435,0.047710538,0.0952679,0.062415034,0.07322325,0.05048442,0.056528155,0.04469002,0.04883496,0.051469874,0.18794048,0.039352715,0.03381453,0.036836628,-0.0054036556,0.039051946,0.42662248,0.050463296,0.024618361,0.017738746,-0.01210994
171,0.012750725,0.36776918,0.03582468,0.2278994,0.019685725,0.043496504,0.03835334,0.11725848,0.0546995,0.17201927,0.039154246,0.09151394,0.058361866,-0.0007541791,0.05940529,0.10341855,0.047744866,0.096864946,0.06272852,0.073270455,0.050661128,0.05792875,0.045558218,0.049908023,0.05162487,0.18883952,0.039328836,0.034977134,0.03822606,-0.004749478,0.039009303,0.4288789,0.05027903,0.026139384,0.019385811,-0.011463734
172,0.011068076,0.36875436,0.03513866,0.2289423,0.019414961,0.042788576,0.0375804,0.11624244,0.054246042,0.17310882,0.039071154,0.09150974,0.05786172,-0.002092057,0.05889583,0.1041663,0.048039924,0.096872136,0.06220844,0.073594354,0.049936377,0.05826501,0.046126816,0.04939218,0.050896626,0.19013625,0.038370434,0.035166234,0.038867626,-0.005418635,0.038047545,0.43142593,0.04880447,0.026387695,0.019929275,-0.012238547
173,0.009675982,0.36865288,0.034722533,0.2295539,0.01890171,0.042446278,0.03705084,0.11451769,0.053975936,0.1738895,0.03867406,0.091743775,0.05751337,-0.003428691,0.05854408,0.104957394,0.04786864,0.09705312,0.061812345,0.074428864,0.049314715,0.05894575,0.04626826,0.04890595,0.050246928,0.19187872,0.03757969,0.03580703,0.03925485,-0.0059662955,0.037237335,0.43432254,0.047655053,0.027224347,0.020481316,-0.012856873
174,0.009847126,0.3683287,0.035070952,0.22951527,0.018202452,0.042863287,0.037290256,0.11364642,0.054250322,0.17406365,0.03799004,0.09229082,0.05769677,-0.0035970458,0.058738112,0.10551191,0.047073405,0.0975026,0.061931554,0.075662985,0.049344804,0.05988386,0.04556654,0.048953053,0.050219048,0.1933658,0.037734117,0.03694057,0.03880566,-0.005472022,0.037351396,0.4367119,0.048222303,0.028720502,0.02037221,-0.011473091
175,0.010741447,0.36822245,0.03574441,0.22916177,0.017037988,0.04353719,0.037788793,0.113351785,0.054713372,0.17409438,0.036786932,0.09282271,0.05800493,-0.003497172,0.059060637,0.10638195,0.04562206,0.09777672,0.06212179,0.07678638,0.049440674,0.061525796,0.044368986,0.048715353,0.050216857,0.1948804,0.037821278,0.03892289,0.038169753,-0.0056875064,0.037370607,0.43918788,0.04852664,0.0313447,0.0204002,-0.01147497
176,0.007906254,0.3663899,0.03397925,0.22848572,0.019034611,0.041535012,0.036306858,0.11090781,0.05323744,0.17216885,0.038412947,0.09117253,0.056753147,-0.0041739414,0.057788067,0.10394735,0.04621647,0.09631688,0.0609412,0.07743282,0.04817395,0.05959872,0.043533687,0.047234837,0.04896626,0.19578572,0.03662914,0.037286438,0.036203045,-0.006291862,0.036194626,0.44109547,0.047198176,0.02918821,0.01721075,-0.0107873175
177,0.009406831,0.36545163,0.035143,0.22794357,0.017790496,0.042988796,0.037304807,0.1101679,0.05413368,0.17199166,0.03707929,0.092427716,0.05749541,-0.0038202193,0.058559496,0.10476612,0.04450374,0.09732613,0.061573185,0.07915657,0.048726685,0.061376985,0.04202972,0.047678024,0.049412664,0.19765475,0.037348468,0.03948152,0.03527332,-0.0055668238,0.036843073,0.44375134,0.048607938,0.03209965,0.016959514,-0.009299348
178,0.006808073,0.3641272,0.03389081,0.22788164,0.0183749,0.041446723,0.036103535,0.10742228,0.053143583,0.1715561,0.03758111,0.091502346,0.05655551,-0.0054279445,0.057608895,0.10410209,0.044747747,0.096480206,0.0606409,0.07998481,0.047531262,0.0607931,0.04184591,0.04621981,0.048213996,0.19942859,0.035943642,0.038966317,0.03472344,-0.0069195647,0.035437107,0.44668633,0.04654395,0.03141647,0.016019471,-0.010667302
179,0.007422042,0.3649046,0.03446175,0.22831202,0.018121734,0.042628694,0.036650103,0.107645795,0.05373602,0.17198926,0.037389066,0.09304834,0.057131894,-0.005190526,0.05820235,0.10447512,0.04458281,0.09809818,0.061225254,0.081029184,0.048106488,0.061198656,0.0416787,0.04762774,0.04877573,0.20050319,0.03682602,0.03943816,0.034558233,-0.004924324,0.03630954,0.44868907,0.048315134,0.032042526,0.015826846,-0.007219139
180,0.0073352754,0.3653381,0.03467176,0.2284411,0.016910702,0.04286557,0.036653142,0.107046306,0.053878337,0.17251341,0.03623697,0.09344592,0.057108596,-0.0059005725,0.058186367,0.10562058,0.043476697,0.09825801,0.061090752,0.08172552,0.047775954,0.06277039,0.041049127,0.047060393,0.04836556,0.20201495,0.036232915,0.041191444,0.03449613,-0.005902586,0.035662547,0.4512866,0.047286958,0.03438511,0.016220434,-0.008718646
181,0.005068825,0.36420333,0.03334771,0.22803773,0.01806753,0.04131489,0.035480052,0.10509568,0.05278159,0.17135195,0.037190516,0.092243224,0.056136813,-0.006762187,0.0572028,0.1041339,0.043825433,0.09717489,0.060156874,0.08219947,0.04670551,0.06156188,0.040507786,0.045759838,0.047298204,0.20299521,0.03507508,0.040139508,0.033222754,-0.0068276837,0.034509778,0.45322114,0.045704946,0.032986,0.014138046,-0.009177771
182,0.0066997,0.3632022,0.034380004,0.22678778,0.016681835,0.042524453,0.036322642,0.10477929,0.053456202,0.17048211,0.03554742,0.09293337,0.056622207,-0.0062503177,0.057712972,0.10481765,0.04142931,0.097424224,0.060473435,0.083386175,0.04695097,0.063803524,0.03831631,0.045393784,0.04739624,0.20446438,0.035265766,0.042999145,0.031814147,-0.0075283456,0.034604844,0.45540798,0.04607971,0.03680795,0.01358311,-0.010355658
183,0.005414343,0.3618244,0.033583812,0.22611474,0.018509576,0.042024594,0.035818327,0.10332647,0.05289228,0.16876729,0.037064314,0.09282232,0.056284998,-0.0061752563,0.057381216,0.10260409,0.042059653,0.09760036,0.06024507,0.0844202,0.04673142,0.06196247,0.037641287,0.045653634,0.047203515,0.20537964,0.035427034,0.041365676,0.03010217,-0.006205261,0.034785744,0.4571334,0.046962142,0.034634966,0.010875955,-0.0072643957
184,0.007033612,0.36116976,0.03481568,0.2252221,0.016894901,0.0435921,0.036829215,0.10295005,0.05384595,0.16845305,0.0353147,0.09417563,0.057036087,-0.0059599197,0.058164354,0.1037004,0.039899454,0.09859655,0.06085148,0.085771345,0.047241874,0.064274505,0.0359423,0.045932844,0.04759164,0.20700301,0.03596195,0.044157982,0.029260894,-0.0061096316,0.03524447,0.45939046,0.04789695,0.038378764,0.010957137,-0.0072251996
185,0.003408854,0.3610927,0.032838676,0.22608875,0.018911531,0.041583546,0.03511098,0.10078817,0.05242808,0.16830838,0.037393644,0.09329601,0.05586311,-0.0076965727,0.056973375,0.10198962,0.042032506,0.09822101,0.059845213,0.08597375,0.046024818,0.0615979,0.03709883,0.045360893,0.046475347,0.20792356,0.034645427,0.04115822,0.029147739,-0.006152806,0.03398991,0.4613794,0.045954186,0.034354217,0.009415038,-0.0064416844
186,0.004651616,0.36155918,0.033832584,0.22616266,0.01711545,0.042700607,0.035832245,0.10086204,0.053193145,0.16909035,0.03570133,0.094333544,0.056405168,-0.007840983,0.057538312,0.10365887,0.040506355,0.098984346,0.06026141,0.08680103,0.04630161,0.06376371,0.036309097,0.045470603,0.046663065,0.20922999,0.034760915,0.04353908,0.02915502,-0.006441708,0.03404842,0.463337,0.045990407,0.03754931,0.010188561,-0.0071051572
187,0.0025175186,0.3611444,0.032549247,0.22614108,0.01815314,0.041270807,0.034675557,0.099516734,0.052150223,0.16851203,0.036649145,0.093350224,0.055472635,-0.008819267,0.05659117,0.10259279,0.04117735,0.098152295,0.059374295,0.086845025,0.04526954,0.06261718,0.03636483,0.044422615,0.04565172,0.20983839,0.03353494,0.042382922,0.02863084,-0.0074426397,0.032834586,0.4647393,0.04406205,0.03599652,0.009057596,-0.008248898
188,0.0035906704,0.36081445,0.032966703,0.22492358,0.017529912,0.041486286,0.03501386,0.09997845,0.052303005,0.16737902,0.035773207,0.09308297,0.055534933,-0.008050481,0.056659624,0.10248787,0.039547272,0.09758763,0.059324216,0.08729787,0.045253757,0.06373219,0.03452244,0.04374591,0.0455382,0.2102722,0.033526625,0.04400064,0.027036535,-0.008108959,0.032767527,0.46566257,0.044197485,0.03818259,0.007827924,-0.008972962
189,0.0042476472,0.36053666,0.033183623,0.22432472,0.01808183,0.0417812,0.03534035,0.10028328,0.05247226,0.16637674,0.036139503,0.09331302,0.055778224,-0.0072211847,0.056915052,0.10151849,0.03930594,0.0978846,0.059591968,0.08798751,0.04559597,0.06326324,0.033573627,0.044190943,0.045860935,0.21074748,0.034157593,0.043783307,0.025645135,-0.007068548,0.033385303,0.46671295,0.04557088,0.03789772,0.0061423066,-0.0067887027
190,0.0030078196,0.36020213,0.032449435,0.22417334,0.01887561,0.0409483,0.034713265,0.09940615,0.05190515,0.16579364,0.036844466,0.09282709,0.05530038,-0.0077350778,0.05643295,0.10060474,0.039724443,0.09752981,0.059154294,0.08826886,0.04507076,0.062370554,0.033442944,0.043679263,0.04534644,0.21136397,0.033592857,0.0429244,0.025043583,-0.00739545,0.032824907,0.46799493,0.044770174,0.03674183,0.0051035476,-0.0069203377
191,0.004137392,0.36012045,0.033446703,0.22409557,0.017542323,0.0421629,0.03552266,0.09908699,0.052747127,0.16625677,0.035573643,0.094068415,0.055988017,-0.0077770045,0.057151686,0.101761796,0.038545825,0.09862925,0.05977069,0.08944662,0.045575738,0.06393521,0.03276142,0.044208944,0.045791518,0.2128416,0.03414326,0.044674683,0.024907004,-0.0069035897,0.03334057,0.47006837,0.045695007,0.039106242,0.0055315667,-0.006193176
192,0.002659108,0.35942692,0.032761883,0.22414726,0.01844389,0.041432682,0.034963995,0.09750836,0.052299384,0.1658335,0.03647165,0.09389455,0.055656567,-0.008481224,0.05682947,0.100697085,0.03933042,0.09874766,0.05952849,0.090346955,0.045212023,0.06257057,0.03288313,0.044117913,0.045461968,0.21406871,0.033906598,0.0432401,0.02431084,-0.0063474323,0.033123028,0.47212714,0.045585614,0.037176516,0.004275154,-0.004591679
193,0.0039283186,0.3603678,0.033527028,0.2236371,0.016962549,0.04212284,0.035510134,0.09849759,0.052817322,0.165871,0.03495116,0.09432635,0.055985663,-0.008091824,0.057165973,0.101796806,0.037626322,0.09883695,0.059716105,0.090739295,0.04538687,0.06452639,0.031620096,0.043845415,0.04554152,0.21465391,0.034029618,0.04555423,0.023704963,-0.0068553686,0.033190977,0.4733301,0.045787368,0.040308803,0.0043457164,-0.006829923
194,0.0026787762,0.3617829,0.031432252,0.22115582,0.021612294,0.040272016,0.034153562,0.10159377,0.05107773,0.16088715,0.0387023,0.09254596,0.054798122,-0.0056772423,0.055915035,0.09604005,0.038917646,0.09732653,0.058682766,0.08921735,0.044937477,0.0600705,0.029750625,0.04397655,0.045129277,0.21187781,0.034323253,0.041598972,0.019668065,-0.005060457,0.0335075,0.47135115,0.047304492,0.034980927,-0.001548016,-0.009791611
195,0.004360869,0.3638965,0.031731598,0.21960983,0.022788,0.041279804,0.034681365,0.10502062,0.051317517,0.15852119,0.039373666,0.09340515,0.05518134,-0.003397554,0.05628811,0.09415704,0.038180534,0.09809542,0.0590564,0.08889646,0.04569758,0.059563506,0.027836679,0.045438003,0.045839645,0.21073136,0.035635997,0.041643344,0.017275296,-0.002884029,0.03479257,0.47086707,0.05002402,0.035052758,-0.0042449366,-0.009237023
196,0.005047217,0.36374193,0.031723514,0.21723329,0.022551926,0.041310836,0.034664787,0.10579847,0.051082753,0.15584387,0.03855638,0.09300646,0.054900825,-0.0025686468,0.055996325,0.0931621,0.035739213,0.09725974,0.058619916,0.08903247,0.045323893,0.06081885,0.02472849,0.044408627,0.04533232,0.2109487,0.035208303,0.043768555,0.014462257,-0.00403162,0.03430416,0.47199425,0.04958963,0.037939478,-0.0063242386,-0.012047615
197,0.00391271,0.36339054,0.030653834,0.21616828,0.024713267,0.04072454,0.03391783,0.10567479,0.050212353,0.15341301,0.04027069,0.09265445,0.054267306,-0.0020930981,0.0553475,0.09038206,0.03616917,0.09704224,0.058048114,0.089185864,0.04485622,0.05881343,0.023581335,0.044426925,0.04484521,0.21092546,0.03497616,0.042087495,0.012176963,-0.0033189827,0.03404582,0.4727856,0.04972227,0.03571029,-0.010055358,-0.010660297
198,0.004973422,0.3684314,0.031262696,0.21735597,0.022547046,0.041521057,0.03417462,0.10901898,0.050709482,0.15538126,0.038401026,0.09375228,0.054506946,-0.0021028393,0.055590898,0.09298118,0.03486272,0.097851984,0.058150686,0.088360086,0.044908646,0.061553992,0.023393692,0.044834428,0.044837546,0.21079074,0.034636457,0.044916607,0.013010546,-0.0037925593,0.033689287,0.47395316,0.04884222,0.03948691,-0.00822448,-0.012316396
199,0.0036775933,0.3741844,0.02969664,0.21875376,0.02516095,0.040437087,0.032966267,0.11358398,0.049590692,0.15540814,0.041017212,0.0933957,0.05368927,-0.00096810283,0.054747596,0.09107901,0.037335146,0.09795689,0.05750811,0.08627936,0.044640627,0.05877435,0.02458944,0.046069317,0.04465746,0.20812474,0.034696683,0.041887872,0.012701049,-0.0017137266,0.03378048,0.4722377,0.049373988,0.035416555,-0.0106604695,-0.008455618
200,0.008824735,0.37856033,0.032547735,0.21872379,0.02067285,0.043297376,0.035178702,0.11824653,0.05158113,0.1569827,0.0367455,0.09527579,0.0551676,0.00095848617,0.05625928,0.09508821,0.03312578,0.099079564,0.05867036,0.08642199,0.04590332,0.06439775,0.021974755,0.046858825,0.045735512,0.20829266,0.035818994,0.048202153,0.012112704,-0.0015572264,0.03484048,0.47324184,0.050992582,0.043862525,-0.008718053,-0.008624354
201,0.0058740857,0.3778357,0.029454881,0.21626468,0.026480645,0.03994963,0.032949734,0.11877692,0.04881308,0.15095514,0.041455157,0.09151663,0.05303013,0.003060251,0.054072823,0.087679304,0.03470259,0.0956784,0.05670173,0.085868284,0.04437164,0.05863711,0.019232398,0.044907045,0.044159845,0.20666808,0.034881536,0.043213587,0.006121104,-0.0012329685,0.033834074,0.4728086,0.050758928,0.03725099,-0.018336752,-0.004870179
202,0.00834133,0.37632632,0.029861305,0.21196125,0.0250598,0.03923629,0.033202816,0.12006524,0.04824954,0.14619489,0.039134167,0.088574424,0.052292675,0.0056562447,0.053314313,0.08614059,0.029354136,0.09182409,0.055626582,0.086108506,0.043528564,0.0614003,0.012350102,0.041380312,0.04304291,0.20627695,0.033999696,0.047749635,-0.00059736485,-0.0039331513,0.03285976,0.47316104,0.0500075,0.043389894,-0.024168957,-0.006297445
203,0.008595134,0.37547678,0.02973485,0.21046622,0.025600947,0.038995165,0.033174325,0.11981373,0.047973067,0.14392379,0.039275397,0.087993115,0.052072823,0.006410582,0.05308233,0.08443771,0.028158495,0.09109395,0.05534434,0.08688639,0.043268487,0.061113268,0.0099442415,0.04055671,0.042686503,0.20710233,0.03381901,0.048082136,-0.003562557,-0.004328507,0.032621764,0.47494927,0.050079323,0.043866124,-0.027516797,-0.0059179147
204,0.0058773793,0.3746501,0.028071394,0.21023752,0.027617441,0.037053205,0.03176903,0.118119955,0.046699967,0.14257637,0.04106618,0.08667803,0.051001135,0.0054131025,0.051979426,0.0821986,0.029307326,0.08997525,0.05433276,0.08698803,0.042092238,0.05886715,0.009817602,0.03912149,0.041505788,0.20795362,0.032394547,0.04588495,-0.0048006284,-0.005920667,0.03116044,0.4769914,0.047805447,0.040944815,-0.029988898,-0.008030243
205,0.0077472464,0.3749245,0.029478598,0.20974159,0.026243402,0.039097626,0.033020444,0.11837823,0.047918998,0.14250866,0.0396544,0.088899754,0.05209616,0.005700511,0.053091057,0.08312731,0.027598884,0.092022486,0.055346712,0.08827894,0.04298954,0.060669743,0.008344245,0.040490944,0.042348955,0.20965566,0.03332602,0.048067957,-0.005766884,-0.0048334044,0.032091666,0.47961187,0.04932823,0.04388812,-0.030166898,-0.006798755
206,0.007931699,0.37439916,0.029860547,0.20924094,0.026988877,0.040370755,0.033546496,0.11764407,0.048479136,0.14156106,0.040222146,0.09086616,0.05276058,0.00561392,0.053759772,0.08210352,0.027667213,0.0941213,0.056054402,0.08961147,0.043592595,0.059991825,0.007792839,0.04204314,0.042944282,0.21136998,0.0341112,0.04754831,-0.0067236032,-0.003271283,0.032864146,0.48229167,0.050768174,0.04321042,-0.03146276,-0.004817764
207,0.007990034,0.37552688,0.030127507,0.20870161,0.025670124,0.04092766,0.033618912,0.117898725,0.04875444,0.14147328,0.038823728,0.09192079,0.052886292,0.004830233,0.053889286,0.08315973,0.02596938,0.09491271,0.056064587,0.08966938,0.04341209,0.062002055,0.006529405,0.041997384,0.042704217,0.21221796,0.033553652,0.049930535,-0.0072487635,-0.0041609337,0.032307055,0.48405114,0.04960972,0.04642379,-0.0310405,-0.0067728106
208,0.006704023,0.37607932,0.02954028,0.2091975,0.027645765,0.041097283,0.033317633,0.11744649,0.048631683,0.14103574,0.040731672,0.09315392,0.052988917,0.0044154786,0.05399266,0.081461005,0.027699554,0.09653983,0.056308124,0.09024859,0.043596625,0.059738096,0.007295985,0.043408714,0.042928897,0.21312119,0.03391835,0.047489714,-0.0075084628,-0.0025116627,0.032654393,0.48598856,0.050357595,0.043147337,-0.03253922,-0.004354721
209,0.008665459,0.3781074,0.030927142,0.2090955,0.02540301,0.042997774,0.034403063,0.11898997,0.049798455,0.14183553,0.038549397,0.095290415,0.053923752,0.0044948393,0.054952305,0.0836667,0.025509419,0.09838593,0.057115756,0.090680584,0.044291545,0.06287612,0.006054264,0.044547502,0.04357,0.21407114,0.034451537,0.051009987,-0.007559753,-0.002077604,0.033210956,0.4877795,0.05106165,0.04789268,-0.031111607,-0.004463593
210,0.0059876875,0.38137504,0.029509902,0.21087864,0.026751636,0.042145777,0.033118006,0.11960453,0.049038827,0.14306001,0.04009958,0.09604965,0.053295285,0.002880581,0.05431854,0.08333963,0.027607221,0.09952925,0.056606133,0.08984331,0.043596968,0.06132556,0.007904868,0.045227956,0.04293867,0.21419357,0.033408217,0.04902818,-0.0063591213,-0.0020063159,0.032168593,0.489292,0.049059205,0.045200102,-0.030982306,-0.0050085937
211,0.001777747,0.38323787,0.027033709,0.21209203,0.02928434,0.039735794,0.030929817,0.1190826,0.047339257,0.14317279,0.04265258,0.095140524,0.051839493,0.0010191977,0.05283517,0.08152857,0.03028703,0.09905621,0.055291507,0.08878283,0.042111993,0.058348436,0.009579048,0.04450455,0.04151276,0.21401839,0.031534787,0.04564532,-0.0059741265,-0.0030740649,0.030272555,0.490297,0.045815628,0.040634934,-0.032258008,-0.006770698
212,0.0013319982,0.3840325,0.02680763,0.21168382,0.028398974,0.03934178,0.030553438,0.11911645,0.04709368,0.14297523,0.041702576,0.09503903,0.05148064,0.00031040356,0.052470073,0.08213198,0.028994394,0.09874077,0.05482837,0.08880803,0.041474536,0.059751038,0.008457569,0.043566387,0.04081731,0.21478711,0.030518549,0.04737299,-0.0066413637,-0.004619877,0.029248534,0.49191156,0.04401918,0.042980634,-0.03234486,-0.009353591
213,0.0006576191,0.38527316,0.026281923,0.21137984,0.028860422,0.03904117,0.03008341,0.1198039,0.046711493,0.14232917,0.042018946,0.09519655,0.051137887,8.120871e-05,0.05212338,0.08154924,0.028827488,0.09890497,0.05447513,0.088615105,0.041088536,0.05963427,0.0078673735,0.04348485,0.0404052,0.2149405,0.030033156,0.04745031,-0.0073883478,-0.0048458762,0.028747542,0.4928794,0.04327563,0.043094136,-0.033216972,-0.009754841
214,0.0026925874,0.38870773,0.027478108,0.21222422,0.02737305,0.04074845,0.03107859,0.122719176,0.0477416,0.14380515,0.040756807,0.09708049,0.052022837,0.00083745515,0.053034224,0.08340329,0.027996808,0.10074054,0.055322908,0.08859062,0.04200662,0.061524186,0.0077760844,0.04523386,0.04131975,0.21492282,0.031083265,0.049417816,-0.006818984,-0.0031779658,0.029826304,0.49352306,0.045011755,0.045748957,-0.03192488,-0.0075446116
215,0.0006560314,0.39004093,0.02631634,0.21307877,0.028115032,0.039487116,0.029973123,0.12254383,0.046908997,0.14424285,0.041588306,0.096565954,0.05125247,-0.00015083462,0.05224893,0.08296816,0.028989132,0.10039554,0.054591164,0.08829531,0.041154448,0.06055144,0.008379373,0.04466679,0.04048107,0.21518983,0.030012017,0.048298374,-0.006785796,-0.0037295155,0.028742652,0.49473566,0.043222934,0.04424493,-0.03267347,-0.008004276
216,0.00021485437,0.3912994,0.026125005,0.21345632,0.027505748,0.039235335,0.029667292,0.12283141,0.046759304,0.14477201,0.041063517,0.09672451,0.05102645,-0.0006742614,0.052020177,0.083639495,0.028520452,0.10049972,0.054317363,0.08846294,0.04077366,0.0613641,0.0080649685,0.044394515,0.04007646,0.21581367,0.029488718,0.049212802,-0.006918161,-0.004021538,0.028218474,0.4961824,0.04239701,0.045475617,-0.032615468,-0.008152568
217,0.0010522355,0.3928641,0.02679107,0.21455869,0.027067618,0.040464755,0.03027468,0.12364274,0.04745169,0.14606196,0.040828675,0.0984538,0.051684897,-0.00063029776,0.052697394,0.08457016,0.028742215,0.10236611,0.05500728,0.08919992,0.041403845,0.0618373,0.008565836,0.045976635,0.04072689,0.21679224,0.030265842,0.04957787,-0.0063703153,-0.0023031223,0.029010886,0.4979739,0.04375199,0.045959435,-0.032089833,-0.0055548274
218,-8.5949876e-05,0.39280185,0.026338918,0.21490568,0.027546933,0.04038028,0.029877016,0.12267189,0.047243427,0.14616804,0.04128318,0.09910072,0.051522445,-0.0015757002,0.052533805,0.08436163,0.029126326,0.10311447,0.054868944,0.089806356,0.041073352,0.061541963,0.008755125,0.046148673,0.040400065,0.2180771,0.029802943,0.049267154,-0.006365049,-0.0023299935,0.028543584,0.50018996,0.04299534,0.04553282,-0.032317717,-0.005706597
219,-0.0012192546,0.39246786,0.025619188,0.2142381,0.027965441,0.039760813,0.029203903,0.12198161,0.04663444,0.14514434,0.04146203,0.09883646,0.05093944,-0.0022693619,0.05193941,0.08372487,0.02856839,0.10275358,0.054239366,0.090025984,0.040289998,0.061735544,0.0077739684,0.045240022,0.039570708,0.21895374,0.028761148,0.049772717,-0.0073583764,-0.0036091118,0.027482748,0.50194347,0.04129882,0.04623423,-0.03325274,-0.007738823
220,-0.002114442,0.39190316,0.02487731,0.21293493,0.028596768,0.03901597,0.028551683,0.121505275,0.045932468,0.14332534,0.04173243,0.09822096,0.050288916,-0.0025329092,0.051276423,0.08249863,0.027718095,0.10200555,0.053532477,0.090247,0.039501403,0.06174782,0.0061564515,0.04411383,0.03871518,0.2195859,0.027812876,0.050256815,-0.009132731,-0.004806122,0.026503388,0.50338167,0.039886177,0.046919197,-0.035009764,-0.009239626
221,-0.0008312065,0.3931816,0.025332544,0.21190955,0.02838897,0.039926175,0.029007036,0.12322222,0.046220712,0.14219908,0.041285973,0.09909121,0.050558858,-0.0016585133,0.05155335,0.082233116,0.026426077,0.10272376,0.053740416,0.09055852,0.0398006,0.06271038,0.004546996,0.044717304,0.03895557,0.21980605,0.028315172,0.05170691,-0.010519813,-0.0039230706,0.026995586,0.50430954,0.041046258,0.048909046,-0.035963282,-0.0075423643
222,-0.0030113356,0.3947572,0.023859354,0.21204391,0.030121027,0.038959417,0.027749546,0.12375511,0.04517493,0.14153922,0.042857613,0.09906027,0.049677026,-0.0023952588,0.050651424,0.080747835,0.027591929,0.10289489,0.052916005,0.089981824,0.038940888,0.061115164,0.0048286603,0.044721935,0.03810024,0.21959628,0.027357941,0.050089445,-0.010979172,-0.0038002105,0.026009189,0.50507414,0.03956105,0.046711326,-0.03720399,-0.007096288
223,-0.0029206858,0.39689162,0.024004808,0.21238613,0.029371733,0.03972433,0.027773857,0.12489977,0.04539826,0.14218257,0.042172555,0.10049864,0.04981466,-0.002890078,0.05079377,0.08177223,0.027018627,0.10427754,0.05300972,0.090061836,0.038941525,0.062352158,0.0047282707,0.045601737,0.03809235,0.22011553,0.02727743,0.0514175,-0.010584324,-0.003119843,0.025947196,0.50641304,0.039425503,0.0485064,-0.03637455,-0.0062924484
224,-0.0032376105,0.39844695,0.024072427,0.21305965,0.028744416,0.040301595,0.027730936,0.12519132,0.045621917,0.14314015,0.041686364,0.101954944,0.049967226,-0.003773685,0.050954513,0.08274969,0.026860002,0.105778016,0.053147253,0.09054128,0.038908843,0.06316646,0.0049684825,0.046484906,0.038062997,0.22116049,0.027149055,0.05221003,-0.010081553,-0.0023289674,0.025832381,0.5083532,0.03918908,0.049575333,-0.035673216,-0.0051258937
225,-0.004576817,0.398494,0.023579229,0.21297233,0.028698007,0.040060803,0.027208863,0.12410443,0.045374602,0.14299208,0.041580915,0.102638386,0.04970336,-0.005088407,0.050692655,0.0827909,0.02651295,0.10646583,0.052857626,0.09126222,0.038376145,0.06355564,0.004532324,0.046384495,0.03750499,0.22262016,0.026414692,0.052749954,-0.010454933,-0.0025088112,0.025090981,0.5107743,0.03799167,0.050308503,-0.035942882,-0.0051637725
226,-0.0071625123,0.39883375,0.022285,0.2129041,0.028895583,0.038623527,0.025890034,0.12287867,0.0444431,0.14279427,0.04175032,0.10227291,0.048767194,-0.0069579864,0.04973991,0.08250137,0.026562223,0.10613096,0.051891986,0.09141682,0.037124865,0.06334165,0.004323844,0.045299046,0.036230642,0.22365956,0.024737386,0.052597508,-0.010873868,-0.0037567574,0.023394715,0.5127476,0.035091933,0.050102938,-0.036513373,-0.0067436043
227,-0.00574192,0.40028465,0.02300521,0.21242322,0.027900213,0.039851755,0.026485592,0.12435157,0.044974457,0.14261182,0.040703822,0.10365782,0.049197752,-0.0065792133,0.050179116,0.08322366,0.025178175,0.10735162,0.052243207,0.091901824,0.03748055,0.06491629,0.003191561,0.046180967,0.036543973,0.22421175,0.025217861,0.054515526,-0.011499593,-0.0027578138,0.023884913,0.5138398,0.036093492,0.052732743,-0.03658118,-0.0050750277
228,-0.007610734,0.40113762,0.021887144,0.21249557,0.028711032,0.038910735,0.025448656,0.12416476,0.044166945,0.14228351,0.041459534,0.10356126,0.04845972,-0.0076595317,0.049424488,0.08239305,0.02576716,0.10738442,0.051522303,0.091813296,0.0366119,0.06395756,0.0032197514,0.04580143,0.03566629,0.22468534,0.024123913,0.053539842,-0.011990442,-0.0031622609,0.02276477,0.51515776,0.034243546,0.05139954,-0.037535384,-0.005496259
229,-0.009397157,0.4028909,0.020601628,0.21281311,0.029148854,0.037797667,0.024172645,0.124867275,0.043083627,0.1423818,0.041878447,0.103021555,0.047389645,-0.00863468,0.048321877,0.082201965,0.026135257,0.10684095,0.050422005,0.09106819,0.035378765,0.06369341,0.0034195555,0.044891074,0.03442505,0.22463849,0.022479542,0.05325926,-0.011943116,-0.004550056,0.021108754,0.51598585,0.031347957,0.051007167,-0.037710253,-0.007919574
230,-0.0048988652,0.40451482,0.021561127,0.20928892,0.029923473,0.039813414,0.025355825,0.13000467,0.04315124,0.13773035,0.04173888,0.10323554,0.047552504,-0.004497046,0.048462108,0.07990474,0.022634212,0.10643499,0.050396517,0.09033267,0.035927195,0.065543,-0.0016346779,0.045167454,0.03479633,0.22270983,0.023572586,0.056591924,-0.016608477,-0.0037035812,0.022167638,0.51431304,0.033928405,0.055628162,-0.041798398,-0.005854347
231,-0.0055458574,0.4051966,0.019984517,0.2075469,0.034285236,0.03920364,0.024428604,0.13217144,0.04173154,0.13355924,0.04530406,0.102500446,0.046568174,-0.0027883376,0.047437828,0.07477451,0.023662116,0.105821654,0.049475886,0.089260355,0.035335734,0.061995506,-0.0036491577,0.045051858,0.034097724,0.22114609,0.023194121,0.0536406,-0.02041122,-0.003310845,0.02164607,0.5135782,0.03361934,0.051695615,-0.047118697,-0.0046371357
232,-0.0028896723,0.40677467,0.021206615,0.20661518,0.032703456,0.04101267,0.025466342,0.13413338,0.042490583,0.1327931,0.043591235,0.10414789,0.047186244,-0.0018202855,0.048068654,0.07563927,0.020938914,0.1071638,0.0499599,0.090122305,0.03582493,0.06475586,-0.0062399367,0.045942534,0.034505032,0.2221189,0.02378604,0.057136066,-0.02224543,-0.0022882123,0.022269007,0.51541835,0.034846198,0.05648479,-0.04843215,-0.0027647421
233,-0.0030821264,0.40747887,0.021077124,0.20630296,0.032863267,0.041228432,0.02535947,0.13427934,0.042453174,0.1321164,0.04366411,0.1050663,0.04717183,-0.0021914279,0.048055906,0.07499909,0.020449981,0.108139046,0.04993016,0.09084505,0.035686616,0.06468973,-0.007389054,0.04642045,0.03431608,0.22319888,0.023627274,0.057349097,-0.023770025,-0.0015138589,0.022079714,0.5174829,0.034686353,0.056791674,-0.050253477,-0.0010648026
234,-0.0050357655,0.40829137,0.019673806,0.20518157,0.03349146,0.039643038,0.024007436,0.13435395,0.041278116,0.13033348,0.04399248,0.10432685,0.046034317,-0.0033835634,0.046892285,0.07358674,0.019597562,0.10729587,0.04870996,0.09059307,0.03427544,0.06451046,-0.009268382,0.044861216,0.032808166,0.22369738,0.021739049,0.05765419,-0.026034944,-0.0033098075,0.020134535,0.518918,0.03144926,0.057237323,-0.052712295,-0.0034680052
235,-0.006236287,0.4083827,0.018713802,0.20396753,0.03538754,0.039005406,0.023324857,0.1343621,0.040593334,0.12789883,0.045479164,0.10446779,0.04554629,-0.0037073304,0.046394818,0.07086519,0.019624544,0.10756017,0.048243623,0.09086173,0.03375015,0.0628682,-0.011012499,0.04472266,0.032200392,0.22423199,0.021144778,0.05644371,-0.028825302,-0.003113946,0.019460736,0.52032155,0.030564487,0.055634793,-0.056245938,-0.0025031674
236,-0.0058312877,0.40882552,0.01885316,0.20262654,0.034696937,0.03918623,0.02338353,0.13476036,0.04064059,0.12649533,0.044562183,0.10502102,0.0455327,-0.0040583666,0.046384316,0.07071858,0.01765485,0.10790056,0.048129827,0.09143458,0.033475768,0.06434086,-0.013268266,0.044325963,0.031850945,0.22536705,0.02064005,0.058524743,-0.030768223,-0.0037840414,0.018964117,0.52217686,0.029722087,0.05850296,-0.05784097,-0.0034089226
237,-0.005894556,0.40933552,0.018937126,0.20202166,0.035866853,0.040225513,0.023664424,0.13497944,0.04102782,0.12521496,0.045496397,0.10717758,0.0460594,-0.0043612146,0.046927247,0.06923248,0.01781138,0.110243246,0.048711974,0.092326306,0.034002297,0.063390896,-0.01403602,0.04614556,0.032344576,0.22639352,0.021385934,0.057774276,-0.032062218,-0.0015595634,0.019669255,0.5239619,0.031113893,0.05749667,-0.059493612,0.00025707856
238,-0.0049852994,0.4105002,0.019400049,0.20060064,0.03509413,0.041312348,0.024051836,0.1361149,0.04144775,0.12380998,0.044457775,0.1089708,0.046419747,-0.0047492,0.04729702,0.06938639,0.015661733,0.11181088,0.048976026,0.09292542,0.03413107,0.0653532,-0.016143436,0.046860553,0.032418232,0.2274468,0.021430396,0.060352173,-0.03348941,-0.0010715411,0.019753778,0.5256031,0.031268667,0.061034724,-0.060384907,0.0009323868
239,-0.006949655,0.41384894,0.018447092,0.20180903,0.03405897,0.04065248,0.022871967,0.13716196,0.040890846,0.12561707,0.043742113,0.109897494,0.045728393,-0.0070281383,0.04658595,0.070975356,0.015999733,0.112816006,0.048248786,0.09244872,0.033087425,0.066015065,-0.014925888,0.046964422,0.03141012,0.22803478,0.019843137,0.060725685,-0.031968087,-0.0016875474,0.018193286,0.52707434,0.028183354,0.061524503,-0.058856286,-0.0007743451
240,-0.007036813,0.41785187,0.018345442,0.20346287,0.033002123,0.041306417,0.022573264,0.1396462,0.040903397,0.12790622,0.04305859,0.11152084,0.045619477,-0.007895218,0.046461172,0.07280788,0.01652114,0.11456315,0.048131257,0.09200386,0.03286625,0.06671423,-0.013505024,0.04829891,0.031246299,0.22807194,0.019488268,0.061092637,-0.030284794,-0.00062300183,0.017880376,0.52785826,0.02741713,0.062001567,-0.057147782,0.00027653854
241,-0.007796427,0.42192876,0.017375145,0.20471178,0.03360634,0.041232068,0.021631995,0.14281157,0.040090717,0.1289584,0.043789223,0.11210741,0.044832986,-0.008352329,0.045626998,0.07290449,0.017678626,0.11525751,0.047341157,0.090556234,0.03208674,0.06605155,-0.012418482,0.048851643,0.030487306,0.22695847,0.018467624,0.060196634,-0.029480187,-0.00038529595,0.016844366,0.527405,0.025482334,0.060756125,-0.056756046,0.00017780784
242,-0.007598103,0.42526722,0.017045183,0.20430423,0.03318466,0.041639414,0.02122611,0.14565265,0.03977478,0.12846379,0.043236513,0.11338228,0.044460155,-0.009037268,0.04522779,0.07323479,0.016380738,0.1163331,0.046858583,0.09007294,0.031487256,0.06757865,-0.013655431,0.049172126,0.029845867,0.22703521,0.01757025,0.062147953,-0.030193204,-0.0004437933,0.015973879,0.52815497,0.023901904,0.06343097,-0.057230935,-8.553086e-05
243,-0.008214362,0.42770025,0.016262643,0.20360352,0.034756348,0.0418949,0.02066512,0.14783622,0.03928348,0.12680396,0.044480518,0.11479558,0.04411959,-0.009522236,0.04486254,0.071291715,0.016447078,0.11781254,0.046507966,0.08961454,0.031111356,0.06654648,-0.014909061,0.050162,0.029401056,0.22673595,0.017095508,0.061472904,-0.0321081,0.00080353726,0.015435365,0.5285841,0.0231102,0.06253564,-0.059482947,0.0023384336
244,-0.007476232,0.43060365,0.015946154,0.20357257,0.033779286,0.042085554,0.020179184,0.15077564,0.038613528,0.12698795,0.04350136,0.11472565,0.043322,-0.009607097,0.04401863,0.072445914,0.01508265,0.11739127,0.04555963,0.088573195,0.030091317,0.06866264,-0.01563367,0.049284548,0.028361158,0.22635512,0.015635151,0.06388484,-0.031943962,-0.0009291324,0.014032498,0.5287114,0.020512505,0.065802015,-0.05916435,-0.0009573518
245,-0.007783128,0.43242297,0.015473618,0.20387803,0.0345945,0.04227336,0.019804932,0.15203112,0.03826127,0.12668234,0.044280976,0.11554801,0.043045137,-0.009874965,0.04373095,0.07141426,0.015493152,0.11837465,0.045299772,0.08860029,0.029771639,0.06772274,-0.016191378,0.04993188,0.027991114,0.22666697,0.015191986,0.06307453,-0.03329317,-0.00015903334,0.013528869,0.52991086,0.019710828,0.06469214,-0.06127423,0.0004760141
246,-0.0096742585,0.4329334,0.013863087,0.20281348,0.037962615,0.041359134,0.018669609,0.15233397,0.037070975,0.123421915,0.047100525,0.11564202,0.042193156,-0.010367807,0.0428581,0.06706881,0.015933149,0.1187004,0.044495907,0.08840735,0.028872836,0.06504789,-0.018787729,0.049732864,0.02695094,0.2268799,0.0139478315,0.06106862,-0.037684936,-0.00012866245,0.012150912,0.53125167,0.017538907,0.061994247,-0.06729968,0.0014290765
247,-0.005996212,0.43389937,0.014901928,0.19876915,0.03855723,0.043418188,0.019913927,0.1553767,0.03752297,0.117535345,0.046642847,0.117739014,0.042748474,-0.009207058,0.04342006,0.064667284,0.010151011,0.120028436,0.044794757,0.08926802,0.029090153,0.06941043,-0.026311204,0.04965223,0.02692559,0.22825322,0.013940451,0.06765296,-0.043895718,-0.00065697485,0.012195921,0.5333897,0.017841043,0.071020864,-0.07359856,0.0011435673
248,-0.0112317065,0.4356858,0.011876844,0.19965401,0.041818477,0.040787335,0.017231526,0.15493383,0.03560034,0.117076606,0.049867947,0.11737594,0.04108478,-0.012005398,0.04170956,0.061173126,0.01360862,0.12023487,0.043241262,0.08827188,0.027233798,0.064211905,-0.025332293,0.04914549,0.024965892,0.22824487,0.011267284,0.062067192,-0.04550496,-0.0015380181,0.009253436,0.53465897,0.012547796,0.063428074,-0.07654035,-0.00041467225
249,-0.009413144,0.43777183,0.012672828,0.1990778,0.040297598,0.04190018,0.017839892,0.15690951,0.036122024,0.116857,0.048401188,0.11887073,0.041487705,-0.012068876,0.04211957,0.06215123,0.011663421,0.121589564,0.04356317,0.08894295,0.027449656,0.06638751,-0.026951294,0.049918726,0.025162669,0.22926097,0.011463077,0.064708635,-0.046534844,-0.0007578302,0.009525534,0.5362222,0.013002712,0.06704216,-0.07762298,0.00096815964
250,-0.0110114,0.43977597,0.011714164,0.19917285,0.040222168,0.04108352,0.016822843,0.15776686,0.03553192,0.116962396,0.048361138,0.119378224,0.040871885,-0.013888777,0.041481186,0.062155273,0.011686546,0.12213474,0.042912226,0.08872644,0.026533986,0.06633769,-0.02703773,0.04970612,0.024227612,0.22983278,0.010053081,0.06468565,-0.046757836,-0.0013514484,0.008098527,0.5373557,0.0102872085,0.06701108,-0.07797171,-0.00010494006
