Epoch,Layer0_theta_1,Layer0_r,Layer0_theta_2,Layer0_bx,Layer0_bp,Layer0_gamma,Layer1_theta_1,Layer1_r,Layer1_theta_2,Layer1_bx,Layer1_bp,Layer1_gamma,Layer2_theta_1,Layer2_r,Layer2_theta_2,Layer2_bx,Layer2_bp,Layer2_gamma,Layer3_theta_1,Layer3_r,Layer3_theta_2,Layer3_bx,Layer3_bp,Layer3_gamma,Layer4_theta_1,Layer4_r,Layer4_theta_2,Layer4_bx,Layer4_bp,Layer4_gamma,Layer5_theta_1,Layer5_r,Layer5_theta_2,Layer5_bx,Layer5_bp,Layer5_gamma
1,0.054795142,0.071791336,0.054596756,0.06860603,-0.054645225,0.05972148,0.054469008,0.06977013,0.05436735,0.06955068,-0.05338834,0.05972148,0.05449846,0.058514863,0.055186383,0.068409875,-0.052435175,0.059772156,0.05528133,0.058164082,0.055366024,0.06625893,-0.051244624,0.059813906,0.0554048,0.05826845,0.05489673,0.063969135,-0.050464988,0.05972148,0.054870803,0.067784,0.05420243,0.06245633,-0.04998502,0.05972148
2,0.025752746,0.13796058,0.024992984,0.123979986,-0.03702456,0.035164006,0.024761496,0.10301937,0.025657816,0.11650827,-0.032004546,0.034024213,0.025890267,0.03412618,0.027803645,0.097092725,-0.028426288,0.033859458,0.028298799,0.03165081,0.028540732,0.074835464,-0.023168951,0.033987686,0.028819695,0.033343796,0.026930535,0.05815345,-0.020018402,0.03384266,0.026944108,0.092135705,0.024940383,0.048917405,-0.01829581,0.034533344
3,0.045882527,0.18023784,0.041504644,0.15404004,-0.05654557,0.056026492,0.03917407,0.14887983,0.035716414,0.15267235,-0.045111537,0.05169066,0.03402783,0.04924317,0.036304645,0.13122107,-0.037887264,0.050221454,0.03582093,0.043817904,0.036398713,0.10192763,-0.029280333,0.050198697,0.036218714,0.041311584,0.03401201,0.07903888,-0.024677493,0.05048429,0.03388357,0.12049243,0.034803625,0.06744405,-0.022744676,0.05336843
4,0.030559361,0.21021794,0.032599207,0.17221747,-0.05990676,0.037629288,0.029761994,0.15882087,0.029436545,0.17094569,-0.046102,0.03656821,0.027419675,0.041370377,0.030578677,0.1459292,-0.037241645,0.03889778,0.030081209,0.03414788,0.030550146,0.11154872,-0.027053297,0.038334623,0.030429425,0.034171082,0.02729773,0.08483272,-0.021519328,0.03521692,0.027228147,0.13147783,0.026055818,0.07129108,-0.019275492,0.033648774
5,0.03273621,0.23156354,0.034501206,0.18344098,-0.06325037,0.04471868,0.03146001,0.17252484,0.031680968,0.18284042,-0.04764876,0.04261592,0.029542465,0.043692574,0.03319633,0.15595703,-0.037625216,0.047454588,0.032766894,0.03498857,0.03319656,0.11857921,-0.02633282,0.04707909,0.03316591,0.03594387,0.029524889,0.0895206,-0.020021709,0.04261223,0.029510677,0.14348859,0.02825275,0.0748916,-0.017300924,0.042170666
6,0.02692233,0.24491979,0.031091694,0.18999569,-0.062325895,0.039241742,0.02820463,0.17663299,0.030343419,0.18867332,-0.04618887,0.04309773,0.028445398,0.04111554,0.0325403,0.1599604,-0.03562443,0.050488397,0.03238563,0.031590793,0.032719318,0.120447956,-0.023787363,0.050325204,0.032880396,0.034651477,0.028756302,0.08989546,-0.01702817,0.044498064,0.028837034,0.15022385,0.02640999,0.074381046,-0.01400811,0.0408125
7,0.024018884,0.2525741,0.029338524,0.19338655,-0.064387195,0.03517368,0.026166836,0.17836352,0.029442746,0.19241957,-0.047573812,0.041724727,0.027333653,0.039149035,0.03169312,0.16351104,-0.036642898,0.049723383,0.031419758,0.028925808,0.031687602,0.12337432,-0.024425115,0.04919006,0.03180117,0.033048674,0.027386587,0.09224026,-0.017325655,0.042412825,0.02746097,0.1528109,0.024144929,0.07653315,-0.013979527,0.03646701
8,0.02745057,0.25708693,0.031730242,0.19517624,-0.067528665,0.039872658,0.028239883,0.1819317,0.031315144,0.19513686,-0.050010316,0.04546743,0.028910076,0.040654346,0.033345073,0.16670287,-0.03877258,0.053282626,0.032872643,0.030044232,0.033109207,0.12653579,-0.026251178,0.05240704,0.033120837,0.034322906,0.028587243,0.09518727,-0.018897036,0.04525885,0.028625716,0.15589865,0.02533706,0.07955308,-0.015282583,0.039678954
9,0.024194164,0.25858104,0.0297452,0.19571257,-0.06808159,0.035532564,0.026112135,0.18032183,0.029950965,0.19569609,-0.050471574,0.04285938,0.027433734,0.038334373,0.031945452,0.16733107,-0.039244182,0.05059869,0.031382147,0.027757617,0.031551275,0.12721674,-0.02672574,0.04928938,0.031508073,0.032990783,0.026821263,0.09588738,-0.019363536,0.041534398,0.026838474,0.15668899,0.022784945,0.080314696,-0.01572084,0.033964567
10,0.023850815,0.25978556,0.029741585,0.19631664,-0.06679554,0.036580827,0.026316216,0.18026851,0.030426072,0.1958349,-0.04933836,0.045741424,0.028113496,0.037806965,0.032656293,0.16694431,-0.03810326,0.054211345,0.032260597,0.02761818,0.032360673,0.12641601,-0.02558245,0.05291972,0.032413717,0.033975154,0.027590783,0.094871365,-0.018229624,0.044711914,0.02764297,0.15994449,0.023392977,0.07910039,-0.014639305,0.03620176
11,0.02249937,0.2593235,0.028984025,0.19618376,-0.068247005,0.03422413,0.025310153,0.17858212,0.02971772,0.19609687,-0.050601333,0.043477174,0.027176436,0.0362797,0.03171692,0.16770236,-0.03938875,0.05130528,0.031132946,0.026272612,0.031181723,0.12757067,-0.026879035,0.04948373,0.031122848,0.03317208,0.026221767,0.09623218,-0.019510878,0.04089328,0.026230844,0.1601329,0.02147608,0.08068618,-0.01583693,0.031159317
12,0.025621913,0.25945455,0.031196563,0.19645655,-0.06865758,0.039258484,0.027555421,0.17957903,0.031517483,0.19653302,-0.05091629,0.047854353,0.028989067,0.037395116,0.03348266,0.16819659,-0.03965513,0.0556658,0.03291427,0.027844865,0.03291158,0.12803613,-0.02710294,0.053684264,0.032861244,0.035240337,0.027900102,0.09665502,-0.019703263,0.044896815,0.027910119,0.16333649,0.02339292,0.081119835,-0.015990587,0.035650793
13,0.021099545,0.25886,0.028437266,0.19645026,-0.06806285,0.033470783,0.02477918,0.1761291,0.02962979,0.1962354,-0.050458673,0.04446555,0.027113091,0.03409616,0.031634662,0.16775818,-0.039278053,0.05231381,0.031065797,0.02498349,0.030977603,0.12758473,-0.026793767,0.04998292,0.030923715,0.033758022,0.025806138,0.09623284,-0.01943672,0.040579617,0.025815805,0.16387282,0.02039657,0.08068145,-0.015762027,0.028841747
14,0.025913136,0.25968197,0.03169634,0.19672039,-0.069651246,0.040177573,0.027938562,0.17864124,0.03209138,0.19710405,-0.051744867,0.049571298,0.029456904,0.036387745,0.033946007,0.16903412,-0.040430624,0.057199858,0.033298466,0.027367782,0.033193953,0.12899484,-0.027811276,0.05472198,0.03310026,0.036070272,0.027975576,0.09763617,-0.02033546,0.04530468,0.027970925,0.16658105,0.023046426,0.08219511,-0.016511578,0.034824595
15,0.021721901,0.259946,0.029150678,0.1970092,-0.06883868,0.035135318,0.025426755,0.17593051,0.030503117,0.19702408,-0.051051464,0.047309842,0.02793627,0.033400305,0.03247785,0.16865176,-0.03975425,0.05529262,0.031884022,0.024715398,0.031698756,0.12841487,-0.027144039,0.052613895,0.031637542,0.034861293,0.026342858,0.096962824,-0.019668682,0.042575177,0.026352704,0.16754802,0.02058231,0.08141444,-0.01586936,0.029697325
16,0.023599364,0.25970984,0.030521436,0.19697043,-0.071213834,0.037141647,0.026498526,0.17603467,0.03136554,0.19775586,-0.053054467,0.04815582,0.02850649,0.03361545,0.033026014,0.1701466,-0.041662954,0.055396862,0.032207847,0.025056062,0.031990483,0.13036077,-0.028922055,0.05225208,0.031806502,0.03535235,0.0264768,0.09906689,-0.021280903,0.042021472,0.026445061,0.16843729,0.020629162,0.083770014,-0.017212698,0.02912728
17,0.023437008,0.25943536,0.03064119,0.19716504,-0.07098745,0.037722383,0.026664048,0.17503391,0.031698357,0.19783278,-0.052847393,0.049659193,0.028887616,0.032791223,0.033400286,0.1701019,-0.041443434,0.057034068,0.032622598,0.02477327,0.032342374,0.13021554,-0.028692089,0.05370462,0.032181047,0.036019523,0.026752412,0.09886603,-0.021044837,0.043090057,0.026727417,0.17054752,0.020732151,0.083521724,-0.016982462,0.029447455
18,0.022859868,0.25910845,0.030479252,0.19726592,-0.0710085,0.03744392,0.026496697,0.17385674,0.031772457,0.19791737,-0.052854862,0.050383966,0.02896554,0.03172254,0.0334749,0.17016548,-0.041433487,0.057811752,0.03270257,0.02418108,0.032363594,0.13024601,-0.028663078,0.05426605,0.032205824,0.03637524,0.026679005,0.09887079,-0.020999882,0.04324884,0.026654987,0.17229883,0.020398201,0.08351367,-0.016926317,0.0286446
19,0.021792166,0.2589177,0.029958216,0.19743687,-0.07074515,0.03652063,0.02600127,0.17259407,0.031583518,0.19798148,-0.05261082,0.050687518,0.028815005,0.030481119,0.033324327,0.17009531,-0.041168008,0.058281,0.03258599,0.023385309,0.03218834,0.13005763,-0.028381577,0.054589793,0.032051172,0.036577433,0.02641807,0.09861556,-0.020715758,0.043172948,0.02640153,0.17397495,0.019815048,0.08320177,-0.01666574,0.027457511
20,0.022425344,0.2585038,0.030478409,0.19734025,-0.07206532,0.037114527,0.026342515,0.1721152,0.031858742,0.19831894,-0.05374499,0.050777845,0.028915124,0.030213216,0.033400554,0.17090598,-0.042269584,0.05789023,0.032524914,0.023349978,0.03209041,0.13116957,-0.02941778,0.053858615,0.03187778,0.036889594,0.026196152,0.09984654,-0.021649633,0.04222879,0.02615522,0.17493668,0.019406274,0.0845995,-0.017416362,0.026105572
21,0.022980204,0.25831184,0.03099163,0.19745424,-0.0729977,0.037907884,0.026742686,0.1717082,0.032257818,0.19875702,-0.054522,0.05155193,0.029207196,0.029896589,0.033679467,0.17162961,-0.04297961,0.058425747,0.032726243,0.023331894,0.032249697,0.13201891,-0.030039074,0.05413997,0.031998318,0.037404303,0.026253711,0.10071598,-0.022166446,0.04225904,0.026202708,0.17633852,0.019323235,0.08555384,-0.017781604,0.025689293
22,0.0207226,0.2589655,0.029730534,0.19793166,-0.071950585,0.036045384,0.025606789,0.17028968,0.031748567,0.1988399,-0.05357664,0.052252498,0.0288482,0.02800473,0.03335268,0.17123131,-0.04198754,0.05972697,0.032527894,0.0219359,0.03197783,0.13123149,-0.0290251,0.055403132,0.031802874,0.037517395,0.025895465,0.09972378,-0.021175543,0.04294054,0.025872065,0.17863286,0.018497858,0.08436833,-0.016905403,0.024731783
23,0.024594955,0.2593864,0.032426503,0.19808373,-0.07425599,0.040932782,0.02807319,0.17199494,0.03371457,0.1998061,-0.055498533,0.055787675,0.030574529,0.029614212,0.03507066,0.17292005,-0.043755136,0.06278141,0.034072552,0.023590324,0.033507284,0.13325556,-0.03059198,0.05814926,0.03324485,0.03908315,0.027337901,0.1018201,-0.022504203,0.045624785,0.027290076,0.1804229,0.020290134,0.08668378,-0.017877677,0.028178167
24,0.018429033,0.2597423,0.028523188,0.1984807,-0.07276704,0.033567436,0.024252735,0.16810445,0.031120857,0.19955373,-0.05423433,0.052023545,0.028112087,0.025264075,0.032634366,0.17211358,-0.042554285,0.059444714,0.031735376,0.019911053,0.031056924,0.13213116,-0.02946281,0.05459529,0.030849276,0.03763265,0.02467795,0.10057011,-0.021452494,0.04117522,0.024649955,0.18203306,0.016348055,0.0852563,-0.016975023,0.020435844
25,0.023714693,0.26186782,0.03218327,0.19920903,-0.075563125,0.04060507,0.027673824,0.17130217,0.03396431,0.20123352,-0.056530077,0.057753872,0.030701488,0.027713992,0.03525591,0.17457625,-0.04459309,0.06480904,0.03418639,0.022256652,0.033476423,0.1348407,-0.03116812,0.05962056,0.03319362,0.04003065,0.026983574,0.103243664,-0.022760624,0.046092585,0.026943801,0.18532047,0.019142197,0.08813968,-0.017729858,0.026574738
26,0.018509094,0.2633633,0.028891185,0.19962074,-0.07462789,0.034701664,0.024406986,0.16863556,0.031825718,0.20118047,-0.055757057,0.05512306,0.02863018,0.024055872,0.03322399,0.17417939,-0.043890662,0.062488545,0.03220113,0.019095507,0.031379424,0.13427122,-0.030523295,0.056998618,0.03112165,0.039132174,0.024623303,0.102611534,-0.022150742,0.04251964,0.024594277,0.18792145,0.015499863,0.087416254,-0.017180843,0.019958887
27,0.022839084,0.26457843,0.031825624,0.1998676,-0.07707377,0.040130705,0.027104102,0.17095748,0.033955175,0.2022583,-0.05782517,0.059015352,0.03050093,0.02606419,0.035106838,0.17608146,-0.04582838,0.06585479,0.033892535,0.02101773,0.03304763,0.13658477,-0.032246593,0.05999276,0.032694153,0.04097438,0.026177311,0.105031475,-0.02356594,0.045438714,0.026126008,0.19043303,0.017403448,0.09011149,-0.01811194,0.023740875
28,0.018848283,0.2649667,0.02923173,0.19978002,-0.07639212,0.035424102,0.02450428,0.16840261,0.03204647,0.20175797,-0.057339,0.055992056,0.02860198,0.023340315,0.033199757,0.17547193,-0.045541257,0.062723115,0.031966932,0.018840652,0.031035356,0.13611373,-0.032134864,0.05649052,0.030657656,0.040361285,0.023934482,0.10471254,-0.023559842,0.041230567,0.023869276,0.1923568,0.014103701,0.08984667,-0.018170208,0.017132415
29,0.019038523,0.26543894,0.02954003,0.19972597,-0.07493135,0.037116397,0.025041448,0.16809727,0.032662302,0.20105152,-0.056149166,0.059074763,0.029423118,0.023129484,0.034020998,0.1742951,-0.044550262,0.06621978,0.032925706,0.019434609,0.031929478,0.1348342,-0.031393357,0.059833713,0.031604826,0.042219862,0.024763461,0.10350504,-0.02308087,0.044053573,0.024696993,0.19645798,0.014926664,0.0885889,-0.018017,0.019343913
30,0.019666836,0.26475316,0.029983064,0.19915746,-0.076338485,0.037387263,0.025267033,0.16743377,0.032699976,0.20080869,-0.05746278,0.058284767,0.029224988,0.023056973,0.03378096,0.1747843,-0.046030387,0.06463274,0.032472882,0.019706191,0.031441145,0.13601528,-0.032952193,0.057732627,0.030985305,0.042766128,0.024097782,0.10507623,-0.024555678,0.04169069,0.023983719,0.19791853,0.013958452,0.090515696,-0.019192856,0.016275221
31,0.021391075,0.26479223,0.03133224,0.19897006,-0.076450735,0.04033695,0.026645666,0.16781245,0.033919126,0.20061052,-0.05759064,0.06148179,0.030453162,0.023609925,0.03500591,0.17467287,-0.046231203,0.067810915,0.03369393,0.02080371,0.032627888,0.13604726,-0.03323309,0.060685255,0.032158628,0.044489935,0.025228271,0.10522234,-0.024902321,0.044354532,0.0251007,0.20081393,0.015335623,0.09074785,-0.019585101,0.019036058
32,0.021494536,0.26405686,0.03152805,0.19847074,-0.076862656,0.04062547,0.026765857,0.16682507,0.033997495,0.20012264,-0.05805137,0.061600976,0.03043713,0.023196684,0.034954403,0.17453013,-0.046897806,0.067475684,0.033537306,0.020984467,0.03242592,0.13636775,-0.034065798,0.059928793,0.031879373,0.045327142,0.024876708,0.10585509,-0.025795773,0.043218065,0.02471354,0.20293684,0.014742431,0.091611646,-0.020416282,0.01709738
33,0.017014412,0.26358044,0.028760972,0.19834986,-0.07427286,0.036337648,0.024267975,0.16343722,0.032288786,0.19889317,-0.055919133,0.06022295,0.029006274,0.020035947,0.033497125,0.1724401,-0.04507248,0.06658229,0.03226035,0.019068051,0.031046784,0.13403518,-0.032635875,0.058845088,0.030567253,0.045598853,0.023322685,0.10358326,-0.02480588,0.04123667,0.023154808,0.2061536,0.012302033,0.089168295,-0.02001297,0.012731478
34,0.02117687,0.26264423,0.031709123,0.1980231,-0.077032216,0.04136066,0.026910633,0.16415818,0.0342905,0.19947982,-0.058350783,0.06305381,0.030668758,0.021612503,0.035133645,0.17422055,-0.047492716,0.06842628,0.03362737,0.021017155,0.03238956,0.13660382,-0.034875467,0.060135663,0.031769644,0.047380462,0.024548274,0.10647175,-0.026645042,0.04251212,0.024350055,0.20819758,0.013928372,0.09250433,-0.02113524,0.01479557
35,0.018540082,0.26216307,0.030274985,0.19821756,-0.07565542,0.039361555,0.025631463,0.16139984,0.03361092,0.19908772,-0.05717924,0.063359275,0.030158656,0.019070221,0.03460492,0.17328174,-0.046419725,0.069051616,0.033220258,0.019806618,0.031878047,0.13540521,-0.033964157,0.060521036,0.03131142,0.04823854,0.02386479,0.105217434,-0.025953276,0.042087875,0.023670271,0.21157683,0.012687206,0.091106944,-0.020780519,0.012831123
36,0.02085869,0.2612634,0.032069795,0.19796182,-0.07773951,0.042187586,0.027177455,0.16122636,0.034902062,0.19955686,-0.05900999,0.065172054,0.031188099,0.019491706,0.035621677,0.17465885,-0.048199814,0.070175625,0.034035742,0.02072686,0.032657914,0.13733202,-0.035555676,0.061193004,0.031992186,0.04946138,0.0245214,0.107341796,-0.027200745,0.042582482,0.024310404,0.21335462,0.013511309,0.0935467,-0.02146163,0.013443986
37,0.018558724,0.26031685,0.030709248,0.19770579,-0.07710795,0.039702997,0.025843306,0.15848146,0.033937998,0.19885497,-0.058548804,0.06372788,0.03025052,0.01740648,0.03464395,0.17383862,-0.04796247,0.06858911,0.033047635,0.019729594,0.031587534,0.13668637,-0.035543445,0.05923497,0.030892648,0.049857587,0.023255318,0.10688373,-0.02736509,0.039972544,0.02301739,0.21556364,0.011615033,0.09314007,-0.021798449,0.009213881
38,0.019044973,0.25998238,0.031255256,0.19748595,-0.07711342,0.04073615,0.026400656,0.15773813,0.034540508,0.19840929,-0.058604944,0.06531808,0.030848915,0.01710673,0.035238553,0.17346902,-0.048164748,0.07010068,0.033618905,0.02021239,0.032110374,0.1365491,-0.03587763,0.060429674,0.031384837,0.051132858,0.02369234,0.10693428,-0.027773483,0.04077032,0.023430558,0.21801797,0.012129502,0.09330882,-0.022249509,0.0096148085
39,0.020106036,0.25902373,0.03207709,0.19683833,-0.077948764,0.041741252,0.027101578,0.15689996,0.03503578,0.19768554,-0.059451025,0.065616585,0.03118857,0.01726074,0.03555063,0.17329778,-0.04929374,0.06980434,0.033766888,0.021044591,0.032218594,0.13708416,-0.03719767,0.059601035,0.03137439,0.05225939,0.023669975,0.10791771,-0.029096019,0.039638687,0.02335192,0.2199417,0.012113923,0.094625406,-0.023406781,0.007988125
40,0.01888539,0.25849518,0.031551663,0.19639812,-0.07503583,0.04201538,0.026968565,0.15498489,0.035167616,0.19573446,-0.05706733,0.06811274,0.031673398,0.016189264,0.03601902,0.17035285,-0.047449667,0.072819784,0.034438565,0.021573104,0.03280617,0.13409634,-0.036049142,0.0622932,0.032001507,0.05450074,0.024177415,0.10521514,-0.028696109,0.041523192,0.023808401,0.22468844,0.0126720425,0.091813184,-0.02396904,0.00892369
41,0.021833932,0.25679684,0.033564854,0.19518445,-0.07741254,0.04481464,0.028659971,0.15502712,0.036230795,0.19511195,-0.05934422,0.068346575,0.032360636,0.017684532,0.036671657,0.17117079,-0.050053608,0.07183478,0.034750495,0.023195928,0.033121575,0.13622639,-0.03870812,0.060679425,0.032117598,0.05546221,0.024381068,0.108026646,-0.031018013,0.039946124,0.023957409,0.2256222,0.013075021,0.09525901,-0.02550891,0.007101834
42,0.01929664,0.25621206,0.032119613,0.19517815,-0.075757295,0.042826444,0.027398245,0.15218468,0.035446096,0.19426127,-0.05795794,0.0683331,0.03175956,0.015398398,0.036039326,0.16968408,-0.048913326,0.07207184,0.034227517,0.022439059,0.03248669,0.13459928,-0.037910048,0.060570408,0.031507343,0.056602146,0.023559764,0.106478676,-0.030613272,0.038997114,0.023110844,0.22908092,0.01175881,0.09359679,-0.025651203,0.0046855705
43,0.0183327,0.25471345,0.031595215,0.19462188,-0.075710595,0.041987695,0.02683565,0.14991258,0.03492415,0.19351189,-0.058072228,0.06738166,0.031178568,0.01425145,0.03540984,0.16922688,-0.049323533,0.07067597,0.03351198,0.022269761,0.03169635,0.13463572,-0.03851085,0.058721706,0.030651016,0.057403333,0.022566242,0.10682954,-0.031235013,0.036634397,0.02209032,0.23144844,0.010275139,0.09413599,-0.026162473,0.00090850634
44,0.023336038,0.2553702,0.035254538,0.19480316,-0.07753401,0.049060263,0.030386033,0.15249372,0.038007513,0.19431742,-0.059608836,0.07363588,0.034126114,0.016800046,0.038411036,0.17070036,-0.050721034,0.07665513,0.036427043,0.024960212,0.034610994,0.13642605,-0.039660145,0.06444673,0.03353717,0.05991592,0.025564887,0.10869727,-0.03200716,0.042547546,0.025101032,0.2343531,0.014477597,0.096259266,-0.026378466,0.008824881
45,0.017356556,0.25735623,0.031264357,0.19579557,-0.07433915,0.042900044,0.026740685,0.14924328,0.035434254,0.19375016,-0.056773175,0.071369916,0.031936076,0.012667523,0.03619589,0.16857854,-0.048087828,0.07524535,0.034485035,0.022406569,0.03249014,0.13353838,-0.037457727,0.06281342,0.031524826,0.060440637,0.023111101,0.10562181,-0.030417753,0.039547496,0.022635525,0.23888643,0.01062529,0.09277495,-0.02578633,0.0027363924
46,0.020791896,0.25698513,0.033555772,0.19524759,-0.07880946,0.04539873,0.028443059,0.1503146,0.03661042,0.19482484,-0.06076237,0.070925094,0.032508206,0.014181901,0.03676771,0.1718491,-0.051939473,0.07340525,0.034609232,0.023420805,0.032608137,0.13809238,-0.040679738,0.06045651,0.03145873,0.060786873,0.023070816,0.110569045,-0.032489724,0.03734389,0.022614844,0.2392832,0.010562861,0.09846928,-0.026047267,1.9826228e-05
47,0.0201099,0.2577828,0.03335467,0.19571725,-0.07694193,0.04607387,0.02852877,0.14956874,0.03702199,0.19438165,-0.059092052,0.07374235,0.033202607,0.01331162,0.037475713,0.17041866,-0.050405167,0.07683307,0.035517212,0.023845907,0.033428747,0.13619173,-0.03949952,0.06369863,0.032348253,0.0627891,0.023844836,0.108592555,-0.031858716,0.039999563,0.023365451,0.24327561,0.011598915,0.09625334,-0.026279032,0.0029572921
48,0.018993707,0.25742674,0.03267753,0.195561,-0.077092364,0.04449499,0.027793853,0.14806153,0.036445625,0.19417575,-0.059277013,0.07249894,0.032570645,0.012132099,0.036814407,0.17037244,-0.050698545,0.07538911,0.034797933,0.023488747,0.032631133,0.13636671,-0.039855115,0.061926197,0.031511646,0.06357406,0.022846065,0.10890678,-0.032208305,0.037680242,0.022352485,0.24573272,0.0101145385,0.09668117,-0.0265751,-0.0006327624
49,0.01918339,0.25710675,0.033021156,0.19569646,-0.07735126,0.045045607,0.028119346,0.14718808,0.03685436,0.19439696,-0.05948035,0.07360632,0.032965615,0.01156172,0.037202384,0.17063084,-0.05086322,0.07648017,0.0351799,0.02389834,0.032943975,0.13661608,-0.03999507,0.06275827,0.031821407,0.065016516,0.023063356,0.10915581,-0.03234221,0.038129292,0.022568714,0.24843961,0.010419001,0.09697736,-0.026715554,-0.00023328103
50,0.01693472,0.25684676,0.031703427,0.19590181,-0.07704871,0.042526558,0.026799323,0.14483048,0.035960164,0.19445354,-0.059196293,0.07244942,0.032094084,0.009339652,0.036296606,0.17048046,-0.050572958,0.07539138,0.03429206,0.023041893,0.03194286,0.13633238,-0.039747998,0.061358914,0.030825226,0.06595046,0.021822035,0.10883299,-0.03219494,0.035963006,0.021322686,0.25135583,0.008550252,0.09661294,-0.026741052,-0.003724059
51,0.02062152,0.25696614,0.034388673,0.1958858,-0.07912881,0.047067583,0.02928927,0.14653182,0.038080204,0.19532211,-0.061004426,0.07595933,0.034001872,0.011162672,0.038244918,0.17226008,-0.052199747,0.078481436,0.03610173,0.024864867,0.03375546,0.13850754,-0.041009773,0.06424024,0.032597467,0.067520544,0.023702502,0.11108087,-0.03292533,0.039061375,0.02323039,0.25303435,0.011332648,0.09918434,-0.026691338,0.0007102012
52,0.021306282,0.2569473,0.034857184,0.19544272,-0.07884938,0.04823012,0.029798312,0.14670601,0.03842333,0.1946034,-0.060916115,0.07683625,0.034344863,0.011742871,0.03858614,0.17170154,-0.052467927,0.079081476,0.036392543,0.025760718,0.03402015,0.13840057,-0.041564733,0.064506695,0.032804582,0.06879389,0.023901315,0.111295335,-0.033626955,0.0390865,0.02339561,0.25563595,0.01170116,0.09957124,-0.027462661,0.0003835759
53,0.017817887,0.2578595,0.032487586,0.1954029,-0.07646453,0.044951405,0.02767866,0.14474939,0.036802147,0.19330777,-0.058953278,0.07550352,0.03296488,0.009599733,0.03717315,0.16954416,-0.050980527,0.0780159,0.03510162,0.024794104,0.032614145,0.13618022,-0.040667098,0.06307003,0.03140479,0.06975898,0.022225393,0.1092541,-0.033356164,0.03668197,0.021669637,0.2594738,0.009184755,0.09736535,-0.02804737,-0.004002166
54,0.019599177,0.25794542,0.033805512,0.19525936,-0.07766175,0.04752032,0.028869482,0.14522639,0.03780392,0.19350778,-0.060081314,0.077367365,0.03381535,0.0104162255,0.03803891,0.17047325,-0.052175988,0.079394616,0.035844814,0.025828378,0.03332869,0.13764356,-0.041699108,0.064118005,0.032069445,0.07092416,0.022896055,0.1109205,-0.033967175,0.037679117,0.022354063,0.2614144,0.010175694,0.09933884,-0.028013753,-0.0029003639
55,0.019645244,0.25861928,0.033900097,0.19525734,-0.078188926,0.047740053,0.028889816,0.14521918,0.03792174,0.19363688,-0.060575668,0.07784409,0.03385842,0.010144958,0.038085457,0.170917,-0.052693002,0.07967208,0.03583267,0.025898827,0.033268332,0.13831507,-0.04213198,0.06414166,0.031986058,0.071638696,0.022727732,0.11167905,-0.034200106,0.03740503,0.022193158,0.26323798,0.009914903,0.10024352,-0.027950633,-0.0036638654
56,0.017275402,0.26010114,0.032491464,0.1960044,-0.07775714,0.04547744,0.027516419,0.14371139,0.037180092,0.19410497,-0.060075507,0.07776684,0.033197448,0.007800913,0.037413944,0.17089263,-0.052031722,0.07993346,0.03524755,0.024922956,0.03254787,0.13785298,-0.041424107,0.06413636,0.031314608,0.07267173,0.021775614,0.11100965,-0.033589162,0.03660611,0.02124938,0.266336,0.0084216725,0.09941922,-0.027643532,-0.005197255
57,0.021067718,0.2611321,0.03532868,0.1965996,-0.080315635,0.050218537,0.030121602,0.1456684,0.039619874,0.19575417,-0.062187627,0.08214888,0.035412196,0.0093347225,0.039693862,0.17345175,-0.05370079,0.084045544,0.03741908,0.02650725,0.034707703,0.14056352,-0.04244227,0.0680885,0.033480372,0.074114956,0.024062164,0.1135995,-0.033806708,0.040841863,0.023600398,0.26764858,0.011835542,0.102330945,-0.026866734,0.00094628695
58,0.014483822,0.26307264,0.030816559,0.19716462,-0.079023115,0.04206022,0.025630457,0.14215483,0.036181558,0.19564584,-0.06102041,0.0768747,0.032062896,0.00443832,0.036267675,0.17262647,-0.052581813,0.079061106,0.034056913,0.023351977,0.031126956,0.13935313,-0.041502036,0.062666915,0.029917616,0.07436842,0.019867016,0.1122737,-0.033184115,0.03375234,0.019390095,0.27185237,0.0054203123,0.10079501,-0.026793703,-0.010131625
59,0.019931467,0.26472655,0.03449201,0.19672468,-0.08107193,0.0485984,0.029140025,0.14622428,0.039075628,0.19588363,-0.062931046,0.08194295,0.034729432,0.00814923,0.03902074,0.17406856,-0.054607294,0.08353152,0.036619853,0.02607665,0.03375279,0.14167254,-0.043316245,0.06687449,0.032460794,0.076001644,0.022729553,0.114962645,-0.034414016,0.03847909,0.022267288,0.27356723,0.009939767,0.10402945,-0.027089814,-0.0035442044
60,0.01972147,0.26426384,0.034065805,0.1952294,-0.079511814,0.048425395,0.028854512,0.14590305,0.038409665,0.19305237,-0.062005606,0.080711946,0.034093942,0.009215008,0.03835668,0.17137082,-0.054857537,0.08161939,0.035808347,0.027145304,0.032939043,0.1402553,-0.044579737,0.06433014,0.03145451,0.076982275,0.021792386,0.11448954,-0.036306817,0.03561529,0.02119744,0.27632666,0.008953741,0.10387831,-0.02956251,-0.0077712927
61,0.017516442,0.2635361,0.032479443,0.1940954,-0.07417804,0.047953907,0.027941337,0.14392845,0.037436944,0.18886615,-0.05778538,0.08152741,0.03367019,0.009138209,0.03789874,0.16545685,-0.05222126,0.082697235,0.035545617,0.028533334,0.032622032,0.13487531,-0.04382504,0.0647825,0.031036047,0.0793801,0.02142579,0.10997866,-0.03747338,0.035469335,0.020626798,0.28132883,0.008976645,0.09913093,-0.033212494,-0.0077803317
62,0.02391992,0.26122293,0.036585476,0.19192632,-0.07805428,0.05394822,0.031566415,0.14660014,0.03974086,0.18786547,-0.061661925,0.082445234,0.035373177,0.013961276,0.039622266,0.1674267,-0.056741104,0.08175004,0.036730304,0.031473078,0.03397099,0.13933396,-0.04807878,0.063467205,0.032128863,0.0796996,0.02295119,0.11550953,-0.04045828,0.035051502,0.022170924,0.2806347,0.011626376,0.10588863,-0.034024183,-0.008446493
63,0.01748208,0.26225954,0.03239759,0.19279698,-0.07195325,0.04872068,0.028117966,0.14185734,0.037242163,0.1854184,-0.056287084,0.08178783,0.033598844,0.009874815,0.03777871,0.16177225,-0.052197345,0.082268804,0.035308134,0.030875435,0.03228719,0.13261503,-0.04517501,0.063259,0.030474741,0.08245731,0.020945935,0.10886947,-0.039826233,0.03336732,0.01995953,0.28715843,0.0089845555,0.09838362,-0.036834642,-0.010316121
64,0.023722667,0.26277077,0.036733817,0.19236076,-0.077514686,0.054651435,0.03181482,0.14561637,0.040305454,0.18739094,-0.06118243,0.084934704,0.03602766,0.01329798,0.04027135,0.16657355,-0.056548893,0.084261976,0.037410162,0.032893505,0.03449574,0.13865879,-0.048227068,0.06524145,0.0326212,0.08294596,0.02339345,0.11510475,-0.040953133,0.036220443,0.022565752,0.28652072,0.012814848,0.10564514,-0.035239644,-0.0061988356
65,0.018041363,0.26500422,0.032964144,0.19309291,-0.075209096,0.048589233,0.028245835,0.1423246,0.037728533,0.18684043,-0.05908675,0.082262106,0.033698108,0.009125947,0.037880164,0.16465087,-0.05463955,0.082123555,0.035177033,0.031160552,0.032005377,0.13613006,-0.046852,0.062467493,0.03014926,0.08433701,0.020420494,0.112490885,-0.04041274,0.03201933,0.019521585,0.29135692,0.0084350705,0.102642566,-0.036036853,-0.0121914465
66,0.019301657,0.26586488,0.03390753,0.19264518,-0.07493778,0.05050517,0.02925167,0.1432021,0.038670376,0.18598072,-0.058959782,0.084576525,0.03466541,0.010057562,0.038867585,0.16384503,-0.05486573,0.08430767,0.036133256,0.032585897,0.032952316,0.13573988,-0.047417786,0.06429948,0.031037364,0.08601801,0.021466153,0.11242015,-0.04125767,0.03388216,0.020520853,0.293929,0.010477626,0.10271924,-0.037226103,-0.008900744
67,0.022858066,0.26568946,0.03629998,0.19135793,-0.07717056,0.053913973,0.031369057,0.14530404,0.040271543,0.18541594,-0.061151594,0.086176276,0.035939943,0.012527938,0.04016827,0.16489673,-0.05734165,0.085026205,0.03715052,0.03431565,0.03405648,0.13807932,-0.049731944,0.064764,0.032008145,0.0867611,0.022723095,0.11531111,-0.04296141,0.034819394,0.021788074,0.29445297,0.0128106475,0.106272906,-0.037886098,-0.0071121687
68,0.017099818,0.26701662,0.03250359,0.1917632,-0.074264064,0.048075296,0.027842041,0.14159617,0.037630547,0.1842478,-0.058614146,0.083452426,0.03358844,0.008509041,0.03774388,0.16222012,-0.055225573,0.08276341,0.034878977,0.032825258,0.031528816,0.13493,-0.04841421,0.06177243,0.029465128,0.08820702,0.019696625,0.112206906,-0.042718,0.030373638,0.01865094,0.29921043,0.008351453,0.10273186,-0.039221875,-0.013463414
69,0.019205472,0.26981395,0.03413118,0.19244693,-0.07696921,0.05044568,0.029176753,0.14401118,0.039178394,0.1862027,-0.06082447,0.08638374,0.03489516,0.009063528,0.039102025,0.16517282,-0.056813292,0.085525125,0.036151547,0.033246722,0.032779887,0.13792284,-0.049130075,0.06446997,0.030771011,0.0889712,0.021021102,0.11499202,-0.04243285,0.03317012,0.020095617,0.30040282,0.010410806,0.10591011,-0.03769806,-0.009660171
70,0.020132236,0.27266955,0.034995258,0.19327721,-0.0790076,0.05163538,0.029811991,0.1451328,0.040207155,0.18785094,-0.06245606,0.08882379,0.035743896,0.008618934,0.039984148,0.16749151,-0.057942312,0.087848395,0.03697527,0.033519864,0.033498146,0.14020729,-0.049557153,0.06646235,0.031535897,0.090378985,0.02169248,0.117094405,-0.042065706,0.03486931,0.020859122,0.30311596,0.011556969,0.10832984,-0.0364646,-0.007404586
71,0.017678462,0.27305675,0.033417214,0.19263786,-0.07931466,0.048434697,0.028086772,0.14271355,0.038829587,0.18682049,-0.06291382,0.086245775,0.03421098,0.0066634803,0.038391124,0.1669846,-0.058859017,0.08470254,0.035199888,0.033293612,0.031544648,0.1405206,-0.05071179,0.062467482,0.029450156,0.091928065,0.019333309,0.1178605,-0.043214045,0.030013045,0.018449955,0.30719003,0.008380713,0.109410055,-0.037619762,-0.013757125
72,0.018720776,0.2731272,0.034360282,0.19191594,-0.07685934,0.051227044,0.029400738,0.14231777,0.040058702,0.18427055,-0.060982622,0.09026063,0.03571796,0.0078076846,0.039914664,0.16349848,-0.057910524,0.08878302,0.036784373,0.03621621,0.03311492,0.1375123,-0.051017042,0.06589011,0.030893229,0.09518737,0.021223206,0.11547214,-0.044904098,0.033840254,0.020161482,0.31147936,0.012538567,0.10694501,-0.041275147,-0.004511475
73,0.022846263,0.27030352,0.036648925,0.18837471,-0.07961589,0.05342463,0.031234598,0.14360884,0.040608846,0.18094015,-0.0642246,0.08724259,0.03563801,0.011977766,0.03980653,0.16347791,-0.0627198,0.08347682,0.035990514,0.038332555,0.032516703,0.14101565,-0.05617401,0.060025882,0.02990254,0.09520611,0.02064376,0.12063869,-0.049144447,0.028475212,0.01953621,0.31175533,0.012463157,0.1135908,-0.0437525,-0.008959013
74,0.019499213,0.2704611,0.034632713,0.18840654,-0.07268468,0.052676633,0.030118877,0.14048167,0.0398999,0.17695196,-0.058302756,0.0900307,0.035709385,0.010666393,0.03984165,0.15608935,-0.058324043,0.08706487,0.036365997,0.040186375,0.03272878,0.13319278,-0.054156415,0.06255402,0.029984523,0.09900353,0.020841535,0.11332498,-0.04988774,0.030199097,0.019372657,0.3187364,0.013615179,0.10527546,-0.048146714,-0.0035503902
75,0.01896642,0.26923296,0.034236025,0.18684708,-0.07339116,0.051422257,0.029538639,0.13885666,0.039171077,0.17523597,-0.059302643,0.087778226,0.034745887,0.010379922,0.0388251,0.15559715,-0.060032308,0.08390735,0.035081174,0.040578887,0.031365223,0.13411285,-0.05610604,0.058730848,0.028454356,0.0999112,0.019210523,0.114927664,-0.051660385,0.025933618,0.017709503,0.32096773,0.011459037,0.107430376,-0.04958332,-0.008951995
76,0.02008743,0.26865625,0.035154417,0.18613508,-0.07302611,0.05347385,0.03052205,0.1386386,0.04000481,0.17405315,-0.059183147,0.08984166,0.035588864,0.011137039,0.03966817,0.15464215,-0.060423933,0.08564086,0.035860177,0.04210745,0.03212257,0.1337945,-0.056883864,0.060012016,0.029131263,0.10169189,0.020052137,0.11500021,-0.052669536,0.02723716,0.018500637,0.32371286,0.013226088,0.1076846,-0.05084054,-0.0063420865
77,0.023668535,0.26704866,0.03769008,0.18480201,-0.07572232,0.05695758,0.03273654,0.13955581,0.04166134,0.17376274,-0.061837204,0.09119742,0.036880866,0.013329738,0.040969267,0.15639701,-0.06329184,0.08600574,0.036874168,0.043973364,0.033207126,0.1369458,-0.05933749,0.060183365,0.030125568,0.102823384,0.021333763,0.118650295,-0.054257937,0.027980898,0.019862277,0.32474434,0.015739977,0.112176776,-0.05121015,-0.0045748726
78,0.018353648,0.26873645,0.03430146,0.1858681,-0.07246256,0.052290954,0.029693691,0.13573459,0.039517697,0.17303428,-0.058849543,0.09003557,0.035102278,0.009259859,0.039121896,0.15362726,-0.060631905,0.08544392,0.0352394,0.043108515,0.03120011,0.13335012,-0.05752942,0.058534704,0.028111232,0.10512998,0.018716501,0.11494425,-0.053594016,0.024482548,0.017098805,0.3307786,0.011509586,0.10779641,-0.052162874,-0.010464909
79,0.020969078,0.26976192,0.036340326,0.18609649,-0.076111905,0.054904826,0.031318653,0.137101,0.041168276,0.17506456,-0.06197965,0.09232126,0.03639768,0.00989599,0.04044848,0.15742573,-0.063065074,0.08728319,0.0364213,0.043867912,0.03234944,0.13755377,-0.058776356,0.060302712,0.029339459,0.10603477,0.019976022,0.11904594,-0.053446203,0.026483975,0.018559605,0.33184806,0.013615705,0.11265375,-0.0503544,-0.007642831
80,0.01930997,0.27147213,0.03553037,0.18698923,-0.0765005,0.053647216,0.03045187,0.13576335,0.04090544,0.17616045,-0.06211257,0.09313172,0.036145344,0.0077222376,0.04017958,0.1582433,-0.062765576,0.08834668,0.036222897,0.043641828,0.031923704,0.13785519,-0.058175392,0.060815964,0.02898172,0.10760538,0.019300759,0.119080976,-0.052701786,0.026215604,0.017924426,0.33518147,0.012527323,0.112638146,-0.049604163,-0.008306468
81,0.01782039,0.27191785,0.034661308,0.18738298,-0.07717202,0.051956255,0.029462567,0.13425231,0.040231913,0.17689607,-0.062634684,0.09212902,0.035394795,0.0060683847,0.03939784,0.15920253,-0.0630347,0.08729407,0.03542589,0.043209717,0.030947614,0.13872547,-0.05810694,0.059374295,0.028040757,0.10850258,0.018020337,0.11984203,-0.0522848,0.024044003,0.016699191,0.33753386,0.0104037,0.11352683,-0.04883546,-0.012092104
82,0.02224812,0.27208447,0.03795218,0.1877056,-0.080177546,0.057280716,0.03249039,0.1365745,0.042995904,0.17878456,-0.065186426,0.09666929,0.03791811,0.008285211,0.041988384,0.16249152,-0.0649473,0.091529846,0.037944127,0.044979047,0.033558104,0.14224876,-0.058993842,0.06384285,0.03074822,0.109480456,0.021104848,0.123237364,-0.051989388,0.029416963,0.019960737,0.33775818,0.015595878,0.11754529,-0.047136623,-0.003900183
83,0.01672338,0.2782488,0.03418109,0.1902551,-0.07815686,0.052119676,0.028940706,0.1360907,0.040733196,0.1804676,-0.06295727,0.09610194,0.035995692,0.0037290836,0.04002433,0.16205798,-0.062138826,0.092038386,0.03631506,0.04251693,0.03155752,0.14013197,-0.056229636,0.063722454,0.02891044,0.11043772,0.018433848,0.12045541,-0.049750526,0.027316075,0.017284054,0.34233224,0.010789507,0.11406951,-0.045917805,-0.010419366
84,0.015669312,0.284262,0.033302836,0.1919015,-0.079552285,0.050633363,0.027886754,0.13925418,0.040381536,0.18291737,-0.06386223,0.0967025,0.035574254,0.002368087,0.03960919,0.16456142,-0.062179133,0.0929595,0.035983656,0.040752288,0.031116918,0.14192879,-0.055381034,0.064650886,0.028626963,0.11012484,0.01773617,0.12177876,-0.048103455,0.027385432,0.01673234,0.34374526,0.009270603,0.11554077,-0.043516565,-0.01458059
85,0.016149016,0.28675938,0.033598185,0.19274396,-0.08057687,0.05101592,0.02808426,0.14064524,0.04076827,0.1840569,-0.06466011,0.09770888,0.035893206,0.0024606586,0.039936643,0.16593413,-0.06270758,0.09392365,0.03630684,0.04093969,0.031407285,0.14326815,-0.055545866,0.06553063,0.028960707,0.11068453,0.018082269,0.123064175,-0.047912486,0.028325947,0.017144617,0.34492615,0.010103957,0.11712446,-0.043193832,-0.013662477
86,0.013756031,0.28633925,0.031755254,0.1920978,-0.07770419,0.048512757,0.026548674,0.13860899,0.039161216,0.1812523,-0.06244294,0.095356025,0.03450277,0.0022099859,0.03849341,0.16220368,-0.06192776,0.09128518,0.034813736,0.04166068,0.029871462,0.14045165,-0.05631806,0.062257238,0.027213993,0.11183972,0.016434839,0.121054396,-0.05011516,0.024989415,0.015292134,0.34762296,0.008480213,0.1150769,-0.0473905,-0.0161491
87,0.020626102,0.28901055,0.035944425,0.19153501,-0.08070755,0.055089343,0.030471021,0.14519185,0.04223371,0.18142691,-0.065317556,0.09930687,0.03722472,0.0078070587,0.04129666,0.16460854,-0.06521764,0.094076216,0.03732032,0.043530926,0.03276528,0.14467804,-0.059068933,0.06554238,0.030040434,0.11100588,0.020089664,0.12598878,-0.051546987,0.029758643,0.019080505,0.34546825,0.015121969,0.12128329,-0.04732559,-0.009987052
88,0.016867843,0.29445317,0.03338322,0.19359541,-0.07685895,0.052979372,0.028433392,0.14543456,0.04114165,0.18124788,-0.061703093,0.10143999,0.036673136,0.0056451242,0.04072413,0.16160661,-0.06192212,0.09711975,0.037091274,0.04325388,0.03233907,0.14053547,-0.056899115,0.0679688,0.029642498,0.11281336,0.01955751,0.12171486,-0.051012754,0.03156336,0.018380592,0.35003263,0.014865948,0.11627632,-0.049490407,-0.0068496335
89,0.015017708,0.29803118,0.031011399,0.19232367,-0.07555728,0.04981,0.02608729,0.14869419,0.038485352,0.1785776,-0.061156604,0.096657544,0.033927098,0.0066213915,0.037926048,0.15991378,-0.0630923,0.09119396,0.034006536,0.04094624,0.029348003,0.14103606,-0.05883445,0.06174667,0.026448531,0.11097129,0.016009584,0.12328184,-0.05267582,0.023982752,0.014804574,0.3513642,0.009344032,0.118517414,-0.050521307,-0.019540483
90,0.01980958,0.30052826,0.03346988,0.1909118,-0.07396326,0.055519655,0.028838651,0.15500402,0.040250283,0.17580828,-0.060252875,0.10047158,0.03580093,0.0119835995,0.039873857,0.15755583,-0.06378176,0.094230935,0.035812512,0.042556535,0.03155912,0.14043811,-0.060630653,0.06495691,0.02847309,0.11018112,0.018908119,0.1236789,-0.054882076,0.028274234,0.017598413,0.35037547,0.015023548,0.11930968,-0.052920006,-0.011260285
91,0.01986795,0.30117005,0.033040002,0.18942134,-0.07298507,0.055332474,0.028470265,0.15633936,0.03948048,0.17332031,-0.059890885,0.09897627,0.034977525,0.013388975,0.03902807,0.15584515,-0.06477991,0.091830894,0.034742408,0.042692535,0.030576326,0.14043054,-0.062390443,0.06217575,0.027301354,0.11011445,0.017856263,0.124536194,-0.05671737,0.025317932,0.016479868,0.3518008,0.014021638,0.120595425,-0.054518525,-0.014271755
92,0.01737529,0.3014848,0.031389184,0.18932585,-0.070308916,0.05378341,0.027122386,0.15474188,0.038354237,0.17159222,-0.057744447,0.09856587,0.03408663,0.0124567775,0.038084578,0.15305987,-0.06355071,0.09129923,0.03383138,0.043146223,0.029555079,0.13794751,-0.062224,0.060966894,0.026165165,0.11164431,0.016686255,0.122434035,-0.05754239,0.02367855,0.015155333,0.35533375,0.012789093,0.11821779,-0.056555524,-0.0150824655
93,0.018262412,0.3018317,0.032023773,0.1890119,-0.071142316,0.05471246,0.027655235,0.155205,0.03881006,0.17156452,-0.058592133,0.09927039,0.034429044,0.012955612,0.038422607,0.15381484,-0.064582005,0.09157906,0.034071792,0.043866817,0.029786007,0.13930877,-0.06310291,0.061002225,0.026377669,0.11249241,0.017001664,0.124024086,-0.05800344,0.02383688,0.015526085,0.3567618,0.0137609765,0.12021053,-0.056405906,-0.014199865
94,0.017742667,0.30176318,0.031814028,0.18879874,-0.0717643,0.05425811,0.027337544,0.15428686,0.03860391,0.17155862,-0.059239917,0.09894859,0.03411808,0.012395963,0.03808129,0.15443408,-0.06536621,0.09087741,0.033644717,0.044199217,0.029269023,0.14039156,-0.06373484,0.059926584,0.025845448,0.113462634,0.016392402,0.12526725,-0.058272947,0.02257129,0.014964079,0.35863894,0.013127619,0.121762305,-0.056170467,-0.015700927
95,0.017527886,0.30333072,0.03199741,0.18960677,-0.07133101,0.055194307,0.027623387,0.15427501,0.03930613,0.17217526,-0.058700755,0.1018709,0.034949195,0.011788248,0.038919184,0.15432817,-0.06460722,0.09408867,0.034602895,0.045126207,0.03014291,0.13974172,-0.06306366,0.062822394,0.026763618,0.11504242,0.01742719,0.12445383,-0.057914723,0.02564417,0.015979508,0.3608414,0.015189786,0.120767385,-0.056366958,-0.010023984
96,0.017552584,0.30381864,0.032119326,0.18962444,-0.07254247,0.0549983,0.02757608,0.15399471,0.039388843,0.17271893,-0.05975436,0.101883754,0.03489246,0.011379084,0.03884472,0.15554492,-0.06548698,0.09386367,0.03446083,0.04541652,0.029923331,0.14118351,-0.06356254,0.062372904,0.0265624,0.1158594,0.017157486,0.12592472,-0.057952993,0.025108555,0.015782032,0.36226735,0.014993729,0.122576885,-0.05591174,-0.010531499
97,0.017726706,0.30423167,0.032405626,0.18969862,-0.07392907,0.055018783,0.027678423,0.15373231,0.03965173,0.1734694,-0.06094504,0.10215677,0.035007402,0.010929101,0.03895002,0.15702702,-0.06641794,0.09391943,0.034505572,0.045690343,0.029891433,0.14283335,-0.064013116,0.062227808,0.026566226,0.116612926,0.017099215,0.12755391,-0.0578399,0.024926182,0.015813082,0.36346796,0.015085132,0.124551676,-0.05514618,-0.010545885
98,0.014768942,0.3052153,0.030666837,0.19037072,-0.07340492,0.05239606,0.025957292,0.15171494,0.03856868,0.17389272,-0.060385577,0.101438954,0.0339892,0.008433585,0.03788677,0.15686214,-0.06570065,0.09339847,0.033510678,0.045273565,0.028659007,0.14222772,-0.06333543,0.061154135,0.025359845,0.11788586,0.015519072,0.12679598,-0.05736688,0.023150297,0.014220147,0.36635,0.0125624975,0.12361891,-0.055083293,-0.012811259
99,0.014822791,0.30561826,0.030840097,0.19035624,-0.07475809,0.05240774,0.025941553,0.15139863,0.03869509,0.17448601,-0.06159997,0.10166012,0.033952888,0.007911863,0.037837658,0.15832105,-0.066765696,0.09330471,0.03337726,0.045495942,0.0284311,0.14402016,-0.06392428,0.060775544,0.025158007,0.11872316,0.01520219,0.12862965,-0.05732159,0.022578653,0.013998033,0.3678676,0.01222054,0.12586428,-0.05430185,-0.013738997
100,0.016157545,0.30708098,0.03178282,0.19036844,-0.0752249,0.054281246,0.026862301,0.15296325,0.039625216,0.17463654,-0.062054556,0.10396299,0.03484959,0.008697029,0.03875786,0.15884891,-0.067323714,0.09539768,0.03426509,0.046305284,0.02935084,0.14486922,-0.06440901,0.06270176,0.026078736,0.11947392,0.016350904,0.1296125,-0.0575882,0.0248153,0.015180898,0.36896995,0.014556063,0.12710454,-0.054297037,-0.009923011
101,0.013357662,0.30845782,0.03019746,0.19075073,-0.07433037,0.052308027,0.02534482,0.15125869,0.03876435,0.17451622,-0.061232366,0.10428543,0.03408379,0.0064248266,0.03795296,0.15806411,-0.06658898,0.09585124,0.033511512,0.046454582,0.028365588,0.14383946,-0.06399215,0.06240104,0.025074758,0.12131877,0.0151231,0.1285782,-0.05762055,0.024000905,0.013897682,0.37268928,0.012992371,0.12587716,-0.05497722,-0.010067385
102,0.013343952,0.30881795,0.03027421,0.19059223,-0.07520915,0.052636713,0.025291339,0.15103008,0.038795937,0.17470676,-0.062103156,0.10471024,0.03398833,0.0060821455,0.03784572,0.1590825,-0.067534566,0.09588134,0.033315487,0.046715524,0.02808567,0.14535563,-0.0646082,0.0620918,0.024804534,0.12223148,0.014763566,0.13021977,-0.0576701,0.02340863,0.013618189,0.374593,0.012693132,0.12791567,-0.054338533,-0.0113449935
103,0.014213918,0.30883723,0.030901585,0.1901543,-0.07596737,0.053814676,0.025821468,0.15131795,0.039234657,0.17450964,-0.06290752,0.10559901,0.034310427,0.006528401,0.03817123,0.15974335,-0.068554804,0.09633636,0.033536136,0.047275104,0.028304197,0.14666116,-0.06543374,0.062334683,0.025005585,0.12285487,0.015055766,0.13173604,-0.058029767,0.0237196,0.013966363,0.37562236,0.0135355815,0.12982261,-0.05407983,-0.010848677
104,0.017360738,0.30777082,0.032699537,0.18875775,-0.07542388,0.057179548,0.027723126,0.15306877,0.040309455,0.17219533,-0.06284043,0.106871456,0.035345014,0.009860204,0.03922897,0.15822415,-0.0697996,0.096702754,0.034375478,0.048949927,0.029408548,0.14679363,-0.06741917,0.06266171,0.025909927,0.12296856,0.01665118,0.13266756,-0.06018382,0.025027692,0.015471432,0.3754189,0.017184583,0.1311889,-0.05632253,-0.0073283836
105,0.011387361,0.30956718,0.028474394,0.18883201,-0.07060746,0.051902086,0.023989111,0.15063345,0.037159823,0.16919054,-0.058802366,0.10387661,0.03261254,0.007307384,0.036408186,0.1528425,-0.067239106,0.09385603,0.031620163,0.04823426,0.026453236,0.14158314,-0.06687829,0.058814246,0.02270906,0.123980366,0.013162246,0.12794827,-0.06176311,0.020383973,0.011640622,0.37923148,0.01216922,0.12565596,-0.06076057,-0.011669385
106,0.01420451,0.31166047,0.029896352,0.1881736,-0.07401637,0.053522468,0.024964109,0.15411876,0.03773557,0.16987653,-0.062032253,0.10355271,0.032748338,0.009110214,0.036564395,0.156264,-0.07049695,0.092570476,0.031498305,0.04787385,0.026448507,0.14646769,-0.0690305,0.057739276,0.02274237,0.12312419,0.013236014,0.13319533,-0.06227041,0.019400142,0.011973233,0.37841976,0.012627182,0.13219665,-0.05942676,-0.014103865
107,0.019523636,0.31703097,0.03289186,0.1879728,-0.074504554,0.05949915,0.028026199,0.16216558,0.04034918,0.16957524,-0.06261162,0.10927458,0.035354722,0.01335382,0.039297014,0.15666083,-0.071556166,0.0979471,0.034170475,0.048618875,0.029532421,0.14773457,-0.07016573,0.06358462,0.025803028,0.1219225,0.017178502,0.13484637,-0.06315965,0.026631963,0.015953798,0.37644237,0.019926272,0.13434063,-0.06006883,-0.0026925188
108,0.008437365,0.324593,0.025104977,0.18909769,-0.06941898,0.049046695,0.020630987,0.16101854,0.034903616,0.16781643,-0.0581509,0.1046302,0.0303403,0.006630972,0.034187652,0.15193589,-0.06794113,0.09398772,0.029229786,0.044538904,0.02409396,0.1422937,-0.0681146,0.05814052,0.02022654,0.12224919,0.010367197,0.1294227,-0.06292851,0.01850558,0.008851262,0.38197884,0.008621685,0.12777399,-0.0623649,-0.014642752
109,0.018173788,0.330356,0.030743577,0.18923396,-0.075046696,0.05783631,0.025738409,0.17120661,0.039001003,0.17056312,-0.06308921,0.11075425,0.033928838,0.012207756,0.03793692,0.15829147,-0.072159916,0.09929448,0.03278192,0.045000605,0.028050384,0.1498451,-0.070197135,0.06441755,0.024412312,0.12049547,0.01522113,0.13702482,-0.062282067,0.025835693,0.014165457,0.378653,0.0168398,0.13709249,-0.05872981,-0.006298352
110,0.011932225,0.33564237,0.02630796,0.19007498,-0.07065727,0.052849367,0.021749347,0.17150067,0.036114752,0.16885172,-0.059338845,0.10953964,0.031455565,0.009060342,0.03541568,0.15407735,-0.06931747,0.09853907,0.030406846,0.043155644,0.025461458,0.1452734,-0.06889169,0.06279615,0.02168393,0.12090801,0.012021811,0.13264327,-0.062705405,0.023105493,0.010699515,0.3822385,0.011856765,0.1318627,-0.061460644,-0.008931576
111,0.013513771,0.3375876,0.026903758,0.18980137,-0.071448065,0.05389569,0.022249036,0.17399202,0.03627236,0.1685543,-0.060164277,0.10966443,0.03148885,0.010390789,0.035463452,0.15473223,-0.070593745,0.09815984,0.030320318,0.043150026,0.02544776,0.14686352,-0.070076145,0.062351733,0.021633944,0.120709665,0.012078006,0.13458855,-0.063438326,0.022730047,0.010821828,0.38260114,0.012381049,0.13436739,-0.061809424,-0.009354899
112,0.012183312,0.33907852,0.025761098,0.18946368,-0.07078932,0.05287818,0.02113145,0.1743627,0.035242114,0.16750453,-0.059815917,0.10897479,0.03044146,0.009812588,0.034386616,0.15398933,-0.07100525,0.09701517,0.02913291,0.04282897,0.024172014,0.14697105,-0.07084067,0.06064589,0.02027023,0.121385165,0.010538971,0.1350844,-0.064206615,0.02045968,0.0092623625,0.38504794,0.010288,0.13509518,-0.062602736,-0.012599092
113,0.011925831,0.34004897,0.025424859,0.18902881,-0.06897497,0.053744514,0.021024054,0.17498925,0.03505689,0.16571467,-0.058471564,0.11029028,0.030395059,0.010282781,0.03433686,0.15180469,-0.07070824,0.097997636,0.029030107,0.043353878,0.02409761,0.14557323,-0.07143964,0.061161626,0.020056168,0.12197266,0.010549533,0.13415968,-0.065430515,0.021154922,0.0091494275,0.38651326,0.0110227335,0.13411652,-0.06458295,-0.01013207
114,0.013021162,0.33928055,0.02595249,0.18804736,-0.06952577,0.0547603,0.021461448,0.17514682,0.035033837,0.16455556,-0.059263837,0.10968667,0.030217238,0.011377759,0.034145776,0.15203758,-0.07235892,0.0965259,0.028629353,0.043669343,0.023750212,0.1472677,-0.07308517,0.05947584,0.01962938,0.12199189,0.010231422,0.13638169,-0.06647071,0.019555837,0.008896213,0.38680384,0.011022891,0.13697724,-0.06487951,-0.012186535
115,0.013044914,0.33915824,0.02618003,0.18806538,-0.06750164,0.056448065,0.021989718,0.17458715,0.03559575,0.16332003,-0.0576187,0.11240377,0.03099917,0.011759663,0.034924623,0.14985132,-0.07143884,0.09913528,0.02944859,0.045184113,0.024577757,0.1453033,-0.073051274,0.061625447,0.02035453,0.123503834,0.011325675,0.1346781,-0.067241706,0.02218359,0.009843389,0.3889856,0.0135470545,0.13497521,-0.066568494,-0.006481828
116,0.0098858755,0.33775437,0.024260713,0.18713196,-0.06695319,0.053664763,0.020019531,0.17131367,0.033864975,0.16166806,-0.057470135,0.10976647,0.02917798,0.010035422,0.03301488,0.14894977,-0.07228002,0.09569923,0.027346173,0.045137946,0.022293385,0.1456437,-0.07424095,0.05739273,0.01794301,0.12458634,0.008603982,0.13552153,-0.06829524,0.017365035,0.0071051996,0.39154422,0.009540772,0.1361473,-0.06741516,-0.012892964
117,0.014249849,0.33947346,0.027075108,0.1874071,-0.07069095,0.057747807,0.022450684,0.17454049,0.035979547,0.16385916,-0.060669206,0.11305227,0.030976644,0.011873349,0.034864925,0.15333487,-0.07474976,0.09857581,0.029124169,0.046008583,0.02416535,0.1504584,-0.07521493,0.060623016,0.020015739,0.124839745,0.010953027,0.14025386,-0.067600936,0.02118989,0.009784568,0.39109653,0.013764436,0.14197335,-0.0650548,-0.008094415
118,0.0105239,0.341505,0.02491231,0.18884361,-0.06883813,0.055501994,0.020496774,0.17282867,0.03494643,0.16441482,-0.05888017,0.11391183,0.030190134,0.009157263,0.034030147,0.15214433,-0.07276051,0.09995726,0.028482813,0.04597351,0.023260131,0.14828607,-0.073640734,0.0613677,0.019138938,0.12673837,0.00974003,0.13782221,-0.066788726,0.021168862,0.008476802,0.39512622,0.011829402,0.13898146,-0.06540523,-0.007855429
119,0.008507161,0.34058577,0.023657594,0.18868855,-0.06873172,0.05379271,0.019188233,0.17049228,0.033743378,0.16390406,-0.05899373,0.11203503,0.028913273,0.007971521,0.032688007,0.15227553,-0.07347191,0.097498596,0.027024454,0.04599019,0.021628432,0.14923951,-0.074346766,0.058325578,0.017471787,0.12799095,0.0077440552,0.13906057,-0.067110576,0.01731793,0.006533155,0.39802864,0.008821695,0.14059621,-0.06534989,-0.014065123
120,0.011622057,0.34149456,0.02554284,0.18883024,-0.069111206,0.057694197,0.021116588,0.17278479,0.035195213,0.16402559,-0.059448883,0.11525492,0.030352855,0.010078392,0.034159195,0.15303634,-0.074302115,0.10029527,0.028456425,0.04716127,0.023192031,0.15065378,-0.07504136,0.06114176,0.01905929,0.12860942,0.009781041,0.14070307,-0.06735137,0.02063912,0.0086530065,0.39885232,0.012896892,0.14270742,-0.06513483,-0.009056742
121,0.012063572,0.34142998,0.025763484,0.18857224,-0.068121664,0.058718525,0.021478774,0.17275348,0.03531201,0.16279477,-0.058746092,0.116090454,0.03053469,0.011000868,0.034322027,0.15165424,-0.07448595,0.10069227,0.028534273,0.04822185,0.023319576,0.15007018,-0.07593838,0.06118117,0.019052839,0.1294593,0.010090294,0.14056961,-0.068681546,0.021123542,0.008865798,0.40036052,0.014209,0.14268784,-0.067014,-0.0065102414
122,0.008701833,0.34139687,0.023348253,0.18755442,-0.06589723,0.05562354,0.019228045,0.17101756,0.033188093,0.15984693,-0.057171397,0.113435686,0.028477807,0.009857986,0.03219035,0.14847472,-0.074629135,0.0973435,0.026197033,0.047888592,0.020890625,0.14839095,-0.07746819,0.056927558,0.016342308,0.12981832,0.007222992,0.13970464,-0.07112397,0.016546752,0.0057985093,0.4021328,0.010095834,0.14188126,-0.0705246,-0.010989458
123,0.0120716365,0.34229505,0.025131306,0.18663271,-0.066522084,0.058964014,0.020976014,0.17396523,0.034227997,0.15852934,-0.058049697,0.115272455,0.029384859,0.012497664,0.03312701,0.14864469,-0.076656036,0.09822694,0.026902288,0.04865734,0.021805983,0.15036425,-0.07967824,0.05770921,0.01715001,0.12957798,0.00851162,0.14239287,-0.07287002,0.017952673,0.0071418337,0.401746,0.013066548,0.14543092,-0.07182986,-0.008107542
124,0.0144679,0.34585544,0.026498092,0.18748905,-0.067545176,0.061842404,0.022291055,0.17730615,0.03554055,0.15969642,-0.058861345,0.11904112,0.03066528,0.0135328835,0.034439165,0.15020601,-0.077273585,0.101891905,0.028243981,0.04927529,0.023196902,0.15203694,-0.07986968,0.061329875,0.018635169,0.13020124,0.010257702,0.14410077,-0.07259902,0.021867242,0.00901239,0.402882,0.016455978,0.14763767,-0.07141358,-0.0022526365
125,0.00655026,0.35116348,0.02101923,0.18883927,-0.065741755,0.05463083,0.01683938,0.17606363,0.0316182,0.15983254,-0.05728911,0.115725935,0.026842613,0.008108097,0.030506749,0.14930558,-0.075909406,0.09872366,0.024367671,0.04634749,0.018831756,0.15088911,-0.078702725,0.05704472,0.0142815625,0.13081536,0.0046572303,0.14289993,-0.07163866,0.015240527,0.0034006876,0.4070492,0.006700784,0.14623562,-0.07115699,-0.013395353
126,0.01145753,0.35506928,0.023663979,0.18949732,-0.068193555,0.059221413,0.019282114,0.1813409,0.033555225,0.16146322,-0.059390236,0.119538315,0.028597169,0.010658074,0.03232744,0.15255728,-0.07775309,0.102127574,0.026150605,0.04663296,0.020783463,0.15472038,-0.0794265,0.060802486,0.016409852,0.13040152,0.0071525294,0.14677489,-0.0709806,0.019432016,0.006180526,0.40633932,0.011352529,0.15109675,-0.06947155,-0.008114957
127,0.009392656,0.35585463,0.022305595,0.18996298,-0.06556636,0.058657367,0.018247489,0.17989051,0.03272665,0.15979077,-0.057267174,0.12019803,0.027993014,0.010149767,0.031661507,0.14975137,-0.07687232,0.10237782,0.025454126,0.047405615,0.020007687,0.15260425,-0.07969191,0.060316775,0.015455109,0.1318533,0.0062823123,0.1450965,-0.07213794,0.018920187,0.005124432,0.40949953,0.010640912,0.14920829,-0.072045825,-0.0070866533
128,0.01123145,0.3549395,0.02344373,0.18958008,-0.06503784,0.060973685,0.019504901,0.17926231,0.033455852,0.15822203,-0.057045307,0.12173405,0.0287386,0.012027702,0.032375503,0.14863384,-0.07790641,0.103066325,0.026012303,0.049478665,0.020666713,0.15291941,-0.08139522,0.060666963,0.015958628,0.13326077,0.00734645,0.14606497,-0.07413342,0.020273963,0.0061309733,0.41127363,0.0136720855,0.15066132,-0.07489219,-0.0022824558
129,0.005745958,0.35666335,0.019569246,0.18949603,-0.06395283,0.055501707,0.0155826835,0.17700738,0.030226873,0.15692666,-0.056341745,0.11762979,0.0254585,0.008544982,0.028979832,0.14760882,-0.07821874,0.098352306,0.022456124,0.047812343,0.016742067,0.15294722,-0.08206322,0.05482,0.011925155,0.13398018,0.0023936117,0.14650828,-0.07474552,0.0126615735,0.0011698985,0.41445315,0.0053566797,0.15137048,-0.07581374,-0.014053207
130,0.009622322,0.3640037,0.021193465,0.19065495,-0.06537297,0.05924427,0.017122688,0.1852265,0.031662244,0.15875576,-0.057432763,0.122287795,0.026849607,0.010052596,0.030470664,0.14999026,-0.07889311,0.10312896,0.02401744,0.046734482,0.01845239,0.15531543,-0.08198873,0.059838418,0.013813516,0.13281319,0.0044628056,0.14880958,-0.07386297,0.017722867,0.0034479445,0.41349533,0.008974723,0.15426402,-0.07444743,-0.0074638007
131,0.013092015,0.36975995,0.02222918,0.19040029,-0.06341565,0.063391745,0.01848588,0.19321845,0.03233324,0.15668596,-0.056086384,0.12615235,0.027668549,0.012693334,0.03138793,0.14800374,-0.07941653,0.10629353,0.024786353,0.04555595,0.019503968,0.1551075,-0.083559066,0.06262878,0.014684307,0.1307434,0.0058049336,0.14939873,-0.07568039,0.020810645,0.0047048833,0.41175106,0.011899566,0.15519527,-0.076516435,-0.0017372906
132,0.0067820246,0.37219512,0.017181287,0.18908364,-0.05748961,0.058769006,0.013993507,0.19380812,0.027986454,0.15082902,-0.05178919,0.12183673,0.02359163,0.010571217,0.027239267,0.14149047,-0.079026505,0.100602806,0.020263566,0.042374946,0.01487517,0.15173344,-0.085745245,0.055248927,0.0095456,0.12932014,4.0907136e-05,0.14743216,-0.07901785,0.011722777,-0.0014098337,0.41314116,0.002687282,0.15307319,-0.080797575,-0.01362528
133,0.01614678,0.37797567,0.021866517,0.1891357,-0.055840507,0.06894412,0.01915991,0.20522603,0.031520993,0.14931448,-0.050621465,0.13019343,0.027369516,0.016674964,0.031232344,0.139993,-0.07963694,0.10841435,0.024197703,0.042516477,0.019345948,0.15188901,-0.08733647,0.06316229,0.013896863,0.12705171,0.0055913897,0.1483147,-0.080816306,0.02091612,0.004085801,0.4101371,0.012889444,0.15431626,-0.082854204,0.0012428152
134,0.007969178,0.3846332,0.015201116,0.18886039,-0.05222519,0.06138354,0.01266256,0.20804842,0.026164914,0.14608625,-0.04813461,0.12511855,0.022072598,0.011144239,0.025874557,0.1370357,-0.079639904,0.102514565,0.01857023,0.037324138,0.013326287,0.15111043,-0.0882999,0.055560704,0.007666122,0.12576376,-0.002136358,0.14833076,-0.081667975,0.010147938,-0.0036874863,0.41199133,-0.00055784045,0.15452819,-0.08364724,-0.016334461
135,0.017959233,0.3971485,0.019226484,0.18969211,-0.052483696,0.07115133,0.016881807,0.2258631,0.029345926,0.14660457,-0.048451517,0.13529997,0.025339464,0.014626021,0.029439218,0.13848428,-0.08068076,0.11268244,0.022164185,0.03456583,0.017223911,0.15360908,-0.088928565,0.06567645,0.011707816,0.12233468,0.0023300042,0.15111138,-0.081263915,0.020074258,0.0010044998,0.40794995,0.006807947,0.158047,-0.08248725,-0.0038734619
136,0.009745524,0.40686953,0.012377978,0.18949659,-0.048685506,0.06441498,0.0102214,0.23149046,0.024570905,0.14300078,-0.045893252,0.13408796,0.020639187,0.0073770504,0.024701437,0.1354493,-0.08106981,0.11041667,0.017116971,0.029689483,0.011747727,0.1532793,-0.090280466,0.06130432,0.006014379,0.12209472,-0.004792343,0.1517109,-0.0822056,0.013051945,-0.00612746,0.41082725,-0.0053301966,0.15897754,-0.08300483,-0.014513492
137,0.0124025345,0.41314456,0.0128119355,0.18957353,-0.048118316,0.06760784,0.0107619,0.23904648,0.024910916,0.14208296,-0.04567431,0.13838173,0.020998646,0.0070335735,0.025135357,0.1356723,-0.082208574,0.11404165,0.017438445,0.028145622,0.012032005,0.15509008,-0.091254756,0.06422802,0.006328539,0.121443756,-0.0045762537,0.1539301,-0.08218962,0.01561147,-0.005745261,0.41056174,-0.0047003343,0.16178702,-0.082274444,-0.0106559
138,0.01105993,0.4143,0.011588177,0.18863976,-0.045532268,0.068319514,0.009821326,0.24005827,0.0239168,0.13823067,-0.04410656,0.13982062,0.020067273,0.0061705774,0.024186367,0.13325913,-0.083979785,0.11378885,0.016124351,0.02781207,0.010665487,0.15608501,-0.09382631,0.06274987,0.004733509,0.12169521,-0.0061623687,0.15593944,-0.08389698,0.014504605,-0.0072982684,0.41144243,-0.006282383,0.16436261,-0.08322756,-0.008926164
139,0.012782543,0.4146092,0.012122352,0.18725121,-0.042510234,0.0718965,0.010786254,0.24229743,0.024076093,0.133035,-0.04231903,0.14311437,0.020334974,0.0070938026,0.024468467,0.13018508,-0.08691428,0.11471017,0.015914783,0.028024785,0.010510417,0.1578638,-0.09801408,0.062224653,0.004259819,0.12117612,-0.0062708324,0.15923288,-0.087207705,0.014967566,-0.0073691104,0.41036487,-0.0051105614,0.16859765,-0.08619608,-0.003893367
140,0.008228581,0.4146259,0.008977584,0.18542844,-0.039488398,0.06915436,0.007865105,0.24092443,0.021659255,0.12728947,-0.04059235,0.14238174,0.017899783,0.004211267,0.021946099,0.12678157,-0.09004482,0.11144401,0.012780004,0.027602488,0.0072415946,0.15954731,-0.102468394,0.057108425,0.00058900326,0.12163493,-0.01025439,0.16251379,-0.09072667,0.0100034075,-0.011346597,0.4112021,-0.010755994,0.17284262,-0.08912473,-0.0070950873
141,0.009245225,0.41615018,0.009357051,0.18441106,-0.0373512,0.071388476,0.008546972,0.24258633,0.022348098,0.12326173,-0.039244533,0.14708981,0.018683834,0.004304141,0.022731557,0.12400019,-0.09244204,0.11425363,0.013165844,0.028766638,0.0076574576,0.16058305,-0.10629904,0.058476016,0.0006730477,0.121942505,-0.009740178,0.16486117,-0.094498545,0.012565441,-0.010895734,0.4113242,-0.008739884,0.1759168,-0.09343717,0.0010976754
142,0.008317983,0.41683868,0.007798879,0.18240488,-0.035829306,0.07123387,0.0070827473,0.24461874,0.020465672,0.1175172,-0.039002553,0.14655754,0.016640445,0.0021854735,0.020625621,0.12375854,-0.09839078,0.11019795,0.0103550255,0.027437055,0.004716067,0.16725518,-0.11197401,0.05286184,-0.0023558554,0.121523954,-0.013213457,0.17317955,-0.09737102,0.007035547,-0.013859565,0.40965456,-0.013352482,0.18633786,-0.09574913,-0.004334227
143,0.0066345385,0.41939294,0.0067591183,0.1824533,-0.03042355,0.07265245,0.0067416844,0.24586414,0.021040624,0.11320484,-0.034845896,0.15310232,0.01758425,0.00053974823,0.021586176,0.117513955,-0.097649515,0.11555026,0.011024293,0.028789975,0.005332597,0.16337687,-0.11389167,0.056229714,-0.0023148297,0.12331256,-0.012890505,0.17031617,-0.10056487,0.010609967,-0.01403601,0.41347918,-0.012657938,0.18296978,-0.09934546,0.0034421545
144,0.0038324962,0.42090008,0.0046169246,0.181955,-0.028015072,0.071371034,0.0048144762,0.24668536,0.019674134,0.110164724,-0.033243645,0.15402272,0.016277358,-0.002350165,0.02023753,0.11531197,-0.09887739,0.11517893,0.009381189,0.028460894,0.0035372344,0.16376007,-0.11589046,0.05459211,-0.0043204604,0.124170765,-0.015253117,0.17143324,-0.102311924,0.008516147,-0.016424479,0.41490287,-0.016461771,0.18443942,-0.101257145,0.0013974707
145,0.0073554073,0.42213652,0.0060027237,0.18144819,-0.02768326,0.07477465,0.0063115945,0.25059584,0.020250235,0.10817075,-0.033366416,0.156373,0.01682764,-0.0017947329,0.020792885,0.116060846,-0.10184805,0.11592781,0.009697374,0.02833021,0.0038599828,0.16762443,-0.118409835,0.054850936,-0.003917972,0.12397178,-0.014756905,0.17593934,-0.10346471,0.009196132,-0.01559604,0.41392958,-0.014915659,0.19005038,-0.10262753,0.003451812
146,0.0014544061,0.4265631,0.002026213,0.18210733,-0.025879662,0.07036096,0.0023856862,0.25163433,0.018422296,0.10794258,-0.031940747,0.15807001,0.015070593,-0.0075576734,0.018989632,0.11461417,-0.10048797,0.11778675,0.007898393,0.028406115,0.0017737541,0.16582528,-0.11748174,0.05577615,-0.0060885535,0.12615292,-0.017610047,0.17410749,-0.10282741,0.009282761,-0.018570527,0.4177614,-0.020402648,0.1878148,-0.10174651,0.0029471428
147,0.0052930783,0.42831266,0.0036317392,0.18200561,-0.025885252,0.073802024,0.0040723104,0.25515813,0.019291986,0.10641657,-0.032289278,0.16101931,0.015910193,-0.00696472,0.019814074,0.11636447,-0.10400124,0.11884411,0.0085035,0.028702192,0.0023695596,0.17107786,-0.11991369,0.05657615,-0.005267372,0.12642181,-0.016697563,0.17992766,-0.10322491,0.010768864,-0.01714834,0.41704687,-0.018043472,0.19505686,-0.10261647,0.0060981265
148,-0.00035891752,0.4305375,-0.0004521209,0.18214269,-0.023436867,0.06963043,0.00011497416,0.2553112,0.016483877,0.10420725,-0.030558579,0.1596597,0.01312743,-0.012016828,0.016948305,0.114595115,-0.10477892,0.11640181,0.0053755427,0.0276573,-0.0010280053,0.1715147,-0.12110032,0.052981015,-0.008799758,0.12749824,-0.021125989,0.18089274,-0.10386815,0.0059948163,-0.021537092,0.41870055,-0.02583622,0.19634868,-0.10337197,-0.0011846985
149,0.0030280417,0.4339206,0.0010116693,0.18267827,-0.025890706,0.07206147,0.0013220877,0.25929248,0.017462134,0.106396146,-0.032449447,0.1627282,0.0140007045,-0.012143186,0.017805383,0.11796143,-0.10566478,0.11956136,0.006396153,0.028459022,-4.3430286e-05,0.17453255,-0.12056106,0.05658411,-0.0074419705,0.12856115,-0.019663049,0.18364303,-0.10224722,0.01017952,-0.019687975,0.419881,-0.02302389,0.19976223,-0.10193205,0.0044876714
150,-0.00010327838,0.43667248,-0.001334368,0.18295132,-0.026417121,0.0693641,-0.0012159212,0.26051924,0.015944924,0.10735426,-0.0328198,0.16283078,0.012413589,-0.015962217,0.016189447,0.11854872,-0.105043456,0.12018656,0.004852085,0.028739814,-0.0017911587,0.17426988,-0.11975195,0.05686368,-0.009131452,0.13027203,-0.021852063,0.1832055,-0.101538345,0.009962628,-0.021856697,0.42259273,-0.027022107,0.19924435,-0.10117622,0.0035526145
151,0.0024641457,0.43695837,-0.0002854676,0.18278499,-0.027220985,0.07151694,-0.00022621272,0.26216793,0.016030647,0.10675121,-0.033617705,0.16344398,0.012414707,-0.015375316,0.016163498,0.12028073,-0.1077615,0.11949976,0.0046612527,0.028866913,-0.001992705,0.17834742,-0.121705905,0.056001913,-0.009173192,0.1304173,-0.021902164,0.18771218,-0.10218513,0.009372776,-0.021540647,0.42191303,-0.026444871,0.20486529,-0.1024857,0.0033759305
152,0.00016390737,0.437289,-0.001222011,0.18351975,-0.02663198,0.07024536,-0.0011193966,0.26031747,0.016021764,0.10817635,-0.032917064,0.16458337,0.012500102,-0.016439218,0.016295861,0.1188881,-0.10514824,0.12193314,0.004978499,0.03020953,-0.0017558383,0.17475034,-0.12006559,0.058107868,-0.009090956,0.13267471,-0.021853825,0.18383227,-0.101904385,0.010896251,-0.021835491,0.4264554,-0.026996236,0.20009625,-0.10185458,0.0045601027
153,0.0029261566,0.43674967,0.00033229002,0.18392362,-0.02457078,0.074079275,0.00080837554,0.261198,0.01701946,0.10607283,-0.031465117,0.167218,0.013634042,-0.014972369,0.01743812,0.118013315,-0.107327275,0.122714475,0.0058575277,0.030618386,-0.0008462839,0.17723241,-0.122390375,0.05825159,-0.0082169045,0.13315387,-0.02080863,0.18701956,-0.10312651,0.011161292,-0.020595703,0.4267426,-0.024778023,0.20411994,-0.1035298,0.0053711957
154,0.0008927091,0.43910342,-0.0006577528,0.18455118,-0.022972172,0.07326308,-2.3196844e-06,0.26135582,0.01749041,0.106244154,-0.030046074,0.17069522,0.014260245,-0.01678557,0.018114515,0.11576326,-0.10543508,0.12679985,0.006591224,0.03171186,-0.00019725726,0.17407349,-0.1217014,0.061622314,-0.0077968957,0.13489793,-0.020381,0.18387365,-0.10354259,0.014261809,-0.020504074,0.4302259,-0.024645831,0.20028342,-0.10376319,0.009495203
155,0.0013108886,0.43888003,-0.0009301895,0.18453047,-0.020795433,0.07509012,1.5397265e-05,0.2625419,0.016732648,0.1038188,-0.028474003,0.17104974,0.013585459,-0.017527329,0.017386343,0.11383401,-0.10699656,0.12562387,0.0055546784,0.030988825,-0.0013213641,0.17503919,-0.124137506,0.0592858,-0.009135626,0.1352546,-0.02209249,0.18567102,-0.105706476,0.010709461,-0.022221223,0.4308254,-0.0276484,0.20264833,-0.1064525,0.0034699643
156,0.004236296,0.43786344,0.0011070985,0.18470573,-0.022791145,0.07785367,0.0018807864,0.26197532,0.017830718,0.106139325,-0.029901326,0.17186329,0.014623511,-0.015497564,0.01843561,0.11549607,-0.10619516,0.12720674,0.0068202247,0.031807046,-5.9156446e-06,0.17491998,-0.12304453,0.06119372,-0.007691945,0.13639858,-0.020412128,0.18522346,-0.10489148,0.012154139,-0.020528698,0.43309572,-0.024847584,0.20211834,-0.105536096,0.0039041226
157,0.0039296784,0.43845394,0.001020072,0.18507914,-0.023434594,0.07838375,0.001703433,0.26186058,0.017830305,0.107351504,-0.030345773,0.17270567,0.014601566,-0.01645683,0.01841612,0.11637287,-0.10562816,0.12843809,0.0069198716,0.03245525,-1.3058194e-05,0.1748908,-0.1221506,0.06233662,-0.0075931484,0.13812692,-0.0204623,0.18494655,-0.103961505,0.012917506,-0.020532163,0.43593523,-0.025133848,0.20177345,-0.10450508,0.0041637463
158,0.0027395051,0.43934363,-4.113998e-05,0.18521279,-0.023867117,0.07790302,0.00052787317,0.26269013,0.01675497,0.10779156,-0.030734178,0.17212412,0.013459097,-0.018684685,0.017239064,0.11735145,-0.10589537,0.12778822,0.005756119,0.032544497,-0.0013493892,0.17589775,-0.12186251,0.061466467,-0.008805096,0.13953424,-0.02210979,0.18586011,-0.103160776,0.011629652,-0.022026671,0.43788952,-0.028065301,0.20291948,-0.10365959,0.0018096891
159,0.0043223742,0.44061577,0.00064618536,0.1850427,-0.02587246,0.07905234,0.00096757023,0.26448023,0.017040115,0.10912787,-0.0323351,0.1731157,0.013622853,-0.019225575,0.017396985,0.11975194,-0.10660218,0.12894289,0.0060128565,0.033094574,-0.0011489361,0.17793497,-0.12156342,0.062849924,-0.008359099,0.14038493,-0.021665264,0.18769202,-0.10217271,0.013396881,-0.021327121,0.43868724,-0.027033938,0.20519152,-0.10272563,0.004600481
160,0.0008991081,0.44306168,-0.0018135693,0.18524982,-0.025929173,0.07648598,-0.0016252614,0.26555705,0.015524755,0.109925345,-0.03233506,0.17298718,0.012069916,-0.023322033,0.015831804,0.1197931,-0.1055448,0.1294374,0.004528829,0.033391297,-0.0028830403,0.17690025,-0.12048838,0.06288599,-0.010077849,0.14226332,-0.023954878,0.1864134,-0.10139354,0.012915513,-0.023669684,0.441704,-0.031432543,0.20359679,-0.10178567,0.0035168352
161,0.0051956307,0.4395402,0.0015534873,0.18560326,-0.026806284,0.081092454,0.0017984248,0.26317623,0.017453605,0.11063739,-0.03297279,0.17361099,0.014015943,-0.01875052,0.017786738,0.1210695,-0.10647077,0.12954012,0.0065163583,0.033889446,-0.0007113494,0.17868069,-0.12099443,0.06340701,-0.0077742115,0.14246373,-0.021108806,0.1882524,-0.1013554,0.013277035,-0.020655418,0.44215176,-0.026044263,0.20589645,-0.10199239,0.0030332427
162,0.0005132902,0.43900445,-0.00089931197,0.18621786,-0.026319185,0.07819448,-0.0007049864,0.26008937,0.015799966,0.11196408,-0.032415453,0.1714839,0.012384399,-0.021144528,0.016152011,0.119978406,-0.104072936,0.1285138,0.0050269053,0.034072377,-0.002389458,0.17547934,-0.11941667,0.061934985,-0.009590631,0.14442047,-0.02344763,0.18475345,-0.10112676,0.010296438,-0.023300283,0.44625014,-0.030804226,0.20153393,-0.101738706,-0.0033492101
163,0.008809196,0.4384807,0.0037646366,0.18650486,-0.030071946,0.08484666,0.003676583,0.26353782,0.017924773,0.11479946,-0.035353556,0.17266576,0.014341295,-0.0170634,0.018016027,0.12522033,-0.105902195,0.12924992,0.0071011377,0.03399863,-0.00013764208,0.18055202,-0.11870013,0.06405665,-0.0067237993,0.14392471,-0.020056223,0.18935052,-0.098270416,0.013195256,-0.019250074,0.44470346,-0.024054814,0.20727515,-0.098913394,-3.1288655e-05
164,0.00289861,0.4406542,0.0009383391,0.18823732,-0.030244613,0.08082894,0.0007064467,0.26020855,0.016961113,0.12009604,-0.034799498,0.17226501,0.0135095,-0.020032754,0.017191948,0.12323875,-0.0986684,0.13259277,0.0069305124,0.035000972,-0.0004910822,0.17137685,-0.11347624,0.06721038,-0.0073233587,0.1470864,-0.02091215,0.17900419,-0.09720569,0.014448098,-0.020958029,0.4523851,-0.026934413,0.19435732,-0.09825,-0.0011155562
165,0.008257949,0.43907836,0.0036768194,0.18849191,-0.029631661,0.086208545,0.0036785065,0.26265666,0.017780181,0.11814843,-0.034561295,0.17269903,0.014346433,-0.017309938,0.017929511,0.12448793,-0.10236413,0.13054344,0.007365248,0.03435085,1.6395905e-05,0.17688634,-0.11573108,0.06525048,-0.0065656654,0.14687397,-0.020043401,0.18505189,-0.09631282,0.012862654,-0.01947579,0.45117342,-0.024498248,0.2020028,-0.09681514,-0.0033918836
166,0.005647258,0.44093695,0.0019702765,0.18898553,-0.028765531,0.08427493,0.0020139574,0.26232776,0.017119732,0.11842323,-0.033785712,0.17387502,0.013750492,-0.01947238,0.017364165,0.123244256,-0.10143003,0.1321013,0.006811057,0.035476867,-0.00066795293,0.17539057,-0.11563629,0.06616721,-0.0073916465,0.14860609,-0.021001887,0.18370442,-0.096933044,0.0137830535,-0.020600721,0.4541341,-0.02620756,0.200393,-0.09779031,-0.0012078513
167,0.0064806654,0.4429659,0.0018986502,0.18890189,-0.02862962,0.08487284,0.0019567544,0.26493192,0.017198538,0.11777038,-0.033739164,0.17596002,0.013824983,-0.020788504,0.017443141,0.12320244,-0.10253499,0.1336293,0.0067705,0.03629453,-0.00078953244,0.17671691,-0.11682767,0.06710669,-0.007534311,0.14957774,-0.021126457,0.18542735,-0.09767024,0.015283897,-0.020625157,0.45507413,-0.026025793,0.20263201,-0.09878397,0.0027622688
168,0.006966623,0.44321853,0.0019075446,0.1887636,-0.0287837,0.08559214,0.0019421538,0.26586184,0.016883845,0.11764217,-0.033899456,0.17597291,0.013480367,-0.02142721,0.017074328,0.12338087,-0.1029867,0.13338561,0.0063577434,0.03654624,-0.0012811152,0.17736375,-0.11722366,0.066538304,-0.008017849,0.15052804,-0.021752747,0.18620786,-0.0978032,0.014506905,-0.021190342,0.4564598,-0.027011933,0.20364702,-0.098978125,0.0017729512
169,0.0045448956,0.44505095,-0.00020247459,0.1888874,-0.027339943,0.08409259,-6.972777e-05,0.26765284,0.015400065,0.116337225,-0.03286368,0.17591736,0.01202959,-0.024840303,0.015597945,0.12223615,-0.10326463,0.1328441,0.004741912,0.03667852,-0.003136631,0.17733796,-0.117734894,0.065162085,-0.009956683,0.15206221,-0.024246072,0.18642198,-0.09802917,0.012811374,-0.023677167,0.45866358,-0.03154732,0.20395234,-0.09911573,-0.000306289
170,0.0075870673,0.4407854,0.002624217,0.18909845,-0.028399989,0.08833573,0.0027553597,0.2643862,0.016530702,0.117807835,-0.033563968,0.17441788,0.013153592,-0.020853572,0.016664386,0.123005114,-0.102763824,0.13138025,0.0059385323,0.036637425,-0.001805761,0.17710818,-0.117313884,0.063858844,-0.008586271,0.15288146,-0.02249116,0.18606888,-0.098013766,0.010265092,-0.02195873,0.46076384,-0.02814681,0.20351666,-0.0992657,-0.005841171
171,0.005596752,0.43852034,0.0024002509,0.18939334,-0.029672295,0.087547675,0.0023416602,0.25967214,0.01611379,0.12043146,-0.03430679,0.17179847,0.012690631,-0.020062754,0.016205255,0.12319004,-0.10051241,0.13012911,0.005727021,0.037339024,-0.0020430663,0.17446148,-0.115802675,0.06249764,-0.008901692,0.15471697,-0.02275049,0.18308246,-0.098179474,0.0076720123,-0.022501515,0.4647059,-0.028653407,0.19980362,-0.099780075,-0.010996263
172,0.006521755,0.43907568,0.0032315217,0.18977633,-0.032230593,0.088029414,0.0028564727,0.2590412,0.016655056,0.123637915,-0.036058363,0.1723251,0.013126519,-0.019122241,0.016654646,0.12537722,-0.09958922,0.13173144,0.0064386325,0.038369328,-0.0012830299,0.17454298,-0.114631645,0.06443428,-0.0079818135,0.15549688,-0.021505514,0.18288547,-0.09761323,0.009818131,-0.021221302,0.4660647,-0.02605461,0.19962615,-0.09973052,-0.0074117966
173,0.007137412,0.44041544,0.0037518425,0.1901782,-0.031170258,0.08912422,0.0035620139,0.25881398,0.017733239,0.1224555,-0.03506704,0.17639036,0.014330749,-0.018292824,0.017930008,0.12338926,-0.10063624,0.13513626,0.0075089238,0.0399704,-0.00012250856,0.17472227,-0.117308035,0.06680338,-0.007114205,0.15604725,-0.02004061,0.18405335,-0.101001315,0.01310888,-0.019888764,0.46683088,-0.02247233,0.20124769,-0.10442462,0.0013414087
174,0.0045989193,0.4464113,4.6376255e-05,0.19055219,-0.027236354,0.087141536,0.00023217313,0.2657589,0.015347032,0.11729035,-0.032368716,0.17891315,0.01204936,-0.02465012,0.015567212,0.121111065,-0.10455559,0.13467042,0.00450639,0.03998915,-0.0035858904,0.17895506,-0.12093736,0.064461015,-0.010648233,0.15801626,-0.024575766,0.18945917,-0.1015665,0.011787456,-0.023935448,0.4683473,-0.029949429,0.2082069,-0.104552545,0.0029769004
175,0.002312391,0.45044425,-0.0025487419,0.19162567,-0.025056303,0.08545153,-0.0021706931,0.26861265,0.013662104,0.1161344,-0.030601515,0.1801018,0.010474088,-0.028512727,0.013883356,0.119747356,-0.10535785,0.13458095,0.0026157945,0.040220194,-0.0057867607,0.18001097,-0.12182496,0.063295126,-0.01287539,0.1601206,-0.027472157,0.19093008,-0.101402156,0.01050678,-0.02666752,0.4713202,-0.034972593,0.21019188,-0.104927346,0.001709514
176,0.0073776534,0.44903314,0.00042679237,0.19190176,-0.026481446,0.08963528,0.0007568097,0.26869318,0.0147802485,0.116908215,-0.03168045,0.18035619,0.011533421,-0.024753517,0.014833452,0.12191301,-0.107577816,0.13347802,0.003505055,0.040435787,-0.0047478667,0.18402503,-0.12311621,0.06245187,-0.01158164,0.16052654,-0.025754094,0.19529313,-0.10119408,0.009617547,-0.02451897,0.47154516,-0.030789414,0.21579069,-0.105713375,6.744929e-05
177,0.003810662,0.44671792,6.742991e-05,0.19250849,-0.028616803,0.08788732,7.7598146e-05,0.26064724,0.01494885,0.123061426,-0.03285639,0.1784743,0.011690844,-0.023415564,0.015080075,0.12142472,-0.101255074,0.1353118,0.00441009,0.04233432,-0.0038351712,0.17632651,-0.11880565,0.06424734,-0.010919376,0.16395229,-0.024742441,0.18656191,-0.10072488,0.009559672,-0.024314502,0.4797043,-0.029889226,0.20481077,-0.104623064,-0.0035758794
178,0.010859719,0.44470972,0.004903204,0.19252865,-0.032874614,0.09369944,0.004548598,0.26032993,0.017573815,0.12701684,-0.036100853,0.17953813,0.014125192,-0.018287474,0.017474895,0.1264727,-0.10192421,0.13669205,0.007130467,0.04329482,-0.0008358287,0.17985997,-0.11733446,0.0670944,-0.0073544816,0.16434765,-0.020177528,0.189515,-0.097843125,0.013656592,-0.019238848,0.4799559,-0.02047751,0.20860194,-0.10174459,0.0031442605
179,0.010682344,0.44838524,0.004202801,0.19278128,-0.03366739,0.093586706,0.0037015975,0.26324388,0.01737572,0.12974708,-0.03645741,0.18160918,0.013942447,-0.020565143,0.017257513,0.12583123,-0.09916911,0.14024277,0.0071833963,0.043975834,-0.0009602012,0.17643183,-0.11591975,0.069800586,-0.0076417597,0.16635759,-0.020644788,0.18594715,-0.098399855,0.015394243,-0.020080255,0.4842368,-0.021992095,0.20424023,-0.102647275,0.0049181757
180,0.010877718,0.44968456,0.0034871222,0.19205292,-0.031707168,0.0948443,0.0032220206,0.26642066,0.01640941,0.12701567,-0.03507611,0.1824397,0.01305379,-0.021922994,0.016283752,0.122557856,-0.10032291,0.1397959,0.005839311,0.043058395,-0.0024489847,0.17604806,-0.119347,0.067310065,-0.00961917,0.16680177,-0.023209957,0.18700948,-0.10264985,0.010429799,-0.022899847,0.4854806,-0.027007274,0.20593193,-0.107648976,-0.0043267924
181,0.00347687,0.452378,-0.001565592,0.19164155,-0.029103756,0.08908348,-0.0017240655,0.2657114,0.013422185,0.12431655,-0.03321232,0.18183069,0.010121806,-0.027428998,0.013435052,0.11903344,-0.10045432,0.13904588,0.0026763682,0.04411255,-0.0060064476,0.17439228,-0.12131492,0.06480341,-0.013630636,0.16890648,-0.028144144,0.18619028,-0.10547226,0.0074395984,-0.028134443,0.4888087,-0.036379937,0.20505702,-0.11077912,-0.0076708733
182,0.010996275,0.45312506,0.0016831206,0.19164298,-0.033269476,0.09438698,0.0010926425,0.27167302,0.013694652,0.12610106,-0.03673392,0.18069063,0.010047379,-0.025743658,0.013072228,0.12676767,-0.10466606,0.13597684,0.0023708073,0.04367834,-0.006286372,0.183977,-0.12022819,0.063766465,-0.012777171,0.16862537,-0.027148152,0.19520651,-0.09930778,0.009073497,-0.025720488,0.485944,-0.03253733,0.21666972,-0.10500254,-0.0033994166
183,0.007663102,0.45807195,-0.00079556485,0.19222699,-0.034600094,0.091068834,-0.0016968797,0.27302414,0.012962723,0.12995148,-0.037572864,0.18290406,0.009277943,-0.029932067,0.0123830885,0.12732881,-0.10110526,0.14076336,0.002119843,0.04608915,-0.0067757135,0.18030415,-0.11709447,0.06841381,-0.01323922,0.17144832,-0.027570693,0.19078691,-0.09792534,0.015187776,-0.026419971,0.49102682,-0.033485875,0.21118091,-0.10353907,0.008335121
184,0.010620001,0.456421,0.00082260655,0.19253342,-0.03241119,0.09487359,0.00032739545,0.2733837,0.013617034,0.12651974,-0.03590722,0.1852026,0.010082779,-0.027506039,0.013163488,0.12519394,-0.10467329,0.14040796,0.0023724653,0.046099726,-0.006386541,0.18364438,-0.12188513,0.066829756,-0.013122712,0.17100477,-0.027218327,0.19579388,-0.101833574,0.0130561,-0.02591732,0.48976225,-0.03188711,0.21784034,-0.10914195,0.006115844
185,0.0071531124,0.4527432,0.0006378339,0.19184212,-0.035348542,0.093610644,-0.00030395362,0.26450515,0.013262963,0.13173336,-0.038046613,0.18202858,0.009583226,-0.025558203,0.012745643,0.1260249,-0.10003058,0.1404617,0.0025302113,0.04688003,-0.006175062,0.17821461,-0.118604995,0.067229204,-0.013052657,0.1727454,-0.027134046,0.18955414,-0.101841435,0.010712719,-0.02644992,0.4948608,-0.03284242,0.209961,-0.10895772,-0.003581737
186,0.009587746,0.44863176,0.00336727,0.191464,-0.039975855,0.09681459,0.0018921641,0.2600454,0.01386738,0.13772202,-0.04156973,0.17850496,0.009915343,-0.02170519,0.013006844,0.13036938,-0.09736328,0.13897409,0.0033739759,0.047183778,-0.00519593,0.17725377,-0.114722356,0.06688644,-0.011692519,0.1743214,-0.025355006,0.18739794,-0.0986014,0.009204382,-0.024629036,0.4985164,-0.02940846,0.20727225,-0.105096266,-0.009725561
187,0.008322355,0.44788617,0.003563111,0.1921863,-0.040001914,0.0973714,0.0021089676,0.25565496,0.014326227,0.13958931,-0.041320056,0.1795168,0.010472635,-0.020398345,0.013595249,0.12936908,-0.09514094,0.14106035,0.0041802665,0.048699394,-0.0042980243,0.17416985,-0.11370987,0.068899,-0.010964702,0.17558938,-0.023997355,0.18410881,-0.09936069,0.011946535,-0.023636349,0.50155115,-0.026501603,0.20314246,-0.10637712,-0.0034019083
188,0.009969338,0.44860348,0.0039637587,0.19203085,-0.038649473,0.099211626,0.0027222845,0.25806832,0.014489406,0.13611229,-0.040563058,0.18172348,0.010658537,-0.020447828,0.013759198,0.12890312,-0.098704584,0.1410557,0.003907211,0.049387135,-0.004598987,0.17824745,-0.116742074,0.06829431,-0.011239737,0.17587842,-0.024059318,0.18906097,-0.100293875,0.013181045,-0.02328144,0.5007231,-0.025226953,0.20954789,-0.10762725,0.0030961663
189,0.006710845,0.4555895,-0.0004286613,0.19209267,-0.0354775,0.09598385,-0.0014392794,0.26665503,0.01189826,0.1318674,-0.038422436,0.18424644,0.008142675,-0.028582098,0.011177554,0.12658711,-0.10077512,0.14184149,0.0008777227,0.049805395,-0.008305667,0.17987213,-0.11890226,0.06686258,-0.015084618,0.17831777,-0.029189285,0.19142842,-0.10105749,0.012188728,-0.028216159,0.5031794,-0.034915134,0.21264245,-0.10831396,0.0042464663
190,0.0076333284,0.45916831,-0.0017978624,0.1922061,-0.032202784,0.09700407,-0.002404716,0.2742282,0.0107172355,0.12630595,-0.036173712,0.1868551,0.00706912,-0.032450713,0.009983629,0.12463292,-0.10523285,0.14108056,-0.000982124,0.04940196,-0.010545455,0.18452984,-0.1231362,0.06419134,-0.017402995,0.17917204,-0.032318953,0.19742489,-0.10284322,0.009665994,-0.030892061,0.5027,-0.04012422,0.22042397,-0.111009955,0.003009074
191,0.0042126905,0.4592327,-0.003536087,0.19204487,-0.031339023,0.09558375,-0.0041109733,0.27222717,0.009669013,0.12641397,-0.03555023,0.1861365,0.006059897,-0.034325913,0.009000598,0.122933805,-0.103603035,0.14101715,-0.0019221454,0.049891774,-0.011713953,0.18172692,-0.12276095,0.06304651,-0.018834192,0.1812334,-0.03416927,0.19463274,-0.103678435,0.007087159,-0.033087775,0.5067113,-0.044236284,0.2168828,-0.11114903,-0.0029727914
192,0.01103992,0.45824727,0.00087797723,0.19218259,-0.033670273,0.10196268,0.00019764213,0.27386343,0.012058564,0.12887803,-0.03728293,0.18789251,0.008386652,-0.030100387,0.01113902,0.12569652,-0.103756234,0.142363,0.0004372357,0.049588263,-0.009058542,0.18343997,-0.121916026,0.06508357,-0.015867973,0.18090501,-0.030264772,0.1960961,-0.102330714,0.009452784,-0.028938964,0.50655025,-0.036020063,0.21879394,-0.11008141,0.0008465132
193,0.013698041,0.45682183,0.004255112,0.1920095,-0.036386624,0.10511231,0.0033544935,0.268629,0.015090667,0.13463637,-0.039033663,0.1905165,0.011443141,-0.025170887,0.014281301,0.12548742,-0.098855875,0.14796165,0.004191662,0.051208213,-0.0048737563,0.17713577,-0.11972292,0.070655316,-0.012039135,0.18216074,-0.02485631,0.18934035,-0.10417633,0.014284454,-0.024385732,0.51145303,-0.025980761,0.21020222,-0.111316115,0.007712627
194,0.015649388,0.45624146,0.0057190224,0.19208409,-0.03744605,0.108114034,0.0047430573,0.26886606,0.015696222,0.13692047,-0.039744224,0.19111033,0.012039239,-0.02399611,0.014795632,0.12572879,-0.09713072,0.14927426,0.004930045,0.050918173,-0.0041207075,0.1752056,-0.11871382,0.07161093,-0.011358601,0.18312152,-0.024146821,0.18718623,-0.1043203,0.013400576,-0.02391233,0.51430255,-0.025245495,0.20747365,-0.111173265,0.0025104962
195,0.016251685,0.46168116,0.003844938,0.1919632,-0.035717107,0.10788899,0.0030194274,0.2784154,0.014621512,0.13446598,-0.03861723,0.1939774,0.011015248,-0.029189365,0.013679131,0.12387191,-0.0983063,0.15107799,0.0035305338,0.050963245,-0.0059407875,0.17578307,-0.12063362,0.07157511,-0.013379434,0.18472737,-0.026968086,0.18849723,-0.10584228,0.012880449,-0.026718995,0.5163042,-0.030917995,0.20926778,-0.11257089,0.0021564548
196,0.014755319,0.46415183,0.0022962522,0.19134097,-0.036394518,0.10634283,0.001281661,0.28071606,0.01353344,0.13575882,-0.039323222,0.19371007,0.009835737,-0.03190889,0.012489887,0.12424298,-0.097134724,0.15165514,0.0024693755,0.051436946,-0.0072441977,0.17457223,-0.11975514,0.07157404,-0.014712736,0.18630482,-0.02881209,0.18712611,-0.10569734,0.011826344,-0.028687093,0.5190831,-0.03497543,0.20754784,-0.11225791,-0.0017763866
197,0.016404184,0.46535447,0.0020448116,0.19136362,-0.035096586,0.1066567,0.001203829,0.28525978,0.013111773,0.13220342,-0.038505983,0.19482872,0.009423648,-0.032881644,0.012026928,0.124375656,-0.1009376,0.1506181,0.0015769904,0.05122844,-0.008211251,0.17946967,-0.12209243,0.07064291,-0.015464534,0.18577346,-0.029928388,0.192634,-0.10510831,0.01186218,-0.029180756,0.51675147,-0.036490604,0.21467642,-0.11199205,-0.0011742549
198,0.014084624,0.4601695,0.0034513632,0.19028173,-0.037424684,0.106384955,0.0023291386,0.27296302,0.014013674,0.13612244,-0.040314622,0.19197038,0.010228698,-0.02710082,0.012914606,0.12476904,-0.09789865,0.14973184,0.0028548187,0.05106158,-0.0065400936,0.17566074,-0.1208888,0.070099175,-0.014038624,0.18553367,-0.027801134,0.18867776,-0.106878676,0.008738002,-0.027622709,0.51864886,-0.032539964,0.20967165,-0.11409858,-0.009330373
199,0.011588982,0.45979923,0.002563175,0.18972775,-0.03777021,0.10417175,0.0013351153,0.268898,0.014140165,0.1352487,-0.04089033,0.1931108,0.0102706505,-0.026404845,0.013142449,0.126387,-0.09937832,0.15088744,0.0030234128,0.05199256,-0.006250634,0.17824382,-0.12055959,0.07285827,-0.013434228,0.18451346,-0.02711259,0.19094902,-0.10466447,0.0137582,-0.0265148,0.51630396,-0.030964263,0.21258946,-0.11145117,0.0005755669
200,0.012497489,0.45718542,0.0038219607,0.18949671,-0.037864897,0.10628223,0.0026407407,0.26629636,0.014771442,0.13345478,-0.041199557,0.19356403,0.010847473,-0.024351455,0.013745241,0.12813109,-0.10217974,0.15000722,0.0034343973,0.05197366,-0.005739096,0.18255536,-0.12119177,0.073072836,-0.01254127,0.18388106,-0.026133593,0.19518825,-0.102512285,0.015368027,-0.024918383,0.5143293,-0.028464181,0.21799621,-0.108984634,0.0040390487
201,0.009534427,0.46029776,0.0012317343,0.19032787,-0.036166087,0.105001025,0.00017536872,0.26924795,0.013178671,0.13256863,-0.03985284,0.19442594,0.009344854,-0.02882666,0.012192878,0.12708515,-0.1019575,0.15048262,0.0018051085,0.052008424,-0.00782284,0.18225811,-0.12082328,0.072615534,-0.014626763,0.18578993,-0.029242449,0.19481365,-0.1015747,0.014394009,-0.027972719,0.5171038,-0.035117436,0.21753554,-0.107743695,0.0015379582
202,0.005892153,0.4618518,-0.001557312,0.19140467,-0.0317519,0.103577025,-0.0021077208,0.27059716,0.011629155,0.12805761,-0.0363937,0.1955012,0.008052649,-0.03227479,0.010901371,0.12296941,-0.10355191,0.14970319,1.7527665e-05,0.0517707,-0.009972641,0.18255906,-0.12352242,0.07016906,-0.017118467,0.18690819,-0.03266359,0.19604488,-0.10339596,0.011416738,-0.031414248,0.518369,-0.042030495,0.21919489,-0.10943419,-0.0026601916
203,0.0041371863,0.46132603,-0.0027846217,0.19190139,-0.030097898,0.10383358,-0.003153553,0.27074546,0.010289612,0.12643169,-0.0350801,0.19431697,0.0067878854,-0.03430151,0.009558133,0.121630535,-0.10413359,0.14754707,-0.0015126832,0.05170824,-0.011790652,0.18285812,-0.12420143,0.06709126,-0.019007169,0.18841775,-0.035136025,0.1965793,-0.10347304,0.007974609,-0.03382552,0.52045685,-0.046721693,0.21991746,-0.10942765,-0.008068172
204,0.007362175,0.45998785,-0.0006394098,0.19264723,-0.030146403,0.10818123,-0.0008937159,0.27122486,0.010983983,0.12720206,-0.03490206,0.19458553,0.0075446214,-0.03239186,0.010128499,0.121587574,-0.10402605,0.14701882,-0.000918649,0.051498186,-0.011113228,0.18294543,-0.12433268,0.06613334,-0.018333634,0.18894441,-0.033929717,0.19675213,-0.10366514,0.0072025754,-0.032616265,0.52172595,-0.04352977,0.22017711,-0.10993848,-0.007769596
205,0.0068618287,0.46041074,-0.00012065066,0.19330466,-0.02921333,0.109216586,-0.00020419902,0.26844573,0.0121251,0.12864542,-0.03372172,0.19733417,0.008889363,-0.030967891,0.0115488265,0.11766397,-0.10131265,0.15074138,0.0005704153,0.05241007,-0.009441944,0.1776142,-0.12575647,0.06802025,-0.01741988,0.18963164,-0.03204629,0.19215423,-0.10887581,0.008551708,-0.03164062,0.52486336,-0.039507356,0.21432829,-0.11568535,-0.001925383
206,0.0085501885,0.45895875,0.0015547775,0.19342113,-0.030268457,0.11194157,0.001405736,0.26691636,0.012931285,0.13022631,-0.03444966,0.19781537,0.009669445,-0.029129168,0.012324349,0.1184362,-0.10086619,0.15147573,0.0014661269,0.05331258,-0.008422961,0.17748201,-0.12553842,0.06868693,-0.016380208,0.19043764,-0.030313933,0.19200602,-0.10916879,0.009881408,-0.02994384,0.5265079,-0.03533555,0.21417192,-0.11630797,0.0022924442
207,0.009019202,0.45602438,0.0037521545,0.1930535,-0.033099975,0.114238046,0.0033001085,0.2602561,0.014237299,0.13494208,-0.03649134,0.19722047,0.010875031,-0.025481677,0.013586051,0.12021233,-0.09800304,0.15268153,0.0031864876,0.054225683,-0.0064552613,0.17485563,-0.12334374,0.07028053,-0.014412218,0.19135404,-0.027480556,0.18881567,-0.108936004,0.010824316,-0.027446415,0.5293608,-0.02980035,0.21006793,-0.115819484,0.002606886
208,0.009697056,0.45732036,0.0035019252,0.19249491,-0.033772506,0.1145599,0.0029305255,0.26316455,0.013806626,0.13534428,-0.037186198,0.19746871,0.0103555545,-0.026985535,0.0130338045,0.120871864,-0.098160595,0.1529875,0.0026474323,0.054788075,-0.00715867,0.17532234,-0.123438045,0.07004039,-0.015082126,0.192588,-0.028339464,0.18937048,-0.10907257,0.010396312,-0.028249415,0.5310498,-0.031353366,0.21082042,-0.11607387,0.0020162428
209,0.00975255,0.4544256,0.0041713654,0.19224419,-0.03411065,0.11618725,0.0035810112,0.2608047,0.013451938,0.13491873,-0.03761207,0.19561394,0.009928317,-0.025758114,0.012553289,0.121797025,-0.099107265,0.15058836,0.0021103942,0.054382104,-0.0077097486,0.17688386,-0.12356405,0.06786936,-0.015483343,0.19281094,-0.028973842,0.19089991,-0.10834339,0.0074909865,-0.028652534,0.5312106,-0.032447442,0.21280012,-0.115397505,-0.004725148
210,0.008633255,0.4547373,0.0033651318,0.19228588,-0.03368131,0.11528309,0.0027958301,0.26038688,0.013103327,0.1340618,-0.0374083,0.19620481,0.009574453,-0.026507702,0.012259105,0.12183298,-0.09976006,0.15102442,0.001739762,0.055060953,-0.0081392545,0.17770351,-0.123807535,0.06848801,-0.015857285,0.1931517,-0.02946693,0.19174859,-0.108000554,0.008917105,-0.029019704,0.5313852,-0.03331265,0.21390016,-0.11504563,-0.0013669771
211,0.0052404,0.4555954,0.0013149453,0.19261757,-0.033097208,0.1127399,0.00073021604,0.25869325,0.011975506,0.1347079,-0.03687756,0.19588427,0.008484955,-0.028450247,0.011268342,0.12066523,-0.09836838,0.15156454,0.0008060429,0.056355566,-0.009253335,0.17552488,-0.123446345,0.06847597,-0.017175013,0.1947887,-0.031057,0.18952692,-0.10874953,0.008755492,-0.03090021,0.5343362,-0.036846064,0.21104729,-0.115597986,-0.0017318781
212,0.0062132073,0.45639902,0.0007256907,0.19294596,-0.031773373,0.11315949,0.00030683016,0.2629819,0.011194393,0.1310015,-0.036114022,0.19629616,0.007692046,-0.030364718,0.01039648,0.12153795,-0.10238551,0.14971672,-0.00046948978,0.056655847,-0.010751445,0.18106599,-0.12517013,0.06678226,-0.018290604,0.19514163,-0.032592177,0.19545789,-0.10717413,0.009212112,-0.0316479,0.53282565,-0.038716502,0.2187469,-0.115018874,0.0027144682
213,0.00618828,0.457271,0.0002798339,0.19300143,-0.031854387,0.11326209,-0.00017275463,0.2646643,0.0106884595,0.13050313,-0.036316294,0.19627686,0.0071353754,-0.031816594,0.009810277,0.12266862,-0.10345986,0.1492134,-0.0011089784,0.057181798,-0.011575448,0.18309957,-0.124941856,0.06638961,-0.018864485,0.19610327,-0.033426207,0.19735755,-0.10554874,0.009905218,-0.032126818,0.5334874,-0.040029157,0.22121611,-0.113429874,0.0051206583
214,0.003646145,0.45499885,0.00046306633,0.19263239,-0.034374926,0.11310537,-0.00034968063,0.2575469,0.010494169,0.1352929,-0.03819982,0.19381565,0.006812892,-0.030427467,0.009559497,0.124503165,-0.09987832,0.14913695,-0.0008356272,0.057961214,-0.011284327,0.1797101,-0.121416114,0.06700681,-0.018489357,0.197687,-0.03298611,0.1928974,-0.10353912,0.00943906,-0.031984102,0.53736347,-0.040095475,0.21543582,-0.1099967,-5.970511e-05
215,0.005598423,0.45118937,0.0029585497,0.19274357,-0.03549096,0.11707963,0.0021144957,0.2537551,0.011393006,0.13616197,-0.039083544,0.19271226,0.0076561966,-0.026884262,0.010313102,0.12637772,-0.10039985,0.14751785,-1.3881508e-06,0.057538353,-0.0102531845,0.18136081,-0.12072681,0.06618555,-0.01718525,0.19753136,-0.031272374,0.19426227,-0.10188842,0.008524888,-0.03000001,0.5372298,-0.036224276,0.2171986,-0.10832689,-0.002891837
216,0.0036965809,0.45087242,0.0026252987,0.19260322,-0.037108943,0.11618609,0.0015286511,0.24980935,0.011112836,0.1389019,-0.04021143,0.19179268,0.0072899447,-0.026387509,0.010023478,0.1274235,-0.098835595,0.14789562,-4.5832407e-05,0.05858857,-0.010280079,0.18002106,-0.11946052,0.06680787,-0.017193442,0.19851868,-0.031107726,0.1925987,-0.10159725,0.009219599,-0.029979711,0.5392756,-0.035938684,0.21505846,-0.10786807,-0.0019371269
217,0.005645915,0.448047,0.0043759868,0.192844,-0.03748667,0.11932728,0.0033188344,0.24902919,0.011579867,0.13902,-0.040553812,0.19097501,0.007734055,-0.024367353,0.010399945,0.12850288,-0.099542305,0.14649105,0.00032652038,0.058481183,-0.009800539,0.18150064,-0.11936544,0.06571713,-0.016541263,0.19869867,-0.030125828,0.19400305,-0.100688875,0.008257195,-0.028783347,0.5394699,-0.033364777,0.21687736,-0.10700309,-0.0037684394
218,-0.0012070276,0.44909635,-0.00022625958,0.19288507,-0.035558883,0.11349008,-0.0012411037,0.2464775,0.008616461,0.13658324,-0.03948504,0.18876398,0.0047398806,-0.029078262,0.0075517884,0.1278762,-0.10024848,0.1443061,-0.0027107438,0.060596924,-0.013370694,0.182189,-0.11902725,0.063283265,-0.020019403,0.20145668,-0.034568425,0.19447598,-0.098938935,0.007894703,-0.03298433,0.54262906,-0.042091258,0.21748853,-0.10437033,-0.0015071629
219,0.0045501348,0.44684747,0.0040962826,0.1936341,-0.03909525,0.119643666,0.0028048076,0.24590993,0.010476857,0.14118083,-0.0420233,0.18841885,0.0064461064,-0.023673246,0.00904005,0.1323467,-0.10001448,0.14392632,-0.00086944125,0.060733244,-0.011069308,0.18464002,-0.11692253,0.06434097,-0.017184677,0.20167668,-0.030400643,0.19639654,-0.09592224,0.00973431,-0.028383471,0.54352367,-0.03201901,0.22012042,-0.10233035,0.001355992
220,0.007732401,0.4521711,0.004835371,0.19623362,-0.0430592,0.120953016,0.00306218,0.2507371,0.0107057225,0.15020941,-0.04435013,0.18916245,0.006611654,-0.024301864,0.008891131,0.13795087,-0.096038885,0.14648104,-0.0001309745,0.06149395,-0.0104681505,0.18426292,-0.1104542,0.068048276,-0.015746506,0.20443888,-0.028740821,0.19432087,-0.08915212,0.014207274,-0.026293335,0.5486497,-0.028352948,0.21753311,-0.096556254,0.006789199
221,0.009000059,0.45960113,0.001807084,0.19915925,-0.04073858,0.11943485,0.00028651927,0.2636994,0.008211833,0.14913407,-0.042024296,0.19053343,0.004331468,-0.030012589,0.0061753755,0.13699906,-0.09724582,0.14530253,-0.0031156938,0.059775364,-0.014155956,0.18668488,-0.11109054,0.06455017,-0.01931675,0.20614295,-0.03422231,0.19729082,-0.087855995,0.007722855,-0.031375933,0.5508232,-0.039879546,0.22163518,-0.09664597,-0.009514642
222,-0.0029276023,0.46181718,-0.004539074,0.20401406,-0.02400052,0.114988886,-0.003793396,0.2536772,0.007401293,0.1326756,-0.02759428,0.20078881,0.005022238,-0.029410059,0.007285161,0.111779794,-0.099313326,0.15107138,-0.0039060232,0.06010118,-0.0146511365,0.175813,-0.12787586,0.06303066,-0.023224225,0.20457773,-0.037667412,0.19161683,-0.11172268,0.0032322148,-0.03743716,0.55255365,-0.04618114,0.21441373,-0.12367423,-0.005556845
223,-0.005471,0.45801523,-0.00464779,0.20466721,-0.023981346,0.1142136,-0.0039128046,0.24320038,0.007038469,0.1294412,-0.028040374,0.20084976,0.0046163388,-0.023703331,0.007097718,0.11495609,-0.10316948,0.15034221,-0.004257614,0.060317896,-0.014360394,0.18198442,-0.12738506,0.06720929,-0.022094581,0.20008835,-0.035981786,0.19751924,-0.10755315,0.012806084,-0.034626503,0.5446478,-0.040193368,0.22226033,-0.122326605,0.018959375
224,-0.005776774,0.44987532,-0.0019816973,0.20244779,-0.03161201,0.11750669,-0.0023151943,0.2307777,0.0062268623,0.13647917,-0.034973998,0.19448553,0.0031149276,-0.015712982,0.005539572,0.12606612,-0.10135543,0.1464756,-0.0049398416,0.056989487,-0.014465231,0.18544108,-0.1187563,0.06990053,-0.020701872,0.19515374,-0.03568286,0.19834745,-0.0956858,0.012778108,-0.033256315,0.53773975,-0.041992214,0.22340152,-0.10810713,-0.001083611
225,-0.00037273404,0.44404462,0.0021565396,0.20113207,-0.03449196,0.12431743,0.0015743192,0.2296109,0.007096144,0.13688198,-0.037822552,0.19312696,0.003700591,-0.009109295,0.0060097524,0.1308146,-0.10395435,0.14412996,-0.004448249,0.053896602,-0.013442071,0.19070932,-0.11844178,0.0699786,-0.0190562,0.19096401,-0.034136154,0.20355093,-0.09289601,0.010683483,-0.03097028,0.5310534,-0.03900183,0.23021199,-0.10599947,-0.0131683275
226,-0.007870159,0.4446284,-0.0005063811,0.20270412,-0.029669128,0.12275405,-0.00047619487,0.21859273,0.0068271914,0.13415204,-0.03330415,0.19786389,0.0039322125,-0.00826862,0.00631822,0.12202038,-0.10134734,0.1488323,-0.0044330833,0.05552504,-0.013201559,0.18283032,-0.12130052,0.07347743,-0.020060156,0.1902453,-0.034686577,0.19677128,-0.1004278,0.014406759,-0.0328384,0.5321694,-0.040469836,0.22187915,-0.11475333,-0.0041142367
227,-0.008453827,0.4474409,-0.0017148765,0.20298676,-0.026418675,0.122861624,-0.0012529022,0.22119334,0.006868702,0.12980765,-0.031056877,0.2020849,0.0041722036,-0.009672636,0.0065603135,0.118823424,-0.1029578,0.15161838,-0.004581089,0.05610978,-0.01336431,0.18287763,-0.12385818,0.075522065,-0.020551834,0.1898388,-0.03500301,0.19757931,-0.10282715,0.018117312,-0.033253677,0.5312286,-0.040397253,0.2229797,-0.11784841,0.0063074995
228,-0.0091773365,0.45081684,-0.0037697786,0.20323424,-0.026338013,0.12139321,-0.0033982852,0.22656554,0.004944687,0.13017449,-0.03111952,0.20129034,0.0021865352,-0.01330683,0.00446304,0.11969677,-0.10262469,0.15082598,-0.0066297473,0.055607446,-0.015800314,0.18326911,-0.12247908,0.074383095,-0.022781763,0.19106586,-0.03822965,0.19753914,-0.10066565,0.016221086,-0.036270086,0.5330663,-0.046993464,0.2228889,-0.115546085,0.0007673419
229,-0.006950309,0.45241416,-0.0047824257,0.20261697,-0.024984067,0.12141344,-0.004266189,0.23526785,0.0034737447,0.12538493,-0.030850096,0.20083958,0.00061105506,-0.016222378,0.0027617777,0.120968245,-0.10738478,0.14792949,-0.008811039,0.054849554,-0.01832533,0.1894811,-0.12493903,0.0708676,-0.02495224,0.19158642,-0.041308187,0.2043792,-0.099524476,0.012771255,-0.038511403,0.5318487,-0.052014627,0.2315363,-0.1154106,-0.0047394745
230,-0.0016083244,0.45393813,-0.002586246,0.20240143,-0.027408637,0.12497436,-0.0023267253,0.24197662,0.004097539,0.12799788,-0.0325216,0.2016086,0.0011163941,-0.015215116,0.003131571,0.122626916,-0.10735135,0.14871909,-0.008306571,0.05385693,-0.017739533,0.19041495,-0.1253526,0.07082318,-0.024314998,0.19156821,-0.040387932,0.2056734,-0.10053029,0.011007822,-0.037554152,0.53229815,-0.049548957,0.23324499,-0.11735658,-0.008490266
231,0.0009781735,0.45583656,-0.00066267385,0.20337355,-0.02727897,0.1286154,-0.0002723892,0.24343455,0.006030359,0.13051812,-0.031541236,0.20606513,0.0032766843,-0.013404589,0.005293231,0.11865582,-0.10441157,0.15395631,-0.0060446896,0.05386316,-0.01520028,0.18489945,-0.12687616,0.07405996,-0.02260338,0.19146925,-0.03756768,0.20093511,-0.106289454,0.012895405,-0.035754487,0.5346332,-0.043833528,0.22738189,-0.123635806,-0.0028753113
232,-0.0002079925,0.46396524,-0.0033532276,0.20406835,-0.029775199,0.12490632,-0.0034703976,0.25044513,0.005215244,0.1372555,-0.033362266,0.20834549,0.0023402728,-0.019438118,0.0043672128,0.12196043,-0.09935963,0.15926668,-0.0061919214,0.055857483,-0.015744297,0.18135388,-0.12034384,0.08024166,-0.022686018,0.19405574,-0.03793003,0.19539402,-0.100738704,0.021209853,-0.036196753,0.5390843,-0.045527205,0.2202958,-0.11631928,0.010896158
233,-0.0015071849,0.45961457,-0.0015767943,0.2028054,-0.03071088,0.1268135,-0.0017661413,0.24000975,0.006449122,0.13813172,-0.03432413,0.2085894,0.0035238862,-0.013666627,0.005656399,0.122367956,-0.099660516,0.15966119,-0.0048899297,0.05573962,-0.013990123,0.18196146,-0.121173926,0.081616804,-0.020976072,0.19295181,-0.036016416,0.19648932,-0.101629116,0.020368628,-0.034294132,0.53876096,-0.04263787,0.22194864,-0.11752234,0.0031195604
234,-0.0033070492,0.45897868,-0.003467583,0.20221731,-0.02626371,0.12560248,-0.00308994,0.24058223,0.005419047,0.13042319,-0.031254083,0.21018735,0.0026908808,-0.014520102,0.004849602,0.11734633,-0.104582585,0.15816812,-0.006626754,0.056125477,-0.01585127,0.18504533,-0.12826274,0.078051366,-0.023456162,0.19335818,-0.039211966,0.20206574,-0.10750116,0.015203287,-0.037422217,0.53850603,-0.048644815,0.2293906,-0.124990635,-0.006158295
235,-0.0014125211,0.45820996,-0.0026101032,0.2016034,-0.027110906,0.1273173,-0.0023236966,0.2422315,0.0051838905,0.13049538,-0.03199279,0.20963229,0.0023695037,-0.01359347,0.0044636666,0.118079185,-0.10607404,0.15688662,-0.0071351896,0.05613818,-0.016343312,0.18737599,-0.12999123,0.07604125,-0.02391536,0.19395438,-0.03964031,0.2052336,-0.10873533,0.012259262,-0.03762117,0.53906965,-0.048605338,0.23361236,-0.1273543,-0.010667418
236,-0.003348222,0.45920256,-0.0039621866,0.20082496,-0.029536959,0.12469603,-0.004119363,0.24108276,0.0039226473,0.1332779,-0.03404571,0.20811397,0.0008779126,-0.014198923,0.0030032683,0.12098785,-0.10579589,0.1562735,-0.00838684,0.057914663,-0.017640715,0.18885858,-0.12886521,0.07604141,-0.024890112,0.19498675,-0.040633917,0.2066414,-0.107326604,0.013234975,-0.038314044,0.5398888,-0.04982842,0.23555294,-0.12643085,-0.007527029
237,-0.007127893,0.46239674,-0.0058116456,0.20107907,-0.02960693,0.12201703,-0.0060702013,0.23761302,0.0038569914,0.13597295,-0.03366465,0.21102756,0.0009107938,-0.015001183,0.0031659987,0.11847537,-0.102848284,0.1606594,-0.008063807,0.060144052,-0.017265998,0.18430074,-0.12920408,0.07942551,-0.025104221,0.19590625,-0.040384863,0.20260079,-0.11112939,0.016839791,-0.03885573,0.542371,-0.04948073,0.23064016,-0.13063195,0.001651334
238,-0.00590803,0.46047905,-0.004496332,0.20095317,-0.03089901,0.124343984,-0.0048826463,0.23615713,0.003995672,0.13745777,-0.034646917,0.2103147,0.0009667969,-0.013030326,0.0031763695,0.11999059,-0.102920234,0.16002895,-0.007948815,0.05998408,-0.017047642,0.18534362,-0.12873057,0.07913837,-0.02469516,0.19602282,-0.039863892,0.20355469,-0.110287875,0.016144678,-0.03814455,0.54275703,-0.048115235,0.23188552,-0.13021486,-0.00036131067
239,-0.0045571504,0.45690116,-0.0021639317,0.20094764,-0.033899236,0.12763211,-0.0028809742,0.23209456,0.004483601,0.14184901,-0.036976613,0.20791283,0.001271165,-0.009725121,0.0034266305,0.12378417,-0.10117788,0.1588212,-0.0072396183,0.059371114,-0.01615868,0.18552946,-0.12529537,0.079237536,-0.023329537,0.196234,-0.0382445,0.202643,-0.10649976,0.015564416,-0.03631132,0.5440081,-0.044996988,0.23068547,-0.1256841,-0.0046822233
240,-0.0037406937,0.4559418,-0.0016783583,0.20072396,-0.03493562,0.12843919,-0.0025291303,0.23248187,0.0042063463,0.14227773,-0.038019832,0.2066645,0.0008642227,-0.009306438,0.002976465,0.12622058,-0.10208722,0.15739627,-0.0076344428,0.059537183,-0.01658766,0.1879885,-0.12433506,0.07849576,-0.023344157,0.19679703,-0.038277283,0.20469545,-0.10383532,0.015547892,-0.03586655,0.54428905,-0.044461865,0.23323627,-0.12288231,-0.0048924414
241,-0.0049627987,0.45804986,-0.0014604714,0.20053546,-0.038586214,0.1277478,-0.002848978,0.22878139,0.0046168193,0.1495127,-0.04009835,0.20727035,0.0011820763,-0.008377401,0.0033381393,0.12681887,-0.09749264,0.16075078,-0.0066777305,0.06108249,-0.015484211,0.18316527,-0.122295134,0.08141029,-0.022520054,0.19803692,-0.03674739,0.1997189,-0.10590503,0.017368125,-0.03507044,0.5478919,-0.04152655,0.22713208,-0.12542436,-0.0013207482
242,-0.0022134632,0.45710453,9.47674e-05,0.19997545,-0.039154615,0.13006711,-0.0013103639,0.230573,0.005408931,0.14865732,-0.040704567,0.20816717,0.0019028937,-0.006995393,0.00405287,0.12765191,-0.099396095,0.16083404,-0.0061176275,0.06091488,-0.014812139,0.18579555,-0.123739764,0.081361435,-0.02173691,0.19772299,-0.03565309,0.20283695,-0.10617897,0.017704204,-0.033656705,0.5468306,-0.03851292,0.23112074,-0.12619257,0.0011472544
243,-0.004897578,0.45580325,-0.0005287872,0.20050862,-0.040045083,0.12981735,-0.002087568,0.2266141,0.0042866124,0.15197212,-0.0412293,0.20525862,0.0007519853,-0.007100588,0.0028679052,0.12871167,-0.096682504,0.15931483,-0.006934983,0.061186407,-0.01578531,0.18360777,-0.12069772,0.08008301,-0.022567673,0.19951174,-0.036802173,0.19974634,-0.10389973,0.01539509,-0.0349357,0.5506287,-0.04123839,0.22719035,-0.123198375,-0.005775558
244,-0.00082423247,0.45232585,0.002024861,0.20022433,-0.040534932,0.13440518,0.00051745755,0.22948362,0.004813729,0.15069145,-0.042065047,0.20384966,0.0011541244,-0.00519572,0.0032151574,0.13148305,-0.09921828,0.1567836,-0.0067015104,0.06026499,-0.015492347,0.18810964,-0.1204977,0.078173,-0.021737639,0.19942938,-0.035715986,0.20394875,-0.10053448,0.014640028,-0.033091158,0.5496117,-0.03783531,0.23241778,-0.11960489,-0.005826083
245,-0.008035895,0.45538306,-0.0026566195,0.20142752,-0.03828926,0.12860015,-0.0040420257,0.22606738,0.0022302147,0.15067388,-0.03992499,0.20290883,-0.0012247826,-0.009881847,0.0007970895,0.12821957,-0.09688225,0.15650965,-0.009095762,0.06265724,-0.0183882,0.1840658,-0.11977938,0.07684645,-0.02501199,0.20272307,-0.039678402,0.1997391,-0.10150286,0.013713358,-0.03753103,0.55513126,-0.046066396,0.22716646,-0.12047933,-0.006855447
246,-0.0019119962,0.45503235,0.00026570386,0.20114754,-0.041222017,0.13273922,-0.001415157,0.23212431,0.0031262226,0.15250684,-0.04267788,0.20215532,-0.00062522065,-0.00800051,0.0012687459,0.13459209,-0.0988046,0.15532652,-0.008407556,0.061628066,-0.017549446,0.189978,-0.11702118,0.07764509,-0.023121314,0.20189792,-0.037392728,0.20463544,-0.094819546,0.016787441,-0.034106962,0.552557,-0.040157452,0.23333298,-0.114028424,-0.0007671056
247,-0.0055618933,0.45891255,-0.0025394685,0.20242025,-0.040133115,0.12934911,-0.004173401,0.23200803,0.001905403,0.15379459,-0.04136426,0.20296597,-0.001672847,-0.011310115,0.0001939916,0.13260108,-0.096510775,0.15695353,-0.009341201,0.062893555,-0.018803883,0.18675686,-0.11605011,0.07841137,-0.024605244,0.20396188,-0.039239123,0.20125985,-0.09534314,0.017747229,-0.03629774,0.556264,-0.044147916,0.22919367,-0.11453202,0.0014553934
248,-0.0045254794,0.45849162,-0.0022381796,0.20268565,-0.03768877,0.13068001,-0.0034833986,0.23353505,0.002238813,0.14915116,-0.039643653,0.20439234,-0.0011993778,-0.010729713,0.00062484015,0.13050255,-0.09975668,0.15611677,-0.009439838,0.062071268,-0.018877635,0.18945256,-0.11962871,0.07661894,-0.024868554,0.20333749,-0.03960775,0.20507647,-0.097418755,0.01553005,-0.03645253,0.55466056,-0.044258658,0.23414424,-0.11752796,-0.0011222471
249,-0.009101854,0.4623331,-0.0071799746,0.2027575,-0.034501646,0.124767646,-0.008195041,0.23795226,-0.00062654493,0.14485413,-0.03744766,0.20399848,-0.003970758,-0.0173113,-0.0021709062,0.12717843,-0.10125959,0.15452787,-0.012715424,0.06307807,-0.022862252,0.18948756,-0.12218439,0.07277226,-0.02923163,0.20592447,-0.045400225,0.20592925,-0.0996187,0.010986308,-0.042298347,0.55757034,-0.055939436,0.23531154,-0.11980723,-0.00844657
250,0.004627745,0.46576568,-0.0013543445,0.2030737,-0.04018657,0.13413545,-0.0029251396,0.2551462,0.0014849675,0.15111843,-0.04194471,0.20534308,-0.0022391484,-0.01592167,-0.0008849886,0.13594636,-0.101058416,0.15592839,-0.010776538,0.058889233,-0.020767458,0.19440946,-0.117012,0.07586606,-0.025850147,0.20349412,-0.04181962,0.20944186,-0.091582656,0.013744238,-0.0376377,0.5535338,-0.048274357,0.23990588,-0.11207585,-0.0076574087
