Epoch,Layer0_theta_1,Layer0_r,Layer0_theta_2,Layer0_bx,Layer0_bp,Layer0_gamma,Layer1_theta_1,Layer1_r,Layer1_theta_2,Layer1_bx,Layer1_bp,Layer1_gamma,Layer2_theta_1,Layer2_r,Layer2_theta_2,Layer2_bx,Layer2_bp,Layer2_gamma,Layer3_theta_1,Layer3_r,Layer3_theta_2,Layer3_bx,Layer3_bp,Layer3_gamma,Layer4_theta_1,Layer4_r,Layer4_theta_2,Layer4_bx,Layer4_bp,Layer4_gamma,Layer5_theta_1,Layer5_r,Layer5_theta_2,Layer5_bx,Layer5_bp,Layer5_gamma
1,0.05450889,0.07186384,0.054393575,0.06876204,-0.054884043,0.05972148,0.054496307,0.06991226,0.055356417,0.06997635,-0.05421458,0.05972148,0.05545346,0.05950209,0.056055304,0.068786085,-0.053499218,0.059986524,0.056125753,0.058038842,0.056201182,0.066335954,-0.051645968,0.06003187,0.056230098,0.05924587,0.055792674,0.063824035,-0.050665792,0.05972148,0.05577255,0.06815017,0.055103187,0.062727556,-0.05021491,0.05972148
2,0.025149897,0.13902004,0.025165875,0.12580554,-0.036001224,0.03372746,0.02497608,0.10402678,0.026296942,0.118980795,-0.03196567,0.03273607,0.026379868,0.03495531,0.028052982,0.09845624,-0.029190958,0.033518836,0.028406534,0.031503476,0.028633675,0.07414401,-0.023191541,0.03359987,0.029012103,0.033811606,0.027279079,0.056128904,-0.019679751,0.032452125,0.027276706,0.093849875,0.025566196,0.047676034,-0.018048959,0.03288971
3,0.045461673,0.18332225,0.042187694,0.15760578,-0.05626139,0.053459335,0.039959088,0.15120256,0.03672147,0.15768777,-0.04585927,0.047765616,0.0345828,0.050328463,0.036451925,0.1348919,-0.03926045,0.04743991,0.035621863,0.04428232,0.036215004,0.10264368,-0.029156512,0.047215816,0.03622717,0.041498136,0.034311764,0.07766181,-0.023779795,0.045998298,0.03416518,0.12299751,0.035833154,0.06701341,-0.021701042,0.04871258
4,0.033605497,0.2107504,0.035871305,0.17512819,-0.06213367,0.03743514,0.033065338,0.16149051,0.032168515,0.1764833,-0.049299814,0.032930322,0.029338052,0.04428043,0.031837065,0.15098543,-0.041094977,0.03512395,0.030715784,0.037163254,0.03117771,0.11402346,-0.029230854,0.0337606,0.031147836,0.035960898,0.02846836,0.08536878,-0.022936141,0.029218066,0.028325187,0.13412382,0.028522791,0.07322503,-0.020664547,0.02813388
5,0.03442835,0.22882803,0.03686824,0.18522021,-0.061950035,0.04355827,0.034357015,0.17255495,0.03390401,0.18594834,-0.04817501,0.03862885,0.03127322,0.04594894,0.034074157,0.15788068,-0.03926708,0.04351072,0.033227313,0.038448874,0.0335834,0.11777777,-0.02663801,0.0422421,0.033776853,0.038528323,0.030641556,0.08693182,-0.01982791,0.036252815,0.03057522,0.14733362,0.030774456,0.07371775,-0.017345168,0.0361421
6,0.027570395,0.2373655,0.032757677,0.19047987,-0.057775173,0.037115075,0.030877946,0.17327315,0.031919822,0.18917803,-0.044186566,0.03754013,0.029843524,0.04262448,0.032862574,0.15866126,-0.03519454,0.044885404,0.032485094,0.03559887,0.03266149,0.1164207,-0.022463363,0.043614794,0.033139624,0.037993133,0.029570485,0.08433859,-0.015515105,0.036172345,0.029610913,0.1542663,0.02881725,0.07026266,-0.0130060315,0.032445036
7,0.029982992,0.24304979,0.034551848,0.19334894,-0.058975503,0.041404616,0.03260948,0.17706004,0.033591103,0.19224633,-0.044910826,0.041630615,0.03145136,0.043849714,0.034545716,0.16137603,-0.035635307,0.049439635,0.03415884,0.036712598,0.034277204,0.11846965,-0.022574473,0.04797829,0.03477418,0.03954153,0.031052742,0.08583606,-0.015354869,0.04003773,0.031096682,0.15889329,0.030387288,0.07158069,-0.012588565,0.03654791
8,0.027350934,0.24627483,0.03303056,0.19472866,-0.061108265,0.037121546,0.030748684,0.17656437,0.03256493,0.19419871,-0.046607003,0.038670026,0.030129692,0.041767072,0.033352908,0.16362594,-0.037140757,0.04629313,0.032759804,0.034335304,0.03281531,0.12070893,-0.023832923,0.04430182,0.033205528,0.03788347,0.029302476,0.087927274,-0.016414024,0.03567705,0.029311532,0.1593567,0.027813086,0.073750116,-0.013435044,0.030153833
9,0.03131984,0.24889518,0.03575623,0.19569662,-0.06225576,0.043199517,0.033411678,0.17960271,0.034763075,0.1955627,-0.047468435,0.043890044,0.03226846,0.043791447,0.035484873,0.16508913,-0.037844796,0.05157896,0.03486367,0.036360964,0.034882784,0.1220364,-0.024365788,0.04945922,0.035269827,0.040084396,0.031305347,0.08908538,-0.016817283,0.040659927,0.031309128,0.16297415,0.03011485,0.074910805,-0.013703826,0.036121856
10,0.026893927,0.25013766,0.033038348,0.19643192,-0.0608267,0.038382854,0.03085122,0.1770784,0.03317041,0.19562885,-0.046226714,0.042108767,0.030839466,0.040867493,0.03412696,0.16459838,-0.036660273,0.050378453,0.033632755,0.033838782,0.03352663,0.12117296,-0.023240233,0.047987744,0.0339821,0.039102305,0.029785369,0.08805264,-0.01570469,0.038430054,0.029818904,0.16467142,0.027717799,0.073702134,-0.012615876,0.03144015
11,0.025418203,0.2506552,0.0321722,0.19675215,-0.061248187,0.036440834,0.029899064,0.17582501,0.032592762,0.196,-0.04657395,0.04094059,0.030192755,0.039473347,0.03349749,0.1650405,-0.036986053,0.049102698,0.032952536,0.032648403,0.032770187,0.12164854,-0.023524283,0.046373036,0.033196617,0.038654476,0.028875235,0.08852531,-0.015938614,0.03637738,0.028899394,0.16558628,0.026297765,0.07421447,-0.012773679,0.028089862
12,0.028136356,0.25186378,0.034156773,0.19757229,-0.061846923,0.040831696,0.031889938,0.17722766,0.034290276,0.19700064,-0.04699181,0.045195583,0.031898964,0.04056431,0.035182863,0.16602911,-0.037270553,0.05345907,0.034660347,0.03397694,0.034419946,0.12246196,-0.023660123,0.050586622,0.034870975,0.04039412,0.030480055,0.08917074,-0.0159313,0.04038303,0.030512653,0.16845727,0.028093817,0.07482049,-0.012595776,0.0324638
13,0.024687538,0.2519044,0.032105543,0.19803908,-0.060367,0.037445374,0.03001283,0.17441356,0.033172287,0.19669926,-0.045720726,0.04441279,0.030961804,0.037863437,0.03426889,0.16520263,-0.03609552,0.053162426,0.03388149,0.031957258,0.033506554,0.1213701,-0.0225882,0.049970105,0.03402648,0.04002292,0.029418012,0.088002935,-0.014899498,0.038988635,0.029474506,0.17066306,0.02627536,0.07352697,-0.011583294,0.028709767
14,0.029629411,0.25119013,0.035552107,0.19766425,-0.064318284,0.043009263,0.03294827,0.17571618,0.035288587,0.19770427,-0.049156826,0.046797283,0.03256785,0.039591704,0.03578287,0.16755533,-0.039415374,0.054052815,0.034998372,0.033785142,0.03459639,0.12460292,-0.025685186,0.0501627,0.034897216,0.041440215,0.030312132,0.09157993,-0.017769499,0.03915661,0.030282613,0.1719118,0.027362283,0.077576146,-0.014047616,0.029877655
15,0.023489032,0.2502209,0.031607464,0.19777441,-0.06279977,0.03560038,0.029096998,0.17036009,0.03252367,0.19690639,-0.047926705,0.041969378,0.02990938,0.03492359,0.033120733,0.16631135,-0.03838978,0.04927938,0.032398436,0.03011473,0.031815555,0.12329911,-0.024868337,0.044791345,0.032130357,0.039768025,0.027268564,0.09035765,-0.01708646,0.032822054,0.027240606,0.17288333,0.023015048,0.0763013,-0.0134810675,0.020254567
16,0.028096858,0.25239938,0.034927543,0.19869524,-0.06421154,0.04230032,0.03235506,0.17336117,0.035276476,0.19831592,-0.04903983,0.04830214,0.032596916,0.03729328,0.035801817,0.16795407,-0.039314926,0.055600684,0.035048317,0.032557517,0.034423023,0.12488128,-0.025565034,0.050932266,0.034737673,0.0423562,0.029838506,0.091800585,-0.017556308,0.038865063,0.02980989,0.17651998,0.026068509,0.07779597,-0.013654776,0.027489103
17,0.024195377,0.25325814,0.032421205,0.19899173,-0.06416831,0.037159525,0.029771186,0.17085645,0.03355492,0.19846278,-0.0490161,0.045099247,0.030828888,0.034404665,0.034079105,0.16805533,-0.039317254,0.052417815,0.033289194,0.029978,0.032555133,0.124982126,-0.025571674,0.04734158,0.0328451,0.041140355,0.027735805,0.09190566,-0.017538195,0.034594376,0.027702883,0.17738394,0.022988612,0.07791525,-0.013589712,0.021093383
18,0.024714302,0.2543355,0.032931037,0.19899543,-0.06190289,0.039540235,0.030658484,0.1713478,0.034454618,0.19743563,-0.047107145,0.04923538,0.03207041,0.03483239,0.035309892,0.16630739,-0.037629347,0.057284225,0.03476025,0.031102745,0.033944882,0.12297577,-0.024180524,0.052125685,0.034349144,0.04337562,0.029127149,0.08992136,-0.016424447,0.038912967,0.029116075,0.18187407,0.024471011,0.075801514,-0.012811409,0.025154853
19,0.028726283,0.2544046,0.035606742,0.19782233,-0.06808756,0.041793637,0.03241302,0.17327142,0.03553684,0.19847651,-0.052627757,0.047183,0.03223294,0.03663009,0.035434112,0.16979809,-0.043075647,0.05291328,0.03416174,0.032091312,0.033395354,0.12814334,-0.029283129,0.046928324,0.033402745,0.043068856,0.028272955,0.09576793,-0.0210644,0.033940606,0.028125683,0.18048826,0.023462487,0.08247479,-0.016617507,0.02111749
20,0.025785353,0.2547147,0.033851936,0.19795299,-0.06424664,0.040327325,0.031201787,0.17100827,0.03490763,0.19666284,-0.049365718,0.04898137,0.032115314,0.034756605,0.035300598,0.16668248,-0.040186286,0.05567731,0.03438323,0.03149273,0.033467293,0.12459589,-0.02689069,0.049438026,0.033632323,0.044447005,0.02828997,0.092266314,-0.019123249,0.035556763,0.02816562,0.1849302,0.023056779,0.078731336,-0.015221309,0.02087213
21,0.025989173,0.25465882,0.034194704,0.19797559,-0.06280852,0.04210707,0.03178736,0.17041408,0.03550826,0.19586243,-0.04816143,0.05187629,0.0329311,0.03460164,0.03608077,0.16542499,-0.039149944,0.058860935,0.035309654,0.032135446,0.0343068,0.12324191,-0.026051234,0.052371103,0.034536358,0.046031523,0.02910359,0.09097242,-0.018437905,0.038051993,0.028984273,0.18813503,0.023886839,0.07737563,-0.014692538,0.022851516
22,0.02614992,0.25323406,0.034372643,0.19737718,-0.06476159,0.041656855,0.031636618,0.16862033,0.03520094,0.19567268,-0.049992494,0.049773745,0.032284237,0.033815943,0.0353474,0.16616382,-0.041096713,0.055579778,0.03429263,0.03183389,0.03320573,0.12480496,-0.027962249,0.04840048,0.033267636,0.045976322,0.027762638,0.09293703,-0.020177275,0.03380204,0.027579948,0.18863475,0.022038514,0.07970935,-0.016041515,0.017904198
23,0.027529527,0.25419828,0.03560076,0.19761637,-0.065392934,0.04432775,0.0328242,0.16886082,0.036376372,0.19595549,-0.05054804,0.052921914,0.033411857,0.034049425,0.03645603,0.16665103,-0.041652407,0.058487706,0.03536177,0.032658465,0.03416686,0.12545696,-0.028460698,0.050802182,0.034207266,0.04771685,0.028580436,0.09365906,-0.020558069,0.03575593,0.028385438,0.19232818,0.022788525,0.08054046,-0.016213292,0.019653955
24,0.022040095,0.2574807,0.03201274,0.19875407,-0.061844468,0.03956518,0.02969504,0.16680941,0.03456812,0.1953417,-0.047387224,0.053056784,0.03209582,0.030707886,0.03522108,0.16453153,-0.038671326,0.05996322,0.034496676,0.030195806,0.03311059,0.122545056,-0.025800612,0.05207104,0.033333085,0.048003238,0.027318435,0.09052214,-0.018217443,0.03583816,0.027172757,0.1969152,0.020419654,0.07704729,-0.014346208,0.01704777
25,0.026714306,0.25927377,0.035196315,0.1990392,-0.06675614,0.043805797,0.032234017,0.16972128,0.036479883,0.19757053,-0.051686637,0.054439943,0.033364587,0.032985635,0.03648757,0.16857126,-0.042685412,0.05994881,0.03529566,0.031751834,0.03390636,0.12745202,-0.029223021,0.051568493,0.033911593,0.048791382,0.027910955,0.09558324,-0.020885408,0.035566404,0.027720757,0.19773978,0.021091595,0.08261652,-0.015908651,0.017967872
26,0.025720932,0.2591691,0.034647975,0.19941933,-0.06694495,0.0431077,0.031645823,0.16788112,0.036074996,0.19780156,-0.05190938,0.05403284,0.03291564,0.031614922,0.035990782,0.16889754,-0.042993516,0.05918287,0.034753837,0.031203281,0.033227064,0.12792575,-0.029543705,0.05029094,0.03320205,0.049411554,0.027008167,0.0961306,-0.021121688,0.033773355,0.026808716,0.20027392,0.019596849,0.08324406,-0.015959121,0.015352762
27,0.024719857,0.25871158,0.03425101,0.20023666,-0.063411444,0.044711042,0.031835467,0.16587666,0.036446363,0.1968993,-0.04883066,0.058036555,0.03383627,0.030536,0.036847867,0.16657908,-0.040193938,0.063956425,0.03600046,0.031825475,0.03429759,0.12497234,-0.027178405,0.054793052,0.034454565,0.052019384,0.0280455,0.09306276,-0.019191792,0.037558157,0.027881587,0.20583954,0.020567333,0.07986341,-0.014595136,0.018512594
28,0.024055284,0.25684103,0.033822168,0.1992957,-0.06438021,0.0437828,0.031194,0.16359277,0.035677206,0.19610387,-0.049939323,0.05562846,0.03281726,0.029522382,0.035734206,0.16665392,-0.041611835,0.060447216,0.034650303,0.03142569,0.032855738,0.1259465,-0.028704109,0.050647937,0.032865066,0.052058116,0.026343917,0.09450331,-0.020608416,0.033113886,0.02612863,0.206888,0.018182598,0.08165262,-0.015682418,0.013209663
29,0.02473957,0.25662935,0.034510292,0.19900365,-0.063462295,0.04630312,0.032050464,0.16309217,0.036452003,0.19517164,-0.049279567,0.05870495,0.033712767,0.029627541,0.036586095,0.16562063,-0.04125951,0.06333418,0.035550438,0.032414883,0.033661712,0.12518181,-0.02862875,0.05306787,0.03367163,0.05393905,0.02704952,0.09398046,-0.020701833,0.035113458,0.026816506,0.21052696,0.018889828,0.0812006,-0.015889907,0.015031335
30,0.027048696,0.25608683,0.036129687,0.19815385,-0.06674829,0.048369426,0.033181213,0.16369799,0.0371373,0.19570594,-0.05237485,0.058280777,0.033879798,0.030572038,0.036707245,0.16785584,-0.04438669,0.061494645,0.035262927,0.033088397,0.033354525,0.1285118,-0.031464636,0.050695166,0.03315865,0.05420073,0.02652467,0.09769566,-0.023020416,0.032825924,0.026245685,0.2110246,0.0181326,0.085431695,-0.017373292,0.013038172
31,0.021517968,0.25623736,0.032422654,0.19880441,-0.06205704,0.044069763,0.030085847,0.15931168,0.034957964,0.19377472,-0.048297845,0.05765634,0.032309692,0.026775856,0.035092667,0.16409527,-0.04079063,0.061854303,0.034061875,0.031173581,0.03191739,0.124155946,-0.02855563,0.05066303,0.031887267,0.055081174,0.024866194,0.09335557,-0.020783948,0.03157134,0.024600402,0.21567778,0.01538247,0.08071525,-0.015996136,0.009255911
32,0.027373482,0.25577855,0.036591444,0.19840886,-0.06785732,0.04946119,0.033490226,0.16193579,0.037439108,0.19595857,-0.053485822,0.059119254,0.034007005,0.02969593,0.03674937,0.16873915,-0.04564387,0.061523277,0.035153516,0.033388916,0.033045582,0.12997065,-0.032623023,0.049875878,0.032766234,0.05599551,0.025876774,0.09940258,-0.023820888,0.03130566,0.025574388,0.21573977,0.016818624,0.08743562,-0.017579718,0.0104670115
33,0.02274111,0.2559658,0.033632778,0.19906576,-0.06437621,0.04575914,0.030983277,0.15773009,0.03580849,0.19460163,-0.050391085,0.058916308,0.032845557,0.026034039,0.035539802,0.16585444,-0.04287256,0.06210614,0.034265622,0.031803112,0.031912208,0.12653698,-0.030397382,0.04990847,0.031755358,0.057256375,0.024489604,0.0959497,-0.022195103,0.030041624,0.024186993,0.22057594,0.014493728,0.08366387,-0.016749134,0.006844789
34,0.021907153,0.25595656,0.033297744,0.19919673,-0.062258143,0.046383537,0.030981924,0.15614933,0.036013324,0.19340695,-0.048594628,0.061295897,0.03335435,0.025118489,0.036002237,0.16389266,-0.041410152,0.06476827,0.034914676,0.032353472,0.03240417,0.12448369,-0.029356893,0.05207849,0.032307014,0.059528217,0.024851058,0.09403249,-0.021552306,0.031455636,0.024534333,0.22553372,0.01468442,0.08165023,-0.016581709,0.0074831764
35,0.027319927,0.25763595,0.037286893,0.19929272,-0.06698876,0.05166375,0.034394503,0.16004573,0.038912416,0.1957879,-0.052724816,0.06475202,0.035682596,0.028073486,0.038373586,0.16810471,-0.045058195,0.067247435,0.036909282,0.034382775,0.034456443,0.12931217,-0.032179575,0.054346904,0.034224782,0.060614526,0.026907282,0.09885109,-0.023403075,0.034124523,0.026596097,0.2261918,0.017464787,0.08695847,-0.017149866,0.0114913685
36,0.022060052,0.2620792,0.03379932,0.20073493,-0.066337004,0.04592219,0.030898407,0.15791589,0.036913615,0.19677879,-0.051941887,0.06311619,0.03379285,0.023713348,0.036550906,0.1683242,-0.044034816,0.06635551,0.035218198,0.03102062,0.032526582,0.12885869,-0.03101463,0.052981585,0.032377392,0.060274124,0.024549512,0.098062314,-0.022182489,0.03135777,0.024274724,0.22960994,0.013615899,0.085963726,-0.015985264,0.006109109
37,0.019702613,0.26559564,0.03245936,0.20168437,-0.065651834,0.04404061,0.029637331,0.15717915,0.03668053,0.19714448,-0.051156066,0.06484874,0.033710312,0.0213369,0.036537,0.16802174,-0.043095402,0.06876042,0.035347164,0.029615164,0.03248694,0.1280587,-0.030020043,0.054939657,0.032416616,0.061153747,0.02428054,0.097044595,-0.02120498,0.032233782,0.024025226,0.23337457,0.012797488,0.084774025,-0.015138919,0.005448099
38,0.026864432,0.26611087,0.037519094,0.20094162,-0.072466575,0.05027934,0.033789266,0.16135046,0.03986924,0.199512,-0.057265017,0.06696142,0.035958424,0.025282357,0.038816866,0.17350581,-0.048747208,0.068996854,0.036961585,0.031985376,0.03420958,0.1349349,-0.03456029,0.054823518,0.03387209,0.06140107,0.025986124,0.10415088,-0.024246676,0.032875303,0.02571731,0.23192088,0.015251155,0.09269149,-0.016144706,0.007535008
39,0.022777796,0.26615444,0.03474601,0.20083927,-0.070152566,0.046544008,0.031250812,0.1573062,0.037923634,0.19751935,-0.05540675,0.06484271,0.03422933,0.022303382,0.03700855,0.17084543,-0.047498666,0.06681766,0.03523603,0.030842608,0.032264657,0.13259146,-0.033932857,0.051877942,0.031897552,0.062443856,0.023697335,0.102185525,-0.024106864,0.028876776,0.023370035,0.23610787,0.011903273,0.09071279,-0.016571432,0.0012166859
40,0.019914396,0.26619205,0.032936987,0.19982085,-0.062487602,0.047050316,0.030596238,0.15451893,0.037586283,0.19152534,-0.04902575,0.06932085,0.034915417,0.021443607,0.03762671,0.16241965,-0.042696647,0.07229183,0.036409717,0.03277277,0.033245295,0.1245006,-0.031056749,0.05657125,0.032977477,0.06711441,0.024614455,0.094946295,-0.023063766,0.032284863,0.024167161,0.24568287,0.012949592,0.08317121,-0.017650602,0.0020577677
41,0.02953155,0.26338416,0.03937181,0.19593655,-0.073282816,0.05276136,0.035431758,0.15864375,0.040408887,0.1919381,-0.059361435,0.06539164,0.035986893,0.027581906,0.03862865,0.16934608,-0.053299278,0.064312905,0.036045723,0.03607715,0.033108957,0.13554518,-0.040318143,0.047892775,0.032210693,0.066400975,0.024269613,0.10737397,-0.029683167,0.02485334,0.023746513,0.24278028,0.012755025,0.09746461,-0.020079905,-0.00381192
42,0.0218709,0.26749235,0.034170024,0.19734018,-0.06212099,0.04874294,0.031828213,0.1540702,0.038291324,0.18574125,-0.049502295,0.06936107,0.035380147,0.023399657,0.037970524,0.15816809,-0.045162395,0.070299216,0.0362722,0.036221944,0.032889027,0.12352706,-0.03481728,0.052483715,0.032163713,0.0717681,0.023678742,0.09593953,-0.027075125,0.026889844,0.022946564,0.25573254,0.011387174,0.08513648,-0.021368446,-0.0036981218
43,0.027527697,0.27291954,0.038359955,0.19885948,-0.065991715,0.05506793,0.035640493,0.15907149,0.042038877,0.18863375,-0.052802436,0.07611102,0.038782522,0.026443146,0.041477602,0.1624564,-0.0478799,0.07656505,0.039612174,0.038411256,0.036224,0.12811705,-0.03640551,0.0584633,0.03551296,0.07375173,0.0271375,0.100369744,-0.02717188,0.033004005,0.02649202,0.25891092,0.015980812,0.09011296,-0.01960196,0.0015132753
44,0.023556927,0.2772712,0.035576,0.19984666,-0.06849148,0.04945675,0.032325823,0.15704653,0.039817736,0.1904449,-0.05497201,0.07197795,0.036158584,0.022540435,0.038827382,0.16522588,-0.049687795,0.07199866,0.036735896,0.03559675,0.033012297,0.13113464,-0.037456147,0.053040843,0.032244507,0.07389346,0.02322179,0.103288,-0.027226703,0.026242033,0.022628872,0.2630589,0.010007358,0.09337509,-0.018482735,-0.009914124
45,0.02373754,0.28161976,0.035959456,0.2010225,-0.0668967,0.051249225,0.033038147,0.1585599,0.041139603,0.19040816,-0.053403124,0.077307895,0.03782498,0.022424337,0.04055592,0.16399883,-0.048190802,0.0779926,0.03870773,0.03658874,0.034857046,0.12939073,-0.036306914,0.058544308,0.034174647,0.076583885,0.025093796,0.101472735,-0.02660281,0.03115061,0.024481043,0.26826203,0.012640203,0.091376424,-0.0187167,-0.0070915828
46,0.0263581,0.283566,0.038010497,0.20141578,-0.0695182,0.053904697,0.034772772,0.16036288,0.042882737,0.19210424,-0.055706777,0.08011807,0.03927245,0.02332131,0.04203193,0.16683033,-0.050154474,0.08029706,0.0400151,0.03752311,0.036112294,0.13251697,-0.03757344,0.060496584,0.035411544,0.0779201,0.026312469,0.10453438,-0.026935294,0.032969818,0.025757749,0.27057302,0.014285031,0.094797224,-0.01772653,-0.008875595
47,0.02162409,0.2857186,0.034832854,0.20234439,-0.068536885,0.048962504,0.031620465,0.1573654,0.04071965,0.19233564,-0.054726142,0.07776906,0.03721779,0.019512776,0.039920487,0.16624491,-0.049146056,0.07827068,0.03799717,0.035899263,0.033797618,0.13149153,-0.036739573,0.057807107,0.03312119,0.0793243,0.023547962,0.1034034,-0.026457066,0.029189749,0.0229826,0.2752818,0.010367864,0.0935345,-0.017969014,-0.017091785
48,0.02592631,0.28740424,0.03791092,0.2024712,-0.06953923,0.05403408,0.034702256,0.16080444,0.043386552,0.19288142,-0.055663053,0.082646705,0.039835986,0.022423478,0.04260065,0.16730836,-0.050093748,0.082904935,0.04063289,0.038028102,0.036523614,0.13284864,-0.037516624,0.062404808,0.03584299,0.08065819,0.026553478,0.104853265,-0.026901366,0.034155916,0.026004024,0.27653462,0.014792285,0.09521342,-0.017863192,-0.012109251
49,0.025035622,0.28892276,0.037249893,0.20240319,-0.06964221,0.05313894,0.033983804,0.16070049,0.042897947,0.19262333,-0.055896875,0.08220778,0.03927963,0.021732468,0.042030636,0.16738729,-0.050589204,0.08215002,0.03997861,0.037764344,0.035764124,0.13336356,-0.038082,0.06120956,0.03503014,0.08153108,0.025571363,0.10557086,-0.027346224,0.032486856,0.02501292,0.27939823,0.013471618,0.09610128,-0.01808301,-0.015265293
50,0.017527787,0.29051602,0.032198038,0.2036683,-0.065476,0.046718962,0.029397126,0.15539557,0.03962791,0.19119704,-0.052090112,0.07999199,0.03654373,0.016389936,0.039182555,0.16354387,-0.04724941,0.08072703,0.03746403,0.036365207,0.032835245,0.12874019,-0.035870176,0.058830585,0.03214543,0.08438017,0.022138363,0.10098001,-0.026789302,0.028779346,0.021481689,0.28648958,0.008992743,0.09104981,-0.020402137,-0.018597748
51,0.028406765,0.29290226,0.039773222,0.20344335,-0.075723074,0.055387195,0.03563714,0.16331981,0.04470198,0.19619319,-0.06135317,0.0833987,0.04026741,0.022395778,0.04303432,0.17390661,-0.055384424,0.081891835,0.040498853,0.03783002,0.036167618,0.1408772,-0.041016992,0.060416356,0.035367344,0.08260902,0.025664281,0.11302936,-0.027620852,0.031267364,0.025275826,0.28268772,0.013366468,0.104550384,-0.014779939,-0.015218759
52,0.019215144,0.29838738,0.033406567,0.20565608,-0.0671396,0.049389172,0.030465206,0.15956981,0.041313,0.19264533,-0.05360343,0.08459907,0.03810218,0.017255818,0.040812407,0.16558811,-0.048851077,0.0848626,0.038999792,0.03690426,0.034267902,0.131398,-0.03698146,0.062363036,0.03355536,0.08651974,0.02344874,0.10381013,-0.027008781,0.03188909,0.022842916,0.29198965,0.011058225,0.09442197,-0.019706542,-0.011825051
53,0.022078201,0.30109492,0.035268147,0.20515203,-0.06993031,0.051592488,0.031928126,0.1622202,0.042587593,0.19297132,-0.056290213,0.08576881,0.038949486,0.018917367,0.04169083,0.16781294,-0.051672485,0.08505213,0.03954965,0.03759191,0.034842763,0.13479722,-0.03922696,0.062215336,0.034013636,0.08701724,0.023993121,0.10756525,-0.02813481,0.0317837,0.023427116,0.29341963,0.012077074,0.09883804,-0.019250495,-0.011943938
54,0.020200277,0.3009982,0.033824336,0.20445468,-0.0725924,0.04800609,0.029909214,0.15985301,0.04070797,0.19303009,-0.058931462,0.0804454,0.036510613,0.017100673,0.039154887,0.1699199,-0.054543365,0.07846954,0.03658689,0.036299653,0.03169517,0.13822836,-0.041502267,0.055005483,0.030698515,0.08713195,0.020242669,0.1113807,-0.029160874,0.023849182,0.019714924,0.29597837,0.006603728,0.1033012,-0.01848253,-0.02309687
55,0.024597833,0.3060579,0.037013922,0.20555334,-0.07149552,0.0547735,0.033513136,0.16537672,0.044283077,0.19319157,-0.05784834,0.0895764,0.040443428,0.020576129,0.04321518,0.16907305,-0.053603955,0.08802371,0.040871345,0.03899398,0.036126144,0.13707364,-0.041009698,0.06459516,0.03519402,0.08887112,0.025308656,0.110265665,-0.029330403,0.034207717,0.024741797,0.29729065,0.0145077845,0.102114566,-0.019885706,-0.015327225
56,0.014373059,0.30904126,0.0301467,0.20755179,-0.065222256,0.04686032,0.02740292,0.15915012,0.039988123,0.19109976,-0.0520861,0.08760025,0.036993228,0.013956713,0.03962523,0.16317675,-0.04853831,0.08730086,0.0378018,0.03742526,0.03255083,0.13002521,-0.037726074,0.06280777,0.031674467,0.09242453,0.021149548,0.103255734,-0.028658291,0.031054556,0.020410992,0.30594113,0.009216464,0.09432575,-0.023574527,-0.024900792
57,0.023146197,0.31303808,0.03624923,0.20863192,-0.07243309,0.054691885,0.032635327,0.16627954,0.04462912,0.19611914,-0.05840486,0.09333406,0.040804632,0.018187942,0.04357583,0.1716375,-0.053489458,0.091964096,0.041373894,0.038064823,0.036311775,0.13893881,-0.039874125,0.06791046,0.035552766,0.09143712,0.025146574,0.11164844,-0.02700453,0.036194574,0.024727762,0.3041265,0.014036034,0.10365758,-0.016089533,-0.02609086
58,0.01614361,0.31862745,0.031505153,0.2109425,-0.069869466,0.04923559,0.028151698,0.16422087,0.041707594,0.19651952,-0.05598804,0.09229019,0.03825488,0.013470421,0.040955037,0.1700399,-0.05118168,0.091574416,0.039021797,0.036154706,0.033604335,0.13653405,-0.038163356,0.06689799,0.032912705,0.09335428,0.02194598,0.10913795,-0.026409725,0.034328964,0.021496924,0.3096371,0.009872555,0.100942165,-0.017900104,-0.027815567
59,0.015675457,0.32384592,0.031148909,0.21253976,-0.06937198,0.0501011,0.02791841,0.1661666,0.042088598,0.19758417,-0.05545688,0.095600344,0.038793214,0.012907737,0.04151679,0.17043556,-0.05050677,0.09508861,0.039726257,0.03604221,0.034199014,0.13648821,-0.037383832,0.07015536,0.033592824,0.09449144,0.022591067,0.108918935,-0.025646737,0.037452932,0.022178864,0.3120386,0.01123885,0.10072512,-0.017588787,-0.02328172
60,0.01682096,0.32634786,0.03197507,0.2129343,-0.071825996,0.05104379,0.028367115,0.16763848,0.04271718,0.19920604,-0.057684284,0.09643436,0.03907434,0.01284552,0.041808028,0.17348967,-0.052374326,0.095305234,0.039833408,0.035775926,0.034224555,0.1398951,-0.03817499,0.07012829,0.033643976,0.09525351,0.022462478,0.11218537,-0.024830619,0.036961135,0.022176433,0.31444606,0.01106324,0.10438216,-0.014338564,-0.025563713
61,0.012421404,0.32642624,0.029216656,0.21305451,-0.07066892,0.047507618,0.025655875,0.16417976,0.040752176,0.19852139,-0.05673115,0.09457061,0.03719336,0.009720174,0.03984566,0.17238459,-0.051719945,0.09337864,0.037894487,0.035361134,0.032052908,0.13886301,-0.037876148,0.06762162,0.03144382,0.09703431,0.019988723,0.11126193,-0.024927331,0.034130417,0.019674549,0.31821904,0.008109998,0.103385754,-0.015088812,-0.027640084
62,0.017154673,0.3271227,0.032193176,0.21250312,-0.070258155,0.053275574,0.028864603,0.1677158,0.043043952,0.1974221,-0.05658432,0.09904686,0.039575912,0.013959282,0.04228706,0.17169404,-0.052255724,0.0973692,0.040286757,0.037617616,0.034684062,0.13903067,-0.038819056,0.0717103,0.03401053,0.09698293,0.02324104,0.1118651,-0.025903448,0.03912697,0.022892982,0.3166686,0.013719344,0.10420423,-0.015874328,-0.020459265
63,0.014813537,0.32607946,0.030346256,0.2119192,-0.068359345,0.05146486,0.027225526,0.1658498,0.041276585,0.195395,-0.055154927,0.096598014,0.037948374,0.013406863,0.040596098,0.16946343,-0.051778678,0.09460321,0.038557608,0.037439182,0.03289008,0.13760942,-0.03915863,0.068610795,0.03211082,0.09771894,0.021238795,0.11093328,-0.02677853,0.035639342,0.020819414,0.3194534,0.011446808,0.10329092,-0.017315827,-0.02755322
64,0.016136443,0.3235978,0.030906705,0.21039692,-0.06652921,0.053212952,0.028096294,0.16569676,0.0411848,0.19215663,-0.05397592,0.09597969,0.037988123,0.016151395,0.040606637,0.16658941,-0.052170783,0.093223244,0.03841943,0.039050434,0.032927774,0.13644528,-0.040816218,0.06708719,0.03193977,0.0977378,0.021535264,0.1107488,-0.029129412,0.03469728,0.02099528,0.31932187,0.012949329,0.10338833,-0.02013367,-0.026318435
65,0.019568764,0.32116497,0.03294393,0.20884079,-0.065804824,0.056568947,0.030330464,0.16681258,0.042198796,0.18947056,-0.05374186,0.09637587,0.039010342,0.020187298,0.041622095,0.16471498,-0.053320173,0.09271668,0.039219253,0.041350164,0.033989124,0.1363448,-0.042951547,0.066570334,0.032785155,0.0976073,0.023034738,0.111605726,-0.031596303,0.035103384,0.022390705,0.31816027,0.016213387,0.10465556,-0.022436634,-0.023166986
66,0.01963946,0.31762427,0.032501657,0.20633458,-0.065735675,0.055206478,0.0297801,0.16534725,0.040648468,0.18608306,-0.054317936,0.09099939,0.037183445,0.021748338,0.039699685,0.1632586,-0.055458285,0.0859871,0.03686536,0.04179495,0.03170087,0.1372987,-0.045731448,0.059498552,0.030203223,0.09782391,0.020478182,0.113606825,-0.033927057,0.027816273,0.019762212,0.32085606,0.013225137,0.107164,-0.022942498,-0.021467227
67,0.02040468,0.31769574,0.032786738,0.20588344,-0.063771755,0.056225877,0.030410822,0.16631554,0.04082282,0.1839638,-0.05272367,0.0915942,0.037594866,0.023732394,0.04010969,0.16051976,-0.054814536,0.0864861,0.037284896,0.04334016,0.032256383,0.13523936,-0.046239052,0.059913777,0.03062719,0.09845072,0.021349736,0.11210642,-0.035528235,0.02885057,0.020496463,0.3214871,0.015524994,0.105635464,-0.025796574,-0.012715841
68,0.020833509,0.3182929,0.032884903,0.20492347,-0.06604299,0.055216055,0.030085398,0.16700608,0.04034039,0.18409778,-0.054941766,0.08900613,0.036699727,0.024064802,0.03921055,0.16241609,-0.05713861,0.08318113,0.036086507,0.04280187,0.031077698,0.13807485,-0.048062842,0.056538176,0.029358422,0.097738,0.020001365,0.11521062,-0.03638027,0.025478845,0.019210376,0.3212524,0.01366944,0.10926036,-0.025066901,-0.015190778
69,0.018836724,0.3186659,0.0317323,0.20477876,-0.06370744,0.05429001,0.029263148,0.16526563,0.03987283,0.18215576,-0.052880403,0.0899956,0.03653172,0.023239171,0.038974356,0.15929677,-0.055706706,0.08422559,0.035949647,0.04423354,0.030843131,0.13508742,-0.047730595,0.056934636,0.029029574,0.10009332,0.019871693,0.112550415,-0.03739326,0.0260775,0.018929876,0.32474273,0.014549635,0.10635743,-0.027898248,-0.010501126
70,0.019403048,0.31897914,0.03222032,0.20444974,-0.06660372,0.053794004,0.029266683,0.16516088,0.039921608,0.18338628,-0.0555201,0.08876423,0.03615143,0.022919288,0.038563933,0.16214001,-0.058045827,0.08232986,0.035291016,0.0441256,0.030126112,0.13841522,-0.04927014,0.054857902,0.02828487,0.100169174,0.019024277,0.115929745,-0.03787749,0.024076281,0.018182956,0.32493725,0.01344112,0.110267416,-0.026972601,-0.01289676
71,0.025689268,0.3203563,0.036637954,0.20497292,-0.07052858,0.059624244,0.03329875,0.16956607,0.04329109,0.18594274,-0.059000988,0.09304976,0.03913326,0.02661126,0.041619767,0.16648959,-0.060942963,0.08599744,0.038166035,0.04600998,0.03321348,0.14308156,-0.050961524,0.05896281,0.03142732,0.10025817,0.022605643,0.12051014,-0.038116235,0.029103102,0.02192301,0.32332787,0.01885303,0.115554884,-0.025551299,-0.009048612
72,0.01158462,0.32306266,0.026812265,0.2064522,-0.05900443,0.049515247,0.024928082,0.16125792,0.036954533,0.17937244,-0.048805553,0.09038902,0.034197967,0.01861367,0.036476504,0.15423815,-0.052982092,0.08468211,0.033662952,0.04451543,0.028014392,0.13042745,-0.046733953,0.05553758,0.02606136,0.10530316,0.016370613,0.10845196,-0.038373034,0.023303298,0.015211264,0.33627558,0.01057221,0.10206366,-0.032326166,-0.024074016
73,0.026814857,0.3294773,0.03683664,0.20508607,-0.061516415,0.06579386,0.03509591,0.1756729,0.045182254,0.17867303,-0.051604953,0.10440518,0.042281073,0.030233188,0.04487932,0.15649419,-0.056740973,0.09761328,0.04181919,0.049435243,0.036997598,0.1349488,-0.05003934,0.069226526,0.035001386,0.10544386,0.0269403,0.11378656,-0.039907135,0.03867036,0.025915664,0.33460593,0.027140364,0.10848314,-0.030125942,-0.012639707
74,0.021557441,0.33509308,0.03156808,0.20122579,-0.06151308,0.057824474,0.02935628,0.17724198,0.039581355,0.17310205,-0.052858897,0.09431909,0.03605658,0.027971929,0.03862304,0.15472825,-0.060737222,0.085734844,0.03475533,0.04542472,0.029640868,0.1374181,-0.054861274,0.055833723,0.027150868,0.10544883,0.018032009,0.11799029,-0.04369971,0.022983287,0.016948149,0.343326,0.014487606,0.11381041,-0.030925484,-0.035056595
75,0.020245967,0.33742505,0.029642107,0.19967794,-0.052861817,0.05857635,0.02874454,0.17983748,0.03813582,0.16420418,-0.04593034,0.09506938,0.03548433,0.031671844,0.038047854,0.14321141,-0.057674408,0.086015604,0.034141563,0.047976226,0.02937088,0.12846747,-0.056475215,0.055289023,0.026266221,0.106532566,0.018279899,0.1110208,-0.049987026,0.02383892,0.016543536,0.34563592,0.01782566,0.10647004,-0.043423567,-0.027540129
76,0.028832026,0.34799218,0.035219703,0.20177425,-0.057736438,0.0668527,0.033913493,0.1917614,0.04348682,0.16965412,-0.049860604,0.105520904,0.040601876,0.035856448,0.043608997,0.14997838,-0.059976645,0.09729442,0.039821018,0.04767136,0.03542997,0.13441163,-0.056665827,0.06756342,0.03268024,0.10417168,0.025147635,0.116375834,-0.04806246,0.036839485,0.02380055,0.3405917,0.027485793,0.11259498,-0.03887523,-0.012612086
77,0.009176005,0.3604208,0.02142552,0.204517,-0.053939242,0.04857962,0.01995637,0.1852785,0.03423341,0.16965182,-0.04631927,0.097758405,0.031557355,0.020937484,0.034431975,0.14740108,-0.056507632,0.0904576,0.030822339,0.04001822,0.025189241,0.13082606,-0.05381187,0.05817317,0.022434603,0.10699361,0.012552636,0.11257438,-0.046420462,0.023631632,0.01112456,0.35328814,0.0085034035,0.108319245,-0.040085737,-0.030853847
78,0.023955343,0.37985712,0.030361008,0.20787466,-0.064511456,0.06088743,0.027713537,0.20452021,0.04201351,0.17974043,-0.0550965,0.11202308,0.03846108,0.026410876,0.041895706,0.16147467,-0.06192048,0.105265275,0.038263325,0.03772098,0.032866497,0.14348985,-0.054015864,0.07402098,0.03077853,0.103388965,0.020916441,0.12377167,-0.04082696,0.03892411,0.020293305,0.34802595,0.019280368,0.12092134,-0.027310243,-0.018254071
79,0.007683216,0.39354318,0.019609215,0.20970947,-0.06488582,0.046814185,0.016256932,0.20290731,0.035313718,0.18164675,-0.055446494,0.108021036,0.031495716,0.013318186,0.034882806,0.16361934,-0.06165045,0.10165177,0.0312392,0.030903459,0.02497083,0.14515592,-0.05253477,0.06885231,0.023043534,0.10615583,0.011146563,0.12501442,-0.038056284,0.031113224,0.010769763,0.35869402,0.0044057174,0.12231869,-0.023321914,-0.023523675
80,0.010128061,0.40186107,0.020525778,0.21066837,-0.06810123,0.048826814,0.016688123,0.20733581,0.03603829,0.18372993,-0.05834721,0.11083576,0.031803783,0.013350048,0.0352504,0.16799937,-0.06444346,0.10349031,0.031376783,0.029766379,0.024936447,0.15038817,-0.05361714,0.07017116,0.02313123,0.10671188,0.010981362,0.13018708,-0.036393315,0.031799152,0.010903819,0.36110777,0.004607644,0.12832947,-0.018472709,-0.020560224
81,0.013034696,0.40272433,0.022005888,0.21026154,-0.06772835,0.05242765,0.018318532,0.20804402,0.036719125,0.18184969,-0.05836258,0.11278958,0.032459546,0.016101027,0.035894148,0.1673515,-0.0663461,0.10390958,0.0317148,0.031174436,0.02534289,0.15214223,-0.05614439,0.069854416,0.023333708,0.106969744,0.011646616,0.13291833,-0.038093857,0.032059655,0.011574587,0.3614462,0.0070437607,0.13173634,-0.01869989,-0.019700173
82,0.01004099,0.40128192,0.020179715,0.2096706,-0.06317565,0.052528627,0.017163781,0.20490806,0.03555485,0.17753927,-0.05474715,0.114083074,0.03175291,0.016068533,0.035100527,0.16191298,-0.06528563,0.104227066,0.030816527,0.03276453,0.024440188,0.14877677,-0.05745167,0.06907942,0.022089928,0.10817518,0.010880872,0.1307229,-0.040870987,0.032223895,0.010550118,0.36293116,0.0078075672,0.12944633,-0.022676565,-0.01167474
83,0.0075457417,0.39605394,0.017908921,0.20634243,-0.059174214,0.05128938,0.015347054,0.20126545,0.032300767,0.1697788,-0.052165132,0.10852537,0.028569596,0.01785061,0.03179858,0.15589656,-0.06737611,0.09614245,0.026834436,0.032566108,0.020604473,0.14786036,-0.062352844,0.059608206,0.01759754,0.10701077,0.006639113,0.13205297,-0.046133794,0.022901308,0.006036454,0.3633372,0.0031024578,0.1315071,-0.026921209,-0.019665863
84,0.010729977,0.3926627,0.019208608,0.20276682,-0.0523454,0.056960914,0.017847167,0.20213105,0.032416172,0.16012615,-0.047054853,0.11063078,0.02931457,0.024525387,0.032536205,0.14600003,-0.06753094,0.09623001,0.02713446,0.035756502,0.021383239,0.14285031,-0.06719181,0.0584236,0.017580695,0.105340615,0.008192067,0.12959887,-0.053997617,0.02426833,0.0070335036,0.359857,0.00846739,0.12927154,-0.03697723,-0.013874842
85,0.015015489,0.39115652,0.021503879,0.20047551,-0.053109385,0.060522318,0.020101389,0.20371293,0.033068635,0.15713052,-0.04818704,0.11054959,0.029748721,0.028672004,0.03296076,0.14546503,-0.07075782,0.09449505,0.027097212,0.037283022,0.021593012,0.14525875,-0.07124523,0.05625545,0.0174941,0.104208045,0.008777038,0.13321121,-0.057651535,0.023374232,0.00759549,0.3574875,0.010733737,0.13378866,-0.03948985,-0.014208411
86,0.010523163,0.39044064,0.018744372,0.20043646,-0.049404208,0.05820195,0.017795393,0.20019767,0.031243728,0.15410262,-0.045074437,0.109947234,0.028264388,0.027073631,0.031324174,0.1408637,-0.06908907,0.0934233,0.025432386,0.03806667,0.019813683,0.14149576,-0.0714154,0.054279443,0.015431884,0.10579992,0.006794001,0.13009016,-0.05950567,0.02155303,0.0053210887,0.36052155,0.008730755,0.13037334,-0.043412007,-0.013927401
87,0.016722234,0.39160454,0.022601258,0.19986829,-0.053641908,0.06286802,0.021166693,0.20402287,0.033619627,0.15591453,-0.048942026,0.11217914,0.030202268,0.030402567,0.03333733,0.14566486,-0.07269451,0.0949185,0.027248664,0.039074093,0.021802844,0.1471462,-0.07353753,0.056205302,0.0175836,0.10515965,0.009306974,0.13581555,-0.05972248,0.024308773,0.008170347,0.3584129,0.012971873,0.13709305,-0.041300267,-0.01095291
88,0.010015342,0.3927036,0.018432604,0.20092012,-0.05101051,0.05760242,0.017197434,0.20022614,0.031017035,0.15520298,-0.04643609,0.11021677,0.027862886,0.026269712,0.030858932,0.14268668,-0.0702366,0.09335817,0.024905054,0.038270414,0.019173542,0.14351553,-0.072072335,0.05399566,0.014842531,0.10661746,0.0061222455,0.13217567,-0.05965204,0.021486247,0.0047711744,0.36203316,0.008220948,0.1329036,-0.043332204,-0.013209559
89,0.014190125,0.394068,0.020878188,0.20150243,-0.054082274,0.060151394,0.019293506,0.2030008,0.03241144,0.15754254,-0.049072977,0.110934734,0.02897882,0.028360732,0.03201352,0.1464526,-0.07224668,0.09394097,0.02600929,0.038798463,0.020349378,0.14726411,-0.072912596,0.055018038,0.016185256,0.106570356,0.007562589,0.13576975,-0.059304494,0.022744484,0.0064520356,0.3615721,0.010440846,0.137101,-0.04184262,-0.013607301
90,0.014243151,0.3962806,0.020788882,0.20179492,-0.048896406,0.06279012,0.02010488,0.20469682,0.033246793,0.15365414,-0.044617917,0.1164997,0.03045806,0.029449977,0.03351884,0.13996562,-0.069694735,0.09939162,0.027587483,0.0408341,0.022007164,0.141689,-0.07301266,0.05939943,0.017476887,0.1084601,0.009449755,0.13096705,-0.061912637,0.027549107,0.007890529,0.3642899,0.014325197,0.1317942,-0.04733764,-0.007348479
91,0.016355159,0.39328834,0.02129548,0.19880632,-0.049685374,0.064018585,0.020435939,0.20570636,0.03182711,0.1496764,-0.046281666,0.11194758,0.028632289,0.031869702,0.031710383,0.14055473,-0.07421505,0.09296569,0.025173668,0.03970154,0.019727193,0.14625098,-0.07748772,0.05254109,0.015004095,0.10704053,0.0068825404,0.13673091,-0.06451903,0.020255491,0.0055396645,0.36393258,0.010976045,0.13883714,-0.046692763,-0.020434288
92,0.019158158,0.39358708,0.023097264,0.19886369,-0.044704862,0.06982787,0.023209572,0.20782395,0.03373726,0.14517646,-0.042091157,0.11833428,0.031136978,0.03583809,0.034260027,0.13402636,-0.072513975,0.09856641,0.02766337,0.0427555,0.022543574,0.14138407,-0.07861817,0.0573365,0.017365972,0.10809956,0.010373451,0.13288023,-0.067975,0.026344987,0.008545849,0.36460012,0.017966725,0.13467625,-0.052852333,-0.007508686
93,0.012465335,0.39453956,0.018496059,0.1976407,-0.041229326,0.06506997,0.018863283,0.20455326,0.03029817,0.1403055,-0.039577957,0.11580749,0.027810734,0.03230093,0.030773463,0.129502,-0.072650254,0.0947554,0.023857998,0.04179505,0.018486148,0.13929789,-0.08056316,0.05192474,0.0129101025,0.10908857,0.005571793,0.13183343,-0.0708828,0.02034885,0.0035038334,0.36792716,0.011528339,0.13379689,-0.05667625,-0.0118980035
94,0.011275733,0.3946229,0.017538486,0.19634184,-0.04230816,0.06388161,0.017629007,0.20368083,0.02910917,0.13900122,-0.040958196,0.1143947,0.026353542,0.031253114,0.029223597,0.13067187,-0.07511561,0.092239924,0.022034453,0.04160501,0.016538033,0.14218058,-0.08271043,0.04884823,0.010932908,0.10966724,0.003401945,0.13519874,-0.0720682,0.017214151,0.0015127705,0.3693052,0.0088751735,0.13788651,-0.056497198,-0.015080652
95,0.017400008,0.39681453,0.021150172,0.19570076,-0.04869522,0.06762503,0.020394111,0.2085643,0.031092359,0.14276648,-0.046731364,0.115720525,0.027710916,0.033273906,0.030720709,0.13881396,-0.07971212,0.09336814,0.023441,0.041025802,0.01801756,0.15067428,-0.084351875,0.050907496,0.012911003,0.10836971,0.005304327,0.14340653,-0.07060693,0.019569024,0.0041209897,0.3665676,0.011698682,0.14744073,-0.05150217,-0.014736509
96,0.010120978,0.40157977,0.016844237,0.19808958,-0.044033367,0.06377634,0.016638245,0.20582867,0.029667651,0.14191157,-0.042160295,0.11953417,0.026868789,0.02840474,0.029738571,0.13335118,-0.07508701,0.09773114,0.022742571,0.0413758,0.016994853,0.14389317,-0.08168211,0.054034647,0.011642481,0.11111248,0.0038413364,0.13658793,-0.07054443,0.02224135,0.002170626,0.37176025,0.009765329,0.13958828,-0.055223476,-0.0074246144
97,0.0051614856,0.40287095,0.013589615,0.19819193,-0.045631148,0.058247834,0.012884408,0.20270218,0.027057584,0.14274274,-0.04348526,0.115865596,0.0239803,0.024392938,0.026678955,0.13488898,-0.076020874,0.093798555,0.019585382,0.040252462,0.013521477,0.145419,-0.0820983,0.04967531,0.008204775,0.11183285,-0.00020253088,0.13809158,-0.07063754,0.017464273,-0.0017594866,0.37364414,0.0037661423,0.14141712,-0.055394642,-0.013080573
98,0.020061113,0.40869552,0.022673056,0.19903404,-0.056632735,0.06854196,0.020732528,0.21390851,0.03302309,0.15083982,-0.052965544,0.12215614,0.029047446,0.031245144,0.03203377,0.14848766,-0.08280954,0.10002293,0.024947636,0.04118557,0.01928392,0.15855984,-0.08421403,0.058015943,0.014811614,0.10937302,0.0070439023,0.15055038,-0.06836219,0.027574928,0.0065409876,0.36686492,0.015061682,0.1558595,-0.048855606,-0.0021860674
99,0.014719627,0.422631,0.017661551,0.20107372,-0.05561869,0.06456593,0.015608361,0.22168294,0.0302611,0.15121622,-0.052230746,0.12492797,0.026313443,0.024334507,0.029583182,0.1492214,-0.082878724,0.10314274,0.022489052,0.034844916,0.016379993,0.16009293,-0.08381489,0.059676036,0.012043817,0.107959576,0.0028448333,0.15230317,-0.06694613,0.026386349,0.002581863,0.36913726,0.0073483475,0.15810719,-0.046818066,-0.0072903438
100,0.0010633488,0.43493462,0.007970328,0.20278516,-0.05024325,0.054894984,0.006222355,0.22334452,0.02517331,0.14872965,-0.047691453,0.12715645,0.021634696,0.012475252,0.024978573,0.14441298,-0.07971635,0.10572604,0.017949792,0.029357478,0.011117965,0.1557299,-0.0821045,0.059723914,0.00658987,0.10917596,-0.0042640087,0.1483082,-0.066428244,0.02336192,-0.004752565,0.3754438,-0.004575094,0.1536965,-0.048009947,-0.0118053
101,0.007553843,0.44154453,0.010835112,0.20351739,-0.053549632,0.05922686,0.008721838,0.23018074,0.026695188,0.15040998,-0.0507107,0.13048622,0.022821222,0.014281062,0.026296647,0.14920977,-0.083409294,0.107924044,0.01906844,0.028292377,0.0121724745,0.16206107,-0.08402507,0.06155019,0.007920048,0.10852637,-0.0030786432,0.15482213,-0.06559448,0.024664033,-0.0030588873,0.37491122,-0.0026682355,0.16136608,-0.044783033,-0.011027708
102,0.020891562,0.44764528,0.01800451,0.20459293,-0.057038683,0.07024087,0.015809022,0.23964769,0.03138739,0.15238293,-0.053937733,0.13804235,0.027295457,0.020506237,0.030949237,0.15470609,-0.08771373,0.113805674,0.023558846,0.029379044,0.016804727,0.16951059,-0.086185075,0.0674376,0.012922938,0.10858019,0.0024456854,0.16240434,-0.064254925,0.030752197,0.0030808907,0.3740014,0.0064369924,0.17019701,-0.040388428,-0.0031002394
103,0.009913273,0.459572,0.008949924,0.20489308,-0.053251073,0.0623734,0.0067981374,0.24443989,0.025562849,0.14842755,-0.051184278,0.13898677,0.021526739,0.007852493,0.0250911,0.15180513,-0.088276334,0.11309111,0.01731311,0.02490208,0.009849756,0.16964754,-0.08738047,0.0638852,0.0057582464,0.11254488,-0.006541117,0.1633698,-0.06439759,0.024290781,-0.0058323788,0.38292298,-0.007614676,0.1715481,-0.039690305,-0.010142888
104,3.80532e-05,0.4668722,0.0014087013,0.2039154,-0.046359196,0.057076912,-8.4206724e-05,0.2471131,0.02109477,0.14078416,-0.0459095,0.14210208,0.017425118,-0.0012717594,0.0209297,0.14375828,-0.08824721,0.114064835,0.012531931,0.022149896,0.0046506436,0.16611521,-0.09096759,0.061284386,-0.00026035876,0.11438291,-0.013517536,0.16166966,-0.06934056,0.02003982,-0.013293559,0.38838333,-0.018153917,0.16992393,-0.04467251,-0.006519841
105,0.0078474535,0.46662572,0.0046485276,0.20305625,-0.04582782,0.063416295,0.0034589996,0.25106555,0.021269789,0.13660914,-0.04597769,0.14199325,0.017508894,0.0035606981,0.021013273,0.14379743,-0.09425856,0.11018495,0.011808994,0.020518277,0.0040170513,0.17247495,-0.097703636,0.055775605,-0.0011657851,0.112313285,-0.014315087,0.16983208,-0.07387303,0.013876955,-0.013788236,0.38567877,-0.018319868,0.1798676,-0.048260238,-0.012785526
106,0.008990058,0.46562323,0.0050331675,0.20297565,-0.03744372,0.068136595,0.005335351,0.25057966,0.021863597,0.12814477,-0.03909877,0.14770792,0.018851334,0.007341209,0.022346137,0.13261314,-0.09453116,0.11266168,0.012339508,0.021442926,0.004713187,0.1672152,-0.10414562,0.05458963,-0.0018352971,0.11151619,-0.014135593,0.16708529,-0.08358389,0.012500275,-0.014622048,0.38675213,-0.016794426,0.17704019,-0.05993929,-0.008239755
107,0.009027643,0.4684757,0.0048063984,0.20307434,-0.024127776,0.07446881,0.0074350606,0.25336006,0.024042789,0.11544062,-0.028133217,0.16148444,0.022309747,0.00874581,0.025861569,0.11572369,-0.09357997,0.122687064,0.014947645,0.023396024,0.0074402667,0.15801375,-0.11165761,0.059647664,-0.0009034555,0.11171851,-0.01208622,0.16095011,-0.0960531,0.01789052,-0.013996128,0.3891266,-0.012452421,0.17031632,-0.07541821,0.005388045
108,0.012517544,0.47263515,0.0038504766,0.20099042,-0.013614908,0.08088318,0.008226648,0.26429996,0.022724451,0.09830293,-0.020715054,0.168556,0.021550732,0.0060066036,0.025138037,0.10624094,-0.10310578,0.12217352,0.012470509,0.021124022,0.0048823953,0.16375364,-0.124916434,0.054742504,-0.0044608186,0.11015916,-0.01586428,0.17040697,-0.106937505,0.01331777,-0.01760052,0.38562918,-0.016861765,0.18200015,-0.08596988,0.0032837521
109,0.005797521,0.48243013,-0.0025291415,0.20177974,-0.008792727,0.07650563,0.002240586,0.27044505,0.019189974,0.09499845,-0.016786927,0.17244688,0.018258335,-0.0036788222,0.021684917,0.101282865,-0.10236923,0.1244743,0.008652434,0.020528803,0.0007404834,0.16140297,-0.12596025,0.05500593,-0.009057189,0.112980545,-0.021413669,0.16888328,-0.10810153,0.012604384,-0.023416556,0.39047995,-0.026209613,0.18044509,-0.087375395,0.0028478245
110,0.008131024,0.4904512,-0.0039293454,0.20174976,-0.005906208,0.07882988,0.0012430174,0.28129697,0.01785564,0.08896397,-0.015020972,0.1773829,0.016994152,-0.009618811,0.020336665,0.10215972,-0.10897381,0.12555844,0.006690262,0.019847097,-0.0014217291,0.1696712,-0.13038023,0.055806473,-0.01077056,0.11330893,-0.023662124,0.17797555,-0.10814164,0.015578733,-0.024609601,0.3883735,-0.028535381,0.19124445,-0.08745466,0.010129819
111,0.0049203234,0.48971888,-0.005440554,0.20142,-0.007889451,0.07684982,-0.0007191247,0.278213,0.01656193,0.09229273,-0.016625024,0.17499642,0.015537621,-0.011272789,0.018837973,0.10386239,-0.10628186,0.124901935,0.0055668415,0.01945497,-0.0026478479,0.16786364,-0.12664346,0.05596094,-0.0117658125,0.114960104,-0.0251794,0.17533623,-0.10427266,0.014678811,-0.026115801,0.39203912,-0.031859998,0.18807323,-0.0826194,0.005501521
112,0.003078432,0.49005553,-0.0066401744,0.2012355,-0.008889458,0.07625423,-0.002176928,0.27782,0.01533334,0.09365427,-0.01749232,0.173865,0.014193906,-0.013590059,0.017454369,0.105103776,-0.10558628,0.124340266,0.0043218657,0.01906313,-0.0039999597,0.16789314,-0.12515213,0.055705696,-0.01294157,0.116244815,-0.026841054,0.17499803,-0.10231624,0.013743889,-0.027658828,0.394256,-0.034987047,0.18764374,-0.08020885,0.0023024278
113,0.009776733,0.48691428,-0.0015455117,0.20159473,-0.010933803,0.082116894,0.002922614,0.27597943,0.018428769,0.09560157,-0.019094244,0.17529303,0.01729603,-0.00729791,0.020564666,0.107905455,-0.106585614,0.12554695,0.007620167,0.01982826,-0.0005812198,0.17036653,-0.124915704,0.057742707,-0.00916247,0.11641517,-0.022450507,0.1771937,-0.10108381,0.016181076,-0.022945952,0.3946384,-0.02750876,0.1901816,-0.07900744,0.004710122
114,0.011260811,0.48057905,0.0018600161,0.20197476,-0.01550363,0.083902396,0.005777967,0.26678503,0.020396646,0.104105085,-0.022340916,0.17196235,0.019132901,-0.00089159724,0.0224087,0.110560454,-0.10081085,0.12588462,0.01032981,0.021191336,0.0022285802,0.16544345,-0.119113214,0.05927916,-0.0061828424,0.118721575,-0.019049551,0.17097077,-0.09765836,0.01593135,-0.0199587,0.40081438,-0.022864776,0.18273598,-0.07581562,0.00033362064
115,0.011461915,0.4760797,0.0035352523,0.20232482,-0.018417,0.08507049,0.007067947,0.2608806,0.021070512,0.109928876,-0.024411628,0.16919735,0.019696126,0.0020495842,0.022972694,0.112328775,-0.096740305,0.12569682,0.01147282,0.022354543,0.0033869417,0.16200855,-0.114955075,0.059802487,-0.0049072015,0.12125208,-0.017654242,0.16661552,-0.09502379,0.0151135335,-0.018837618,0.40637374,-0.021176694,0.17753479,-0.07321362,-0.0033977744
116,0.00737108,0.47980443,-0.0005196182,0.20103623,-0.019002158,0.08069495,0.0026160877,0.26396504,0.017945927,0.10775502,-0.025456091,0.16849163,0.016292786,-0.0046414984,0.019473234,0.11474719,-0.0998566,0.123762965,0.0077225077,0.022849781,-0.0006094628,0.16660877,-0.11600449,0.057991695,-0.008551423,0.1229842,-0.022069026,0.17125747,-0.09336201,0.014576643,-0.022639269,0.40709457,-0.027850805,0.1830348,-0.07045599,-0.0023507865
117,0.0073087835,0.4813785,-0.002909228,0.19949715,-0.018795019,0.07987926,8.1037026e-05,0.2697611,0.014472495,0.101828925,-0.026233133,0.16627422,0.012500255,-0.009741547,0.015565964,0.11866768,-0.107859366,0.11784917,0.0031221497,0.02182864,-0.005414934,0.17730153,-0.12035659,0.052485395,-0.012722207,0.12277685,-0.02711823,0.1825311,-0.09204334,0.011120396,-0.026418073,0.40347368,-0.034747995,0.19640863,-0.067636855,-0.005261193
118,0.007528543,0.4832609,-0.0035502852,0.19934313,-0.018376986,0.08007602,-0.00053522043,0.2723469,0.013950234,0.100579165,-0.0260803,0.16802391,0.011951333,-0.0115315085,0.015007189,0.11877454,-0.10912862,0.11895825,0.002416961,0.022911925,-0.0061938493,0.17878492,-0.121264696,0.053324368,-0.013462708,0.124255665,-0.027924836,0.18418923,-0.09196629,0.012771753,-0.027040195,0.4051215,-0.035631906,0.19841294,-0.067064404,-0.0013683347
119,0.0066456804,0.48647973,-0.0040262323,0.19935486,-0.018677812,0.078993626,-0.0010959131,0.27297205,0.014803504,0.102221034,-0.026083995,0.1718271,0.012864118,-0.012618414,0.015970316,0.116948366,-0.10676935,0.12409048,0.0035350367,0.025337463,-0.005096047,0.17515804,-0.12061017,0.05760583,-0.012708822,0.12688619,-0.026816968,0.18059584,-0.093273774,0.01715424,-0.026398662,0.40990275,-0.0338003,0.19425763,-0.068745844,0.006715139
120,0.010119817,0.48699453,-0.0023230244,0.19890226,-0.020977132,0.08173256,0.00033011482,0.275305,0.015065552,0.10358286,-0.02802033,0.17224723,0.012957763,-0.0116709005,0.016020665,0.11940488,-0.10804829,0.124435015,0.003637906,0.025460366,-0.0049709887,0.17754626,-0.12115733,0.058136847,-0.012372862,0.12692116,-0.026406698,0.18298669,-0.09329979,0.017744588,-0.025744732,0.40973583,-0.03271816,0.19713046,-0.06925947,0.007340444
121,0.010229587,0.48623556,-0.002352956,0.19845238,-0.023712885,0.08195498,-0.00017234829,0.27491644,0.014020908,0.10723877,-0.03018069,0.16972555,0.011697288,-0.012279945,0.014699784,0.12147003,-0.10607865,0.12366657,0.002680183,0.0251259,-0.00599127,0.17636926,-0.11860027,0.05795524,-0.013209425,0.12785925,-0.027594797,0.1811775,-0.09125953,0.016556837,-0.026950747,0.41211954,-0.035133585,0.1949413,-0.06715282,0.0034203774
122,0.013155275,0.48134157,0.0006078421,0.19857876,-0.025734695,0.08488152,0.0026535483,0.27048638,0.015159783,0.110767126,-0.031615146,0.1672095,0.012793622,-0.0071227374,0.01578414,0.12257376,-0.10406825,0.12264106,0.004118507,0.025583034,-0.004402301,0.17466429,-0.11673002,0.057656612,-0.011563213,0.12842321,-0.025554752,0.17903365,-0.09039934,0.015368702,-0.02506886,0.41450965,-0.031904873,0.19238131,-0.06646308,-0.00052164815
123,0.014018008,0.47536033,0.0029594817,0.19956093,-0.024807317,0.08811779,0.005339177,0.2639269,0.016455188,0.11286858,-0.03039303,0.16518056,0.0143229235,-0.0020496834,0.017310467,0.11954521,-0.10016463,0.12212854,0.00591733,0.02611535,-0.0024588692,0.16901687,-0.114995435,0.056931145,-0.010035112,0.12983774,-0.023567941,0.17322119,-0.0914101,0.012830012,-0.023756698,0.4193267,-0.029120233,0.18549614,-0.067971155,-0.006356386
124,0.009879809,0.47269064,0.0013791716,0.19987273,-0.023747941,0.08589071,0.0038324203,0.2581792,0.01560618,0.11374227,-0.02933255,0.1630504,0.013572612,-0.0022319113,0.016534936,0.11710622,-0.097239956,0.12121125,0.005290774,0.026814826,-0.00312023,0.16474475,-0.11342923,0.055775534,-0.010998397,0.13156149,-0.02462614,0.16877966,-0.091636546,0.010758197,-0.025274158,0.4233783,-0.031301253,0.18025282,-0.068412006,-0.0100356005
125,0.012819838,0.4722761,0.0032888656,0.19937661,-0.026285091,0.087878674,0.005437184,0.2587621,0.016567776,0.11524215,-0.03163479,0.16357452,0.014336703,-0.00034197723,0.017305186,0.12119077,-0.09893876,0.12161872,0.0061808326,0.02701548,-0.0021554392,0.16865441,-0.11277022,0.05744519,-0.009501538,0.13070895,-0.022892991,0.17230429,-0.088868365,0.013837005,-0.022975221,0.42115086,-0.027841,0.18444696,-0.06515031,-0.0050937664
126,0.0119285425,0.47738287,0.0023132758,0.20017584,-0.026189433,0.08710423,0.0044205296,0.2612188,0.017101822,0.116874844,-0.031258874,0.16831322,0.014973751,-0.002871685,0.01792969,0.12023832,-0.097110644,0.12699899,0.0069777337,0.028450226,-0.0014596316,0.16641012,-0.111836456,0.06221292,-0.008932811,0.13256232,-0.022234375,0.17001854,-0.08920832,0.018789442,-0.022559509,0.4241478,-0.026832262,0.18181518,-0.06615702,0.003455822
127,0.012683408,0.48262063,-0.00040565722,0.19924578,-0.02097614,0.088130675,0.0023917537,0.2717985,0.014471445,0.10541738,-0.02783448,0.17192456,0.012431441,-0.008682411,0.015306002,0.11661453,-0.10572496,0.12477585,0.003003962,0.026578862,-0.0057004965,0.17393579,-0.12160105,0.05691743,-0.013606079,0.13216345,-0.027822731,0.18010268,-0.09578795,0.013193346,-0.027638767,0.42140216,-0.035048056,0.19423473,-0.0725932,-0.0025078268
128,0.010409667,0.48598027,-0.0030837792,0.19884501,-0.017391311,0.0868,0.00013244984,0.27534416,0.01306104,0.09942462,-0.025295088,0.17492881,0.011134978,-0.012579109,0.014004097,0.11309245,-0.10891839,0.12517762,0.0010065308,0.026642699,-0.0078669395,0.17567036,-0.12633829,0.05522198,-0.016242383,0.13315083,-0.030870374,0.18317401,-0.09978099,0.011300192,-0.030713666,0.42222255,-0.03971484,0.19811872,-0.07636732,-0.0033759805
129,0.007950499,0.4881142,-0.0035945417,0.19924675,-0.014926481,0.086384386,8.194322e-06,0.2728118,0.014806766,0.10032898,-0.022830965,0.1802998,0.013223435,-0.01226088,0.016173754,0.106020704,-0.10369974,0.13209729,0.0032370307,0.02868063,-0.0056055617,0.16636707,-0.12636955,0.059428662,-0.015174011,0.1361507,-0.029202404,0.1744377,-0.10479378,0.0134723,-0.030455513,0.42988458,-0.037745442,0.18794274,-0.08151089,0.00054357585
130,0.013550305,0.48498243,0.00095913565,0.19950798,-0.015031558,0.09193348,0.004864392,0.2711189,0.017954363,0.10074666,-0.022746634,0.1826076,0.01652594,-0.006107959,0.019506078,0.104892604,-0.10353574,0.13429092,0.0065823933,0.029545391,-0.0020181977,0.16545805,-0.12752934,0.061143458,-0.011823195,0.13664225,-0.024871595,0.17387663,-0.10688424,0.014820046,-0.026356619,0.4318884,-0.02991851,0.18739691,-0.08387216,0.0027128775
131,0.015759388,0.48313117,0.0020474258,0.20064014,-0.0125660775,0.095232874,0.006456043,0.27233896,0.017981136,0.09816963,-0.020703448,0.18260092,0.016726742,-0.0050086523,0.019658694,0.10287635,-0.10492014,0.13288178,0.006434354,0.029203525,-0.0021623997,0.16625802,-0.12942998,0.059207745,-0.012116527,0.13719945,-0.025177054,0.17516546,-0.10805199,0.012602532,-0.026599228,0.433,-0.030135987,0.18901289,-0.08508418,-0.0009270067
132,0.009031499,0.4839431,-0.002396621,0.20164213,-0.01153354,0.09052299,0.0018840928,0.26995417,0.014879578,0.0996646,-0.019773107,0.17989938,0.0136027,-0.009998895,0.016469244,0.10201537,-0.102323316,0.13118017,0.0033766031,0.030007116,-0.005493855,0.16358043,-0.12657599,0.057608716,-0.015482693,0.14005347,-0.029437726,0.1719123,-0.105265595,0.010532054,-0.03102276,0.43775198,-0.038225066,0.185147,-0.0816947,-0.0056074467
133,0.014101679,0.48538014,-0.0007387594,0.20152064,-0.014033554,0.093247525,0.0032270183,0.27605137,0.014576889,0.09886094,-0.022336211,0.17966601,0.013020205,-0.010438936,0.015803067,0.10956524,-0.10802318,0.12931693,0.0026993507,0.02971571,-0.006208859,0.17384078,-0.12619312,0.05862106,-0.01482892,0.13870272,-0.028994875,0.18153207,-0.09871229,0.015249621,-0.0289145,0.43257043,-0.036006384,0.19663319,-0.07480851,0.0027178675
134,0.010760093,0.48763102,-0.0029518087,0.20139767,-0.016124396,0.09030195,0.0004993845,0.27510777,0.01325017,0.10298283,-0.024038227,0.17920278,0.011515443,-0.013958868,0.014293794,0.11179533,-0.10544292,0.13082233,0.0016230287,0.0312006,-0.0074824453,0.17245398,-0.12235195,0.06087595,-0.015791757,0.14130889,-0.030399827,0.17923935,-0.09483261,0.017956685,-0.030232416,0.43645805,-0.038782988,0.19390364,-0.07048128,0.0067257453
135,0.012688023,0.485047,-0.0020896075,0.20115164,-0.016981728,0.092376575,0.0012723445,0.27534443,0.012219867,0.10283768,-0.024873452,0.17662798,0.010352327,-0.012878912,0.013054098,0.11346893,-0.10721004,0.12759012,0.00029019942,0.030572992,-0.008799642,0.17518404,-0.123240046,0.057978477,-0.016896749,0.14085698,-0.031709433,0.18211131,-0.09461682,0.01488148,-0.031203466,0.43542352,-0.04052974,0.19740805,-0.07066339,0.0013513875
136,0.011144761,0.48410973,-0.003370095,0.20142314,-0.016887678,0.09271604,-7.9559075e-05,0.2754855,0.010290027,0.10343708,-0.024862016,0.17445675,0.008348161,-0.01532014,0.010977999,0.11386784,-0.10679171,0.12555553,-0.0017520484,0.030744718,-0.011040001,0.17520866,-0.12249011,0.055686556,-0.019054973,0.1430764,-0.034471404,0.18202874,-0.09363472,0.01165207,-0.03387597,0.43879807,-0.045263622,0.19736159,-0.0696562,-0.0045710634
137,0.017809587,0.48252866,0.0013717955,0.20246276,-0.017946122,0.09998048,0.0048209745,0.2766248,0.012638513,0.106251776,-0.025513949,0.17559789,0.0107764425,-0.01018646,0.013285373,0.11512277,-0.105840474,0.1267747,0.00082301523,0.030979818,-0.00826746,0.1750829,-0.12133532,0.05732103,-0.016121533,0.14385436,-0.0307904,0.18166108,-0.092731155,0.012688784,-0.030170199,0.4411383,-0.038538534,0.19695194,-0.06920968,-0.004538285
138,0.014679371,0.48049334,0.00079486205,0.20394972,-0.014836865,0.10061259,0.0047517545,0.27093688,0.012784949,0.10706682,-0.022502922,0.17564847,0.011267387,-0.0092012035,0.013752469,0.10905492,-0.10085858,0.12804867,0.0013965036,0.03228543,-0.007687662,0.16689557,-0.12013722,0.057072613,-0.016404718,0.14706194,-0.030799372,0.17353265,-0.09549656,0.010406074,-0.03126535,0.44879898,-0.039173957,0.18728295,-0.072177134,-0.008666391
139,0.0176001,0.479196,0.003180024,0.20435646,-0.017070858,0.10411555,0.0069170822,0.27062222,0.013719723,0.11168884,-0.024254,0.17522043,0.012107072,-0.006760413,0.014544278,0.11192289,-0.09863097,0.12910768,0.002666283,0.03242188,-0.0063202875,0.16631776,-0.11633975,0.05946596,-0.014634573,0.14757447,-0.028727628,0.17208959,-0.09141117,0.012985761,-0.029028965,0.45033705,-0.035475604,0.18566637,-0.06792914,-0.005856871
140,0.02730732,0.4817207,0.009733143,0.2059421,-0.021338556,0.11342273,0.013202414,0.2759426,0.018103907,0.12131586,-0.027138226,0.18004426,0.01650768,-0.002024,0.018893149,0.11650585,-0.0941793,0.1364327,0.007978476,0.03240054,-0.00077407976,0.16452448,-0.11029808,0.06838845,-0.00848442,0.14799207,-0.021557633,0.16892736,-0.08615983,0.021741502,-0.021784643,0.45254657,-0.023221187,0.18193002,-0.06328195,0.005406686
141,0.028866032,0.494164,0.0063878577,0.2078241,-0.018301478,0.11231469,0.010172993,0.29329664,0.01767739,0.118209176,-0.024723923,0.18862876,0.016315568,-0.011674134,0.018636154,0.11401919,-0.094461344,0.14364606,0.007501143,0.032354407,-0.0017377427,0.16415763,-0.11102326,0.07359518,-0.009596915,0.15144657,-0.023531215,0.16899972,-0.08627486,0.02663483,-0.023749806,0.45681804,-0.027043765,0.1821794,-0.062934294,0.0144083975
142,0.025557604,0.48699442,0.007026878,0.20939547,-0.015316973,0.114485234,0.011395264,0.28199568,0.017991124,0.11411548,-0.022077883,0.18857273,0.01690898,-0.006179588,0.01927333,0.11043453,-0.09639653,0.14182712,0.007674237,0.03060733,-0.0013501785,0.16473058,-0.11501888,0.07111214,-0.009647392,0.14924455,-0.023862822,0.17095762,-0.0903198,0.021514138,-0.024206262,0.45555618,-0.028606212,0.18489648,-0.06734325,0.0012533232
143,0.01887978,0.48526093,0.004695132,0.2100441,-0.014597099,0.11199423,0.009032883,0.27226645,0.016950518,0.115985975,-0.021155246,0.1882815,0.015957037,-0.0057934523,0.018338121,0.10780993,-0.09387099,0.14230001,0.0068046893,0.03147661,-0.0022310244,0.16098657,-0.11517516,0.07064528,-0.01101379,0.15051946,-0.025534391,0.16772392,-0.09336548,0.018923646,-0.026456034,0.45924646,-0.03228218,0.18127283,-0.07170171,-0.0046945643
144,0.016387623,0.48970068,0.001735958,0.20983325,-0.012793399,0.1078524,0.0061869076,0.27365223,0.016663063,0.11122897,-0.0198581,0.19392613,0.01575536,-0.008670973,0.018159091,0.106378704,-0.09776977,0.14577934,0.0061028283,0.03391279,-0.0029788862,0.16451782,-0.119416334,0.07350279,-0.011862702,0.15053508,-0.026378142,0.17242178,-0.09589321,0.024052775,-0.026970085,0.45721108,-0.033199567,0.18713935,-0.07447163,0.005950054
145,0.0161529,0.4818607,0.004993752,0.20960657,-0.0146116875,0.110101394,0.00934601,0.2601502,0.01911973,0.11231721,-0.021262696,0.19400099,0.01818027,-0.00081989134,0.020658875,0.1087662,-0.0992969,0.1455578,0.008674567,0.035016134,-6.482021e-05,0.16732821,-0.1198978,0.07455594,-0.008641881,0.149642,-0.022467945,0.17521368,-0.095104605,0.025378477,-0.022720471,0.45623168,-0.02616196,0.19049394,-0.07386999,0.0067773676
146,0.012823152,0.48410726,0.0026803315,0.21056445,-0.015582869,0.10838152,0.0067089912,0.25982904,0.017169397,0.11642459,-0.021843348,0.1926826,0.016139964,-0.0040591275,0.018570729,0.110328555,-0.09637903,0.14560014,0.006977005,0.03402916,-0.002053223,0.16559589,-0.11594467,0.0748991,-0.010365998,0.15171808,-0.02536391,0.17247702,-0.09121421,0.023707142,-0.02560555,0.4608903,-0.03261627,0.18704456,-0.06984672,-0.00016257592
147,0.013169157,0.48948333,-0.0006684046,0.21146214,-0.010081693,0.10738573,0.004116255,0.27205142,0.01487487,0.10613863,-0.01786907,0.19563788,0.014086371,-0.010777439,0.016460285,0.10735979,-0.102613844,0.14460677,0.003903179,0.03295743,-0.005495788,0.1711775,-0.12121926,0.072746925,-0.013831076,0.15218809,-0.029977141,0.1792471,-0.091807574,0.022546135,-0.029524848,0.45962876,-0.040540885,0.19517794,-0.06857083,-0.002541682
148,0.012837263,0.48910007,-0.0014690129,0.21162191,-0.008139425,0.10820186,0.003607671,0.2739684,0.01365836,0.103228025,-0.016518831,0.19470334,0.012944745,-0.012448868,0.015251845,0.10583368,-0.10384562,0.14254306,0.0024107997,0.03242277,-0.00716753,0.17192975,-0.122794025,0.06976321,-0.015635176,0.1539517,-0.03225444,0.1804751,-0.092598386,0.018720923,-0.031726014,0.46238044,-0.04418072,0.1967014,-0.06891314,-0.0083095515
149,0.013170428,0.48652437,-0.0005001448,0.21085204,-0.009845323,0.11013838,0.0043352097,0.27176422,0.013150769,0.10555711,-0.018198328,0.19161052,0.0122620305,-0.011527232,0.014490925,0.10831122,-0.10304391,0.14010821,0.001903357,0.032039158,-0.0077292463,0.1724605,-0.12064511,0.067877874,-0.015863724,0.1553599,-0.032591853,0.18049459,-0.08993143,0.016451355,-0.03183517,0.46478352,-0.044167887,0.19681661,-0.066350386,-0.0111351805
150,0.012192854,0.49029788,-0.0030447023,0.20996673,-0.011901701,0.10668125,0.0012442706,0.27658677,0.011286617,0.10526522,-0.020861525,0.19126126,0.010032118,-0.016545272,0.012238985,0.11657691,-0.10596235,0.1399853,-3.62813e-05,0.033215106,-0.009931331,0.18010692,-0.115162745,0.07205045,-0.016339617,0.15596329,-0.033969868,0.18597578,-0.077157184,0.025549566,-0.031432252,0.46224883,-0.046201013,0.20330574,-0.051977232,0.001997226
151,0.005877689,0.48671612,-0.004014471,0.20794395,-0.016519343,0.10316751,-0.00062374,0.26287585,0.010634366,0.114322595,-0.024921823,0.18609661,0.0090245595,-0.014154554,0.01128309,0.12042991,-0.09977064,0.13935614,3.096761e-05,0.03463662,-0.009824953,0.17541948,-0.107706636,0.07365917,-0.015785376,0.1584695,-0.033463527,0.17940488,-0.07218573,0.026475577,-0.031067409,0.46822622,-0.045442037,0.1954982,-0.04812694,0.0029312184
152,0.009835533,0.4817865,-0.00082024926,0.20894367,-0.013091421,0.10844636,0.0033970939,0.2611345,0.01238012,0.10704533,-0.022368189,0.18780117,0.011042567,-0.00824203,0.013279965,0.11903927,-0.10629233,0.13666123,0.0011616192,0.033833496,-0.008391846,0.18203107,-0.11392373,0.070494965,-0.014438807,0.15600024,-0.031577572,0.187657,-0.074417256,0.023629023,-0.028674083,0.46366164,-0.04116168,0.20571467,-0.050124716,-0.0019684015
153,0.005999535,0.47897384,-0.0015764505,0.20978488,-0.012349053,0.108196706,0.0027232473,0.25401235,0.011725336,0.10930502,-0.021368954,0.18594258,0.010503618,-0.007134343,0.012730499,0.11650941,-0.10339528,0.13578074,0.0007476168,0.0342611,-0.008815756,0.17807527,-0.11326217,0.06888497,-0.015264,0.15773539,-0.032473043,0.18389587,-0.07637229,0.020444626,-0.030063882,0.4679728,-0.04266631,0.2014237,-0.05333017,-0.006186609
154,0.0055668983,0.4770294,-0.00058682513,0.21029747,-0.012382453,0.109917946,0.003776767,0.25003073,0.012389248,0.11118773,-0.021112043,0.18595931,0.011250614,-0.0050388887,0.013485288,0.11527051,-0.10165882,0.13644862,0.0016326295,0.034686953,-0.007848534,0.17575814,-0.11296773,0.06914325,-0.014535363,0.1585132,-0.03137222,0.18170628,-0.07786801,0.020111073,-0.029285327,0.47011995,-0.040345315,0.19894269,-0.055811793,-0.0051412093
155,0.0004728421,0.48220736,-0.005931286,0.2099436,-0.010813561,0.10365487,-0.0016583184,0.2532873,0.009272405,0.10757048,-0.020305015,0.18699756,0.0080443015,-0.012327953,0.0102450205,0.11514325,-0.10417424,0.13615957,-0.001983726,0.036706157,-0.011874735,0.17848867,-0.11460719,0.068177514,-0.018483551,0.16088781,-0.03622699,0.18483068,-0.07753648,0.02091023,-0.033778004,0.47119573,-0.048489626,0.2027639,-0.05524829,-0.0010698974
156,0.004562774,0.48490402,-0.005172764,0.20892178,-0.012230576,0.10423862,-0.0011035026,0.25959614,0.009199742,0.10491415,-0.022082923,0.18862168,0.0077448753,-0.012489661,0.009895625,0.11932344,-0.10984414,0.13550502,-0.0026805487,0.037670556,-0.012544946,0.18646674,-0.11771125,0.06790983,-0.01861007,0.16024278,-0.036209594,0.19341639,-0.07674196,0.02254694,-0.03290174,0.46734598,-0.04726724,0.2131736,-0.054869037,0.0027454318
157,0.0059270067,0.48750058,-0.004988139,0.208665,-0.014947122,0.10378698,-0.0013858611,0.26196873,0.009015971,0.108661264,-0.024500532,0.18843116,0.0073514306,-0.013176619,0.009447331,0.12364488,-0.10935905,0.13635162,-0.0026895185,0.03832577,-0.012633763,0.1885355,-0.114726074,0.070154786,-0.017999317,0.1614375,-0.035774503,0.19463915,-0.072058365,0.025547124,-0.031922057,0.46876976,-0.046356574,0.21454358,-0.050249185,0.0063467906
158,3.3935263e-05,0.48560512,-0.0067410404,0.20845997,-0.019810705,0.10051764,-0.0041154125,0.25279397,0.0070038945,0.120640494,-0.02826868,0.181795,0.005024249,-0.01377436,0.0070529655,0.12771913,-0.100797124,0.13528389,-0.0037201045,0.038344935,-0.013890593,0.18235622,-0.104545966,0.07146181,-0.018584779,0.16543391,-0.037392583,0.18599321,-0.063691124,0.024428515,-0.033593867,0.47848892,-0.05066675,0.2039214,-0.041320432,-0.0014149074
159,0.003025157,0.48068237,-0.004206083,0.20906554,-0.02021443,0.10508319,-0.0014740084,0.25123444,0.0070191044,0.12101016,-0.028755808,0.17875418,0.0050005345,-0.009694104,0.0069040777,0.13008676,-0.10227391,0.13110079,-0.0038923668,0.036600005,-0.013932774,0.18570478,-0.10403432,0.068233944,-0.01820221,0.16493917,-0.037255812,0.18914732,-0.060187086,0.01967018,-0.032964718,0.47885433,-0.05046645,0.20766482,-0.037054766,-0.013783887
160,0.0058287885,0.48009807,-0.0014342075,0.21020885,-0.017679386,0.110825494,0.001942314,0.2508884,0.009416028,0.12045617,-0.02597806,0.18333527,0.007840033,-0.005436661,0.009728513,0.12417914,-0.10011288,0.13542838,-0.0011736812,0.03623692,-0.010899044,0.1805077,-0.106322296,0.0707677,-0.016069317,0.16405834,-0.03398823,0.18496287,-0.066632986,0.021049945,-0.030587604,0.47975394,-0.04394564,0.202886,-0.045352794,-0.00814135
161,0.007776742,0.47893983,0.00072875724,0.21046045,-0.018798387,0.11454561,0.0040561263,0.2497005,0.010335444,0.123667106,-0.026340246,0.18371572,0.008809203,-0.00258332,0.010655958,0.123156615,-0.09798655,0.13674675,-2.7386719e-05,0.03653316,-0.0096003665,0.17777237,-0.106315866,0.071341164,-0.015079412,0.16474782,-0.032321557,0.18251792,-0.06952043,0.020583695,-0.029370144,0.4820325,-0.04015845,0.20012994,-0.049865335,-0.0063962284
162,0.0043270737,0.47988096,-0.0014031099,0.21102414,-0.017630972,0.112860195,0.0019905542,0.24774472,0.009136102,0.1237834,-0.025203597,0.1843718,0.0077044857,-0.0047320905,0.009511144,0.12109373,-0.0966371,0.13764092,-0.0011764443,0.03847063,-0.010905983,0.17550704,-0.106397964,0.07135047,-0.01666727,0.16728826,-0.03391731,0.18046728,-0.071181394,0.021111218,-0.031252585,0.4856832,-0.04239223,0.19776234,-0.052213598,-0.0018884772
163,0.008455033,0.47727576,0.00067900895,0.21161628,-0.015522613,0.11727313,0.0045923567,0.25134882,0.009917293,0.11783512,-0.024040235,0.18608037,0.008579259,-0.002672528,0.01034374,0.12170869,-0.10197362,0.13611606,-0.00094450865,0.03859191,-0.010558123,0.18155025,-0.1101321,0.06972902,-0.016125973,0.16664635,-0.032986376,0.18729919,-0.07098695,0.020856261,-0.029720226,0.48304707,-0.039472416,0.20604679,-0.051690042,-0.00080020796
164,0.0031357985,0.47723627,-0.00204133,0.21261083,-0.015010659,0.11432921,0.0017853319,0.24630724,0.008029611,0.120925404,-0.023181204,0.1839902,0.0067600836,-0.004919738,0.0084582735,0.1197625,-0.09816458,0.13563164,-0.0025377516,0.040116973,-0.012368291,0.17697674,-0.107776605,0.068832286,-0.01816885,0.1699587,-0.03541436,0.18230966,-0.07106888,0.01939372,-0.03255602,0.48912057,-0.0438835,0.20004793,-0.052275483,-0.002228892
165,0.002517094,0.48308116,-0.005340887,0.2122892,-0.013380418,0.110254705,-0.0014504325,0.2535317,0.0064508994,0.11502657,-0.022585068,0.18713905,0.0051056473,-0.010212233,0.0067316033,0.120801166,-0.10354125,0.13575974,-0.004891213,0.04118931,-0.015027742,0.18322042,-0.111355916,0.06824282,-0.020605082,0.17051537,-0.03851028,0.1893849,-0.070866786,0.020785686,-0.03499497,0.4867498,-0.048792407,0.20870434,-0.05245383,0.0026388143
166,0.00578149,0.4829678,-0.0049116164,0.21230367,-0.010868864,0.113013454,-0.00054521207,0.2600893,0.005745451,0.107040755,-0.021119382,0.18811753,0.004430299,-0.010461356,0.0059377146,0.12053258,-0.111006804,0.13216273,-0.0066685937,0.03988835,-0.016841827,0.19094412,-0.11815524,0.06313325,-0.02248584,0.16928324,-0.040775508,0.19883075,-0.07379247,0.014983232,-0.0366934,0.48292798,-0.051748984,0.22037311,-0.056600973,-0.006863538
167,0.002237806,0.48061225,-0.006272275,0.21305265,-0.008126513,0.11339482,-0.0015063077,0.2563901,0.0044911806,0.10614159,-0.018550856,0.18659893,0.003392514,-0.011138044,0.004864762,0.11497869,-0.10885785,0.13075073,-0.00796344,0.040713485,-0.018238239,0.18599479,-0.11968017,0.059526276,-0.024773102,0.17221749,-0.04301254,0.19454193,-0.07838664,0.009758173,-0.03971706,0.48917586,-0.05512591,0.21541508,-0.06150667,-0.013108042
168,0.00961131,0.48248512,-0.0015994355,0.21512789,-0.0028815316,0.123682365,0.0044265348,0.26419044,0.008773702,0.10214973,-0.013444982,0.1960836,0.008381244,-0.007639674,0.009806059,0.10544307,-0.10733155,0.13852821,-0.0035042209,0.039562296,-0.013369307,0.17935094,-0.12417821,0.063883066,-0.021385625,0.1712477,-0.037723236,0.18919417,-0.08750822,0.01332708,-0.03573908,0.49143213,-0.044254426,0.20913097,-0.07144425,-0.0013146265
169,0.013126878,0.4841021,0.0014054168,0.2154155,-0.0054692347,0.12843576,0.007165672,0.2652794,0.010405299,0.109609574,-0.015148692,0.1973901,0.009975609,-0.0052831257,0.01133262,0.10716973,-0.102821365,0.14193642,-0.001285499,0.039050557,-0.010983666,0.17597033,-0.119748875,0.06789582,-0.018820897,0.17161041,-0.03457887,0.18488666,-0.08493748,0.016536698,-0.032812748,0.4941646,-0.03871154,0.20397392,-0.06893718,0.0022420865
170,0.008341204,0.48296145,0.0030718688,0.21509905,-0.012307094,0.12993541,0.00770487,0.24926692,0.010870507,0.13077115,-0.019864935,0.19260111,0.010121425,-0.0013041332,0.011476371,0.11050786,-0.08807865,0.14472502,0.0007547862,0.04035985,-0.008842096,0.16340594,-0.10588846,0.07256626,-0.016504416,0.17579582,-0.032068264,0.1692483,-0.07673537,0.018246606,-0.031310327,0.50603324,-0.036732398,0.18497752,-0.058199175,-0.0032282756
171,0.014820935,0.4801101,0.0054855575,0.21174848,-0.012925946,0.13243307,0.010148139,0.25647196,0.011813357,0.12319055,-0.02280991,0.19230695,0.010635971,-7.506303e-05,0.011975992,0.11774838,-0.09634709,0.14159817,0.0007847741,0.038681485,-0.008754022,0.17538086,-0.10648082,0.07202177,-0.015124291,0.17348368,-0.030970894,0.18074653,-0.06755747,0.020358577,-0.028459338,0.49995005,-0.034086857,0.19887193,-0.046236306,-0.0032210737
172,0.01018703,0.4890639,-0.0005325327,0.21183188,-0.0107986685,0.124168806,0.004098925,0.26062697,0.009963067,0.12037443,-0.021529378,0.19646434,0.008831376,-0.0078931805,0.010110419,0.11632643,-0.096805125,0.14506336,-0.001276187,0.041267358,-0.011273194,0.17542204,-0.10639536,0.07485863,-0.017660543,0.17649038,-0.034240503,0.18078932,-0.06624249,0.025700364,-0.031557377,0.502489,-0.040028144,0.19904414,-0.04450506,0.0090243565
173,0.011083814,0.48747936,-0.0015016694,0.21250063,-0.0045134723,0.12431257,0.0041825855,0.26373014,0.009861142,0.105880074,-0.016943187,0.20026255,0.009097292,-0.0073200203,0.010334605,0.110696405,-0.10590266,0.14306358,-0.002581863,0.040514927,-0.012468108,0.18174621,-0.11728004,0.07052314,-0.019615952,0.17386648,-0.036266707,0.19001806,-0.07401758,0.021239838,-0.033450827,0.49672428,-0.043010082,0.21072495,-0.05292285,0.0019838712
174,0.0062468555,0.4868158,-0.0041162497,0.21323365,-0.00360044,0.122471474,0.0015533993,0.26033127,0.007628623,0.10801756,-0.01593779,0.19770731,0.0069128736,-0.009614611,0.008070517,0.10764395,-0.10269154,0.14140487,-0.0047808965,0.040547185,-0.014905067,0.17727932,-0.116551,0.067502,-0.022570755,0.17646132,-0.0400645,0.18576713,-0.0758517,0.015671464,-0.037790347,0.5023073,-0.050540697,0.20585912,-0.055023503,-0.00901329
175,0.0024368598,0.48726368,-0.0077755502,0.2131014,-0.0034295688,0.11774871,-0.0023243106,0.2603088,0.0048374147,0.10573545,-0.016566623,0.1961915,0.0039183744,-0.01301393,0.005067557,0.111434415,-0.10562694,0.13917519,-0.007881152,0.04272768,-0.018245332,0.18258193,-0.11539633,0.06713535,-0.025086267,0.17761482,-0.043439284,0.19064818,-0.070372306,0.018024007,-0.04020654,0.5014378,-0.056502428,0.21178973,-0.04947826,-0.0061544115
176,0.007729558,0.48492235,-0.004192979,0.21198137,-0.007996398,0.12167074,0.00068540033,0.26143435,0.005509999,0.10880702,-0.02080255,0.19407591,0.0041970247,-0.008887032,0.0052328785,0.11927752,-0.10800572,0.13710745,-0.0073467414,0.042587403,-0.017434185,0.18910268,-0.113163404,0.06773471,-0.0231127,0.17641072,-0.040986087,0.19649933,-0.06441959,0.019832425,-0.036722306,0.49856418,-0.05098284,0.21888551,-0.044283964,-0.005089223
177,0.010876593,0.48932427,-0.0016505944,0.2112175,-0.014974191,0.123201795,0.0021595373,0.26101556,0.0072809276,0.120806396,-0.026159897,0.19548525,0.005617576,-0.0070124813,0.006561039,0.12611796,-0.10325743,0.14219128,-0.0047791465,0.0439802,-0.0147309,0.18805541,-0.10626375,0.075159974,-0.019485982,0.1776761,-0.036613565,0.19382878,-0.058705676,0.028738247,-0.032033566,0.5008744,-0.042608168,0.21566239,-0.040020633,0.010912189
178,0.0050675203,0.47910774,0.00063942646,0.21120504,-0.012674922,0.12562211,0.0050083697,0.23760659,0.009964296,0.11926434,-0.023692459,0.19754475,0.008756942,0.004522872,0.0098458445,0.11841276,-0.10317266,0.14355744,-0.001990364,0.04678752,-0.010986747,0.18400602,-0.11356056,0.07541905,-0.017258879,0.1749331,-0.03256924,0.19278936,-0.07139831,0.027292803,-0.029246155,0.4991726,-0.035578497,0.21572472,-0.055714536,0.0067142723
179,-0.0022142518,0.4734915,-0.0017986825,0.21386161,-0.0070138266,0.12379346,0.003418492,0.22450282,0.008414,0.11428643,-0.01801359,0.19760175,0.007792108,0.009121675,0.008877096,0.10768499,-0.103892766,0.14112665,-0.0039746547,0.047401614,-0.012574155,0.17980963,-0.12252945,0.069740325,-0.020737663,0.17271627,-0.03599733,0.19225219,-0.08531604,0.017315758,-0.034068998,0.498371,-0.04290936,0.21657543,-0.07280652,-0.01483986
180,0.00084890606,0.47065657,-0.00090868113,0.21270283,-0.010227739,0.12400015,0.0037868104,0.22756581,0.007169883,0.11482035,-0.022069266,0.19382565,0.006056488,0.0110377595,0.007181878,0.11762273,-0.10829002,0.13717805,-0.0054047853,0.046540115,-0.013823304,0.1899292,-0.11993449,0.06993944,-0.020213889,0.16926284,-0.035875287,0.20167963,-0.07553914,0.02007217,-0.032078147,0.49072444,-0.042623624,0.22815423,-0.06191861,-0.016506337
181,-0.005257708,0.47314617,-0.0030994583,0.21637188,-0.005772065,0.123372175,0.0022566074,0.2197662,0.0077163097,0.11502326,-0.016646005,0.20002131,0.0072792494,0.011271947,0.008315693,0.10710567,-0.10351849,0.14319284,-0.004539762,0.048577826,-0.012809596,0.18006366,-0.12251645,0.0730527,-0.020926407,0.16984378,-0.035792615,0.19328226,-0.08545017,0.022561645,-0.03369985,0.49380633,-0.042240005,0.2189635,-0.07557476,-0.007000073
182,-0.0053089093,0.47555733,-0.0015598751,0.21907982,-0.0062019257,0.12659468,0.0038208703,0.21683986,0.009759055,0.1214553,-0.015590748,0.20448878,0.009599169,0.013313134,0.010680867,0.10437001,-0.09772868,0.14945905,-0.0016854011,0.049283776,-0.009693724,0.17336012,-0.11958689,0.07887463,-0.018320614,0.16990393,-0.03219946,0.1862742,-0.08705452,0.028288934,-0.031014437,0.4960286,-0.035869103,0.21090555,-0.07936805,0.0047771716
183,-0.006345596,0.4845299,-0.0047558076,0.22037388,-0.006279476,0.12372153,0.00040038128,0.22445013,0.007906138,0.12547776,-0.014832423,0.2063271,0.00781161,0.006983868,0.008848536,0.10245033,-0.09379882,0.15249844,-0.003256809,0.04916083,-0.011797649,0.16896063,-0.11737347,0.08018298,-0.020734949,0.17287527,-0.035568714,0.18167266,-0.087517075,0.027853234,-0.034863662,0.5014998,-0.042509347,0.20561555,-0.08113037,0.0038952653
184,0.0004577816,0.48688003,-0.004634957,0.22232799,0.0007183136,0.12724222,0.0018271711,0.24134308,0.0076821204,0.111512594,-0.009678086,0.21042196,0.008128306,0.0032862555,0.009211058,0.099312276,-0.10332985,0.15152466,-0.0041344534,0.045987077,-0.0130060855,0.17749839,-0.12567692,0.07729216,-0.021902561,0.17164773,-0.037472643,0.19206941,-0.08965706,0.0255534,-0.035753474,0.49746186,-0.044832774,0.21810764,-0.08294815,0.0009148037
185,0.0014326444,0.4848905,-0.0031119366,0.22390273,0.00092290563,0.13097063,0.00348626,0.24010657,0.007668173,0.11389424,-0.008931579,0.20904554,0.008229185,0.004786326,0.009296543,0.09855363,-0.10209732,0.15028054,-0.0039794166,0.044411726,-0.012914019,0.17662296,-0.12519558,0.0751258,-0.021905215,0.17332582,-0.037747934,0.19130059,-0.08952117,0.021081422,-0.03611116,0.50162506,-0.04498489,0.21733482,-0.08367796,-0.0069062663
186,0.0029188981,0.48450002,-0.0010011231,0.22325979,-0.0060560745,0.13324946,0.0044286423,0.23821637,0.007449557,0.126825,-0.015018149,0.20485342,0.0073410226,0.006133249,0.008387387,0.1088653,-0.096598625,0.15009166,-0.003525427,0.043502983,-0.012480441,0.17709363,-0.113577716,0.078828126,-0.019851577,0.17421174,-0.03612853,0.18879592,-0.075924456,0.025143728,-0.033586655,0.504112,-0.042314995,0.21437062,-0.07027422,-0.003380504
187,-0.0010448853,0.49233097,-0.0050465195,0.22354579,-0.0099829845,0.12755471,-0.00061870844,0.23986098,0.0047937,0.13764517,-0.018040957,0.20361534,0.004305152,0.0003205355,0.005208396,0.11358048,-0.08992109,0.15236394,-0.005627583,0.045017622,-0.015026219,0.17364284,-0.1044297,0.082860515,-0.021589108,0.17751302,-0.038984008,0.18336092,-0.0679309,0.029618466,-0.03618765,0.50933075,-0.048141073,0.20813632,-0.06324251,0.0024360942
188,0.004217795,0.49530423,-0.007665736,0.22284147,-0.00044746324,0.12727317,-0.0016340953,0.25945097,0.0034225532,0.11602147,-0.011890357,0.20885366,0.0034988304,-0.0054789847,0.0043807803,0.10679415,-0.10393425,0.14942211,-0.008724628,0.042132165,-0.018470697,0.18445458,-0.119371146,0.07569737,-0.025854934,0.17554015,-0.04442526,0.19812195,-0.07538772,0.021946331,-0.040937938,0.50297636,-0.057117384,0.22630093,-0.06966131,-0.009303644
189,-0.00035786428,0.49622712,-0.011337625,0.22291705,0.0050467895,0.12483941,-0.0045267204,0.26001754,0.0019265965,0.109099366,-0.0075723077,0.21075468,0.0024210748,-0.008948114,0.003323614,0.098132305,-0.10541664,0.14916676,-0.010721344,0.04240272,-0.020706119,0.18159327,-0.12628853,0.07140968,-0.029570619,0.17703114,-0.048439827,0.1975336,-0.084689796,0.016390653,-0.045876242,0.50547767,-0.063596405,0.22611202,-0.07924907,-0.012884864
190,0.0078042746,0.49673185,-0.0056165736,0.2237253,0.004084498,0.13424009,0.0013951364,0.2650814,0.004641043,0.111397006,-0.008021491,0.21274361,0.0052355537,-0.0048504625,0.006009319,0.09801156,-0.105009876,0.15063988,-0.007941667,0.039339323,-0.017657997,0.1814791,-0.12734829,0.071565256,-0.026694382,0.1756127,-0.044538803,0.1981029,-0.086853065,0.0149957305,-0.042175014,0.50493914,-0.055268448,0.22710092,-0.08257957,-0.012690422
191,0.010375319,0.49686038,-0.0022469198,0.22415371,0.0018500948,0.13994116,0.0045706974,0.26294354,0.006014945,0.11862516,-0.009181103,0.21266097,0.0065813162,-0.00128319,0.0072669317,0.09678483,-0.10046799,0.15197392,-0.0062684263,0.038069226,-0.015774012,0.17670546,-0.1264321,0.071070276,-0.025385449,0.17593299,-0.042220984,0.19379373,-0.090473905,0.012581879,-0.04068369,0.50788456,-0.04980247,0.22238436,-0.08744728,-0.011773719
192,0.005677226,0.49871245,-0.004791172,0.22424687,-0.00014778395,0.13592789,0.0014798804,0.25695574,0.0044405083,0.12416845,-0.010537819,0.21190251,0.0048010927,-0.0010911868,0.005402949,0.0975326,-0.09726216,0.15261905,-0.007775442,0.0408846,-0.017222501,0.1742368,-0.12420956,0.07190417,-0.026894182,0.17738675,-0.043343466,0.19124593,-0.0905616,0.014842407,-0.042034186,0.51019984,-0.050474063,0.21969786,-0.088693954,-0.0024581205
193,0.0069261603,0.4945331,-0.001263713,0.22404549,-0.0038323638,0.14028898,0.0045526186,0.250144,0.0054591615,0.1311272,-0.013322309,0.20909403,0.005552067,0.0046233493,0.0061408062,0.10075077,-0.094274,0.1516384,-0.0064547188,0.040716764,-0.015562412,0.17306405,-0.12075692,0.07203979,-0.024930157,0.17709608,-0.04050415,0.18946762,-0.088370785,0.01462696,-0.039221637,0.51133126,-0.044422332,0.21776436,-0.08692171,-0.0026989146
194,0.0058776196,0.49296147,-0.0001141557,0.22420648,-0.0056830673,0.14206162,0.0054330966,0.24440673,0.0056166532,0.13565972,-0.014606476,0.20761691,0.0055896975,0.0071759024,0.006073704,0.10207162,-0.09178884,0.15120135,-0.006144658,0.04183654,-0.01512747,0.17146683,-0.11837721,0.07202388,-0.024392333,0.1784238,-0.039406784,0.18746941,-0.08720955,0.014782709,-0.03824793,0.5141712,-0.04174879,0.21548107,-0.08597135,-0.0013074034
195,0.0011644491,0.5013814,-0.007343108,0.22436251,-0.003020637,0.13225166,-0.0017812962,0.25031888,0.0029623336,0.13170335,-0.013183106,0.21136123,0.002983878,-0.0018159045,0.003229549,0.10102344,-0.09297833,0.15349977,-0.00926365,0.045910865,-0.018797645,0.17221363,-0.118791945,0.07370724,-0.028024537,0.18249337,-0.043821335,0.1882908,-0.086443014,0.019321028,-0.04241727,0.51766247,-0.049320407,0.21650204,-0.08521823,0.011036605
196,-0.0013020192,0.4986296,-0.0068728104,0.22306438,-0.004250235,0.13171394,-0.0015099633,0.24100226,0.0035646933,0.13215487,-0.014736419,0.21084829,0.0034169224,0.0023154356,0.0035785597,0.103344284,-0.09348037,0.15292813,-0.008782659,0.04666534,-0.018066585,0.173741,-0.117704205,0.07473542,-0.026928397,0.18238272,-0.04257962,0.18945614,-0.08434826,0.02011773,-0.040877618,0.5179068,-0.04726831,0.21787784,-0.08346561,0.008831449
197,-0.0028180126,0.49756545,-0.0069539547,0.222593,-0.0057876413,0.13123032,-0.0018839074,0.2369377,0.003183385,0.13449657,-0.01626872,0.20926785,0.0028392794,0.0035916576,0.0029512641,0.10585028,-0.09251729,0.15205178,-0.009132154,0.046375826,-0.01839078,0.17407952,-0.11510261,0.075100765,-0.02685526,0.18251228,-0.04294027,0.18908371,-0.08103523,0.01961918,-0.04098853,0.5186617,-0.0487489,0.21735871,-0.07971417,0.0032983941
198,0.00019010779,0.4976054,-0.008685224,0.22247034,-0.0012537658,0.13019252,-0.002890482,0.24811515,0.001849005,0.122531526,-0.013759303,0.21046995,0.0016738438,-0.0005976388,0.0017525732,0.1055406,-0.101032786,0.14908642,-0.0113718305,0.04494655,-0.020941732,0.18230236,-0.12109903,0.071500994,-0.02912604,0.1814683,-0.046243027,0.19847573,-0.08150172,0.016777799,-0.043284643,0.5139779,-0.054060847,0.2285959,-0.08131476,-0.0011053318
199,0.0013575129,0.4966813,-0.007252734,0.2225437,-0.0012392083,0.13285105,-0.0013603732,0.24749422,0.0026296047,0.12268823,-0.013687361,0.21092418,0.0025054915,0.0007455429,0.0025634824,0.10499343,-0.10126499,0.14922564,-0.010612513,0.044848938,-0.02012648,0.18238774,-0.122086346,0.07092152,-0.02846262,0.18216594,-0.04521904,0.19890739,-0.08276955,0.01573421,-0.04235885,0.515481,-0.05169002,0.22920956,-0.0830299,-0.001852156
200,-0.006603713,0.49775326,-0.010957878,0.22467104,0.0016150502,0.12959571,-0.0047835195,0.239865,0.0013195096,0.124761805,-0.010680301,0.21162027,0.0015334615,-0.0017962508,0.0015201925,0.09912904,-0.09616576,0.1509995,-0.011564307,0.047654226,-0.021335129,0.17481254,-0.12072566,0.07100387,-0.030590951,0.18659775,-0.04749939,0.1912649,-0.085243426,0.015401978,-0.045653842,0.52374065,-0.05642533,0.22021748,-0.08420634,-0.0011812339
201,0.0017880732,0.4948934,-0.0053312844,0.22438392,-0.0024543304,0.13744208,0.00045607856,0.24505892,0.0031914574,0.12825345,-0.014845485,0.20985962,0.0029543939,0.0020041133,0.0029138415,0.10817549,-0.09773851,0.14973824,-0.009644191,0.046219237,-0.019141072,0.1812629,-0.116045296,0.07276152,-0.026867695,0.18542534,-0.04298734,0.19652516,-0.07620091,0.019038748,-0.03983051,0.52128667,-0.04656437,0.22662868,-0.07661713,0.0041980054
202,0.016144622,0.49723136,0.0013174037,0.22372022,-0.010780923,0.14615844,0.005994922,0.26216897,0.0050141816,0.1363285,-0.023511244,0.2078523,0.0038206542,0.0023202603,0.003734617,0.1291158,-0.100070804,0.149954,-0.0073074964,0.042655863,-0.01679468,0.19513315,-0.10242026,0.08110363,-0.020511737,0.18309188,-0.03716256,0.20651725,-0.05158024,0.031512834,-0.030551992,0.51566875,-0.03514462,0.23827486,-0.05424324,0.01763777
203,0.021276195,0.49420708,0.005332074,0.22357292,-0.014323328,0.15354264,0.009614315,0.26542342,0.0051812283,0.14070211,-0.026954401,0.20600869,0.003607115,0.005560313,0.003515458,0.13638794,-0.10008697,0.1492174,-0.006980216,0.03855354,-0.016266245,0.1993741,-0.09746729,0.083577365,-0.018701559,0.17860481,-0.036486577,0.20982672,-0.043132678,0.031617682,-0.02880536,0.5113594,-0.036563944,0.2425286,-0.046272546,0.0037241685
204,0.012256714,0.49982733,0.0023947041,0.22822498,-0.017294016,0.15266344,0.00595663,0.25499728,0.002742066,0.15849727,-0.02652299,0.20504053,0.001454201,0.0036065108,0.0012206744,0.13531522,-0.08687983,0.15474072,-0.007431434,0.04006248,-0.016911201,0.18764965,-0.087253466,0.090682834,-0.01907809,0.18185829,-0.037708316,0.19658224,-0.041206848,0.03739135,-0.03056554,0.5198173,-0.040234357,0.22756971,-0.04868275,0.008937135
205,0.007588816,0.49497983,0.0021393087,0.23036152,-0.013556415,0.15542984,0.0064241714,0.24606387,0.0017172415,0.1548174,-0.022737112,0.20492633,0.0009824049,0.0076183276,0.0006971225,0.12806217,-0.08735966,0.15345295,-0.00851039,0.037995383,-0.017696967,0.18500754,-0.0929262,0.08767165,-0.021005219,0.17878702,-0.04032123,0.19644526,-0.049425006,0.03025629,-0.033908326,0.51884645,-0.046779796,0.2284174,-0.05826988,-0.008748066
206,-0.006749682,0.49785104,-0.0062056016,0.23348545,-0.00531881,0.14660206,-0.0008731232,0.2315239,-0.0016516099,0.14614186,-0.014227647,0.20928553,-0.0012997135,0.0052466043,-0.0018878463,0.1111764,-0.08710277,0.15485448,-0.012350352,0.0418197,-0.021562088,0.17649864,-0.104318686,0.08382185,-0.027596815,0.17933916,-0.04715559,0.19248794,-0.06858873,0.024191055,-0.042784132,0.5206998,-0.059485726,0.22520702,-0.07987095,-0.015498611
207,-0.00983055,0.5020139,-0.013636416,0.23207732,-0.0012438539,0.13382986,-0.008008345,0.23427513,-0.004380494,0.132109,-0.014077173,0.21294893,-0.004207001,0.0003988413,-0.005134359,0.1164161,-0.09769247,0.1534443,-0.016578045,0.047575347,-0.02585206,0.18939327,-0.10650732,0.08607985,-0.030529182,0.17800869,-0.050659407,0.20507573,-0.059167884,0.03410108,-0.04413094,0.5127659,-0.06601647,0.23988743,-0.06898518,-0.0039236844
208,-0.0101503,0.5009838,-0.015346265,0.23073542,-0.0026554451,0.13016693,-0.010104339,0.23455279,-0.0061426084,0.13093135,-0.016887365,0.21006797,-0.0064290245,-0.00044481756,-0.007518726,0.12251021,-0.10019427,0.15033233,-0.01883897,0.048885807,-0.028146321,0.19486311,-0.10355589,0.08585957,-0.031657357,0.17806126,-0.052244533,0.20937005,-0.051359013,0.036615327,-0.044454057,0.5112101,-0.068355985,0.24490929,-0.061187107,-0.0015158168
209,-0.011629255,0.49521104,-0.014015364,0.23066583,-0.004104878,0.13236672,-0.008963695,0.22760212,-0.006572517,0.13453437,-0.01821705,0.20566833,-0.007012046,0.0027421787,-0.008168063,0.12362281,-0.0973495,0.14786175,-0.019009368,0.04826253,-0.028152114,0.19260512,-0.10014186,0.084869675,-0.03140097,0.1785494,-0.05191911,0.20624577,-0.049277008,0.035317738,-0.04407335,0.51373565,-0.06694208,0.24137606,-0.059791576,-0.0017436289
210,-0.008188429,0.48225927,-0.004769,0.23031436,-0.009817898,0.14464483,-0.0002029097,0.21272053,-0.0031378053,0.14512663,-0.02234738,0.19949727,-0.0038787923,0.017680557,-0.004916601,0.12675442,-0.0918493,0.14596204,-0.01467687,0.046358123,-0.022717342,0.18858641,-0.095423475,0.08592487,-0.025727112,0.17632681,-0.04426321,0.20120524,-0.048893712,0.03464442,-0.03684211,0.51518583,-0.051634658,0.23571314,-0.061466124,0.00025633944
211,-0.009834997,0.4784158,-0.0053161164,0.23002496,-0.009702455,0.1440534,-0.000766864,0.20833296,-0.0047087315,0.1452494,-0.022473399,0.19529864,-0.0055280253,0.019052375,-0.006782158,0.12560512,-0.09125087,0.14174238,-0.016587617,0.04574749,-0.024602085,0.18722178,-0.09601906,0.081242114,-0.02787428,0.17798549,-0.046696242,0.20014696,-0.050973453,0.027914137,-0.039495785,0.5193284,-0.055018134,0.23470351,-0.06441798,-0.009218211
212,-0.010687388,0.48254198,-0.007110457,0.23098381,-0.009608347,0.14160417,-0.0026613842,0.20861287,-0.005487486,0.14572944,-0.022204682,0.19636866,-0.0062956214,0.017336499,-0.0078122914,0.12507349,-0.09088496,0.14223589,-0.017619338,0.046726376,-0.02575096,0.18671419,-0.0962086,0.08118493,-0.029115187,0.17977823,-0.047970828,0.19986755,-0.052028432,0.028190648,-0.040813528,0.52159524,-0.056251902,0.23462269,-0.06710989,-0.005667048
213,-0.009775957,0.4840479,-0.009593894,0.22938637,-0.0063478015,0.13832586,-0.004699235,0.21441078,-0.006622233,0.13724095,-0.021760734,0.19687726,-0.007563489,0.014179101,-0.009178936,0.1258871,-0.09656792,0.13951246,-0.019768175,0.046468,-0.028140495,0.19234324,-0.09964425,0.0776268,-0.031390257,0.18044668,-0.050833706,0.20608422,-0.05088225,0.025296956,-0.043022536,0.52062774,-0.06055494,0.24193764,-0.06564655,-0.009186565
214,-0.012263909,0.48862326,-0.009000418,0.2318252,-0.0038440702,0.14124177,-0.0035894373,0.2084491,-0.0040848115,0.13830967,-0.018126106,0.20432904,-0.0043952363,0.015870787,-0.00605145,0.11866524,-0.092397586,0.14744091,-0.016553754,0.047271,-0.024709212,0.18485044,-0.10008459,0.084235266,-0.028968034,0.18018842,-0.0474049,0.19904035,-0.056502625,0.03248716,-0.040675316,0.5221702,-0.054260246,0.23393635,-0.07234338,0.0071113035
215,-0.014599515,0.4882641,-0.008743048,0.23310986,-0.0022094585,0.14405589,-0.0029959565,0.20466723,-0.003691869,0.13938597,-0.01591628,0.20592093,-0.0036389225,0.016234096,-0.0052348785,0.11362246,-0.0891966,0.1501036,-0.015644118,0.0457179,-0.023857458,0.17941193,-0.100315474,0.085449114,-0.028822448,0.18095349,-0.047595453,0.19403632,-0.06047275,0.031139374,-0.04159456,0.525966,-0.055183224,0.22835119,-0.07674805,0.0047770413
216,-0.009460655,0.48075178,-0.0025904481,0.23107307,-0.00022340179,0.15364514,0.0039457805,0.20214166,0.00052565994,0.13182554,-0.015350409,0.20950937,0.0007743122,0.024579948,-0.0005395856,0.111795254,-0.094952226,0.15137538,-0.011706533,0.04412197,-0.019302817,0.18337002,-0.10742641,0.085681245,-0.024822624,0.17772794,-0.042351514,0.19980884,-0.06613771,0.029852165,-0.03651114,0.52192557,-0.045224994,0.23549494,-0.08344091,0.0031332807
217,-0.012130959,0.4848565,-0.006477816,0.231513,0.00058490434,0.14920628,-4.296453e-05,0.20516005,-0.00242675,0.13258784,-0.014092774,0.20772514,-0.0021276711,0.01957287,-0.0035628285,0.109094724,-0.09319759,0.14978091,-0.0147955585,0.04353909,-0.022862269,0.18055518,-0.10753116,0.082321696,-0.028788056,0.1811415,-0.04769891,0.19731852,-0.06826523,0.023452554,-0.042194106,0.52804774,-0.055241477,0.23276709,-0.08608222,-0.009440409
218,-0.008229157,0.48978844,-0.008419126,0.22914283,-0.0020436582,0.14464784,-0.0026153668,0.21541059,-0.003974019,0.13230865,-0.018371116,0.20667182,-0.004330185,0.015932357,-0.005835583,0.11805653,-0.09698192,0.1480893,-0.01690382,0.044108313,-0.025188437,0.18876864,-0.1048769,0.082862236,-0.029639438,0.18175894,-0.0491891,0.20449641,-0.05941755,0.026143352,-0.04213451,0.5260878,-0.057303518,0.24108209,-0.07736835,-0.0069417073
219,-0.011558191,0.49708524,-0.016074035,0.22741194,-0.0013819189,0.13274024,-0.0106528485,0.22168879,-0.0085132755,0.12938517,-0.019761883,0.20529935,-0.009292384,0.0071146307,-0.011273454,0.12220109,-0.09956498,0.14502785,-0.022473117,0.047710434,-0.031391684,0.19343029,-0.10320181,0.08071831,-0.034974914,0.18597287,-0.055845678,0.2084825,-0.053370245,0.026778819,-0.047678,0.52863336,-0.06849275,0.24566571,-0.07097386,-0.0061564553
220,-0.0050126784,0.49982134,-0.012312987,0.22847596,-0.0048895283,0.13789274,-0.00730238,0.22686642,-0.0068840613,0.13584217,-0.022769539,0.20548256,-0.007897116,0.010473541,-0.009866208,0.12830971,-0.097582735,0.1471707,-0.020212974,0.046034276,-0.028758952,0.19517057,-0.09766488,0.085559815,-0.031214476,0.18504044,-0.05123579,0.20872222,-0.046394225,0.032648567,-0.042356677,0.52828187,-0.059130378,0.2458011,-0.06464682,0.0031567034
221,-0.00984748,0.4982499,-0.01194673,0.2291972,-0.008196814,0.13969734,-0.0075317095,0.21765743,-0.00808219,0.1477446,-0.024302617,0.20015076,-0.009155051,0.011888777,-0.011207534,0.12728438,-0.08813846,0.14720538,-0.020270245,0.045215584,-0.028865328,0.18625318,-0.09054577,0.08647543,-0.03129213,0.18828477,-0.051596563,0.19857164,-0.045585975,0.031120272,-0.04327129,0.5372672,-0.059231527,0.23417224,-0.06489686,0.0011905599
222,-0.0066083167,0.49713418,-0.009660734,0.22953841,-0.0046258424,0.14396955,-0.004418617,0.21796054,-0.0059180744,0.13965088,-0.021651726,0.20506471,-0.006627623,0.016859934,-0.008702692,0.12228663,-0.09402091,0.14780685,-0.018945916,0.04493818,-0.0270928,0.18930012,-0.10044924,0.083849706,-0.03076391,0.18645702,-0.05014976,0.20472303,-0.055121906,0.025943708,-0.042464416,0.53469753,-0.05577628,0.2422308,-0.07658379,-0.00542874
223,-0.014194815,0.50311315,-0.015415852,0.23073083,0.0012148104,0.13755487,-0.009443163,0.21334709,-0.0070767105,0.133533,-0.016459484,0.21102756,-0.0071681654,0.011826938,-0.009665814,0.1135227,-0.09421525,0.15095262,-0.020623393,0.048692394,-0.029140996,0.18522242,-0.10532065,0.083968,-0.03409145,0.18945335,-0.05373115,0.20232782,-0.0626977,0.026786651,-0.046913378,0.5380519,-0.062090207,0.23986161,-0.084858194,0.00060115685
224,-0.014235928,0.50733775,-0.017917143,0.22961694,0.0058714165,0.13458693,-0.011223063,0.21728884,-0.00668487,0.12267544,-0.01430021,0.21671122,-0.0065715653,0.008872164,-0.009219264,0.11229901,-0.1011599,0.15223086,-0.021159675,0.0498888,-0.029848304,0.19103897,-0.111101806,0.08415499,-0.034917194,0.18921334,-0.054858547,0.20940858,-0.06405004,0.02845435,-0.04753715,0.53473824,-0.06398163,0.24836384,-0.087076806,0.0049483003
225,-0.015673539,0.50631183,-0.017785883,0.22794385,0.0020736083,0.13438696,-0.011795443,0.21390931,-0.007812268,0.12858835,-0.017692793,0.21280384,-0.0081077665,0.009572627,-0.010839529,0.11546659,-0.09801547,0.15060791,-0.022146758,0.049747583,-0.03088787,0.1895775,-0.106982514,0.08368464,-0.03552778,0.19084254,-0.05604558,0.20696227,-0.0611223,0.026225151,-0.048617367,0.5385735,-0.066553555,0.24547707,-0.084132835,-0.0022287564
226,-0.0097886715,0.5021977,-0.011843817,0.226592,-0.0055353413,0.1415749,-0.0068901097,0.21342787,-0.0068284557,0.13937132,-0.024056276,0.2061972,-0.0078011528,0.01644377,-0.010300204,0.12332755,-0.094233535,0.14815828,-0.0204867,0.045967933,-0.028736137,0.18996614,-0.10030224,0.083970025,-0.03233278,0.18936418,-0.052457873,0.20566417,-0.054814536,0.024005054,-0.04460556,0.5394902,-0.059763473,0.24389301,-0.07818951,-0.009982523
227,-0.0038867537,0.5032294,-0.008122753,0.22794923,-0.010701061,0.14594415,-0.0038837148,0.2168489,-0.0057783406,0.14729749,-0.027784647,0.20494904,-0.007073242,0.02020116,-0.009582758,0.13003086,-0.09227649,0.14906192,-0.018895993,0.04536511,-0.026771171,0.19198863,-0.095025286,0.08743226,-0.029255344,0.18868776,-0.048348654,0.20637545,-0.04865438,0.02912604,-0.03979145,0.53884864,-0.05069352,0.24482058,-0.07413774,-0.00038453052
228,-0.0060654418,0.5048788,-0.009499063,0.22908188,-0.012208891,0.1442092,-0.005628738,0.21471837,-0.0069245594,0.1518228,-0.027836757,0.20487306,-0.0081861075,0.01924827,-0.010984313,0.128828,-0.08915903,0.14997843,-0.01995033,0.04738435,-0.027887356,0.18867786,-0.09366167,0.088013716,-0.030555086,0.19092898,-0.04941158,0.2030758,-0.050492633,0.030269124,-0.041185472,0.5423706,-0.05152649,0.24120288,-0.077629924,0.004693467
229,-0.0029829955,0.50665575,-0.010579446,0.22733857,-0.010863485,0.14299712,-0.0065355003,0.22257881,-0.0075373063,0.14657088,-0.027409678,0.20683601,-0.008857471,0.017171862,-0.011660397,0.12682192,-0.09311895,0.14961424,-0.021380125,0.047097888,-0.029436585,0.19098704,-0.09933892,0.085174546,-0.032721143,0.19136375,-0.051849663,0.20702629,-0.055770416,0.025889367,-0.0438043,0.5420021,-0.05531353,0.24625656,-0.08414243,-0.0011743611
230,-0.009437777,0.51119053,-0.01697967,0.2275176,-0.008330236,0.13567889,-0.012880057,0.22393501,-0.010833729,0.14605445,-0.024671657,0.20826069,-0.011893479,0.008585564,-0.015052926,0.120217435,-0.090490445,0.15075704,-0.024976611,0.05039749,-0.0338156,0.18521532,-0.10125584,0.08284968,-0.038131297,0.19744812,-0.05827757,0.20222817,-0.062190555,0.022737158,-0.05109845,0.55021584,-0.06659718,0.24093626,-0.090841055,-0.002484458
231,-0.0077577573,0.5124422,-0.01739421,0.22716808,-0.009085433,0.13547692,-0.013464157,0.22855602,-0.011667279,0.14585307,-0.02549227,0.20792149,-0.012889498,0.006804218,-0.016130803,0.12147254,-0.09180556,0.14984053,-0.026163448,0.05077923,-0.035176482,0.1871399,-0.10215765,0.081197806,-0.039380677,0.19911502,-0.05971725,0.20450793,-0.062502,0.020843785,-0.052311808,0.5515465,-0.068297654,0.24382621,-0.09270729,-0.003849811
232,-0.0049745473,0.51144636,-0.017283535,0.22846925,-0.0061310236,0.1366176,-0.01278778,0.23355636,-0.012132266,0.13879925,-0.023659386,0.208331,-0.013254487,0.007306341,-0.01655137,0.121557906,-0.09777419,0.14676891,-0.027455062,0.050764944,-0.03642506,0.19311121,-0.10667486,0.077213615,-0.040608563,0.19926047,-0.060698204,0.21144477,-0.06288274,0.018087173,-0.052651234,0.5497966,-0.067958966,0.25224257,-0.0958396,-0.004484955
233,-0.009807293,0.50953263,-0.014570895,0.23028982,-0.0032708829,0.143434,-0.009358511,0.21968116,-0.009586981,0.14360899,-0.018371247,0.21152033,-0.009773669,0.014328784,-0.013025261,0.10576939,-0.08942954,0.15252845,-0.023928085,0.05171815,-0.032236017,0.17721823,-0.11156315,0.07784056,-0.03936696,0.20113623,-0.056484863,0.19756567,-0.080870084,0.01649947,-0.051444173,0.5595074,-0.057318516,0.23637721,-0.11329058,0.004238516
234,-0.0053372215,0.50214624,-0.007204329,0.23167886,-0.0030237217,0.15494117,-0.0014603015,0.21365876,-0.0057356292,0.14403287,-0.017506458,0.21214426,-0.005622177,0.025110653,-0.008597117,0.10311564,-0.08958846,0.15368402,-0.019574353,0.049790252,-0.02694538,0.17600645,-0.1148108,0.078464165,-0.034711033,0.19874056,-0.04933835,0.19738364,-0.08670746,0.01614468,-0.044882365,0.55924714,-0.041508872,0.23647422,-0.12118158,0.00818205
235,-0.0038664648,0.5042566,-0.008779377,0.23171735,-0.0040645357,0.1530527,-0.0033365584,0.21969801,-0.007645931,0.14670959,-0.018554976,0.20983265,-0.007742684,0.022172583,-0.01072557,0.1050669,-0.08853141,0.15220141,-0.021468602,0.04885312,-0.029144796,0.17627472,-0.11266615,0.076699965,-0.036560036,0.20093557,-0.052191798,0.19726603,-0.084469125,0.012230617,-0.047401335,0.5623186,-0.046999358,0.23644194,-0.11960801,-0.0028442002
236,0.00024155562,0.5061886,-0.011863738,0.22883134,-0.0040558036,0.14732851,-0.0066263904,0.23259142,-0.00990943,0.14208387,-0.021326423,0.20769563,-0.010582863,0.016334945,-0.013575249,0.1115671,-0.09374403,0.1486418,-0.024531007,0.048636153,-0.03267822,0.18421443,-0.11223891,0.07427206,-0.038865816,0.20214723,-0.05581271,0.20489326,-0.078536056,0.011034615,-0.049415186,0.56027967,-0.052648168,0.24561729,-0.1158574,-0.004455367
237,0.006827739,0.5059642,-0.008302539,0.22953185,-0.0057636173,0.15236214,-0.003149407,0.23949867,-0.008702648,0.14481913,-0.0223364,0.20700255,-0.0094266,0.01868772,-0.012134581,0.11277671,-0.09346393,0.14899816,-0.022907753,0.046380524,-0.030838707,0.18470386,-0.1124364,0.07398166,-0.03698503,0.20176587,-0.053321507,0.20558171,-0.07942945,0.008294454,-0.046951845,0.5609841,-0.047395,0.24649951,-0.11767133,-0.012106456
238,0.0038220943,0.5072407,-0.009858813,0.23137173,-0.0074572405,0.15013324,-0.005133429,0.23555563,-0.010253572,0.14968842,-0.023026532,0.20582636,-0.0110923145,0.019773994,-0.014021594,0.11397509,-0.09097984,0.1487436,-0.024430351,0.04870133,-0.03216246,0.18353863,-0.11013182,0.07468042,-0.03812992,0.20223022,-0.053703763,0.20430504,-0.07864243,0.011420207,-0.047302768,0.5622737,-0.046039004,0.2452511,-0.11806895,-0.0014080764
239,0.014584248,0.5087105,-0.005183637,0.22954585,-0.019512014,0.15438426,-0.0024444417,0.24919878,-0.010504296,0.16634074,-0.03539193,0.19850618,-0.012953565,0.020568332,-0.015507442,0.13880134,-0.088615455,0.14760704,-0.023613296,0.045408778,-0.031126838,0.19504589,-0.09142451,0.08369228,-0.032511745,0.1978365,-0.048508607,0.21152377,-0.05147223,0.025852704,-0.038443096,0.55371153,-0.035292942,0.2541796,-0.09384368,0.017480489
240,0.00876504,0.5092586,-0.006739935,0.23239154,-0.021778092,0.15467538,-0.004507795,0.2415406,-0.013123055,0.17585193,-0.035931975,0.19557443,-0.015489416,0.021227602,-0.018388903,0.14146766,-0.08178146,0.14822447,-0.0252258,0.04420478,-0.032572012,0.19127485,-0.08244432,0.08828249,-0.032873377,0.19552094,-0.049844023,0.20623119,-0.04434676,0.030617602,-0.039226085,0.55282795,-0.03920655,0.2485114,-0.08799539,0.014707752
241,0.0016886018,0.51992387,-0.016910624,0.23936756,-0.008112507,0.14446543,-0.012661219,0.24443269,-0.014872822,0.1585407,-0.021800691,0.2120499,-0.01515582,0.013188262,-0.018606573,0.11900611,-0.08515587,0.15701899,-0.027514523,0.042665545,-0.03508757,0.184009,-0.09913754,0.088419035,-0.038800735,0.19270816,-0.05721508,0.20500587,-0.06701173,0.025091862,-0.048765536,0.5499626,-0.05469249,0.24899122,-0.11344575,0.0061468654
242,0.001354873,0.5171233,-0.0151044335,0.24230652,-0.004537468,0.14930896,-0.010043571,0.23822308,-0.013711862,0.15458298,-0.017416367,0.21577473,-0.013245887,0.019087449,-0.01670283,0.11063592,-0.085295364,0.15904792,-0.0262179,0.039229136,-0.03329879,0.18009143,-0.10552602,0.08767022,-0.038503606,0.1888129,-0.056710064,0.20359357,-0.07742546,0.019216366,-0.049495425,0.5479156,-0.05485373,0.24830735,-0.12515432,-0.007289265
243,0.0058097728,0.5117952,-0.009642671,0.24282274,-0.0041644135,0.15801445,-0.0041583763,0.2349956,-0.011211778,0.15403442,-0.017633764,0.21574825,-0.01065787,0.026896646,-0.013837872,0.11139961,-0.0856335,0.15953442,-0.023271171,0.03596594,-0.029801607,0.18072826,-0.10506748,0.08921259,-0.03484832,0.18551058,-0.05216877,0.20415367,-0.07634411,0.019390628,-0.044859007,0.54559845,-0.04658625,0.24930009,-0.12410359,-0.01014544
244,-0.0009856585,0.5171271,-0.019464338,0.24041145,-0.002435563,0.14221331,-0.014291598,0.23572873,-0.015046765,0.15198229,-0.019372018,0.21676622,-0.014963338,0.017963728,-0.019090852,0.11666944,-0.08570788,0.15887393,-0.02822321,0.042298775,-0.03517576,0.18337339,-0.09801634,0.09249594,-0.038713817,0.1895058,-0.057004593,0.20445557,-0.06456114,0.029011995,-0.04813209,0.54766876,-0.054665886,0.24973531,-0.111407995,0.00567976
245,-0.011246956,0.5224443,-0.028080009,0.24218662,0.0022162187,0.13014568,-0.02255476,0.22901163,-0.017518032,0.15069248,-0.01529714,0.22180133,-0.016902253,0.013212203,-0.021891518,0.110865824,-0.083997495,0.16144957,-0.031243125,0.04748887,-0.03835347,0.17966749,-0.09947403,0.09398768,-0.042575955,0.19277151,-0.06140486,0.20181185,-0.068315305,0.0312347,-0.053008124,0.55150634,-0.06287687,0.24725327,-0.11611077,0.010149897
246,-0.011039217,0.51173997,-0.024525294,0.24585438,0.01038878,0.134331,-0.017162219,0.21507059,-0.01429193,0.13739726,-0.007815979,0.22708727,-0.012499425,0.02993604,-0.017575514,0.10200432,-0.09510369,0.159407,-0.028926544,0.046628367,-0.034609254,0.18648343,-0.11771755,0.088578254,-0.04073049,0.18621859,-0.057761982,0.21430449,-0.08455313,0.021925174,-0.049940906,0.54256344,-0.055197038,0.26296255,-0.13736562,-0.0026417389
247,-0.0054780683,0.50452495,-0.018908354,0.24734941,0.008603295,0.14097589,-0.011554915,0.21144086,-0.012735262,0.13796924,-0.009395266,0.22412227,-0.011075629,0.040801257,-0.015622565,0.10641447,-0.09859561,0.15680008,-0.026988184,0.043753352,-0.031789925,0.19248363,-0.11955561,0.08766339,-0.037285767,0.18215626,-0.053355664,0.22108613,-0.08336172,0.019545037,-0.04475611,0.53748405,-0.046421763,0.27133924,-0.13861288,-0.008647402
248,-0.008079809,0.50531375,-0.022109367,0.248899,0.00755991,0.13656044,-0.01518416,0.2116103,-0.015995746,0.14078939,-0.010103582,0.22101824,-0.014556728,0.03901457,-0.01967591,0.10898477,-0.09764074,0.1531776,-0.030801276,0.045319125,-0.035692252,0.19349869,-0.11683502,0.08547155,-0.040587787,0.18387441,-0.057305057,0.2217032,-0.07982743,0.017949546,-0.048123825,0.5391657,-0.052690253,0.2724228,-0.13638963,-0.012659986
249,-0.011326004,0.5141153,-0.02454888,0.2510983,0.00435554,0.13384917,-0.01844152,0.21068111,-0.016100643,0.15106677,-0.011604557,0.22627649,-0.014796859,0.03632784,-0.02048257,0.10983615,-0.09003118,0.16031547,-0.030528644,0.046709128,-0.035449624,0.18773389,-0.109276354,0.09453389,-0.039972458,0.18340299,-0.056932453,0.21469012,-0.07635072,0.02789165,-0.048093315,0.5402058,-0.05302677,0.26479575,-0.13369103,1.8922728e-05
250,-0.013381424,0.51970434,-0.026360173,0.25319153,0.0016200317,0.13162903,-0.020935183,0.21053047,-0.017062848,0.15936108,-0.0127644,0.22755879,-0.015914558,0.034179546,-0.02200557,0.11052103,-0.084484704,0.1631802,-0.03130556,0.04783382,-0.03633954,0.1836756,-0.10392801,0.098203264,-0.040646687,0.18488236,-0.057886478,0.20971051,-0.07389988,0.03156274,-0.0492849,0.5436457,-0.054991025,0.25929636,-0.13205056,0.0038380376
