Epoch,Layer0_theta_1,Layer0_r,Layer0_theta_2,Layer0_bx,Layer0_bp,Layer0_gamma,Layer1_theta_1,Layer1_r,Layer1_theta_2,Layer1_bx,Layer1_bp,Layer1_gamma,Layer2_theta_1,Layer2_r,Layer2_theta_2,Layer2_bx,Layer2_bp,Layer2_gamma,Layer3_theta_1,Layer3_r,Layer3_theta_2,Layer3_bx,Layer3_bp,Layer3_gamma,Layer4_theta_1,Layer4_r,Layer4_theta_2,Layer4_bx,Layer4_bp,Layer4_gamma,Layer5_theta_1,Layer5_r,Layer5_theta_2,Layer5_bx,Layer5_bp,Layer5_gamma
1,0.054126818,0.07155579,0.053934,0.0670911,-0.057903517,0.05972148,0.053798627,0.069466,0.054645285,0.06859525,-0.056897867,0.05972148,0.054667003,0.0590749,0.055266283,0.06859185,-0.05637194,0.05972148,0.055276856,0.057676736,0.055368625,0.06776212,-0.055577755,0.05972148,0.055364456,0.058570184,0.054946087,0.06654707,-0.055060968,0.05972148,0.054925468,0.06699621,0.054247677,0.065717965,-0.05467384,0.05972148
2,0.02410858,0.13656537,0.02396166,0.11789948,-0.0479817,0.035865992,0.02349212,0.102480754,0.025739195,0.11206448,-0.043010972,0.03443244,0.025582531,0.035588987,0.027511371,0.09780826,-0.04015212,0.033888552,0.028073668,0.03125754,0.028425796,0.081474826,-0.037548073,0.033899028,0.0287944,0.033619512,0.02644865,0.068221144,-0.034568984,0.03431884,0.026460877,0.08919446,0.0242904,0.06047292,-0.032793727,0.035303246
3,0.042189926,0.17721763,0.0381293,0.14574769,-0.07243501,0.057998322,0.03514472,0.14623247,0.03352306,0.14653231,-0.06073098,0.052120816,0.03130311,0.04947373,0.03368642,0.13192973,-0.05432587,0.049940586,0.033527736,0.041606933,0.034318347,0.11099211,-0.049410287,0.04989063,0.03449452,0.039382506,0.031402644,0.09324331,-0.04519233,0.051407713,0.03147336,0.11306574,0.031930286,0.08377706,-0.043462362,0.055541854
4,0.024951171,0.20690677,0.026035195,0.163944,-0.07450758,0.042370055,0.022703068,0.15298526,0.024666244,0.16351768,-0.060711663,0.037632506,0.022392232,0.038887005,0.025727592,0.14513482,-0.052821912,0.038679536,0.025852153,0.02925465,0.02655991,0.119591996,-0.046763826,0.038392037,0.027014473,0.029854437,0.022881733,0.098334834,-0.04142021,0.03710272,0.023125008,0.121846646,0.021312589,0.086807236,-0.03891385,0.037991866
5,0.027770365,0.22702889,0.027546369,0.1748994,-0.07771316,0.05231748,0.024074046,0.16591243,0.026501635,0.17470568,-0.06220589,0.044976998,0.024204673,0.041062105,0.028019939,0.15448435,-0.053246807,0.04788188,0.02836975,0.030087389,0.029034922,0.12635058,-0.046341345,0.04780371,0.029703794,0.031680834,0.024937566,0.10304132,-0.040212646,0.045503505,0.025297482,0.13371335,0.023370724,0.09044933,-0.037140846,0.047072064
6,0.022945942,0.23908296,0.024350736,0.18140009,-0.07662173,0.049209017,0.021084668,0.16919896,0.025128512,0.1801283,-0.060611043,0.046114217,0.023127586,0.038440716,0.027321793,0.15809517,-0.05114506,0.051077183,0.028014636,0.02689165,0.028592382,0.12802993,-0.043785114,0.051271517,0.029507346,0.03043739,0.024268609,0.10332453,-0.0371412,0.047939513,0.024743238,0.14001366,0.021821536,0.08982075,-0.033613235,0.04641977
7,0.019945212,0.2448694,0.022426197,0.1844334,-0.07666139,0.04650872,0.019162528,0.16983706,0.024195375,0.18280013,-0.060321752,0.045999315,0.022256639,0.036273297,0.026650393,0.1600599,-0.050599974,0.051831447,0.027442385,0.024519589,0.027953448,0.12918797,-0.043008145,0.051959872,0.028949402,0.029327277,0.023446914,0.10387719,-0.03610473,0.04792621,0.02396535,0.14304096,0.020358996,0.090006195,-0.032335207,0.04425163
8,0.021622328,0.24726519,0.023552094,0.18550037,-0.0793371,0.0484377,0.019985856,0.17144413,0.024914008,0.18467264,-0.062461812,0.046751827,0.02270331,0.03675272,0.027132506,0.16237988,-0.052574247,0.052116483,0.027738852,0.024863176,0.028221857,0.13166614,-0.04486681,0.051868007,0.029122353,0.029749617,0.02353074,0.10637526,-0.037889842,0.047601808,0.024025457,0.1446563,0.020344377,0.09267982,-0.034049027,0.043914177
9,0.018710166,0.24850896,0.021736583,0.18646891,-0.07896211,0.04510336,0.018186482,0.16971089,0.023762789,0.18532394,-0.06207525,0.0452322,0.021596715,0.03452886,0.026081419,0.16273636,-0.052151024,0.050872765,0.02672631,0.022845592,0.027145637,0.13176136,-0.04439688,0.050475493,0.0280745,0.02873467,0.022353353,0.10629605,-0.037338793,0.045768972,0.02286494,0.14576979,0.01858483,0.09248234,-0.033387598,0.04033572
10,0.020676937,0.24884023,0.023121152,0.18657811,-0.081591286,0.047100853,0.019259378,0.17038925,0.02459637,0.18635462,-0.06427671,0.045895968,0.022135973,0.03503315,0.026605707,0.16444555,-0.054251667,0.05084674,0.027031632,0.023352265,0.027429659,0.13386665,-0.046421323,0.05004925,0.02824021,0.029212805,0.022489788,0.108583584,-0.039321642,0.04522788,0.022969276,0.14650662,0.018698812,0.09503556,-0.03530816,0.04004419
11,0.020771388,0.24842818,0.023159355,0.18611488,-0.083484,0.04627513,0.019013094,0.16980293,0.024267957,0.18647602,-0.06595572,0.043975625,0.02153488,0.03469647,0.025975129,0.16520989,-0.05597792,0.04814822,0.026171463,0.023044722,0.02655405,0.1351676,-0.048206985,0.046918314,0.027225694,0.028772846,0.021485642,0.1102183,-0.041170437,0.041985393,0.02191661,0.14594446,0.01748594,0.096995,-0.037167672,0.036635734
12,0.020679997,0.24967504,0.0232816,0.18701932,-0.078173496,0.049516268,0.019916864,0.17023546,0.025322234,0.18515667,-0.061375458,0.050214943,0.023299305,0.034957264,0.027753856,0.16223724,-0.051553313,0.05607697,0.028512098,0.024059236,0.028828656,0.13117763,-0.0438994,0.05534495,0.029801926,0.031241842,0.023898771,0.10573191,-0.036879513,0.05001012,0.024397451,0.15127778,0.02000792,0.091911264,-0.032876294,0.043686993
13,0.018116295,0.24931878,0.021580402,0.18630002,-0.07848355,0.045674432,0.018073872,0.1680824,0.023873515,0.18429849,-0.06179474,0.047027647,0.021716984,0.033062447,0.026163308,0.16170613,-0.052192204,0.052500978,0.026776763,0.02235476,0.027050234,0.13114096,-0.04474365,0.05134661,0.027918467,0.030088698,0.02197214,0.10608287,-0.037867554,0.045604423,0.022422735,0.15128735,0.017438147,0.09254401,-0.033899546,0.037673853
14,0.021581668,0.24871202,0.024031758,0.18563206,-0.0811838,0.04953786,0.020215476,0.1690732,0.025447346,0.18460003,-0.06417514,0.04891829,0.022964485,0.03439879,0.027347343,0.16293266,-0.054594204,0.053474993,0.02770288,0.023899602,0.027950594,0.13306753,-0.047179546,0.051804725,0.02866505,0.0315664,0.02270699,0.10842056,-0.04034507,0.04593495,0.023102667,0.152979,0.018290667,0.0953036,-0.036338374,0.038478244
15,0.022094212,0.24830012,0.024638837,0.1855354,-0.08132347,0.050844204,0.020821773,0.16811118,0.02609381,0.18438262,-0.06431895,0.050693583,0.0235979,0.033789963,0.027951447,0.1627756,-0.054805346,0.055109628,0.028290007,0.02390672,0.028467083,0.1330508,-0.047461912,0.053094614,0.029159203,0.03251995,0.023095204,0.10852519,-0.040680066,0.046784714,0.023469426,0.15559083,0.018460099,0.09549769,-0.036687292,0.038451634
16,0.015904251,0.2485101,0.020780312,0.18616813,-0.07664422,0.04536855,0.017487543,0.1632783,0.024008187,0.18276393,-0.060343552,0.05005644,0.022034781,0.029217448,0.026423985,0.15974988,-0.051103633,0.055666458,0.027136426,0.02047787,0.027172728,0.1293483,-0.043997146,0.053604826,0.02804758,0.03173083,0.021724993,0.104579486,-0.03733213,0.04628968,0.022127118,0.1591242,0.016007679,0.09114928,-0.03341727,0.034224402
17,0.024545232,0.24782868,0.026692258,0.18515627,-0.0853449,0.053628422,0.022383846,0.16730203,0.027456172,0.18500352,-0.06790045,0.052136466,0.024457054,0.033586323,0.028756443,0.16480286,-0.058470447,0.055188503,0.028690204,0.024336236,0.028750235,0.13620462,-0.051119126,0.05210817,0.029209202,0.03375748,0.023012841,0.11232526,-0.04414958,0.045209564,0.023315098,0.15886012,0.01792848,0.0999539,-0.03958073,0.035964515
18,0.015060723,0.25078192,0.020410234,0.1872537,-0.08007224,0.044850353,0.01666205,0.16090213,0.023782302,0.18422177,-0.063218005,0.049540147,0.021413034,0.026528068,0.025817929,0.16199106,-0.053923916,0.05434102,0.026222384,0.018555831,0.02606798,0.13220914,-0.04669203,0.05122865,0.026773619,0.031674717,0.020159315,0.10777449,-0.0397358,0.042871315,0.020510975,0.16271546,0.013295332,0.09476743,-0.035207104,0.028392
19,0.021134336,0.2555367,0.024722321,0.18936011,-0.08282632,0.053820923,0.020856924,0.16503578,0.027584314,0.18672884,-0.06536149,0.057551563,0.025071109,0.029522074,0.029569265,0.16484573,-0.055764247,0.062321585,0.029924195,0.021642357,0.029657323,0.13505287,-0.048127253,0.058740795,0.030367529,0.035130367,0.023561528,0.1104731,-0.0405978,0.0500598,0.023929726,0.16801117,0.017107712,0.09756639,-0.035201747,0.036214195
20,0.017892255,0.25873148,0.022340024,0.1898006,-0.085943274,0.048255924,0.017942175,0.16363353,0.025475824,0.18796252,-0.06804889,0.052328296,0.022513574,0.026782302,0.027080646,0.1669989,-0.058362193,0.056498826,0.027081694,0.018527301,0.026723212,0.137783,-0.0505309,0.052320432,0.027256772,0.032890003,0.020283297,0.11344735,-0.042666152,0.043050174,0.02062573,0.16794012,0.012572757,0.10088292,-0.036693137,0.026986709
21,0.020553736,0.2613997,0.024249954,0.19048306,-0.086210504,0.052304447,0.019929994,0.16609605,0.027351478,0.18855877,-0.06819228,0.057090465,0.024446,0.028239265,0.029065803,0.16747937,-0.058423456,0.061625842,0.029134303,0.020051796,0.02872665,0.13812026,-0.05051162,0.05734932,0.029300679,0.035143174,0.022198103,0.11368534,-0.042557023,0.04775574,0.022546835,0.17215858,0.014635258,0.10108689,-0.03647829,0.031545896
22,0.018887099,0.26099575,0.022890728,0.18919468,-0.0865592,0.049625635,0.01839885,0.16456485,0.025760287,0.18707545,-0.06881398,0.053185076,0.022647062,0.027403252,0.027199207,0.16664092,-0.059518542,0.056830406,0.027026527,0.019460725,0.026570885,0.13820873,-0.052012146,0.05194448,0.026964834,0.034793753,0.019824436,0.11445357,-0.044296924,0.042002622,0.02009422,0.1731152,0.011524355,0.10231907,-0.03823789,0.024724837
23,0.018435748,0.26218852,0.02272517,0.18865462,-0.08000139,0.052878965,0.019141637,0.16470923,0.02658073,0.18329616,-0.063393354,0.0593248,0.024240248,0.027891371,0.028784102,0.16111745,-0.054843206,0.064110726,0.029125493,0.021209,0.028589638,0.13231348,-0.04815759,0.059131883,0.029162869,0.03849055,0.021836808,0.108728275,-0.041209057,0.048318163,0.022051038,0.18092732,0.0134850815,0.096319966,-0.036031894,0.029595394
24,0.021603052,0.26314345,0.02442163,0.18646976,-0.08617186,0.053497106,0.019946417,0.1677875,0.026534531,0.18345894,-0.0691361,0.05513967,0.023278542,0.030654322,0.027776984,0.1640809,-0.060878776,0.057744138,0.027358135,0.02261241,0.026879223,0.13744698,-0.054240845,0.051947005,0.027034696,0.03783962,0.019863214,0.11504502,-0.04698364,0.04152238,0.019994115,0.17895646,0.011265806,0.10378258,-0.04089538,0.023635944
25,0.018370287,0.26484212,0.02234837,0.18712692,-0.08204907,0.052018546,0.018389367,0.16574726,0.0256523,0.18175566,-0.065635644,0.05680127,0.022875326,0.028577605,0.027380845,0.16100876,-0.05776074,0.06023277,0.027282983,0.021647906,0.026665274,0.13390951,-0.051543925,0.054202832,0.026938926,0.039073296,0.019510826,0.1114692,-0.04465234,0.042805817,0.019611087,0.18413565,0.010171146,0.09994168,-0.039002854,0.022550173
26,0.017725976,0.2651065,0.022069007,0.18725826,-0.08022137,0.05248755,0.018361343,0.16442567,0.025765812,0.18064351,-0.06413983,0.05844485,0.023197686,0.027849628,0.027671719,0.15939616,-0.056548405,0.062066138,0.027701002,0.02188738,0.026977887,0.13229813,-0.050597966,0.055708863,0.02728282,0.0406746,0.0196996,0.10999769,-0.04386911,0.043690365,0.019769205,0.1883874,0.010014881,0.09846638,-0.038324654,0.022034904
27,0.019749824,0.26639897,0.02350086,0.1879472,-0.08115579,0.055371065,0.019750584,0.16510072,0.026966605,0.18134208,-0.06492881,0.061033938,0.024337087,0.028559247,0.02880304,0.16032058,-0.057340756,0.064379334,0.028793676,0.023051647,0.027971601,0.1334012,-0.051314615,0.057610463,0.028261786,0.042513095,0.020538874,0.11119019,-0.04436514,0.045280285,0.020612923,0.1920094,0.010783077,0.09980999,-0.038426585,0.023400387
28,0.017998848,0.26829457,0.022192102,0.18853153,-0.08271496,0.053087264,0.018174008,0.16360836,0.025834966,0.1822446,-0.06633756,0.059031688,0.022978386,0.026700262,0.027460456,0.161821,-0.058771636,0.061889004,0.027273683,0.021455342,0.026319275,0.1353042,-0.05259474,0.05455874,0.02653711,0.04195403,0.018599171,0.1132543,-0.045252528,0.041707043,0.018691748,0.19369867,0.007900382,0.10211704,-0.038632777,0.016858006
29,0.022371307,0.27168924,0.025401503,0.18957855,-0.085261196,0.058752626,0.021221038,0.16750911,0.028729895,0.18434635,-0.06836497,0.0649638,0.025716465,0.029094107,0.030287964,0.16443644,-0.060434937,0.06772779,0.030047093,0.023553846,0.029057788,0.13789417,-0.0538266,0.0601961,0.029294686,0.04419508,0.02129234,0.115679875,-0.046000164,0.04737435,0.021433093,0.19676213,0.011208519,0.10464549,-0.03879613,0.021954343
30,0.015382895,0.27457553,0.020534148,0.19145687,-0.08342355,0.051485077,0.01645112,0.16284996,0.025429046,0.18480888,-0.06664505,0.06130022,0.0226171,0.02360575,0.027230896,0.16394484,-0.058741335,0.06470992,0.027140183,0.01912481,0.025932431,0.13685083,-0.052112505,0.056826733,0.026257852,0.04278952,0.017819973,0.114373796,-0.044140935,0.042773403,0.017992755,0.20005873,0.0059025385,0.10310283,-0.036803506,0.012897594
31,0.017825415,0.2760375,0.022085784,0.19190814,-0.08826705,0.052702073,0.017385675,0.16359036,0.02607481,0.18686457,-0.0708617,0.06033732,0.022668185,0.024399688,0.027282076,0.16770887,-0.06276949,0.06257529,0.026764173,0.019653246,0.025474641,0.14155711,-0.055638023,0.054054894,0.025626304,0.042775806,0.017150443,0.11941129,-0.04673627,0.040081732,0.017351529,0.20021951,0.0049879197,0.10870935,-0.037857007,0.009794411
32,0.018563224,0.28027937,0.022789193,0.19360319,-0.086677276,0.055472426,0.018432742,0.16503997,0.027615001,0.1872401,-0.06928828,0.066198416,0.024545178,0.024610769,0.029257113,0.16704458,-0.061141733,0.06926926,0.029019888,0.020444825,0.027616126,0.14025964,-0.054011617,0.060568973,0.027905846,0.045073368,0.01925099,0.11783845,-0.045127273,0.046037752,0.019460524,0.20518394,0.007326101,0.10689862,-0.036458515,0.015221049
33,0.019940296,0.2815307,0.023612821,0.19360876,-0.08862168,0.056463145,0.01900951,0.16612212,0.027954899,0.1878889,-0.07107575,0.06605901,0.024622997,0.025534732,0.029328935,0.16855934,-0.062985785,0.06850802,0.028885324,0.021133186,0.027437428,0.14236888,-0.055729445,0.059443712,0.02763472,0.04567201,0.018937051,0.12021817,-0.04646198,0.04488033,0.01915623,0.20677376,0.0068301065,0.109619685,-0.037057053,0.013687033
34,0.015390773,0.28328383,0.020462653,0.19382194,-0.08705763,0.052098934,0.015935674,0.16351736,0.025734743,0.18707365,-0.069808684,0.06387095,0.022516187,0.022341374,0.027219944,0.16730447,-0.061991923,0.066525385,0.026819814,0.018692572,0.0252501,0.14112167,-0.054992203,0.05712711,0.025442606,0.045306433,0.016475163,0.11907498,-0.04591322,0.041679624,0.016673587,0.20971395,0.0031888774,0.108441465,-0.0367299,0.0081432415
35,0.01714403,0.28394395,0.021623848,0.19381754,-0.08714124,0.05473522,0.017144846,0.16483033,0.026636872,0.18697445,-0.0699942,0.0659199,0.023413075,0.023730658,0.028120868,0.1674195,-0.062347956,0.06829577,0.02769848,0.019967914,0.026113963,0.14151673,-0.055426177,0.058692046,0.02628835,0.046396215,0.017320896,0.11963809,-0.046276525,0.043295585,0.01751845,0.2113446,0.0042525465,0.109134495,-0.036869388,0.010003522
36,0.016191836,0.28333575,0.020979147,0.1936313,-0.08593486,0.054492056,0.016637519,0.16344611,0.02612759,0.18607892,-0.06909457,0.06572126,0.023005603,0.023092242,0.027670024,0.16635133,-0.061755013,0.06794795,0.02728239,0.019959059,0.025638584,0.14062922,-0.055101365,0.05809332,0.025802065,0.047134884,0.01673843,0.118934155,-0.046126563,0.04238202,0.016913142,0.21356529,0.003337604,0.10846609,-0.036867823,0.008369708
37,0.017826153,0.28290653,0.022103334,0.19327757,-0.087371685,0.055948265,0.01759096,0.16400892,0.026723621,0.18637595,-0.070453055,0.06582309,0.023403991,0.024100471,0.028043907,0.1673911,-0.06317371,0.06747739,0.027498893,0.020884713,0.02584989,0.1421666,-0.05644595,0.057401255,0.025942119,0.047702976,0.016901653,0.12069667,-0.047219787,0.04180508,0.01708355,0.21418475,0.0035964968,0.110494696,-0.037443772,0.00795007
38,0.017389564,0.28348094,0.021972569,0.1936215,-0.08580598,0.05651866,0.017701147,0.16347456,0.027068393,0.1858505,-0.06904545,0.06792399,0.02397728,0.023537215,0.0286221,0.16616309,-0.061850004,0.06996639,0.028241009,0.021115264,0.026530711,0.14061278,-0.055312615,0.059786994,0.026681006,0.049147174,0.017534573,0.11905767,-0.04638137,0.043776333,0.017694185,0.21726635,0.004275675,0.1086858,-0.037123304,0.00962958
39,0.018748142,0.28337342,0.02285047,0.1925716,-0.08777905,0.056992844,0.018283358,0.16409567,0.027356667,0.1856291,-0.07093736,0.0671084,0.023946729,0.02432079,0.028569823,0.16707219,-0.063884325,0.06846496,0.027923372,0.021708382,0.026205847,0.14235087,-0.057319127,0.057953477,0.026217554,0.04949446,0.017087411,0.12120152,-0.04813755,0.04190875,0.017230453,0.21795718,0.0037371689,0.11122117,-0.03829432,0.007418593
40,0.018610172,0.28546697,0.022880645,0.19264397,-0.08663861,0.057262894,0.018486975,0.1648645,0.027931647,0.18495262,-0.069875054,0.06953724,0.024693662,0.024036411,0.029361749,0.16582376,-0.062912054,0.07137638,0.028832117,0.021916883,0.02706765,0.14089891,-0.056582022,0.060707346,0.027100144,0.051024195,0.01787046,0.11975224,-0.047775693,0.04409927,0.017966406,0.22135936,0.0046280473,0.109675735,-0.038558062,0.009141304
41,0.017062888,0.2849569,0.021797778,0.19155292,-0.08520003,0.056060754,0.017511547,0.16334753,0.02699627,0.18277931,-0.06893095,0.06848757,0.023803735,0.023329591,0.028420726,0.16373868,-0.06268471,0.06996951,0.02781792,0.021789331,0.026004579,0.1395927,-0.057013243,0.058799822,0.02591948,0.051665675,0.016602699,0.119068585,-0.048652913,0.04158661,0.016613055,0.22399306,0.0028292472,0.10926021,-0.039742492,0.0050197793
42,0.022734433,0.2856037,0.025925541,0.19075517,-0.08706617,0.06262519,0.021552434,0.16733083,0.030295135,0.18274899,-0.07070564,0.07380417,0.02691457,0.027335381,0.031567857,0.16474587,-0.06464191,0.07461602,0.030806422,0.025260078,0.02905939,0.14141421,-0.058999307,0.063138075,0.028887412,0.053980485,0.019779326,0.12132927,-0.05041523,0.046301328,0.0197842,0.22577584,0.0073066438,0.111968875,-0.040908158,0.011079095
43,0.018533707,0.28772768,0.022833243,0.19035926,-0.08700103,0.057470948,0.018279726,0.16499442,0.027752412,0.18189646,-0.070831016,0.06981143,0.024237068,0.024366593,0.028874472,0.16422373,-0.065118715,0.07040314,0.027954016,0.02281828,0.02606769,0.14146574,-0.059696753,0.0583785,0.025785662,0.053268906,0.016397016,0.12175596,-0.0511163,0.040608734,0.016367871,0.22809748,0.002508627,0.11263388,-0.04145074,0.0027834605
44,0.020708492,0.2902379,0.024458282,0.19111457,-0.086751945,0.06072142,0.020062706,0.16740517,0.029589579,0.1823772,-0.070487596,0.07445662,0.02621224,0.02566954,0.030913917,0.16429295,-0.06468505,0.075356826,0.03011809,0.024261119,0.028200485,0.1412352,-0.059253294,0.06322631,0.027978837,0.055325553,0.018563917,0.1214037,-0.050734814,0.04531695,0.018535597,0.23128039,0.0053279134,0.11221625,-0.04127917,0.008157389
45,0.014942914,0.29244623,0.020270035,0.19245055,-0.08486367,0.054617736,0.01597598,0.16397543,0.02652658,0.18240643,-0.06874712,0.070913345,0.023341537,0.021417836,0.028025143,0.16331623,-0.06300205,0.07239461,0.027363824,0.021080963,0.025257776,0.13974346,-0.057684664,0.0600384,0.025092926,0.054845195,0.015262679,0.11972156,-0.04931722,0.0410264,0.015229648,0.23448983,0.0003942934,0.11030958,-0.040282432,0.0015881099
46,0.024302803,0.29258028,0.026401173,0.19161262,-0.09415339,0.061239723,0.021016238,0.16989385,0.029864447,0.18584633,-0.07704053,0.07121544,0.025536254,0.027623955,0.030219745,0.1708902,-0.07090389,0.070548885,0.028775651,0.02487991,0.02677926,0.14933652,-0.06433201,0.057888795,0.026381433,0.05505735,0.016889492,0.12991473,-0.053688526,0.040252306,0.017044293,0.23224866,0.0029414096,0.121715344,-0.04087903,0.004072583
47,0.016272167,0.29611307,0.021294197,0.19413859,-0.0844553,0.057374083,0.01719546,0.16427326,0.027935155,0.18219738,-0.06837916,0.075644925,0.024884284,0.02180393,0.029558176,0.1628184,-0.063102156,0.076910704,0.02894441,0.023082886,0.026600474,0.1397376,-0.058022093,0.06352012,0.026403397,0.059309516,0.016294487,0.12013364,-0.04938047,0.04340222,0.01622174,0.24406275,0.0013520018,0.11101968,-0.039878465,0.0053509683
48,0.019936396,0.292872,0.023678456,0.19288144,-0.0882907,0.06013215,0.019075235,0.1639838,0.028630022,0.18234205,-0.072222725,0.07362147,0.024973132,0.024350967,0.029534949,0.16561513,-0.067446895,0.07302509,0.028411768,0.02510264,0.02606712,0.14451897,-0.062102582,0.059051733,0.025661727,0.05975527,0.015666746,0.125794,-0.052225564,0.03935952,0.015671978,0.24463415,0.00062021066,0.11766294,-0.040468328,0.00038997253
49,0.02264553,0.29042447,0.02584716,0.19241154,-0.08898676,0.063923515,0.021234365,0.1626502,0.030137505,0.1814048,-0.07311973,0.0757749,0.026346339,0.02576864,0.03080067,0.16554065,-0.068951584,0.07402838,0.029492624,0.027821247,0.027056152,0.1455661,-0.06390025,0.059216995,0.02651083,0.06275048,0.016556138,0.12749143,-0.053826917,0.03934473,0.016519485,0.24904996,0.0020390954,0.11984909,-0.04158566,0.0005171455
50,0.016946584,0.29010805,0.022437854,0.19376522,-0.08197958,0.061804727,0.018745307,0.15596066,0.028674446,0.17802247,-0.06701541,0.07837817,0.025732122,0.021204272,0.030062757,0.15921119,-0.06381362,0.07728653,0.029233908,0.027501017,0.026458608,0.1385954,-0.060161192,0.06141214,0.025947498,0.06710584,0.015534723,0.12068281,-0.051796027,0.03957759,0.015270655,0.25905862,0.0003825072,0.11249604,-0.042253803,-0.00080956984
51,0.024912998,0.28969166,0.028124977,0.19269907,-0.087169446,0.069486484,0.023921126,0.16084114,0.032818098,0.17964415,-0.07178435,0.08299238,0.029290898,0.026323864,0.033668745,0.16348758,-0.0683326,0.08064531,0.03246801,0.031170666,0.029826539,0.14410871,-0.0638197,0.0646961,0.029243348,0.068509236,0.019228855,0.12653704,-0.05401008,0.044022754,0.01910683,0.25864726,0.00588135,0.11914951,-0.042280916,0.0057009193
52,0.014342174,0.2956422,0.020161118,0.19429165,-0.08676951,0.056746792,0.015619988,0.15511128,0.02646465,0.18069789,-0.07128333,0.07412065,0.022856371,0.01754176,0.02718267,0.16404162,-0.06754426,0.07239642,0.025961598,0.024241917,0.022864772,0.14413324,-0.062661625,0.055796966,0.022323709,0.06683379,0.011229366,0.12622698,-0.052473936,0.032681696,0.011173248,0.26340106,-0.0062006097,0.11870021,-0.04056972,-0.011834658
53,0.02260862,0.30477038,0.025826573,0.19706722,-0.09471921,0.06444372,0.020527786,0.16573869,0.031503875,0.18818605,-0.07771493,0.08232937,0.027300784,0.022163453,0.03189398,0.17362592,-0.072092906,0.08058639,0.030565519,0.025582423,0.027565785,0.15310681,-0.06475793,0.064715475,0.027322412,0.066506885,0.01637873,0.13429186,-0.05173833,0.04297832,0.01675743,0.26156533,0.0006898859,0.12730539,-0.03632063,0.0008983925
54,0.014947686,0.3127396,0.02073984,0.20090961,-0.09101333,0.058856342,0.015890792,0.16272408,0.029210353,0.18956949,-0.0738794,0.0844748,0.025672143,0.015603196,0.030316133,0.17198737,-0.06776816,0.0844694,0.029564124,0.021992274,0.02618845,0.14948173,-0.060472626,0.06828694,0.026221974,0.06852024,0.014533619,0.12983657,-0.04810796,0.044741616,0.014917995,0.26928982,-0.002441314,0.122120336,-0.034503497,0.0016997074
55,0.019796751,0.3121697,0.023763383,0.20056249,-0.09495036,0.062218957,0.018452998,0.16446106,0.030714402,0.19063699,-0.07754219,0.08405514,0.026631428,0.019112995,0.031264402,0.17524795,-0.071661755,0.08269208,0.030083342,0.024275452,0.026716411,0.15420797,-0.06392463,0.06607461,0.026599903,0.068835974,0.015122416,0.1351875,-0.050250787,0.04307639,0.015597962,0.2693863,-0.0013859352,0.12837441,-0.034653526,-0.0009222188
56,0.012206128,0.3125719,0.018649107,0.20146243,-0.090596005,0.055940554,0.013761656,0.15791419,0.027126856,0.18851568,-0.073761664,0.08119004,0.023508692,0.013636382,0.028027292,0.17126001,-0.068628944,0.080322064,0.027066953,0.022026947,0.02340735,0.14999934,-0.061936196,0.062947795,0.023257852,0.07067883,0.011223458,0.13120699,-0.049488418,0.038217247,0.011551573,0.27603367,-0.006968088,0.124109775,-0.035801653,-0.008009247
57,0.016921801,0.31471223,0.021980835,0.20174755,-0.09274041,0.06121291,0.01696261,0.16147995,0.029971506,0.189646,-0.0756957,0.08610384,0.026159279,0.016609596,0.03074572,0.17337257,-0.070520885,0.084639765,0.029662225,0.024423568,0.026021665,0.1526211,-0.06346885,0.066994175,0.025862038,0.072366476,0.014047789,0.13400877,-0.050291047,0.042704985,0.014447922,0.27765793,-0.0026701575,0.1273469,-0.0356066,-0.0021579955
58,0.019131867,0.3147812,0.023608051,0.20168215,-0.093940414,0.06385343,0.018492086,0.16210945,0.03124652,0.18994777,-0.076884225,0.08827121,0.02728102,0.017757691,0.031873226,0.17446873,-0.071898215,0.08621572,0.03065509,0.025780128,0.02697687,0.15432042,-0.06474326,0.06818366,0.026769744,0.073879845,0.015002084,0.13597882,-0.051099252,0.043845274,0.015438163,0.28000766,-0.0011030859,0.12968001,-0.035686236,-0.0010867997
59,0.01524654,0.31026945,0.020633973,0.19985968,-0.09099517,0.06026936,0.015706293,0.15539226,0.027870672,0.1850596,-0.07506869,0.082185574,0.02389281,0.016388543,0.028265769,0.17009225,-0.07222172,0.07864045,0.02668718,0.02620637,0.022827096,0.15228891,-0.06674612,0.05919679,0.02220916,0.07545657,0.0102752615,0.13546811,-0.053944834,0.033672117,0.010473986,0.28558594,-0.007233795,0.12975736,-0.03920258,-0.016206529
60,0.016069913,0.31356767,0.021528577,0.2008347,-0.08701304,0.064499676,0.017325262,0.15675724,0.029838849,0.18299569,-0.07158754,0.08966818,0.026457282,0.017547838,0.030873418,0.16618627,-0.06961882,0.08632178,0.029592237,0.028963521,0.025663935,0.14834575,-0.065380804,0.06616803,0.02500979,0.07952732,0.013284437,0.13189682,-0.054000694,0.040448852,0.013288292,0.29180485,-0.0021644074,0.12599601,-0.041435093,-0.008903779
61,0.016882164,0.31386766,0.022075402,0.19979794,-0.08864697,0.064972445,0.017599106,0.15682752,0.02992136,0.18245137,-0.073341444,0.089245886,0.02622496,0.018106999,0.030596923,0.16717649,-0.07181793,0.08498032,0.029025631,0.029827632,0.025038794,0.15057792,-0.067506045,0.06427664,0.024258906,0.08091208,0.012512579,0.13468707,-0.055471122,0.03832976,0.012559716,0.29486334,-0.0028327713,0.12938534,-0.04171325,-0.013138017
62,0.01640606,0.31490275,0.021928398,0.19981553,-0.088330545,0.06495015,0.017489588,0.15582292,0.030078402,0.18171038,-0.073105,0.09037341,0.026407514,0.017576486,0.030738467,0.16634472,-0.07189874,0.085863136,0.029132966,0.030883161,0.025048038,0.1500778,-0.067928724,0.064626954,0.02419205,0.083136864,0.012489215,0.1344777,-0.056257293,0.03852961,0.012473957,0.29826185,-0.002141199,0.12934867,-0.043255392,-0.0116879735
63,0.016187077,0.31558973,0.021803983,0.19962853,-0.09003828,0.06424268,0.017075012,0.1549921,0.02975669,0.18208826,-0.07475619,0.08938447,0.02581481,0.017009562,0.030095642,0.16783366,-0.07364132,0.08426316,0.028289795,0.031028684,0.02409434,0.15225329,-0.06934941,0.062608086,0.023189224,0.084209085,0.011353234,0.13690405,-0.056991164,0.036213834,0.011415532,0.30071104,-0.003456106,0.13223304,-0.04310876,-0.01433999
64,0.022721268,0.31825542,0.025965665,0.19825129,-0.09171325,0.070731714,0.021165272,0.16227023,0.032976653,0.18121815,-0.07664976,0.0939345,0.028787263,0.022798723,0.033191398,0.1687543,-0.076222464,0.08781617,0.03111641,0.033824682,0.027193213,0.15471375,-0.072013155,0.06608563,0.026154013,0.08452969,0.014952704,0.14006266,-0.059075672,0.04068963,0.0150393285,0.300301,0.0024715925,0.13606714,-0.044013437,-0.008415398
65,0.011468665,0.3254957,0.017659057,0.1989581,-0.08443707,0.061371017,0.013511937,0.15832102,0.027218625,0.1767634,-0.070412576,0.09054947,0.023704847,0.015672227,0.028021963,0.16127135,-0.07148927,0.085166715,0.02616739,0.030207537,0.021764409,0.14712948,-0.06943305,0.061873127,0.020499667,0.08688715,0.008417638,0.132945,-0.059150774,0.033784628,0.008102049,0.3099879,-0.0066505987,0.12826264,-0.048148233,-0.015803661
66,0.021394907,0.33251268,0.02376512,0.19949129,-0.09067167,0.06970577,0.019034809,0.16947223,0.031853735,0.18075374,-0.07593838,0.096689224,0.02774072,0.02238954,0.032268573,0.1682742,-0.07622929,0.0904979,0.030161628,0.032309737,0.026007483,0.15490234,-0.07232761,0.06774204,0.02492259,0.08634208,0.013359635,0.14067894,-0.059365988,0.04097958,0.013454444,0.30845279,0.00087349373,0.13710299,-0.044860005,-0.006607461
67,0.015506487,0.33950967,0.019114474,0.20106688,-0.092817836,0.06271657,0.013820113,0.16850112,0.027986944,0.18326807,-0.077819765,0.09177801,0.023541173,0.017362317,0.028005555,0.1717184,-0.07752665,0.085554756,0.02578411,0.028153738,0.021236422,0.15826465,-0.07242293,0.062400978,0.020292854,0.08650126,0.007714151,0.14374201,-0.057932932,0.033919763,0.00808108,0.31397587,-0.0078044133,0.14054853,-0.04195083,-0.018300466
68,0.017314423,0.3456342,0.0201462,0.20193675,-0.089667834,0.067042,0.015454754,0.17298388,0.029896762,0.18166,-0.075076655,0.09911583,0.025933811,0.019432204,0.03049485,0.16853577,-0.07556416,0.09308262,0.028494196,0.03024766,0.023960873,0.15511584,-0.07161683,0.06935391,0.022946676,0.08891343,0.010813648,0.14092195,-0.058534008,0.041200057,0.010982397,0.3173764,-0.0020738873,0.13753703,-0.044756897,-0.008193287
69,0.016736818,0.3462733,0.019170335,0.20095699,-0.090572596,0.06535358,0.014229593,0.1734919,0.028221577,0.18058126,-0.07630107,0.095245816,0.023951255,0.020047404,0.028467227,0.16911274,-0.0777476,0.088254824,0.026113294,0.029408764,0.02157438,0.15738696,-0.073949724,0.0641123,0.020403016,0.08815498,0.008126783,0.14395507,-0.060110606,0.03542516,0.008364142,0.31870887,-0.0057559633,0.14128838,-0.044871405,-0.018571017
70,0.020518495,0.3485434,0.021578832,0.20099767,-0.08746448,0.07093644,0.01728752,0.17790504,0.030731188,0.17808424,-0.07367245,0.10150985,0.026897836,0.024161255,0.031508245,0.1652684,-0.076296434,0.09442741,0.029263325,0.03254182,0.024923986,0.15410288,-0.07409693,0.06988652,0.023561947,0.08955124,0.012076196,0.14133494,-0.061989438,0.04212282,0.01203115,0.3190412,0.0013519798,0.13859934,-0.049099647,-0.006469206
71,0.013032962,0.3509821,0.01595917,0.20085809,-0.08584427,0.06328096,0.01155937,0.17466602,0.025907226,0.1765934,-0.072502024,0.09516544,0.022042962,0.019275695,0.026549771,0.16373828,-0.075827375,0.08803916,0.024174055,0.02897694,0.019510146,0.15317275,-0.07407761,0.062700376,0.018034197,0.089852355,0.00567953,0.14074345,-0.062172916,0.032924682,0.005596695,0.32434964,-0.008194209,0.13808143,-0.049546752,-0.020626191
72,0.021811854,0.3573083,0.021305248,0.20161606,-0.0889968,0.07155189,0.016778795,0.18527758,0.030435203,0.17926352,-0.0751822,0.10277659,0.026397001,0.025008565,0.031171015,0.16770034,-0.077910386,0.09561911,0.02880877,0.030342048,0.024421949,0.15719117,-0.07506538,0.07087564,0.023139575,0.088736415,0.011313104,0.14457512,-0.06169985,0.04212771,0.011481754,0.32143545,6.797223e-05,0.14242116,-0.04722086,-0.010133703
73,0.013274699,0.36191782,0.0152771715,0.20276251,-0.08600654,0.06429757,0.010888385,0.18223041,0.026250996,0.17838411,-0.07259414,0.09967951,0.022468496,0.018938253,0.027167805,0.16536127,-0.075636365,0.09304888,0.024933323,0.026877467,0.020182144,0.15443474,-0.073334776,0.06757369,0.018880226,0.0900276,0.006195072,0.14175701,-0.060791988,0.036933765,0.006266346,0.32745183,-0.007615075,0.1392347,-0.047823545,-0.017804557
74,0.01623619,0.36452278,0.016667904,0.20322573,-0.085650615,0.067599826,0.012444824,0.18637344,0.027194934,0.17829455,-0.07243892,0.10195157,0.02347354,0.021537805,0.028247442,0.16547264,-0.0759215,0.09510981,0.02600687,0.027433258,0.021316802,0.15501711,-0.07373214,0.069529116,0.020014893,0.09016586,0.007516459,0.1425496,-0.06097469,0.038863186,0.0076199984,0.3284341,-0.0052312305,0.14022353,-0.04774201,-0.016206281
75,0.015436604,0.3627161,0.015703816,0.20202056,-0.082358606,0.068028025,0.011901033,0.18548223,0.025778342,0.17417717,-0.070175774,0.10033378,0.022237904,0.023054842,0.0269251,0.16144219,-0.075794615,0.0925456,0.024478842,0.028536504,0.019814115,0.15298504,-0.07534016,0.06609905,0.018188566,0.09113503,0.005941166,0.14170073,-0.06366789,0.03521406,0.005833028,0.33106515,-0.006191279,0.13967134,-0.05142999,-0.018164102
76,0.021652292,0.3616434,0.019119795,0.19971633,-0.083068214,0.07376917,0.0153281195,0.19070289,0.02714418,0.17119725,-0.071543045,0.10058202,0.02331023,0.029565733,0.028066797,0.16117685,-0.07926291,0.09108262,0.025119135,0.030455163,0.02078058,0.15592194,-0.079536974,0.0642441,0.018867223,0.08976668,0.00731703,0.14608192,-0.06695152,0.034133285,0.0072527844,0.3294459,-0.0028583137,0.14513317,-0.052488808,-0.016976872
77,0.017198859,0.3611808,0.016271597,0.19986017,-0.0756097,0.07299431,0.01348155,0.18675151,0.025473911,0.16514146,-0.065394886,0.10169323,0.022359053,0.028951429,0.02690908,0.15230809,-0.07566493,0.09154363,0.024010902,0.032726124,0.019580815,0.14828277,-0.07917033,0.06323743,0.017177181,0.093219124,0.0060367514,0.13968058,-0.07005933,0.03300044,0.005364397,0.33503753,-0.0026480337,0.13831666,-0.060371116,-0.011211269
78,0.021116385,0.3577065,0.018797137,0.19770807,-0.078678735,0.07620262,0.0156045975,0.18726858,0.026113648,0.16433127,-0.068780854,0.099967204,0.02247312,0.032393195,0.026918953,0.15511347,-0.080099106,0.08804359,0.02355349,0.03453378,0.019246237,0.15357782,-0.08313042,0.05956406,0.016764315,0.09353943,0.005946516,0.14586066,-0.072303094,0.029976223,0.0055526695,0.33527103,-0.0016333082,0.1457642,-0.060054712,-0.014733487
79,0.020789025,0.3561188,0.018961815,0.19738135,-0.07727561,0.0774921,0.015984716,0.18497391,0.02632788,0.16238095,-0.06777298,0.10132581,0.022783378,0.032744452,0.027076073,0.15307133,-0.08007632,0.08849462,0.023612563,0.03671038,0.019253721,0.15244445,-0.083977304,0.05926592,0.016587999,0.0961435,0.00605534,0.14527819,-0.07378309,0.029898982,0.00551753,0.33878225,-0.0001912564,0.14530511,-0.0623197,-0.011795724
80,0.016190281,0.3558747,0.016287582,0.19806978,-0.07282034,0.075608075,0.013859012,0.18027376,0.024916593,0.1594116,-0.06396172,0.102177344,0.021803252,0.030125896,0.025905482,0.14804353,-0.0774225,0.08896518,0.022516219,0.037688762,0.017913194,0.14761445,-0.08295299,0.058534227,0.014994013,0.099353045,0.004372432,0.14084737,-0.0745582,0.028376281,0.0034675011,0.34447357,-0.0019194904,0.1403455,-0.0654927,-0.011426367
81,0.018526051,0.35524958,0.017870162,0.19702618,-0.07535883,0.07751757,0.015105501,0.18102324,0.025679156,0.1597814,-0.066556,0.102475666,0.022221887,0.03159536,0.02627226,0.15073767,-0.0802195,0.088332735,0.02266393,0.03879584,0.018103126,0.15142809,-0.08505248,0.05787449,0.015233497,0.10004793,0.0047858376,0.14497636,-0.075467296,0.028194465,0.0041259974,0.34504765,-0.00053469965,0.14530125,-0.06499812,-0.011413138
82,0.021993194,0.3532184,0.02005293,0.19501677,-0.078194976,0.07998036,0.016904162,0.18240196,0.026415274,0.15906468,-0.06965955,0.101334766,0.022491774,0.034486037,0.026495516,0.15323852,-0.08400593,0.08589414,0.022511669,0.040143333,0.018105445,0.1558369,-0.08824987,0.055465095,0.01519035,0.100149676,0.0050744796,0.14999254,-0.07731005,0.0264849,0.0046509155,0.3447316,0.0008523504,0.15137555,-0.065158196,-0.013329919
83,0.016658382,0.35392776,0.016594667,0.19545165,-0.07069262,0.07798394,0.01439895,0.1783508,0.024599202,0.15301389,-0.06331275,0.10245457,0.02135705,0.032281846,0.025189126,0.14410453,-0.07983698,0.086622626,0.021252053,0.041160233,0.016632799,0.14740711,-0.08690168,0.05451404,0.013202966,0.10355767,0.003089722,0.14231643,-0.078971535,0.024341302,0.0019777275,0.35164037,-0.0013402514,0.14278552,-0.07093261,-0.013403197
84,0.021913758,0.35480437,0.019954193,0.19440737,-0.075680114,0.08170311,0.01716566,0.18296632,0.026721576,0.15562598,-0.06787783,0.10397906,0.022992197,0.035270516,0.026951592,0.1498599,-0.08363486,0.087820105,0.02288048,0.041592877,0.018478818,0.15376464,-0.088918574,0.056583777,0.015331745,0.10230331,0.005502272,0.14861867,-0.07883585,0.02758168,0.0048837266,0.34858173,0.0026774355,0.15017247,-0.068305485,-0.0095643625
85,0.013980344,0.35698867,0.014947422,0.19605489,-0.070975706,0.07664722,0.012616008,0.17667226,0.023718445,0.15344621,-0.0636791,0.10357249,0.020435018,0.029690206,0.024148138,0.14511505,-0.080219634,0.087287344,0.02021573,0.04083119,0.015298811,0.14868325,-0.086817324,0.054496437,0.011959392,0.10557656,0.0014190902,0.1436445,-0.07830828,0.023559598,0.00046286808,0.3559659,-0.003490325,0.14449964,-0.07016663,-0.014521145
86,0.017719924,0.3604589,0.017210105,0.19607419,-0.07541077,0.079251304,0.01433235,0.1813537,0.025424134,0.15681979,-0.0676448,0.10579043,0.021744533,0.03106422,0.025601782,0.15100873,-0.08317925,0.08943127,0.0216409,0.04008184,0.016817592,0.1546874,-0.08782204,0.057356574,0.013840312,0.1041869,0.0032693124,0.14938368,-0.077036545,0.026886865,0.0028317948,0.35365433,-0.00082887785,0.15117668,-0.06637214,-0.012063283
87,0.017175628,0.36107147,0.01687945,0.1965295,-0.07418437,0.08000462,0.014186839,0.18115823,0.02543077,0.1562885,-0.066727795,0.10721187,0.02187512,0.03070704,0.025713112,0.15024325,-0.08258721,0.09071968,0.021798952,0.040135734,0.016910922,0.15404083,-0.08737225,0.05839657,0.01393462,0.105039604,0.0032764499,0.14878461,-0.076650865,0.027507408,0.0028220653,0.35564417,-0.000766548,0.15052812,-0.066211835,-0.012035487
88,0.016473997,0.36253253,0.016517255,0.19668984,-0.07499509,0.07982734,0.013677555,0.18086267,0.025350515,0.15707551,-0.06751315,0.1079363,0.021708509,0.029656917,0.025517851,0.15165883,-0.08307877,0.09128657,0.021615082,0.039723456,0.01661784,0.15541719,-0.08722646,0.05890751,0.013758498,0.105489776,0.0028954372,0.15003343,-0.07578743,0.02776665,0.002592615,0.35683697,-0.0013503197,0.15198627,-0.06469352,-0.012569322
89,0.019861585,0.36632103,0.018916797,0.19817275,-0.07838477,0.083208926,0.015758347,0.18451959,0.027811306,0.16130109,-0.070214465,0.11266571,0.024029745,0.030504769,0.027937425,0.15674537,-0.08423048,0.096340485,0.024245944,0.040067364,0.019272739,0.15951729,-0.08652164,0.06467971,0.01683867,0.10578838,0.0060238712,0.15349238,-0.073407136,0.03410733,0.0061433776,0.3563883,0.0033425943,0.1559269,-0.06099677,-0.005330251
90,0.01059502,0.37070167,0.01250699,0.19888234,-0.07513129,0.0755464,0.009461327,0.17985803,0.023417104,0.15930754,-0.067455575,0.10979732,0.019833801,0.023506679,0.02359341,0.15347296,-0.0821861,0.09352406,0.019906074,0.037035394,0.014411678,0.15634398,-0.08531027,0.060538612,0.011830537,0.10721611,-6.995327e-05,0.15048239,-0.07312429,0.027767377,-0.00012676266,0.3618998,-0.0063241273,0.15254931,-0.06222545,-0.014550314
91,0.012917054,0.3737144,0.013645365,0.19878486,-0.07565474,0.07809461,0.01058773,0.18370807,0.024395267,0.15925112,-0.06816677,0.11239802,0.020742217,0.024883712,0.024602355,0.15451078,-0.08327946,0.09578459,0.020848926,0.03687162,0.015422124,0.15810688,-0.08606767,0.06272269,0.012895019,0.106975056,0.0010836571,0.15245752,-0.073097624,0.029849045,0.001168663,0.36207548,-0.0043772934,0.15496014,-0.06132271,-0.010927801
92,0.014813858,0.37056088,0.014246833,0.1965634,-0.07684202,0.07881688,0.010957031,0.18463059,0.023318728,0.15704314,-0.07016303,0.108083256,0.019238975,0.027235504,0.02307216,0.1559708,-0.08696541,0.0900357,0.018839546,0.036289204,0.013516048,0.16230261,-0.0893665,0.056818314,0.01090242,0.10604674,-0.0010270656,0.15752989,-0.07453496,0.02325034,-0.0006719694,0.36253527,-0.007329094,0.16111478,-0.059899513,-0.013153651
93,0.015945623,0.36999133,0.014924389,0.19638786,-0.07465333,0.08136346,0.01201565,0.18548112,0.023905454,0.15473595,-0.06858092,0.11014045,0.01999553,0.028851103,0.0238273,0.15357533,-0.08661021,0.09153756,0.01952103,0.037572853,0.014266228,0.16088781,-0.089853525,0.05786274,0.011483751,0.10739996,-0.00016971392,0.1565765,-0.075434506,0.024191242,4.5984576e-05,0.36522844,-0.005456792,0.1601259,-0.06088797,-0.0076842536
94,0.014776254,0.37000167,0.014065938,0.19638996,-0.06824726,0.08334451,0.01210801,0.1852708,0.023873681,0.14901035,-0.063391216,0.11355189,0.020527989,0.02956974,0.02433166,0.1458705,-0.08392981,0.09436235,0.0199665,0.039355054,0.014729061,0.15454906,-0.08983708,0.059359435,0.0114457235,0.11007274,0.00017693546,0.15111245,-0.07780544,0.025175156,-0.00017835642,0.37049308,-0.004086173,0.1540012,-0.06547727,-0.004037533
95,0.01415976,0.36992404,0.013048603,0.19470635,-0.07062872,0.08117451,0.010592271,0.18539375,0.022022566,0.14871195,-0.0661004,0.10946628,0.018223569,0.0288897,0.021975601,0.14874856,-0.08720361,0.08946379,0.017288033,0.037991613,0.011955623,0.15898444,-0.09222791,0.054263182,0.008734978,0.10936431,-0.0029445419,0.15597792,-0.07860868,0.01942402,-0.0029628214,0.37040493,-0.008687621,0.15988334,-0.064785354,-0.013638268
96,0.023984555,0.37143895,0.01902451,0.19320212,-0.07436472,0.08955125,0.016334455,0.1951066,0.02615034,0.14959137,-0.06980853,0.114388786,0.022007268,0.035807855,0.026055811,0.15294953,-0.091223404,0.093780495,0.021178251,0.039923582,0.01634517,0.16463691,-0.09522942,0.059314623,0.013279794,0.10811383,0.002629495,0.1620344,-0.079917364,0.02626613,0.0029781472,0.36711866,0.0011164959,0.16712011,-0.06447999,-0.0038185897
97,0.010884929,0.37707213,0.010365782,0.19568518,-0.066643365,0.080150716,0.008373286,0.18656115,0.021041296,0.14553559,-0.06282657,0.11337787,0.017567802,0.026831713,0.021235054,0.14417791,-0.085635856,0.09265872,0.016474374,0.03885447,0.010893976,0.15542,-0.092433326,0.05567337,0.007321869,0.113115974,-0.0043716165,0.15307651,-0.08040835,0.019978816,-0.0047538,0.37850004,-0.009706082,0.15674698,-0.06860577,-0.010193673
98,0.011683521,0.38164684,0.010679378,0.19717997,-0.07025864,0.08014145,0.00817526,0.18800834,0.021488942,0.14961061,-0.065762915,0.115029775,0.017771045,0.025821945,0.021389967,0.14941281,-0.087126434,0.09433186,0.016762782,0.038575385,0.01102254,0.15991987,-0.09196878,0.057711966,0.007873352,0.11399989,-0.0041059447,0.15711786,-0.07816711,0.021971218,-0.004011268,0.37990656,-0.009058929,0.16155885,-0.06571877,-0.008585737
99,0.013212569,0.38259748,0.011520638,0.19722012,-0.0744352,0.0803296,0.008408323,0.18880619,0.021572286,0.15274516,-0.069501445,0.11421738,0.017439414,0.025942178,0.021003239,0.15497392,-0.08994145,0.09315497,0.016325252,0.038545728,0.010506025,0.16556734,-0.09287726,0.05695369,0.0077132112,0.11434409,-0.0044807103,0.16257674,-0.07697471,0.021282297,-0.003870199,0.38016412,-0.009313443,0.16802615,-0.06307243,-0.010930719
100,0.016970633,0.38550112,0.014098603,0.19866468,-0.07394593,0.0850256,0.0112886885,0.19259216,0.02444749,0.15372299,-0.06872305,0.12055284,0.02057938,0.028283391,0.02424318,0.15455131,-0.08884468,0.09977559,0.019783303,0.04056628,0.0141154975,0.16448356,-0.09206054,0.06367371,0.011360234,0.115691304,-0.00019124494,0.16135147,-0.07678795,0.028978724,0.00032765398,0.38138467,-0.0020321324,0.16659702,-0.06388846,0.0018026843
101,0.010744829,0.38841888,0.009250254,0.19764704,-0.07211506,0.079306476,0.0063656215,0.19094121,0.02044766,0.15068448,-0.06772378,0.11668692,0.01647171,0.023617486,0.0200485,0.15266776,-0.0895286,0.09514555,0.015271629,0.037444256,0.009237203,0.16433269,-0.09343633,0.057644777,0.0062575047,0.11559839,-0.006324662,0.16189878,-0.07816539,0.020762632,-0.005841818,0.38410008,-0.012041336,0.16747473,-0.06520913,-0.00987953
102,0.01455706,0.39107835,0.011053655,0.19704783,-0.07012225,0.08358541,0.008590281,0.1969761,0.021926742,0.1478411,-0.06639815,0.12015634,0.018097317,0.026752114,0.02187179,0.1502984,-0.08996302,0.098104805,0.016932812,0.037402797,0.011150502,0.16356257,-0.09497147,0.06017369,0.007938603,0.11452114,-0.0041448832,0.1618412,-0.08018299,0.023422113,-0.0038151029,0.38328296,-0.008225577,0.16760512,-0.06756891,-0.0050557754
103,0.013455699,0.38445276,0.009586243,0.19357736,-0.066014595,0.0825296,0.0075418903,0.19464672,0.01865533,0.13869736,-0.06420524,0.1120721,0.014664848,0.029823586,0.018276785,0.14405982,-0.09266366,0.08745571,0.0124459,0.037375268,0.0068923356,0.16229293,-0.10035822,0.048105653,0.002843069,0.11344947,-0.008895963,0.16259457,-0.08651992,0.010818068,-0.008979466,0.38369846,-0.014106801,0.16901673,-0.07467214,-0.020132223
104,0.017012259,0.39143273,0.011499164,0.19596227,-0.062994614,0.08794756,0.010134516,0.20216905,0.021535534,0.1378778,-0.061410278,0.120413475,0.018024886,0.032391585,0.02192615,0.14133391,-0.090835966,0.0960397,0.01626204,0.037564747,0.010980239,0.15985827,-0.09972103,0.056486953,0.006814747,0.11284887,-0.0042850967,0.16055985,-0.0870063,0.019624555,-0.0045846906,0.3836705,-0.0064424747,0.16692805,-0.076802485,-0.0075193592
105,0.017815685,0.39415514,0.011204347,0.1954521,-0.06385759,0.087951235,0.009663747,0.20559688,0.020773573,0.13728122,-0.06276547,0.11941813,0.017048053,0.03275627,0.021027898,0.14333896,-0.09327409,0.09446479,0.015160481,0.035898674,0.009904103,0.16351068,-0.10154563,0.05483768,0.005849196,0.11144061,-0.005454732,0.16472968,-0.08743968,0.017547654,-0.005404821,0.38264143,-0.007875224,0.17207204,-0.07630122,-0.0074105593
106,0.0150892865,0.39712209,0.009198212,0.19622412,-0.063043535,0.08607003,0.0076668616,0.20512308,0.019543875,0.13708304,-0.062224668,0.11962356,0.015849767,0.030576736,0.019745406,0.14326188,-0.09315909,0.09435434,0.013864809,0.03511977,0.0084353825,0.1637991,-0.101413205,0.054263875,0.0044097886,0.11223519,-0.007254837,0.16518176,-0.08709106,0.016289763,-0.0071255695,0.3849151,-0.010554513,0.17274064,-0.07602206,-0.007948589
107,0.013227516,0.3977126,0.00790986,0.19657047,-0.061665464,0.08533685,0.0065118326,0.20387477,0.018593226,0.13572797,-0.061290063,0.119505,0.014961442,0.029644858,0.018748807,0.14218901,-0.093104966,0.0936833,0.012796623,0.035289295,0.007268025,0.1634833,-0.10162828,0.05310688,0.0031777408,0.113589875,-0.008617616,0.1651611,-0.08732271,0.014665921,-0.008488116,0.38772622,-0.012210432,0.1728888,-0.0767754,-0.009489524
108,0.020933604,0.40100166,0.012521882,0.19713044,-0.06660123,0.09104088,0.010672313,0.21109517,0.021943172,0.13994688,-0.06552046,0.123725,0.018038793,0.033588674,0.022039773,0.1488601,-0.096119694,0.09807397,0.0162424,0.03597606,0.0109506715,0.16999298,-0.10227349,0.058704693,0.0074280608,0.11276341,-0.0038974578,0.17137937,-0.085593395,0.02151529,-0.00309622,0.38527173,-0.0041100043,0.18026292,-0.07431683,-0.0005439441
109,0.0059260232,0.40757513,0.002621739,0.20096727,-0.0588697,0.080184445,0.0014263596,0.2021752,0.016513195,0.13668615,-0.058407806,0.12299653,0.013291285,0.02285168,0.016881203,0.14073227,-0.09029553,0.09720087,0.011235798,0.0338072,0.005169702,0.16148049,-0.09873942,0.05553979,0.0012207312,0.11748232,-0.011626575,0.1629849,-0.08455084,0.01500969,-0.011442495,0.39620027,-0.01729352,0.17064951,-0.07609172,-0.01078229
110,0.016101738,0.41667372,0.00769623,0.20093088,-0.062860444,0.08856415,0.006196231,0.21564057,0.020337261,0.13848309,-0.062371377,0.13059068,0.016786708,0.027212145,0.020715224,0.14692636,-0.09486386,0.10393417,0.014973765,0.032740682,0.009159416,0.16946292,-0.10098062,0.06272661,0.005704732,0.11547399,-0.006759176,0.17128909,-0.08330325,0.022567855,-0.00579803,0.39315802,-0.008977711,0.18063244,-0.073154174,-0.0063845683
111,0.00806306,0.420751,0.001331056,0.1993729,-0.058361232,0.08280269,6.343963e-05,0.21437709,0.015550025,0.13130887,-0.059668962,0.12829617,0.011940746,0.02130258,0.015690971,0.14230138,-0.0965241,0.09935051,0.009278575,0.03014365,0.0030866882,0.16888663,-0.10437575,0.055697117,-0.0009044706,0.11670489,-0.014227978,0.17216426,-0.086708546,0.0136246355,-0.013412841,0.39763722,-0.019892083,0.181997,-0.07670136,-0.019304689
112,0.017770847,0.43049946,0.006093099,0.20015542,-0.055461835,0.093524165,0.0056561884,0.22919019,0.020206485,0.12843479,-0.05736291,0.14071715,0.01698323,0.026278134,0.021158611,0.13906191,-0.09659498,0.11105824,0.014642931,0.030032951,0.008811621,0.16750067,-0.10625559,0.06634963,0.0044923006,0.11452664,-0.0076796515,0.17167297,-0.089686856,0.025142694,-0.0071611856,0.3951324,-0.008595949,0.18163803,-0.0808953,-0.00089263683
113,0.0100171035,0.43948865,-0.0018667133,0.19850598,-0.05157515,0.08604681,-0.002273214,0.23476098,0.013931488,0.12054262,-0.05530158,0.1380552,0.0105128,0.017473731,0.014651365,0.13607155,-0.10056317,0.10571639,0.007280779,0.024256837,0.0009812481,0.17038277,-0.11116107,0.058402315,-0.0036870604,0.11406919,-0.017473888,0.17632781,-0.092639156,0.014562876,-0.016671592,0.39673313,-0.024009816,0.18748145,-0.08262512,-0.016609332
114,0.01868525,0.44793934,0.00027524968,0.19611573,-0.05211969,0.0927593,-0.00012241508,0.2516489,0.01389985,0.114101484,-0.05718164,0.1418098,0.010058122,0.018656809,0.014559265,0.13852838,-0.109321915,0.10599808,0.006237871,0.018283201,-3.8616767e-05,0.1805184,-0.119148925,0.05702545,-0.0046657664,0.10818298,-0.01890253,0.18859759,-0.09582251,0.012326578,-0.01718103,0.3886936,-0.02555536,0.2023036,-0.082772,-0.020947402
115,0.012756013,0.45407015,-0.003770017,0.19816954,-0.035456523,0.09537147,-0.0017247486,0.25321645,0.013981466,0.09688531,-0.04319524,0.15408616,0.011194004,0.017796762,0.015661202,0.11546431,-0.10614963,0.11357079,0.0059054685,0.020167701,-0.00027408343,0.16488473,-0.12781838,0.057403784,-0.007824969,0.10854846,-0.020750454,0.17696704,-0.11384321,0.0119042955,-0.02164679,0.39322734,-0.026414018,0.18939394,-0.10761824,-0.0070939325
116,0.0151292235,0.45499963,-0.003118854,0.19670618,-0.03479864,0.0977257,-0.0009484319,0.25686827,0.013488501,0.091694064,-0.043223165,0.15496585,0.010612673,0.019396113,0.015104191,0.115098,-0.11103303,0.112046525,0.0047948267,0.019947747,-0.0012981079,0.16929248,-0.13333032,0.054780122,-0.008953807,0.10650525,-0.0214291,0.18284407,-0.11867767,0.010849932,-0.021923138,0.38925016,-0.02500918,0.19652699,-0.1144946,-0.0019060149
117,0.009154555,0.45750126,-0.007973428,0.19456236,-0.034977965,0.09150319,-0.0062213284,0.25617284,0.009882184,0.08705036,-0.044405162,0.15351029,0.0066741677,0.013857929,0.0109218415,0.11734732,-0.11656355,0.107948534,0.00010613886,0.019844096,-0.0061716186,0.17596778,-0.13744298,0.05029101,-0.013512705,0.106758885,-0.026448878,0.19039504,-0.12009477,0.008114075,-0.026069386,0.38727483,-0.031051906,0.20548336,-0.11629332,-0.00030110695
118,0.008574101,0.4627756,-0.008642488,0.19447982,-0.033721533,0.09121799,-0.006740923,0.2582796,0.010999263,0.08531782,-0.04331901,0.15979941,0.00789284,0.012324369,0.012085424,0.115124665,-0.11654941,0.1132817,0.0011121172,0.02176215,-0.005201442,0.17464182,-0.13860133,0.054515973,-0.012861609,0.10867079,-0.025501685,0.18950434,-0.121926144,0.013032819,-0.025382333,0.39037606,-0.029224604,0.20456102,-0.11824451,0.00956307
119,0.008756606,0.46656072,-0.008720673,0.1944182,-0.033963166,0.09147444,-0.006865266,0.26013935,0.011971568,0.085174575,-0.04363263,0.1640669,0.008874607,0.010974295,0.01304245,0.11591158,-0.11730957,0.11694734,0.0020832242,0.022837147,-0.0042978968,0.17599672,-0.13884723,0.058030494,-0.011807024,0.11015768,-0.024446847,0.1909229,-0.12139743,0.017086767,-0.024113867,0.39218765,-0.0274677,0.2062391,-0.117647894,0.01577046
120,0.008255472,0.4699623,-0.008735316,0.19510119,-0.03317056,0.09110766,-0.006742569,0.2597413,0.01366841,0.08664185,-0.042689182,0.16918778,0.010758469,0.010318849,0.014893424,0.11414669,-0.115064256,0.12237298,0.004075059,0.025066307,-0.0023420802,0.17317608,-0.13762966,0.062942564,-0.010070048,0.1129044,-0.022583894,0.18819027,-0.12088919,0.021728845,-0.022601733,0.39671785,-0.02536565,0.20324229,-0.11623249,0.021017667
121,0.0092008235,0.4686086,-0.007860541,0.19575888,-0.030116059,0.09478253,-0.0053058094,0.25940308,0.014181162,0.08332038,-0.0402215,0.1712001,0.011426348,0.011725301,0.015587115,0.11096825,-0.11651035,0.122703515,0.0043454156,0.024067204,-0.002033507,0.17328578,-0.14092977,0.061979033,-0.010179678,0.11214326,-0.022840228,0.1894946,-0.12438109,0.01940991,-0.023018034,0.396296,-0.026346177,0.20510206,-0.1203061,0.015483353
122,0.006582813,0.4678163,-0.009698548,0.19662322,-0.03068241,0.09363502,-0.0073542465,0.25840548,0.011812298,0.08651484,-0.040520232,0.16776092,0.009028025,0.009606292,0.013137268,0.1120962,-0.114196286,0.12052157,0.0021759695,0.022163108,-0.0043448894,0.17221397,-0.13777532,0.060286954,-0.012266755,0.11248924,-0.025761124,0.18779284,-0.12064969,0.016015295,-0.02587092,0.39808747,-0.032444052,0.2030392,-0.115239225,0.0054308968
123,0.0041292803,0.46769458,-0.012996725,0.19711593,-0.025475694,0.09338285,-0.01004294,0.2615581,0.008352835,0.07728469,-0.037116323,0.1659978,0.0055186334,0.0051203356,0.009520835,0.11021969,-0.12119735,0.1144272,-0.0024407725,0.019485299,-0.009158401,0.17906263,-0.14453064,0.053016793,-0.01706262,0.11170631,-0.031524234,0.19637887,-0.12370428,0.008772517,-0.03076911,0.39519033,-0.040801782,0.21329765,-0.11874898,-0.0034487634
124,0.013434502,0.47188893,-0.008802283,0.19771366,-0.025999695,0.101060525,-0.005627199,0.2718399,0.0106552085,0.075117104,-0.038068447,0.1712859,0.007797525,0.007171124,0.01186861,0.11461753,-0.12689878,0.11737268,-0.00023241778,0.018205417,-0.006905747,0.187768,-0.14743349,0.056929562,-0.013960829,0.109296754,-0.028226709,0.20551261,-0.12247649,0.015065696,-0.026208606,0.3898017,-0.03427522,0.22400214,-0.1181294,0.0075056716
125,0.0077665206,0.48259127,-0.012800782,0.19921061,-0.030852083,0.094406135,-0.010679351,0.27331492,0.010212725,0.09017893,-0.041399628,0.17447063,0.0074195303,-0.0007419335,0.01140979,0.11946014,-0.11532284,0.1269289,0.001061974,0.019277308,-0.0059316657,0.18012595,-0.1327162,0.06933512,-0.012017724,0.11560443,-0.027362604,0.19447586,-0.108459935,0.0261334,-0.025475372,0.4018692,-0.03622949,0.21074378,-0.10075723,0.014663793
126,0.006745967,0.4824263,-0.012341982,0.20117214,-0.029821597,0.094878145,-0.009987851,0.2665066,0.011600213,0.096369445,-0.04004492,0.17748177,0.009213391,0.0021662537,0.013133602,0.11763284,-0.11166698,0.1306923,0.0030966424,0.020009523,-0.0038588333,0.17777906,-0.13097802,0.07290881,-0.010088359,0.11781764,-0.0259682,0.19315967,-0.105289035,0.026633494,-0.024246361,0.40828544,-0.037028223,0.20987621,-0.09370282,0.003813146
127,0.016112417,0.48042107,-0.00738947,0.20419773,-0.017159658,0.10722556,-0.002569489,0.26944146,0.015073933,0.08014937,-0.02980825,0.18776199,0.013455323,0.01073918,0.017367616,0.1047927,-0.12524958,0.12981148,0.004739941,0.019536031,-0.001934358,0.18709695,-0.15343305,0.06531298,-0.010086267,0.11434994,-0.0255124,0.21037807,-0.12382197,0.01673375,-0.023734283,0.40226707,-0.035521515,0.23181601,-0.11252042,-0.010659801
128,0.004691263,0.48889443,-0.015526795,0.20611651,-0.011151578,0.098434106,-0.010269487,0.26578543,0.012556952,0.07714488,-0.024584059,0.19524328,0.011264528,0.0045267884,0.014777396,0.09609375,-0.12520598,0.13354887,0.0012553269,0.023745805,-0.005572833,0.1836549,-0.15986246,0.06479672,-0.015207165,0.11772862,-0.030871196,0.21019164,-0.13296582,0.015066563,-0.030085912,0.40716353,-0.043968305,0.23263067,-0.123896696,-0.009177416
129,0.0069473763,0.4905359,-0.013981966,0.20639357,-0.013359486,0.09980087,-0.008992291,0.2645395,0.013929088,0.08002931,-0.026251717,0.19864982,0.012623411,0.007024749,0.016044503,0.0983196,-0.12613414,0.13631865,0.0026667663,0.025269736,-0.0040255096,0.18635356,-0.16090576,0.06749004,-0.0133903595,0.11759512,-0.028574882,0.2135803,-0.13333814,0.018547053,-0.027423762,0.40625402,-0.03922808,0.23702432,-0.12502138,-0.0021800469
130,0.0027357144,0.49626583,-0.016388336,0.20709707,-0.020486087,0.09544643,-0.012763778,0.26271024,0.012551773,0.094955586,-0.0315642,0.19821942,0.011020889,0.003075641,0.014302191,0.10447429,-0.1162107,0.14097537,0.002470047,0.02654959,-0.004453218,0.18037707,-0.14878413,0.07401761,-0.013041302,0.1220089,-0.028921874,0.20491223,-0.123104036,0.023244923,-0.028013388,0.415463,-0.041679855,0.22687867,-0.11430497,-0.0012480598
131,0.005185368,0.4995367,-0.01388162,0.20855872,-0.028074708,0.096255004,-0.011347866,0.25964373,0.014184056,0.11007036,-0.037200663,0.1980828,0.012502423,0.0054562385,0.01571628,0.113149144,-0.10898241,0.1448113,0.005323019,0.027082892,-0.0016214631,0.1791781,-0.13621873,0.081236064,-0.008859625,0.12568521,-0.02496746,0.20019074,-0.106915526,0.030358585,-0.023530865,0.42326558,-0.036801033,0.22106028,-0.09436967,0.0015747653
132,0.015809193,0.4982962,-0.007183971,0.21122125,-0.026943589,0.105447665,-0.003962923,0.2619452,0.018192837,0.107443996,-0.036255296,0.20135473,0.016743505,0.012818915,0.020059614,0.11812084,-0.11665409,0.14471023,0.009342402,0.025831677,0.0026208288,0.19143885,-0.13780461,0.08402405,-0.0031579144,0.12411301,-0.018860102,0.21175152,-0.097414725,0.037639797,-0.015298629,0.4188481,-0.02563141,0.23412104,-0.07982716,0.011005173
133,0.018800877,0.5044577,-0.006843962,0.21284623,-0.03099507,0.108147375,-0.0042759795,0.26969177,0.016635336,0.11665267,-0.0392129,0.19972749,0.01503384,0.009197271,0.01842581,0.1245839,-0.11212772,0.1462621,0.008760108,0.021956446,0.001745188,0.1913975,-0.12841001,0.088276364,-0.0027117673,0.12685193,-0.01991315,0.2085891,-0.08525892,0.04051495,-0.015544661,0.4262613,-0.028933307,0.22976774,-0.06682201,0.008979286
134,0.022927314,0.50835466,-0.00678129,0.21390404,-0.028357785,0.11327117,-0.0037339698,0.28136137,0.014732007,0.113078296,-0.037185837,0.19998553,0.013234603,0.0055572684,0.016723668,0.123285554,-0.1147402,0.14502706,0.006581294,0.017223598,-0.0006538861,0.19409561,-0.130707,0.086119816,-0.0051265103,0.1268172,-0.023618476,0.21202852,-0.08465528,0.03631705,-0.01886125,0.42793947,-0.035969496,0.23389666,-0.064320825,-0.0006834945
135,0.022497382,0.50996965,-0.0072440994,0.21303941,-0.02907215,0.11574443,-0.0043640183,0.2839962,0.013113863,0.11651604,-0.037931774,0.19841008,0.011563255,0.0027072832,0.015070814,0.122791626,-0.111825466,0.1449637,0.005189175,0.01514598,-0.0022198772,0.1911024,-0.12926802,0.085102856,-0.0068942527,0.1295212,-0.026182365,0.20924392,-0.08575551,0.03245277,-0.021785732,0.4337177,-0.040404145,0.23102878,-0.06715832,-0.0050595207
136,0.017958866,0.5060059,-0.006807115,0.20981626,-0.035526898,0.11713441,-0.005061906,0.27380615,0.011196633,0.13127089,-0.043338444,0.19053975,0.009284924,0.003239119,0.012760088,0.12573388,-0.10115208,0.14346673,0.0043514892,0.014082974,-0.0031736232,0.18160306,-0.12059694,0.083736375,-0.007840519,0.13482253,-0.027621292,0.1983152,-0.08538941,0.02638839,-0.024221744,0.44524223,-0.042307872,0.21871547,-0.07251767,-0.009190173
137,0.016775051,0.50556594,-0.008169806,0.2092318,-0.034786966,0.11694094,-0.006405548,0.2756128,0.009682873,0.1286052,-0.043377183,0.18962719,0.0076612853,0.0004724071,0.0110966265,0.12685733,-0.10332361,0.14151242,0.0024558294,0.014303154,-0.0051705986,0.1847191,-0.12081201,0.08226365,-0.009516121,0.136837,-0.029814111,0.201187,-0.08237467,0.025979806,-0.0258502,0.44710758,-0.04549801,0.222124,-0.06852151,-0.008065651
138,0.017267367,0.5019224,-0.007028059,0.2094976,-0.0335937,0.11837301,-0.0049810368,0.27141035,0.010174055,0.12551165,-0.042561013,0.18968292,0.008206705,0.0039877794,0.011596054,0.12632097,-0.1065049,0.13968217,0.0025318004,0.014896325,-0.0050020386,0.18794054,-0.124058455,0.08008058,-0.009414671,0.13627085,-0.029411053,0.2052758,-0.0836278,0.024318898,-0.025169054,0.4457956,-0.043880176,0.22712955,-0.06992602,-0.00912989
139,0.011643036,0.4961478,-0.007674713,0.21204364,-0.02940533,0.11869198,-0.004919649,0.25892735,0.009947291,0.12313215,-0.038576957,0.18864657,0.008407223,0.007633117,0.011654825,0.1200723,-0.10548268,0.13750525,0.002206204,0.016497618,-0.005248649,0.18398876,-0.12695807,0.07612215,-0.010599897,0.13783687,-0.030029397,0.2026355,-0.08945636,0.019561714,-0.02657004,0.44962633,-0.043672234,0.22424512,-0.077592485,-0.012258248
140,0.0006826254,0.4989479,-0.015034926,0.21395634,-0.023802653,0.10999716,-0.0117934365,0.25293425,0.0069787204,0.11651733,-0.034128685,0.1914153,0.005739832,0.0019661256,0.008649994,0.115033455,-0.10770755,0.13732533,-0.0014994373,0.020939548,-0.009054091,0.1840626,-0.13065374,0.07486271,-0.014908043,0.14047074,-0.034361403,0.20389095,-0.09270732,0.02145117,-0.030951222,0.45142844,-0.049490552,0.22595143,-0.082251064,-0.0027086977
141,0.010933402,0.4952854,-0.00984643,0.21449281,-0.023110833,0.11728087,-0.0061296197,0.25821388,0.008795641,0.10781126,-0.034526266,0.19199346,0.0074155023,0.0078365365,0.010270542,0.12141307,-0.11998356,0.13288085,-0.0006951348,0.020496232,-0.008027639,0.20037343,-0.13639507,0.07294967,-0.012498,0.13678715,-0.031406105,0.22062483,-0.0873255,0.024471032,-0.025736427,0.44177365,-0.04189295,0.24576443,-0.07609673,0.0031499611
142,0.004105714,0.49701387,-0.012929989,0.21373862,-0.030204426,0.11166597,-0.010666665,0.25090948,0.005519996,0.1246038,-0.0396412,0.1851377,0.0038166295,0.004353794,0.0064469357,0.1260626,-0.108828746,0.13273042,-0.002822945,0.022086985,-0.01036408,0.19235818,-0.12390119,0.07538715,-0.014068423,0.14315788,-0.033849567,0.20949833,-0.07847815,0.025587514,-0.028328184,0.45447618,-0.046773557,0.2324439,-0.06805679,0.0014340174
143,0.0054705823,0.49516866,-0.011671113,0.21233983,-0.03445255,0.11270034,-0.010080435,0.24913372,0.0046277987,0.12978554,-0.04322341,0.18104343,0.002586979,0.0059504984,0.0051447386,0.13050854,-0.1082021,0.13004553,-0.003716218,0.022100458,-0.011247515,0.19419461,-0.12157735,0.07385441,-0.014408839,0.14448759,-0.0344167,0.21061869,-0.0751938,0.023317968,-0.028503068,0.45698312,-0.04743529,0.23383644,-0.06516977,-0.004199586
144,0.007648403,0.49461833,-0.0107977465,0.2116506,-0.03637086,0.11418684,-0.009489929,0.25098345,0.003946624,0.13089228,-0.04504216,0.1790173,0.0016846755,0.0062634917,0.0041922014,0.13353503,-0.10977238,0.1277961,-0.0046496573,0.021696636,-0.012203168,0.19749984,-0.12160601,0.07209367,-0.014971885,0.14516476,-0.035213787,0.21380195,-0.07327909,0.021249047,-0.028843429,0.45753032,-0.04834352,0.23767401,-0.06333987,-0.008267757
145,0.009032377,0.49569345,-0.009383832,0.21241933,-0.03598254,0.116390936,-0.007902216,0.2500864,0.0055577443,0.13233444,-0.044251807,0.18212955,0.0035004413,0.008214871,0.0060164575,0.13144273,-0.107923135,0.13133799,-0.0027050525,0.022504477,-0.010172898,0.19458844,-0.12150292,0.075014524,-0.013288317,0.14551489,-0.032955553,0.21109806,-0.07540929,0.024088694,-0.027036874,0.4589392,-0.044207636,0.23458292,-0.06666095,-0.002241041
146,0.009989185,0.4959616,-0.009061513,0.21299103,-0.034727592,0.11760164,-0.0073335487,0.25149924,0.005952223,0.1308666,-0.043156795,0.18361409,0.0040158536,0.008304488,0.006532076,0.12992695,-0.108261436,0.1322095,-0.0023450719,0.022539862,-0.009807026,0.19418494,-0.122462966,0.075385764,-0.013118281,0.14572889,-0.032683894,0.21101068,-0.076496154,0.02445828,-0.026875388,0.4593908,-0.043612152,0.23452646,-0.06790204,-0.0010125564
147,0.007746931,0.4929312,-0.009988281,0.21411236,-0.031194983,0.118439324,-0.007697036,0.24951595,0.004956304,0.126932,-0.040143244,0.18251172,0.0032691914,0.007976298,0.005749378,0.12544495,-0.108567186,0.13002527,-0.0035631906,0.022112658,-0.011056129,0.19218619,-0.12476703,0.071896255,-0.014980217,0.14658017,-0.034722913,0.2098285,-0.07980262,0.0198149,-0.029310336,0.46162382,-0.046944126,0.23322713,-0.07149416,-0.0076033226
148,0.00361129,0.4927751,-0.012649536,0.21518634,-0.027807044,0.11649517,-0.00993794,0.24765514,0.0035762584,0.12295487,-0.037421085,0.18293929,0.002095206,0.005306237,0.004457019,0.12202246,-0.10921551,0.12916858,-0.0052317115,0.023160998,-0.012831662,0.1912016,-0.12635872,0.07021997,-0.017117968,0.14834157,-0.037031412,0.20938015,-0.08150233,0.01884417,-0.03175724,0.46383604,-0.050318114,0.23281316,-0.07374367,-0.0060635656
149,0.0051605273,0.4907488,-0.0127590345,0.21530212,-0.026373483,0.11756397,-0.009805305,0.25097623,0.002454669,0.11713202,-0.03704913,0.18149169,0.0008460651,0.004610741,0.0031615105,0.1240969,-0.11493978,0.12510839,-0.007088017,0.02271125,-0.014732546,0.1981648,-0.12940335,0.066643886,-0.018567562,0.14787665,-0.03877185,0.21676947,-0.07967912,0.01677572,-0.03259519,0.46093494,-0.052287597,0.2416313,-0.07149468,-0.008079976
150,0.002019822,0.49283934,-0.014078769,0.21644218,-0.025503917,0.11628202,-0.011050411,0.24793568,0.0025812152,0.11800975,-0.035619386,0.18419492,0.0011632058,0.0038222135,0.0034329018,0.12067807,-0.112994455,0.1279929,-0.006862868,0.024478381,-0.0145312,0.19441651,-0.13004561,0.06814984,-0.018978782,0.14952055,-0.03883258,0.21344371,-0.08313472,0.018541437,-0.03328057,0.46400777,-0.051941726,0.23780613,-0.07599746,-0.0014745592
151,0.0017611987,0.49351707,-0.0133440625,0.2179309,-0.024637144,0.11765063,-0.010098975,0.24539304,0.0038017484,0.11893695,-0.034300145,0.18670131,0.0026009528,0.0055587436,0.004857939,0.118188456,-0.11150563,0.13059855,-0.0054235887,0.025822945,-0.013002768,0.19176441,-0.13033544,0.07003924,-0.01785174,0.15052629,-0.0370654,0.21105823,-0.085339665,0.020801619,-0.031944368,0.46634763,-0.048247565,0.23510663,-0.07927857,0.0046961866
152,0.007822642,0.48963732,-0.007776016,0.21869765,-0.025731489,0.12491454,-0.004338747,0.24312001,0.007131526,0.11909267,-0.035033327,0.18819691,0.005967604,0.013099332,0.008309409,0.12000621,-0.11370303,0.13136214,-0.0019870158,0.026187565,-0.009230459,0.19490263,-0.13192064,0.07142878,-0.013870743,0.14862266,-0.03186371,0.2144757,-0.08579199,0.023136213,-0.026503406,0.46357426,-0.038077593,0.23925112,-0.080893636,0.009107454
153,0.0071154633,0.48590454,-0.0052071935,0.2199008,-0.029787153,0.12777233,-0.0022992427,0.23430267,0.007982144,0.12920675,-0.03735682,0.18537551,0.006785322,0.017184092,0.009097508,0.12320066,-0.107823305,0.13203707,-0.00018350121,0.027169814,-0.0073289042,0.19130939,-0.12498289,0.07412693,-0.011425151,0.1503278,-0.029159322,0.20907456,-0.08029242,0.02554262,-0.02383644,0.46837583,-0.034055,0.23255359,-0.07508072,0.008985409
154,0.0062933625,0.48985407,-0.007682587,0.22017045,-0.028963797,0.12550758,-0.004790428,0.24010785,0.0065409886,0.12886833,-0.036866166,0.1862244,0.005354821,0.012311152,0.0076525114,0.122756824,-0.10734722,0.13287018,-0.0016422237,0.026194543,-0.009060972,0.19088541,-0.12438157,0.07435046,-0.013140799,0.1524225,-0.031872336,0.20861079,-0.079371884,0.024254248,-0.026490897,0.471773,-0.0396578,0.2320303,-0.07372887,0.004596708
155,0.005650888,0.5016409,-0.014501893,0.21956217,-0.02219644,0.11837632,-0.010875009,0.25827876,0.004238547,0.11536666,-0.032855388,0.19307457,0.0031839735,0.00042883342,0.0054621296,0.118009314,-0.11414386,0.13487875,-0.0051310244,0.024621487,-0.013049411,0.1950649,-0.13202953,0.073103584,-0.017734896,0.15379639,-0.03797923,0.21496624,-0.0840574,0.02236981,-0.03239261,0.47088608,-0.05061902,0.23995884,-0.077728726,0.0044678277
156,0.003296806,0.50512874,-0.017363882,0.21951886,-0.02011373,0.114916734,-0.013560658,0.26070696,0.0033108867,0.11276286,-0.031517502,0.1947378,0.0023370336,-0.0032899468,0.0045803557,0.115759626,-0.114340685,0.1357438,-0.0062555643,0.024419101,-0.014358508,0.1941331,-0.1331064,0.0728837,-0.019346904,0.1553216,-0.040154677,0.21449047,-0.085368045,0.021270733,-0.03472759,0.47314247,-0.05482418,0.23950483,-0.07864699,0.0026303183
157,0.013402277,0.49403015,-0.006788021,0.21956222,-0.023441061,0.12742557,-0.0028592055,0.25112104,0.0082128905,0.115696095,-0.033676274,0.19156496,0.007240518,0.012780248,0.00955008,0.11758118,-0.11570204,0.13240388,-0.0011614338,0.02162785,-0.008654682,0.1961449,-0.1354555,0.06980457,-0.013698085,0.15089503,-0.032744132,0.2171791,-0.08854128,0.015146256,-0.02746819,0.46967378,-0.040709443,0.24290244,-0.083915435,-0.01137772
158,0.006973232,0.49056703,-0.0071594478,0.22124109,-0.022300793,0.12659618,-0.0030354818,0.23492149,0.008461504,0.11937437,-0.0313171,0.19065294,0.00785283,0.017724106,0.009880649,0.1100586,-0.11017231,0.1321469,-0.0008267911,0.023652261,-0.008139305,0.18654492,-0.13647291,0.06692952,-0.014706149,0.15297312,-0.032848608,0.20855752,-0.09713194,0.009469922,-0.029303493,0.47661024,-0.040466245,0.23284721,-0.095118314,-0.018392926
159,0.005648285,0.4838957,-0.0072134985,0.21851721,-0.027480038,0.124224,-0.004041492,0.22875166,0.005819981,0.12382435,-0.03735977,0.18141107,0.0044804746,0.01991322,0.0062895217,0.12186516,-0.11188782,0.12445922,-0.003699124,0.025146082,-0.010959817,0.19487058,-0.13046305,0.064231336,-0.015489653,0.15289871,-0.03373069,0.21487375,-0.084719956,0.011009676,-0.028295683,0.47376662,-0.040269334,0.24050102,-0.080927856,-0.015242136
160,-0.003982956,0.48005047,-0.011914313,0.21671289,-0.030963564,0.115914784,-0.009709141,0.21521018,0.001308278,0.12785107,-0.041240867,0.17422019,-0.0005535272,0.017862488,0.00064829073,0.12990873,-0.11136774,0.11828459,-0.00867378,0.029658815,-0.01608221,0.19918191,-0.12382798,0.06226665,-0.018979171,0.15556435,-0.037422117,0.21725337,-0.07356406,0.015645282,-0.03043562,0.47464448,-0.044306368,0.24352463,-0.0681663,-0.00022967509
161,-0.00849051,0.47939348,-0.013988727,0.21630098,-0.028691672,0.11384993,-0.011539855,0.20791899,0.00037967134,0.12328321,-0.039712925,0.17608501,-0.0014166232,0.018864736,-0.0005764549,0.12723066,-0.11349964,0.11768815,-0.0104164565,0.033616927,-0.01769955,0.19933392,-0.12725572,0.060802255,-0.021087494,0.15659799,-0.0384825,0.21831708,-0.07802062,0.01791177,-0.031730358,0.47493958,-0.04329051,0.24516512,-0.0752565,0.014411632
162,-0.009278597,0.48203677,-0.018612549,0.21424262,-0.022730876,0.11055749,-0.015468329,0.21742912,-0.0035337359,0.10958547,-0.03661919,0.17619339,-0.005422455,0.013121041,-0.004678861,0.12337934,-0.12214773,0.11228132,-0.016077211,0.030412467,-0.023611657,0.20478395,-0.13758764,0.051594146,-0.027872207,0.15341114,-0.046417702,0.22634266,-0.08758732,0.005935437,-0.039741073,0.4679559,-0.05599783,0.25527748,-0.088856176,-0.0022489182
163,-0.00061917916,0.48835474,-0.016089762,0.21550506,-0.021259088,0.11638199,-0.01250535,0.23213015,-0.0017947276,0.10737425,-0.035759203,0.18189356,-0.0035657897,0.013817226,-0.0025940202,0.12323418,-0.12430779,0.11674112,-0.014228752,0.028142007,-0.021617778,0.20699869,-0.14001444,0.05508055,-0.025945831,0.15107529,-0.0440188,0.22934406,-0.08964266,0.008599263,-0.037292637,0.46517998,-0.051198468,0.25918576,-0.09274171,0.0012627696
164,-0.006056766,0.49572346,-0.019027608,0.21695843,-0.017643398,0.113712475,-0.015002573,0.22896823,-0.00073443895,0.10771839,-0.031511154,0.19044527,-0.0019996788,0.011204125,-0.001194003,0.11348637,-0.11874831,0.12531091,-0.013028129,0.031553537,-0.02049955,0.1963219,-0.13994539,0.060482305,-0.026406199,0.15590395,-0.04392234,0.21911348,-0.09455797,0.014165364,-0.038766064,0.4757535,-0.05187542,0.24727684,-0.0953045,0.0129895415
165,-0.004044278,0.49700373,-0.016055774,0.21623346,-0.01985464,0.11604132,-0.012223439,0.22426139,0.0024964104,0.11015526,-0.032994874,0.19531448,0.0012366255,0.017140994,0.0020254888,0.11348505,-0.11830888,0.13034907,-0.009671304,0.035470746,-0.016749086,0.19543609,-0.14078346,0.06557495,-0.022908567,0.15723461,-0.038541645,0.2184323,-0.097013324,0.022034971,-0.03376851,0.47869816,-0.04100356,0.24664515,-0.098492175,0.029908437
166,-0.0027675128,0.48886025,-0.01267771,0.21527307,-0.02511466,0.11966052,-0.009545644,0.21601848,0.0025241962,0.117710784,-0.03711912,0.19026764,0.00096817,0.024618808,0.0018218817,0.11803465,-0.115273416,0.12847108,-0.009109446,0.035125617,-0.015738802,0.19483644,-0.13602531,0.06668477,-0.021271538,0.15476473,-0.036285825,0.21651119,-0.092118084,0.023938563,-0.03128999,0.477459,-0.03768995,0.24416544,-0.092281476,0.025853207
167,-0.0024307326,0.4834818,-0.012386842,0.21484295,-0.029756544,0.12123358,-0.010048512,0.21601723,-0.0008435131,0.12591583,-0.040678505,0.18220872,-0.002742878,0.02566607,-0.0016869854,0.12261389,-0.11096575,0.124670856,-0.011775383,0.030317355,-0.018356413,0.19348383,-0.12943155,0.065449126,-0.023099551,0.15121427,-0.039433282,0.21345231,-0.08495142,0.020066416,-0.034031555,0.4755303,-0.045837406,0.24020533,-0.08323756,0.005854491
168,0.0023107969,0.4781235,-0.010701609,0.2138825,-0.02890531,0.12571023,-0.008117329,0.22223076,-0.0023074187,0.12161468,-0.04083778,0.17842291,-0.0043844455,0.028178144,-0.0030034687,0.12302513,-0.11479653,0.12021431,-0.013582204,0.026260735,-0.019988544,0.1970008,-0.13299167,0.06066653,-0.024802916,0.1468938,-0.041468564,0.21769848,-0.08727875,0.013143182,-0.03586133,0.47019503,-0.0494562,0.24532527,-0.086347744,-0.010294115
169,0.008902185,0.48449802,-0.0068175467,0.21738704,-0.027462022,0.13339338,-0.003676647,0.23002565,0.002149638,0.12345702,-0.03755438,0.18917482,0.0006874188,0.03157604,0.0025125947,0.116325565,-0.11120038,0.1314849,-0.008078598,0.025062881,-0.014199232,0.18995175,-0.1342769,0.0694305,-0.020206122,0.14483541,-0.03571483,0.21138582,-0.093446925,0.020451367,-0.03146847,0.47080237,-0.04036818,0.23800151,-0.09374736,0.0010857128
170,0.0065964693,0.49371454,-0.009585603,0.21973094,-0.023814477,0.1312165,-0.0059639597,0.23201497,0.0031417245,0.121417664,-0.033338223,0.19852133,0.0021956922,0.028112598,0.0037746395,0.108725496,-0.10893193,0.13915044,-0.007155016,0.026727345,-0.013363877,0.18371941,-0.13636324,0.07430658,-0.020565776,0.14695844,-0.03586996,0.20609197,-0.099379815,0.024970347,-0.032743696,0.47514865,-0.04103733,0.23193966,-0.10066635,0.011747287
171,0.007319625,0.5074053,-0.014958883,0.22120218,-0.019249042,0.12639071,-0.010876196,0.24990904,0.0016623399,0.11538516,-0.02954374,0.20610622,0.0009978015,0.017111307,0.002559031,0.10347718,-0.11046791,0.14429206,-0.009017755,0.026016641,-0.015680896,0.18249214,-0.14021139,0.07641361,-0.023624716,0.14971387,-0.04000498,0.20608526,-0.10408572,0.025951866,-0.03724975,0.47811317,-0.048647907,0.23216361,-0.10600143,0.016617564
172,0.0058942363,0.5077558,-0.015749704,0.22208877,-0.017823718,0.12482397,-0.011460092,0.24700233,0.0020577312,0.113051735,-0.028227221,0.20809396,0.0015261652,0.018488796,0.0030737575,0.10218544,-0.11207892,0.14494455,-0.008772536,0.025218531,-0.015419472,0.18353343,-0.14242865,0.07648912,-0.023528563,0.14899042,-0.040154587,0.20778134,-0.105891936,0.02477776,-0.037369955,0.47767425,-0.049457677,0.23429121,-0.10842342,0.012026545
173,0.0052167964,0.4964813,-0.011002986,0.224957,-0.016288282,0.12970053,-0.006104692,0.22838818,0.0050911866,0.110470586,-0.025842464,0.20775226,0.00490309,0.03189188,0.0064322236,0.099523485,-0.11570773,0.14226191,-0.00596519,0.02490442,-0.012087462,0.18623132,-0.14850134,0.073100865,-0.02069229,0.14508499,-0.036106426,0.21243228,-0.11167644,0.020190459,-0.03345072,0.47343424,-0.041798376,0.24027666,-0.116557986,0.0024740496
174,0.0031847386,0.49529648,-0.010979348,0.22750165,-0.021162864,0.12826027,-0.0069505507,0.22247173,0.0038211178,0.1215723,-0.02928742,0.20287669,0.0033681202,0.033613436,0.0048350496,0.10725093,-0.110529944,0.14048198,-0.006428703,0.024675919,-0.012545792,0.18667671,-0.13825239,0.07509646,-0.019691464,0.14600652,-0.03583594,0.21024533,-0.09785746,0.02222868,-0.032294776,0.4761549,-0.043400206,0.23749386,-0.09993622,-0.004898073
175,0.0063430057,0.49586505,-0.011075319,0.22739252,-0.024156854,0.12711917,-0.0075998246,0.2291862,0.0022124967,0.123889625,-0.032828458,0.19837,0.0013280147,0.03166208,0.0029597473,0.11708281,-0.11220619,0.13750727,-0.007647661,0.023342691,-0.013848342,0.1942175,-0.13193195,0.076669626,-0.01891872,0.14563097,-0.035833925,0.21548933,-0.084216386,0.026765909,-0.030295633,0.4739967,-0.043247785,0.2434676,-0.08455898,-0.0021725148
176,0.004928458,0.49906445,-0.013845647,0.22822438,-0.023773313,0.12326778,-0.010475327,0.23279768,0.0003931284,0.12404316,-0.032835376,0.19730502,-0.0005512292,0.027918184,0.00096065464,0.119210996,-0.11202511,0.1364418,-0.009479286,0.02302986,-0.015827518,0.19563252,-0.12907699,0.077046745,-0.020263702,0.14656332,-0.03788598,0.21601631,-0.07884433,0.028114045,-0.031700004,0.47491473,-0.047042493,0.24401817,-0.07831592,-0.0023130672
177,0.005356282,0.4967005,-0.01224426,0.22878811,-0.024886977,0.12525643,-0.008966348,0.22958685,0.0010330818,0.12706947,-0.03346767,0.19563194,9.646715e-05,0.030376228,0.0017053202,0.120114364,-0.10993201,0.13627388,-0.0083752135,0.022531563,-0.014642557,0.19429485,-0.12639804,0.07778743,-0.018854855,0.14654258,-0.036301173,0.21402158,-0.0764603,0.028608402,-0.03008497,0.4761459,-0.04435425,0.2416525,-0.07602695,-0.0027820885
178,0.0073550395,0.49609908,-0.010560641,0.2281799,-0.02657474,0.12707849,-0.0074877655,0.22944097,0.0018729975,0.12863788,-0.0349018,0.19550006,0.0008201251,0.03229148,0.0024865763,0.12206867,-0.11013745,0.13662936,-0.00742471,0.022687342,-0.0136215,0.19551519,-0.12580387,0.078673095,-0.017574422,0.14639392,-0.034749467,0.2150358,-0.075326115,0.029689258,-0.028346289,0.4758743,-0.041384406,0.24288274,-0.075111486,-0.0012684712
179,0.004067463,0.49971494,-0.012635836,0.22907147,-0.027056068,0.12458719,-0.009778246,0.22790849,0.0012067552,0.13259079,-0.034465794,0.19706482,0.00027478285,0.029393591,0.0016853351,0.11990843,-0.10627868,0.13905287,-0.007934452,0.024309322,-0.014277907,0.19090417,-0.12384743,0.08032598,-0.018570956,0.14967377,-0.035933904,0.21033551,-0.0765059,0.030722393,-0.030050514,0.48116735,-0.04338262,0.23755814,-0.07787405,0.0021156091
180,0.0032144787,0.50381845,-0.016818201,0.22853558,-0.022213848,0.12165564,-0.013351185,0.23829071,-0.0012097385,0.12276956,-0.03150617,0.19931155,-0.0020541737,0.021563828,-0.0007326049,0.11681796,-0.111986086,0.13764712,-0.011390541,0.02368282,-0.018080736,0.19465572,-0.13014929,0.076623134,-0.022838397,0.15205409,-0.041318577,0.2157184,-0.08045325,0.026073746,-0.03523488,0.48253793,-0.052318916,0.24414231,-0.08105469,-0.0034691654
181,0.0011612596,0.5085764,-0.02059741,0.22904322,-0.018954482,0.11856874,-0.016776763,0.24479704,-0.0030793073,0.11793799,-0.029188812,0.20162967,-0.0037952783,0.014956076,-0.0026370145,0.11474822,-0.11407619,0.13794754,-0.013770956,0.023704613,-0.020747775,0.19575588,-0.13226107,0.07588675,-0.025678806,0.15431291,-0.045022868,0.2173769,-0.08128063,0.025336893,-0.03879333,0.48450434,-0.058663018,0.24618402,-0.081605464,-0.00339129
182,0.0067802984,0.51298726,-0.0203239,0.22951719,-0.017832488,0.12036236,-0.016275233,0.25720227,-0.0030574643,0.11169501,-0.029613515,0.20425746,-0.003923672,0.011016712,-0.0027077193,0.12182768,-0.12151941,0.13811801,-0.014060291,0.023332184,-0.021217529,0.2072467,-0.13236491,0.07905937,-0.02446863,0.15446484,-0.044504173,0.22790797,-0.07194979,0.0325972,-0.036228523,0.48073035,-0.05727016,0.2582598,-0.07085413,0.0072706514
183,0.0027469033,0.51024836,-0.020309694,0.22806066,-0.022000987,0.119766995,-0.017042218,0.24812095,-0.003714408,0.120304875,-0.03327544,0.20003206,-0.004844478,0.011861461,-0.0037141864,0.1257067,-0.115581974,0.13795479,-0.01395514,0.02406377,-0.021185892,0.20390752,-0.12420395,0.081620656,-0.023609115,0.15802069,-0.044201713,0.22239852,-0.064432,0.034668513,-0.035624184,0.48825765,-0.05728314,0.2515956,-0.06314931,0.0072338283
184,0.0035128624,0.5028246,-0.017111756,0.22892556,-0.02197822,0.12439958,-0.013622228,0.24008802,-0.0027150672,0.11988985,-0.033098657,0.1976753,-0.0037872829,0.018760033,-0.0026081435,0.12581691,-0.11701445,0.13512132,-0.013000028,0.023166036,-0.019981412,0.2054472,-0.12598427,0.0789183,-0.022496441,0.15622361,-0.04272843,0.22448692,-0.065687686,0.030401362,-0.03415468,0.48739552,-0.05476656,0.25427383,-0.064968735,-0.0028716582
185,0.0030696276,0.49869525,-0.013047425,0.22976464,-0.025957255,0.12828176,-0.010014451,0.22728963,-0.00016661806,0.12916087,-0.03515594,0.19670755,-0.0011932362,0.026798373,-2.1578162e-06,0.12622425,-0.111287564,0.1374054,-0.009528039,0.024435762,-0.016209396,0.20027596,-0.12198452,0.08207407,-0.018791627,0.15613748,-0.037843663,0.21862006,-0.0660322,0.03305416,-0.02986725,0.48998296,-0.045937475,0.24752621,-0.06756346,0.0016621425
186,0.0041365656,0.49414647,-0.009536016,0.22936988,-0.027379043,0.13253072,-0.006538815,0.21963702,0.0019581562,0.13211699,-0.03583796,0.19663514,0.0009919107,0.033127632,0.0022898135,0.12442054,-0.1093497,0.13866578,-0.0070716753,0.024846122,-0.013513946,0.19720106,-0.122672245,0.08271443,-0.016620928,0.15571976,-0.034814034,0.21611899,-0.07012717,0.032225277,-0.027495844,0.49141943,-0.040284347,0.24498057,-0.073407434,0.0009747272
187,0.002009002,0.4975663,-0.01357621,0.22818503,-0.024930354,0.12862349,-0.010407395,0.2258438,-0.00090595515,0.12749064,-0.034545314,0.1960825,-0.0019055658,0.026844703,-0.000685908,0.12220159,-0.111472465,0.13665642,-0.010588141,0.023855316,-0.01736385,0.19798703,-0.12565516,0.07899,-0.02084546,0.15875797,-0.04034469,0.21787056,-0.0727116,0.026183909,-0.033039436,0.49563786,-0.050003696,0.24733187,-0.07592456,-0.00901977
188,-0.0058011557,0.5031447,-0.023068773,0.22526073,-0.020872964,0.11638352,-0.01981247,0.23126073,-0.006506653,0.11657373,-0.0335889,0.19575183,-0.007825139,0.015368583,-0.007264208,0.123254515,-0.11863915,0.13148758,-0.018165877,0.025981935,-0.025451355,0.2053068,-0.12987205,0.0734403,-0.028599426,0.1623525,-0.04998001,0.22590575,-0.07091797,0.022612141,-0.041612253,0.49651462,-0.06662154,0.25680262,-0.07176543,-0.01353163
189,0.0019799261,0.5090847,-0.02050548,0.22516865,-0.022835447,0.12025013,-0.01743322,0.24245818,-0.0049424064,0.11724647,-0.035659272,0.19919638,-0.006426767,0.015431667,-0.005760763,0.12694441,-0.120646045,0.13464524,-0.016533267,0.025155675,-0.02373636,0.20927253,-0.13017644,0.0769694,-0.02636641,0.16144687,-0.047150414,0.2298591,-0.0691589,0.02736193,-0.03828016,0.49415863,-0.06057651,0.26155615,-0.070227124,-0.0031836415
190,-0.00081185583,0.50888807,-0.0197099,0.22538596,-0.02312659,0.121394746,-0.016635334,0.23427403,-0.0032614032,0.122137345,-0.03490203,0.20217054,-0.0044730115,0.019004015,-0.0038977559,0.12094312,-0.115306504,0.13927923,-0.014445694,0.0273192,-0.021462735,0.20095484,-0.13072503,0.07914858,-0.025368474,0.16332597,-0.044897266,0.22257325,-0.077054225,0.02837186,-0.03746331,0.49923366,-0.05527617,0.25355923,-0.08077639,0.005447814
191,0.0027996888,0.49845335,-0.012994859,0.22708587,-0.022127585,0.13107738,-0.009283188,0.2229097,3.570359e-05,0.12095056,-0.033229202,0.20176294,-0.0008767225,0.032181773,-0.00013816137,0.117393,-0.11774492,0.13750634,-0.01123381,0.02682878,-0.017648222,0.20148997,-0.13729148,0.075335436,-0.022555117,0.16038683,-0.040351078,0.22536272,-0.085949436,0.021622188,-0.03367158,0.497283,-0.045886572,0.25751898,-0.092725374,-0.0052525816
192,-0.0033052526,0.4954058,-0.0138651375,0.2281819,-0.022929408,0.13003868,-0.0103460485,0.21040638,-0.0008159531,0.12603644,-0.03261704,0.20020783,-0.001571804,0.035051744,-0.0013265978,0.11374571,-0.11348882,0.13642399,-0.012256434,0.029255988,-0.018593544,0.19576842,-0.13682903,0.07289634,-0.024318045,0.16289946,-0.04173989,0.22018653,-0.09020292,0.01747993,-0.036034252,0.50301975,-0.04787825,0.2517517,-0.09877269,-0.010497743
193,-0.0009578555,0.4941084,-0.014170012,0.22455493,-0.027561892,0.12713672,-0.011549792,0.21314557,-0.0025285743,0.1260212,-0.039157443,0.195633,-0.004163552,0.035373956,-0.00416975,0.12751962,-0.119078815,0.13158287,-0.014590723,0.03073536,-0.020889325,0.20843004,-0.1331709,0.07346844,-0.024095163,0.16142124,-0.04176359,0.23113589,-0.07764572,0.023511313,-0.03353543,0.4963629,-0.04646965,0.2646535,-0.08560047,-0.0005685105
194,-0.0032886134,0.50030583,-0.016509587,0.22423221,-0.034043476,0.12152589,-0.015212391,0.21306963,-0.0041548344,0.1372106,-0.044178236,0.19422945,-0.0061849523,0.031962253,-0.0065774843,0.13495393,-0.11381127,0.13363801,-0.01558704,0.03282118,-0.02210184,0.20812297,-0.12395934,0.078967325,-0.023786472,0.16419563,-0.041998133,0.2284725,-0.06757478,0.031611986,-0.03284361,0.49977943,-0.04695061,0.26137844,-0.07541216,0.012045497
195,-0.004829487,0.49848405,-0.016145285,0.22460733,-0.03313169,0.122956425,-0.014653271,0.20787133,-0.0036386955,0.13665263,-0.043373514,0.19604205,-0.0055372384,0.034569245,-0.006106974,0.13363343,-0.11453742,0.1343172,-0.0153287165,0.033241116,-0.021716392,0.20839867,-0.1260223,0.078951664,-0.023722686,0.16373451,-0.04209445,0.22974657,-0.07011785,0.0298263,-0.033121668,0.49990746,-0.047995504,0.2634018,-0.07875907,0.005687806
196,-0.002813709,0.50206846,-0.01659462,0.22440551,-0.026758205,0.12468789,-0.013985762,0.21248306,-0.0022881483,0.12596454,-0.038597815,0.20420083,-0.003770569,0.03514872,-0.0043809707,0.12586308,-0.12085801,0.13665117,-0.015201189,0.032725696,-0.021479018,0.21005921,-0.13756119,0.07633943,-0.025230138,0.16161424,-0.043559723,0.2352295,-0.082862355,0.023563504,-0.035538457,0.49633625,-0.05109587,0.27099326,-0.093250565,-0.004909943
197,-0.0025052768,0.50445837,-0.01593032,0.22485495,-0.02732908,0.12584203,-0.0133741405,0.21129487,-0.0015474638,0.12868057,-0.03788526,0.20712043,-0.0028276101,0.03726868,-0.0034298338,0.12107413,-0.118837975,0.1395245,-0.014425188,0.032717254,-0.02055956,0.20565313,-0.14067928,0.07609541,-0.025545338,0.16181043,-0.04353499,0.23252568,-0.0910405,0.019284347,-0.036749173,0.49870357,-0.051270176,0.2684952,-0.1035741,-0.012765982
198,0.0005669311,0.5038836,-0.013481451,0.22583127,-0.02659775,0.13021025,-0.010621789,0.21245122,0.00017166603,0.12881939,-0.03692157,0.20963366,-0.0009123698,0.03993346,-0.0012452194,0.119155414,-0.118463024,0.14226326,-0.012317617,0.032502096,-0.018252375,0.20432723,-0.14185914,0.07798434,-0.023645038,0.16100128,-0.04087815,0.23172766,-0.09358567,0.02087544,-0.034508433,0.49847886,-0.046228133,0.26781106,-0.10682211,-0.009087933
199,-0.0022844318,0.50758773,-0.015364321,0.22704694,-0.026709532,0.12818597,-0.012633937,0.21115991,-0.00040938155,0.13275683,-0.036149956,0.21157043,-0.0013163937,0.03805541,-0.0019630739,0.11663233,-0.11449896,0.14462866,-0.012780039,0.03416972,-0.0188147,0.19961493,-0.13998438,0.07942823,-0.024662035,0.1633024,-0.04183557,0.22701219,-0.0947918,0.021880206,-0.036123246,0.5028033,-0.047954503,0.26247257,-0.10872424,-0.006288793
200,-0.0020997734,0.51188743,-0.016249564,0.22816877,-0.02682472,0.12702392,-0.013584373,0.2132409,-0.00034152242,0.13442603,-0.035857443,0.21389633,-0.00117015,0.03655809,-0.0019941833,0.1169687,-0.11352619,0.1467123,-0.012652151,0.035226516,-0.01873433,0.1992377,-0.1385422,0.0817856,-0.024427157,0.1641921,-0.041511893,0.22633213,-0.093225166,0.025444504,-0.03569727,0.5037965,-0.047062423,0.26179585,-0.107859716,0.0008590673
201,-0.0005361588,0.51809007,-0.018961318,0.22938143,-0.026099628,0.124456786,-0.016326992,0.22445187,-0.0024402791,0.13446221,-0.035640806,0.21358801,-0.003314557,0.029901413,-0.004076083,0.119719945,-0.11326335,0.14677894,-0.014484914,0.034317445,-0.020952258,0.20090638,-0.13477978,0.08329022,-0.025773594,0.16570488,-0.043955572,0.2266544,-0.08635546,0.028361063,-0.037285816,0.5052432,-0.05175036,0.2619744,-0.10020125,0.0035181204
202,0.0014064831,0.5177152,-0.019687807,0.22948815,-0.028899888,0.12417464,-0.017613787,0.23068653,-0.005901055,0.13876145,-0.038101066,0.20642674,-0.007134268,0.02694449,-0.007688321,0.124557786,-0.11169237,0.14211068,-0.01755511,0.03154118,-0.024290005,0.20232363,-0.12991236,0.08029837,-0.028132098,0.16690406,-0.04776258,0.22658595,-0.07943221,0.023539457,-0.040313654,0.5080231,-0.05911184,0.26173136,-0.09296726,-0.010595586
203,0.002354414,0.5142809,-0.021357462,0.22953197,-0.026853874,0.123744614,-0.019016279,0.23712638,-0.009376103,0.13350148,-0.037182637,0.20104037,-0.010750022,0.023547757,-0.011292993,0.12625135,-0.11592985,0.13518962,-0.021688174,0.031567223,-0.02867181,0.20724662,-0.13148808,0.07359535,-0.03206136,0.16875549,-0.05234728,0.23137861,-0.07679922,0.01791285,-0.04402399,0.5090397,-0.0657814,0.26721326,-0.08989584,-0.018631808
204,0.006985475,0.5196543,-0.01878585,0.23234384,-0.020279443,0.13129021,-0.015041078,0.24389455,-0.0057211597,0.12922594,-0.030120917,0.21166559,-0.0061145485,0.025508337,-0.006232488,0.11234349,-0.114126384,0.14443225,-0.017525006,0.030077871,-0.024226248,0.19787805,-0.13907345,0.07662835,-0.030270133,0.1671599,-0.048736278,0.22474863,-0.09271565,0.018412484,-0.042733457,0.5104405,-0.057396572,0.25990108,-0.10858143,-0.006538013
205,0.008976608,0.5246738,-0.019117333,0.2333156,-0.019164475,0.13251485,-0.0151814995,0.25095454,-0.0054162215,0.12934344,-0.029038955,0.2151999,-0.0056499834,0.02335007,-0.005677125,0.11126204,-0.113266654,0.14799537,-0.016937986,0.029899778,-0.0236657,0.19669893,-0.13848776,0.07968044,-0.02978833,0.16728224,-0.048028603,0.22358939,-0.092850514,0.022145865,-0.042100087,0.5107366,-0.05540223,0.2587198,-0.10957892,0.0028009182
206,0.0046448563,0.52472705,-0.02046746,0.23484705,-0.018234057,0.13260251,-0.016434861,0.24709928,-0.0062220185,0.13217714,-0.027799519,0.21465527,-0.006262273,0.021827811,-0.0063932296,0.1091735,-0.10949656,0.14857134,-0.017397672,0.030099802,-0.024259971,0.19245887,-0.1357181,0.079815984,-0.030629762,0.16989397,-0.04922176,0.21890563,-0.09202954,0.021123353,-0.04370469,0.51593006,-0.057906218,0.25327054,-0.10840157,0.00019298587
207,0.010329765,0.51692915,-0.014789274,0.23711132,-0.016778164,0.14170589,-0.010099097,0.24498947,-0.0047821635,0.12759437,-0.026449468,0.21154083,-0.004679853,0.02922138,-0.0044355374,0.11058393,-0.11476737,0.14436892,-0.015890095,0.026715947,-0.022416087,0.1984213,-0.13932808,0.07620194,-0.028419854,0.16675529,-0.046498913,0.22548974,-0.092167415,0.016703079,-0.040260404,0.5116279,-0.051633865,0.26115006,-0.110601075,-0.0082285935
208,0.010413677,0.514152,-0.012561487,0.23834807,-0.018405445,0.14523464,-0.008033509,0.24031933,-0.0044567552,0.13376306,-0.027030913,0.2089271,-0.004331893,0.032467093,-0.0039843484,0.11042462,-0.11097881,0.14382637,-0.014995026,0.026370391,-0.021389287,0.19526248,-0.13661158,0.075533286,-0.027496971,0.16785137,-0.045084596,0.22205661,-0.09175539,0.014672073,-0.03919504,0.51512015,-0.0484467,0.2573748,-0.11088619,-0.011890462
209,0.007232694,0.51095253,-0.016573315,0.23374596,-0.023976063,0.13546664,-0.013401529,0.23841465,-0.0085922945,0.13806583,-0.03521051,0.20008528,-0.009608963,0.029497825,-0.009909869,0.12782711,-0.11193298,0.13727678,-0.01949425,0.029790483,-0.026048062,0.20559122,-0.12342486,0.07842138,-0.028304212,0.16918539,-0.047121767,0.22816797,-0.068443105,0.025602674,-0.037738156,0.51224536,-0.05094672,0.26465943,-0.086491376,0.004132113
210,0.003497513,0.5040935,-0.014073849,0.23306139,-0.029280024,0.13713063,-0.011743005,0.22258684,-0.008414869,0.14947882,-0.039421506,0.19396783,-0.009744923,0.036461864,-0.010363162,0.13299896,-0.10541779,0.13564178,-0.01856716,0.033249967,-0.024775218,0.20253712,-0.11410875,0.0811604,-0.025924794,0.17071794,-0.043751426,0.22281283,-0.060269173,0.0311456,-0.033950858,0.5161165,-0.044131,0.25852984,-0.078263395,0.011884508
211,0.005933824,0.5058189,-0.014411359,0.23214604,-0.023831725,0.13762404,-0.011101913,0.22685122,-0.007009717,0.13758509,-0.036411796,0.1997395,-0.008149316,0.037418693,-0.008679265,0.1283141,-0.1125865,0.13644503,-0.018298253,0.03253326,-0.02437126,0.20607682,-0.12385685,0.07872882,-0.02666496,0.16814826,-0.044212803,0.22922198,-0.06916533,0.026846074,-0.03484474,0.51128596,-0.044624303,0.26699555,-0.08828436,0.006441491
212,0.0009798929,0.51338917,-0.02028073,0.23208374,-0.023468198,0.13011602,-0.017282426,0.23037264,-0.010067019,0.14070205,-0.035792634,0.20036776,-0.011144736,0.029131884,-0.012012948,0.12577349,-0.10838204,0.13773783,-0.02137045,0.03260363,-0.027999457,0.20118147,-0.12105836,0.07871666,-0.030558296,0.17261606,-0.049736105,0.22409257,-0.0689018,0.024327815,-0.040713217,0.5185485,-0.05559885,0.26123878,-0.08783388,-0.00050204154
213,0.0070926934,0.5085458,-0.014669501,0.23413846,-0.024459375,0.13907601,-0.011472162,0.23070858,-0.008422895,0.14371441,-0.035866003,0.19760987,-0.009372205,0.035633583,-0.009653738,0.1260222,-0.107135355,0.13724446,-0.0187521,0.029665617,-0.025053639,0.20040914,-0.12031431,0.078442305,-0.027607497,0.17125876,-0.046219833,0.22326177,-0.06899795,0.021247786,-0.037368186,0.5194374,-0.049237233,0.26036748,-0.08859761,-0.009632855
214,0.008328124,0.50477195,-0.010657919,0.23840743,-0.021895241,0.14746118,-0.006676401,0.2266466,-0.0060221837,0.14647362,-0.031565562,0.19939066,-0.0061938604,0.040682968,-0.0061423527,0.11752209,-0.101899095,0.1409507,-0.015162597,0.02949296,-0.021191997,0.19129686,-0.121065594,0.07971823,-0.025165776,0.1724035,-0.042305764,0.21494257,-0.07647261,0.020423666,-0.035071872,0.52512485,-0.041373223,0.25080606,-0.09729161,-0.007784521
215,0.0064464053,0.50211304,-0.011311195,0.23995093,-0.019500092,0.1478328,-0.0069024493,0.22437358,-0.0069236644,0.14554311,-0.029277721,0.19786404,-0.0068119452,0.040795814,-0.0069147176,0.11378126,-0.10050934,0.1393471,-0.016079897,0.030681059,-0.022119705,0.1881446,-0.12164274,0.07711859,-0.026640253,0.1748734,-0.04339895,0.21212187,-0.07903556,0.017712792,-0.03665401,0.5295282,-0.042166207,0.24758855,-0.100279436,-0.009005705
216,0.0045974804,0.50564474,-0.016954616,0.236189,-0.01947006,0.13776606,-0.012936723,0.22759718,-0.010135253,0.13935421,-0.032509528,0.19652279,-0.010732768,0.035265703,-0.011639807,0.12157489,-0.107255064,0.1342867,-0.021127583,0.033479594,-0.027441738,0.19829756,-0.12201512,0.07443653,-0.030556109,0.17607991,-0.04820417,0.2218633,-0.07215457,0.01966981,-0.039641704,0.5261281,-0.04917327,0.2591426,-0.09369138,-0.000898622
217,0.006524156,0.5076115,-0.020464614,0.23133679,-0.021057216,0.12990998,-0.017009474,0.23542522,-0.012409514,0.13439071,-0.03786262,0.19392386,-0.013935846,0.030371869,-0.015165838,0.13296378,-0.11453379,0.12987407,-0.024633557,0.034783397,-0.031231951,0.2109321,-0.12050163,0.07385918,-0.032226242,0.17651978,-0.05093287,0.2334199,-0.06118843,0.02419096,-0.039894104,0.5214688,-0.05283051,0.27277774,-0.08231858,0.009183628
218,0.002305143,0.5030392,-0.021542856,0.22935796,-0.025523143,0.12785462,-0.019001216,0.22803158,-0.01522938,0.14373407,-0.041835576,0.1857965,-0.017170047,0.030306168,-0.018679963,0.13666697,-0.10852331,0.12647481,-0.026990253,0.035893932,-0.033698227,0.20769791,-0.112199135,0.073651336,-0.033766534,0.17975311,-0.05324656,0.22808084,-0.053375773,0.024613058,-0.04167985,0.5280446,-0.057594113,0.26639464,-0.07267837,0.0039104717
219,0.0032692228,0.50580466,-0.022809025,0.22802478,-0.022867743,0.12692751,-0.01988223,0.23179528,-0.015147297,0.13807184,-0.04073729,0.19004956,-0.017096661,0.029013637,-0.018723244,0.13460478,-0.111895874,0.12785666,-0.027739437,0.03674926,-0.034480356,0.20936166,-0.1165103,0.07323801,-0.035099532,0.17988496,-0.054501742,0.23089357,-0.05697608,0.024388196,-0.043115754,0.5272193,-0.059510436,0.27005127,-0.076774955,0.0055160597
220,0.008312548,0.5035166,-0.017607447,0.227327,-0.019551083,0.13501588,-0.013751571,0.22918181,-0.01079467,0.13250928,-0.03774501,0.19642515,-0.012319054,0.038970757,-0.013715947,0.12643707,-0.11389337,0.13235189,-0.02361648,0.03924004,-0.02948495,0.2058129,-0.124398984,0.07531683,-0.031932786,0.17748669,-0.04814471,0.22955847,-0.06930541,0.028191024,-0.038309857,0.5255779,-0.045921132,0.26915064,-0.090659134,0.019057149
221,0.014599781,0.5088412,-0.01712248,0.22792396,-0.019048784,0.13678071,-0.013136307,0.24240886,-0.010470923,0.13306817,-0.036833704,0.20044562,-0.011823952,0.037549198,-0.012755292,0.12371128,-0.11329548,0.13669218,-0.022810778,0.037325602,-0.028689234,0.20386368,-0.12609962,0.07771152,-0.031734467,0.17662977,-0.04802533,0.22842729,-0.0727139,0.02829633,-0.03873922,0.52593064,-0.0466938,0.26819268,-0.09454269,0.015406664
222,0.015160626,0.5160328,-0.020249886,0.2297293,-0.011781081,0.13653134,-0.015128146,0.25296193,-0.010496046,0.1270504,-0.02997953,0.20914546,-0.011098122,0.033055227,-0.01165218,0.109299645,-0.112447634,0.1426898,-0.023041526,0.033692986,-0.02908851,0.19526452,-0.13484016,0.07605227,-0.0350798,0.17574787,-0.05205619,0.22326943,-0.088490866,0.018914834,-0.04518716,0.528204,-0.056010548,0.26337942,-0.11086777,-0.0034263688
223,0.013231744,0.522147,-0.021296358,0.2308265,-0.01529533,0.13633318,-0.016885953,0.25340897,-0.010810386,0.1392784,-0.032068938,0.21029669,-0.011461238,0.029670345,-0.012040455,0.11068515,-0.10320922,0.14804105,-0.022227198,0.033404663,-0.02851549,0.18824798,-0.12448242,0.08261043,-0.03410855,0.17896023,-0.0520518,0.21413945,-0.08017687,0.023803532,-0.04543276,0.5358956,-0.058677766,0.25311425,-0.10079872,-0.005131649
224,0.02889532,0.5242992,-0.013536282,0.23013104,-0.024487486,0.14424756,-0.010330489,0.266414,-0.00851915,0.14467299,-0.041700285,0.20752531,-0.010279647,0.034232873,-0.010067828,0.13461481,-0.108569354,0.14871787,-0.01868231,0.029148877,-0.024671534,0.20649014,-0.11178113,0.09404891,-0.025426917,0.17290662,-0.044128846,0.22757298,-0.05214864,0.041204564,-0.03313674,0.5242902,-0.045275435,0.26868123,-0.07365746,0.011524061
225,0.029302407,0.51309645,-0.0068433844,0.22868185,-0.026492467,0.1530054,-0.0036050114,0.24761528,-0.006176229,0.14541082,-0.043867595,0.20477629,-0.008128935,0.049202845,-0.008071116,0.13687596,-0.11008097,0.14593913,-0.016699316,0.029070795,-0.021829503,0.20905669,-0.11271819,0.09367367,-0.022440054,0.16548628,-0.040182885,0.23126087,-0.05256347,0.039402902,-0.029051447,0.5170178,-0.03985018,0.27437714,-0.07571924,-0.0014098897
226,0.021638973,0.5326168,-0.016384223,0.2331818,-0.023673072,0.14136393,-0.01317534,0.25158527,-0.007275856,0.15115452,-0.038052365,0.21811238,-0.0081736585,0.037355263,-0.0091958465,0.12506624,-0.10190789,0.1576246,-0.017620241,0.032436382,-0.023327868,0.19657311,-0.11295779,0.10102501,-0.025668627,0.17097403,-0.04393907,0.22123882,-0.06339098,0.04545123,-0.03461212,0.5236513,-0.04647931,0.2647688,-0.092725076,0.012295457
227,0.020505268,0.5361986,-0.02131585,0.23619178,-0.013051446,0.13768037,-0.016410902,0.25884023,-0.008158317,0.13651076,-0.028178865,0.22675523,-0.007967989,0.03370938,-0.009096495,0.108777046,-0.10834388,0.1593331,-0.019841947,0.030100772,-0.025598459,0.19460854,-0.1298027,0.09495484,-0.031040372,0.16815124,-0.04964635,0.2259462,-0.08401321,0.035108283,-0.0420227,0.5188275,-0.056942947,0.27234998,-0.11465449,-0.0014833751
228,0.014471816,0.53759456,-0.023789704,0.23651315,-0.01131578,0.13608223,-0.018718159,0.2526696,-0.008382393,0.13870582,-0.02594872,0.22980535,-0.007831096,0.032857466,-0.00924019,0.10017524,-0.104112215,0.16187643,-0.020298984,0.030423539,-0.02610992,0.18650216,-0.13339326,0.092987835,-0.03348522,0.16973236,-0.05191883,0.22063845,-0.09539346,0.029367052,-0.046212327,0.52249265,-0.060841054,0.26746804,-0.12786038,-0.0059670107
229,0.016571786,0.53631026,-0.018877843,0.23456013,-0.01696704,0.14195028,-0.0145799685,0.24471182,-0.00608488,0.14710659,-0.030472439,0.22857744,-0.0059217857,0.039014332,-0.006966534,0.102695495,-0.10022809,0.16386876,-0.017302653,0.029213777,-0.022862315,0.18420063,-0.13094145,0.09450927,-0.03023968,0.16947195,-0.047657125,0.21855642,-0.09662775,0.029314423,-0.042413455,0.5233328,-0.05192828,0.2657548,-0.13145027,-0.00045447645
230,0.019720457,0.53631425,-0.016056461,0.23395163,-0.019338744,0.14534011,-0.012034446,0.24399316,-0.0045671775,0.14938402,-0.032543764,0.22904393,-0.0045943353,0.041615505,-0.0053854706,0.10530281,-0.10018514,0.16535307,-0.015451338,0.028598877,-0.020897426,0.18555772,-0.1300099,0.09639859,-0.027916702,0.16909944,-0.04488212,0.21977097,-0.09532523,0.031375457,-0.039382406,0.5226384,-0.04633735,0.2673817,-0.13106996,0.0048791384
231,0.022033865,0.5293106,-0.010766967,0.2322745,-0.024228005,0.15301365,-0.0073400354,0.23760808,-0.0039684307,0.15551305,-0.036255576,0.22424313,-0.00437177,0.047292653,-0.004746545,0.10901967,-0.09848556,0.1636582,-0.014260664,0.026893862,-0.019556435,0.18577732,-0.12779064,0.095278755,-0.02618978,0.16975129,-0.04308445,0.21955068,-0.094105676,0.027830346,-0.03751615,0.52498245,-0.042922307,0.26728484,-0.13100877,-0.0016198832
232,0.021008357,0.53638643,-0.016401397,0.23069692,-0.026154485,0.14459921,-0.013706531,0.24722031,-0.0066699334,0.15891433,-0.038405407,0.2254646,-0.0074117244,0.038528163,-0.008281546,0.111368984,-0.09630692,0.16463554,-0.017427541,0.02899439,-0.02312716,0.18488604,-0.12404142,0.096701406,-0.029322715,0.17451677,-0.047436748,0.21759541,-0.09037884,0.029184658,-0.0416116,0.5307481,-0.051302522,0.26500633,-0.12729768,-0.0015709868
233,0.019862384,0.5392799,-0.022325916,0.23132792,-0.022147845,0.13694422,-0.019255871,0.2563585,-0.009562615,0.15202723,-0.03564048,0.22690246,-0.010148858,0.03071643,-0.011520562,0.10941986,-0.10032747,0.16243216,-0.021421386,0.030282002,-0.027480453,0.18782866,-0.12735079,0.09374492,-0.03374923,0.1775632,-0.053001642,0.22110267,-0.09065821,0.027122928,-0.046625335,0.53279436,-0.060911674,0.2690699,-0.12755877,-0.0047153826
234,0.02017624,0.5270554,-0.020212475,0.23181884,-0.02049101,0.141557,-0.016699973,0.25103834,-0.012394344,0.14778611,-0.03425581,0.21706833,-0.01297725,0.034505773,-0.01409144,0.10851132,-0.10456246,0.152135,-0.02468146,0.027848182,-0.030699354,0.19157816,-0.13200228,0.08234813,-0.03714064,0.17887865,-0.056589093,0.22600175,-0.0931889,0.014195643,-0.049788386,0.53444576,-0.0649595,0.27481818,-0.13089268,-0.021867694
235,0.019406019,0.5194407,-0.017944975,0.23017444,-0.026615195,0.14469755,-0.015447155,0.24336667,-0.01466335,0.15451188,-0.039874647,0.2086642,-0.016004866,0.03858889,-0.017243782,0.11800574,-0.10420643,0.14593735,-0.027030068,0.027673742,-0.03290078,0.19670355,-0.12673582,0.07967528,-0.03761946,0.17721482,-0.057034448,0.22994858,-0.084638655,0.014551614,-0.048703976,0.5306742,-0.06348469,0.27977046,-0.12323258,-0.016683953
236,0.004262031,0.51693314,-0.02357578,0.2294207,-0.02686041,0.13678864,-0.021490369,0.22044605,-0.01692757,0.15728796,-0.039684672,0.2106893,-0.018226659,0.041249137,-0.021114543,0.11590272,-0.10106222,0.14554761,-0.030754639,0.03394271,-0.036471095,0.19291478,-0.12540944,0.07980549,-0.04153846,0.17678846,-0.06031672,0.2264066,-0.08599027,0.01890889,-0.052411493,0.5302216,-0.06731168,0.2759965,-0.12432756,0.0003522443
237,0.0035288823,0.51416725,-0.024026869,0.22825556,-0.028776659,0.13541803,-0.022335732,0.21759993,-0.018396607,0.15716963,-0.041996207,0.20826738,-0.020112982,0.043745536,-0.023241682,0.12026554,-0.10363582,0.1423791,-0.032899395,0.034794345,-0.038436987,0.19757421,-0.12579092,0.07805208,-0.042823855,0.17482457,-0.061422244,0.2311032,-0.08427705,0.01889858,-0.052705087,0.5260841,-0.06737079,0.28160456,-0.12493622,0.0036366102
238,0.0025527396,0.5075707,-0.022353772,0.22735126,-0.033743117,0.13734567,-0.02147619,0.21136957,-0.020217728,0.16377108,-0.04558691,0.2013919,-0.022360576,0.04785265,-0.025552606,0.12349919,-0.10128622,0.13818832,-0.034647472,0.03542561,-0.03999615,0.19711941,-0.12326904,0.074897595,-0.044017732,0.1755584,-0.062380843,0.23019679,-0.08308864,0.014544724,-0.053585988,0.5281693,-0.068180226,0.2806337,-0.124182165,-0.0062848846
239,0.005369204,0.50874835,-0.019672511,0.2274755,-0.038038824,0.14071178,-0.019404832,0.21131845,-0.019069545,0.16977058,-0.04837064,0.20224866,-0.021427779,0.051509697,-0.024380527,0.12638088,-0.09925459,0.14119837,-0.03290191,0.03533118,-0.037950817,0.19691457,-0.121090844,0.07881529,-0.0416413,0.17423101,-0.059263308,0.2296191,-0.08195031,0.018663827,-0.05047507,0.5275227,-0.062208865,0.2800229,-0.12348957,0.00025323255
240,0.013036411,0.510911,-0.01294504,0.22971739,-0.04139961,0.15002687,-0.0128273545,0.21295151,-0.01419802,0.17554511,-0.049847852,0.20789942,-0.01642245,0.059571665,-0.018600848,0.12796554,-0.097152285,0.1495921,-0.026521802,0.034468453,-0.030912291,0.19606265,-0.11968022,0.08803717,-0.034509476,0.17072144,-0.050219648,0.22861598,-0.08205013,0.028554184,-0.041787986,0.52501965,-0.04590447,0.27892825,-0.12392773,0.017050382
241,0.019189361,0.52795917,-0.016726337,0.23221526,-0.032827135,0.14811909,-0.015211521,0.23416783,-0.011629985,0.16296276,-0.04282849,0.22420898,-0.012958224,0.049810935,-0.014132102,0.117169045,-0.10252339,0.16160898,-0.023638519,0.028101927,-0.028569864,0.19546846,-0.13140209,0.09287007,-0.034264054,0.17004131,-0.051792815,0.23195152,-0.095652685,0.026537463,-0.04454688,0.52376467,-0.051111087,0.28361592,-0.13887545,0.015880821
242,0.018795224,0.5387831,-0.019604795,0.23347767,-0.03313158,0.14642622,-0.018308101,0.24158677,-0.011979065,0.16720453,-0.04259044,0.2294023,-0.013112136,0.042988043,-0.013832977,0.11556849,-0.09767767,0.16874725,-0.022828305,0.023727262,-0.028239388,0.19042203,-0.12766641,0.098584,-0.034139138,0.17217277,-0.054104466,0.22651754,-0.09431961,0.025832849,-0.047452148,0.52939147,-0.060089864,0.2776601,-0.13526036,0.0025535964
243,0.01572588,0.5399054,-0.020287735,0.235141,-0.031507216,0.14741592,-0.018706001,0.23779838,-0.01184993,0.1678551,-0.04087414,0.23130466,-0.012652021,0.042700756,-0.013255934,0.112956345,-0.095513865,0.1712646,-0.02217276,0.022016937,-0.027722983,0.1874049,-0.12697665,0.10006172,-0.034009404,0.17337446,-0.05485567,0.22369751,-0.095153995,0.024061894,-0.048694458,0.53275526,-0.06347229,0.27458286,-0.13501284,-0.0052983738
244,0.015536395,0.53969806,-0.024461959,0.2376886,-0.023300286,0.14309353,-0.02155735,0.24601258,-0.013180275,0.15419398,-0.035628207,0.2338525,-0.0135539435,0.037170473,-0.014327307,0.11232752,-0.10329853,0.16917047,-0.024362773,0.023591105,-0.030136868,0.19449078,-0.12998262,0.09941832,-0.035779964,0.17514259,-0.0574902,0.23025592,-0.09011022,0.026573615,-0.049823333,0.5320363,-0.06804811,0.28190747,-0.12963147,-0.0040658
245,0.012789156,0.5316474,-0.023981635,0.23840694,-0.021314535,0.14668661,-0.02066575,0.24210471,-0.014963843,0.15220623,-0.034512933,0.22829242,-0.015268558,0.036341347,-0.015861398,0.111727394,-0.10354687,0.16443102,-0.026025485,0.02375351,-0.031957537,0.19447961,-0.12956683,0.094725944,-0.037536155,0.17886141,-0.05933958,0.2299363,-0.088958666,0.022354526,-0.051514287,0.5368553,-0.0700579,0.2815426,-0.12818725,-0.008054795
246,0.011636461,0.5256748,-0.02262582,0.24027933,-0.017598342,0.1515582,-0.018499391,0.23920467,-0.015045712,0.14784952,-0.031938277,0.22627251,-0.015062437,0.03668417,-0.015416194,0.11022317,-0.10497504,0.1623305,-0.025887523,0.023921387,-0.03187523,0.1950383,-0.13016097,0.09284764,-0.037465766,0.18039279,-0.058881763,0.23025404,-0.08812162,0.02226373,-0.05091849,0.53868634,-0.06813073,0.2818432,-0.12704425,-0.004871645
247,0.011979144,0.5220219,-0.020738741,0.2413478,-0.016328467,0.15535155,-0.016245726,0.23671298,-0.013981704,0.14608477,-0.031907886,0.22576854,-0.013989071,0.037608285,-0.014208142,0.11312854,-0.1055668,0.16247037,-0.024441078,0.024707591,-0.0304316,0.19695784,-0.12667944,0.09561841,-0.035099715,0.18109609,-0.056190997,0.23047175,-0.08149137,0.02830591,-0.047439262,0.53926563,-0.063044496,0.28192407,-0.11980322,0.0054037343
248,0.008823571,0.51670605,-0.019312004,0.24392752,-0.015961854,0.15863018,-0.014646631,0.22860463,-0.013776237,0.14865983,-0.031286735,0.22365706,-0.013617733,0.039990466,-0.013849451,0.11312099,-0.10261744,0.16191301,-0.023676299,0.025053022,-0.029626075,0.19446741,-0.12322712,0.09613469,-0.034111224,0.18211009,-0.05498415,0.22698647,-0.07872784,0.029341893,-0.04633593,0.5421952,-0.061140887,0.27781892,-0.115812816,0.0057249046
249,0.0060343547,0.50486666,-0.01297835,0.24357408,-0.022888262,0.16751386,-0.009287992,0.21160677,-0.013591173,0.16195859,-0.03684106,0.2139937,-0.013968664,0.0495522,-0.0139337685,0.119800985,-0.09471749,0.15857299,-0.022142664,0.0238755,-0.027791334,0.19064339,-0.11257397,0.096571006,-0.031119544,0.18229833,-0.05169683,0.22019531,-0.06981236,0.028190354,-0.04293037,0.5471234,-0.05632749,0.26968497,-0.104588255,-0.0049693147
250,0.0059596603,0.5015239,-0.02051692,0.23491916,-0.017141592,0.15497804,-0.016252698,0.2200109,-0.016778162,0.14682293,-0.039937362,0.21107244,-0.018221373,0.039838262,-0.018758213,0.12522067,-0.10496489,0.15041561,-0.028142894,0.027163276,-0.034231443,0.20160599,-0.11542233,0.09015674,-0.03646148,0.18723074,-0.058295906,0.23038726,-0.062232442,0.026595341,-0.047494818,0.54817086,-0.06685799,0.28111145,-0.09507643,-0.0052226475
