Epoch,Layer0_theta_1,Layer0_r,Layer0_theta_2,Layer0_bx,Layer0_bp,Layer0_gamma,Layer1_theta_1,Layer1_r,Layer1_theta_2,Layer1_bx,Layer1_bp,Layer1_gamma,Layer2_theta_1,Layer2_r,Layer2_theta_2,Layer2_bx,Layer2_bp,Layer2_gamma,Layer3_theta_1,Layer3_r,Layer3_theta_2,Layer3_bx,Layer3_bp,Layer3_gamma,Layer4_theta_1,Layer4_r,Layer4_theta_2,Layer4_bx,Layer4_bp,Layer4_gamma,Layer5_theta_1,Layer5_r,Layer5_theta_2,Layer5_bx,Layer5_bp,Layer5_gamma
1,0.054992333,0.07210991,0.054780077,0.06890495,-0.05400939,0.05972148,0.05465209,0.06989647,0.054511435,0.06979501,-0.052632704,0.05972148,0.05440211,0.058382414,0.054822136,0.06847031,-0.0521514,0.05972148,0.05493984,0.058477286,0.055026524,0.06606206,-0.05126005,0.05972148,0.05507496,0.058174457,0.054521877,0.06358902,-0.050493784,0.05972148,0.054491576,0.06796446,0.054373164,0.062018484,-0.050031167,0.05972148
2,0.02676479,0.13862376,0.02574751,0.12356161,-0.0379906,0.03729814,0.02520014,0.10321934,0.025878146,0.11605489,-0.032844737,0.035250615,0.025697518,0.033840485,0.027537819,0.09724708,-0.030774968,0.03451224,0.028000876,0.03221172,0.02825072,0.075883515,-0.026906295,0.03443955,0.028669303,0.032997817,0.026599616,0.05942937,-0.023661163,0.034838703,0.026602669,0.09171983,0.025116514,0.05024725,-0.021902889,0.03623948
3,0.04524857,0.17859645,0.039469883,0.1523146,-0.059030853,0.05840272,0.036700223,0.1460966,0.03334393,0.15138504,-0.04734003,0.05200777,0.031040203,0.045687094,0.03355422,0.13092673,-0.041958015,0.049477745,0.032950103,0.041446052,0.033545613,0.10344244,-0.035432108,0.049095742,0.033629768,0.037805203,0.031098992,0.08146135,-0.030974679,0.050224032,0.031005252,0.11648251,0.031971592,0.070149936,-0.029345194,0.054121025
4,0.032528114,0.20405838,0.031387985,0.16850461,-0.06362265,0.041510366,0.028137777,0.15446237,0.027026601,0.16804656,-0.049616225,0.03857764,0.024218444,0.03799452,0.02745274,0.14475468,-0.042912178,0.03858951,0.026689496,0.032510012,0.027218957,0.113168865,-0.035200033,0.037588045,0.027320098,0.030497238,0.02407732,0.088010676,-0.029991474,0.03616068,0.02401928,0.12494386,0.023386277,0.07510359,-0.028189514,0.03515681
5,0.037174273,0.22156246,0.03475499,0.17811152,-0.065576866,0.050860744,0.03152676,0.168251,0.030132199,0.17772631,-0.050207216,0.048251413,0.027322732,0.041775484,0.030937992,0.15246543,-0.04267702,0.050304946,0.030330177,0.035411123,0.030853285,0.118302576,-0.034210753,0.049656287,0.031120108,0.03377118,0.02748557,0.09120345,-0.028425474,0.04751618,0.02748913,0.13709338,0.027261175,0.07730321,-0.026293434,0.047284584
6,0.026369154,0.23414174,0.027689066,0.18468633,-0.061786633,0.039287694,0.024964431,0.1688744,0.026323386,0.18225557,-0.046352915,0.045346692,0.024039805,0.035973426,0.028119534,0.15430605,-0.038504463,0.05057944,0.02799438,0.029053878,0.028388128,0.11771825,-0.029639442,0.05028986,0.028967353,0.030331057,0.02481517,0.08905473,-0.023392377,0.04666345,0.024951184,0.14278154,0.022993498,0.074048735,-0.020912632,0.041973785
7,0.028048042,0.2416476,0.028713793,0.18734807,-0.068722814,0.039892428,0.025082843,0.17310421,0.026690483,0.18692465,-0.05192353,0.043782394,0.023586016,0.036340497,0.027858954,0.1602849,-0.04362326,0.047915507,0.027145756,0.028243255,0.027528375,0.12415338,-0.03441692,0.046770558,0.02780197,0.02924963,0.023492783,0.09548437,-0.027930379,0.042573113,0.023532132,0.14392649,0.021105513,0.080878474,-0.025142131,0.038118586
8,0.029108359,0.24635695,0.02954384,0.18920514,-0.06880463,0.042990934,0.025985705,0.17578158,0.027786579,0.18851413,-0.05182177,0.0478357,0.024754884,0.036927503,0.02913476,0.16143872,-0.043395154,0.052617695,0.02850438,0.028752657,0.028826445,0.12484475,-0.034063533,0.05140744,0.029158609,0.030597609,0.024667528,0.09585374,-0.027444165,0.046736643,0.024723936,0.14835717,0.02210965,0.08107074,-0.024503907,0.041991528
9,0.025791952,0.24838535,0.027383516,0.1895323,-0.07014157,0.03797258,0.02356805,0.17434728,0.026171645,0.18910865,-0.052974127,0.044101648,0.022912713,0.034566205,0.027369406,0.16238795,-0.044567436,0.048589475,0.02655488,0.026234936,0.026818594,0.1260691,-0.035264097,0.04687215,0.02704024,0.02887582,0.02242328,0.097227514,-0.028668204,0.041626208,0.022442354,0.14867687,0.01900976,0.082634814,-0.025712479,0.035047013
10,0.02773332,0.25085458,0.028764972,0.19005121,-0.06824713,0.04236332,0.02529011,0.17674534,0.027705828,0.18884856,-0.05135489,0.049460053,0.024747694,0.03610408,0.029233174,0.16146527,-0.04303936,0.05473746,0.02865109,0.02801853,0.028871484,0.124756545,-0.03381137,0.053157713,0.029218886,0.031356167,0.024491968,0.09576054,-0.027265666,0.047661487,0.024540829,0.15338702,0.02124978,0.08099269,-0.024367556,0.041158218
11,0.024933167,0.2509033,0.026915494,0.18964809,-0.06882729,0.038167424,0.02327835,0.17473938,0.026203023,0.18851742,-0.05195529,0.045848582,0.023092125,0.034150608,0.02758502,0.16147953,-0.04378214,0.050704654,0.026860561,0.026156038,0.02703534,0.12516877,-0.03468928,0.048705973,0.027287038,0.030043144,0.02249386,0.09644955,-0.028246429,0.042839345,0.022506677,0.15318766,0.018581543,0.081909,-0.025389291,0.03499722
12,0.03056292,0.25203046,0.03077065,0.18989743,-0.0704362,0.045814425,0.027032094,0.1783044,0.029027406,0.18936622,-0.053289115,0.05139922,0.025795298,0.037361868,0.030252703,0.16274633,-0.045033723,0.055852424,0.029444547,0.029397545,0.029615618,0.12663542,-0.03588549,0.0536984,0.029827774,0.03293639,0.025032083,0.09798309,-0.029403873,0.04792948,0.025028063,0.15628132,0.021692844,0.08359364,-0.026468037,0.041712075
13,0.024352478,0.2531135,0.026769668,0.19044149,-0.06778909,0.038940195,0.023311002,0.17476879,0.026680967,0.18877468,-0.05105563,0.04882752,0.02374318,0.033324372,0.028287007,0.1612862,-0.042925145,0.054243993,0.027697936,0.02572652,0.027765676,0.124685526,-0.033856854,0.052035935,0.028092202,0.031185612,0.02308821,0.09583087,-0.027405221,0.04552912,0.023123186,0.15774089,0.018700445,0.08117569,-0.02451844,0.036254346
14,0.025232306,0.25374702,0.027388249,0.19029579,-0.0689088,0.0396155,0.023777384,0.17523758,0.027059019,0.18894044,-0.052044198,0.049039107,0.023969868,0.033601165,0.028513357,0.1618609,-0.043941382,0.054111477,0.027800206,0.02598551,0.0278435,0.12558274,-0.034902487,0.05163455,0.028096583,0.03156692,0.023054788,0.09690844,-0.02846035,0.044965353,0.023062572,0.15876257,0.018529356,0.08244326,-0.025520135,0.035531625
15,0.029423721,0.25306222,0.030028876,0.18891259,-0.07409485,0.042157426,0.02567991,0.17686878,0.027972411,0.18917073,-0.056623824,0.046855997,0.024141002,0.035753746,0.028580686,0.164078,-0.048625585,0.049833015,0.027258102,0.027829615,0.02731849,0.12935853,-0.039715923,0.046500865,0.027210133,0.032161042,0.022266576,0.10155148,-0.033349,0.039923362,0.022139968,0.15804973,0.01775573,0.0879413,-0.030244803,0.03167971
16,0.027365476,0.25336632,0.028870821,0.1889965,-0.0667463,0.04320863,0.025576124,0.17515178,0.02819646,0.18588981,-0.05047017,0.05220603,0.025313532,0.034835108,0.029714735,0.15858108,-0.043018725,0.057004623,0.029072303,0.028533587,0.02897875,0.122976184,-0.034600977,0.05381246,0.029193055,0.035222817,0.024037668,0.09503537,-0.028607449,0.04639205,0.02395467,0.16554952,0.01935548,0.08094388,-0.025885398,0.035863627
17,0.023930997,0.2522436,0.02652663,0.1879023,-0.068372354,0.037478313,0.022868063,0.17170434,0.025986657,0.18506253,-0.052069996,0.046296164,0.02275651,0.032041077,0.027109122,0.15867388,-0.044867396,0.050138153,0.026157541,0.026021302,0.025984576,0.12401252,-0.03664378,0.04622612,0.0260007,0.033402078,0.020755759,0.09666434,-0.030724632,0.03826154,0.020599317,0.16499011,0.014995646,0.08305373,-0.02786374,0.02573048
18,0.030942097,0.25399876,0.03137297,0.18791384,-0.07197824,0.045862198,0.027353698,0.17652215,0.02936836,0.1863046,-0.055144247,0.051781364,0.025761383,0.036203854,0.030087259,0.16104586,-0.047815662,0.054677624,0.02885593,0.029873833,0.028699165,0.1270592,-0.039465223,0.05040576,0.028571615,0.036486346,0.023368867,0.099994205,-0.033382848,0.04264375,0.02316589,0.16802335,0.018276954,0.08679325,-0.030189589,0.03215633
19,0.025341982,0.25518802,0.027864203,0.18870658,-0.06639538,0.04153888,0.024576321,0.17290948,0.027858682,0.18453512,-0.050357234,0.052953333,0.024959313,0.03252295,0.029333942,0.15731409,-0.0433143,0.057521936,0.02862348,0.027461506,0.028293114,0.122330196,-0.035249736,0.053237222,0.028418785,0.036868393,0.022916926,0.09493982,-0.029433446,0.044389527,0.022757638,0.17291872,0.0169491,0.08121009,-0.026643144,0.030542118
20,0.02493702,0.25441593,0.027707417,0.1881217,-0.069023654,0.03986171,0.02399999,0.17112835,0.027391715,0.18465686,-0.052709095,0.050389778,0.024094189,0.031248113,0.028425615,0.15852408,-0.04571667,0.05396755,0.027395725,0.026483282,0.026991256,0.12437741,-0.037634816,0.049010552,0.026936568,0.03634149,0.021358483,0.09741111,-0.031679675,0.039776944,0.021144425,0.17329599,0.014777058,0.08410822,-0.028517365,0.024888366
21,0.031143548,0.25519404,0.032112073,0.18799703,-0.072155885,0.047167756,0.028094482,0.17474268,0.03054629,0.18569165,-0.05536599,0.055438574,0.026927335,0.034614183,0.031236079,0.16057257,-0.04822382,0.058231033,0.029974315,0.029764237,0.029575784,0.12698442,-0.03998615,0.052933745,0.02940801,0.039116398,0.02387251,0.100230716,-0.03384682,0.043835863,0.023626221,0.1761069,0.017973939,0.08726508,-0.030358134,0.03050252
22,0.023130601,0.25700012,0.026887206,0.18933608,-0.06694052,0.03938998,0.023502186,0.16993782,0.027767505,0.18456641,-0.050790504,0.054171465,0.024805356,0.029123794,0.029194508,0.15737967,-0.043814152,0.058822617,0.028429775,0.02546267,0.02783151,0.12261841,-0.035779007,0.053694945,0.027910274,0.038135603,0.021990018,0.09540487,-0.029868932,0.043272138,0.021791663,0.18006882,0.014680333,0.081834495,-0.026819462,0.025896857
23,0.031990662,0.25762492,0.032838736,0.18848357,-0.076728754,0.04636562,0.02816784,0.17473523,0.030873327,0.18719517,-0.0592801,0.05430881,0.026650015,0.03378103,0.030979266,0.16359085,-0.05201715,0.056317054,0.02926717,0.029007941,0.02872653,0.13097832,-0.04352774,0.05129309,0.028328618,0.03933598,0.022584384,0.10462477,-0.036879387,0.04151429,0.022281507,0.1790524,0.015748281,0.09220684,-0.032440387,0.028463865
24,0.022002446,0.26045012,0.026362725,0.19013834,-0.06924484,0.037724767,0.022638358,0.16882211,0.027646292,0.18513758,-0.052753523,0.054293357,0.024381626,0.027028723,0.028811958,0.15865238,-0.045821898,0.058781903,0.027813248,0.02398455,0.027001673,0.124584705,-0.037681863,0.05412923,0.026946627,0.038779113,0.020677652,0.09770908,-0.031393323,0.042544045,0.020422574,0.18524808,0.012046122,0.08449865,-0.027442345,0.024624808
25,0.028085059,0.2622754,0.0306607,0.19066751,-0.074127026,0.043968286,0.026376184,0.17191872,0.030600155,0.18710247,-0.05691134,0.05808817,0.026777042,0.029848538,0.031219268,0.1621814,-0.049719486,0.061463274,0.02982195,0.026636569,0.028971251,0.12892428,-0.041205198,0.056385864,0.028731339,0.040820245,0.022473967,0.10230573,-0.03433958,0.04487644,0.022185449,0.18729006,0.01431384,0.0895878,-0.02949403,0.02850197
26,0.023473347,0.263217,0.027583452,0.19115327,-0.07474812,0.03774162,0.023100192,0.1680856,0.028307848,0.18721396,-0.057464518,0.05367206,0.024335837,0.025958752,0.028777834,0.16246262,-0.050338984,0.05695167,0.02725911,0.023415541,0.026248911,0.12946057,-0.041824218,0.05136826,0.025931766,0.039339267,0.019412471,0.10299981,-0.034824286,0.038913205,0.019094698,0.18847306,0.009834906,0.090430774,-0.029691005,0.01952037
27,0.024903733,0.2658673,0.028768618,0.19228221,-0.075048655,0.040144168,0.02432624,0.16910045,0.029659856,0.18804191,-0.057632297,0.057374064,0.025727814,0.026328137,0.030222503,0.16311474,-0.05039349,0.060896706,0.028754901,0.024219535,0.027643682,0.12993108,-0.041733596,0.055061657,0.027364729,0.041159574,0.020700818,0.103347324,-0.034518566,0.042153105,0.020392735,0.19251786,0.011121513,0.09075902,-0.02908743,0.02218835
28,0.028803255,0.26717183,0.031460043,0.19268443,-0.07775816,0.04393723,0.026723018,0.17114007,0.03145269,0.18898016,-0.059974488,0.059445232,0.02720501,0.028436521,0.03168846,0.1649521,-0.052694857,0.062222473,0.029980987,0.026364984,0.028830342,0.13236715,-0.043907173,0.05593721,0.028427385,0.042952884,0.021769933,0.10605762,-0.036374103,0.043012865,0.021427685,0.19475967,0.012452336,0.09384157,-0.030372582,0.023569075
29,0.021137169,0.26856127,0.026608257,0.1937844,-0.071861625,0.03773959,0.022638261,0.16619179,0.029085476,0.18719554,-0.054815665,0.059948374,0.025616387,0.023044657,0.03013453,0.16078539,-0.047825657,0.064497545,0.02899618,0.022835014,0.027623411,0.1270517,-0.039444223,0.058076687,0.027474044,0.043354653,0.020382,0.100388505,-0.03245129,0.04358024,0.020051511,0.20052865,0.009716546,0.087568715,-0.027264316,0.019916689
30,0.02872397,0.267941,0.031828146,0.19327332,-0.07829002,0.04446577,0.027042158,0.16884811,0.032099444,0.18886042,-0.06049907,0.061598767,0.027782971,0.026887508,0.032253277,0.16508186,-0.05338475,0.06413933,0.03047502,0.026400149,0.029109087,0.13291258,-0.04461638,0.05696331,0.028653147,0.045195736,0.021721272,0.10687652,-0.036822706,0.04296074,0.021347608,0.20100743,0.011749758,0.09491038,-0.03025825,0.021074086
31,0.028862344,0.2662547,0.031793397,0.19208547,-0.07780926,0.044069007,0.02702219,0.16607223,0.031560495,0.18612473,-0.060416732,0.059334066,0.02714825,0.026875224,0.031485315,0.16284207,-0.054152608,0.060852468,0.029504163,0.027746849,0.028001547,0.13197924,-0.046096593,0.052639008,0.027334029,0.0468605,0.020346629,0.106941186,-0.03863721,0.03799236,0.019829763,0.20440203,0.009852793,0.095533535,-0.032078765,0.014603998
32,0.020846553,0.2684688,0.026445411,0.19232929,-0.06631688,0.0397427,0.023255073,0.16144687,0.029227996,0.1802453,-0.05060485,0.0627022,0.026261112,0.022599388,0.03059079,0.15289016,-0.045597523,0.06649504,0.029539721,0.026403151,0.02774164,0.12090636,-0.03906968,0.057778083,0.02737497,0.050322365,0.019862227,0.09602052,-0.03332455,0.04090722,0.019227402,0.21555158,0.008072728,0.08387612,-0.029037943,0.013009815
33,0.032111067,0.2718656,0.03409741,0.19230603,-0.07503575,0.050176024,0.029873515,0.16928478,0.034165774,0.18329558,-0.058283597,0.06753346,0.030154878,0.029576337,0.034538675,0.1594847,-0.052844454,0.06924316,0.03276143,0.031620834,0.031063516,0.12933879,-0.04535536,0.060064286,0.030412402,0.052809685,0.02319182,0.10500287,-0.037980463,0.044278614,0.022584923,0.21658401,0.012790633,0.093932964,-0.031189496,0.019422939
34,0.02534837,0.27769154,0.029253343,0.1945526,-0.07473448,0.042456437,0.024948895,0.16710472,0.030895019,0.18473619,-0.057897,0.06345748,0.026913421,0.024764562,0.031389914,0.16037269,-0.0522704,0.06583517,0.029680755,0.027078394,0.027721232,0.12975736,-0.044468604,0.056218456,0.02713365,0.05127786,0.019332932,0.10510567,-0.03663079,0.039030254,0.018774444,0.2199782,0.006661098,0.09389625,-0.029336669,0.010136932
35,0.02686479,0.28103465,0.030308248,0.19593081,-0.07532919,0.045062073,0.026011297,0.16909343,0.032032877,0.18611994,-0.05833305,0.066851646,0.02806302,0.025515473,0.03260743,0.16169432,-0.05253333,0.0693314,0.030939424,0.027780656,0.028895594,0.13087201,-0.04447774,0.059524395,0.02835961,0.052695077,0.020416703,0.106036484,-0.036285352,0.042108532,0.019897902,0.22330606,0.007775952,0.09482684,-0.028567106,0.013222984
36,0.024918765,0.28174514,0.02905452,0.19577803,-0.07647878,0.04265684,0.024511432,0.16733411,0.031002514,0.18623818,-0.059422486,0.06506997,0.02681818,0.02349196,0.031345554,0.16245554,-0.053689606,0.06713902,0.029508349,0.026333222,0.027332386,0.13209747,-0.04555997,0.056789655,0.026712324,0.052685723,0.018521963,0.10745556,-0.037114814,0.03867997,0.017997496,0.22557859,0.0049022175,0.096465185,-0.028965557,0.008085183
37,0.024798553,0.2829362,0.029249003,0.19647561,-0.076427296,0.043560177,0.024750559,0.16688429,0.031598113,0.18679425,-0.059324324,0.06758782,0.027471859,0.022586564,0.032016937,0.16280423,-0.053505015,0.06976337,0.030239152,0.026306933,0.02794422,0.13223965,-0.045285705,0.059075788,0.027364507,0.05421503,0.01898122,0.10747069,-0.036754377,0.040413782,0.018472617,0.22927491,0.0052161454,0.09642398,-0.02855354,0.009361957
38,0.02525073,0.28222522,0.029732624,0.19653949,-0.077380106,0.04447692,0.02510504,0.16554137,0.031901833,0.18711773,-0.060236413,0.06814743,0.027637072,0.022066826,0.032144792,0.16368926,-0.05448467,0.06978515,0.030255621,0.02657565,0.027855407,0.13351585,-0.04617215,0.058627576,0.02722991,0.05533133,0.018711677,0.108901195,-0.037337612,0.039624006,0.018213842,0.23190974,0.0046714493,0.098067574,-0.028649354,0.007924702
39,0.027388182,0.27929163,0.031194815,0.1952695,-0.07967166,0.046203293,0.026213638,0.16402029,0.032221742,0.18642263,-0.06254629,0.06656444,0.027537141,0.023025291,0.03193366,0.16468886,-0.05725723,0.06667918,0.029657573,0.028078398,0.027206102,0.13598567,-0.04906058,0.054797634,0.026363717,0.05640714,0.017864367,0.112108216,-0.039834905,0.035796754,0.017326267,0.23352955,0.0036308921,0.10191928,-0.030275304,0.0036469041
40,0.026897455,0.2790036,0.031219488,0.19533327,-0.07412636,0.049512446,0.027123481,0.16248775,0.03325473,0.1834102,-0.05785126,0.07286694,0.02932449,0.022843428,0.033695,0.15963432,-0.053412564,0.07361647,0.031862367,0.030099027,0.0292661,0.13059464,-0.04630316,0.061167434,0.02852344,0.060571246,0.019895788,0.10696841,-0.038316615,0.041270528,0.01925125,0.24115519,0.006189517,0.09643376,-0.030382069,0.008985179
41,0.023202566,0.27657908,0.028716993,0.19429784,-0.07352015,0.045569308,0.024556367,0.15745974,0.030957442,0.18168361,-0.05764764,0.068679444,0.026935581,0.019807711,0.031171046,0.15841225,-0.053847875,0.06870085,0.02918085,0.028660735,0.026393162,0.13029319,-0.047164075,0.05543024,0.025517773,0.060893096,0.016567452,0.10724581,-0.03928922,0.03453518,0.01587012,0.24419048,0.001362111,0.09701618,-0.031250235,-0.0006190771
42,0.029749626,0.27772638,0.03348855,0.19432129,-0.078722686,0.052102994,0.028729677,0.16190305,0.034387767,0.18422781,-0.062219933,0.07279528,0.029775776,0.023619035,0.034069546,0.1631861,-0.057961274,0.071674176,0.03170753,0.031403888,0.029005915,0.13591821,-0.0504211,0.05829704,0.028047713,0.06217239,0.019321699,0.11298874,-0.041263036,0.03821442,0.018723901,0.24448013,0.0053455597,0.10340851,-0.031387374,0.0050065164
43,0.025955327,0.27892733,0.031259913,0.19536324,-0.075694256,0.05005387,0.02691756,0.15852253,0.033522654,0.18351287,-0.05951589,0.07448628,0.029333353,0.020314,0.033591926,0.16094278,-0.05550344,0.07394011,0.031513553,0.030496357,0.028553132,0.1330646,-0.048412852,0.059899345,0.027682608,0.06448982,0.018571476,0.11003162,-0.039891604,0.0385047,0.017932836,0.2507839,0.003974693,0.10013691,-0.030991597,0.0038652522
44,0.02408773,0.27968967,0.030148046,0.1959002,-0.07442522,0.049336176,0.025975307,0.15677124,0.033018924,0.18322498,-0.058454853,0.0754606,0.028991055,0.018634383,0.033220053,0.1601647,-0.054680526,0.07495509,0.031233115,0.030102884,0.028108547,0.13223054,-0.04781292,0.060406055,0.027261345,0.06600171,0.017881278,0.109254465,-0.039466206,0.038194604,0.017232755,0.2550696,0.0027411294,0.09932542,-0.030802267,0.0022453205
45,0.026816541,0.27877614,0.0320481,0.19542836,-0.07718161,0.051917598,0.027506026,0.15735687,0.03397294,0.18395458,-0.061085343,0.07561718,0.029544592,0.02021475,0.033745896,0.16260087,-0.057388935,0.07400087,0.03145614,0.031335454,0.028324483,0.13568746,-0.050154664,0.059135724,0.027374722,0.0665557,0.01803558,0.11305714,-0.040944975,0.037177462,0.017441053,0.25578186,0.0029909865,0.10369114,-0.030947242,0.000946435
46,0.024164995,0.2779989,0.03013464,0.19543786,-0.07634598,0.049444344,0.025632301,0.15441158,0.032288086,0.18330823,-0.060524646,0.07306158,0.02788329,0.018336423,0.032005716,0.16197062,-0.05720427,0.07113616,0.029686494,0.030369092,0.02640714,0.13540667,-0.050192088,0.05583054,0.025419563,0.066839084,0.015811794,0.11300108,-0.041006062,0.033229828,0.015205591,0.25820282,-0.00032778538,0.103730805,-0.03096672,-0.0049442076
47,0.024807943,0.28062356,0.03042209,0.19520518,-0.07328907,0.052080028,0.026414657,0.15689121,0.03299874,0.18118437,-0.05807229,0.076927796,0.028974738,0.019997237,0.033151347,0.1589923,-0.05559381,0.07515418,0.030993462,0.031838506,0.02772001,0.1327449,-0.049466252,0.059536852,0.026715405,0.06872873,0.017146785,0.110772125,-0.04110092,0.036631633,0.016450018,0.262269,0.0015490011,0.10146964,-0.032013223,0.002360343
48,0.027345574,0.2819733,0.031544067,0.19355477,-0.07597093,0.05316891,0.027103558,0.16057742,0.032869965,0.18063678,-0.06090489,0.0744656,0.028341215,0.02300688,0.032527797,0.16079694,-0.059002664,0.071421996,0.029920714,0.032525584,0.02676551,0.13637955,-0.052822098,0.055677228,0.025555233,0.06787281,0.016074264,0.11521153,-0.043672778,0.033094775,0.015402666,0.26207978,0.000100947334,0.10675792,-0.033175875,0.0029811056
49,0.024881514,0.28327584,0.029762356,0.19362321,-0.0725163,0.052139256,0.02578101,0.15952146,0.031895928,0.17861025,-0.058033865,0.07525886,0.027757144,0.02193386,0.031923253,0.15758345,-0.056826565,0.0725046,0.029505435,0.03233079,0.026228445,0.13318515,-0.051421978,0.05631315,0.025019994,0.069303155,0.015319436,0.11227899,-0.04302048,0.032833535,0.014562588,0.26659676,-0.0012364556,0.10360722,-0.03322759,0.0034412583
50,0.026593091,0.28366876,0.031079715,0.19341594,-0.07051718,0.05563752,0.027470315,0.16059662,0.033337492,0.17710878,-0.056418233,0.07942995,0.029474318,0.023499599,0.033649262,0.15549761,-0.055731326,0.07667429,0.031357568,0.034446646,0.028058326,0.13128828,-0.050882004,0.060157858,0.026845621,0.07187387,0.017220886,0.11065413,-0.042993948,0.036476452,0.016397607,0.27079952,0.0014866643,0.10193622,-0.033716686,0.008686102
51,0.029358441,0.28319693,0.03261506,0.19169132,-0.074759685,0.056293998,0.028351322,0.16271512,0.0333638,0.17735429,-0.060582288,0.07599638,0.028814958,0.025960883,0.03295621,0.15870282,-0.060207594,0.07178516,0.030124938,0.035127867,0.026926044,0.1363838,-0.0549793,0.05517373,0.02550201,0.07091704,0.015983608,0.116481155,-0.046004534,0.032019977,0.015224148,0.2695321,-9.456999e-05,0.10878303,-0.035270274,0.0020803623
52,0.022133365,0.29015675,0.027548024,0.19422932,-0.068053074,0.05164643,0.024175355,0.16106668,0.031052984,0.17570616,-0.054521907,0.07820731,0.027399907,0.021396134,0.031596985,0.15352812,-0.05473973,0.07554478,0.02934858,0.032628234,0.025796063,0.12993105,-0.050562724,0.058211476,0.02452874,0.07297402,0.014325535,0.109823324,-0.042981785,0.032985307,0.013446123,0.2780535,-0.0033563038,0.10131364,-0.034100655,-0.005388409
53,0.030759,0.2961053,0.033566143,0.19556826,-0.07511797,0.059617274,0.02942227,0.16989392,0.03576337,0.18083939,-0.060522426,0.084768765,0.03142495,0.02658013,0.03581905,0.16140953,-0.05955359,0.08138873,0.033265807,0.034977295,0.02987026,0.13819396,-0.05349665,0.064448364,0.02869879,0.073299795,0.01877619,0.11774064,-0.043388613,0.04035466,0.01818454,0.27729777,0.0028075725,0.110085994,-0.031346146,0.001281078
54,0.017634364,0.30248153,0.024399647,0.19813715,-0.07238563,0.04634732,0.020321632,0.1632757,0.029530374,0.18168293,-0.057879824,0.07825202,0.025480367,0.016416976,0.029811366,0.1602973,-0.056683064,0.07602687,0.027530707,0.028151741,0.023548473,0.13584337,-0.050618447,0.05814858,0.02250923,0.07326029,0.011324817,0.11486288,-0.04081732,0.031307437,0.010757887,0.2845222,-0.008723916,0.106700934,-0.029627953,-0.013234055
55,0.026517158,0.3124528,0.030401094,0.20029452,-0.077709585,0.055744883,0.025848115,0.1747537,0.03473215,0.18666649,-0.062332388,0.08784566,0.030247366,0.022246003,0.034844887,0.16712445,-0.06012513,0.08520798,0.032413993,0.03045334,0.02855969,0.14270283,-0.05244704,0.06756604,0.027666477,0.07386291,0.016768033,0.1213196,-0.040428754,0.041563455,0.016462376,0.28503418,-0.0011539202,0.113836154,-0.026497182,-0.0053655845
56,0.023547925,0.3147047,0.02780381,0.19840257,-0.07597963,0.05283361,0.023318721,0.17475522,0.03216821,0.18290633,-0.061485335,0.084009364,0.027615715,0.022205018,0.032148212,0.16424641,-0.061012875,0.080291316,0.029406596,0.029777568,0.025493624,0.14198194,-0.054567046,0.061704107,0.024294384,0.07397684,0.013260391,0.12190921,-0.043013398,0.034938954,0.012809922,0.28902712,-0.0056859925,0.115009524,-0.029196534,-0.01757212
57,0.024155946,0.3182952,0.027786726,0.19586565,-0.06624814,0.05776881,0.024787614,0.17904265,0.033103134,0.17370707,-0.053781178,0.091082454,0.029634314,0.026581455,0.03424348,0.15234649,-0.05666226,0.087402776,0.03176399,0.033766266,0.028004102,0.13196626,-0.05406459,0.06767203,0.026449597,0.07746488,0.01606126,0.11384214,-0.046468273,0.040732726,0.0150974225,0.29499713,-7.2403345e-06,0.106738515,-0.037435237,-0.009031427
58,0.029893272,0.31501326,0.030396888,0.18887578,-0.06935046,0.060527112,0.02679481,0.1835269,0.032304022,0.16671106,-0.058095034,0.08406884,0.027889425,0.033872534,0.03244251,0.15161316,-0.064338066,0.07702365,0.02880937,0.03529739,0.02545516,0.1377606,-0.06286695,0.0565677,0.023232674,0.074824095,0.013242222,0.12268697,-0.05351018,0.029822402,0.012256175,0.29401547,-0.0034575032,0.117800154,-0.03977885,-0.020738916
59,0.028253645,0.3159678,0.029155482,0.18773434,-0.05864301,0.0632965,0.027088154,0.18343017,0.032348566,0.15738001,-0.049385205,0.08931805,0.029002434,0.036076244,0.03346727,0.13839228,-0.059055507,0.08187869,0.030028906,0.039087623,0.02669186,0.12606968,-0.061749276,0.05973697,0.023976026,0.07926759,0.014478508,0.11290946,-0.05675858,0.03213752,0.012785621,0.30187637,-0.00016514305,0.10750087,-0.04846115,-0.012362659
60,0.029858923,0.31638548,0.030242648,0.18675146,-0.057547096,0.0660967,0.02837338,0.1845371,0.03321468,0.15508713,-0.04880672,0.091713354,0.029946676,0.03798491,0.03437097,0.13656935,-0.059485205,0.08358099,0.03084643,0.040950734,0.027555248,0.12548164,-0.0628872,0.060973972,0.024710657,0.08093728,0.015452564,0.11306891,-0.058272693,0.033478234,0.01369032,0.3046287,0.0019978662,0.108053245,-0.050391916,-0.008619068
61,0.029359823,0.31604868,0.029764209,0.18448284,-0.063311934,0.06349721,0.026924862,0.18315496,0.03171774,0.15627228,-0.054312028,0.0867435,0.027630256,0.0367179,0.03193692,0.1421466,-0.06479631,0.077243015,0.02791667,0.03951293,0.024470722,0.13296448,-0.066694036,0.05440116,0.02162229,0.080106914,0.011997981,0.12088738,-0.05954842,0.026868597,0.010592762,0.3049434,-0.0029609448,0.117104106,-0.048109483,-0.01818857
62,0.03152428,0.3195797,0.031344354,0.18455715,-0.05933253,0.06833827,0.02918863,0.18684609,0.034070536,0.15317541,-0.05094812,0.09423735,0.0304794,0.0390674,0.03489962,0.13725439,-0.062537156,0.08485356,0.031038888,0.042126972,0.027691338,0.12832303,-0.065950416,0.061343435,0.024687685,0.08286438,0.015490705,0.116779275,-0.060557563,0.03375154,0.013792855,0.30888334,0.0028483765,0.11265461,-0.05146001,-0.0073248954
63,0.023511503,0.32368022,0.025865404,0.18527605,-0.061270405,0.05959276,0.023139117,0.18150954,0.03004051,0.15499002,-0.05267129,0.088977896,0.026120355,0.0318008,0.030382348,0.14025377,-0.063738935,0.07928827,0.02640816,0.037960593,0.022440536,0.13134596,-0.06606313,0.054716945,0.019537108,0.083461866,0.009244691,0.11953458,-0.05931554,0.025319971,0.007772443,0.31413975,-0.0068754395,0.11578675,-0.048822735,-0.021002589
64,0.032171544,0.3323304,0.031739723,0.187634,-0.06747901,0.06838884,0.028463526,0.19242764,0.035429876,0.16158852,-0.057686716,0.099087924,0.031165954,0.036018804,0.0358308,0.14892212,-0.06678018,0.090033196,0.031968657,0.038400143,0.028250342,0.13917887,-0.066486046,0.06664112,0.02580293,0.082239084,0.015755538,0.12641385,-0.056891564,0.038369253,0.014813695,0.31094354,0.002098938,0.12343563,-0.04342651,-0.007979334
65,0.018776199,0.33986557,0.022667147,0.19034259,-0.06351341,0.05676923,0.019600505,0.18593465,0.029957112,0.16160353,-0.05400696,0.095844105,0.026093211,0.02577971,0.030620616,0.14616652,-0.06310865,0.08765005,0.027050795,0.03361391,0.022583552,0.13513535,-0.063387305,0.06273762,0.020178199,0.084792495,0.008926706,0.122045904,-0.05502892,0.031963598,0.007870082,0.32035312,-0.008105289,0.118473895,-0.043964464,-0.017684594
66,0.021450415,0.34328333,0.024087029,0.19018145,-0.06371962,0.05992691,0.021057276,0.18945566,0.031110331,0.16107008,-0.05439367,0.0989072,0.027217878,0.027845835,0.031823132,0.14643314,-0.064094156,0.09029578,0.028165355,0.034361746,0.023741877,0.13634205,-0.06446816,0.06508797,0.02130098,0.08528675,0.010237642,0.12366272,-0.055716503,0.034410212,0.00922531,0.32172397,-0.0056504738,0.12051495,-0.04414307,-0.014922192
67,0.022854676,0.34074336,0.02438754,0.18738066,-0.06612597,0.059464052,0.020898307,0.18912785,0.029574683,0.15860331,-0.05724118,0.0929171,0.025110586,0.030105341,0.029583188,0.1477064,-0.06849973,0.08241441,0.025325432,0.034662466,0.020972947,0.14078772,-0.068870015,0.05676665,0.01827215,0.08479216,0.007253069,0.12932783,-0.058600277,0.026108898,0.006355963,0.32286698,-0.009220067,0.1274025,-0.0445511,-0.027007978
68,0.028188683,0.34069502,0.027707506,0.18511088,-0.05585938,0.0692318,0.025919398,0.19399437,0.03275828,0.14813259,-0.04900913,0.10211135,0.029363653,0.0382934,0.033886477,0.13375941,-0.064418375,0.09077951,0.029669348,0.04197357,0.025840184,0.12923425,-0.06995331,0.06385906,0.022403907,0.08838016,0.013168397,0.12003934,-0.065226175,0.034998693,0.011365073,0.32515106,0.0031658881,0.11759854,-0.05804507,-0.006697234
69,0.023851577,0.34071547,0.024422951,0.181801,-0.055890772,0.06430796,0.022359611,0.19090372,0.029450327,0.1439909,-0.049863,0.096543916,0.02573195,0.03609847,0.0300671,0.13220708,-0.06712165,0.083664365,0.025379486,0.041170612,0.021320594,0.13051882,-0.07349495,0.055425014,0.017569851,0.088866994,0.008106266,0.12262294,-0.0687375,0.026155949,0.006280986,0.32777914,-0.0031212408,0.121035896,-0.06105609,-0.01734689
70,0.03063223,0.34559506,0.028679416,0.18106897,-0.06342921,0.06893901,0.025703875,0.19853744,0.032381512,0.14838853,-0.056453194,0.09991107,0.027986014,0.039300855,0.032591347,0.14085163,-0.072426364,0.08687382,0.027708266,0.040998686,0.023873428,0.13992584,-0.076301225,0.05960286,0.020466404,0.08679711,0.011193678,0.13179435,-0.06837518,0.031641923,0.009997251,0.32344982,0.0015260343,0.13156459,-0.056708526,-0.0112870205
71,0.018699983,0.35112903,0.021130202,0.18371676,-0.058389608,0.05961386,0.018570894,0.19153868,0.028384032,0.14752555,-0.05167732,0.099155046,0.024522249,0.03066351,0.028896883,0.1360508,-0.0677471,0.08667886,0.024328526,0.03872078,0.019817239,0.1336249,-0.07290543,0.057686303,0.016315266,0.09016074,0.0062364843,0.1253156,-0.06714984,0.027816514,0.004702733,0.33177635,-0.005536337,0.12419995,-0.058997784,-0.01398698
72,0.023028543,0.35496607,0.02408027,0.18419896,-0.06292229,0.063316435,0.021006739,0.19542912,0.03079313,0.15070345,-0.055501543,0.103304856,0.026563555,0.032333326,0.031016959,0.14135608,-0.07064368,0.09046253,0.026373114,0.039713737,0.02190098,0.13908984,-0.07423486,0.06171658,0.01862272,0.09073166,0.008720444,0.13053434,-0.066643655,0.03258315,0.0075466107,0.33175504,-0.0014070913,0.13020714,-0.05655771,-0.0075983303
73,0.021470664,0.35613889,0.022925451,0.18340808,-0.06552937,0.06079508,0.019365687,0.19460838,0.02949423,0.15118292,-0.05795537,0.10079813,0.024882976,0.030760659,0.029267509,0.14391398,-0.07318283,0.08728854,0.02438067,0.03873278,0.019757316,0.14265029,-0.076104954,0.05816899,0.016487699,0.09085401,0.0062980806,0.13433485,-0.067342035,0.02875638,0.0053256615,0.33309102,-0.0047258483,0.13469665,-0.055774447,-0.013230189
74,0.017439766,0.35914397,0.020307742,0.18450737,-0.060786236,0.059087213,0.017354533,0.19371681,0.028547827,0.14907603,-0.053783607,0.103197455,0.024448747,0.028454522,0.028817376,0.13897638,-0.06981872,0.09011971,0.024131322,0.038634516,0.019318199,0.1372438,-0.07429612,0.060019437,0.015883466,0.09295743,0.0055591753,0.12911534,-0.06746498,0.029639227,0.0042422884,0.33775744,-0.005578663,0.12876584,-0.058413573,-0.010931629
75,0.02003613,0.36045069,0.021812627,0.18438734,-0.06336803,0.06081977,0.018544737,0.19590448,0.02932923,0.15030766,-0.05611696,0.10383922,0.024960652,0.02975285,0.029359385,0.14193182,-0.07199637,0.09037151,0.024546541,0.038937278,0.019763304,0.14080173,-0.07564565,0.06038442,0.016419968,0.09306453,0.006125203,0.13272415,-0.06759097,0.030184872,0.005032991,0.3380394,-0.0045423824,0.13298136,-0.05712554,-0.011192567
76,0.020526879,0.360506,0.022149159,0.18386297,-0.06598556,0.060682155,0.018484248,0.19565219,0.029233765,0.15121269,-0.05853636,0.10319298,0.024541205,0.029417269,0.028884819,0.14478542,-0.07429997,0.08909258,0.023900487,0.039024126,0.019032389,0.14436701,-0.07710718,0.058962334,0.015759524,0.09363385,0.0053378055,0.13637026,-0.06778742,0.028795332,0.004471099,0.33911294,-0.005460905,0.1372376,-0.055789277,-0.013562942
77,0.019224565,0.3615395,0.021463724,0.18379411,-0.063629836,0.061212327,0.018115563,0.19510211,0.029297294,0.14936177,-0.05659952,0.1058936,0.024834163,0.028708946,0.029147914,0.14202195,-0.0731331,0.09156123,0.024191394,0.03983922,0.019245032,0.14190592,-0.07685493,0.060712755,0.01583709,0.095292106,0.0055021374,0.13421117,-0.068447486,0.030347038,0.004452321,0.34183303,-0.0046898243,0.13485178,-0.05756632,-0.009833699
78,0.022712732,0.36322808,0.023526724,0.1831754,-0.06642816,0.064205475,0.019851686,0.19862089,0.030438526,0.15013139,-0.05930498,0.10732085,0.025652226,0.030822156,0.030048123,0.14531426,-0.07611184,0.09227077,0.024884677,0.039925136,0.020059787,0.1464943,-0.07897026,0.061578218,0.01674189,0.09452459,0.006527397,0.13910243,-0.0689206,0.03158841,0.0057713855,0.34071466,-0.0029156166,0.1406287,-0.05594516,-0.00896813
79,0.0136277685,0.3696084,0.017299851,0.18478265,-0.06205531,0.057790842,0.013986475,0.19669454,0.026890649,0.14846417,-0.05548427,0.1073095,0.02249468,0.024492614,0.026846612,0.1413096,-0.07319412,0.092638746,0.021819372,0.0369026,0.016522512,0.14236994,-0.07726715,0.060424156,0.013075868,0.09616106,0.0020281924,0.1352087,-0.06851661,0.028389344,0.0010447759,0.3470407,-0.009829936,0.13629915,-0.057515867,-0.01349552
80,0.019156419,0.37394553,0.020244334,0.18415208,-0.066967554,0.061542362,0.016326,0.20315005,0.0283152,0.15011586,-0.059970584,0.10857367,0.023376115,0.027808309,0.02789099,0.14669244,-0.07785268,0.093094505,0.022546915,0.036211554,0.017437741,0.14954472,-0.080479175,0.061238695,0.014139931,0.094027705,0.003214446,0.14278522,-0.06916934,0.02970402,0.0026893264,0.3442035,-0.007859391,0.14525312,-0.0552688,-0.013747472
81,0.01807534,0.38035464,0.01878156,0.18386327,-0.060550675,0.06355619,0.015755957,0.20834824,0.028051898,0.14433378,-0.054815844,0.11393911,0.023682058,0.02828539,0.028384546,0.138985,-0.07585973,0.09812673,0.022934554,0.035487372,0.017905036,0.14404027,-0.081559345,0.06467586,0.014109406,0.093902946,0.0034245553,0.1387548,-0.07265513,0.032462474,0.002401488,0.34567618,-0.006880998,0.14115216,-0.061397757,-0.006527611
82,0.020688755,0.38635916,0.018802965,0.18115439,-0.06153702,0.06533485,0.015553757,0.21673712,0.026841316,0.1403742,-0.056569155,0.11355244,0.022081159,0.030063404,0.027043872,0.13939801,-0.08079133,0.096239775,0.020957831,0.032101557,0.016051125,0.14909677,-0.08697547,0.06175644,0.012023797,0.090445094,0.0011157449,0.14558223,-0.07625721,0.02875394,0.00035607943,0.34330088,-0.010191765,0.14964098,-0.062303774,-0.012191834
83,0.01530227,0.39267808,0.0148845315,0.18124461,-0.0566807,0.063021965,0.012145065,0.21829738,0.025088282,0.13617392,-0.05267288,0.11737251,0.020679643,0.026271114,0.025665767,0.13362472,-0.079227544,0.09951519,0.019446157,0.03080961,0.014335638,0.14496808,-0.08770591,0.063141875,0.00989649,0.091800846,-0.0012391232,0.14257422,-0.078754105,0.029075991,-0.0023896664,0.34718546,-0.01321292,0.14661333,-0.066664085,-0.00720418
84,0.017245712,0.3947335,0.01469691,0.17832218,-0.058582712,0.06384861,0.0115802875,0.2230293,0.023043143,0.13239157,-0.055263687,0.113724224,0.018115744,0.027839841,0.023207823,0.1353629,-0.08529151,0.093803234,0.016275376,0.027863927,0.011231775,0.15188189,-0.09372934,0.056537025,0.0066454983,0.08885568,-0.0047435258,0.1511914,-0.082103215,0.022051398,-0.0054454026,0.34506506,-0.01786364,0.15707204,-0.06678028,-0.013520992
85,0.0131985145,0.39833155,0.012164277,0.17831881,-0.053078905,0.06302361,0.00971343,0.22288741,0.022479886,0.12788376,-0.0506957,0.11826304,0.01798238,0.02569841,0.023039367,0.12829612,-0.08289144,0.09767433,0.015988246,0.02843634,0.010859623,0.14604236,-0.09407477,0.058658827,0.005735306,0.09068298,-0.0054967334,0.14637926,-0.08479226,0.023692384,-0.0067905113,0.34902337,-0.018289555,0.15182818,-0.07121929,-0.0047228485
86,0.014739758,0.39893267,0.012852447,0.1772828,-0.05183861,0.06521351,0.0105987135,0.22439153,0.022709716,0.12482919,-0.04998328,0.119823664,0.01823333,0.027314559,0.02329504,0.12624276,-0.08433672,0.098067865,0.01596701,0.02922597,0.010925172,0.14633782,-0.096682504,0.058219362,0.005543156,0.09077613,-0.005367702,0.14768331,-0.087677956,0.023595447,-0.0067424886,0.3491821,-0.017097997,0.15365593,-0.07457522,-0.0014269135
87,0.013477985,0.39814872,0.011800239,0.1760949,-0.052889008,0.06360696,0.0093008485,0.22319329,0.021241156,0.12334547,-0.05124387,0.11721711,0.016525961,0.026647499,0.021502303,0.12718183,-0.087061636,0.09431464,0.013876568,0.028623037,0.008796329,0.14942314,-0.099382006,0.054013584,0.0033676322,0.090336844,-0.007651771,0.15144807,-0.089486316,0.019490443,-0.00881727,0.34864396,-0.019901142,0.15822957,-0.07596085,-0.0057677403
88,0.015902031,0.40177596,0.013303818,0.17675322,-0.05513781,0.06552744,0.010579148,0.22615635,0.02280076,0.125336,-0.052980695,0.12126656,0.017994689,0.02710699,0.023017365,0.12975156,-0.08809232,0.098371446,0.015466409,0.02951987,0.010384809,0.15171714,-0.099643916,0.058201615,0.0051412866,0.0911284,-0.0057287705,0.15356454,-0.08908582,0.0242404,-0.00668515,0.3491628,-0.016597966,0.16069524,-0.075462,0.0016528732
89,0.006892805,0.40481722,0.007644098,0.17691204,-0.052894715,0.05833733,0.00492132,0.22243366,0.019792872,0.123704985,-0.051065277,0.120847054,0.015075628,0.020203264,0.019940717,0.12698737,-0.08673195,0.09771531,0.012333922,0.02760968,0.0069025443,0.14911915,-0.099095725,0.0563023,0.0014579375,0.09253534,-0.010087892,0.15119669,-0.0892979,0.02093207,-0.011261274,0.3527441,-0.023610326,0.15807113,-0.076357715,-0.0024712607
90,0.013091016,0.4069336,0.010841928,0.17663604,-0.058441143,0.062037952,0.0074828346,0.22708909,0.0207832,0.12615642,-0.055960644,0.12073315,0.01557932,0.023447448,0.020506129,0.13364986,-0.09158086,0.09683271,0.012737525,0.027625961,0.0074080885,0.15719663,-0.101940304,0.056079417,0.0023664543,0.091254435,-0.009038615,0.15935326,-0.08957601,0.02168222,-0.009511191,0.3498059,-0.021219146,0.1675925,-0.075626895,-0.0022216379
91,0.014178762,0.41033012,0.01157602,0.17755035,-0.05772368,0.06437943,0.008391028,0.22932163,0.022074115,0.1265848,-0.055262376,0.12569611,0.017019007,0.023441076,0.021972964,0.13318558,-0.09076014,0.101828285,0.014314042,0.028763283,0.00893195,0.1563859,-0.10127062,0.060722657,0.0039052656,0.09319528,-0.007402352,0.15848723,-0.089150846,0.026208075,-0.007925553,0.3530003,-0.01860295,0.16661468,-0.07554485,0.0041421177
92,0.013525686,0.4154677,0.010050435,0.17617203,-0.051100105,0.06727436,0.00771629,0.23499009,0.021334212,0.11855492,-0.050363638,0.13138273,0.016619902,0.022156905,0.021716809,0.12536846,-0.091492794,0.10540876,0.013476014,0.026887992,0.008042487,0.15361598,-0.105413504,0.061470553,0.002275033,0.09298691,-0.009225206,0.1579228,-0.094478086,0.025161633,-0.010183352,0.3549116,-0.021619605,0.16663827,-0.08164124,0.002559307
93,0.014123425,0.42016315,0.008801708,0.17503574,-0.049513575,0.068795376,0.0066027744,0.24089007,0.019533152,0.114245005,-0.049724344,0.13230209,0.0147325285,0.020651737,0.019944243,0.12445681,-0.0950977,0.10439962,0.011198961,0.023277158,0.0056264726,0.15740009,-0.109635994,0.058805563,-0.0002786997,0.09151896,-0.012369316,0.16318814,-0.09713828,0.020963935,-0.013010169,0.35455042,-0.026559416,0.17319712,-0.083698474,-0.0056699617
94,0.011284979,0.4245814,0.0063569797,0.17540905,-0.046707932,0.067625426,0.0044309883,0.2427442,0.018376745,0.11198882,-0.047476433,0.1351836,0.013731638,0.017545832,0.01891901,0.121201344,-0.0944651,0.106646895,0.010014396,0.022493273,0.0042845136,0.15536709,-0.110439844,0.05966973,-0.001932974,0.09279464,-0.014331636,0.16184318,-0.09884103,0.020710016,-0.0152349975,0.35777953,-0.029753312,0.1718846,-0.08623475,-0.005799787
95,0.011007269,0.4274563,0.005666946,0.17510106,-0.047301907,0.067613214,0.0036064077,0.2445866,0.017896753,0.111280784,-0.04823481,0.13704269,0.013136819,0.01602644,0.018297808,0.122512214,-0.09646918,0.1075202,0.009240031,0.02210113,0.0034217378,0.1583123,-0.11195997,0.06012017,-0.0026886996,0.09315845,-0.015240394,0.16513585,-0.09911297,0.021341717,-0.01583794,0.3580778,-0.030692529,0.17581652,-0.08603301,-0.0043945536
96,0.016259156,0.4297873,0.008846517,0.17480257,-0.047832023,0.07267301,0.00688954,0.24812448,0.020538762,0.11028201,-0.048862305,0.14344631,0.015777431,0.018599376,0.020992775,0.123191535,-0.09883767,0.11252705,0.011763766,0.02419833,0.0060385163,0.16105296,-0.11448578,0.064602815,-7.110264e-05,0.09364128,-0.012078498,0.16849014,-0.10093366,0.02699201,-0.012487047,0.35739353,-0.024845317,0.1798677,-0.087964356,0.0058990424
97,0.008782073,0.4372353,0.002596896,0.17491902,-0.045345966,0.06683341,0.00063045596,0.25104454,0.016712375,0.107169315,-0.047219954,0.14446218,0.011909172,0.009618151,0.01701284,0.12158738,-0.10036501,0.11190922,0.0074179736,0.021220028,0.0012809084,0.16248076,-0.11651187,0.06211969,-0.0049717813,0.095358625,-0.018034928,0.17076905,-0.10195429,0.022923455,-0.018285194,0.36088228,-0.034228593,0.18273139,-0.08862021,0.00029425317
98,0.012346861,0.44112134,0.0036498103,0.17521678,-0.04569729,0.069795944,0.0016996937,0.2560981,0.016958937,0.106232084,-0.0478095,0.14693531,0.012079522,0.009443492,0.017207272,0.12341798,-0.10347414,0.112784795,0.007390332,0.02044054,0.0011543357,0.1671347,-0.11896216,0.062373742,-0.004907694,0.095819905,-0.018131584,0.17597242,-0.102365375,0.02310236,-0.017885083,0.36130697,-0.033839468,0.18888557,-0.0885058,0.0003132809
99,0.010936234,0.44658822,0.0019317656,0.17616655,-0.044501152,0.06930178,7.43047e-05,0.2598184,0.016463604,0.10608051,-0.046872586,0.15064265,0.01166279,0.0053061037,0.016765289,0.122922756,-0.103220925,0.116063565,0.0069378945,0.02028225,0.0004811124,0.16709289,-0.1188198,0.06479942,-0.0055753663,0.09849132,-0.019209813,0.17604378,-0.10197776,0.024810655,-0.018924162,0.36558267,-0.035653353,0.18901221,-0.08809413,0.002979861
100,0.010787531,0.44793558,0.0006969358,0.17631663,-0.04066354,0.07100335,-0.0006730097,0.26280323,0.0148756,0.10129035,-0.044170145,0.15092355,0.010177233,0.003368429,0.015248538,0.12017947,-0.10599725,0.11371526,0.004866574,0.01793025,-0.0017140545,0.16940469,-0.1226986,0.060780108,-0.008028178,0.09839231,-0.022172472,0.17974101,-0.10450944,0.019630572,-0.021706074,0.36604184,-0.04016206,0.19357614,-0.09021488,-0.0045256116
101,0.0127589265,0.45000604,0.0016559674,0.17694248,-0.03752615,0.07411348,0.00081082183,0.26552808,0.016172219,0.09901681,-0.041692488,0.1554468,0.011712871,0.0037869373,0.016828561,0.11708205,-0.10579717,0.11720681,0.006271651,0.018280996,-0.00031797987,0.16800672,-0.123826586,0.06320891,-0.006920984,0.09906163,-0.020903464,0.17898111,-0.10604285,0.02183486,-0.02064998,0.36744854,-0.038163945,0.19281766,-0.09187914,-0.0003815177
102,0.0149196815,0.45101014,0.0029166355,0.17769419,-0.035987508,0.076886706,0.0023831844,0.26708305,0.017308349,0.09862691,-0.040410556,0.15807852,0.013003982,0.004896651,0.018143158,0.1156335,-0.10518377,0.11950826,0.0075709512,0.01886316,0.0009878839,0.1669229,-0.12387462,0.06505907,-0.00573857,0.10007011,-0.019573955,0.17810807,-0.10642737,0.023362711,-0.019455789,0.36949417,-0.036092233,0.19185925,-0.0924163,0.0016311053
103,0.0099483775,0.45110056,-0.00010990849,0.17921795,-0.032767575,0.07461691,-0.00032595097,0.26429555,0.0154519025,0.09873432,-0.037575908,0.15666914,0.0113617135,0.001982787,0.016401617,0.112049624,-0.101989664,0.1186252,0.0058913752,0.018314365,-0.0008297639,0.16231306,-0.12202629,0.06353512,-0.007865942,0.10271676,-0.022195157,0.17348485,-0.10602186,0.01996034,-0.022540802,0.3755535,-0.04087739,0.186541,-0.09241928,-0.004756251
104,0.016764898,0.45040292,0.0043252655,0.18011779,-0.034326658,0.08010004,0.00415533,0.26546443,0.017947612,0.101343386,-0.038543638,0.15781255,0.013906835,0.0076207235,0.018964306,0.11345591,-0.10160319,0.120123416,0.008655953,0.018856544,0.0020787704,0.1626696,-0.121466406,0.06551248,-0.0048301755,0.102536626,-0.018693138,0.17365189,-0.105684124,0.021622032,-0.019008696,0.376093,-0.03516648,0.18678266,-0.09287253,-0.004174157
105,0.012969088,0.45137396,0.0021865945,0.18084666,-0.03465575,0.07689243,0.0018518309,0.2625186,0.016860738,0.103689425,-0.038474474,0.15699227,0.012837913,0.0055924263,0.017780608,0.11270764,-0.09905308,0.12037816,0.007676066,0.019831244,0.0010138919,0.1595044,-0.119695224,0.06551647,-0.006045336,0.10505129,-0.020069202,0.17022642,-0.10581266,0.02054973,-0.020758089,0.38093457,-0.03747763,0.18285586,-0.094343424,-0.0060871593
106,0.02001592,0.45237267,0.0064174216,0.18113402,-0.0366419,0.08272909,0.006042455,0.26626006,0.019541318,0.10459149,-0.040189363,0.16085336,0.015455802,0.009227148,0.020459576,0.116204605,-0.10170609,0.12333068,0.01036765,0.020956134,0.003803972,0.16434002,-0.12073858,0.069069676,-0.0028279175,0.10499758,-0.016351743,0.17499724,-0.104504704,0.02568634,-0.01643591,0.37941617,-0.030577892,0.18842238,-0.09229614,0.0027071494
107,0.01555566,0.4619802,0.0018582251,0.18285893,-0.031953555,0.08030406,0.0019417268,0.27378502,0.018140914,0.1011776,-0.03655299,0.16736452,0.014304182,0.0004242668,0.019255469,0.11292511,-0.10184015,0.1281008,0.0088915825,0.0205393,0.0019940035,0.16387333,-0.1215572,0.07224902,-0.004806299,0.108177915,-0.019030653,0.17510378,-0.10447113,0.028882867,-0.019087024,0.38334465,-0.035036523,0.18861786,-0.09156318,0.010071599
108,0.014726314,0.47360432,-0.002349444,0.18421218,-0.023336723,0.081662074,-0.0011982329,0.28906128,0.015689222,0.09108517,-0.030006135,0.17485367,0.012220649,-0.009494462,0.017079206,0.105676115,-0.10681252,0.1305304,0.005629911,0.01764157,-0.0016141313,0.16689137,-0.12941244,0.07102355,-0.009062775,0.1090757,-0.024248147,0.18100728,-0.110421136,0.027178086,-0.024121044,0.3830207,-0.04308282,0.19610272,-0.097735,0.011682888
109,0.014487289,0.47737858,-0.0035706104,0.18424284,-0.019522833,0.0830312,-0.0019157933,0.2935927,0.015169687,0.08646412,-0.02722875,0.17862304,0.011882372,-0.012421514,0.01673325,0.102203615,-0.109188326,0.13182166,0.0047551706,0.016292302,-0.0026180665,0.1683466,-0.13351691,0.07041622,-0.010432917,0.10969979,-0.026099466,0.18409258,-0.11359793,0.025534261,-0.025926836,0.38380212,-0.046291273,0.2001026,-0.100546986,0.009344317
110,0.012070964,0.4744366,-0.0032541356,0.18245077,-0.026516067,0.07997042,-0.0026600284,0.28471676,0.015324632,0.09649933,-0.03289419,0.17432436,0.011728959,-0.009779578,0.016588492,0.10867934,-0.10329774,0.13177434,0.0056399684,0.016322771,-0.0017637716,0.16513029,-0.12490569,0.07267916,-0.008932452,0.11275004,-0.025030183,0.1783927,-0.105254866,0.025158599,-0.024934059,0.39184606,-0.046271913,0.19309726,-0.08950476,0.000431375
111,0.020587249,0.46424425,0.003129946,0.18182723,-0.028197065,0.08784968,0.003833807,0.27799687,0.016622366,0.09579319,-0.034389693,0.1692284,0.012939328,0.001308949,0.017708655,0.11147108,-0.10919442,0.1239496,0.006362548,0.014688595,-0.0008395931,0.17350125,-0.13015378,0.06506053,-0.007707706,0.111417755,-0.023596175,0.18808061,-0.10656942,0.01636195,-0.022605253,0.39080054,-0.042692102,0.20472422,-0.09066643,-0.015732137
112,0.012087299,0.46070147,-0.0005394476,0.18241744,-0.02509706,0.08277411,0.00041922275,0.26634297,0.015145269,0.09500447,-0.031627204,0.16869687,0.011666499,0.0013253004,0.016320825,0.10531478,-0.106860526,0.12316233,0.0047232965,0.017090496,-0.0024793216,0.16779938,-0.13213703,0.06209183,-0.010324949,0.11394192,-0.026099294,0.18369892,-0.11250301,0.011710533,-0.02612002,0.39663845,-0.04645948,0.1998739,-0.09933139,-0.02005229
113,0.016690416,0.46309206,0.0027296718,0.18304212,-0.027982002,0.08688081,0.0034551234,0.26782873,0.018077321,0.09909796,-0.03375588,0.17455155,0.014580428,0.0047406573,0.019278614,0.108545884,-0.106274635,0.12962571,0.008052915,0.018003687,0.0009781902,0.16903673,-0.130522,0.06941551,-0.006485583,0.11234427,-0.021594897,0.18448469,-0.11054103,0.020672675,-0.021376045,0.39395878,-0.038613558,0.20092484,-0.09773212,-0.005041007
114,0.011327734,0.46736273,-0.0001460663,0.18469894,-0.026939934,0.08340069,0.000590104,0.26554382,0.01808701,0.103171274,-0.03227235,0.17893319,0.014820326,0.0017847935,0.019455992,0.10448957,-0.10012109,0.13591963,0.008586701,0.02005511,0.001445071,0.16046269,-0.12757589,0.07441079,-0.00668634,0.11492266,-0.021690533,0.17588784,-0.11263175,0.024125203,-0.022631153,0.39990783,-0.03954324,0.19106077,-0.10216523,0.00064999796
115,0.014143448,0.46290386,0.00044829346,0.18466699,-0.021625897,0.08831759,0.0020224752,0.26780155,0.016073007,0.09357052,-0.028513132,0.17616197,0.012944909,0.0027671196,0.017509863,0.10135475,-0.107858956,0.12882772,0.0055986466,0.017462045,-0.0015548518,0.16804726,-0.13548623,0.066439256,-0.009763833,0.11377202,-0.025236806,0.18553689,-0.11578042,0.016960634,-0.02526251,0.39718127,-0.04386858,0.2026461,-0.10439246,-0.008119365
116,0.011098584,0.46266752,-0.0025151204,0.18503164,-0.017703563,0.087134406,-0.0005178487,0.26871455,0.013210152,0.088420205,-0.02559651,0.17464957,0.010176188,-0.00054600165,0.014627712,0.09810818,-0.11073168,0.1251583,0.0021251792,0.017154679,-0.005137764,0.17001948,-0.13928148,0.061732333,-0.013615334,0.1150711,-0.029587561,0.18867706,-0.11803077,0.012464831,-0.029402927,0.39875644,-0.050232682,0.20648807,-0.106373936,-0.012961615
117,0.013952727,0.46352658,-0.0010055397,0.1852158,-0.017849863,0.09005053,0.0010588848,0.27103937,0.014183399,0.08810059,-0.02577206,0.17750762,0.011170772,0.00049261365,0.015626049,0.09904297,-0.11211163,0.12736224,0.0030869043,0.017784992,-0.004137266,0.17226328,-0.1400547,0.064176396,-0.012416561,0.11486819,-0.02805321,0.19108167,-0.11751987,0.016405694,-0.027534913,0.3979059,-0.046859957,0.20938689,-0.10568787,-0.0047427635
118,0.011518017,0.4654984,-0.0016277456,0.18598521,-0.0171777,0.08875279,0.00050826365,0.26826176,0.015490961,0.091542155,-0.024711348,0.18116428,0.012667482,0.0006150581,0.017149521,0.09494996,-0.10641882,0.13275394,0.0048612007,0.01936643,-0.0023474547,0.16391844,-0.13757886,0.06811656,-0.01140125,0.1168182,-0.026682554,0.1826904,-0.11959052,0.018367931,-0.027395602,0.40345758,-0.045593515,0.19960472,-0.108418815,-0.0024065992
119,0.0135998605,0.46240875,0.00084311166,0.186384,-0.018371006,0.09146717,0.0029451284,0.26464403,0.016855238,0.09491955,-0.025338704,0.18044351,0.0140704755,0.004586759,0.018574215,0.09465304,-0.10384901,0.13322328,0.0065352945,0.019598661,-0.0005783186,0.16094898,-0.13602938,0.06836689,-0.009819767,0.11754508,-0.02473101,0.1795155,-0.11995462,0.017061614,-0.025884049,0.40636763,-0.042539164,0.19592066,-0.10934439,-0.006219728
120,0.019026894,0.4572706,0.0058812182,0.18615575,-0.02296383,0.096812196,0.0075749876,0.26114747,0.01915464,0.10205355,-0.028691653,0.17797865,0.016227117,0.010912612,0.020834045,0.09796661,-0.10033989,0.13337228,0.00939894,0.019451646,0.0024362712,0.1586622,-0.13207482,0.069184996,-0.0066193836,0.118226364,-0.020975726,0.17622061,-0.11757148,0.016068114,-0.022379039,0.40939808,-0.036361612,0.19206665,-0.10697025,-0.0106920805
121,0.013413899,0.45924303,0.0014259584,0.18621872,-0.0226524,0.09141525,0.0029034503,0.25942782,0.015807075,0.101280205,-0.028851775,0.17480321,0.012736908,0.0059558274,0.017071467,0.09988145,-0.10103682,0.12981813,0.0056472565,0.020699803,-0.0014878539,0.16088279,-0.13024509,0.06676693,-0.010060335,0.12145705,-0.02494374,0.17767371,-0.113016985,0.0155444,-0.025716249,0.4132022,-0.041879606,0.19376174,-0.10096953,-0.009103124
122,0.0123935845,0.46222267,-0.00088885886,0.18700664,-0.025143169,0.08878193,7.692032e-05,0.26098502,0.012860283,0.102651715,-0.031296562,0.1711591,0.009463376,0.0025925627,0.013454468,0.10695139,-0.10416641,0.12521218,0.0021664365,0.021533543,-0.005083867,0.16870756,-0.12805663,0.064729,-0.012458117,0.123791106,-0.027769841,0.18438621,-0.10530374,0.01676153,-0.027082024,0.41425908,-0.044538047,0.20179017,-0.09242915,-0.0049170842
123,0.015310837,0.46174386,-0.00063264597,0.1871332,-0.027779616,0.089720815,-5.3657277e-05,0.26425016,0.010640215,0.10250047,-0.034113396,0.16594629,0.006881175,0.0017339978,0.010685223,0.11538953,-0.10936721,0.11886988,-0.00053914817,0.020613559,-0.007856717,0.17950618,-0.12652977,0.061717223,-0.013709059,0.124156795,-0.02951969,0.19398896,-0.09606152,0.01740501,-0.026853142,0.41199815,-0.04542763,0.21315418,-0.081242576,-0.0029170406
124,0.009297262,0.46253586,-0.0041644946,0.18894838,-0.024677802,0.08610916,-0.0032994237,0.26019305,0.0091080675,0.10293282,-0.031372778,0.16590588,0.005579868,-0.0018151349,0.009265527,0.1118449,-0.105528355,0.1197904,-0.0018135691,0.02246132,-0.009273572,0.17423885,-0.1233086,0.062582575,-0.015341292,0.12834632,-0.031371135,0.18810363,-0.093978666,0.01856612,-0.029054245,0.41947037,-0.048472337,0.20623443,-0.078658715,0.000334599
125,0.013037786,0.46018523,-0.0011809658,0.19042797,-0.024718871,0.09035011,-0.00013137095,0.25897062,0.010626691,0.105180085,-0.031176979,0.16586526,0.0072110747,0.0025506532,0.010884669,0.11213372,-0.10399483,0.12037444,3.7986894e-05,0.023845734,-0.0072934474,0.17309709,-0.121580124,0.06379844,-0.01325966,0.12995608,-0.028688077,0.18652143,-0.09251362,0.019907465,-0.026405513,0.4229247,-0.043446165,0.20436835,-0.07724717,0.0016816458
126,0.014123555,0.45748952,0.00043746695,0.19160338,-0.024783963,0.09238591,0.0015844284,0.2558677,0.011408058,0.108106546,-0.030821469,0.16442926,0.0081066135,0.005719168,0.011781478,0.111263454,-0.10080431,0.12043789,0.0012430854,0.024359386,-0.0059864013,0.16941503,-0.11889303,0.064403534,-0.01202868,0.13092418,-0.027123298,0.1822105,-0.09135589,0.01979358,-0.025176216,0.42619288,-0.041021504,0.19918674,-0.07604005,-0.0005070531
127,0.014058546,0.45923018,5.359319e-05,0.19210108,-0.02451054,0.09221923,0.0012262124,0.25689107,0.011462674,0.10855779,-0.030591803,0.16602778,0.008195137,0.004729618,0.011834111,0.11129077,-0.10035867,0.122013584,0.0013506489,0.025078455,-0.005943893,0.16915324,-0.11831744,0.06589676,-0.011944488,0.13232881,-0.02706866,0.18182516,-0.090694174,0.021504303,-0.025102273,0.42820317,-0.04082778,0.19873625,-0.07523742,0.0028998535
128,0.009182159,0.46203265,-0.0048121167,0.19183522,-0.022252386,0.087595,-0.0035755867,0.25955227,0.00764737,0.10388716,-0.029313121,0.1646359,0.00430342,-0.0019675347,0.0077973176,0.11068765,-0.103850015,0.118443266,-0.003189459,0.024097268,-0.010802147,0.17286183,-0.12157195,0.06107879,-0.016825024,0.13358599,-0.03312074,0.18647508,-0.09191265,0.016151762,-0.030748986,0.4286596,-0.050820056,0.20445298,-0.07639174,-0.00428437
129,0.011395992,0.46348476,-0.0046406914,0.19191341,-0.022435319,0.0890958,-0.0034217308,0.26413196,0.006826471,0.10231613,-0.029790837,0.16479461,0.003380527,-0.0030196898,0.0068101506,0.112731375,-0.107019536,0.117104426,-0.0043875696,0.02362178,-0.012078031,0.17750746,-0.12359071,0.05958517,-0.017826658,0.13389786,-0.034378003,0.1915663,-0.09169846,0.014816621,-0.031473,0.42797625,-0.052220106,0.21061546,-0.07627112,-0.0061727865
130,0.016230982,0.46605244,-0.0018523295,0.1931673,-0.021757469,0.093736336,-0.0003502806,0.2686069,0.009061119,0.10427546,-0.028728971,0.16916612,0.0058349203,-0.0006253489,0.009286759,0.10982009,-0.10411001,0.122246295,-0.0017587852,0.024864504,-0.009357722,0.17283234,-0.123050615,0.0636584,-0.015583955,0.13575792,-0.031414412,0.1869955,-0.09414792,0.0177736,-0.029203111,0.43267012,-0.047165297,0.20522931,-0.07955655,-0.001873456
131,0.016160626,0.46913117,-0.0024534666,0.19400609,-0.020520367,0.09356171,-0.00078492623,0.271018,0.009479106,0.10363142,-0.027630357,0.17290992,0.0063696024,-0.0021611222,0.009812421,0.10826656,-0.10394701,0.12553142,-0.0013163164,0.026365453,-0.008974791,0.17198351,-0.12377784,0.06613274,-0.0153986355,0.13744783,-0.031044226,0.18645647,-0.09541712,0.020864982,-0.028992059,0.4349606,-0.04621646,0.20466788,-0.081184484,0.0055398513
132,0.016268505,0.47123024,-0.0032287547,0.19501999,-0.017978182,0.09430083,-0.0011970319,0.27434072,0.0092178,0.100532934,-0.025642226,0.17570737,0.0062543927,-0.0042210617,0.009673622,0.10640491,-0.1057466,0.12667489,-0.0017853432,0.026735399,-0.009550202,0.17327023,-0.1262437,0.06617263,-0.016143737,0.1385091,-0.03195833,0.18852326,-0.09720742,0.021035787,-0.029832805,0.43581393,-0.04745146,0.2072737,-0.083424516,0.007630734
133,0.017055495,0.46924755,-0.0019350261,0.19575953,-0.018311175,0.09564827,0.0001247297,0.27153596,0.010100193,0.10220718,-0.025769273,0.1758314,0.0071801613,-0.0018209545,0.010616701,0.106729805,-0.10487917,0.1271836,-0.0007072994,0.02771695,-0.008382996,0.1726581,-0.12540857,0.06702803,-0.014939131,0.13917723,-0.03039954,0.18770096,-0.09661724,0.022007367,-0.028328558,0.4373423,-0.04468828,0.2062645,-0.08270817,0.0084908195
134,0.015758086,0.46917194,-0.0021331476,0.19538422,-0.020924471,0.09442532,-0.0005026076,0.26863134,0.010052892,0.10744684,-0.027708739,0.17482363,0.0070174956,-0.002004437,0.010441843,0.108302176,-0.1012703,0.12844785,-0.0003857981,0.028837016,-0.00811821,0.16954184,-0.12156083,0.068916224,-0.014554046,0.14134662,-0.0300705,0.18356596,-0.094272755,0.023205284,-0.028241638,0.44180223,-0.04473862,0.20119339,-0.07986906,0.00816684
135,0.016926268,0.47717017,-0.005458612,0.19557132,-0.013250933,0.09519335,-0.0028057483,0.28407836,0.007838705,0.09467269,-0.022133084,0.18113647,0.0051214253,-0.009716724,0.0084868455,0.101241045,-0.109136306,0.1288634,-0.0037658159,0.027310662,-0.011840335,0.17482507,-0.13272019,0.06486207,-0.019147415,0.14148986,-0.03568784,0.19248451,-0.10337946,0.018068565,-0.033709943,0.43943402,-0.053801462,0.21263173,-0.09044093,0.0037467005
136,0.01132345,0.48480296,-0.0112176165,0.19562685,-0.009139977,0.090416804,-0.008247765,0.29088637,0.0053193425,0.09004964,-0.019158961,0.18521833,0.0027535053,-0.0192998,0.0060948157,0.09701924,-0.109866105,0.1315053,-0.0066215596,0.027684562,-0.015151728,0.17385519,-0.1350338,0.06515886,-0.02293001,0.1445242,-0.040648155,0.19254974,-0.1056245,0.017715132,-0.038856484,0.44298115,-0.06303592,0.212991,-0.09221472,0.0049496805
137,0.01620928,0.48312014,-0.0063345395,0.19403425,-0.015262082,0.09272666,-0.00405368,0.28557268,0.008712056,0.09766862,-0.024213191,0.18465099,0.005900972,-0.011094269,0.009163659,0.10235113,-0.10673494,0.13315868,-0.0027945829,0.027790084,-0.011006391,0.17293033,-0.1302855,0.06863609,-0.018295579,0.14521101,-0.035069842,0.19033344,-0.101133496,0.019746153,-0.033247363,0.44652528,-0.053465024,0.21036625,-0.0861086,0.0021066593
138,0.023686467,0.48253784,-0.00033936813,0.19310495,-0.023280075,0.09667933,0.0010229526,0.2827484,0.011862028,0.107710734,-0.03053337,0.18327922,0.0087099755,-0.0025549335,0.01178448,0.11066576,-0.104675755,0.13396032,0.00077252823,0.02753035,-0.0070902477,0.17498069,-0.12529117,0.07215678,-0.013415462,0.14496669,-0.029201476,0.19085342,-0.095713,0.022673812,-0.026886215,0.4478521,-0.042554297,0.21098663,-0.081951156,0.0020351708
139,0.021840168,0.48011974,0.001387981,0.19139674,-0.031730816,0.09448157,0.0015117541,0.27122426,0.013337299,0.12289336,-0.03705945,0.17910026,0.009827924,0.0020885689,0.012842076,0.11606999,-0.09458935,0.13620186,0.0033669327,0.028755113,-0.004350793,0.16655259,-0.11450556,0.076717466,-0.0102849,0.147857,-0.025595516,0.17962007,-0.08973712,0.024643859,-0.024014968,0.45650384,-0.037523434,0.19739616,-0.07617646,-0.001111123
140,0.021426428,0.48437056,-0.0016511991,0.1917733,-0.028182829,0.09394836,-0.0011525226,0.28021762,0.010299101,0.11643102,-0.03472117,0.17941906,0.0068598813,-0.0042425934,0.009739844,0.115164004,-0.09936019,0.13327226,-0.00041593076,0.02717979,-0.008498073,0.1720883,-0.117819555,0.07299483,-0.0142583465,0.14912045,-0.030896816,0.18594798,-0.087850355,0.021632314,-0.028502312,0.45677024,-0.04684477,0.20497821,-0.07146319,-0.006860264
141,0.02147468,0.48709446,-0.003908219,0.19258414,-0.02379416,0.09431235,-0.0028515728,0.28758076,0.008153647,0.108346865,-0.031651206,0.18110296,0.004844499,-0.009002169,0.0076602697,0.113740675,-0.10548099,0.13097279,-0.0033553857,0.026492178,-0.011691229,0.17871593,-0.12252936,0.0699408,-0.017331192,0.14946455,-0.03483756,0.1936244,-0.086888455,0.020721138,-0.031571373,0.45481262,-0.0532806,0.21415702,-0.06793507,-0.0066476213
142,0.017112486,0.49124065,-0.0072864247,0.19285062,-0.020697052,0.091158174,-0.0059417365,0.2889233,0.007629519,0.105825126,-0.02923345,0.18561849,0.0045261807,-0.013742793,0.007381681,0.10951987,-0.10459784,0.13511533,-0.0038617903,0.028055284,-0.012373505,0.17576854,-0.12350504,0.072703816,-0.018521227,0.15099305,-0.036121782,0.19117354,-0.088983506,0.024984444,-0.03326204,0.45661125,-0.055625636,0.21129212,-0.06979052,0.00504749
143,0.020754576,0.48626187,-0.004274631,0.19408023,-0.017759737,0.09639991,-0.0022908286,0.28621092,0.008600288,0.101809494,-0.026729567,0.18573934,0.0057342835,-0.008079555,0.008522953,0.106681444,-0.10822073,0.13233128,-0.003310217,0.026729997,-0.011581152,0.17858173,-0.12885335,0.068776034,-0.018110627,0.14875954,-0.03526238,0.1956571,-0.09341802,0.020019181,-0.032360703,0.45367965,-0.053346608,0.21695481,-0.07550714,-0.003685029
144,0.021136947,0.47627348,-0.00029721757,0.19226354,-0.023570415,0.09914992,0.0009912378,0.2719215,0.009653681,0.11241999,-0.031207947,0.17774446,0.0065375776,0.00078787503,0.009287502,0.10826411,-0.10054451,0.12895562,-0.0015949724,0.025680134,-0.009583351,0.17063488,-0.12313965,0.06588864,-0.016363792,0.15021047,-0.032950103,0.1865849,-0.09328752,0.011676525,-0.031022916,0.4612509,-0.049622484,0.20623419,-0.07628313,-0.023284782
145,0.020284452,0.471258,0.0014528413,0.19130278,-0.027300756,0.10035922,0.0022504725,0.26243833,0.010376559,0.11774163,-0.034292072,0.17608956,0.00704754,0.006166528,0.009737861,0.11140705,-0.09800969,0.12912712,-0.00063734147,0.026033016,-0.008371414,0.16935493,-0.11986016,0.067593046,-0.014887447,0.14863037,-0.030795718,0.18443377,-0.090936646,0.013915096,-0.02891574,0.46040133,-0.045214064,0.20371525,-0.07387216,-0.018741021
146,0.016770551,0.47061557,0.00036333088,0.189887,-0.03159424,0.09743623,0.0004148439,0.25531834,0.010115097,0.12191891,-0.038257867,0.17685135,0.006411062,0.007105478,0.00898772,0.11817119,-0.09777127,0.13093638,-0.0008882971,0.027547032,-0.008524123,0.17261587,-0.11544708,0.07253596,-0.01406726,0.14652729,-0.029757705,0.18613286,-0.08364602,0.023212167,-0.027075412,0.45586053,-0.042892013,0.20574102,-0.064895965,-0.00063666655
147,0.0150883375,0.47125944,-0.00063572306,0.1886763,-0.03064306,0.09623108,-0.0005173499,0.25290313,0.010308229,0.11755686,-0.038025178,0.18069899,0.0065493574,0.0072973063,0.009046778,0.1183877,-0.1020381,0.13217299,-0.0013257728,0.028781822,-0.008892038,0.17715797,-0.119349256,0.07354775,-0.014433731,0.14471194,-0.029897962,0.19174695,-0.08530083,0.0266475,-0.026825886,0.45104876,-0.042326093,0.21276179,-0.06672705,0.008832042
148,0.016559131,0.46636635,0.0017132326,0.18739538,-0.031659037,0.098539844,0.0017940725,0.24717219,0.011619824,0.11613727,-0.03917911,0.18082815,0.007752674,0.012618697,0.0102422,0.11987749,-0.105247006,0.13094921,-0.00038092516,0.029367235,-0.007664679,0.18110932,-0.12226808,0.07276434,-0.01313255,0.1423009,-0.027972369,0.19646542,-0.08672325,0.026654756,-0.02461367,0.4469857,-0.038341466,0.21862714,-0.06864835,0.008185518
149,0.011626384,0.4717054,-0.0020193206,0.18855666,-0.029882535,0.09488302,-0.0018679153,0.24781844,0.010367219,0.116575316,-0.037504777,0.18375044,0.0066613685,0.0072525097,0.009028567,0.11746496,-0.103410445,0.13367517,-0.0015919111,0.02992353,-0.009169731,0.17849535,-0.12170358,0.07428837,-0.014908899,0.1449059,-0.030496944,0.19410884,-0.08724917,0.027120711,-0.027427329,0.45127708,-0.043470815,0.21603563,-0.06946615,0.008694945
150,0.01069573,0.47740155,-0.0046311696,0.18945254,-0.024458306,0.094931096,-0.0037922836,0.2549696,0.008931959,0.11035546,-0.033172864,0.18762296,0.0055458187,0.0024884357,0.007852133,0.11182485,-0.106035024,0.13450073,-0.0035301517,0.027942158,-0.011372607,0.17897427,-0.12709473,0.07205924,-0.017824247,0.1455288,-0.03438483,0.19661191,-0.09268173,0.02220618,-0.03153681,0.45227143,-0.050616134,0.21950205,-0.07599691,1.0676682e-05
151,0.009195379,0.47614807,-0.004553838,0.18976858,-0.023772875,0.095251076,-0.0036031213,0.25091094,0.0093849655,0.11129375,-0.032392014,0.18815957,0.0061253696,0.0039398544,0.008419376,0.10925289,-0.104208834,0.1353793,-0.002947027,0.028011715,-0.0107508665,0.1757724,-0.12752753,0.071829736,-0.017682333,0.14643419,-0.03413933,0.19394755,-0.09556805,0.019829914,-0.031859044,0.45533833,-0.050459404,0.21658221,-0.07986426,-0.0051631127
152,0.013470166,0.4737949,-0.0008133611,0.18965757,-0.026309738,0.09942408,-3.8440856e-05,0.24934207,0.011406194,0.11458141,-0.034255926,0.18805465,0.008077631,0.008958422,0.010422917,0.11103746,-0.10355018,0.13607554,-0.00069060497,0.027751578,-0.008282336,0.17593083,-0.12707628,0.07269603,-0.015123954,0.14616784,-0.03090674,0.19411239,-0.09595898,0.019481363,-0.028681716,0.45601586,-0.0442942,0.21692574,-0.081323735,-0.0070711775
153,0.010426385,0.47252628,-0.0012295924,0.19081494,-0.025404647,0.098962195,-0.00032541895,0.24288869,0.011836261,0.11737643,-0.03296455,0.18854214,0.008731815,0.0102625005,0.011003124,0.10716323,-0.09915721,0.13783371,0.00011262475,0.029024258,-0.0074352194,0.16938137,-0.12573962,0.07337865,-0.014938169,0.14805691,-0.030327506,0.18768196,-0.09891742,0.018642593,-0.029072708,0.46103528,-0.043487076,0.20942625,-0.08572877,-0.0074240356
154,0.008301117,0.47436437,-0.0039976435,0.19031383,-0.022133252,0.09685523,-0.0027545693,0.2452898,0.010134771,0.1095946,-0.031353075,0.19008693,0.0070152944,0.006565791,0.009115419,0.10871024,-0.10535589,0.1360402,-0.0023661663,0.030485017,-0.010091798,0.17707978,-0.12841128,0.07271451,-0.016967978,0.14830288,-0.032805122,0.19549066,-0.09541544,0.02245566,-0.03031991,0.4580046,-0.046719223,0.21863148,-0.08053926,0.0025029962
155,0.0045783794,0.47530445,-0.0069822585,0.18987831,-0.021973751,0.093855925,-0.0058888053,0.24504718,0.00771176,0.109025896,-0.03160191,0.18817918,0.0044746744,0.0025216257,0.0064316895,0.110060275,-0.10557429,0.13413063,-0.005018739,0.031382818,-0.013008149,0.17823298,-0.12689078,0.07141242,-0.019539764,0.15066044,-0.036147512,0.1960458,-0.09212864,0.021943687,-0.033248473,0.4608367,-0.0525493,0.2192038,-0.07620007,0.0013831386
156,0.0064667575,0.47156116,-0.0056880037,0.18950994,-0.023185985,0.09596608,-0.0047095604,0.24399796,0.0070465147,0.108826734,-0.032832235,0.18503688,0.003652396,0.004433426,0.0055523408,0.11268895,-0.107730806,0.13051307,-0.0059511624,0.03133197,-0.013912872,0.18186137,-0.12759124,0.06839289,-0.020076862,0.15125506,-0.03677087,0.1996539,-0.090939626,0.018654633,-0.033368126,0.46136823,-0.0528658,0.2235076,-0.07525778,-0.005417215
157,0.011891216,0.4703125,-0.0019538472,0.19006076,-0.025969697,0.10062936,-0.0011800656,0.24560349,0.008741516,0.11232349,-0.03503464,0.18510513,0.005240983,0.00841853,0.0071762265,0.11671265,-0.10795393,0.13125896,-0.0039854427,0.031501427,-0.011750847,0.18438731,-0.12606554,0.070450865,-0.017356584,0.15116665,-0.03341651,0.2016301,-0.08819748,0.0212245,-0.029577054,0.46131292,-0.046226997,0.2258657,-0.07296844,-0.002423609
158,0.0063909926,0.4685197,-0.003015946,0.19219665,-0.025921619,0.09912714,-0.0022693644,0.23575982,0.008988138,0.12036477,-0.033802565,0.184294,0.0057982374,0.008997398,0.007668444,0.11135475,-0.09816087,0.13460341,-0.0027226792,0.0334581,-0.010510585,0.17173554,-0.120329745,0.07296664,-0.016945286,0.1556206,-0.03264448,0.18812314,-0.0895715,0.02120766,-0.030304419,0.47238517,-0.04562892,0.20995072,-0.07560466,-0.0029352182
159,0.008993833,0.4681,-0.0026096755,0.19182107,-0.023964407,0.10124415,-0.0015427917,0.24065827,0.008309323,0.11482154,-0.033048473,0.18367988,0.005074501,0.00828937,0.006950439,0.11279434,-0.10346922,0.13161889,-0.0039464077,0.032512225,-0.011827968,0.17840657,-0.12340387,0.07010071,-0.017858878,0.15558389,-0.033909682,0.1953518,-0.08789766,0.019418793,-0.030644158,0.4705657,-0.046774242,0.21868068,-0.0731119,-0.0050112545
160,0.010353533,0.46953526,-0.0026838193,0.1915156,-0.022849971,0.101945035,-0.0014536724,0.24409732,0.008132996,0.111562155,-0.03262649,0.18476664,0.004873442,0.0072911484,0.0067436444,0.11356111,-0.10663781,0.131201,-0.004459637,0.03232108,-0.012416033,0.18235289,-0.12525712,0.06968265,-0.018218677,0.15568334,-0.034424677,0.19963168,-0.086868495,0.020273115,-0.030601045,0.4694027,-0.046966545,0.22386219,-0.07161912,-0.0016366726
161,0.006192554,0.47231412,-0.005101834,0.19195496,-0.023280855,0.09872671,-0.004070593,0.24165547,0.007193483,0.115505695,-0.03245453,0.18499169,0.003993907,0.0045830193,0.005786425,0.1111743,-0.102056675,0.1333667,-0.0050831256,0.033182483,-0.013200117,0.17643505,-0.122580126,0.07113754,-0.01940727,0.15808263,-0.03588473,0.19329749,-0.08752062,0.020713214,-0.0327311,0.47460023,-0.050110523,0.21637422,-0.072693005,-0.00041481812
162,0.007897075,0.47448507,-0.004057948,0.19222589,-0.02233075,0.10029968,-0.0028183712,0.2427614,0.00875258,0.11468847,-0.03141366,0.18908642,0.0057120896,0.005792599,0.0075062215,0.10860765,-0.10255518,0.13668334,-0.0035609426,0.033927135,-0.011567893,0.17566955,-0.12505414,0.07333302,-0.018210076,0.15821227,-0.03410951,0.19341439,-0.091218844,0.023099964,-0.031273324,0.47496864,-0.046336923,0.2167904,-0.07805772,0.006699524
163,0.013671844,0.47680295,-0.0026435782,0.19233629,-0.017752163,0.10514053,-0.00061885314,0.2528774,0.009005492,0.10635536,-0.028073063,0.19267203,0.0062036966,0.005669609,0.008027295,0.10486767,-0.10906113,0.13613442,-0.004047871,0.031922262,-0.012057214,0.18091637,-0.13329802,0.07031531,-0.019181361,0.15680073,-0.035282828,0.20109594,-0.097238705,0.018867062,-0.032192092,0.47166225,-0.047519993,0.22645189,-0.085837156,0.0005760335
164,0.012778537,0.47455436,-0.0015713763,0.19237405,-0.021311998,0.10596603,-3.4056262e-05,0.24707653,0.00915481,0.115205884,-0.030389706,0.18991935,0.006257422,0.00799022,0.008074409,0.10533308,-0.102812976,0.1366755,-0.0033031618,0.032033723,-0.011250825,0.17480238,-0.12849605,0.07083373,-0.01857803,0.15885255,-0.034573607,0.19411764,-0.095995106,0.016465122,-0.032205842,0.47788566,-0.04712693,0.21824433,-0.08424341,-0.008049549
165,0.013822694,0.47670266,-0.0011161529,0.19138056,-0.02674503,0.10518341,-0.000397784,0.24777785,0.009011666,0.121660106,-0.034879446,0.18914026,0.005729127,0.007797719,0.00748664,0.11208503,-0.10176608,0.1376723,-0.0032565906,0.033015378,-0.011229544,0.1773238,-0.124317616,0.07378895,-0.017641855,0.15959737,-0.033611737,0.19541998,-0.09017873,0.020920767,-0.030566413,0.47823292,-0.04497592,0.21985154,-0.078114785,-0.00091712933
166,0.0067820707,0.48576346,-0.008680563,0.19149016,-0.025080455,0.09659889,-0.008135818,0.25371376,0.0046385755,0.120338164,-0.033687975,0.1907319,0.0013293687,-0.0032546981,0.0028408978,0.11087951,-0.10167926,0.13849732,-0.0080705555,0.03495526,-0.01666407,0.17707182,-0.124250226,0.07344103,-0.02312255,0.16313036,-0.040613182,0.19534113,-0.08969785,0.021695293,-0.03742928,0.48153067,-0.057819914,0.21988086,-0.077649266,0.003105994
167,0.011890331,0.4904316,-0.008812263,0.19243288,-0.021343451,0.09848822,-0.007693794,0.26527688,0.003890967,0.11124482,-0.031111097,0.19496587,0.0006915622,-0.0055298847,0.0020774629,0.11138239,-0.111067034,0.13717975,-0.00988116,0.03457988,-0.018583523,0.18783449,-0.1319499,0.071267724,-0.024710214,0.16172084,-0.042561706,0.20796339,-0.09139626,0.021869063,-0.038169954,0.47534457,-0.059717424,0.23520897,-0.08132777,0.0069243535
168,0.011080394,0.48925138,-0.00829783,0.19058126,-0.026812654,0.0973121,-0.008008657,0.26064575,0.003811722,0.118384436,-0.035783917,0.19192582,0.00022853343,-0.0040701544,0.0015509644,0.11617853,-0.10715569,0.13732727,-0.009589058,0.035004843,-0.01827633,0.18589649,-0.12621184,0.07334008,-0.023854565,0.16346604,-0.041871652,0.20440708,-0.08616853,0.02305021,-0.037397236,0.47965494,-0.05926639,0.2308375,-0.07441102,0.004019725
169,0.015662787,0.4857761,-0.0028346507,0.18945955,-0.033041462,0.10044172,-0.003201008,0.25290707,0.007458035,0.12510085,-0.040795654,0.19126184,0.0035710614,0.0058234357,0.0048986427,0.12243339,-0.106218375,0.13842607,-0.0055574467,0.035530176,-0.013676094,0.18779542,-0.12325635,0.07709584,-0.018558394,0.162062,-0.035088707,0.20532405,-0.08284559,0.027206032,-0.030308496,0.4788715,-0.046492975,0.23189063,-0.07182543,0.008541473
170,0.015370436,0.48623577,-0.0029902726,0.19004452,-0.03357043,0.10094797,-0.003439017,0.25312084,0.0069426084,0.12746245,-0.041069187,0.19044511,0.0030724201,0.005644714,0.0043652477,0.12255412,-0.10433302,0.13850984,-0.0058546145,0.03430847,-0.0140311755,0.18616353,-0.12159985,0.07713397,-0.0188891,0.16266325,-0.035845023,0.20342341,-0.08199057,0.025426121,-0.031169465,0.48124176,-0.04840376,0.22966708,-0.07098551,0.0026185042
171,0.012055357,0.48410186,-0.004035806,0.18969598,-0.03633702,0.09974917,-0.0049697272,0.24828242,0.005361556,0.13374154,-0.0431203,0.1862216,0.0013376283,0.005231362,0.0025587627,0.12377308,-0.09932119,0.1374946,-0.006967591,0.033725545,-0.015236146,0.18152942,-0.11670732,0.07686965,-0.019985408,0.16423436,-0.037505113,0.19761221,-0.07975257,0.02297395,-0.033169497,0.48618305,-0.052234925,0.22268116,-0.06882717,-0.005583113
172,0.011386523,0.48051623,-0.0033575543,0.18960042,-0.036447614,0.10149582,-0.004272585,0.24447227,0.0048548477,0.13575986,-0.0428527,0.18334469,0.00090878736,0.007147598,0.0021165246,0.12117306,-0.096605256,0.13601051,-0.007254812,0.033111967,-0.0154803,0.17726496,-0.11659955,0.07424604,-0.020744393,0.16555746,-0.038186915,0.19370674,-0.08321638,0.017268982,-0.034526385,0.49060503,-0.05310626,0.21814995,-0.07363873,-0.015498981
173,0.014455644,0.48273915,-0.0014899613,0.19125192,-0.02920839,0.107364625,-0.0011748056,0.24908233,0.0075192014,0.12920153,-0.036287248,0.19201463,0.004400786,0.0090300925,0.005745909,0.109418735,-0.09592873,0.14311434,-0.0042424486,0.032711398,-0.012246178,0.17055833,-0.12272477,0.077577785,-0.019132856,0.16445617,-0.035341915,0.18926348,-0.09466353,0.019670293,-0.03306384,0.4911992,-0.046953265,0.21311851,-0.08785479,-0.003822588
174,0.02181056,0.48471746,-0.0007211752,0.19080688,-0.025340796,0.111378014,0.00022041227,0.26470265,0.006345451,0.11713381,-0.034527235,0.19261637,0.0031592718,0.0056688758,0.004552271,0.11320481,-0.107215434,0.13891836,-0.00645601,0.031382114,-0.014691065,0.18486737,-0.12731563,0.07498317,-0.020311896,0.16398714,-0.03719562,0.2036629,-0.087314665,0.02305367,-0.03248517,0.485547,-0.047773916,0.23020113,-0.07879051,0.0071772886
175,0.013580073,0.48338008,-0.003705833,0.19158849,-0.026198661,0.10776508,-0.0030540065,0.25280955,0.0049687363,0.12543933,-0.0347805,0.190123,0.0018935073,0.0043087737,0.0031367282,0.11231028,-0.09944087,0.140105,-0.0070268684,0.03327627,-0.015421483,0.17716947,-0.11977499,0.07727465,-0.021021342,0.16839051,-0.03841865,0.19413134,-0.082320206,0.024886737,-0.03417324,0.4951659,-0.051345102,0.21879657,-0.0721209,0.006375474
176,0.011861611,0.47691277,-0.0026993789,0.19362919,-0.022807932,0.11014696,-0.0014494314,0.24412806,0.005536385,0.12285613,-0.031784337,0.18960045,0.0028040325,0.008965935,0.004020649,0.10912592,-0.100508995,0.1381776,-0.00647855,0.033099465,-0.014642875,0.17735888,-0.122108065,0.07508065,-0.020560468,0.16753723,-0.037680734,0.19514552,-0.084062725,0.02194429,-0.033498503,0.4950556,-0.049947374,0.2202472,-0.0741895,-0.0010542438
177,0.011260911,0.47719452,-0.003889065,0.19455992,-0.019831026,0.10995175,-0.0022376028,0.24579324,0.004773594,0.118275225,-0.029671406,0.19065392,0.0021854604,0.007583829,0.0033204218,0.10806948,-0.103692874,0.13700308,-0.0076360153,0.033315092,-0.015905233,0.18063854,-0.124796145,0.07342401,-0.02178579,0.16823778,-0.039280538,0.19913478,-0.08414839,0.02081865,-0.034673944,0.4949463,-0.052376237,0.22514975,-0.07437556,-0.0024528555
178,0.010539246,0.47930074,-0.0054652635,0.1953429,-0.018731117,0.10878041,-0.00372636,0.24834,0.003648198,0.11710813,-0.028873539,0.19118826,0.001098736,0.00506072,0.00209281,0.10827583,-0.10479716,0.13651966,-0.008990203,0.033991408,-0.017421762,0.18234184,-0.12523942,0.07274582,-0.02314649,0.16989438,-0.041037224,0.20099859,-0.083215415,0.020624593,-0.036122832,0.496502,-0.05513017,0.22746195,-0.07388944,-0.0019885027
179,0.012518465,0.47601908,-0.0029761754,0.19569747,-0.021123927,0.11212949,-0.0014678125,0.24564397,0.0041225203,0.12217986,-0.030433955,0.18808077,0.0014983384,0.008376396,0.0024696044,0.10952686,-0.10208598,0.13514653,-0.008193401,0.03361069,-0.016490337,0.18032072,-0.12283641,0.07168946,-0.022146972,0.1711489,-0.039646972,0.1984944,-0.08245608,0.017696602,-0.03492672,0.5002076,-0.052107684,0.22452988,-0.073798046,-0.009023354
180,0.007704561,0.47444472,-0.004864355,0.19551465,-0.021623256,0.10929084,-0.0035427473,0.23748259,0.0030154837,0.1230326,-0.030673241,0.18700342,0.00034616236,0.0085749915,0.0011147201,0.10896871,-0.10140344,0.13403144,-0.009532119,0.03514572,-0.017819429,0.17928301,-0.12291153,0.07052378,-0.02362962,0.17170706,-0.04107492,0.19759591,-0.08364797,0.017216198,-0.036514837,0.5011748,-0.054105133,0.22354056,-0.07587606,-0.0069747055
181,0.0050004404,0.47501394,-0.00505474,0.19637677,-0.016360572,0.11001859,-0.0029168758,0.2301645,0.0054397583,0.11601395,-0.02609962,0.19563147,0.0032919121,0.012016737,0.0039856485,0.10100574,-0.10365442,0.13948351,-0.007431854,0.03730629,-0.015342834,0.17733957,-0.12993461,0.07372899,-0.022371791,0.16930683,-0.03822302,0.19782893,-0.09350361,0.023164654,-0.03451914,0.4976665,-0.047220804,0.2241385,-0.08874842,0.014930001
182,0.004827395,0.47120485,-0.0028885086,0.19616109,-0.019712115,0.11233224,-0.0011550386,0.22237042,0.0064240736,0.12075253,-0.028739095,0.19465369,0.0041048094,0.0171765,0.004795466,0.10491957,-0.10199004,0.13994074,-0.006122605,0.036757343,-0.013698867,0.1776986,-0.12634963,0.07651998,-0.02016821,0.1668679,-0.035649806,0.19707729,-0.08924952,0.026437277,-0.031691805,0.49564892,-0.04324768,0.22299263,-0.08405179,0.014744406
183,0.0049732914,0.46947536,-0.0025728312,0.19567412,-0.02213938,0.113988854,-0.0012053521,0.222048,0.0050147353,0.1241281,-0.030809741,0.1914565,0.002475593,0.01771438,0.0032373392,0.10796976,-0.10059851,0.13836195,-0.007337651,0.03363103,-0.014951762,0.1779236,-0.12327557,0.07607802,-0.02097142,0.16555786,-0.037633087,0.19641176,-0.085374236,0.022937547,-0.033393856,0.49577752,-0.04875047,0.22204192,-0.07926193,-0.0025039501
184,0.0040574335,0.46772522,-0.00423694,0.19472145,-0.019799953,0.11338702,-0.0026095405,0.22327864,0.0028757008,0.11770722,-0.029975899,0.1894846,0.0002476636,0.016043596,0.0009027268,0.10870052,-0.10532516,0.13415866,-0.010214315,0.032593407,-0.017978244,0.18312436,-0.12620194,0.07193628,-0.023731792,0.16539976,-0.04138504,0.2021224,-0.08445273,0.018536784,-0.0364134,0.4944217,-0.05539535,0.2288185,-0.07784302,-0.0130981775
185,0.014494123,0.47279727,0.00017587829,0.19543259,-0.022434626,0.12004088,0.001647492,0.23793247,0.0052088555,0.11983567,-0.032478064,0.19318053,0.002420532,0.017822852,0.0033426192,0.11490128,-0.107323684,0.13812976,-0.00745262,0.029810622,-0.01502937,0.18872927,-0.124648616,0.07755152,-0.019772545,0.16264424,-0.037028946,0.20712306,-0.07925925,0.024984932,-0.031110385,0.48975343,-0.047255334,0.23472872,-0.07261362,-0.004923346
186,0.012958107,0.48622307,-0.0022488364,0.19856818,-0.027429592,0.116749465,-0.0016581282,0.2434879,0.005245535,0.13572085,-0.035048094,0.19791432,0.0024757995,0.012214625,0.0032732338,0.117778346,-0.09660324,0.14787985,-0.005964155,0.03107743,-0.013762409,0.18041289,-0.11382905,0.088531435,-0.018004563,0.16651118,-0.035438612,0.1964682,-0.073525116,0.036099512,-0.029982843,0.49743393,-0.045181856,0.2221636,-0.06874757,0.013543627
187,0.014234475,0.4814931,-0.00012084807,0.1986185,-0.022501593,0.12130713,0.0013770473,0.23912841,0.0070923604,0.12818371,-0.030896563,0.20263863,0.0048268526,0.01842409,0.005619081,0.10932997,-0.10068959,0.14925195,-0.004674418,0.029722992,-0.01206367,0.18062931,-0.12409739,0.08667225,-0.017754927,0.1625387,-0.03489318,0.20080687,-0.085676,0.030207103,-0.030180706,0.49360794,-0.045078866,0.2285643,-0.08307673,-0.0012611859
188,0.007911166,0.4891683,-0.007821849,0.19919139,-0.01264723,0.114576325,-0.005181266,0.24510576,0.004040488,0.11489898,-0.022938292,0.21046773,0.002484389,0.010509686,0.002824685,0.09575349,-0.10561224,0.1510519,-0.009132325,0.032143593,-0.016789041,0.17933775,-0.13702597,0.08286444,-0.024535816,0.16359435,-0.042713318,0.20470557,-0.10108278,0.02406562,-0.03898818,0.49385723,-0.059832443,0.23474446,-0.10095275,-0.011885697
189,0.008849521,0.4945511,-0.01078135,0.19826382,-0.010920883,0.11179008,-0.008033811,0.25542888,0.0020776952,0.1087898,-0.022350082,0.21300858,0.00047749642,0.005104242,0.000616197,0.096764,-0.110977754,0.15081841,-0.011870458,0.03365494,-0.019730093,0.18559185,-0.14062668,0.08272153,-0.02707812,0.16383463,-0.04595416,0.21197987,-0.10025412,0.02634927,-0.041234836,0.4909533,-0.06528542,0.24382757,-0.09996573,-0.008298793
190,0.010351601,0.48862273,-0.0072352593,0.19597487,-0.018122008,0.116916634,-0.0054349154,0.24870855,0.0016288536,0.121047765,-0.028036082,0.20561707,-0.00042155836,0.008615325,-0.00030902063,0.09855507,-0.10370215,0.14757964,-0.011924046,0.032355573,-0.019730195,0.17897075,-0.13667089,0.077497534,-0.02754545,0.16702741,-0.045767646,0.20550399,-0.10323982,0.016918715,-0.04215103,0.49850354,-0.06268818,0.23706584,-0.10622045,-0.0146418065
191,0.01770423,0.48576328,-0.0005055633,0.19636275,-0.022333361,0.12716421,0.001013492,0.24790868,0.004018179,0.12926874,-0.030830383,0.20368516,0.0018895443,0.0148177855,0.002117561,0.09977808,-0.099374495,0.14810859,-0.008878645,0.0295877,-0.016380839,0.17536958,-0.13426305,0.07697975,-0.024387375,0.16685691,-0.0411496,0.20190784,-0.104707204,0.014403046,-0.038197115,0.50097066,-0.052304175,0.2332297,-0.10960687,-0.011970827
192,0.022560019,0.48165098,0.0041347174,0.19731013,-0.024698509,0.13433492,0.00554894,0.24844502,0.0050582346,0.13521774,-0.03201231,0.19967479,0.0029335662,0.018487731,0.0033573539,0.09950283,-0.09589825,0.14627619,-0.007264198,0.02750302,-0.014624686,0.17188282,-0.13290453,0.07380956,-0.022965059,0.16802253,-0.038801,0.19857726,-0.106774755,0.008493519,-0.036495294,0.5049293,-0.04663648,0.22957607,-0.112991825,-0.01971318
193,0.013032726,0.47434855,-1.7053972e-05,0.19540296,-0.024804335,0.12874882,0.001125842,0.23287848,0.00029109913,0.13440317,-0.03347351,0.19057937,-0.002204007,0.018880658,-0.0023901588,0.10261049,-0.09625708,0.13698424,-0.012937566,0.031714942,-0.020304767,0.17369834,-0.13005967,0.067037255,-0.027986655,0.17033322,-0.043745015,0.19941022,-0.101620466,0.0065189246,-0.040716823,0.50680906,-0.05280686,0.23069742,-0.10721872,-0.014044356
194,0.00695113,0.4672084,-0.0021060945,0.19325155,-0.026674917,0.1257264,-0.0013905658,0.21993758,-0.0028505384,0.13431972,-0.036909424,0.1844232,-0.0059039355,0.021836497,-0.0065928344,0.11022442,-0.09871248,0.13038972,-0.01692988,0.03612474,-0.02407061,0.18004842,-0.1268631,0.0648916,-0.030389192,0.16982237,-0.045368526,0.20456922,-0.093774125,0.012525577,-0.040905148,0.50356543,-0.051882967,0.23694678,-0.09990094,0.009821326
195,0.002989606,0.46983436,-0.005081806,0.19366471,-0.029581778,0.12171753,-0.0049735075,0.21794094,-0.0050989245,0.14136924,-0.03916173,0.18294783,-0.008364949,0.018132519,-0.009324447,0.114777245,-0.0947246,0.13105951,-0.018893665,0.037635192,-0.026295293,0.17910181,-0.11975462,0.067786925,-0.031715572,0.17171891,-0.047402937,0.20189685,-0.08529766,0.01780119,-0.042358562,0.5061359,-0.056099594,0.23379344,-0.088788465,0.018889692
196,0.004035046,0.47421136,-0.008924544,0.193854,-0.01964837,0.12092498,-0.0074990722,0.23207706,-0.0070392215,0.12446051,-0.032312978,0.18876378,-0.009828751,0.011718866,-0.010701244,0.10597572,-0.102380365,0.13100196,-0.021897253,0.033162266,-0.029652093,0.18220437,-0.13067222,0.06277872,-0.036259573,0.16892503,-0.053672213,0.20799847,-0.09548766,0.007934257,-0.048862487,0.50059026,-0.06784807,0.24151017,-0.103058346,2.036104e-05
197,0.021905703,0.4858935,-0.0011812698,0.19580834,-0.020104937,0.13427806,0.00061150943,0.2603344,-0.0011776163,0.12608294,-0.032108188,0.20097758,-0.0036789174,0.012844643,-0.0040137903,0.106397815,-0.10191725,0.14348494,-0.014993406,0.025278337,-0.022531668,0.18252464,-0.12995139,0.07425784,-0.028991235,0.16313276,-0.04603991,0.20849422,-0.094207466,0.015526672,-0.04118186,0.49506968,-0.05566099,0.24260157,-0.10157262,0.0027357927
198,0.037098695,0.5023758,0.0064632,0.19542077,-0.0355264,0.14441635,0.006273469,0.28197658,0.0031941952,0.15464997,-0.04480284,0.20527388,-0.00015699041,0.012507958,-0.00016301703,0.12910928,-0.09111984,0.1567107,-0.00794351,0.020355089,-0.015378509,0.18492408,-0.10722718,0.09582572,-0.018054606,0.16151579,-0.035511106,0.20484945,-0.06831152,0.037548237,-0.028526513,0.49539623,-0.03947286,0.23828293,-0.07501158,0.021534493
199,0.033609997,0.4880901,0.014516405,0.1936132,-0.04316635,0.15400045,0.013555851,0.24828358,0.0050906735,0.16881596,-0.0512631,0.19858007,0.0013102811,0.032796793,0.0010087851,0.13830402,-0.08559095,0.15397409,-0.005371546,0.020285595,-0.011991099,0.1846249,-0.098427266,0.09856006,-0.013382864,0.15143198,-0.02997818,0.20279601,-0.05976061,0.038419966,-0.022503044,0.4874784,-0.033527907,0.23632081,-0.06568086,-0.0021294958
200,0.024728544,0.5016317,0.0059795943,0.196655,-0.040983055,0.14225002,0.004939342,0.24364914,0.0035005999,0.17117135,-0.049115557,0.20607017,0.00016979851,0.02527913,-0.0007457022,0.1357104,-0.08135642,0.16068271,-0.0067145587,0.023037639,-0.013547417,0.18009445,-0.09545519,0.10518375,-0.01499037,0.15422963,-0.032341026,0.1983607,-0.05908178,0.045051485,-0.025113286,0.49165687,-0.039382342,0.23159128,-0.06543733,0.0017880795
201,0.023453679,0.50145525,0.0033731489,0.19808522,-0.03164037,0.14051175,0.0036726072,0.2442674,0.0038476028,0.15289405,-0.042544726,0.21212955,0.0011125166,0.023980085,0.00015976524,0.12654947,-0.0903681,0.16020362,-0.007687867,0.021142494,-0.014577865,0.18481115,-0.10772474,0.101003006,-0.017307226,0.15364751,-0.035421602,0.20703407,-0.066521026,0.038983032,-0.028200047,0.4902776,-0.045592815,0.24207397,-0.068590134,-0.011105964
202,0.008836563,0.50808054,-0.0040752776,0.20246527,-0.028016668,0.13256525,-0.0035597077,0.22882003,0.0021089949,0.15866683,-0.037180644,0.21856692,0.00031867373,0.019760264,-0.0014983101,0.11369919,-0.08141732,0.16661377,-0.0090896925,0.026616884,-0.016101405,0.17052254,-0.10996332,0.10284769,-0.020955957,0.158017,-0.038722865,0.19615567,-0.08202649,0.03787649,-0.033976894,0.4976584,-0.050763704,0.23104972,-0.09074362,-0.0046501416
203,0.0075770547,0.50832903,-0.0076760724,0.20386866,-0.018915629,0.1306794,-0.005878491,0.23471643,0.00078887603,0.14355421,-0.030087436,0.2230817,-0.00026052882,0.014431549,-0.0023385563,0.104889825,-0.089212514,0.16575597,-0.0114264395,0.028513547,-0.018668126,0.17450054,-0.12063919,0.09891683,-0.024488393,0.16047765,-0.042426124,0.20331883,-0.08914622,0.03592528,-0.037436962,0.4977987,-0.05553916,0.23979075,-0.097427,-0.0023765734
204,0.00887129,0.5055689,-0.0065859533,0.20334648,-0.017677391,0.13283765,-0.004534186,0.23411779,0.0012301675,0.14037076,-0.029401112,0.22359051,0.00027342114,0.015331267,-0.0018268714,0.10384116,-0.09170095,0.16500334,-0.011274997,0.029094366,-0.018531976,0.17670272,-0.12344533,0.09738684,-0.024481548,0.16227226,-0.04220264,0.20633179,-0.09016179,0.03475379,-0.036982935,0.49954563,-0.05388479,0.24343146,-0.098258145,-0.0011569395
205,0.00591284,0.5047104,-0.0061403485,0.20324147,-0.021689124,0.13294683,-0.004715469,0.22567947,0.0014733772,0.14977904,-0.032134738,0.22268264,0.00033884766,0.017124316,-0.0019063065,0.1052806,-0.085766256,0.16654073,-0.010591899,0.031009031,-0.017830575,0.17173582,-0.11892124,0.09883733,-0.023850964,0.16572338,-0.041239843,0.20074697,-0.089985654,0.03458252,-0.03667263,0.50611657,-0.051653747,0.23719752,-0.09986561,0.00085001095
206,0.008229782,0.49848464,-0.0030065756,0.20196848,-0.021040548,0.13682035,-0.0013191844,0.22135477,0.0030221865,0.1458748,-0.0321511,0.22211634,0.0018709832,0.022150762,-0.00028345297,0.1053304,-0.08963553,0.16470346,-0.009388172,0.030486755,-0.016441086,0.1755984,-0.122572415,0.096769676,-0.022470688,0.16541448,-0.03937352,0.2054911,-0.09122672,0.032500513,-0.034425106,0.50520897,-0.047107313,0.24287885,-0.10127122,-0.0004401431
207,0.0072183744,0.49667427,-0.003066649,0.2026816,-0.020694418,0.13763355,-0.0013206344,0.21999921,0.0024289438,0.14648202,-0.031654872,0.2206689,0.0013500382,0.021816283,-0.000797414,0.10449351,-0.08884756,0.16357952,-0.009883628,0.030014168,-0.017030861,0.17460498,-0.12235025,0.095164634,-0.023181519,0.16716592,-0.040357154,0.2045634,-0.0915557,0.029916178,-0.03553649,0.50829625,-0.04861621,0.2418452,-0.10191307,-0.0037262272
208,0.0024346786,0.50487065,-0.010570539,0.20399852,-0.01758143,0.12892945,-0.008718367,0.22901803,-0.0018551834,0.14443053,-0.02904682,0.22110754,-0.0027341654,0.011048764,-0.005257895,0.10163151,-0.088050514,0.16292432,-0.0145350145,0.032715596,-0.022234913,0.17275158,-0.1219757,0.093556486,-0.028596548,0.17245668,-0.047098506,0.2026532,-0.09138391,0.028754905,-0.042339183,0.5148153,-0.060859673,0.2396009,-0.1016108,-0.0057194796
209,0.004631601,0.5065329,-0.014771462,0.204843,-0.009464836,0.12494864,-0.011827469,0.24377169,-0.0048653623,0.12699157,-0.02425815,0.22096129,-0.005465522,0.0031180088,-0.008193272,0.10257198,-0.09954946,0.15726013,-0.018746998,0.03384966,-0.02687944,0.18499973,-0.12653829,0.0896697,-0.03216844,0.17485021,-0.051851977,0.21440469,-0.083666615,0.030423744,-0.04482555,0.5133936,-0.06806843,0.2528691,-0.09151033,-0.003693364
210,0.0013985028,0.49666244,-0.011618737,0.20314823,-0.013187492,0.12907061,-0.009119329,0.2271344,-0.0046352064,0.13405615,-0.027762145,0.21315065,-0.0055390326,0.009606928,-0.008291246,0.10477175,-0.093916535,0.1527753,-0.018040186,0.032068618,-0.026053144,0.18016924,-0.12078123,0.08605408,-0.031200185,0.17797095,-0.05057024,0.20808725,-0.08108497,0.024168322,-0.043957077,0.52143186,-0.06423005,0.24553323,-0.08913252,-0.009092451
211,0.0084465025,0.48831213,-0.0028653159,0.20421277,-0.017516017,0.1413856,-0.00058209867,0.22148636,-0.0013966382,0.14064538,-0.03080401,0.20907792,-0.0024474922,0.019694297,-0.0049610464,0.10942752,-0.0918039,0.1510341,-0.0140282875,0.028615678,-0.02160376,0.18059821,-0.11708995,0.085756525,-0.026137441,0.17709863,-0.04395477,0.20743737,-0.07755078,0.022885209,-0.037154365,0.5227139,-0.049931433,0.24478899,-0.08664851,-0.007256026
212,0.0057502696,0.4858549,-0.0012600613,0.2064793,-0.01830062,0.14478265,0.0010000451,0.21199831,-0.00066500646,0.14755657,-0.029940287,0.20827451,-0.0014270442,0.02266026,-0.004050108,0.105421185,-0.0854183,0.15243362,-0.012594248,0.029711245,-0.02007168,0.17257416,-0.11477003,0.08580284,-0.025366254,0.1800493,-0.042075742,0.19943754,-0.08155216,0.021904213,-0.036472406,0.52987766,-0.044942323,0.23561662,-0.0922452,-0.0013327994
213,0.0046295202,0.48861262,-0.003929767,0.20587449,-0.016562384,0.14161769,-0.001534279,0.21478584,-0.0018677725,0.14484963,-0.029234309,0.20917492,-0.002619462,0.018761989,-0.0054546557,0.10426758,-0.08646969,0.15221797,-0.01421478,0.031444047,-0.021907046,0.17301321,-0.11604458,0.08473316,-0.027328461,0.18311578,-0.04421441,0.20025961,-0.082618386,0.021857772,-0.038538847,0.53308487,-0.04767082,0.23676372,-0.09412921,0.004205767
214,0.008624989,0.49529064,-0.007547615,0.2034476,-0.013005231,0.13754587,-0.0047800755,0.23295265,-0.003300773,0.13544989,-0.028746134,0.21168242,-0.0042049894,0.009731429,-0.0069822674,0.10526999,-0.09277025,0.15207152,-0.0164287,0.030573582,-0.02460058,0.17958401,-0.1196032,0.0837865,-0.029642722,0.18572548,-0.047938578,0.20740646,-0.08093038,0.02165562,-0.041227777,0.53353894,-0.054015107,0.24536178,-0.092632584,0.006208716
215,0.009368031,0.500061,-0.008704796,0.20367728,-0.019189786,0.13630956,-0.0069939448,0.23905799,-0.005779692,0.14815263,-0.033532277,0.20674978,-0.007183976,0.0050172037,-0.010037572,0.112891406,-0.08579017,0.15125132,-0.018210389,0.029301006,-0.026745198,0.1771702,-0.10844167,0.08543726,-0.030540958,0.19016697,-0.050497033,0.20190533,-0.06922904,0.02099878,-0.043224927,0.5417855,-0.060846746,0.2385496,-0.07817426,-0.006929764
216,0.012894012,0.5007019,-0.0066855615,0.20460242,-0.021463128,0.13909191,-0.0052221287,0.24168342,-0.005438849,0.15145506,-0.03515052,0.2062108,-0.0069782105,0.007282323,-0.009850471,0.116354555,-0.0857421,0.15108256,-0.017768968,0.028606033,-0.026198216,0.17930394,-0.10682037,0.086070955,-0.029494012,0.19000153,-0.049151648,0.2036597,-0.066327564,0.021299798,-0.04145555,0.541808,-0.05756053,0.2407241,-0.076362684,-0.008251519
217,0.00852149,0.50229347,-0.008575269,0.2055527,-0.021458246,0.1361031,-0.0072052386,0.23464026,-0.0058486853,0.15345596,-0.03437769,0.20823298,-0.007235512,0.008746831,-0.010257075,0.11375904,-0.08417892,0.15315843,-0.018145826,0.0314648,-0.026446197,0.17668664,-0.10815211,0.0871465,-0.030271372,0.19023328,-0.049178082,0.20192751,-0.070725806,0.023131587,-0.04202822,0.54250646,-0.056541983,0.23889394,-0.08239333,-0.0006344861
218,0.009128862,0.50129616,-0.0073617706,0.2047716,-0.023309216,0.13713104,-0.0062351255,0.23193087,-0.005557487,0.15493926,-0.035739496,0.20765948,-0.0071061156,0.011879932,-0.010165244,0.11485249,-0.08480566,0.1525562,-0.01805515,0.031985193,-0.02617998,0.17781423,-0.10929782,0.086406976,-0.030031133,0.18959127,-0.048376884,0.2035746,-0.07231182,0.022004226,-0.04122513,0.54169,-0.054021653,0.24102442,-0.085443,-0.0016915157
219,0.006700462,0.5013898,-0.013032307,0.20345329,-0.0192109,0.1297303,-0.011562111,0.23915178,-0.009593807,0.14510372,-0.03376376,0.2056003,-0.011218725,0.004899985,-0.014473739,0.11321027,-0.09105691,0.14708257,-0.02337781,0.03339396,-0.031918343,0.1830632,-0.11480631,0.079461925,-0.035910297,0.19226246,-0.055710834,0.21012571,-0.073920175,0.015289534,-0.047910877,0.54225767,-0.066861026,0.24894148,-0.0877387,-0.012409503
220,0.013875364,0.5051119,-0.010465775,0.20424673,-0.020065047,0.13408794,-0.008987282,0.24990793,-0.008386144,0.146504,-0.03398758,0.20849031,-0.009966868,0.005260719,-0.013161837,0.11242449,-0.09109835,0.14983231,-0.022096952,0.031406082,-0.030545363,0.18287823,-0.11680124,0.0804319,-0.03486755,0.19182707,-0.054028958,0.21087089,-0.07738825,0.0142531935,-0.046530887,0.5425477,-0.06257046,0.24999817,-0.09230901,-0.013057165
221,0.014620839,0.5154773,-0.010551823,0.20575243,-0.018681187,0.13488704,-0.00883982,0.251799,-0.0050986027,0.15010598,-0.03118257,0.2205931,-0.006064274,0.0060332716,-0.00925184,0.102827236,-0.08603368,0.16236264,-0.018144399,0.031594444,-0.026352013,0.17322265,-0.12076983,0.08837374,-0.03261935,0.1905156,-0.050171245,0.20336129,-0.09020053,0.019985994,-0.04484224,0.5444479,-0.055068694,0.24126983,-0.105780095,0.004484734
222,0.012740597,0.50890595,-0.0064748195,0.20541991,-0.018202318,0.13664985,-0.0044662557,0.23059429,0.00032292603,0.1471834,-0.030174872,0.22856864,-0.00035591022,0.021738214,-0.0035771448,0.0993928,-0.08935306,0.16809502,-0.012951025,0.03196248,-0.020192964,0.17457318,-0.12783413,0.09371781,-0.027272686,0.18330199,-0.042724438,0.20688094,-0.098787226,0.024102598,-0.037948478,0.53633463,-0.040566053,0.2456837,-0.11748502,0.012347649
223,0.006808713,0.49984628,-0.002875868,0.20372277,-0.02612579,0.13801682,-0.0019812568,0.20415118,0.002694355,0.15860623,-0.037299957,0.22618571,0.0012739259,0.0353269,-0.0020237998,0.11085147,-0.08387234,0.16937588,-0.010003653,0.031444028,-0.016637636,0.17425907,-0.11516307,0.101406254,-0.022001322,0.1811003,-0.037927687,0.20208009,-0.08393113,0.02797442,-0.032498427,0.5380721,-0.036392104,0.23928802,-0.09858633,-0.007058413
224,0.007994772,0.49788606,-0.0064767655,0.19753984,-0.018904785,0.13376792,-0.0046842066,0.21312612,0.00057085964,0.13881432,-0.036096323,0.22526155,-0.0012226303,0.030312175,-0.004508518,0.11486724,-0.09651128,0.16342066,-0.01388181,0.032404076,-0.02085794,0.18767872,-0.11872915,0.09832533,-0.024901312,0.18311739,-0.04245197,0.21427932,-0.073040985,0.028781775,-0.034493517,0.53679794,-0.0449538,0.2529738,-0.08175538,-0.014843976
225,0.0040002125,0.49669838,-0.008468674,0.19598101,-0.017882876,0.13212447,-0.00662904,0.20910524,-0.0007718447,0.13833968,-0.03572215,0.2243195,-0.0025589003,0.028850071,-0.0060412833,0.11230423,-0.09531501,0.16258895,-0.015481435,0.033971474,-0.02259544,0.18521121,-0.1191541,0.09655095,-0.027067248,0.18583763,-0.044736966,0.21226525,-0.075379476,0.02677545,-0.037111927,0.5407331,-0.04826837,0.250863,-0.08475474,-0.014963472
226,0.00020618853,0.4974449,-0.0112404935,0.19560336,-0.015690055,0.12946557,-0.009209518,0.20727779,-0.0019083521,0.13642837,-0.034180548,0.22581859,-0.0035559242,0.026062695,-0.00744712,0.10954907,-0.09519378,0.16287866,-0.01708485,0.03734839,-0.024350675,0.18378142,-0.12023141,0.09616944,-0.029185448,0.18809813,-0.04670761,0.21130635,-0.077464886,0.028256394,-0.03927773,0.5429692,-0.05093842,0.24994971,-0.087760895,-0.008381756
227,0.003748472,0.5010555,-0.014489379,0.19471909,-0.012706521,0.12639475,-0.012173476,0.22328284,-0.0047647716,0.12839828,-0.03440453,0.22425239,-0.0067127766,0.017172305,-0.0106579345,0.1177744,-0.10114768,0.15966429,-0.020433892,0.03918828,-0.028250232,0.19350806,-0.11557885,0.097574726,-0.030919472,0.19055445,-0.04975167,0.217745,-0.061650988,0.036669284,-0.03975984,0.54238546,-0.055964015,0.2569542,-0.069776125,0.0028774303
228,0.0030958967,0.50025886,-0.016262127,0.19414452,-0.015933055,0.12521888,-0.014540469,0.22724943,-0.008469749,0.1335728,-0.037643123,0.21719086,-0.010835766,0.012499762,-0.014831997,0.1234485,-0.097818576,0.155618,-0.023787929,0.038167745,-0.03205879,0.19300994,-0.107762404,0.096058734,-0.033547886,0.19437869,-0.054152504,0.21444833,-0.052803066,0.034370687,-0.043328285,0.5491331,-0.06414717,0.25281087,-0.061035987,-0.004164568
229,0.005624476,0.4928482,-0.011842638,0.19396439,-0.02047011,0.13132884,-0.010581233,0.2219352,-0.008401234,0.1404179,-0.040956497,0.21073519,-0.01101922,0.01879124,-0.014859426,0.12663956,-0.09501858,0.15223354,-0.023154525,0.036015086,-0.03113183,0.19180742,-0.104813196,0.09361216,-0.032300327,0.19470891,-0.052330136,0.21261308,-0.0520861,0.02945028,-0.041572258,0.55201155,-0.058809496,0.25085402,-0.062234435,-0.008874297
230,0.0058022565,0.48910487,-0.009380203,0.19392027,-0.022475624,0.13463731,-0.008294299,0.21612631,-0.0074790805,0.14445226,-0.042199638,0.20922095,-0.010121179,0.02331024,-0.013911124,0.1262379,-0.09266865,0.15235122,-0.021872787,0.035574485,-0.029577065,0.18924539,-0.10429934,0.09355506,-0.030996619,0.19427794,-0.050133992,0.21030694,-0.05484863,0.028531494,-0.039847385,0.55269593,-0.05320331,0.24845904,-0.0669138,-0.0041147014
231,0.00540934,0.48829865,-0.01006043,0.19427904,-0.020948866,0.13427997,-0.008773302,0.21612619,-0.008051593,0.1423791,-0.04109547,0.20909955,-0.01061302,0.022770125,-0.014503549,0.12446617,-0.093563356,0.15128532,-0.022736508,0.035647266,-0.03048852,0.18923733,-0.10611588,0.09158994,-0.032202072,0.19507773,-0.051451758,0.2108912,-0.05680173,0.026259983,-0.041273728,0.5536049,-0.055040386,0.24929886,-0.06942956,-0.0054887426
232,0.008890359,0.48252705,-0.0037041055,0.19503182,-0.026026834,0.14263566,-0.0028496687,0.20967592,-0.0054921913,0.15234692,-0.043350555,0.20688437,-0.008006482,0.031849857,-0.01155512,0.12354796,-0.08802698,0.15323412,-0.019002363,0.03379594,-0.026184663,0.18341024,-0.10457766,0.093113706,-0.028422229,0.1935488,-0.045950383,0.2054049,-0.06207923,0.02458962,-0.036857832,0.5552901,-0.043362685,0.24314226,-0.07688541,-0.0049299384
233,0.004527883,0.47933462,-0.0065029995,0.19479018,-0.020423548,0.14033408,-0.0049431985,0.20499703,-0.0072721816,0.14457996,-0.03938832,0.2061347,-0.00949623,0.030581212,-0.013453423,0.116039515,-0.09002918,0.14980714,-0.021768028,0.035275068,-0.029057372,0.18130204,-0.11028914,0.087133765,-0.03246542,0.19585437,-0.05016557,0.20501316,-0.06930838,0.017803337,-0.041722093,0.5587861,-0.050035663,0.2428623,-0.084541,-0.012280916
234,0.005539252,0.47781232,-0.005992175,0.19452795,-0.015282015,0.1428762,-0.0036142548,0.20604157,-0.006099406,0.13636047,-0.036529664,0.20939459,-0.008071319,0.03127269,-0.01197845,0.11270854,-0.09350067,0.15085794,-0.020929607,0.034763567,-0.028086951,0.18275863,-0.11405137,0.08765107,-0.031839892,0.19409521,-0.048927028,0.20731205,-0.07147218,0.020381305,-0.04043297,0.55581266,-0.046326496,0.24573532,-0.08759746,-0.0018798583
235,0.006839631,0.48180473,-0.009888201,0.19309618,-0.012721954,0.13819769,-0.007340067,0.21771541,-0.008620129,0.13049321,-0.03666213,0.2083568,-0.010854051,0.023961838,-0.014744001,0.11563672,-0.09742605,0.14838181,-0.024027979,0.0340505,-0.031592723,0.18800496,-0.11403592,0.08574552,-0.034595788,0.19588259,-0.05297453,0.21213076,-0.06638325,0.020316042,-0.043304365,0.5557017,-0.053120006,0.25150087,-0.08267538,-0.0006965096
236,0.0059755305,0.48659614,-0.01148203,0.19664095,-0.016817477,0.1364466,-0.009628709,0.22052129,-0.0109097045,0.14297153,-0.037991736,0.20476449,-0.013099043,0.02061678,-0.017110594,0.11678728,-0.08901249,0.1489898,-0.025240349,0.03393425,-0.03303116,0.18142796,-0.10591607,0.08689348,-0.035741813,0.20049052,-0.0545198,0.2037372,-0.062401105,0.020254992,-0.04514441,0.56518584,-0.055828154,0.24156635,-0.07829799,-0.0034271246
237,0.012699707,0.48559636,-0.008973761,0.19791551,-0.018546317,0.13978194,-0.00724097,0.22949146,-0.011016254,0.14376417,-0.039874464,0.2018381,-0.013457416,0.02188543,-0.0172416,0.122521214,-0.09136877,0.14627543,-0.025269099,0.031918865,-0.032960657,0.18693702,-0.104374595,0.08565195,-0.03473094,0.20022967,-0.05334977,0.20859973,-0.056763932,0.019334357,-0.04297384,0.5641838,-0.052133758,0.24746436,-0.07445767,-0.0070405393
238,0.010291984,0.48716074,-0.010085665,0.2014628,-0.012532872,0.13991593,-0.007441028,0.22592528,-0.009969856,0.139365,-0.033562087,0.2080222,-0.011568681,0.022480104,-0.01555147,0.11187088,-0.09053589,0.15057117,-0.024138492,0.034076203,-0.031728193,0.1811426,-0.10988743,0.08666295,-0.03507714,0.20120423,-0.052495133,0.20479584,-0.06705376,0.021056896,-0.043381978,0.56698155,-0.048839804,0.24327163,-0.08661297,0.005492333
239,0.0142374635,0.48090145,-0.004747225,0.20217507,-0.012078896,0.14728044,-0.00174213,0.2212807,-0.006850391,0.1375837,-0.033107538,0.20973186,-0.008312438,0.030695597,-0.012153922,0.1117411,-0.0927428,0.15146793,-0.020953283,0.034619987,-0.028037228,0.18316858,-0.11243035,0.08791687,-0.031507414,0.19911675,-0.047092814,0.20747706,-0.06888344,0.023337275,-0.038025737,0.56472045,-0.036946673,0.24661027,-0.09011999,0.011963544
240,0.015821178,0.48663118,-0.005064317,0.20424667,-0.014773779,0.14727497,-0.0024995147,0.22641629,-0.0068452465,0.14449413,-0.03443423,0.21118864,-0.008326736,0.0278669,-0.012008704,0.114906386,-0.08870943,0.15514588,-0.020041846,0.033612706,-0.027341159,0.18146002,-0.10656286,0.092615224,-0.030154902,0.20102812,-0.046482418,0.20415686,-0.063433595,0.027176112,-0.037184007,0.5686272,-0.037253015,0.24243373,-0.08430683,0.013669641
241,0.018438037,0.49431425,-0.007477885,0.20859092,-0.015489205,0.14541557,-0.0051122354,0.23897731,-0.008815394,0.14959064,-0.033549137,0.21250466,-0.010065506,0.021846218,-0.013445145,0.11591821,-0.085538045,0.15789145,-0.021035971,0.029367685,-0.028751574,0.18032613,-0.10263459,0.09496029,-0.031153418,0.20193864,-0.049958315,0.2025009,-0.058762208,0.024630252,-0.040383928,0.5715137,-0.047648598,0.24054776,-0.07842415,-0.005351806
242,0.01698562,0.49739987,-0.008645811,0.21178061,-0.01098682,0.1450981,-0.005579035,0.23657155,-0.0070876167,0.1452076,-0.028526604,0.22189488,-0.007635456,0.023418233,-0.011208262,0.10717338,-0.086949214,0.16383646,-0.019609237,0.030161634,-0.0271558,0.17803687,-0.11054999,0.09709318,-0.031148948,0.19920766,-0.04946847,0.20351651,-0.069494285,0.025018532,-0.041045282,0.5681051,-0.04745578,0.24246815,-0.090464085,-0.002622441
243,0.014368834,0.500733,-0.009654564,0.21262895,-0.0092762085,0.1441782,-0.006351665,0.23124018,-0.0057837507,0.14471029,-0.025695145,0.22882666,-0.005871222,0.025249619,-0.009716548,0.099737115,-0.086451255,0.1689944,-0.018533073,0.032111235,-0.025908835,0.17421833,-0.11680945,0.09887668,-0.031370714,0.19778442,-0.048785616,0.20253426,-0.080635466,0.025998347,-0.041589648,0.5665395,-0.045596287,0.24191609,-0.10367662,0.0060812715
244,0.015002961,0.5061438,-0.012324944,0.21174599,-0.005671842,0.14122102,-0.008562759,0.23723769,-0.0060354224,0.138075,-0.022665607,0.23428263,-0.005806012,0.021982748,-0.009779679,0.09395714,-0.09045848,0.1713906,-0.019461526,0.03274087,-0.02696191,0.17532334,-0.12463823,0.09826646,-0.03340906,0.19772401,-0.051113095,0.20630777,-0.08875025,0.024824437,-0.04424083,0.5647496,-0.049533404,0.2468461,-0.11356054,0.008892899
245,0.013815324,0.50574464,-0.012278711,0.21097355,-0.007171645,0.1418924,-0.008765838,0.23434737,-0.0063813003,0.14040568,-0.023830952,0.23429903,-0.0062783994,0.022839066,-0.010324383,0.09457262,-0.08922143,0.17191006,-0.01984729,0.032259744,-0.027391778,0.17440131,-0.12366271,0.09867134,-0.033851877,0.19897561,-0.05243535,0.20530017,-0.08867005,0.022163719,-0.045682676,0.567329,-0.053603984,0.24577266,-0.11343413,-0.0013914191
246,0.018935071,0.5033205,-0.009667922,0.2090998,-0.00858672,0.14477922,-0.0062578786,0.23805042,-0.005961916,0.13809812,-0.025806462,0.23304003,-0.0061598993,0.025231635,-0.009996843,0.099280134,-0.09327569,0.17023575,-0.019633738,0.030547587,-0.027088368,0.18047953,-0.12416087,0.098455034,-0.032687947,0.19782819,-0.051659558,0.21111552,-0.08471277,0.021369312,-0.043813076,0.56445,-0.052002475,0.2526993,-0.110433646,-0.0063509974
247,0.019112073,0.50433135,-0.009530356,0.2091283,-0.009094789,0.14490668,-0.006196467,0.2373806,-0.0058362517,0.1388082,-0.026334282,0.23344035,-0.006083897,0.025589885,-0.009967555,0.10093289,-0.09320933,0.17083366,-0.019450922,0.030810975,-0.026907,0.1813105,-0.12257207,0.099976,-0.032134343,0.19817144,-0.051258318,0.21135078,-0.082278654,0.023399986,-0.043084133,0.5647194,-0.05130433,0.25305712,-0.10859113,-0.003167716
248,0.013035608,0.50832534,-0.011826123,0.2103723,-0.010347507,0.14244427,-0.008813325,0.22973068,-0.00661621,0.1457578,-0.026537253,0.23378162,-0.0067719873,0.024614211,-0.010982689,0.09949847,-0.08730781,0.1728151,-0.019873865,0.03303634,-0.027437337,0.17540574,-0.118574664,0.10151731,-0.032992277,0.2012791,-0.052088358,0.20482488,-0.08286764,0.02463765,-0.044667255,0.570704,-0.053016298,0.24554458,-0.10955876,0.0011746464
249,0.013253546,0.49762937,-0.0058146482,0.2102616,-0.010448536,0.15018947,-0.0025006523,0.21586666,-0.0037815354,0.14392798,-0.026918931,0.23116042,-0.0039261645,0.035258565,-0.007827935,0.10134158,-0.089865796,0.17057028,-0.016818438,0.030886289,-0.02388852,0.1787341,-0.119551726,0.10066145,-0.029115792,0.19798608,-0.047069766,0.20809595,-0.08140396,0.02372556,-0.039227076,0.5669886,-0.042389516,0.24948287,-0.10911794,-1.0288088e-05
250,0.009330415,0.5004861,-0.009774454,0.21219839,-0.0091668805,0.14513905,-0.006442247,0.21445303,-0.006141747,0.14398415,-0.025879156,0.23019181,-0.006209541,0.031770468,-0.0106176585,0.10215956,-0.08909419,0.16872355,-0.019512974,0.032918174,-0.026806954,0.1787144,-0.11683383,0.099808246,-0.031639215,0.20145905,-0.05052223,0.20702317,-0.07746788,0.023522515,-0.042289633,0.5714621,-0.049307343,0.24815446,-0.1052543,-0.003164389
