Epoch,Layer0_theta_1,Layer0_r,Layer0_theta_2,Layer0_bx,Layer0_bp,Layer0_gamma,Layer1_theta_1,Layer1_r,Layer1_theta_2,Layer1_bx,Layer1_bp,Layer1_gamma,Layer2_theta_1,Layer2_r,Layer2_theta_2,Layer2_bx,Layer2_bp,Layer2_gamma,Layer3_theta_1,Layer3_r,Layer3_theta_2,Layer3_bx,Layer3_bp,Layer3_gamma,Layer4_theta_1,Layer4_r,Layer4_theta_2,Layer4_bx,Layer4_bp,Layer4_gamma,Layer5_theta_1,Layer5_r,Layer5_theta_2,Layer5_bx,Layer5_bp,Layer5_gamma
1,0.056112796,0.07133841,0.05586406,0.06807682,-0.056314677,0.05972148,0.055738226,0.07048152,0.055562958,0.06945872,-0.05495395,0.05972148,0.05567007,0.059695464,0.056325123,0.06883508,-0.054158587,0.05972148,0.056402683,0.059403155,0.056488186,0.06718375,-0.053199105,0.05972148,0.05651979,0.05935881,0.056042224,0.06523841,-0.052491378,0.05972148,0.056020007,0.068545654,0.05545441,0.06394957,-0.0520611,0.05972148
2,0.026251892,0.1383291,0.025729988,0.12331836,-0.040351186,0.032668177,0.025287688,0.103577934,0.02604692,0.11627475,-0.03462173,0.03222957,0.026249787,0.034356613,0.028231692,0.0980826,-0.03139995,0.03206093,0.028705887,0.032263584,0.028948968,0.07719558,-0.027606621,0.03204062,0.029229684,0.03343077,0.027297722,0.061006635,-0.024365133,0.032116346,0.02732598,0.09353174,0.025230233,0.051864512,-0.022679498,0.032322276
3,0.04516799,0.18548225,0.04216735,0.15618081,-0.06378738,0.05241425,0.040127475,0.15265618,0.036769353,0.15585327,-0.05066635,0.049812205,0.035021767,0.050815053,0.03764203,0.13585919,-0.04350921,0.048846945,0.037137374,0.045497708,0.03779811,0.10819892,-0.036556035,0.04873374,0.03768251,0.041972067,0.03533189,0.08591195,-0.031707626,0.04918702,0.035305295,0.12367431,0.036145095,0.074422434,-0.029578865,0.050676696
4,0.030451212,0.21904609,0.034214012,0.1772959,-0.0678589,0.035621993,0.03230503,0.16586167,0.032427803,0.17692721,-0.05190965,0.03773502,0.03055293,0.044748496,0.034247186,0.15276378,-0.04279988,0.042230748,0.033932324,0.03754459,0.03447382,0.119431175,-0.034228835,0.041692335,0.03457102,0.036820807,0.031145949,0.092866644,-0.028243253,0.037868667,0.031259794,0.13881715,0.030037688,0.0790841,-0.025768723,0.033363804
5,0.027191749,0.2399866,0.03247606,0.18950257,-0.068468794,0.038600557,0.030889655,0.17565425,0.03252229,0.18846503,-0.05108218,0.039581243,0.030866478,0.04364553,0.035163186,0.16138485,-0.040884133,0.04787646,0.035183128,0.035485752,0.035597872,0.12452331,-0.031355932,0.047440078,0.03594841,0.03678311,0.031839605,0.09537668,-0.024562927,0.041343056,0.032075573,0.15100898,0.030099828,0.08015937,-0.02166661,0.037522428
6,0.022621147,0.25094074,0.029851908,0.1955509,-0.068759345,0.035945494,0.028387744,0.17903931,0.03144598,0.19412668,-0.050698865,0.038435355,0.029875811,0.04143491,0.034536466,0.16563685,-0.03997398,0.048720308,0.034703784,0.03268781,0.03502824,0.12706396,-0.029976638,0.04820164,0.035496607,0.035571363,0.030967865,0.096666574,-0.022780363,0.040673804,0.03126746,0.1567664,0.028346132,0.08074981,-0.01964703,0.03547908
7,0.02192495,0.2568834,0.02954743,0.19860062,-0.0702201,0.036460437,0.027981121,0.18132459,0.031568535,0.19740742,-0.051608704,0.039012704,0.02989624,0.040813662,0.034732845,0.1685659,-0.040566992,0.049921934,0.03486227,0.03171681,0.035125952,0.12936331,-0.030260026,0.04915598,0.035593536,0.035372812,0.0308342,0.09842736,-0.022781886,0.04085912,0.031145824,0.16018212,0.027782546,0.08228708,-0.01941164,0.035241682
8,0.023327231,0.25969312,0.030595174,0.2000111,-0.0723403,0.03893968,0.028807357,0.18294075,0.032419756,0.19941251,-0.053231623,0.040521786,0.030543022,0.04104268,0.035441704,0.1707858,-0.041981008,0.051286656,0.035433076,0.031808987,0.035655916,0.13152948,-0.03145967,0.050173305,0.03605718,0.035806518,0.031182472,0.10043765,-0.023788052,0.041469347,0.031476308,0.16235675,0.027977252,0.0843265,-0.020216186,0.035994783
9,0.021617731,0.26082274,0.029673759,0.20058417,-0.072053954,0.037457537,0.027924698,0.18208927,0.031996258,0.19976984,-0.05294941,0.040380493,0.030154077,0.039689027,0.035103753,0.1709307,-0.04168356,0.051442496,0.035126556,0.030669905,0.03528364,0.13149521,-0.031152066,0.05008757,0.03570232,0.0355781,0.030693602,0.10029387,-0.023468764,0.04084036,0.03099316,0.16411741,0.027064774,0.084101655,-0.01990335,0.034056056
10,0.021434963,0.2614064,0.029670622,0.20079024,-0.07189757,0.03799924,0.027952446,0.18182479,0.03212962,0.19985516,-0.052820195,0.04131466,0.030311402,0.039254118,0.035263795,0.17094015,-0.041578107,0.05245788,0.03530315,0.030493481,0.035404194,0.13147002,-0.031074006,0.0509004,0.035828337,0.036044285,0.030725626,0.10026046,-0.023409784,0.04130673,0.031024313,0.16606349,0.026870027,0.084062636,-0.019859252,0.033931717
11,0.020001838,0.26183385,0.028935732,0.20118132,-0.07204803,0.0364949,0.02718953,0.18058285,0.031762045,0.20017092,-0.052936543,0.041023742,0.029919887,0.037885323,0.034898363,0.17123643,-0.041678365,0.052224297,0.034921177,0.029372308,0.034952562,0.13173799,-0.031134881,0.050374046,0.035369813,0.035790373,0.030146942,0.10049512,-0.023402613,0.040303674,0.030445265,0.1674211,0.02583923,0.08429378,-0.019747268,0.03150466
12,0.023442972,0.2618076,0.03128525,0.20127943,-0.07628824,0.03992194,0.028989704,0.18126729,0.033087537,0.20159404,-0.05650223,0.041717254,0.030731145,0.038642164,0.035662755,0.17381771,-0.045102455,0.051502235,0.0352845,0.03013562,0.03528316,0.13509962,-0.034353163,0.04892298,0.035481274,0.03632362,0.030245483,0.10417998,-0.026367504,0.03872029,0.030469477,0.16784978,0.025885034,0.08842172,-0.02228615,0.030363856
13,0.0167441,0.26191238,0.027326278,0.20216566,-0.07104135,0.0337316,0.025720304,0.17673887,0.031166673,0.20025797,-0.052023944,0.041731138,0.0294687,0.034365278,0.03445857,0.17080237,-0.040788464,0.053418647,0.034595255,0.027059985,0.034423042,0.131,-0.030257033,0.05092647,0.034897506,0.03604049,0.029369915,0.099622935,-0.022489443,0.039595496,0.029676545,0.1717617,0.024100633,0.08328496,-0.018755836,0.02717169
14,0.023915939,0.26232612,0.032157335,0.20247638,-0.07578787,0.042530395,0.030009212,0.17962672,0.034419864,0.20210804,-0.05597762,0.04678764,0.032214504,0.037237864,0.037147168,0.17392801,-0.044501077,0.057139266,0.036901012,0.029925734,0.036712453,0.13487253,-0.03362661,0.0540428,0.036987614,0.03831962,0.03149244,0.103741534,-0.025446327,0.04280589,0.031735554,0.17365569,0.026766317,0.087838665,-0.021056443,0.032197524
15,0.019935463,0.26285636,0.029766193,0.203086,-0.0748215,0.037920337,0.027710352,0.17684732,0.032994058,0.2021377,-0.055131212,0.045047097,0.030889431,0.03428309,0.035862986,0.1735547,-0.043669954,0.055838622,0.035698403,0.027455851,0.035400603,0.13422996,-0.032801364,0.05247033,0.035722546,0.037467528,0.030026702,0.10296437,-0.024605483,0.040470533,0.030286647,0.17526926,0.024450047,0.08692621,-0.020213993,0.027229037
16,0.020844888,0.26319128,0.030500492,0.20343022,-0.075464636,0.039487604,0.02838591,0.17682755,0.033650484,0.2026298,-0.055644374,0.04678937,0.03149592,0.034204423,0.036467783,0.17415926,-0.044124737,0.057504628,0.036269844,0.027638849,0.035921957,0.13486044,-0.03317365,0.05390955,0.03622969,0.03818237,0.030461358,0.10357249,-0.024877016,0.041650143,0.030718392,0.17697424,0.024810744,0.08756636,-0.020340309,0.028118653
17,0.017665025,0.26294369,0.028555186,0.20364232,-0.074599914,0.03555049,0.026514893,0.17435458,0.03238811,0.20243862,-0.05491172,0.04483612,0.030312171,0.03184231,0.03529083,0.1736758,-0.04343533,0.055818163,0.035152055,0.025757521,0.034721803,0.13420874,-0.0325399,0.052020617,0.035059717,0.03755555,0.029146953,0.10286048,-0.024301013,0.039195552,0.029413145,0.17816351,0.022833336,0.08677221,-0.01985461,0.023624374
18,0.017666971,0.2624818,0.028716767,0.20376271,-0.07486,0.035858717,0.026646314,0.1733492,0.032585844,0.20258726,-0.05514047,0.045467358,0.030481344,0.031131085,0.035439625,0.17390002,-0.043667976,0.05632794,0.035276912,0.025528962,0.03478224,0.13449228,-0.03275939,0.052250676,0.03510627,0.038098756,0.029103622,0.10317158,-0.02448014,0.039075617,0.02936503,0.1799588,0.022564014,0.08712535,-0.019946815,0.022769831
19,0.024011752,0.2617651,0.032876663,0.20327476,-0.07920542,0.042944103,0.03027045,0.17561644,0.035051305,0.20347108,-0.05892754,0.047886085,0.03240328,0.034049768,0.0372747,0.17627881,-0.047447536,0.056976356,0.03666946,0.028401632,0.036184195,0.13800438,-0.036404803,0.052213702,0.036259674,0.039853256,0.030353092,0.107224844,-0.02780907,0.03933461,0.030530592,0.18069245,0.024291804,0.09177415,-0.022586651,0.025101176
20,0.018770205,0.2615261,0.02966017,0.20360783,-0.07485009,0.038274202,0.027616877,0.17165169,0.033317298,0.20181184,-0.055251654,0.0474093,0.03119721,0.03062313,0.036062263,0.17324351,-0.044067346,0.057668947,0.035843417,0.026313411,0.035206944,0.13430764,-0.03343921,0.052788388,0.035462085,0.040142898,0.029306829,0.103383705,-0.025295265,0.038925827,0.029514983,0.18442564,0.022449037,0.08758009,-0.020705158,0.022110207
21,0.01996003,0.26143187,0.03061062,0.20366287,-0.0746858,0.04073653,0.02862646,0.17153025,0.034194384,0.20162596,-0.055134095,0.05000661,0.03212012,0.030843476,0.036963705,0.1730244,-0.044010933,0.060229026,0.036772203,0.027075442,0.03608017,0.1341478,-0.033435732,0.05510251,0.036341246,0.04146943,0.030129218,0.10328725,-0.025306463,0.040988892,0.030330399,0.1868148,0.02335133,0.08751886,-0.02068661,0.024241785
22,0.020097733,0.26052353,0.030853944,0.20321596,-0.076488145,0.040219694,0.028586116,0.17019248,0.03416878,0.20172347,-0.05674563,0.048909634,0.03181872,0.029949892,0.03662148,0.17382705,-0.045653984,0.058349784,0.036203854,0.026608994,0.03544676,0.13552119,-0.0350378,0.05264297,0.03558033,0.04159653,0.029288357,0.10494247,-0.026776692,0.038117472,0.029447401,0.18787244,0.022103041,0.08945235,-0.021867123,0.020427367
23,0.021040915,0.26074588,0.031848945,0.2035821,-0.07550143,0.043065522,0.029780103,0.16992989,0.035486776,0.20163572,-0.055828195,0.0536238,0.03333831,0.029698957,0.03815276,0.17327462,-0.04470221,0.06362827,0.03789927,0.027235106,0.037056927,0.13460898,-0.034111705,0.057758316,0.037274636,0.043611895,0.03085912,0.103865676,-0.025952613,0.042697813,0.031033874,0.19193488,0.023833448,0.08821771,-0.021255795,0.024589319
24,0.017724805,0.26084277,0.029829118,0.2034922,-0.075741,0.038551264,0.027648607,0.16739565,0.034066085,0.20151018,-0.05606535,0.050873857,0.031825114,0.026972666,0.036645032,0.17328268,-0.044977963,0.060775973,0.036315177,0.024977814,0.03537898,0.1347719,-0.034391392,0.05447751,0.035554253,0.04282822,0.028945986,0.104114585,-0.02619022,0.038637403,0.029108778,0.19326206,0.020986501,0.0885339,-0.021405736,0.017980175
25,0.023050137,0.26090467,0.033544246,0.20346281,-0.07969408,0.044628955,0.030894127,0.16965385,0.03660538,0.20300564,-0.059449304,0.05424516,0.03391188,0.029269366,0.038724903,0.17607994,-0.048158545,0.063021965,0.038057208,0.02711821,0.037124407,0.13828304,-0.037204005,0.056259632,0.037138667,0.044367768,0.030584067,0.1078422,-0.028495207,0.04060389,0.030716756,0.19441368,0.02313766,0.092675,-0.02289781,0.021394614
26,0.016402833,0.26189652,0.029329712,0.20424016,-0.07652157,0.037454665,0.027040834,0.1654337,0.0340592,0.20231728,-0.056690942,0.05164096,0.031738255,0.024716828,0.036571916,0.17417996,-0.04553072,0.061438512,0.03618889,0.023733212,0.035090864,0.13567881,-0.034822237,0.054483976,0.035244297,0.04376767,0.028352061,0.10498849,-0.026448278,0.03762357,0.028513268,0.19756195,0.019655138,0.089469865,-0.021416932,0.014909356
27,0.019658487,0.26316586,0.03169161,0.20462939,-0.07918246,0.041412216,0.029097758,0.16707087,0.03588467,0.20361617,-0.058920197,0.05485723,0.033280395,0.025880437,0.03814594,0.17626205,-0.047550045,0.064133726,0.037563838,0.02487919,0.036431525,0.1381092,-0.03649591,0.056799185,0.036500506,0.04505667,0.029573975,0.10746605,-0.027669353,0.039816774,0.029727235,0.19950132,0.021112515,0.092181735,-0.021974854,0.017533818
28,0.017364547,0.263192,0.030320963,0.20463781,-0.07922237,0.038595557,0.027671264,0.16498733,0.034947623,0.20347756,-0.0589883,0.0533156,0.032295894,0.023814684,0.03715137,0.17617294,-0.047680937,0.062476926,0.03652416,0.023451442,0.035302516,0.13813804,-0.036662336,0.054754067,0.035342176,0.04496866,0.028246725,0.107572764,-0.027823212,0.037124604,0.028388795,0.20130351,0.019100249,0.09233676,-0.022078715,0.013119998
29,0.02015037,0.2630891,0.032404054,0.2043958,-0.0794382,0.043027442,0.02978738,0.16573852,0.03671973,0.2032186,-0.059229083,0.05757872,0.034079004,0.024990477,0.03892963,0.17607506,-0.048027407,0.06659681,0.038293242,0.02524725,0.037030045,0.13826543,-0.03710996,0.058554415,0.03704854,0.047236092,0.02993321,0.10786456,-0.02833163,0.040711682,0.030056031,0.20468967,0.0212276,0.092753895,-0.022592172,0.017269371
30,0.019831894,0.26114175,0.032105315,0.20274389,-0.08009201,0.04160768,0.029302903,0.16375753,0.03592471,0.20130654,-0.06012534,0.054282382,0.033031847,0.024618886,0.037782114,0.17501357,-0.049516138,0.062082108,0.036859747,0.025502527,0.035544526,0.1384656,-0.03909199,0.053224992,0.035347965,0.047589097,0.028209247,0.10891405,-0.030515138,0.034965582,0.028228523,0.20597236,0.01895879,0.09432696,-0.02467834,0.010081131
31,0.018443286,0.26007655,0.03131254,0.20168975,-0.074604355,0.042817425,0.029275686,0.16169576,0.03589283,0.19740695,-0.055677745,0.05769322,0.03365473,0.024183815,0.03834073,0.16965765,-0.04597537,0.066256896,0.037810396,0.026872354,0.03638643,0.13311186,-0.036714174,0.0570145,0.036281608,0.050678063,0.029028645,0.104044415,-0.029324135,0.037889652,0.028975133,0.21233131,0.01980659,0.08932482,-0.024965946,0.011847887
32,0.023344621,0.25825146,0.034397148,0.1993923,-0.07932447,0.046503033,0.03166857,0.16336621,0.037098233,0.19663963,-0.06019163,0.055791114,0.034106955,0.027249547,0.038702186,0.1714642,-0.050936222,0.061984524,0.037515543,0.029263256,0.036154624,0.13719021,-0.041704074,0.051927805,0.03568021,0.051191606,0.028616415,0.10928105,-0.03374908,0.033236153,0.028465789,0.2118498,0.019511838,0.09559863,-0.028021745,0.0076349326
33,0.021579508,0.25795826,0.033501185,0.19968656,-0.07274185,0.04791424,0.0317396,0.16110986,0.037413627,0.19349442,-0.054581944,0.0609911,0.035289396,0.026304578,0.039837874,0.16595338,-0.04606812,0.06854008,0.039224587,0.030615471,0.037697684,0.13089745,-0.037999112,0.058118027,0.037407182,0.05499273,0.030167101,0.10308672,-0.031431783,0.038317557,0.029951023,0.2195275,0.0212688,0.0889516,-0.027683754,0.0117813125
34,0.021770509,0.25567314,0.033538356,0.19775401,-0.07483486,0.046547018,0.031386707,0.15937245,0.036658496,0.19210857,-0.056800317,0.056875974,0.03409392,0.026098806,0.038531803,0.16613096,-0.04877294,0.06287455,0.037509557,0.030713737,0.035937645,0.13266197,-0.040896043,0.051682234,0.035402697,0.054987628,0.028127668,0.105706334,-0.03409851,0.03160701,0.027840361,0.22019352,0.018552205,0.092225924,-0.02961931,0.0035797828
35,0.023991618,0.25522572,0.035188656,0.19722296,-0.07316933,0.05096538,0.033327267,0.16008793,0.03820949,0.19057895,-0.055504385,0.061375756,0.035868492,0.027599167,0.04028387,0.16422027,-0.047885522,0.06741237,0.03937543,0.032929562,0.037773382,0.13092926,-0.04051094,0.055928208,0.03724115,0.057568952,0.030005261,0.10425897,-0.034209084,0.035694815,0.029667795,0.22403674,0.021069007,0.09079883,-0.030329563,0.008494598
36,0.017611688,0.25498363,0.03097259,0.19725281,-0.07027346,0.04374136,0.029379755,0.15477495,0.035209145,0.18903321,-0.05309857,0.057183553,0.033116713,0.022878308,0.037450276,0.16173875,-0.045879535,0.06355369,0.036683366,0.030144088,0.034824505,0.12824105,-0.039042328,0.051329706,0.034314524,0.057817098,0.026623562,0.10167252,-0.033329464,0.029487127,0.02624486,0.22823021,0.016011147,0.088027924,-0.030282505,-0.0016370474
37,0.024847902,0.2573048,0.036034685,0.19792533,-0.07658772,0.05200862,0.033723284,0.16014028,0.038855802,0.19268306,-0.058508676,0.06244071,0.03610829,0.026835933,0.040525947,0.1676548,-0.050606176,0.06761386,0.039349224,0.03251365,0.037576802,0.13496114,-0.04252889,0.055429563,0.03697531,0.058572963,0.029448135,0.10834862,-0.03514487,0.034592856,0.02917541,0.22789425,0.019836335,0.09534577,-0.029632123,0.0061064763
38,0.023090322,0.25922766,0.034909923,0.19833297,-0.076373905,0.050233576,0.032602623,0.15942067,0.038190853,0.19281206,-0.058370255,0.062035345,0.03545163,0.025487253,0.03987161,0.16772778,-0.050553642,0.067199156,0.038693585,0.031663038,0.03680075,0.13509241,-0.04250311,0.054622043,0.036196668,0.059095073,0.028446518,0.10852723,-0.035061378,0.03312478,0.028177673,0.23081212,0.01818664,0.09557804,-0.029435184,0.0032643345
39,0.017086232,0.26024738,0.030971436,0.198909,-0.07288527,0.044107623,0.029055232,0.15528402,0.03563684,0.19151205,-0.055370044,0.059531443,0.033274036,0.021406315,0.037641365,0.16505747,-0.047924776,0.06537147,0.036707018,0.029449243,0.034579765,0.13191245,-0.0404729,0.052226942,0.034045227,0.059899215,0.025869919,0.10532547,-0.033774436,0.029259076,0.025563877,0.2356619,0.014242512,0.09207215,-0.02925662,-0.0036392065
40,0.0225087,0.26319292,0.034935538,0.20013738,-0.07730596,0.050636463,0.032562144,0.15970375,0.038863424,0.19480385,-0.059027616,0.06521696,0.036110114,0.024235876,0.04057175,0.16966353,-0.05091473,0.07054009,0.03943022,0.031368,0.03734439,0.13672355,-0.042436723,0.057417993,0.036804292,0.061122887,0.028732967,0.109914035,-0.03446355,0.035019174,0.028527683,0.23663236,0.018110834,0.097059116,-0.028167775,0.0040743
41,0.018423881,0.26482162,0.032418605,0.2012623,-0.0757309,0.046830777,0.030224841,0.15683731,0.03746146,0.19495836,-0.057526357,0.06480071,0.034922495,0.020861786,0.03936833,0.16889063,-0.049370695,0.0707204,0.038402885,0.029586019,0.03610866,0.13534535,-0.040968202,0.057160076,0.03565298,0.0620177,0.027211977,0.10829378,-0.03319095,0.03359731,0.02701595,0.24078505,0.015648013,0.09519396,-0.027339103,0.0005782658
42,0.02388715,0.26486617,0.03634989,0.20118104,-0.079925,0.052769717,0.033673182,0.15946084,0.040290065,0.19674622,-0.061179556,0.068482146,0.03728667,0.02355477,0.041762866,0.17235443,-0.05268721,0.073397554,0.040483885,0.031808257,0.03822554,0.13956285,-0.043559846,0.059608996,0.037672814,0.06329909,0.029386457,0.11264184,-0.034720544,0.03657937,0.029236564,0.2414134,0.01874563,0.100060955,-0.027267938,0.005127987
43,0.01841688,0.26667732,0.032687932,0.20228936,-0.07861249,0.046683352,0.030103054,0.1558862,0.037763637,0.19702339,-0.05994181,0.065327264,0.034894448,0.019278383,0.03933631,0.17188187,-0.051425893,0.07066378,0.038172923,0.02898679,0.03567432,0.13860953,-0.042329207,0.056396045,0.035183977,0.06339103,0.026405891,0.11147633,-0.033571262,0.03203952,0.026272789,0.24515185,0.014152653,0.09869176,-0.026385965,-0.002373231
44,0.020631846,0.26784402,0.03443451,0.2031435,-0.07878178,0.05077845,0.03193164,0.15708436,0.039558746,0.19791341,-0.059984427,0.07022958,0.036779128,0.020137582,0.041264225,0.17259014,-0.05130241,0.07571958,0.040193066,0.03031728,0.03763623,0.13903627,-0.04203477,0.06129611,0.037211165,0.06532935,0.028406877,0.11171976,-0.03312354,0.03687008,0.028304746,0.24819069,0.016810818,0.09889129,-0.025823548,0.0035736593
45,0.0179432,0.26831335,0.032631982,0.20313841,-0.07924265,0.0473418,0.029981544,0.1549141,0.03806286,0.19800715,-0.060459077,0.06746171,0.035150506,0.017790232,0.039592482,0.17303391,-0.051835388,0.07261969,0.03841631,0.028758885,0.03571312,0.1397569,-0.04246933,0.057712227,0.035246205,0.06543266,0.026126515,0.112533495,-0.03329364,0.032463573,0.026033785,0.25065807,0.013366025,0.099831864,-0.025590315,-0.003104893
46,0.021496588,0.26954716,0.03534175,0.20363377,-0.08097378,0.05213942,0.03255929,0.15719397,0.040496733,0.19934042,-0.06186421,0.072481096,0.037474822,0.019422509,0.041981265,0.1748302,-0.052935127,0.07750625,0.04076105,0.030437723,0.038059212,0.14155117,-0.043166984,0.062455244,0.03760712,0.06709009,0.028582243,0.11421793,-0.03354379,0.037380222,0.028526785,0.252423,0.01684558,0.101673976,-0.025257705,0.0034238987
47,0.015024915,0.27169263,0.030932613,0.20452568,-0.078594886,0.04480913,0.028367685,0.15391232,0.037449487,0.19898169,-0.059687514,0.06871066,0.034687683,0.0149291,0.039153423,0.17323852,-0.050837252,0.07450905,0.038129486,0.02739741,0.035218928,0.13928576,-0.04139249,0.059126534,0.03484104,0.06715297,0.025313422,0.11174706,-0.032321572,0.032593224,0.025245536,0.25614277,0.011879232,0.09885703,-0.024961147,-0.004458128
48,0.017828146,0.27410227,0.032826703,0.2049403,-0.08105764,0.04771727,0.029975493,0.15666208,0.038919877,0.20045857,-0.06181132,0.071074076,0.03588839,0.016415205,0.040415496,0.17567588,-0.052706584,0.07643327,0.03922142,0.028135205,0.036307514,0.14207755,-0.04270914,0.06089006,0.03589775,0.067776255,0.026367743,0.11454753,-0.03281588,0.03438531,0.026351228,0.25746,0.013241751,0.101993226,-0.024292996,-0.0026805461
49,0.02280929,0.27332765,0.035997123,0.2035452,-0.08439657,0.05241635,0.032701813,0.15943255,0.040625647,0.2002459,-0.06509428,0.07153708,0.037068732,0.020062482,0.04160385,0.17767274,-0.056406338,0.07523866,0.039943635,0.030211557,0.037137497,0.14586717,-0.04619875,0.059332103,0.036501218,0.06789571,0.02719044,0.11910847,-0.035323195,0.0333835,0.027163953,0.2571512,0.014482133,0.107376166,-0.02504137,-0.004180303
50,0.013536359,0.2780441,0.029655538,0.20481955,-0.07559887,0.045186028,0.0274987,0.15582758,0.037099984,0.19660479,-0.057404928,0.07184007,0.034641575,0.014857474,0.039160985,0.17012629,-0.049746018,0.07757834,0.038200174,0.02791555,0.03508863,0.13699487,-0.041470572,0.06099521,0.034606934,0.07047496,0.024729582,0.11024247,-0.03323484,0.03288081,0.024536693,0.26617348,0.010765229,0.0975496,-0.02696937,-0.006787679
51,0.021367034,0.27968124,0.034733456,0.20378414,-0.080458865,0.053032182,0.0319988,0.16139092,0.040473215,0.19744048,-0.061925586,0.07570913,0.037383255,0.020085542,0.04199007,0.17370638,-0.05436472,0.079856075,0.04053446,0.0307543,0.037573084,0.14237492,-0.045372862,0.06303685,0.036904696,0.07078103,0.027375603,0.116248436,-0.03553546,0.035775915,0.027237281,0.26549834,0.014620177,0.104538076,-0.026716426,-0.0034900745
52,0.023809928,0.27808085,0.03602718,0.2009854,-0.080078974,0.05552105,0.03327867,0.16190468,0.040723167,0.19314562,-0.062330488,0.07460725,0.03741417,0.02313686,0.04195205,0.17079505,-0.056398164,0.07704604,0.040084247,0.033244923,0.037190627,0.1420076,-0.04860139,0.059272382,0.03615276,0.07194647,0.02688793,0.11742002,-0.039158896,0.032016218,0.026557708,0.26787096,0.014442782,0.10647022,-0.030393474,-0.008462929
53,0.018216668,0.27851555,0.032265324,0.20073436,-0.07087987,0.05279463,0.030752463,0.15766102,0.0387516,0.1869452,-0.0546239,0.07621547,0.036492977,0.020974603,0.04092882,0.16106601,-0.050590094,0.07963937,0.03957318,0.034515295,0.036456186,0.13215284,-0.045589574,0.060721904,0.03534614,0.07627742,0.02597322,0.108391695,-0.03949285,0.032029793,0.025307233,0.27707914,0.013738335,0.09677878,-0.035617724,-0.008177424
54,0.02745043,0.2762012,0.03850974,0.19852504,-0.07802921,0.06134159,0.036095854,0.16166124,0.042504594,0.18775345,-0.061357696,0.07846047,0.03930355,0.026592081,0.043743346,0.16618852,-0.05742578,0.07945464,0.041677374,0.037995093,0.038763635,0.14000677,-0.051231798,0.060368605,0.037417334,0.07684249,0.028479403,0.117120594,-0.042700525,0.03290676,0.027950073,0.27601746,0.017655205,0.106969185,-0.03499285,-0.0068923547
55,0.016959038,0.27901158,0.031380516,0.20073044,-0.07088353,0.051435508,0.029815333,0.15421538,0.037858218,0.18517183,-0.054922882,0.074659675,0.03547852,0.019621903,0.03976026,0.15985353,-0.051808383,0.076946564,0.038190607,0.035629425,0.034754153,0.13238224,-0.047317386,0.056546878,0.033448536,0.07989988,0.023761526,0.10946773,-0.041196764,0.0266455,0.023008926,0.28546453,0.010879279,0.098434776,-0.037501983,-0.015583103
56,0.023681689,0.28313828,0.03604856,0.20179386,-0.07727925,0.05800338,0.0337459,0.16023366,0.041524246,0.18947576,-0.060347505,0.07983765,0.038522962,0.022994231,0.04294502,0.16670379,-0.0561563,0.08135332,0.041082438,0.036829025,0.037761226,0.13974603,-0.049696486,0.061305884,0.036532845,0.07986229,0.027016101,0.11654919,-0.04097203,0.032224864,0.026529523,0.2846934,0.015411229,0.106404826,-0.033759102,-0.009023923
57,0.02138786,0.28539473,0.03449846,0.20240827,-0.07783996,0.05523144,0.032062046,0.15916856,0.040408093,0.19015887,-0.06083473,0.078306764,0.037312888,0.020966211,0.041706104,0.16759825,-0.05656982,0.07969449,0.03979324,0.035657186,0.03628939,0.14072257,-0.049857125,0.059189163,0.03506572,0.080553256,0.025202869,0.11750702,-0.040745385,0.02931633,0.024758765,0.2879221,0.012680948,0.10751634,-0.033091124,-0.013575256
58,0.019279342,0.2869697,0.033132296,0.20294668,-0.075733945,0.053855415,0.030978672,0.15813293,0.039767064,0.1892153,-0.058992065,0.07898129,0.03693337,0.019698344,0.04130473,0.16560061,-0.0550853,0.080711946,0.039534464,0.03568293,0.03590508,0.13849553,-0.0490016,0.059752997,0.03467567,0.082100004,0.024694692,0.11537584,-0.040729243,0.029313494,0.02417257,0.29151788,0.012164962,0.10518125,-0.03441627,-0.012470831
59,0.024551246,0.28635082,0.036590997,0.20145057,-0.08229956,0.0572002,0.033512793,0.16107222,0.041500673,0.19100879,-0.06503971,0.07799768,0.03777316,0.022494515,0.042163752,0.17118531,-0.060798645,0.077982016,0.03979148,0.036346212,0.036283378,0.14594544,-0.053161606,0.05707696,0.034930125,0.081155,0.025037086,0.12320496,-0.042284604,0.02717989,0.024712302,0.2897557,0.012523436,0.114187405,-0.032007504,-0.012330886
60,0.015218153,0.28820544,0.030438945,0.20275736,-0.07405808,0.049821436,0.028405704,0.1548305,0.037814766,0.18720324,-0.057737682,0.07674481,0.0350623,0.01686695,0.039324574,0.16327585,-0.054564342,0.07817275,0.037512466,0.035222284,0.03359981,0.13681568,-0.04913246,0.056089733,0.032251816,0.084615566,0.021855216,0.11415416,-0.0413169,0.02424543,0.021235522,0.2984955,0.0081616845,0.10399054,-0.035441842,-0.013880698
61,0.021858204,0.29223633,0.035087023,0.20376484,-0.07814434,0.057293,0.032665964,0.16075875,0.041785043,0.19015905,-0.06117176,0.08390139,0.038705282,0.020576205,0.043101672,0.16770364,-0.05727482,0.08490516,0.041157193,0.037360027,0.037370875,0.14145228,-0.050609346,0.063053384,0.036094893,0.08558699,0.026048677,0.1186173,-0.04126067,0.03209466,0.025594546,0.2987927,0.014496274,0.10909792,-0.033617735,-0.002512481
62,0.021816757,0.2955627,0.034985133,0.20376693,-0.08094348,0.056595303,0.032120656,0.1622621,0.041595105,0.19146581,-0.06374566,0.08338778,0.038120028,0.01996846,0.04253833,0.17059763,-0.059676155,0.08371635,0.04034063,0.036227044,0.0364613,0.14509216,-0.052216057,0.061499935,0.0351582,0.08546666,0.024814982,0.12238766,-0.04156995,0.029936314,0.02447952,0.3005606,0.0124399355,0.1134778,-0.032234527,-0.006627145
63,0.015943442,0.30012244,0.031137899,0.20511514,-0.07916983,0.051149018,0.028423076,0.1603517,0.03930494,0.19173889,-0.062016837,0.082406655,0.03605152,0.015560189,0.040446494,0.16958337,-0.057852186,0.08343618,0.038434334,0.033917524,0.0342548,0.14330755,-0.050609555,0.06056092,0.03301993,0.086614735,0.022088157,0.120353475,-0.040489405,0.027536547,0.021733405,0.3053982,0.008201587,0.11111022,-0.03209098,-0.01043307
64,0.017808812,0.30293933,0.032436937,0.205489,-0.08145048,0.052768327,0.029438216,0.16280822,0.040478215,0.1932679,-0.06391569,0.084601514,0.03699747,0.016197452,0.04145133,0.17193535,-0.05931814,0.08546105,0.03933645,0.034100797,0.03515644,0.14573899,-0.051408812,0.06251937,0.0339463,0.08686258,0.023038978,0.122684136,-0.040495057,0.02955884,0.022767423,0.3057838,0.009630545,0.1137709,-0.031165263,-0.00786177
65,0.013829226,0.30366254,0.029934606,0.20563342,-0.08093652,0.048713036,0.026903888,0.15995373,0.03868463,0.19305718,-0.063451566,0.0825482,0.035210136,0.013004427,0.039597493,0.17144807,-0.05887681,0.08348786,0.03748684,0.03291916,0.03308727,0.14513569,-0.051065285,0.059978195,0.031865846,0.08800091,0.020557037,0.12206382,-0.040336926,0.026087917,0.020268843,0.3092592,0.0059562717,0.1130719,-0.031323716,-0.012600149
66,0.01876572,0.30728388,0.03343235,0.20668954,-0.08501263,0.05407509,0.029967928,0.16440669,0.04175886,0.19627568,-0.0667999,0.08836102,0.037940387,0.0148987975,0.04244113,0.17602086,-0.061249137,0.08904849,0.040224694,0.03397483,0.03585585,0.14955926,-0.052024238,0.06565968,0.034746137,0.088713646,0.023574993,0.12610292,-0.039710853,0.03222348,0.023470163,0.3094403,0.01035753,0.11760815,-0.028961124,-0.0047671404
67,0.013011718,0.3110795,0.0295101,0.2066974,-0.08294304,0.048468083,0.026185535,0.16275531,0.039136793,0.19496357,-0.06503635,0.08647714,0.035482142,0.011004664,0.03993808,0.17380255,-0.05985151,0.0875633,0.037790753,0.032112923,0.03317079,0.14722042,-0.05128208,0.063382536,0.032013215,0.090001635,0.02037219,0.12388553,-0.0398466,0.02868729,0.020176673,0.31432813,0.0057981443,0.11512858,-0.030290395,-0.009182032
68,0.014724146,0.31174958,0.030502362,0.20569013,-0.08439031,0.049983006,0.026952246,0.16393238,0.039582122,0.19429246,-0.066567846,0.08681775,0.03565411,0.012233721,0.040114168,0.17453931,-0.06186787,0.08698422,0.03769499,0.032868244,0.033087574,0.14920826,-0.053248577,0.062357787,0.031801943,0.0905802,0.020249283,0.12640224,-0.041196153,0.027641242,0.02006649,0.31577092,0.006009104,0.11820865,-0.030755268,-0.0108133545
69,0.0129914405,0.31250605,0.02948228,0.20563714,-0.083473966,0.0487898,0.02602502,0.16271783,0.039024256,0.19355027,-0.06582565,0.087161936,0.035178654,0.01095866,0.03961072,0.17346166,-0.06146335,0.087296024,0.03720072,0.033175133,0.032471474,0.14829963,-0.053285476,0.06209777,0.031135939,0.092259325,0.019496014,0.12569797,-0.041685857,0.026993085,0.019257171,0.31917605,0.0053098737,0.11748835,-0.03181804,-0.010417824
70,0.01610648,0.31204823,0.031529363,0.20489082,-0.086646885,0.051085755,0.027635945,0.16379039,0.040128224,0.19417892,-0.06879167,0.08732594,0.03583249,0.012565322,0.040268496,0.17614914,-0.06448562,0.08635667,0.03752329,0.03418578,0.032821428,0.15216607,-0.05562017,0.060917128,0.031406075,0.09272845,0.01985692,0.1299101,-0.042686168,0.025988715,0.019717684,0.31974947,0.0060656727,0.122464254,-0.031088673,-0.010600265
71,0.015057303,0.31291428,0.031029357,0.20502502,-0.08431936,0.05161347,0.027484626,0.16295539,0.04027212,0.19286796,-0.06678373,0.09001302,0.0362851,0.011995074,0.040713307,0.17369409,-0.0629592,0.089320466,0.03811651,0.035425268,0.033322304,0.14958441,-0.05496285,0.063332774,0.031867757,0.09508966,0.020423377,0.12750104,-0.04311347,0.02827925,0.02016568,0.32371446,0.0075323638,0.11976097,-0.03285929,-0.003746695
72,0.015318292,0.31079957,0.030899515,0.20319162,-0.08539773,0.050751664,0.02709799,0.1619272,0.03925013,0.19110462,-0.06817421,0.08612649,0.034917083,0.012903405,0.039276335,0.17371833,-0.065261066,0.08417128,0.03629515,0.035619542,0.031517398,0.15143405,-0.05744068,0.05776703,0.029857403,0.09501492,0.018351179,0.1301419,-0.04496099,0.02236628,0.018083587,0.32483515,0.0046158005,0.123060614,-0.03359986,-0.0043685706
73,0.012847142,0.3108193,0.029513832,0.20304972,-0.08234674,0.05005529,0.02611685,0.15972018,0.038687408,0.18911852,-0.06556698,0.08781497,0.03470859,0.011454155,0.039033078,0.17042154,-0.063299604,0.08614571,0.036208652,0.03635192,0.031291615,0.14809212,-0.056502983,0.059047896,0.029573675,0.09737988,0.017998932,0.12701602,-0.04515731,0.022982331,0.017588763,0.32956523,0.0043437523,0.11951334,-0.03483075,9.461772e-05
74,0.01426506,0.30935863,0.030257547,0.20128988,-0.08314979,0.05108243,0.026700608,0.1597428,0.038628846,0.18729202,-0.06668948,0.08659638,0.03439639,0.013053354,0.03868626,0.17011358,-0.065350294,0.08383635,0.035540625,0.037426494,0.03067192,0.14946327,-0.05892651,0.0562972,0.028756209,0.09801176,0.017304517,0.12917449,-0.047368858,0.020185512,0.01685766,0.33103722,0.0037349158,0.12229581,-0.036804654,-0.0024155618
75,0.018260917,0.30600438,0.03261809,0.19889535,-0.08447629,0.054404117,0.028865125,0.16021337,0.03945365,0.1847943,-0.06842935,0.085425735,0.034861997,0.016818712,0.03911211,0.16979225,-0.06838635,0.08099569,0.035506606,0.03991231,0.030799702,0.15151101,-0.06245506,0.05306297,0.02859566,0.098810576,0.017576959,0.13230829,-0.050543543,0.017502878,0.017065093,0.3319937,0.0049290503,0.12628745,-0.039593786,-0.0050768405
76,0.011694914,0.30551717,0.0283707,0.1984171,-0.07498092,0.051156666,0.025859023,0.15499158,0.037108094,0.17820346,-0.06038354,0.086542845,0.033539213,0.014001955,0.037681397,0.15933314,-0.06260448,0.08277194,0.034459896,0.041126426,0.029470863,0.14123012,-0.059920594,0.053187143,0.027007494,0.10319875,0.015796226,0.12276275,-0.051409535,0.015856013,0.014787704,0.34168667,0.002346322,0.115416385,-0.043592885,-0.007870054
77,0.022242606,0.30787802,0.035279196,0.19800608,-0.08286884,0.06056595,0.031879947,0.1633477,0.041908916,0.18177609,-0.06750555,0.09151004,0.03750607,0.020703612,0.04180618,0.16728996,-0.06898366,0.08622986,0.03812704,0.043293122,0.033557814,0.15082757,-0.064003445,0.057665817,0.03119338,0.101999395,0.020691214,0.13261642,-0.052364804,0.02223723,0.020095913,0.3380002,0.0103767235,0.12714702,-0.041860975,0.0009833457
78,0.011888929,0.3146666,0.028547436,0.20158754,-0.07736638,0.052311856,0.025799977,0.15870252,0.03819516,0.18191682,-0.062170245,0.09141552,0.034542643,0.012945305,0.03875991,0.16341923,-0.06351289,0.08777456,0.03565292,0.040177934,0.03044302,0.14492787,-0.05936994,0.057871334,0.02823071,0.10461174,0.016526466,0.12610829,-0.04920797,0.019443648,0.01579573,0.34662184,0.0028753167,0.11947053,-0.040569257,-0.005591594
79,0.019253537,0.31788662,0.033292066,0.20228238,-0.08521045,0.057908792,0.02957407,0.16431952,0.041411325,0.18662892,-0.069026634,0.09422999,0.036915503,0.016346045,0.041232727,0.17201583,-0.06911491,0.08938298,0.03774122,0.04068245,0.032658596,0.15439934,-0.062221013,0.06002952,0.030629836,0.103698656,0.019036818,0.13542491,-0.048576273,0.022196641,0.018755937,0.34444588,0.0066113374,0.13045238,-0.036998227,-0.003279081
80,0.014168117,0.32113284,0.029829679,0.20295025,-0.083230495,0.05363839,0.026274841,0.16229783,0.039071422,0.18572134,-0.0673636,0.09281141,0.03474218,0.0129417945,0.038990363,0.17033203,-0.06791455,0.08804847,0.035562746,0.039070684,0.03019653,0.1528048,-0.061476212,0.057868805,0.02813956,0.104732595,0.015966425,0.13395962,-0.048226666,0.01865247,0.01563638,0.34873122,0.0016974672,0.12883507,-0.03725873,-0.0076771933
81,0.0124271335,0.32313105,0.028750524,0.20339063,-0.081860185,0.053238634,0.025374487,0.1618712,0.038642626,0.18511397,-0.06621703,0.09429472,0.0344735,0.011785823,0.038708754,0.16920453,-0.06713299,0.08951923,0.03534917,0.038979996,0.029860495,0.15177852,-0.061047338,0.05882852,0.027793553,0.10592279,0.01546789,0.13304718,-0.048082013,0.019067943,0.015104169,0.35178146,0.0010056797,0.12783928,-0.037533224,-0.006823371
82,0.017079383,0.3229909,0.0315474,0.20215775,-0.08379291,0.057524737,0.027954541,0.1649772,0.040273,0.18438219,-0.0682995,0.095606215,0.035790905,0.015599982,0.04006449,0.17055357,-0.069955006,0.089575425,0.03637721,0.040509436,0.031112691,0.15486287,-0.06370324,0.058883153,0.028919702,0.1056584,0.017076053,0.13679908,-0.04980569,0.019836282,0.016770784,0.35103652,0.004186063,0.13245635,-0.038479563,-0.005370874
83,0.01316327,0.32476127,0.028963026,0.20247269,-0.080085024,0.055010866,0.025834754,0.16326097,0.038800742,0.18227774,-0.065079756,0.095926866,0.03472511,0.013545432,0.03895211,0.16662665,-0.06754053,0.09024637,0.035426192,0.040496014,0.029988095,0.1508196,-0.06263291,0.05875892,0.027687935,0.1074113,0.015692862,0.13298148,-0.050273288,0.019052092,0.0151805505,0.35533124,0.0023067268,0.12804267,-0.0404721,-0.005545336
84,0.012857608,0.3259248,0.028748957,0.20252073,-0.079955205,0.054831833,0.025630837,0.16342342,0.038736414,0.18205696,-0.06499472,0.096485436,0.03466699,0.013322614,0.038883798,0.16637589,-0.06764475,0.09069375,0.03533332,0.040894855,0.029840855,0.1507596,-0.06294064,0.058859732,0.027501427,0.108351216,0.015517198,0.13306813,-0.050760288,0.019027127,0.014978713,0.3572192,0.0023256307,0.1282121,-0.041219346,-0.005065547
85,0.015485009,0.32639545,0.03030648,0.20219447,-0.08180793,0.05678833,0.02696162,0.16542427,0.03964014,0.18261312,-0.066728406,0.09693524,0.035339054,0.015072624,0.039583817,0.16818984,-0.06937262,0.09062927,0.03587784,0.04135067,0.030480728,0.15318821,-0.064175524,0.05893518,0.02814015,0.10805827,0.016313748,0.13565724,-0.051199585,0.019364,0.015870083,0.3565328,0.003762451,0.1313259,-0.041009363,-0.004939575
86,0.014205387,0.32739723,0.029452119,0.20212975,-0.081813745,0.055556584,0.026059926,0.1649257,0.039013468,0.18245025,-0.06679929,0.096393675,0.03467205,0.014063919,0.038890764,0.16823286,-0.06956971,0.0899186,0.03514267,0.04110231,0.029636886,0.15343845,-0.06436986,0.0578607,0.027279073,0.108753376,0.0152667435,0.13598564,-0.0513103,0.017851826,0.014830852,0.35840723,0.0021755253,0.13174517,-0.041112576,-0.007710468
87,0.013999835,0.3263657,0.02930731,0.20043738,-0.078388825,0.056823015,0.026385045,0.16416001,0.03899355,0.17812379,-0.06423548,0.09770124,0.03493249,0.015463555,0.039120283,0.16338788,-0.068839714,0.0906179,0.03528063,0.043279555,0.029851884,0.15003459,-0.06556148,0.057772305,0.027190661,0.11065533,0.015708653,0.13349728,-0.054144144,0.018277222,0.014992499,0.36182624,0.0041095912,0.12905668,-0.045430385,-0.0054080114
88,0.016202515,0.32495457,0.030570034,0.19903988,-0.07873965,0.05862755,0.027601738,0.16476247,0.039498284,0.1763988,-0.06489632,0.09743848,0.03529003,0.017643297,0.03946325,0.16285324,-0.07045035,0.08946166,0.035376783,0.044680487,0.030065907,0.1509547,-0.067614615,0.056367062,0.027233787,0.11120773,0.016098976,0.1350718,-0.056142543,0.017274825,0.01534019,0.36262983,0.0054544117,0.13110179,-0.047400758,-0.006479604
89,0.014766421,0.32385463,0.029627997,0.1989627,-0.07652269,0.05817648,0.026949778,0.16261116,0.038781334,0.17459136,-0.06310769,0.09721811,0.0347696,0.017262816,0.038868103,0.1603241,-0.06952767,0.08897455,0.034785215,0.045600004,0.029370146,0.14888094,-0.06764086,0.055254057,0.026406463,0.112960994,0.015265276,0.13334021,-0.0570104,0.015767172,0.014358168,0.36615562,0.0045111226,0.12916088,-0.04917837,-0.00852385
90,0.014091857,0.32264104,0.029227814,0.1984689,-0.073534586,0.059139274,0.02697562,0.16102688,0.03863036,0.17176764,-0.060780164,0.098441474,0.034899052,0.017710766,0.038942352,0.1567749,-0.06847036,0.08979768,0.034864046,0.04713773,0.029426174,0.14613336,-0.067858405,0.05542989,0.026286298,0.114983484,0.015368215,0.13110508,-0.058319893,0.015844695,0.014268927,0.36993402,0.0053183045,0.1266915,-0.051646054,-0.007868528
91,0.020576958,0.32086352,0.033265762,0.19641313,-0.079032205,0.06355846,0.03029154,0.16451198,0.040680654,0.17263058,-0.066082545,0.09794199,0.036227826,0.022017553,0.04031177,0.16189244,-0.073827215,0.08779389,0.035756696,0.048294164,0.030617315,0.15330683,-0.071676806,0.054048195,0.027494684,0.11394532,0.017012265,0.13880461,-0.059733734,0.015516223,0.016247762,0.367155,0.008601073,0.13600828,-0.050874885,-0.008542498
92,0.015728654,0.32121852,0.03042825,0.19741009,-0.07373266,0.061237454,0.02815913,0.15994185,0.039311606,0.16990551,-0.06132276,0.099368796,0.03546179,0.019324234,0.039404042,0.15606478,-0.07010489,0.08948584,0.035083234,0.049874604,0.029624347,0.14704593,-0.06997686,0.054327168,0.026299449,0.11790905,0.015760088,0.13274597,-0.06039484,0.015132276,0.014613257,0.3747132,0.007183425,0.12889425,-0.054002058,-0.0071247714
93,0.014513503,0.32045674,0.029746758,0.19746557,-0.07207318,0.061212298,0.02769867,0.15799008,0.038899716,0.16863264,-0.060022425,0.099846855,0.035199948,0.018814472,0.039065894,0.15434565,-0.06946124,0.08964537,0.03475514,0.050824057,0.02917635,0.1457032,-0.06995651,0.053876694,0.02576897,0.11976647,0.015216326,0.13165198,-0.060912695,0.014365915,0.013977998,0.37821704,0.0067009837,0.12770508,-0.05519925,-0.007790319
94,0.019860169,0.31904486,0.033203725,0.19596417,-0.07792981,0.06482928,0.0303737,0.16073418,0.040685836,0.17063092,-0.065544695,0.09948518,0.036269806,0.021845097,0.040167272,0.1604988,-0.0744925,0.08806435,0.035479106,0.051383793,0.030106878,0.15332253,-0.07295281,0.05300586,0.026842443,0.11873587,0.016507901,0.1395027,-0.06124405,0.014295684,0.015696738,0.3754168,0.009188835,0.13718028,-0.053172976,-0.008533358
95,0.016673792,0.3200888,0.03137051,0.19704768,-0.07404188,0.06345205,0.029082421,0.15809481,0.039988197,0.16887423,-0.061935168,0.10116002,0.03605104,0.020202497,0.03986752,0.15613133,-0.07156163,0.09006801,0.035380438,0.052727513,0.029818095,0.14845262,-0.071591936,0.054023396,0.026397973,0.12155126,0.016153665,0.134725,-0.061772317,0.0150892455,0.015034134,0.38065118,0.009132087,0.13153276,-0.055687618,-0.0054749516
96,0.014039417,0.31946024,0.029637536,0.19656605,-0.07236456,0.06087285,0.027498689,0.15526336,0.038566727,0.1667435,-0.06063528,0.09911517,0.03471587,0.01899203,0.03842162,0.15362737,-0.07116389,0.08765847,0.033853613,0.053322334,0.028135728,0.14662811,-0.07212891,0.050818913,0.024534082,0.123178564,0.014208012,0.13331152,-0.06317712,0.011550612,0.012928174,0.38393602,0.0065694065,0.13000964,-0.0581714,-0.009078277
97,0.023908261,0.32053623,0.03599853,0.19472928,-0.07897597,0.06921796,0.03310617,0.16358495,0.04297086,0.16879326,-0.06687348,0.10326093,0.03840665,0.025393851,0.042314228,0.16036175,-0.07699112,0.09060442,0.03736515,0.054524858,0.032274973,0.15517718,-0.07586265,0.055268403,0.028841037,0.12089509,0.019492472,0.14226288,-0.06413848,0.018184338,0.018686153,0.37848234,0.015996045,0.14089501,-0.0567198,-0.0007346007
98,0.013417453,0.33012378,0.02879196,0.19870578,-0.07479166,0.060032595,0.026301524,0.16022542,0.038717594,0.16995916,-0.06250716,0.102085836,0.034711916,0.017111259,0.03851013,0.15757208,-0.07214949,0.09083367,0.034029346,0.050852034,0.028109053,0.15034214,-0.071629204,0.053772114,0.024786055,0.122782186,0.013860025,0.13679753,-0.06114424,0.013321805,0.012907163,0.3861173,0.0057349848,0.13434541,-0.055676278,-0.011529947
99,0.013261618,0.3393575,0.028013816,0.20102185,-0.07590441,0.059923165,0.025386166,0.16609298,0.038712226,0.17292549,-0.06314607,0.10477891,0.03470907,0.015981717,0.03864753,0.16044305,-0.0718951,0.094154425,0.034349527,0.04772883,0.028339671,0.15246506,-0.07012968,0.057241894,0.025300972,0.12127176,0.013738294,0.13846944,-0.058331423,0.015236808,0.013039887,0.38648468,0.0045443843,0.13633908,-0.052048285,-0.011591799
100,0.018018385,0.34379598,0.030096041,0.20001891,-0.07768481,0.063448645,0.027257713,0.17362954,0.039759863,0.17245242,-0.065102644,0.10589434,0.035470814,0.019825794,0.03956198,0.16230115,-0.07463572,0.09445275,0.03498523,0.0465578,0.029319482,0.15610301,-0.07239471,0.057932414,0.026253808,0.11860886,0.014960973,0.14269005,-0.0592347,0.015958851,0.014433798,0.38376167,0.006817018,0.14153577,-0.051664352,-0.009327738
101,0.01383074,0.34722567,0.026979515,0.20058645,-0.072498955,0.061094604,0.024808284,0.17354083,0.03786985,0.16934294,-0.060685206,0.10616107,0.03409882,0.01852893,0.038155794,0.15677531,-0.07171676,0.094881855,0.033696357,0.046138287,0.027947571,0.15087974,-0.07158223,0.057481784,0.024637239,0.119483285,0.013327814,0.13791502,-0.060567994,0.015020567,0.012452141,0.3875201,0.004756563,0.13594297,-0.05507908,-0.0077740485
102,0.013621725,0.35015282,0.026215531,0.19985354,-0.072563305,0.060646757,0.023965264,0.17612617,0.036968086,0.16816725,-0.06114178,0.10530062,0.033055127,0.018699449,0.03713964,0.15698086,-0.0731001,0.09335528,0.032476697,0.044839494,0.026736097,0.15245892,-0.072950505,0.05558183,0.023362642,0.118775986,0.01185425,0.1399596,-0.06128064,0.012354712,0.011053997,0.38797686,0.0025917776,0.1385103,-0.055318724,-0.011245299
103,0.022543682,0.35547414,0.030864194,0.19855571,-0.07632142,0.0682779,0.028226765,0.18734662,0.039899778,0.16879186,-0.06494104,0.10930231,0.03553539,0.024453178,0.03989017,0.16143686,-0.07738785,0.09636926,0.03491115,0.043797407,0.02961282,0.15891813,-0.0757803,0.059301004,0.026357219,0.11568069,0.015281487,0.1468729,-0.06153383,0.016195882,0.014861839,0.3840833,0.008340218,0.1468718,-0.053339057,-0.006632869
104,0.010076884,0.36691755,0.021861814,0.20172045,-0.06914246,0.05823373,0.019969858,0.18712565,0.034467213,0.1670574,-0.058438513,0.107893035,0.03084389,0.016426524,0.035132937,0.15508373,-0.071693435,0.096292675,0.030540554,0.039606288,0.024616715,0.1513566,-0.072111025,0.057499178,0.021237,0.11787379,0.008788321,0.13917187,-0.06046679,0.011207614,0.007992335,0.39348063,-0.0027726581,0.13772838,-0.05494108,-0.017635753
105,0.019821921,0.37729326,0.026656676,0.2030923,-0.0725277,0.06664527,0.024529375,0.20102824,0.038108803,0.17031687,-0.06129477,0.11498682,0.034295205,0.021640858,0.038920324,0.16020879,-0.07391677,0.10345752,0.034361638,0.03763919,0.028773416,0.15671581,-0.07245717,0.06547856,0.02571903,0.11441256,0.013578704,0.14432134,-0.05831981,0.018913327,0.01319938,0.38930336,0.0046804454,0.14391921,-0.05094758,-0.012172145
106,0.008908948,0.38721192,0.019252688,0.2055577,-0.06909026,0.05783131,0.017356537,0.20064627,0.033766333,0.17054842,-0.058129724,0.11401824,0.03029484,0.014287313,0.034804355,0.15780014,-0.07068377,0.10329919,0.03050045,0.034620762,0.024436247,0.15319264,-0.069992095,0.064322665,0.021399213,0.116261825,0.0082611,0.14058058,-0.05728478,0.016275372,0.0077535333,0.39573392,-0.0037020124,0.13952735,-0.05183474,-0.016096054
107,0.01752332,0.39306566,0.02364042,0.20663488,-0.07330278,0.064600036,0.021331178,0.20852666,0.036463723,0.17354102,-0.061705504,0.117981695,0.03263023,0.01864811,0.037247237,0.1631602,-0.07370443,0.10660436,0.032834694,0.03472194,0.026931653,0.15908013,-0.071014404,0.06811181,0.024151819,0.11565451,0.011308456,0.14634232,-0.055644773,0.020008486,0.011212943,0.39489248,0.0016975866,0.14648494,-0.048668087,-0.013737273
108,0.012711103,0.39683756,0.02037884,0.20813686,-0.07253857,0.060762525,0.018062683,0.20650795,0.03425256,0.17373516,-0.06103655,0.11690955,0.030456752,0.015533032,0.0349022,0.16284621,-0.07335271,0.10515247,0.030485649,0.03462832,0.024314495,0.15894549,-0.07083957,0.06601531,0.0215179,0.11797079,0.008278765,0.14635175,-0.055717018,0.017435,0.0081964135,0.39963692,-0.0024396204,0.14666806,-0.05007923,-0.016402464
109,0.011682691,0.39683497,0.019335423,0.20753609,-0.06791556,0.06202095,0.017695272,0.20583121,0.03326379,0.16861606,-0.057538293,0.11780131,0.029826188,0.01723548,0.034188706,0.15700991,-0.073198915,0.10456321,0.029495241,0.035785165,0.023460964,0.15602228,-0.0735966,0.06422245,0.02015842,0.117680535,0.0075744344,0.14495914,-0.060319286,0.016807713,0.0071338625,0.3998732,-0.0016581418,0.14530084,-0.0567194,-0.009209779
110,0.013373439,0.39310664,0.019423421,0.20442873,-0.06847429,0.062457338,0.017591165,0.20569634,0.031034114,0.16380301,-0.059041202,0.11074941,0.027128482,0.020459522,0.031406485,0.15685336,-0.07847739,0.09473593,0.02590117,0.034719113,0.020015802,0.16107346,-0.07927565,0.05353927,0.016369566,0.11636255,0.0037165745,0.15175664,-0.06359324,0.0054890183,0.0034725876,0.3997538,-0.0064558974,0.1536827,-0.057810538,-0.0074869646
111,0.015296166,0.38934332,0.020155001,0.20168637,-0.061843254,0.06705063,0.019355431,0.20556287,0.03082168,0.15464762,-0.054306004,0.11160604,0.027364597,0.02535808,0.031601872,0.14779507,-0.07899905,0.09335258,0.025584508,0.037198056,0.020040324,0.15677221,-0.08396054,0.05052599,0.015588242,0.11673944,0.0041186693,0.14960453,-0.070649505,0.0038362234,0.0033152364,0.4019958,-0.0032912516,0.15138496,-0.06643137,0.004159323
112,0.02375092,0.38448122,0.02440754,0.19768067,-0.06184309,0.07468824,0.023723783,0.20965658,0.03165724,0.14796384,-0.055651825,0.109354764,0.027843945,0.033562887,0.032167014,0.1464942,-0.08541941,0.0877432,0.025239784,0.0382953,0.020224515,0.1618887,-0.0918185,0.04412848,0.015263095,0.11434091,0.0047993525,0.15701786,-0.07734132,-0.0015493477,0.004050231,0.39841318,0.00029462238,0.16060756,-0.07411827,0.0028771497
113,0.013176679,0.38631582,0.018342368,0.19930808,-0.04830174,0.07148655,0.01948299,0.20231417,0.029305328,0.13829109,-0.044187516,0.11426866,0.026699862,0.029366799,0.030713644,0.13054033,-0.078337364,0.09135337,0.023768047,0.04035441,0.018411502,0.14777893,-0.090164036,0.044257585,0.012483703,0.12030687,0.0017946869,0.14416003,-0.07965381,-0.0040779235,-7.8031546e-05,0.4117706,-0.0062885713,0.14551614,-0.07611763,-0.0021517258
114,0.018460568,0.3873097,0.021443147,0.19843318,-0.055641316,0.07431994,0.021572292,0.20520249,0.030618852,0.14231667,-0.050782435,0.11439667,0.027334748,0.0313629,0.0313563,0.13988912,-0.08382892,0.09067793,0.02429821,0.040600438,0.01899146,0.15801859,-0.0922482,0.044557113,0.013657013,0.11974956,0.0029558847,0.15438396,-0.07826619,-0.0031026942,0.0019594652,0.4093592,-0.003256971,0.15803003,-0.07527677,0.00011370794
115,0.016588962,0.38846388,0.02066553,0.19846724,-0.057562582,0.07294577,0.020445496,0.20287982,0.03025228,0.14356965,-0.05244223,0.11520132,0.026784701,0.029546127,0.030641835,0.14237216,-0.08511381,0.09080155,0.023561742,0.041444086,0.01806306,0.16066349,-0.09260779,0.044358432,0.012890727,0.12154935,0.0019716504,0.15702678,-0.07769299,-0.0033362322,0.0012201122,0.41196975,-0.0047245035,0.16130954,-0.07483868,-0.00048098958
116,0.013723582,0.39133272,0.019528534,0.20004857,-0.05287036,0.07388069,0.02002661,0.20131572,0.031174764,0.14155011,-0.048124433,0.12225445,0.028273921,0.027785398,0.03204492,0.13684204,-0.08163224,0.09763062,0.025127592,0.043845754,0.019474575,0.15478335,-0.09113446,0.049780052,0.014000123,0.1255596,0.0032997588,0.15128002,-0.078063056,0.0017555472,0.002091584,0.41991562,-0.0033105675,0.15445441,-0.07492471,0.0055646715
117,0.008590281,0.39133817,0.016145868,0.19840269,-0.052973013,0.06895738,0.016393526,0.19798012,0.028259838,0.13911988,-0.048878327,0.118484296,0.02509213,0.024174258,0.028679514,0.1371936,-0.08402591,0.0924618,0.0214218,0.042638488,0.015445478,0.15731347,-0.093289465,0.043463252,0.009907566,0.12611438,-0.0015885329,0.1544147,-0.07926981,-0.005875388,-0.0026260738,0.42059368,-0.011452131,0.15835501,-0.0765525,-0.006931879
118,0.017484577,0.39551502,0.021040596,0.19820267,-0.060847048,0.07480938,0.020318089,0.20660733,0.031252317,0.1443712,-0.055829074,0.12185296,0.027446562,0.02735669,0.031276695,0.14761975,-0.08929566,0.09573379,0.024039164,0.041612163,0.018274872,0.16804501,-0.09467956,0.048246723,0.01348845,0.123517856,0.002150741,0.16491812,-0.076986924,-0.00038379434,0.0020746293,0.4149039,-0.004395252,0.17119822,-0.074868366,9.686162e-06
119,0.008214639,0.39909387,0.015781444,0.19997436,-0.055517685,0.069384456,0.015649408,0.20135248,0.029040707,0.1421926,-0.05103526,0.12437333,0.025740294,0.021527255,0.029334534,0.14161907,-0.08525366,0.098173544,0.022230593,0.042209066,0.0160369,0.16150548,-0.09272586,0.04897785,0.010913091,0.12709646,-0.00093582144,0.15846062,-0.077164754,-0.00063324586,-0.0014953646,0.4225427,-0.010418928,0.16351974,-0.07513107,-0.0012286732
120,0.01233961,0.39893672,0.018082159,0.19979103,-0.05723822,0.07318285,0.017800704,0.2036898,0.030261992,0.1427155,-0.052833304,0.12584716,0.026791925,0.023851855,0.030418597,0.14442527,-0.08741672,0.09896007,0.023236016,0.042863876,0.017154323,0.16525885,-0.09375014,0.050039478,0.012229877,0.12736546,0.00062626094,0.16236201,-0.076769836,0.0005406034,0.00038982253,0.42243195,-0.0071517094,0.16831444,-0.075175196,-0.00036905322
121,0.014400129,0.3985489,0.019087428,0.19900356,-0.055447664,0.07654029,0.01912369,0.20543092,0.030748473,0.13969927,-0.051804516,0.12750961,0.027350213,0.025938218,0.03101369,0.1425751,-0.08850748,0.099507526,0.023592195,0.043348975,0.017669896,0.16541384,-0.09562088,0.05002729,0.012538209,0.12750642,0.0013625636,0.16314536,-0.07866782,0.00069646887,0.0010529003,0.423439,-0.005081599,0.1693111,-0.07763347,-0.0022024098
122,0.010198379,0.40165168,0.01607019,0.19964418,-0.04981116,0.07515552,0.016845286,0.20569849,0.029186498,0.13548028,-0.04710569,0.12922266,0.02623432,0.023878494,0.029866388,0.13601911,-0.0861811,0.10079296,0.02232857,0.042908177,0.016267987,0.16005571,-0.0958801,0.049698688,0.010641956,0.12886895,-0.00069763325,0.15838563,-0.08089258,-0.00063848216,-0.0015167902,0.42813426,-0.008820493,0.16363706,-0.08029072,-0.0075673447
123,0.017265739,0.4058336,0.01944966,0.19902138,-0.052188993,0.08090308,0.020026198,0.21456252,0.031303413,0.13610508,-0.049389493,0.13325971,0.028166281,0.026800474,0.032062355,0.13928296,-0.088828646,0.1046202,0.024449594,0.041678283,0.018623834,0.16445053,-0.0973432,0.053843115,0.01322755,0.12671487,0.0021894183,0.16302277,-0.080766566,0.0035784747,0.0017446054,0.42493218,-0.0035557686,0.16934252,-0.080127895,-0.0038038203
124,0.007983637,0.41147122,0.013362376,0.2004223,-0.048730277,0.07368024,0.014169462,0.21199262,0.027898172,0.13486476,-0.04627402,0.13325697,0.024995703,0.020203464,0.028672721,0.13546626,-0.086227864,0.104536444,0.02107795,0.04116124,0.014757659,0.16031423,-0.09626597,0.052142866,0.009093489,0.12941262,-0.0027952553,0.15900216,-0.081317194,0.00065951666,-0.0035852368,0.4309603,-0.012427625,0.16454175,-0.08126542,-0.0087614255
125,0.014913697,0.41902107,0.016552445,0.20085275,-0.05473408,0.078118026,0.016592572,0.22139297,0.030065162,0.13972054,-0.05138371,0.13793741,0.026722858,0.02112796,0.0305683,0.14392094,-0.08943282,0.10931603,0.023131073,0.03984236,0.016857112,0.16829796,-0.09581174,0.057932235,0.011942655,0.12785152,3.194264e-05,0.16648419,-0.077380404,0.006740142,9.551324e-05,0.42762342,-0.007318303,0.17368564,-0.07675496,-0.002351493
126,0.011627444,0.4244898,0.013968874,0.2014485,-0.055708256,0.07502715,0.013717657,0.22297461,0.028678743,0.14098872,-0.05227623,0.13922893,0.02520839,0.016983457,0.028969385,0.14601524,-0.08988433,0.11044366,0.021577619,0.03930236,0.014996065,0.1702472,-0.09519545,0.058603518,0.01030824,0.12924726,-0.0021548467,0.16828658,-0.075756915,0.0071023684,-0.0018197806,0.4299806,-0.010831175,0.17593853,-0.07513561,-0.0022962417
127,0.0036309524,0.42939696,0.008593098,0.2027139,-0.056183454,0.06752807,0.007981825,0.22068727,0.025229873,0.14277133,-0.05256749,0.13761505,0.02163676,0.00997817,0.025148058,0.14746715,-0.08912639,0.10893495,0.017862493,0.039152455,0.0107153,0.17073348,-0.09353297,0.05632219,0.0062260292,0.13269475,-0.007297529,0.16841555,-0.073633,0.003834635,-0.0067891553,0.43564057,-0.01960782,0.17617536,-0.07326521,-0.008158351
128,0.013170849,0.4337623,0.013435695,0.20341694,-0.062130213,0.07419912,0.012164423,0.22861965,0.027982572,0.14736763,-0.057617173,0.14154238,0.02395665,0.013166003,0.027550405,0.15563829,-0.09257119,0.1125081,0.020372292,0.039418977,0.013370219,0.17868626,-0.09339189,0.061063576,0.009582877,0.13227981,-0.0035971887,0.17591749,-0.069983624,0.009150274,-0.0022855855,0.4334974,-0.012659398,0.18534948,-0.06944743,-0.0024466715
129,0.0052221813,0.4377998,0.008141322,0.20379636,-0.06174685,0.06729864,0.0066335686,0.2269966,0.024574842,0.14741665,-0.057330467,0.1399017,0.020462342,0.0064514107,0.02387588,0.1556689,-0.0920997,0.110801205,0.016688932,0.03875003,0.009183677,0.17853287,-0.09259685,0.05837857,0.005449125,0.13478577,-0.008732422,0.17566544,-0.0690247,0.0056005307,-0.00734465,0.43781427,-0.021390954,0.18510331,-0.06881986,-0.007807833
130,0.01047929,0.4418826,0.010360998,0.20359199,-0.058467492,0.074368365,0.009510339,0.23394758,0.026383592,0.14329363,-0.05491601,0.1470581,0.022550832,0.008711532,0.026044128,0.15206064,-0.0933872,0.11599995,0.018495262,0.038358975,0.0112072965,0.17816032,-0.09571183,0.062251173,0.0070626345,0.133355,-0.006434511,0.1764028,-0.072519176,0.009994541,-0.0052534137,0.43656853,-0.01661347,0.1861022,-0.07327122,0.0023319698
131,0.008710101,0.44076517,0.007783267,0.20090541,-0.051966082,0.07556783,0.007759808,0.2360321,0.023133408,0.13205892,-0.05072343,0.14516209,0.019400781,0.007788034,0.022821186,0.14533535,-0.09851224,0.10937176,0.014052231,0.035139292,0.006711852,0.1801885,-0.103623606,0.05246491,0.0017113532,0.13151835,-0.012397551,0.1810413,-0.07914337,-0.0016990107,-0.011367626,0.43486223,-0.025850788,0.19195232,-0.0803743,-0.0012025116
132,0.00470457,0.44176716,0.004978996,0.20007293,-0.045208443,0.07562418,0.0058580907,0.23574191,0.021802966,0.124115594,-0.04568344,0.14868082,0.018445225,0.005475859,0.021808539,0.13785219,-0.09952894,0.110087134,0.0123818,0.03499459,0.0049399748,0.17763709,-0.107804075,0.050597753,-0.00083051994,0.13219355,-0.014978207,0.18007699,-0.084215626,-0.0037016184,-0.014394744,0.4375653,-0.029761424,0.19088575,-0.08595283,0.0018981281
133,0.004640055,0.43979123,0.004306212,0.19847289,-0.04240734,0.07711884,0.0055560563,0.2359086,0.020478854,0.11775406,-0.044291582,0.14804666,0.01707487,0.0054657785,0.020380804,0.13628943,-0.104156844,0.10604426,0.010222829,0.034583192,0.0027559996,0.18176329,-0.112671696,0.04509099,-0.0032490527,0.13206756,-0.017462814,0.1855145,-0.08718326,-0.0092174485,-0.016653618,0.43667826,-0.032585964,0.19746622,-0.0910138,-0.0028659306
134,0.010231327,0.44151568,0.007372229,0.19841588,-0.03511696,0.08640568,0.0099581685,0.24165285,0.023677386,0.11053048,-0.038520385,0.1578433,0.02087969,0.008983205,0.024318509,0.12735894,-0.103669256,0.11362285,0.013666036,0.03601333,0.006493983,0.17649455,-0.11623663,0.050368216,-0.0004673751,0.13292246,-0.013398828,0.18144733,-0.09288598,-0.0033006312,-0.01338577,0.44153285,-0.025205735,0.19248635,-0.096156016,0.008987175
135,0.0071468577,0.44573256,0.004211569,0.1976737,-0.030549053,0.08513876,0.007322709,0.24535371,0.022093482,0.10451013,-0.035385385,0.16123591,0.019445002,0.004335095,0.022816263,0.123235054,-0.10527557,0.1147177,0.011647391,0.036012292,0.004186226,0.17618756,-0.119192295,0.049252886,-0.0031894506,0.13465159,-0.01662914,0.18206485,-0.09576356,-0.005115047,-0.016766211,0.44436285,-0.030963877,0.19318141,-0.099923596,0.006372898
136,0.010774501,0.44924867,0.004730535,0.19660537,-0.031130001,0.08736249,0.0077666836,0.25225118,0.021863637,0.10192509,-0.036566276,0.16358927,0.019051574,0.0028035678,0.02238635,0.12629457,-0.10996752,0.114849634,0.01091611,0.035636622,0.003324102,0.18289247,-0.12193771,0.048967473,-0.0036646388,0.13470457,-0.017344274,0.18932787,-0.09593451,-0.0050904923,-0.016792156,0.4426918,-0.031128092,0.20196366,-0.10346706,0.007132197
137,0.006480014,0.45530313,0.0017324061,0.1977401,-0.029127292,0.08403476,0.0049226303,0.25356653,0.02160355,0.102537505,-0.03460721,0.16853298,0.018985765,-0.0018655773,0.022283042,0.123152874,-0.106843024,0.12042007,0.010932258,0.03709069,0.003085942,0.17829266,-0.120329544,0.05341906,-0.00421392,0.13764025,-0.01815852,0.18458876,-0.095741995,-0.00082480017,-0.01804249,0.44868705,-0.034051094,0.19632679,-0.10119068,0.011242001
138,0.009962318,0.45683885,0.0029116566,0.19695507,-0.027051324,0.08766455,0.006487949,0.25806615,0.02227728,0.09710983,-0.033431046,0.17196903,0.019702174,-0.0016714572,0.022987759,0.1224593,-0.11191554,0.120678455,0.011040817,0.036616247,0.0031986088,0.18329881,-0.12532917,0.052540865,-0.00417052,0.13689107,-0.018065369,0.19080237,-0.0990441,-0.0015262811,-0.017607205,0.4462869,-0.032837532,0.2038715,-0.10807502,0.011977771
139,0.005052791,0.45981237,-0.0005496106,0.19732738,-0.026976544,0.08351265,0.0028397564,0.2579081,0.020248802,0.09893002,-0.033175465,0.1716797,0.017652918,-0.006422938,0.020862782,0.12154143,-0.10941259,0.12147004,0.009077707,0.03699314,0.0009166847,0.18040095,-0.123431936,0.05264428,-0.006565358,0.13926077,-0.02120698,0.1876084,-0.09802032,-0.0026079335,-0.020985851,0.45033976,-0.039631344,0.20009524,-0.1053528,0.006507875
140,0.006453136,0.46290186,-0.0010072252,0.19706103,-0.026944535,0.084407,0.0023567611,0.26254064,0.019645294,0.09677674,-0.033550277,0.17383954,0.016952185,-0.008962937,0.020107048,0.123956956,-0.11342163,0.121566355,0.008048527,0.03713893,-0.00031497865,0.18631652,-0.12551183,0.0524609,-0.007403328,0.13991442,-0.022448394,0.19396019,-0.0974277,-0.0021619871,-0.021556959,0.44936705,-0.041101664,0.20783985,-0.10780114,0.0077340817
141,0.0034640562,0.46593815,-0.0037405249,0.19724697,-0.025045885,0.08207875,-0.00023747937,0.2646649,0.018129457,0.09440063,-0.032271344,0.17525025,0.015448901,-0.013188072,0.018574914,0.12338275,-0.11489608,0.12178483,0.0062716547,0.03752406,-0.0023748537,0.18797724,-0.12658437,0.05191114,-0.009431711,0.14126612,-0.025074389,0.19594198,-0.09738957,-0.0024906439,-0.02397946,0.4504972,-0.04575588,0.21026386,-0.10881803,0.00751808
142,0.006543676,0.46722224,-0.002198853,0.19757836,-0.025909662,0.08408413,0.0012627286,0.2666573,0.01912684,0.09488441,-0.033054955,0.17715628,0.01642636,-0.0119417375,0.019538749,0.12553962,-0.11643042,0.12302157,0.007264687,0.03807642,-0.0013141318,0.19099368,-0.12686867,0.05366436,-0.008049296,0.14131007,-0.023418164,0.19896941,-0.0963589,0.00020445563,-0.02194486,0.4500088,-0.042301934,0.21397018,-0.10924439,0.012456061
143,0.006695631,0.4628506,0.0007567798,0.19742076,-0.029786741,0.083843656,0.003779928,0.2565637,0.02239017,0.10179134,-0.035726324,0.1774971,0.019707762,-0.0050786627,0.02295839,0.1265183,-0.11108724,0.12712404,0.011450757,0.04047309,0.003308234,0.1855702,-0.12243341,0.059529435,-0.0034403144,0.1425097,-0.017644688,0.19261289,-0.094119094,0.0063089915,-0.01663634,0.45455217,-0.03338966,0.20654131,-0.10244538,0.017437842
144,0.007870314,0.45547223,0.0035352432,0.19792026,-0.029866753,0.08733726,0.0067148013,0.24827307,0.02380728,0.10296816,-0.035533745,0.17576157,0.021229675,0.0017784083,0.024513412,0.12560008,-0.11032387,0.1256154,0.013052335,0.0394175,0.0052827853,0.18437721,-0.12283249,0.05849455,-0.0016491569,0.14089632,-0.015488583,0.19169678,-0.09524546,0.0034458726,-0.014690649,0.4533429,-0.03016751,0.2055988,-0.10303875,0.008624982
145,0.0047623822,0.4545307,0.0006701299,0.19765355,-0.025363805,0.086591505,0.0043853116,0.24902205,0.02075694,0.097106986,-0.032242775,0.17308044,0.018264174,-0.00042882137,0.02145239,0.12101543,-0.11248986,0.12072496,0.009310723,0.036849182,0.0013468886,0.1843764,-0.12700593,0.051586196,-0.0061681503,0.14022756,-0.020997865,0.19299725,-0.0994891,-0.0061124777,-0.020421466,0.4523743,-0.039992116,0.20727672,-0.10818857,-0.008211387
146,0.012462435,0.4568324,0.0044853115,0.1982128,-0.025269309,0.09431163,0.008444367,0.25661433,0.023063838,0.09705929,-0.03210815,0.17831706,0.020679168,0.0019409342,0.023928804,0.12132033,-0.11336528,0.12524395,0.0117713,0.035514615,0.004002403,0.1856776,-0.12791207,0.05591745,-0.003457155,0.13822654,-0.017798578,0.19459437,-0.09995304,-0.0016400444,-0.017106412,0.45015597,-0.03420413,0.20929518,-0.10917786,-0.0014199964
147,0.008030699,0.4592634,0.0019161385,0.20006076,-0.022794876,0.09249965,0.006137159,0.25532523,0.02213397,0.09823454,-0.029594535,0.18014266,0.019968683,-0.0006763012,0.023172796,0.11695866,-0.109419264,0.12790427,0.011092173,0.036536623,0.003182024,0.17954287,-0.12678298,0.057208057,-0.004862643,0.14056183,-0.019289497,0.18853553,-0.10174063,-0.0012326454,-0.019352466,0.45587984,-0.037667837,0.20202084,-0.109506145,-0.0017751716
148,0.009853236,0.46116516,0.0027259896,0.20035489,-0.022770183,0.09436556,0.00700022,0.2576061,0.022999065,0.09788082,-0.029563822,0.18315217,0.020865543,-0.00057942525,0.024071135,0.117323354,-0.11026197,0.13037561,0.011951419,0.036955874,0.0040789717,0.18071662,-0.1273237,0.05967588,-0.0038904557,0.14046304,-0.018051345,0.1898324,-0.10173302,0.0021935601,-0.0179768,0.45581916,-0.035087228,0.20365387,-0.11006977,0.0049169967
149,0.008344196,0.46600807,0.0004121526,0.20031326,-0.02357758,0.09202098,0.0044212667,0.26231378,0.02137175,0.09902097,-0.03026849,0.18365963,0.019128038,-0.0051114387,0.022267826,0.118467845,-0.10983366,0.1312663,0.0102461465,0.037203003,0.0021129022,0.18100666,-0.12622581,0.060358312,-0.005698185,0.14177202,-0.020376336,0.189866,-0.100322835,0.0030689659,-0.020172263,0.45756269,-0.039310403,0.20374337,-0.1084936,0.005935186
150,0.00816755,0.46805215,-0.00070583494,0.20009033,-0.024745146,0.0915112,0.003049319,0.26564378,0.019849662,0.10024358,-0.03125138,0.18237294,0.017474221,-0.007945986,0.02053009,0.12001689,-0.1096867,0.13028622,0.008604528,0.03677419,0.00026602205,0.18177156,-0.12516032,0.059360277,-0.0073376824,0.14273271,-0.022551063,0.19034122,-0.09869849,0.0016151753,-0.022162573,0.45864633,-0.043292377,0.20436108,-0.10683473,0.0020510715
151,0.012000755,0.470373,0.00015526195,0.19937491,-0.02717801,0.0932856,0.0035666127,0.27144614,0.019434469,0.1007337,-0.033506,0.1826522,0.016841616,-0.009288883,0.019835668,0.12458712,-0.11274058,0.12983201,0.007925746,0.03690264,-0.0005256444,0.18762052,-0.1252281,0.059721865,-0.007458911,0.14310287,-0.022895122,0.19599234,-0.09569382,0.0032191281,-0.021679627,0.4574507,-0.043026682,0.21131474,-0.10548346,0.0049326075
152,0.007658175,0.47358176,-0.0032508993,0.20000105,-0.029211596,0.08892449,-0.00035269646,0.2718195,0.016751269,0.105977066,-0.034926787,0.18022309,0.014010787,-0.0142170265,0.016896714,0.12625793,-0.10918934,0.12955111,0.005454504,0.038159765,-0.003356364,0.18519317,-0.12109029,0.05956358,-0.01007047,0.14690286,-0.026264707,0.19264328,-0.0921356,0.0023487187,-0.025083309,0.46366337,-0.04978974,0.20739935,-0.10023284,-0.000252917
153,0.013342584,0.47229964,-0.0015776852,0.20066601,-0.028992178,0.09390444,0.0014624427,0.27773133,0.015308551,0.10194546,-0.03523975,0.17740457,0.012401122,-0.01414752,0.015094034,0.1312741,-0.11726675,0.12245891,0.0030577814,0.03682663,-0.005871813,0.1972793,-0.124185145,0.053410828,-0.011650181,0.1462931,-0.028419996,0.20510761,-0.08804563,-0.0023155294,-0.025708104,0.45884553,-0.051667992,0.22269571,-0.10034587,-0.0067641865
154,0.014543464,0.4745953,-0.0008842549,0.20260973,-0.023878643,0.097495146,0.0030326587,0.27997488,0.01685191,0.099444285,-0.030528408,0.18307139,0.014410097,-0.013440604,0.017104255,0.12246888,-0.115004316,0.12726782,0.00466452,0.037489854,-0.0041540256,0.19016881,-0.12760176,0.054933395,-0.011225189,0.14788584,-0.027266448,0.1991481,-0.095686026,-0.0024057054,-0.025721759,0.46462274,-0.04968683,0.21541056,-0.10714114,-0.006182772
155,0.017298227,0.47881025,0.00081206043,0.20383014,-0.026287371,0.100206584,0.004454115,0.282687,0.018627577,0.10627963,-0.03202204,0.18709946,0.0162417,-0.013096686,0.018912567,0.123638734,-0.11023718,0.13378529,0.0071676997,0.03865286,-0.0015799345,0.18620022,-0.12340367,0.061776925,-0.008534289,0.14939947,-0.023988463,0.19444428,-0.09363388,0.004599809,-0.02269289,0.46896544,-0.044352945,0.2099387,-0.10370472,0.0029243096
156,0.015820596,0.47712177,0.0026352135,0.20402703,-0.028993867,0.10044244,0.0059484895,0.27309787,0.021046344,0.11574337,-0.03357523,0.18816707,0.01876819,-0.008434052,0.02153968,0.12158642,-0.10141312,0.13954261,0.010705292,0.040930733,0.0022524488,0.1757289,-0.118641995,0.067205414,-0.005280817,0.15215988,-0.019594174,0.18326715,-0.09502294,0.008248282,-0.01948868,0.4775423,-0.037792064,0.19653232,-0.10133055,0.0044624438
157,0.022014074,0.47577152,0.0060680723,0.20391795,-0.028519962,0.10512377,0.009657711,0.27547976,0.022873292,0.11338764,-0.033289257,0.1899822,0.020659376,-0.00428761,0.02341231,0.12139787,-0.10485776,0.13948728,0.012223332,0.040567525,0.0040363204,0.17948751,-0.122108236,0.066950105,-0.0035052549,0.15096459,-0.017212683,0.18796772,-0.09663113,0.008465212,-0.016768888,0.47535643,-0.03247028,0.20249236,-0.104045235,0.005821521
158,0.023479277,0.47562113,0.0068525076,0.20283149,-0.02999647,0.10581366,0.0102357,0.2757952,0.022952542,0.11443591,-0.034641165,0.189475,0.020620517,-0.0033895138,0.023342399,0.12267454,-0.10525043,0.13913684,0.012205317,0.04062161,0.0040450925,0.18049467,-0.12211607,0.0667221,-0.0033883606,0.15134284,-0.017086143,0.1889826,-0.09625666,0.007823255,-0.016509471,0.4760183,-0.03211947,0.20381248,-0.10368677,0.003380124
159,0.020399109,0.478738,0.0045176037,0.20244697,-0.030614726,0.10238446,0.0076593645,0.2760306,0.022002893,0.11652625,-0.035206523,0.19020651,0.019616202,-0.006320301,0.022311533,0.12278787,-0.10332009,0.14087717,0.011381733,0.04208632,0.0030195888,0.17861179,-0.12044775,0.068227574,-0.004432995,0.15364859,-0.018410085,0.18677543,-0.095453724,0.009169232,-0.017983941,0.47999877,-0.034937937,0.20115674,-0.10215396,0.0043687862
160,0.017101277,0.48550484,9.021524e-05,0.20407954,-0.027172089,0.09921535,0.0035500927,0.28320235,0.019459233,0.114890225,-0.0322704,0.19264464,0.01727716,-0.013641744,0.019846918,0.11936681,-0.10310802,0.14229305,0.008651955,0.04305116,-0.00020596306,0.17748624,-0.121609636,0.06785225,-0.007960875,0.1567869,-0.022854319,0.18624377,-0.0965464,0.008626343,-0.022550192,0.48462006,-0.043241948,0.20067582,-0.10358102,0.0037769268
161,0.022924267,0.48346427,0.001886536,0.20589201,-0.020557787,0.10677768,0.00654168,0.29053792,0.018965216,0.10409253,-0.027026774,0.1940704,0.017149268,-0.013180934,0.019529957,0.11481377,-0.111815386,0.13757831,0.0070252693,0.04040836,-0.0019054126,0.18538053,-0.13085392,0.061045125,-0.009935787,0.1553827,-0.025350364,0.196629,-0.100947574,0.0015449187,-0.024349187,0.48033515,-0.04627774,0.21364243,-0.11123923,-0.0053833164
162,0.016352417,0.48425895,-0.0025378992,0.2068706,-0.015929885,0.102637306,0.0026203895,0.28859895,0.016718699,0.09943634,-0.023395754,0.19509736,0.01511724,-0.016348526,0.017550206,0.10980517,-0.113030195,0.13718301,0.0044766506,0.04196976,-0.004655525,0.18443543,-0.13428605,0.059161168,-0.013277815,0.15703367,-0.029084466,0.19677979,-0.10454495,0.00028003834,-0.028354533,0.48292306,-0.052554097,0.21392956,-0.11527489,-0.004179889
163,0.012454302,0.4852625,-0.0057290476,0.20676896,-0.014784217,0.098481126,-0.000571972,0.28857896,0.014763986,0.096619345,-0.022792732,0.19488741,0.013115714,-0.018933775,0.015592879,0.11069168,-0.11550461,0.1361898,0.002295245,0.043002844,-0.006998097,0.18783337,-0.13478214,0.059168503,-0.015268855,0.15720098,-0.03163738,0.20022894,-0.10241667,0.0022489838,-0.030340185,0.48173195,-0.05654898,0.21829069,-0.11400878,0.0013662928
164,0.019383056,0.47966272,0.000121825666,0.20553745,-0.020372214,0.104405776,0.0046993284,0.28416958,0.016895067,0.10325697,-0.027261605,0.19088621,0.015003571,-0.011315025,0.017304407,0.115894,-0.11325311,0.1338348,0.0046920134,0.041370384,-0.004206628,0.18807453,-0.13085146,0.058428124,-0.011923134,0.15651263,-0.027643263,0.19950755,-0.09845493,-0.00050863536,-0.02611213,0.48162377,-0.049490105,0.21756592,-0.10849502,-0.009549691
165,0.020500373,0.4778062,0.0019088513,0.2056757,-0.022012178,0.10588057,0.0063239634,0.2796967,0.01799791,0.106239066,-0.02831501,0.19095434,0.016102474,-0.0074947663,0.018340476,0.116044335,-0.11138208,0.13465282,0.0059689744,0.041564867,-0.0026744194,0.18607491,-0.13000152,0.05937921,-0.010516077,0.1563007,-0.025607629,0.19742227,-0.099241234,-8.877006e-05,-0.024350017,0.4826985,-0.04552917,0.21507396,-0.10900712,-0.009327397
166,0.013039941,0.47981846,-0.0021346004,0.20528488,-0.022698004,0.0991244,0.0019272167,0.27363154,0.016683912,0.108486444,-0.028952053,0.19227111,0.01471354,-0.0094497,0.016978648,0.11611942,-0.10877351,0.13750769,0.004871972,0.043918233,-0.0038405126,0.18334174,-0.12754668,0.063062154,-0.01169976,0.15718986,-0.02688627,0.19415717,-0.097945705,0.005345001,-0.025827011,0.48486784,-0.04790242,0.21120095,-0.10646643,0.0018599541
167,0.013324178,0.478534,-0.0011082193,0.20535761,-0.022484032,0.10016398,0.0030484519,0.2697162,0.01789977,0.10817171,-0.028730245,0.1945842,0.015997523,-0.0064490787,0.0182967,0.11549245,-0.10953837,0.13928773,0.006091587,0.045095727,-0.0023968006,0.18383785,-0.12913884,0.06477708,-0.010392095,0.15700892,-0.02490807,0.19514613,-0.09986042,0.008048569,-0.023899077,0.48496285,-0.043463647,0.21249418,-0.10938477,0.009312326
168,0.013020326,0.47738954,-0.0011103529,0.20571558,-0.022751618,0.10100653,0.0030059854,0.26840124,0.017325178,0.10946974,-0.028889626,0.19371955,0.0154069215,-0.0060735247,0.01766792,0.11580932,-0.10882694,0.13871434,0.00555142,0.045134656,-0.0029691693,0.18346393,-0.12839618,0.06424272,-0.0109226685,0.15764566,-0.025611248,0.19463594,-0.099206634,0.0070055947,-0.02459802,0.4862675,-0.044864785,0.21191402,-0.108522296,0.006448757
169,0.013440437,0.47018212,0.0015640302,0.2048103,-0.026164241,0.10253719,0.0052717277,0.2583958,0.01801969,0.11391674,-0.0315825,0.18904361,0.015923306,0.00064545975,0.018179737,0.11848549,-0.10706661,0.13566622,0.006473062,0.044468015,-0.001660431,0.18281879,-0.12619981,0.062634744,-0.009403953,0.1565987,-0.023670865,0.19342016,-0.09776869,0.0039688437,-0.022678997,0.48577932,-0.041461613,0.21044038,-0.10646613,-0.0022118317
170,0.01061548,0.46843186,-0.00015401875,0.2042869,-0.025648553,0.10033499,0.003529614,0.2559019,0.016444992,0.11189113,-0.031622086,0.18680316,0.014248139,-0.00025268225,0.01643867,0.11973134,-0.10877825,0.13274923,0.0045982073,0.044762645,-0.0036401947,0.18531789,-0.1260923,0.060585734,-0.011080563,0.1566597,-0.025753014,0.19571951,-0.09556388,0.0031396563,-0.024328575,0.4849403,-0.04478945,0.21327458,-0.10428654,-0.0025070366
171,0.009533573,0.46893397,-0.0010662918,0.20431112,-0.025457196,0.09915567,0.002595062,0.25552097,0.015895426,0.1111877,-0.031668637,0.18706079,0.01366272,-0.0009161568,0.015801039,0.12061692,-0.109720774,0.13253628,0.0039156713,0.045741413,-0.0043623825,0.18691146,-0.12601767,0.060876712,-0.011603815,0.15713465,-0.026282927,0.19724403,-0.09435532,0.004819674,-0.024590522,0.4851559,-0.045188088,0.21518259,-0.10359009,0.0020431832
172,0.013296912,0.46646363,0.001966123,0.20434569,-0.028230516,0.10297645,0.005357057,0.25443757,0.017079718,0.11481476,-0.033768535,0.18591332,0.01473778,0.002599793,0.016868941,0.12339419,-0.10889677,0.13239256,0.005321133,0.04569881,-0.0027399883,0.18755646,-0.12429302,0.06161302,-0.009667349,0.15719505,-0.023860533,0.19744673,-0.09255141,0.005281386,-0.02200199,0.48570034,-0.040551297,0.21548504,-0.10181039,0.0009750154
173,0.012144627,0.46671343,0.0020694037,0.20458962,-0.031034313,0.10215877,0.0050171106,0.2512713,0.017153952,0.12098841,-0.035530522,0.18500614,0.01473966,0.003162367,0.016835837,0.124128655,-0.104612246,0.13395415,0.0058394833,0.046883095,-0.0022067856,0.18348894,-0.12103336,0.06328903,-0.009193621,0.15913543,-0.023178382,0.19271675,-0.091884024,0.0059971283,-0.021730676,0.49019542,-0.03991525,0.20975915,-0.099877015,-0.0004615731
174,0.01283612,0.4690181,0.0014014686,0.20375651,-0.0323687,0.10115149,0.004083187,0.25491965,0.016383218,0.12075201,-0.03696649,0.18502751,0.01377253,0.0012598007,0.015821666,0.12683667,-0.1066478,0.13340963,0.0047699744,0.04740699,-0.0034348522,0.18709335,-0.1213084,0.06298252,-0.01004364,0.15971285,-0.02429858,0.19632214,-0.09018169,0.0065855123,-0.022348255,0.48975354,-0.041359264,0.21421233,-0.09880529,0.0013950854
175,0.012621956,0.47034207,0.00106089,0.20360638,-0.031971816,0.10101177,0.003784117,0.25578395,0.016477078,0.1197103,-0.03675614,0.18647861,0.013874108,0.00051673513,0.015905049,0.12690592,-0.1077622,0.13413496,0.0047298637,0.048123047,-0.0035331612,0.18840691,-0.12221179,0.06343948,-0.01010929,0.16034383,-0.02432129,0.19788553,-0.09039432,0.0076733674,-0.022234255,0.49020943,-0.041028276,0.21616486,-0.09954576,0.0045670033
176,0.011157375,0.47088826,9.145174e-05,0.2044148,-0.030407673,0.10073479,0.0030209662,0.25562018,0.016094062,0.118753046,-0.035453655,0.18733636,0.013603168,-0.0007937326,0.015602488,0.12573802,-0.10777447,0.13445993,0.004329485,0.048746694,-0.004077924,0.18814336,-0.12246713,0.06325779,-0.010728168,0.16166216,-0.025123185,0.19774999,-0.09038831,0.00759711,-0.02304377,0.49214938,-0.042554326,0.21604003,-0.09950255,0.0047467123
177,0.012768881,0.46818894,0.0014673732,0.20502743,-0.029944569,0.10368908,0.0045592533,0.25473636,0.016342757,0.11818119,-0.035059225,0.18660499,0.013895415,0.0008169958,0.015877884,0.12588279,-0.108707175,0.1331119,0.0045126723,0.04847636,-0.0038554207,0.18939044,-0.12310127,0.06180977,-0.010445656,0.16209696,-0.024814188,0.19915007,-0.090220444,0.005567862,-0.022589928,0.49267638,-0.041802537,0.2177957,-0.099771425,0.00021863088
178,0.011139626,0.46567026,0.0013695861,0.20503505,-0.030551197,0.103666216,0.004357445,0.250222,0.015738402,0.1194638,-0.0353915,0.18444914,0.013255947,0.0018716399,0.015183313,0.12570165,-0.10802007,0.13135256,0.0038719713,0.048971508,-0.004502812,0.18859202,-0.12305149,0.059800122,-0.011190302,0.16324894,-0.025586905,0.1984226,-0.09094095,0.0026760187,-0.02348749,0.49484062,-0.04309319,0.21694584,-0.100623526,-0.0055908817
179,0.0051982007,0.46578977,-0.0021445854,0.20492272,-0.034425184,0.0973809,1.1867378e-05,0.24487522,0.01254598,0.123933844,-0.038599137,0.17905898,0.0096599255,-0.0010388334,0.01140027,0.1310223,-0.10763404,0.12717246,0.00045855087,0.05095653,-0.008269238,0.19138187,-0.11987959,0.05692939,-0.014227741,0.16568068,-0.029327773,0.20055994,-0.08626651,0.0010268069,-0.026592545,0.49697068,-0.04916185,0.21977247,-0.09681508,-0.007835765
180,0.008858313,0.46609837,-0.00029917853,0.20503257,-0.039909508,0.09912206,0.001081408,0.246786,0.012566239,0.12926258,-0.043309283,0.17743117,0.009255782,0.00012140855,0.010923321,0.14002584,-0.10887663,0.12641062,0.0005180787,0.051660433,-0.008125729,0.1979657,-0.1158835,0.059055045,-0.012763011,0.16529763,-0.027576687,0.20617457,-0.078493975,0.0062054163,-0.023629941,0.49446407,-0.04449685,0.22692497,-0.090566516,0.0022459677
181,0.0066638887,0.46589005,-0.001310055,0.20586628,-0.040287975,0.09809005,-3.472322e-05,0.24406478,0.011836317,0.1311798,-0.043538723,0.17669892,0.008524995,-0.00084579294,0.010124158,0.14114206,-0.10745226,0.12647715,-1.4603022e-05,0.052896343,-0.008800788,0.19750829,-0.11341812,0.059743557,-0.013140107,0.1671224,-0.028008752,0.20519811,-0.075631656,0.008062694,-0.023851238,0.4972736,-0.04500297,0.22587869,-0.08743768,0.0059515378
182,0.007471516,0.46747783,-0.0015643721,0.20597574,-0.038742404,0.09899673,-5.15742e-05,0.24667615,0.011737826,0.12878144,-0.042387266,0.17886293,0.008511365,-0.0016521739,0.010083326,0.13964188,-0.10883562,0.12731838,-0.00035471565,0.053107534,-0.009196821,0.19820169,-0.11551443,0.05955747,-0.013755336,0.16738284,-0.028619815,0.20653078,-0.07764841,0.007903766,-0.024513882,0.49743262,-0.04571209,0.22765845,-0.09054834,0.0071129063
183,0.0068152915,0.46969435,-0.0027762218,0.20623069,-0.037672162,0.098544784,-0.0011560721,0.24892054,0.01102142,0.12860227,-0.04130311,0.1804617,0.007899423,-0.003989036,0.009427183,0.13721803,-0.10776934,0.12902267,-0.0010684178,0.05335799,-0.01011587,0.19584593,-0.11607056,0.060014877,-0.015027543,0.16860263,-0.030213531,0.20446038,-0.07957288,0.0076296236,-0.026436351,0.49998614,-0.04905097,0.22527277,-0.09221449,0.005897328
184,0.008367748,0.4702777,-0.002561518,0.20675968,-0.035607085,0.100710094,-0.00058523536,0.25187823,0.011008096,0.12568766,-0.039624743,0.18261224,0.008021627,-0.0044509126,0.009523367,0.135031,-0.10967457,0.12936984,-0.001392034,0.053103223,-0.0104934815,0.19673039,-0.1192009,0.05888959,-0.01575265,0.16869536,-0.031050302,0.20621738,-0.0826982,0.005591135,-0.02739739,0.49990508,-0.050390057,0.22752853,-0.09672839,0.0025388105
185,0.0074990224,0.4706326,-0.0030759613,0.2070893,-0.03661327,0.10000226,-0.0012879799,0.25121692,0.010357656,0.1288825,-0.04004845,0.1815935,0.0073658093,-0.004969918,0.00882747,0.13419093,-0.106905416,0.12992153,-0.0018156645,0.053577073,-0.010991916,0.19336624,-0.117878884,0.058979377,-0.016471438,0.17014082,-0.03189147,0.20264627,-0.08348046,0.0044829976,-0.0286239,0.5032719,-0.052471366,0.22323962,-0.09644183,-0.0017335153
186,0.01457875,0.47008348,0.0015155768,0.20748453,-0.03975503,0.10611742,0.0030668466,0.25421348,0.012650007,0.1334789,-0.042129114,0.18247697,0.009599715,-0.0003695272,0.011064885,0.13619111,-0.10550877,0.13200334,0.0008045495,0.052834775,-0.00794008,0.1928753,-0.11679873,0.06162754,-0.0133165745,0.16915727,-0.027858991,0.20194286,-0.08357293,0.0062024198,-0.024694648,0.5029388,-0.04500116,0.22242133,-0.09666848,-0.0011720514
187,0.015132143,0.47329563,0.0017286423,0.20825577,-0.040498167,0.1065554,0.00318562,0.25581637,0.013498612,0.13749944,-0.042170014,0.18524528,0.01057486,-0.0008636847,0.012027836,0.13457265,-0.10141567,0.1366941,0.002196458,0.053634617,-0.006509445,0.18773995,-0.114768274,0.06588398,-0.012198126,0.17038141,-0.026339155,0.19644694,-0.08471623,0.010048557,-0.023787053,0.50670874,-0.042886667,0.21572618,-0.096597694,0.0042156265
188,0.014128923,0.47540113,-0.00040640146,0.20893694,-0.03775597,0.10580214,0.0013875414,0.2605572,0.011785781,0.13356207,-0.040131733,0.18571934,0.008968803,-0.004606624,0.010344388,0.13269414,-0.103441395,0.13539474,8.5672014e-05,0.053323172,-0.009016636,0.1892194,-0.11698741,0.06306224,-0.014844678,0.17163622,-0.029817317,0.19856189,-0.08574585,0.006578454,-0.027120065,0.50780255,-0.04918253,0.21837856,-0.09837135,-0.0012150888
189,0.01355126,0.47563255,-0.0015356923,0.20937951,-0.035323825,0.10593438,0.00059847964,0.26268983,0.01078038,0.12992743,-0.038289536,0.1863386,0.008074991,-0.006197971,0.009418139,0.13054153,-0.10548738,0.1343162,-0.0012826986,0.053558405,-0.010575829,0.19043027,-0.11993052,0.06051316,-0.016674573,0.17259878,-0.031961866,0.20060939,-0.08814375,0.003619412,-0.029258598,0.5087486,-0.05263779,0.2209189,-0.1016354,-0.0046341666
190,0.017709482,0.47610483,0.0016493422,0.21005917,-0.035271294,0.11107007,0.003987906,0.26386112,0.013421015,0.13145696,-0.03775477,0.19071136,0.0109200645,-0.002995759,0.012311801,0.128295,-0.10394145,0.1389664,0.0016951244,0.05380332,-0.007236192,0.18757777,-0.12103324,0.06421349,-0.013812779,0.17242832,-0.027968466,0.19819997,-0.09176405,0.0068963105,-0.025837818,0.51032424,-0.04510504,0.21796481,-0.10506864,0.0019035141
191,0.019199105,0.47646803,0.0029573801,0.21003644,-0.03629171,0.11301124,0.0052033854,0.26370192,0.014477982,0.13402428,-0.03832344,0.19260253,0.012003055,-0.0018801374,0.013415223,0.12787925,-0.1021577,0.14175133,0.0030095684,0.055085484,-0.005813802,0.18542735,-0.120619886,0.06650208,-0.012590587,0.17377414,-0.026122,0.19606122,-0.09318923,0.009051392,-0.02433923,0.5133706,-0.041614573,0.21534665,-0.106071845,0.005706861
192,0.020157441,0.47575718,0.0037978392,0.2095632,-0.03678853,0.11436939,0.0060030366,0.26344812,0.014833827,0.13421477,-0.03871729,0.1928958,0.012328566,-0.0010421921,0.013742473,0.1277934,-0.10239085,0.14200944,0.003309521,0.05553525,-0.00547301,0.18551442,-0.12137666,0.06636159,-0.012338888,0.17442816,-0.025656587,0.19639137,-0.094360664,0.008491796,-0.023939459,0.5145271,-0.040501423,0.21577433,-0.10753668,0.0045729703
193,0.017745042,0.48053244,-5.7755562e-05,0.20958924,-0.034556217,0.11084456,0.0022899164,0.27041742,0.012406835,0.13102402,-0.037156694,0.19384448,0.0099369455,-0.007641988,0.0112745445,0.125985,-0.10365314,0.141827,0.00050050806,0.056517374,-0.008929406,0.18614002,-0.122980766,0.06435345,-0.015950097,0.17718007,-0.030348307,0.19751891,-0.09532476,0.006273589,-0.0285546,0.51761717,-0.04929411,0.21721363,-0.108921975,0.0016182007
194,0.015025914,0.4858251,-0.0055578873,0.20998104,-0.029416312,0.10632514,-0.0026791026,0.28189257,0.008755821,0.12140658,-0.033676628,0.19514379,0.006373135,-0.016891494,0.007638831,0.12331625,-0.109427966,0.13941011,-0.004119801,0.05724038,-0.014439346,0.1911846,-0.12795632,0.059561186,-0.021536512,0.17948444,-0.03757382,0.20379807,-0.09668408,0.0025195614,-0.035177447,0.5180779,-0.061970223,0.22498517,-0.112103246,-0.0007527614
195,0.015916247,0.48750088,-0.006098755,0.21057098,-0.028234957,0.10691808,-0.0030492176,0.2860445,0.008055067,0.11901698,-0.032836147,0.19578685,0.0057012797,-0.018496636,0.006881674,0.122889146,-0.11155363,0.13856308,-0.0051838686,0.0574225,-0.015674558,0.19339631,-0.12989692,0.057809193,-0.022773728,0.18033212,-0.03896996,0.20650919,-0.09742322,0.0011443202,-0.036333483,0.5186531,-0.06376262,0.22836652,-0.11395315,-0.0015307483
196,0.017060582,0.48789078,-0.004716871,0.21128953,-0.028387383,0.109197326,-0.0016036107,0.28454715,0.008962264,0.12162512,-0.03262183,0.19656806,0.0067186663,-0.01618369,0.007815388,0.12029363,-0.1091625,0.13998377,-0.004148017,0.05809355,-0.014402278,0.18948579,-0.13074805,0.057573285,-0.022120312,0.18190688,-0.03729467,0.20298871,-0.10135925,-4.435389e-05,-0.035332724,0.52332824,-0.059914153,0.2241238,-0.117070444,-0.003597084
197,0.017988212,0.4887025,-0.0039850026,0.21210065,-0.028239392,0.11033378,-0.0007940289,0.28419235,0.009773651,0.12233204,-0.032287944,0.19878696,0.007616935,-0.014532352,0.0087044705,0.119152345,-0.108989015,0.14200957,-0.0033000717,0.05897232,-0.013320218,0.18879561,-0.13209768,0.059072904,-0.021299697,0.18214768,-0.035654854,0.20273432,-0.10385929,0.00222819,-0.033906695,0.52474415,-0.055819232,0.22384533,-0.120292835,0.003147509
198,0.021345962,0.4859168,-0.0007903733,0.21277724,-0.029995425,0.115347415,0.0023027228,0.28194195,0.010816563,0.1251961,-0.0335828,0.19782923,0.008606644,-0.010930917,0.009601527,0.12202299,-0.108794875,0.14127715,-0.0021178129,0.058832135,-0.011907037,0.19043593,-0.13011912,0.05955449,-0.019388769,0.18238218,-0.033238314,0.2038928,-0.100731075,0.0029050803,-0.031073015,0.52525836,-0.05076137,0.22539124,-0.11779038,0.001760579
199,0.019636756,0.4825797,0.0011479639,0.21192329,-0.033936758,0.117334194,0.003686503,0.27193883,0.011718418,0.1352073,-0.036562722,0.1950128,0.009380299,-0.0071523683,0.010380237,0.1232083,-0.1012422,0.14273591,-0.00034646818,0.059938725,-0.009899296,0.18312068,-0.12414922,0.06148292,-0.017540826,0.18509018,-0.030737173,0.19524565,-0.098400086,0.002546414,-0.029359428,0.53244627,-0.04778665,0.21484695,-0.1106106,-0.007619495
200,0.01884705,0.4810303,0.0012394951,0.2106833,-0.036348652,0.11681733,0.003363715,0.26873994,0.011355749,0.13705407,-0.039161205,0.19314426,0.008711891,-0.006552343,0.009691917,0.12846175,-0.10155827,0.14163259,-0.00070421444,0.060411785,-0.010274051,0.18628898,-0.11998038,0.06315807,-0.016989911,0.18488869,-0.030479092,0.19719239,-0.0908861,0.0064776195,-0.02826673,0.53112674,-0.047422584,0.21741113,-0.101835884,-0.0023731769
201,0.018676704,0.48381975,-9.867229e-05,0.20980363,-0.036843862,0.11479775,0.0018507016,0.27166498,0.011089597,0.13438669,-0.04034699,0.19562112,0.008226268,-0.009068914,0.009206408,0.13278073,-0.10511932,0.14280427,-0.0013165592,0.06157599,-0.011100052,0.19242638,-0.11880617,0.06634199,-0.016913312,0.18445545,-0.030796833,0.2028492,-0.084946014,0.013831118,-0.027489796,0.5279944,-0.047373135,0.2244941,-0.09646761,0.014186969
202,0.017533341,0.47347525,0.0026842759,0.20872097,-0.03783027,0.11922899,0.004614839,0.2587878,0.011328169,0.13280877,-0.041661747,0.19179353,0.0082724495,-0.0008511576,0.009247004,0.13571805,-0.1083979,0.1378241,-0.0014731743,0.05918213,-0.010613045,0.19726607,-0.11981395,0.064143136,-0.015985223,0.18010642,-0.03013099,0.20784986,-0.08331658,0.00970039,-0.02621251,0.5215787,-0.046655778,0.23076317,-0.09618478,-0.0006977684
203,0.0027162763,0.47616875,-0.005481584,0.20913538,-0.0332661,0.108349785,-0.0032765844,0.24588224,0.008354098,0.12894069,-0.037965603,0.19442058,0.005553976,-0.005360991,0.0064457958,0.12921378,-0.10715026,0.13974041,-0.0046848296,0.06273353,-0.014250363,0.192552,-0.12191172,0.065035336,-0.02051042,0.18241125,-0.035541274,0.20380698,-0.08792337,0.011574674,-0.032346297,0.525626,-0.057475623,0.22596587,-0.100609876,0.0044082003
204,0.004373201,0.47455475,-0.005061068,0.21021506,-0.027903415,0.11136637,-0.0019412353,0.24685478,0.00861063,0.11787471,-0.034113932,0.19787507,0.006057776,-0.0031447217,0.006867787,0.1270857,-0.116057165,0.13720316,-0.0055215433,0.06179554,-0.014913774,0.20105724,-0.13009857,0.061595656,-0.021240266,0.18009624,-0.03634717,0.21440056,-0.09180655,0.008421809,-0.032424323,0.5196923,-0.057254497,0.23912373,-0.109906346,0.0018769132
205,0.001895342,0.4706081,-0.003587108,0.2110575,-0.028381048,0.11334634,-0.00045027543,0.23569974,0.009787267,0.122232296,-0.033664264,0.19757329,0.007425257,0.0018751761,0.008195414,0.123661734,-0.1116473,0.13840963,-0.0039150245,0.06277584,-0.012884105,0.19484666,-0.12926969,0.062297992,-0.019928733,0.18169928,-0.03413881,0.20818359,-0.094812684,0.007179014,-0.03116972,0.52527136,-0.053675126,0.23165436,-0.11135173,-0.0034777378
206,0.004266132,0.469431,-0.0009738463,0.21109116,-0.03336681,0.11585588,0.0014928863,0.23325567,0.0107219545,0.13053985,-0.03728651,0.1957606,0.008123544,0.0052231783,0.008894591,0.12775466,-0.10814536,0.13927945,-0.002463436,0.063238986,-0.011134657,0.19376539,-0.12475447,0.064473085,-0.017725384,0.18266143,-0.031249546,0.20615354,-0.090878114,0.00917328,-0.028177164,0.5280053,-0.048187695,0.22935082,-0.1062416,-0.0033625977
207,0.00750631,0.46906576,0.0006228554,0.21076314,-0.036450215,0.11763456,0.0026697451,0.2356551,0.010709415,0.1333977,-0.040138364,0.1938719,0.007826139,0.006279811,0.008561425,0.13348302,-0.10911278,0.13793653,-0.0024581228,0.06355448,-0.011081221,0.19817127,-0.12199208,0.06483519,-0.016725076,0.18301979,-0.030045167,0.20987824,-0.085113145,0.011260232,-0.026060395,0.52737635,-0.044909816,0.23403332,-0.101026006,8.481776e-05
208,0.010578335,0.4787102,1.1479016e-05,0.21076554,-0.04032352,0.115779504,0.0013868848,0.24580675,0.011067279,0.14023848,-0.043021105,0.19745143,0.007996635,0.0021701006,0.008721983,0.13765512,-0.1060645,0.1436414,-0.0015559337,0.06453416,-0.010475664,0.19767965,-0.11713085,0.07109803,-0.015487985,0.18462607,-0.028822377,0.2082613,-0.08024253,0.019216733,-0.02454341,0.5296882,-0.042792473,0.2320509,-0.09554612,0.014161467
209,0.01203522,0.48542064,-0.0018805389,0.21075639,-0.037706852,0.11473467,-0.00018464979,0.25536862,0.010405861,0.13614695,-0.04092434,0.20198186,0.007499068,-0.001311447,0.00820442,0.1340471,-0.10827822,0.14597726,-0.0026636838,0.06280113,-0.011878793,0.19826615,-0.12176739,0.07065673,-0.017488947,0.18387899,-0.031745806,0.21045361,-0.085434414,0.015882304,-0.027712826,0.528535,-0.048859566,0.23515436,-0.10250087,0.006923464
210,0.010086511,0.49005786,-0.005060077,0.20961265,-0.03924967,0.1120676,-0.0038219923,0.26159468,0.0073727486,0.1393424,-0.042388745,0.20014654,0.004239789,-0.007557155,0.004837012,0.13502099,-0.10570739,0.14578201,-0.005698362,0.06257623,-0.015677644,0.19618137,-0.11913577,0.06927874,-0.021197693,0.18665835,-0.037137058,0.2078496,-0.0839478,0.01181107,-0.03317909,0.5332553,-0.060270317,0.23208529,-0.100317076,-0.005621558
211,0.00923892,0.49149024,-0.006765158,0.20981927,-0.03722287,0.11190266,-0.0052917493,0.2653298,0.0060200677,0.13646542,-0.041040268,0.20109136,0.0029433607,-0.010683409,0.0035126675,0.13410047,-0.10694776,0.14570722,-0.0072886148,0.063095175,-0.017609019,0.1971074,-0.119760685,0.06868851,-0.023114223,0.18770067,-0.03959969,0.20882404,-0.08332483,0.012101535,-0.035458427,0.5342456,-0.06467775,0.23330466,-0.09978066,-0.0042950884
212,0.01694168,0.49112132,-0.0011882359,0.21073847,-0.0381648,0.1195968,0.0004683371,0.26618674,0.009715252,0.13800715,-0.041486528,0.20547177,0.006766826,-0.0037656233,0.0073101176,0.13497639,-0.10741423,0.14940071,-0.0033943849,0.06156157,-0.012899197,0.19817899,-0.120356135,0.07325889,-0.018338578,0.18474887,-0.033216044,0.2100639,-0.08394298,0.017218074,-0.02907007,0.5310204,-0.05184655,0.23485802,-0.10161451,0.005769465
213,0.020610591,0.48832703,0.0029143614,0.21063288,-0.039733574,0.12519631,0.0045480323,0.26223996,0.01213221,0.14002667,-0.042636704,0.20701616,0.009180627,0.0022010424,0.009713655,0.13612483,-0.107441954,0.15095207,-0.0008489909,0.060711678,-0.009767364,0.19876593,-0.12062478,0.07556327,-0.015164383,0.183204,-0.029095564,0.21076378,-0.08465147,0.018668804,-0.024990946,0.52985275,-0.04390092,0.23578435,-0.10327887,0.006603791
214,0.014750101,0.4844814,0.003671602,0.21110585,-0.043857284,0.12589698,0.0046813698,0.24639072,0.012213004,0.15131767,-0.045513302,0.20324527,0.009174971,0.0061680563,0.009651908,0.1391327,-0.09945796,0.15182936,0.00038778293,0.06106363,-0.008411604,0.19246794,-0.11237838,0.078539915,-0.013420034,0.1856115,-0.027511239,0.20237653,-0.07977075,0.018949073,-0.023805242,0.537069,-0.042843677,0.22543293,-0.09646532,-0.0016723729
215,0.0103240935,0.48929957,-0.001633126,0.21202095,-0.03854506,0.12066873,-3.7127174e-05,0.25165075,0.009962691,0.1428823,-0.041916154,0.20642576,0.007139863,-0.00077152124,0.0075063817,0.13589022,-0.10311839,0.15184903,-0.0025401986,0.062051486,-0.012106013,0.194891,-0.11547843,0.076922186,-0.017283168,0.18809189,-0.032854374,0.20549545,-0.07954702,0.017790169,-0.02879602,0.5393841,-0.053396247,0.2292283,-0.09508414,-0.005197687
216,0.013211517,0.49095753,-0.0017197094,0.212338,-0.03607173,0.12170343,0.00028460583,0.2583591,0.010108109,0.13539161,-0.04085503,0.20887206,0.007263812,-0.0025203046,0.0075975,0.13849303,-0.10954785,0.15074131,-0.0031017135,0.06173744,-0.012894921,0.20322715,-0.11694106,0.076697275,-0.017283153,0.18767534,-0.0333642,0.21366988,-0.07346822,0.020492429,-0.02798615,0.53602844,-0.053900205,0.23907733,-0.0883281,-0.0010299378
217,0.009501434,0.4888879,-0.0017532087,0.21222526,-0.037690602,0.12172392,-2.0966727e-05,0.24983534,0.009940705,0.14148158,-0.041974828,0.20696294,0.007096476,-0.0008381625,0.007410771,0.13784233,-0.10447585,0.15160877,-0.0026533687,0.062795624,-0.012410535,0.19784102,-0.113995805,0.077403136,-0.017035317,0.19004552,-0.032758594,0.20779799,-0.07453892,0.020214863,-0.027954645,0.5415224,-0.052424084,0.23210384,-0.089518756,0.00028492298
218,0.010406757,0.48360032,0.0010482622,0.21237837,-0.03816129,0.12656835,0.002866068,0.24404252,0.0108566675,0.14251216,-0.042336915,0.20535956,0.008029474,0.003378144,0.0083619505,0.13818258,-0.104367875,0.15017828,-0.0016384632,0.06245449,-0.011153015,0.19803976,-0.114253454,0.075814046,-0.015793642,0.19061624,-0.030960865,0.20815599,-0.075103626,0.017753277,-0.026182685,0.542986,-0.04822432,0.23263796,-0.09063315,-0.0025316859
219,0.0110022575,0.47892964,0.003996515,0.21238127,-0.039778516,0.13058794,0.005715903,0.2368231,0.01232577,0.14664985,-0.04333622,0.20433782,0.00952412,0.008250952,0.009904539,0.13775952,-0.10166997,0.1507896,0.00027227995,0.06247267,-0.008827117,0.19501609,-0.113540836,0.076424554,-0.013724729,0.19088984,-0.027930574,0.20516871,-0.07731769,0.017245011,-0.023624316,0.54506814,-0.04196159,0.22912073,-0.09326624,-0.0020542138
220,0.0038840543,0.47794357,-0.002133815,0.2125293,-0.032848805,0.123718984,0.00037979183,0.23609886,0.008531772,0.13517939,-0.03878845,0.2025838,0.005910743,0.0029422366,0.006082561,0.13202234,-0.10645745,0.14527044,-0.0047248146,0.064505525,-0.014552679,0.19683929,-0.119399995,0.06846769,-0.020098278,0.19450764,-0.035620466,0.20840107,-0.0809765,0.009477697,-0.031251527,0.54902107,-0.05558111,0.23316558,-0.09689403,-0.012764655
221,0.007654444,0.4824529,-0.0028138603,0.21305986,-0.035055302,0.12278531,-0.0006963623,0.24631563,0.0072892886,0.13610888,-0.041187152,0.202223,0.0043518427,-7.26656e-05,0.0043418547,0.13856004,-0.10876924,0.14427069,-0.006279629,0.064486004,-0.016394194,0.20332104,-0.11668567,0.06878413,-0.020742984,0.1950112,-0.036832757,0.21433006,-0.07350987,0.011325061,-0.03120271,0.5475364,-0.056984574,0.24059357,-0.09030411,-0.011316124
222,0.00797607,0.49360764,-0.0044094357,0.21510369,-0.034812205,0.12158436,-0.002311087,0.25370187,0.008690732,0.14139038,-0.03973463,0.21138796,0.0061319433,-0.0037156404,0.0061183777,0.13277557,-0.1029882,0.15510172,-0.004141968,0.06564944,-0.014266222,0.1946769,-0.11737967,0.076698355,-0.019775964,0.19600478,-0.035054777,0.20649542,-0.08130251,0.018544061,-0.030817647,0.5514408,-0.05368468,0.23124121,-0.09857092,0.005651313
223,0.007340337,0.4881102,-0.0026534284,0.21606211,-0.029987087,0.124301724,0.00036808953,0.24424723,0.010956535,0.13383807,-0.0351303,0.21702051,0.008938179,0.00486862,0.008937349,0.12371596,-0.108300716,0.15646566,-0.0026218845,0.06455855,-0.011744631,0.19563282,-0.13020265,0.07522554,-0.018911375,0.1919316,-0.032980807,0.21154794,-0.09675975,0.01396065,-0.029590013,0.5461237,-0.048297662,0.23804176,-0.1192795,0.0018368233
224,0.006630517,0.48270744,-0.001031946,0.21509947,-0.033973243,0.1254819,0.0013967335,0.23606017,0.010538972,0.1396188,-0.038650244,0.2126998,0.008173901,0.010137483,0.008146211,0.12907834,-0.10662453,0.15397622,-0.002825534,0.063843235,-0.011532728,0.19699357,-0.12565741,0.07556211,-0.017912481,0.19112276,-0.03216503,0.21178807,-0.090901025,0.012756798,-0.028243657,0.5457851,-0.047421277,0.23867364,-0.11318046,-0.008083188
225,0.0075386493,0.48624444,-0.0027642339,0.21413873,-0.037607152,0.12169121,-0.0010577297,0.2416102,0.008881592,0.14263807,-0.042631283,0.21102121,0.0060076243,0.0070193093,0.005850075,0.1389326,-0.10735987,0.15343174,-0.0044415165,0.065298796,-0.01342292,0.2031177,-0.11770837,0.08000133,-0.017812585,0.1914941,-0.032974813,0.21534148,-0.07685814,0.021245455,-0.027232228,0.5439121,-0.048856013,0.24324383,-0.09899565,0.0021261864
226,0.0049384227,0.4885878,-0.005325362,0.21427773,-0.03756847,0.11818479,-0.0037577983,0.24145629,0.0074299225,0.14354022,-0.04262956,0.21173982,0.0045310324,0.005382551,0.0041876063,0.13912176,-0.107211925,0.15380217,-0.006101502,0.06674907,-0.015219988,0.20339328,-0.11751836,0.080661565,-0.01955669,0.19258533,-0.035278242,0.21584018,-0.07671026,0.021639138,-0.029410299,0.54523224,-0.053238645,0.2442828,-0.100250416,0.0013411673
227,0.0020032404,0.4858651,-0.006921624,0.21419284,-0.034295056,0.11646272,-0.0049014613,0.23675933,0.006570784,0.13844144,-0.039998945,0.21265078,0.003872256,0.00725566,0.0033757521,0.13466768,-0.11031948,0.1519616,-0.0077229673,0.06695307,-0.016658967,0.20434797,-0.12347067,0.07757081,-0.021780666,0.19184487,-0.03790885,0.21875146,-0.0829485,0.016250962,-0.032336406,0.544241,-0.05819319,0.24830425,-0.10860872,-0.009271116
228,0.00085855956,0.48419923,-0.0069785924,0.2150127,-0.031886976,0.11740889,-0.0045484956,0.23353547,0.0067595756,0.13694483,-0.037651256,0.2141013,0.0043423907,0.009005608,0.003804315,0.12973225,-0.109957136,0.15256174,-0.007651122,0.0670025,-0.016370386,0.20148537,-0.12685055,0.07645694,-0.02238905,0.19187377,-0.038063515,0.21710949,-0.08903966,0.013763054,-0.03323098,0.5455448,-0.057913948,0.24661148,-0.11588192,-0.011256798
229,0.008647045,0.48085323,-0.002005818,0.21550843,-0.034410313,0.12473959,0.00029281114,0.23742439,0.007968777,0.14072274,-0.039438862,0.21138677,0.005449196,0.013098255,0.0051226746,0.13190155,-0.10909314,0.15136662,-0.006012007,0.064126275,-0.014335686,0.20194869,-0.12573975,0.07490421,-0.02012132,0.19073778,-0.034911066,0.21754318,-0.08844554,0.0110640135,-0.029970642,0.54474056,-0.05065748,0.24740633,-0.1164246,-0.0139229
230,0.004102052,0.4816326,-0.0038673263,0.21728694,-0.031015903,0.12343255,-0.0010778147,0.23144154,0.0078832805,0.14007072,-0.035896618,0.21463114,0.0058253757,0.013838529,0.0053215874,0.12440904,-0.10657628,0.15406804,-0.006074569,0.066036046,-0.014187175,0.19555645,-0.1289156,0.075546816,-0.021290133,0.19156581,-0.03511233,0.21234328,-0.09676913,0.011936944,-0.031456202,0.54790455,-0.049919378,0.24131714,-0.12586625,-0.0056014964
231,0.0024109094,0.48299712,-0.0053091957,0.21667223,-0.030340709,0.120757535,-0.002497342,0.2296087,0.007967581,0.1370625,-0.036088165,0.21744186,0.0058257836,0.013887494,0.0051170997,0.12655742,-0.109253414,0.15527028,-0.006437238,0.06912597,-0.014422857,0.1992763,-0.12883817,0.07896052,-0.0209923,0.19153185,-0.034384172,0.21580125,-0.093735516,0.019662319,-0.030016236,0.5459498,-0.047303203,0.2455809,-0.12361578,0.011983609
232,0.0027254685,0.484089,-0.0041600266,0.21583086,-0.03612617,0.121166386,-0.0022684261,0.22664173,0.0085184835,0.14534967,-0.041037735,0.21727617,0.0059433817,0.015014163,0.0051806467,0.13420987,-0.105383135,0.15822783,-0.0052579846,0.07040349,-0.013211908,0.19939075,-0.1203072,0.085710205,-0.018528692,0.19290447,-0.032319024,0.2134086,-0.08402855,0.026416283,-0.027341241,0.5490328,-0.045356765,0.24250199,-0.111885905,0.013855821
233,0.0061152284,0.48726296,-0.0040411926,0.21423982,-0.030424748,0.12525247,-0.0012086708,0.23521845,0.009246467,0.13571742,-0.036825508,0.22441572,0.0070608747,0.013528539,0.006450201,0.12550843,-0.11058488,0.1612932,-0.0053938744,0.06679918,-0.013531477,0.20000418,-0.13162433,0.0834174,-0.020483147,0.19122301,-0.03547437,0.21801409,-0.09668976,0.01787161,-0.031287637,0.5468046,-0.052590672,0.24902254,-0.12659314,-0.002811466
234,0.004884127,0.49285018,-0.0065172063,0.21413416,-0.03315641,0.12310003,-0.0042800596,0.24061269,0.0070431917,0.14186054,-0.03897512,0.22391336,0.004644689,0.008300041,0.0039296094,0.12818195,-0.106264316,0.16301577,-0.0072339517,0.067130186,-0.016012523,0.19731438,-0.1257744,0.085523866,-0.022542361,0.19421962,-0.0391165,0.213909,-0.09177263,0.017401623,-0.034927245,0.55238426,-0.06148739,0.24445522,-0.12046214,-0.012157587
235,0.014057073,0.49096614,-0.0013577853,0.21407959,-0.03693114,0.13123219,0.00054331904,0.24762975,0.00780209,0.14463052,-0.04240663,0.22092077,0.00504981,0.01049562,0.0045136153,0.13627097,-0.10782389,0.16101928,-0.006185259,0.063853025,-0.014872723,0.20336014,-0.12102606,0.08571544,-0.01988635,0.1928422,-0.036510255,0.21828406,-0.081828274,0.01871133,-0.03091157,0.5494381,-0.055962447,0.24984762,-0.11054518,-0.01178663
236,0.006756518,0.49351704,-0.004689857,0.21490993,-0.036582146,0.12719415,-0.0029059423,0.23977251,0.006628807,0.15017018,-0.041403268,0.2221746,0.0041159214,0.009525981,0.0033584172,0.1310278,-0.10163673,0.16417116,-0.006939967,0.06675415,-0.015663862,0.19465451,-0.120787196,0.08706431,-0.02178886,0.19523254,-0.037899572,0.21038875,-0.089249335,0.019130848,-0.033739462,0.5549041,-0.057968322,0.24080695,-0.11923833,-0.0059933593
237,0.012073271,0.48933125,0.00023187415,0.21473113,-0.03843618,0.13408284,0.0019815618,0.23751873,0.00882601,0.1518892,-0.042961985,0.221572,0.00622075,0.015181186,0.0056363856,0.13323551,-0.10214547,0.16413513,-0.0045070658,0.064509474,-0.012711562,0.19635977,-0.12044838,0.08742669,-0.018560477,0.19321379,-0.033624712,0.21205762,-0.08830685,0.020022817,-0.02920572,0.55220234,-0.048562184,0.24299581,-0.11955702,-0.0004190586
238,0.01286482,0.4906766,0.00035900695,0.21448731,-0.03795841,0.13474204,0.0021912118,0.23849851,0.009308959,0.15090796,-0.042691503,0.22356224,0.0067392904,0.0147289885,0.006101809,0.13279872,-0.102961555,0.16541123,-0.004171366,0.06533116,-0.012423607,0.19705555,-0.12144254,0.088161275,-0.018327514,0.19393753,-0.033086143,0.21310078,-0.08896679,0.021796713,-0.028599894,0.5526215,-0.046768375,0.24440466,-0.121040046,0.005657238
239,0.014256656,0.49547857,-0.0010619767,0.2136675,-0.035256773,0.13413362,0.0011305432,0.24592076,0.009362764,0.1459097,-0.040861193,0.22762318,0.0069442904,0.010827646,0.0062818974,0.1296765,-0.105802394,0.16717088,-0.004634775,0.06581773,-0.013313151,0.19856715,-0.12567502,0.087420106,-0.019676968,0.1957042,-0.03486404,0.21602054,-0.091842465,0.02093821,-0.030356137,0.5540267,-0.049856566,0.24819218,-0.12424933,0.0063409097
240,0.0123862345,0.49990854,-0.0016293176,0.21290353,-0.040140517,0.1332144,-0.0002921034,0.2435419,0.008945704,0.15754129,-0.044174418,0.22764294,0.0063703307,0.009398823,0.0055829785,0.13163479,-0.09821385,0.17088057,-0.0042022653,0.06733873,-0.013201807,0.19252689,-0.119295366,0.09078637,-0.019503351,0.20033437,-0.03514878,0.20884047,-0.08970635,0.021315603,-0.031278625,0.56329685,-0.05206301,0.23977433,-0.12059089,0.0013071994
241,0.011781341,0.49620998,-0.0016418207,0.21348934,-0.035965994,0.13446519,0.00039694697,0.24135178,0.009063919,0.15005066,-0.041038893,0.2291344,0.0067710523,0.0110017015,0.0059265755,0.12856656,-0.1032254,0.16912039,-0.0047652554,0.06718851,-0.013771478,0.19645764,-0.124503985,0.08811621,-0.020334162,0.20073783,-0.036400627,0.21409987,-0.091312654,0.017958254,-0.03212094,0.56305456,-0.05421736,0.2462638,-0.122809,-0.0060306466
242,0.009847509,0.497982,-0.005101283,0.21449183,-0.031992346,0.13025104,-0.0025811978,0.24557059,0.007947251,0.14363086,-0.03822698,0.23208874,0.005861129,0.0073781987,0.0048236484,0.1265662,-0.10680624,0.16925886,-0.006522282,0.06999344,-0.015840882,0.1992516,-0.12723015,0.088251404,-0.022435533,0.20258398,-0.038972564,0.21734488,-0.09093931,0.019768674,-0.034263536,0.56413287,-0.05881633,0.2502005,-0.12258691,-0.0037821063
243,0.006215756,0.4989132,-0.0070316177,0.21494076,-0.03065044,0.12793249,-0.004391276,0.2421859,0.007613454,0.143551,-0.037047584,0.23389627,0.005685807,0.006640548,0.0045256796,0.124043524,-0.105793655,0.17072088,-0.006899439,0.07203554,-0.0163172,0.1971601,-0.12813854,0.08888703,-0.023350846,0.20442209,-0.039736837,0.21569574,-0.093360625,0.020632016,-0.03542024,0.5670599,-0.059980445,0.24832225,-0.12509106,-0.00042416836
244,0.0059205545,0.4940876,-0.0047838283,0.21446884,-0.032718893,0.13110675,-0.0023707866,0.23506945,0.008155949,0.14667074,-0.038767286,0.2316421,0.006094825,0.010395201,0.004943656,0.12562785,-0.10430521,0.16962403,-0.006157891,0.07153799,-0.015404226,0.19648482,-0.12657326,0.0877657,-0.022313692,0.20552002,-0.038276818,0.21470794,-0.09271105,0.018488258,-0.0340233,0.5695591,-0.05653448,0.24719863,-0.124615595,-0.0029348298
245,0.0069348286,0.49010932,-0.0021409288,0.21473868,-0.033616155,0.13441929,0.00027415756,0.22903529,0.00940609,0.14747065,-0.039345305,0.23093697,0.007338789,0.015006868,0.0061960006,0.12684697,-0.1047796,0.16886668,-0.0048385495,0.070611544,-0.013720052,0.19772217,-0.1263899,0.08745901,-0.0204313,0.20499665,-0.035742737,0.21587169,-0.091822036,0.018151276,-0.03130017,0.5691258,-0.05086424,0.24864158,-0.12439533,-0.0020017584
246,0.006758061,0.4916719,-0.0029071663,0.21560931,-0.033266816,0.13382448,-0.0004646515,0.23094013,0.009219804,0.14748596,-0.039024424,0.23203538,0.0071919286,0.013303849,0.005968176,0.12732957,-0.10471227,0.16965659,-0.005023105,0.07172825,-0.014124321,0.1980297,-0.1254859,0.08823165,-0.020663112,0.2066442,-0.03599012,0.21580644,-0.090252094,0.019953173,-0.031387925,0.5711667,-0.05098555,0.24853314,-0.12275297,0.0021489724
247,0.0056572296,0.4923593,-0.0027659368,0.2156289,-0.0357899,0.13397236,-0.0007389633,0.22866113,0.009220742,0.15287817,-0.040724132,0.23175274,0.0070865634,0.01330477,0.0057869083,0.12846674,-0.10131806,0.17101504,-0.0046768542,0.07293218,-0.013863423,0.19529869,-0.12272874,0.08941667,-0.02038577,0.20898849,-0.035506625,0.21254349,-0.08987943,0.02047812,-0.031234378,0.5755203,-0.050043225,0.2446426,-0.122197434,0.0034917884
248,0.009166793,0.4875694,0.00063778437,0.21312921,-0.036023427,0.13823211,0.0027790102,0.22604191,0.010992714,0.14948489,-0.041548774,0.2320899,0.008730461,0.017995922,0.007519195,0.12930006,-0.105205014,0.17003657,-0.0033513883,0.07232466,-0.0121047655,0.19941768,-0.125931,0.08851942,-0.018531827,0.20799723,-0.0329199,0.21753125,-0.09083781,0.019531429,-0.028232876,0.5731901,-0.04382435,0.25084054,-0.12467984,0.0040791933
249,0.011117295,0.49815992,-0.0028362412,0.21253432,-0.036458015,0.13485102,-0.0009706117,0.24151284,0.009177655,0.15130442,-0.042030547,0.23441191,0.006826081,0.0084278025,0.005543216,0.12929572,-0.10334563,0.17286357,-0.0051254844,0.07399789,-0.015004052,0.19760373,-0.124252,0.08903283,-0.021446781,0.21301812,-0.037091635,0.21538259,-0.09029593,0.019388473,-0.032528758,0.57999504,-0.05244632,0.24826582,-0.12384073,0.0034944094
250,0.014210607,0.50168526,-0.0034959659,0.21238299,-0.035440307,0.13554554,-0.0015017119,0.25167018,0.008476415,0.14877592,-0.041448668,0.2354482,0.0061160424,0.0037633928,0.0048241196,0.12933648,-0.10542291,0.1726941,-0.0061354246,0.073908456,-0.01670621,0.19985062,-0.12546995,0.087007634,-0.023024939,0.21581376,-0.03950488,0.21792349,-0.08976483,0.01671754,-0.03457477,0.58287907,-0.05677046,0.25142244,-0.1241964,-0.0010484878
