Epoch,Layer0_theta_1,Layer0_r,Layer0_theta_2,Layer0_bx,Layer0_bp,Layer0_gamma,Layer1_theta_1,Layer1_r,Layer1_theta_2,Layer1_bx,Layer1_bp,Layer1_gamma,Layer2_theta_1,Layer2_r,Layer2_theta_2,Layer2_bx,Layer2_bp,Layer2_gamma,Layer3_theta_1,Layer3_r,Layer3_theta_2,Layer3_bx,Layer3_bp,Layer3_gamma,Layer4_theta_1,Layer4_r,Layer4_theta_2,Layer4_bx,Layer4_bp,Layer4_gamma,Layer5_theta_1,Layer5_r,Layer5_theta_2,Layer5_bx,Layer5_bp,Layer5_gamma
1,0.07649585,0.07999645,0.07617982,0.0737789,-0.066384606,-0.07223138,0.07474568,0.08026762,0.074340075,0.07453418,-0.06651354,-0.07102847,0.07344105,0.079944156,0.07295677,0.0749114,-0.06660669,-0.06951029,0.07231439,0.07988503,0.07239024,0.075195216,-0.06667166,-0.067456275,0.07205851,0.08009886,0.07205992,0.07549,-0.0667105,-0.06422669,0.07168115,0.080189764,0.07168253,0.075678416,0.0007908538,0.0007908538
2,0.0910147,0.15557946,0.08647779,0.078985564,-0.03097847,-0.05744147,0.07741906,0.12609707,0.07206104,0.07232837,-0.031421073,-0.05327293,0.06574101,0.103746645,0.06181616,0.067031056,-0.031695377,-0.04949678,0.059142742,0.10463669,0.05844064,0.06363918,-0.03182269,-0.043539252,0.05811941,0.12502247,0.05752263,0.06232223,-0.031932715,-0.026380034,0.056887135,0.15184368,0.056521557,0.06184474,0.0007908538,0.0007908538
3,0.11051648,0.20751938,0.09720937,0.07474344,-0.004075543,-0.051536668,0.083018534,0.16195595,0.07206285,0.06436031,-0.0045174947,-0.036624625,0.062622055,0.12326605,0.05646035,0.05601101,-0.0048410613,-0.026704615,0.05297327,0.12416757,0.052262828,0.050653774,-0.0050078062,-0.018257596,0.05186612,0.15827623,0.05356485,0.048570387,-0.005141122,0.0056355186,0.052288417,0.20033665,0.055373088,0.0482515,0.0007908538,0.0007908538
4,0.14085512,0.23803684,0.11851456,0.07576828,0.0016703956,-0.06604422,0.10143206,0.19300918,0.086119495,0.06599239,0.0016108729,-0.039841376,0.07510752,0.14691125,0.068187825,0.057294052,0.0013729826,-0.02197574,0.06427874,0.14687353,0.06515752,0.051738303,0.0011556266,-0.009421361,0.06486865,0.18537615,0.07110979,0.05022186,0.001012115,0.019107997,0.069508374,0.2283904,0.07785934,0.05130716,0.0007908538,0.0007908538
5,0.13575283,0.2542435,0.11428597,0.07512838,0.016920127,-0.044038586,0.0970037,0.19645989,0.08105613,0.06179931,0.016441206,-0.02435687,0.070296645,0.14591108,0.06207004,0.051247567,0.01631793,-0.007866501,0.05879132,0.14698754,0.058017965,0.044440392,0.01657999,0.004311973,0.058124214,0.1912967,0.061828744,0.041700494,0.017002722,0.034876402,0.06028413,0.24361072,0.06304205,0.04136625,0.0007908538,0.0007908538
6,0.14134166,0.25998914,0.118449494,0.07863626,0.0113163935,-0.0594353,0.10015313,0.20254447,0.083659805,0.06626678,0.011565051,-0.033948757,0.07210521,0.15025881,0.06381548,0.056138966,0.011577675,-0.014070764,0.06024794,0.15083532,0.059753478,0.049823288,0.011715885,0.00040123577,0.059802238,0.19584104,0.06426812,0.04814484,0.012144314,0.033041015,0.062280748,0.24875115,0.06562988,0.049617972,0.0007908538,0.0007908538
7,0.13748749,0.2617673,0.11612446,0.081076406,0.009165723,-0.06500331,0.09748792,0.20148292,0.08144716,0.06842519,0.009761079,-0.03820037,0.06959116,0.14842917,0.06111867,0.05826934,0.009845356,-0.017313484,0.05752454,0.14917284,0.056531847,0.0521023,0.009947613,-0.0018538927,0.056590337,0.19531061,0.060049526,0.050856303,0.01039534,0.03190567,0.05783136,0.25078136,0.058922473,0.053087197,0.0007908538,0.0007908538
8,0.1344495,0.26280487,0.114113934,0.08213246,0.009333936,-0.06502953,0.09537073,0.2000617,0.07957526,0.069021165,0.010027153,-0.038637955,0.067660764,0.14661773,0.058965806,0.05870801,0.010151853,-0.017720943,0.05543257,0.14762732,0.05395705,0.052506313,0.010287287,-0.0019928722,0.054047164,0.1946865,0.056589883,0.051322505,0.010797463,0.03228327,0.05428198,0.25215706,0.053603698,0.05370832,0.0007908538,0.0007908538
9,0.1355707,0.2625834,0.11518342,0.08340113,0.0067036753,-0.07021631,0.0961515,0.2007062,0.08039163,0.07076695,0.007656966,-0.0422412,0.068214,0.14726223,0.059590474,0.06068792,0.007837939,-0.020479718,0.05592247,0.14816429,0.054564077,0.054707594,0.007940241,-0.004120752,0.05460626,0.19511077,0.057371344,0.053915642,0.00847485,0.030650493,0.05492524,0.25237012,0.054534525,0.056937225,0.0007908538,0.0007908538
10,0.13539322,0.26266733,0.1150564,0.083641425,0.006592661,-0.0703316,0.09590799,0.20034699,0.08006144,0.07097518,0.0075765206,-0.042466324,0.06783588,0.1469187,0.05907049,0.060892213,0.00776835,-0.0207027,0.055406556,0.14795864,0.053857937,0.054922555,0.00787664,-0.0042750644,0.053904522,0.19520791,0.056365497,0.054166142,0.008427316,0.030620284,0.05389334,0.2529696,0.052979317,0.057252336,0.0007908538,0.0007908538
11,0.13643801,0.26366672,0.115555406,0.083033055,0.007991767,-0.06732547,0.09626349,0.20059595,0.080035016,0.070213765,0.008857997,-0.040517095,0.067834966,0.14708218,0.058802847,0.060038157,0.009030644,-0.019255856,0.055194616,0.14831361,0.053392872,0.053967383,0.009166891,-0.0031411597,0.053469125,0.19598821,0.055612016,0.05303856,0.009728062,0.03160316,0.053182587,0.25419784,0.051862266,0.05585271,0.0007908538,0.0007908538
12,0.1392481,0.2643585,0.117459,0.08286046,0.007713832,-0.067472085,0.097920775,0.2019703,0.081323676,0.07034229,0.008594243,-0.040579304,0.06900649,0.14842118,0.059904166,0.06026902,0.008772955,-0.019312518,0.0562391,0.14961302,0.05451242,0.054243594,0.008910099,-0.003225214,0.05457577,0.19722736,0.056992427,0.05336411,0.009482969,0.031490512,0.054553505,0.25493032,0.05383428,0.056251656,0.0007908538,0.0007908538
13,0.13827217,0.26422295,0.11678788,0.08280609,0.008245928,-0.066235036,0.09719638,0.20109959,0.08060089,0.07009723,0.009089802,-0.03996785,0.068285316,0.14762622,0.059045296,0.059951473,0.009263051,-0.01898248,0.055410102,0.14900611,0.053452365,0.05387825,0.009411699,-0.003011987,0.053530496,0.19694206,0.055536356,0.05293054,0.009989585,0.031683,0.05310978,0.2552423,0.051695324,0.055712644,0.0007908538,0.0007908538
14,0.14230517,0.26528558,0.119361944,0.0822155,0.008523986,-0.06575558,0.099576384,0.20321018,0.082384065,0.069833346,0.0093206,-0.039353993,0.0700346,0.14967458,0.06068867,0.05977794,0.0094857905,-0.018315211,0.057032064,0.15098244,0.055203237,0.053713325,0.009640402,-0.0024095727,0.05527832,0.19881745,0.05772587,0.05273765,0.010223531,0.03218552,0.0553169,0.2563458,0.054870777,0.05546586,0.0007908538,0.0007908538
15,0.13968675,0.26442876,0.11773438,0.0825166,0.008625678,-0.06509921,0.09786938,0.20123199,0.08091603,0.069869414,0.009431671,-0.039407175,0.06852013,0.14790452,0.05903934,0.059738524,0.009600283,-0.018681837,0.05539724,0.14949988,0.053222675,0.053651575,0.009760143,-0.0028344586,0.053307533,0.19777073,0.055062085,0.05266209,0.01034865,0.031817913,0.052646965,0.2563042,0.050949726,0.05537142,0.0007908538,0.0007908538
16,0.14093338,0.26370826,0.11873569,0.08302636,0.0070257494,-0.06802854,0.098716274,0.201582,0.08166499,0.07077732,0.007968217,-0.04140199,0.06913038,0.14847444,0.059663735,0.060829774,0.008169056,-0.02021264,0.055933982,0.15004961,0.05383754,0.054886986,0.008313064,-0.0040495987,0.053887725,0.19817694,0.055822093,0.054119524,0.008918736,0.030796176,0.05334854,0.25631908,0.051972244,0.057174426,0.0007908538,0.0007908538
17,0.14199108,0.26383227,0.11921216,0.08266647,0.007628597,-0.066937685,0.09919065,0.20174733,0.08175958,0.0704262,0.008512956,-0.04051365,0.069295876,0.14874637,0.059609894,0.060466297,0.008703376,-0.019402234,0.05592826,0.15047568,0.0536522,0.05448821,0.00885919,-0.0033250782,0.05371732,0.19886746,0.055452768,0.053647097,0.0094708875,0.03145431,0.053002007,0.2572055,0.051413145,0.056581397,0.0007908538,0.0007908538
18,0.14339142,0.26397562,0.12003365,0.082500346,0.007746846,-0.06670889,0.099942796,0.20219244,0.08219028,0.07037214,0.008619108,-0.040258724,0.06973259,0.14927188,0.05990098,0.060446505,0.00881259,-0.01911532,0.056229435,0.15107971,0.053871915,0.054473687,0.00897933,-0.0030358848,0.053939596,0.19959965,0.055639036,0.053627197,0.009607057,0.031742055,0.05318846,0.2579085,0.051645055,0.056550805,0.0007908538,0.0007908538
19,0.14186218,0.2635126,0.11886324,0.08256735,0.008418469,-0.06528851,0.098803535,0.2007174,0.08099342,0.070153736,0.009255745,-0.039477035,0.06859838,0.14798336,0.05851219,0.06012572,0.009449281,-0.01859575,0.054907843,0.15011218,0.052147824,0.05409117,0.009639004,-0.0026018731,0.052237026,0.19917472,0.0532416,0.053164266,0.01028843,0.03219642,0.050797783,0.2584964,0.04813449,0.055969343,0.0007908538,0.0007908538
20,0.14438425,0.26333088,0.12075481,0.083613746,0.0063042976,-0.06926171,0.10054143,0.20195137,0.08258128,0.07174331,0.0073716813,-0.042073175,0.07003493,0.14928457,0.060022794,0.06195019,0.0076541025,-0.020428058,0.056318507,0.15125339,0.053767186,0.056107316,0.007880343,-0.0038795192,0.053809315,0.20003305,0.05526424,0.05551013,0.008643748,0.031337585,0.05269452,0.25872946,0.050861634,0.058859777,0.0007908538,0.0007908538
21,0.1444658,0.2644885,0.12039537,0.08306024,0.0087597035,-0.064427905,0.100197785,0.20143388,0.08180412,0.07070009,0.009654045,-0.038813137,0.06943869,0.1486832,0.058996744,0.06067291,0.009920256,-0.017865509,0.055450678,0.15101773,0.05239333,0.05463143,0.010214286,-0.0017120125,0.052491203,0.20059244,0.053206276,0.05373616,0.011029768,0.0333526,0.050683986,0.2604764,0.047841456,0.05663977,0.0007908538,0.0007908538
22,0.14679565,0.26460665,0.12200303,0.08355783,0.0076053133,-0.066437855,0.101642184,0.20245376,0.0829666,0.071578875,0.008626701,-0.040096957,0.07050206,0.14974998,0.060015317,0.061707508,0.008947403,-0.01873698,0.05641503,0.15202144,0.05343076,0.05578037,0.009270693,-0.0022838735,0.053502787,0.20149225,0.054458275,0.055073593,0.010162719,0.03301527,0.051859044,0.26098454,0.0495184,0.058287665,0.0007908538,0.0007908538
23,0.14541608,0.26380646,0.1210655,0.08403132,0.00733858,-0.06677441,0.100698754,0.20112771,0.08205684,0.07195166,0.008415478,-0.040535893,0.0695921,0.1486485,0.058944393,0.062065236,0.0087637855,-0.01915023,0.05536629,0.15115054,0.052093226,0.056155324,0.009110543,-0.002569679,0.05216678,0.20097387,0.052601036,0.05550151,0.010047011,0.032898095,0.049963366,0.26121026,0.046750255,0.058810882,0.0007908538,0.0007908538
24,0.14597385,0.26322925,0.12144478,0.084487304,0.006537983,-0.06813847,0.100981966,0.20089568,0.08216436,0.07258193,0.007706763,-0.041520666,0.069646135,0.14863765,0.058862396,0.06278202,0.008092624,-0.01988142,0.05526461,0.15126514,0.05185398,0.05694715,0.008458677,-0.0030748737,0.051913787,0.20124605,0.052168928,0.056422226,0.009446769,0.03258674,0.0494778,0.26165727,0.04602223,0.059942298,0.0007908538,0.0007908538
25,0.14874876,0.26364404,0.12313229,0.08428226,0.006558322,-0.0681426,0.10256401,0.20206189,0.08320699,0.07263526,0.00772729,-0.041272823,0.0706986,0.14987677,0.059723806,0.06291662,0.008127597,-0.01947566,0.056133654,0.15255716,0.05267742,0.057106767,0.008516905,-0.0026185717,0.052735288,0.20264615,0.05309464,0.056601614,0.009543519,0.033055518,0.050395086,0.2628101,0.04729164,0.0601538,0.0007908538,0.0007908538
26,0.15060632,0.2641623,0.12423875,0.083956465,0.007129792,-0.06700425,0.103534505,0.20271124,0.083748154,0.07237129,0.008250608,-0.040417198,0.07125668,0.15056981,0.060074475,0.06265428,0.008648301,-0.018718135,0.05651336,0.15336823,0.05292985,0.056814507,0.009057638,-0.0019382066,0.05299791,0.20368467,0.05328261,0.05624744,0.010104735,0.033689164,0.05059453,0.26389232,0.0475235,0.059703864,0.0007908538,0.0007908538
27,0.15025188,0.2640441,0.12402406,0.08398693,0.00747035,-0.06594924,0.10315388,0.2019861,0.08327425,0.07228897,0.0085761575,-0.039999694,0.0707367,0.1499763,0.059369843,0.06253135,0.008977685,-0.018575074,0.05582279,0.15299577,0.05198127,0.056664847,0.009403833,-0.0018739464,0.052058946,0.20366108,0.051928867,0.056062233,0.010470475,0.033778008,0.04923428,0.2644128,0.04552665,0.059467554,0.0007908538,0.0007908538
28,0.15034822,0.26321563,0.12427664,0.08463353,0.006083128,-0.06822135,0.10326117,0.20166996,0.08341819,0.07319208,0.0073298053,-0.04174445,0.07075027,0.1498671,0.059385244,0.063565224,0.007780474,-0.020008538,0.05577112,0.15291202,0.05191943,0.05781933,0.008218988,-0.0030142937,0.051970437,0.2035223,0.05181599,0.057419978,0.009336896,0.032886196,0.049050402,0.26421642,0.045268595,0.061149936,0.0007908538,0.0007908538
29,0.14903152,0.26279616,0.1233853,0.08465835,0.0064810566,-0.06699939,0.10223914,0.20034263,0.08238047,0.07300919,0.0077004805,-0.04127666,0.06967906,0.14872764,0.058102593,0.06331426,0.008143042,-0.01988372,0.0545133,0.15205777,0.050315652,0.057530496,0.008584802,-0.0030032247,0.05037956,0.2031025,0.049620748,0.057078082,0.009698706,0.032896407,0.04685714,0.26457682,0.04209101,0.06072411,0.0007908538,0.0007908538
30,0.15143485,0.26319438,0.1249887,0.08441103,0.006455567,-0.066784196,0.103605986,0.20132248,0.08333169,0.072999075,0.0076679415,-0.041125488,0.07055134,0.1497824,0.058824096,0.06338258,0.008114567,-0.01976265,0.05520767,0.15317465,0.050975077,0.057624437,0.008564658,-0.0029118918,0.05103426,0.20430844,0.050363354,0.05718754,0.009694192,0.03296628,0.0475977,0.26552433,0.04311303,0.060852565,0.0007908538,0.0007908538
31,0.15518278,0.2642729,0.12735692,0.083966345,0.0066488073,-0.0665952,0.10584712,0.20341569,0.0850057,0.072868034,0.007833958,-0.04064091,0.0722238,0.15177038,0.06039712,0.06334073,0.008284034,-0.019141838,0.056774307,0.15507154,0.052667104,0.057598032,0.008750524,-0.0023100893,0.05272276,0.20613179,0.05247135,0.057153855,0.009902474,0.033495076,0.049712382,0.26670468,0.046105903,0.06080434,0.0007908538,0.0007908538
32,0.15030967,0.26243287,0.12411307,0.08480201,0.006478809,-0.06663371,0.102693565,0.19985501,0.08226765,0.073257074,0.00773157,-0.04123639,0.069507286,0.148629,0.057454374,0.063613676,0.008210364,-0.019901138,0.053885903,0.15240227,0.049180653,0.05785892,0.008700513,-0.0029420294,0.049246825,0.2041556,0.047800813,0.057449292,0.009891896,0.033100873,0.04499386,0.26643696,0.039325934,0.06116865,0.0007908538,0.0007908538
33,0.15269104,0.26213747,0.12601672,0.08572872,0.004288567,-0.070459135,0.10439636,0.20109385,0.08388619,0.07479035,0.005776541,-0.043857355,0.070930675,0.14994633,0.05899848,0.06540673,0.0063552395,-0.021857623,0.055306803,0.1535383,0.050859813,0.059858344,0.006894085,-0.0043980945,0.05087709,0.20494631,0.04994227,0.05979019,0.00821136,0.032030236,0.04701972,0.26650605,0.042219896,0.06406169,0.0007908538,0.0007908538
34,0.1521442,0.26291168,0.12522765,0.084985495,0.006555398,-0.06625033,0.10366391,0.20034713,0.08279598,0.07356044,0.00784587,-0.040953837,0.07001646,0.14919342,0.05768388,0.06395825,0.008367418,-0.019615041,0.054134555,0.15316007,0.04918907,0.058222875,0.008914872,-0.0026018529,0.049256124,0.2053243,0.04756308,0.0578523,0.010196933,0.033539012,0.044714745,0.26799238,0.038854215,0.061650638,0.0007908538,0.0007908538
35,0.15450339,0.26401404,0.1267759,0.08472389,0.0071981642,-0.06491624,0.105014704,0.20150656,0.083765954,0.07337068,0.008449242,-0.040021922,0.07095004,0.15024127,0.058470882,0.06376708,0.008978652,-0.0188787,0.054928537,0.1542509,0.049940262,0.057998955,0.009560399,-0.001986001,0.05001496,0.20658506,0.048401147,0.057570197,0.010884247,0.034104567,0.0455513,0.2691874,0.03999422,0.061288062,0.0007908538,0.0007908538
36,0.15605934,0.2641597,0.12809254,0.085548565,0.0059032086,-0.06665785,0.10602925,0.20208536,0.08471442,0.07452126,0.007330834,-0.04150117,0.07169591,0.15082313,0.059222996,0.06505912,0.00795214,-0.020148769,0.05559491,0.15478022,0.0506663,0.05941572,0.008602383,-0.0029610754,0.05071033,0.2070323,0.049257923,0.059215605,0.0100607015,0.033457637,0.046297405,0.26944235,0.04104689,0.06331819,0.0007908538,0.0007908538
37,0.15764461,0.26454487,0.12919429,0.08588178,0.0055778637,-0.06687104,0.10694312,0.20265266,0.08538416,0.075018615,0.0070779147,-0.041727204,0.072288945,0.15139166,0.059704196,0.06561723,0.0077517675,-0.020320278,0.056057215,0.15538715,0.05107361,0.060017943,0.008456474,-0.0030234037,0.05110806,0.20774828,0.0496623,0.05990363,0.010006753,0.033539347,0.04664652,0.27017644,0.041510187,0.06415974,0.0007908538,0.0007908538
38,0.1551183,0.2648474,0.12719356,0.08555183,0.007938536,-0.06206079,0.10491322,0.20042136,0.08322503,0.073940314,0.009264015,-0.038800966,0.070257336,0.14927325,0.05719392,0.06423876,0.009890866,-0.018296659,0.053698167,0.15384609,0.047975574,0.058427583,0.010614698,-0.001459029,0.048064966,0.20727082,0.045391247,0.0580058,0.012145104,0.034902114,0.042425033,0.27154723,0.03547942,0.061796185,0.0007908538,0.0007908538
39,0.16351014,0.2669975,0.13299239,0.08591888,0.006162494,-0.06539281,0.11042161,0.20570228,0.087980606,0.075340696,0.007694899,-0.04039586,0.07484749,0.15414228,0.061977632,0.06600137,0.008446634,-0.018974034,0.058348764,0.15813918,0.053352673,0.060401015,0.009270685,-0.0016792915,0.053386256,0.21080627,0.052273586,0.06030015,0.0109952735,0.03492625,0.04921252,0.27302992,0.045005713,0.06461948,0.0007908538,0.0007908538
40,0.16032891,0.26681706,0.13064015,0.08632244,0.007705839,-0.0624199,0.108210735,0.20321544,0.0858474,0.07506371,0.009189298,-0.03861948,0.07288422,0.15179722,0.05963135,0.06547034,0.009958275,-0.017655648,0.056151852,0.15632515,0.05047212,0.059724037,0.010849635,-0.0004888681,0.050543204,0.21001478,0.048250776,0.059456356,0.012646572,0.036163487,0.045179296,0.27424154,0.03924006,0.063551664,0.0007908538,0.0007908538
41,0.15993935,0.26608,0.13053457,0.08753853,0.0062627015,-0.064711116,0.108006865,0.20248011,0.08570792,0.07644342,0.007964937,-0.04045143,0.07264937,0.15124312,0.05931987,0.066951945,0.008848904,-0.019086184,0.055806182,0.15587655,0.049972694,0.061332572,0.009830199,-0.0014584989,0.05001364,0.20973642,0.047460545,0.061321676,0.011794399,0.035647858,0.044253945,0.27443853,0.037927415,0.065853186,0.0007908538,0.0007908538
42,0.15856093,0.265162,0.12983787,0.088606454,0.0051158597,-0.06617392,0.10712544,0.20106205,0.085008904,0.077538215,0.006994075,-0.04199428,0.07180057,0.1500605,0.058374662,0.06809882,0.007966974,-0.020534933,0.054817867,0.15488769,0.04874073,0.06257301,0.00901578,-0.0025896693,0.0487602,0.20900482,0.04575179,0.062761314,0.011106282,0.034913626,0.04242636,0.27438423,0.03536335,0.06763075,0.0007908538,0.0007908538
43,0.16074537,0.2659446,0.13115996,0.088386625,0.0056417696,-0.06509399,0.10834898,0.20204328,0.08578129,0.07740724,0.0074894405,-0.04109542,0.07259164,0.1510188,0.058962148,0.06798016,0.008471098,-0.019723823,0.055431683,0.15594275,0.04924667,0.06243325,0.0095506,-0.0018711495,0.049272835,0.2103141,0.046241257,0.06257929,0.011678916,0.035559244,0.042922087,0.27574548,0.03599827,0.067390725,0.0007908538,0.0007908538
44,0.16463237,0.26752037,0.13343528,0.08733757,0.0072467444,-0.062192786,0.11049123,0.203998,0.08709998,0.07642316,0.008924254,-0.038699407,0.073987424,0.15288694,0.060032483,0.066967085,0.009854752,-0.017657256,0.056562178,0.15794505,0.050253175,0.061320245,0.010930855,-0.00018782675,0.050304875,0.2126803,0.047338758,0.061259788,0.013023095,0.036883213,0.044104926,0.27796856,0.03757109,0.065740325,0.0007908538,0.0007908538
45,0.16415074,0.26655722,0.13322294,0.087998845,0.0060933763,-0.06394509,0.11015826,0.20320085,0.08676727,0.07727265,0.007911799,-0.040160768,0.07356599,0.15236045,0.059513286,0.06792232,0.008909963,-0.018864023,0.056008313,0.15755194,0.049538378,0.062382087,0.010030866,-0.0010898595,0.04956827,0.21241763,0.046325073,0.06250824,0.012213508,0.03627573,0.04300722,0.27799565,0.036023498,0.06728971,0.0007908538,0.0007908538
46,0.16543402,0.26585582,0.13440613,0.08898025,0.0039435574,-0.067487635,0.111130625,0.20369284,0.0877556,0.078786805,0.00600838,-0.04280256,0.07435502,0.15299672,0.060404535,0.06967264,0.0071263337,-0.0209369,0.056786522,0.15805237,0.05049139,0.064333126,0.008323913,-0.0026468644,0.050474763,0.21260092,0.04754114,0.064799435,0.010665795,0.035173606,0.04409026,0.27767414,0.037545808,0.07013031,0.0007908538,0.0007908538
47,0.16129202,0.2648197,0.13141185,0.089158185,0.0052054417,-0.06483109,0.10814782,0.20030741,0.08486372,0.0782852,0.007192305,-0.04152142,0.07153785,0.15000938,0.057137795,0.0689365,0.00828212,-0.02026907,0.053631704,0.15572187,0.04653453,0.06346817,0.009481664,-0.0021785232,0.04655237,0.21130523,0.042211458,0.063767,0.011799454,0.035629407,0.03876012,0.27833343,0.030070039,0.068844736,0.0007908538,0.0007908538
48,0.1653367,0.26507598,0.13448909,0.090313874,0.0025990875,-0.069442526,0.11109377,0.20293307,0.08768353,0.080304034,0.004908348,-0.04443708,0.0741853,0.15248571,0.060078256,0.07129561,0.0061756116,-0.022219611,0.05643581,0.1577303,0.04990943,0.06608637,0.00750848,-0.0034733703,0.04986683,0.21258888,0.046582773,0.066825055,0.010082167,0.034819845,0.042983185,0.278294,0.035957675,0.07262664,0.0007908538,0.0007908538
49,0.16388845,0.26504114,0.1332702,0.090527326,0.0035697285,-0.06775112,0.1100176,0.20170958,0.08653233,0.08013489,0.0058493544,-0.04328283,0.0731674,0.15135702,0.05879189,0.070981346,0.007128305,-0.021281702,0.055250194,0.15692952,0.04831044,0.065686576,0.0085032955,-0.0026269571,0.048291225,0.21242934,0.044338267,0.06632661,0.0111206975,0.03563562,0.04073583,0.27927074,0.03278534,0.071995765,0.0007908538,0.0007908538
50,0.16556175,0.26687545,0.13402413,0.0894386,0.0061151693,-0.06312957,0.110748395,0.20257881,0.08670778,0.07869335,0.008149744,-0.039829608,0.07350322,0.15204163,0.058770925,0.06935195,0.009341085,-0.01850542,0.05535309,0.15789104,0.048098747,0.06385945,0.010693616,-0.00043122878,0.048127297,0.21408966,0.043836933,0.064157374,0.013227508,0.03734383,0.04035559,0.2815817,0.032158352,0.069288075,0.0007908538,0.0007908538
51,0.16866142,0.26747862,0.13609563,0.08966871,0.005230841,-0.064816155,0.11281848,0.20458707,0.08846284,0.079383746,0.007375005,-0.04056251,0.07524814,0.15391555,0.06058119,0.07020945,0.0086363,-0.018738471,0.057125665,0.15953445,0.050142568,0.06482125,0.010048706,-0.0004380577,0.050145563,0.2154543,0.04643331,0.065281585,0.01269038,0.03743123,0.042916182,0.28222734,0.035702895,0.07067905,0.0007908538,0.0007908538
52,0.1649951,0.26627436,0.13338752,0.09010666,0.005743329,-0.06389946,0.11033523,0.2018889,0.08613278,0.079362914,0.007887657,-0.040071644,0.07307919,0.15154019,0.058134302,0.0700429,0.009156809,-0.018357143,0.0547856,0.15759651,0.04724799,0.06459479,0.010590644,-3.636343e-05,0.047267392,0.21421686,0.04254569,0.06500009,0.013253655,0.037883565,0.039013676,0.28246737,0.030254304,0.070324466,0.0007908538,0.0007908538
53,0.16568647,0.26504818,0.13424172,0.09189677,0.0025321823,-0.06924081,0.11105042,0.20208532,0.08703589,0.081831634,0.005083525,-0.043960303,0.07377834,0.15188485,0.059030227,0.07282312,0.0065656244,-0.021288428,0.05555333,0.15769102,0.048258957,0.0676689,0.008155008,-0.0021193991,0.04820735,0.21380901,0.043850753,0.06860301,0.011113768,0.036537226,0.040092118,0.28154334,0.03178137,0.07479626,0.0007908538,0.0007908538
54,0.16827953,0.26664025,0.13556853,0.09078091,0.0044287206,-0.066009335,0.11233863,0.20349187,0.08763127,0.080607325,0.006772736,-0.041305006,0.07451703,0.15315995,0.059441585,0.07150852,0.008173896,-0.019015428,0.056057613,0.15914379,0.048563134,0.06621933,0.00972922,-0.00029275994,0.048541002,0.21574569,0.044066112,0.066894345,0.012597208,0.037917808,0.040416554,0.28366467,0.03216894,0.072670564,0.0007908538,0.0007908538
55,0.16668646,0.2679017,0.13386327,0.08991405,0.008072279,-0.05950354,0.11078263,0.2019535,0.08564609,0.07880767,0.010113855,-0.03668549,0.07285185,0.1516146,0.05716109,0.06931256,0.0114056915,-0.01537379,0.05401811,0.15826808,0.045708288,0.063710384,0.012939138,0.0026511196,0.04575846,0.21623117,0.04005686,0.06390342,0.015702114,0.040321514,0.03653013,0.2861642,0.026720459,0.06894214,0.0007908538,0.0007908538
56,0.17583373,0.2709847,0.14038289,0.09108509,0.005610167,-0.06348178,0.11696145,0.20816505,0.091249555,0.08117615,0.008034694,-0.038792484,0.078207426,0.15699759,0.062907904,0.07209668,0.009588919,-0.016451014,0.059593428,0.16275795,0.052256864,0.06677613,0.011368178,0.00219962,0.05222201,0.21966748,0.04843861,0.06746565,0.014542014,0.04032517,0.044716664,0.2874272,0.038017355,0.0733538,0.0007908538,0.0007908538
57,0.17196886,0.27129814,0.13764024,0.09176072,0.0076499972,-0.059306793,0.11426824,0.20514578,0.0887316,0.08094245,0.010033093,-0.036437474,0.07582881,0.15405639,0.060070492,0.0715245,0.01162175,-0.014863542,0.056918327,0.16049342,0.04873875,0.06601609,0.0134973815,0.0035667852,0.04873626,0.21873404,0.04352965,0.066503316,0.016774207,0.04171976,0.03975633,0.28902984,0.03108497,0.07213172,0.0007908538,0.0007908538
58,0.16959804,0.26960117,0.13654837,0.09408762,0.004852472,-0.06317236,0.11282151,0.20285168,0.08770903,0.08350319,0.0076697534,-0.040175214,0.074497364,0.15212114,0.058665168,0.07425886,0.009502983,-0.01820245,0.055410482,0.15874745,0.04691561,0.06899622,0.0115845455,0.0010632052,0.046845272,0.21718788,0.041007236,0.069983125,0.015218663,0.040188793,0.036908787,0.28842723,0.027180437,0.076453924,0.0007908538,0.0007908538
59,0.17277102,0.2695966,0.13913754,0.09554113,0.002148467,-0.06741764,0.11509949,0.20460658,0.08990806,0.0857653,0.005339613,-0.043279994,0.076440826,0.15381815,0.06078482,0.0768509,0.0073990338,-0.020537922,0.05738784,0.16010697,0.04924644,0.07185876,0.009674782,-0.0005636492,0.049106006,0.21802379,0.04392698,0.0733249,0.013652007,0.03921549,0.03961027,0.28844494,0.030877482,0.08059477,0.0007908538,0.0007908538
60,0.1729736,0.27072975,0.1387791,0.095303364,0.0041784593,-0.063983865,0.114896834,0.20439196,0.08924987,0.08507675,0.00724962,-0.040585488,0.0760211,0.15352906,0.059940215,0.075962864,0.009294141,-0.018208537,0.05670248,0.16019619,0.048080698,0.07081429,0.0116111655,0.0014450569,0.047968883,0.21901388,0.0421469,0.07205914,0.015604308,0.040915336,0.037872694,0.29066652,0.028432019,0.07900962,0.0007908538,0.0007908538
61,0.17299132,0.27192083,0.13824898,0.094835006,0.0065995106,-0.060059484,0.11462172,0.2042013,0.088548765,0.08406588,0.009493585,-0.037395477,0.07562282,0.1532411,0.059152402,0.074709095,0.011486818,-0.0154139465,0.05609389,0.16028248,0.047033403,0.06936313,0.013810599,0.0038148852,0.046962198,0.21999122,0.040556375,0.07031329,0.017762564,0.042835955,0.036380425,0.29281873,0.026321901,0.07682196,0.0007908538,0.0007908538
62,0.17678902,0.27312398,0.14076233,0.09508082,0.006186871,-0.06063642,0.11699731,0.20645162,0.09044846,0.08470689,0.00918502,-0.037476636,0.077487625,0.15527643,0.060975622,0.0754773,0.011270997,-0.015200556,0.057895068,0.16213728,0.04901351,0.07020302,0.013697575,0.004171587,0.048915822,0.22173089,0.042985916,0.071281455,0.017806126,0.04326115,0.038753204,0.29403803,0.02955752,0.07802164,0.0007908538,0.0007908538
63,0.17528583,0.27188364,0.14018986,0.09671529,0.0040713083,-0.06369383,0.11614486,0.20505467,0.08994261,0.08659735,0.0073964642,-0.04035965,0.0767599,0.15410648,0.060272582,0.0775203,0.009675286,-0.017709723,0.057113864,0.1610007,0.048115358,0.07243803,0.012270782,0.0023297903,0.047963396,0.22054854,0.041743476,0.073896825,0.016669549,0.042164806,0.037255246,0.29327127,0.027504373,0.08127727,0.0007908538,0.0007908538
64,0.17103618,0.27047068,0.13740149,0.09754046,0.0042793076,-0.06283508,0.11319833,0.20155898,0.0872613,0.08692792,0.0076662656,-0.040649783,0.0740289,0.1510782,0.05719558,0.07770859,0.009988744,-0.018363088,0.05409318,0.15856262,0.044398896,0.07259438,0.012637265,0.0018245331,0.04424981,0.21895014,0.03678976,0.07406332,0.017106961,0.041984268,0.03217439,0.2933796,0.020546464,0.081482075,0.0007908538,0.0007908538
65,0.17426597,0.27125955,0.13992956,0.09882385,0.0024307445,-0.065555446,0.11548575,0.20360437,0.08946313,0.08884831,0.0061399527,-0.0425645,0.07605042,0.15284349,0.059401244,0.07987148,0.008686124,-0.0197111,0.056202266,0.15994224,0.046876382,0.074958906,0.011551892,0.0010055482,0.046666693,0.21985453,0.039892826,0.0768107,0.01637815,0.041655075,0.035077017,0.29359093,0.024495797,0.08488825,0.0007908538,0.0007908538
66,0.17967919,0.27481973,0.14280249,0.09656231,0.006088597,-0.059576664,0.11842207,0.2071493,0.09121436,0.08635935,0.009362224,-0.037349265,0.07809949,0.15592054,0.061028693,0.077200264,0.011705223,-0.015190867,0.05798785,0.1631818,0.048548274,0.07201686,0.014436399,0.0045331796,0.048401,0.22382313,0.04182629,0.073346436,0.018980423,0.044094626,0.03731874,0.29753783,0.027482076,0.08057874,0.0007908538,0.0007908538
67,0.17894837,0.27458385,0.14218672,0.09698819,0.006131849,-0.059413303,0.11781223,0.20634046,0.09048091,0.08671867,0.009470887,-0.037309848,0.07742238,0.15525305,0.060119342,0.0775483,0.011874862,-0.015097056,0.057126038,0.16275477,0.04736114,0.07237922,0.014680351,0.00475173,0.0471984,0.22385825,0.040116902,0.07376109,0.01932769,0.044424582,0.035538636,0.2983471,0.025010819,0.081097074,0.0007908538,0.0007908538
68,0.17610185,0.2739614,0.14019905,0.0976649,0.006650303,-0.058032244,0.115745395,0.20387131,0.088465095,0.086973496,0.010037009,-0.03687724,0.07543999,0.15308012,0.057765197,0.077670865,0.012492614,-0.014956617,0.054852486,0.16110215,0.044454426,0.07245876,0.015370368,0.0049632215,0.04428802,0.22307359,0.036150333,0.07383064,0.02010802,0.044809733,0.031467695,0.29914188,0.019440774,0.0811815,0.0007908538,0.0007908538
69,0.18176825,0.27484536,0.14473161,0.10016278,0.0023978474,-0.06479684,0.11992298,0.20771232,0.092682004,0.09078887,0.006443721,-0.041525126,0.07929818,0.15638947,0.06216337,0.081998855,0.009337543,-0.018231988,0.05902337,0.16347474,0.049527153,0.07721799,0.012627317,0.0028552685,0.04922634,0.22412825,0.04263703,0.07938823,0.018055104,0.043742467,0.037561927,0.2984535,0.027758641,0.088090435,0.0007908538,0.0007908538
70,0.17891373,0.2755194,0.14223813,0.09963758,0.0060942275,-0.0586567,0.11759466,0.20521657,0.09001921,0.089136906,0.009851162,-0.03727377,0.076984785,0.154114,0.0591501,0.07989753,0.0126271425,-0.014859394,0.05627058,0.16212268,0.04579001,0.07479242,0.015871009,0.0056259953,0.045553926,0.2245187,0.037469886,0.07648425,0.021149615,0.045955073,0.032515604,0.3013549,0.020823462,0.08445748,0.0007908538,0.0007908538
71,0.18083526,0.2760406,0.14351407,0.10050427,0.0054548983,-0.0598855,0.11889589,0.20633261,0.09111422,0.09025159,0.009403843,-0.037831772,0.07810367,0.15508573,0.060255352,0.08110085,0.01233548,-0.014950672,0.057373587,0.1629703,0.046980288,0.076080166,0.015749266,0.005847738,0.04670309,0.22534971,0.038856894,0.07796464,0.021287154,0.04637769,0.03379142,0.30215946,0.022548111,0.08629095,0.0007908538,0.0007908538
72,0.18059762,0.2752604,0.14337997,0.10154998,0.0042847916,-0.061678138,0.11874509,0.20578822,0.090930596,0.09150015,0.008453971,-0.039164767,0.07788763,0.15471715,0.059951663,0.082451254,0.011536647,-0.015883695,0.057052985,0.16265693,0.04653284,0.0775487,0.015100366,0.005322768,0.04621109,0.2251135,0.038162615,0.07967528,0.020880096,0.046219513,0.03294021,0.3022123,0.02139076,0.08841939,0.0007908538,0.0007908538
73,0.18326889,0.27624455,0.14505483,0.101503514,0.0043936945,-0.061442327,0.12042296,0.2075002,0.0922429,0.09166422,0.008587081,-0.03857973,0.079244085,0.15624309,0.061277717,0.08266925,0.011710048,-0.015144811,0.05838386,0.16406707,0.047996543,0.07777988,0.015327151,0.00601909,0.0476643,0.22650088,0.039964363,0.079930834,0.021180727,0.046778116,0.03476661,0.30327612,0.023856223,0.08873076,0.0007908538,0.0007908538
74,0.18487173,0.2774411,0.1460174,0.101785086,0.0049162903,-0.060635462,0.12142968,0.20857768,0.09302332,0.091910385,0.009151465,-0.037668653,0.080123015,0.15706395,0.06209108,0.082880124,0.0123412525,-0.014116614,0.059242636,0.1648551,0.048865207,0.077966034,0.016052306,0.0070418534,0.048515446,0.22750124,0.04093555,0.08011852,0.0220271,0.047692325,0.03572634,0.30451408,0.025138425,0.08895852,0.0007908538,0.0007908538
75,0.18010047,0.27634078,0.14267354,0.102474,0.0057652597,-0.05894193,0.11819435,0.20502372,0.09005482,0.09191675,0.010008462,-0.036986507,0.0772778,0.15389861,0.058865394,0.08267085,0.013217038,-0.013764248,0.056131545,0.16235937,0.044998307,0.07767099,0.0169667,0.0074116006,0.044652153,0.22610034,0.035757717,0.07974861,0.022976486,0.04814966,0.0304801,0.30516753,0.018019818,0.08849272,0.0007908538,0.0007908538
76,0.18540283,0.2784899,0.14634047,0.102437936,0.00536447,-0.0594012,0.12172911,0.20877591,0.09318782,0.09240986,0.009688632,-0.036767267,0.0803372,0.15712209,0.06211137,0.083320834,0.012978487,-0.013283909,0.05930846,0.16512693,0.048693746,0.07838965,0.016819205,0.007882335,0.048323605,0.22841842,0.04045823,0.08057636,0.022967575,0.04851639,0.03520527,0.30640662,0.024403166,0.089516945,0.0007908538,0.0007908538
77,0.1843328,0.27875128,0.14521593,0.10210395,0.0070882183,-0.0564805,0.12081937,0.2078084,0.09201622,0.091604516,0.011269372,-0.034432016,0.07940131,0.15628274,0.060813673,0.08232451,0.014497795,-0.011266411,0.05813775,0.16475295,0.047048897,0.07724569,0.01830804,0.009542546,0.04670364,0.22894032,0.038141944,0.07920584,0.02437308,0.04975608,0.0329967,0.30809414,0.02135614,0.08779816,0.0007908538,0.0007908538
78,0.1805561,0.27689582,0.14277025,0.10394582,0.0055392873,-0.05852187,0.118322216,0.20474656,0.08984576,0.093381286,0.010042846,-0.036522545,0.077172644,0.15361986,0.058371156,0.084146775,0.013485434,-0.013041973,0.055698123,0.16240953,0.044096593,0.079212256,0.017509742,0.008411718,0.04367493,0.22703767,0.034153957,0.08150416,0.023912042,0.049317956,0.028696593,0.3075113,0.01555465,0.090671346,0.0007908538,0.0007908538
79,0.18385108,0.2771601,0.14553614,0.106307685,0.0020069864,-0.063860625,0.12082177,0.2069356,0.092466325,0.09673199,0.007103362,-0.040342763,0.07951783,0.15544188,0.06108311,0.08788982,0.010960417,-0.015781427,0.05824147,0.16353062,0.04719965,0.08331242,0.015395751,0.006694832,0.046642363,0.22719249,0.038035445,0.08629189,0.022467716,0.04854914,0.03217684,0.30669037,0.02027009,0.09663383,0.0007908538,0.0007908538
80,0.18418421,0.2787299,0.14525205,0.105434336,0.0048931562,-0.058913082,0.1205909,0.20681204,0.091689475,0.0952276,0.009721791,-0.03662028,0.07898279,0.15529537,0.06005876,0.086109154,0.013453375,-0.012743407,0.057381418,0.1639532,0.045809865,0.08129399,0.01780773,0.00909949,0.04529742,0.2288022,0.03601776,0.08389187,0.024689205,0.050277393,0.030331675,0.30954987,0.017743384,0.09364104,0.0007908538,0.0007908538
81,0.18648657,0.28075883,0.1464985,0.10459755,0.007356261,-0.054701768,0.12180012,0.20808856,0.09231439,0.09403432,0.011966151,-0.033315267,0.07977428,0.1563954,0.060529307,0.08472437,0.015609074,-0.009965699,0.057965174,0.16537185,0.04616857,0.07971398,0.019917417,0.011317342,0.045695584,0.23102394,0.036273513,0.08199602,0.026673172,0.051874056,0.03075545,0.31234586,0.018258575,0.0912635,0.0007908538,0.0007908538
82,0.18766958,0.2810094,0.14726347,0.105101146,0.007158339,-0.054841097,0.122425415,0.20843615,0.09265398,0.09465104,0.011878049,-0.033450913,0.08009469,0.15680043,0.06067096,0.08538194,0.015621077,-0.009960894,0.058112167,0.16588938,0.046171784,0.08041205,0.020045316,0.011498988,0.045662306,0.23181407,0.036104012,0.08279664,0.026966907,0.05219009,0.030486101,0.31340823,0.017880157,0.09226052,0.0007908538,0.0007908538
83,0.18855481,0.28049207,0.14801574,0.1063085,0.005390534,-0.057453025,0.12295903,0.20860262,0.093096666,0.09629734,0.01041002,-0.035528477,0.08039784,0.15705793,0.060943,0.0872185,0.014364684,-0.011525661,0.05831852,0.16603655,0.046376605,0.08243163,0.019001631,0.0105191255,0.04578508,0.23178127,0.03624088,0.085166864,0.026262596,0.05176915,0.030369414,0.3132776,0.017733674,0.0952277,0.0007908538,0.0007908538
84,0.19252199,0.2819395,0.15049489,0.105736606,0.005998955,-0.056483876,0.12532718,0.21102448,0.09484158,0.095932625,0.0109477565,-0.03439215,0.08216892,0.15930727,0.06260353,0.086890854,0.014881156,-0.010379156,0.05998261,0.16823317,0.048173033,0.082073405,0.019509332,0.011454012,0.047586136,0.23407108,0.038472507,0.08473737,0.026736269,0.05238883,0.03270543,0.3150974,0.020893179,0.09469232,0.0007908538,0.0007908538
85,0.1881408,0.27967992,0.14780556,0.10763193,0.0043533556,-0.058611184,0.12243364,0.2073821,0.09232236,0.0977669,0.009645125,-0.036919508,0.07953183,0.15624413,0.05967878,0.08878255,0.013813117,-0.012651094,0.057055328,0.16562606,0.044596978,0.08412356,0.018681707,0.0099446885,0.04392232,0.23204933,0.033611394,0.087138385,0.026287094,0.051734574,0.027463472,0.31461808,0.013783457,0.09769336,0.0007908538,0.0007908538
86,0.1868239,0.27942646,0.14673036,0.108316705,0.0045540016,-0.058214746,0.121457264,0.2062142,0.091263324,0.098242015,0.009935828,-0.036644552,0.07858506,0.15522814,0.058465566,0.08919866,0.014188481,-0.0122914165,0.05590472,0.1649452,0.043051485,0.08453932,0.019159775,0.010425187,0.042342637,0.2320347,0.031423364,0.087608516,0.026899477,0.052251425,0.025196334,0.31567293,0.010729146,0.09828249,0.0007908538,0.0007908538
87,0.19293414,0.2827897,0.15075241,0.10801477,0.005350711,-0.057175234,0.12557636,0.2108848,0.094908535,0.09825684,0.01073053,-0.034860644,0.082327195,0.1590248,0.062440045,0.08925644,0.015040789,-0.010312944,0.059870813,0.1682053,0.047643814,0.08456816,0.020101734,0.012117887,0.04692504,0.23498991,0.03725817,0.08760816,0.027945032,0.05344311,0.03117684,0.3177609,0.018789668,0.09827605,0.0007908538,0.0007908538
88,0.1903121,0.2831493,0.14842592,0.10706528,0.008725421,-0.051807243,0.12355443,0.20881745,0.09258148,0.096333615,0.01375486,-0.030892791,0.08036366,0.15727095,0.05988339,0.0869486,0.017863609,-0.007131371,0.057526723,0.1673782,0.04447676,0.081957154,0.022757463,0.0145623945,0.04383048,0.23580706,0.03293411,0.08450341,0.03028153,0.055080965,0.027097898,0.3205714,0.013204901,0.09438782,0.0007908538,0.0007908538
89,0.18929245,0.28144595,0.1482428,0.11062271,0.0040960344,-0.058583956,0.123040244,0.20769738,0.0924824,0.10073756,0.009943355,-0.036463685,0.079931326,0.15619536,0.05958487,0.09175953,0.014630331,-0.011500806,0.05706155,0.16588406,0.044030283,0.08723379,0.020113498,0.011744204,0.043147422,0.23365146,0.032117806,0.09070669,0.028572263,0.05383062,0.025534507,0.3185378,0.0111542065,0.10216355,0.0007908538,0.0007908538
90,0.19139211,0.28184095,0.14987148,0.112099856,0.0021214313,-0.06156513,0.12456971,0.20915815,0.094016686,0.102811426,0.008350867,-0.038450066,0.08135631,0.15734988,0.061194327,0.094064884,0.013329766,-0.012788374,0.058582023,0.16659315,0.045850765,0.089754276,0.019121284,0.011060049,0.04485943,0.23385121,0.034324866,0.09365431,0.028061315,0.053651135,0.02748391,0.3183334,0.013779924,0.105847865,0.0007908538,0.0007908538
91,0.18997498,0.2822793,0.14834104,0.11087343,0.004972686,-0.056966845,0.123212576,0.20787063,0.09219724,0.10082826,0.010834908,-0.035009995,0.07982215,0.15640746,0.05909407,0.09178299,0.015574911,-0.010054897,0.05664874,0.16650611,0.043216847,0.08721301,0.021138478,0.013056063,0.042305764,0.2352247,0.030785117,0.0906557,0.029677222,0.054829083,0.024245005,0.3211688,0.009391029,0.10210252,0.0007908538,0.0007908538
92,0.19428973,0.28513774,0.15114976,0.10996668,0.0067294845,-0.05403882,0.1260071,0.2110731,0.09453607,0.099885054,0.012411509,-0.03233355,0.082244925,0.15907879,0.061538957,0.09075455,0.017070718,-0.007721643,0.05912578,0.16908011,0.0459726,0.08604723,0.022576775,0.014815908,0.045108486,0.23803487,0.03426407,0.0892524,0.03098959,0.055923816,0.02797068,0.3237215,0.014374531,0.100335486,0.0007908538,0.0007908538
93,0.19744739,0.2866545,0.153485,0.110705554,0.0060475855,-0.054800984,0.12816751,0.213299,0.09657016,0.100977264,0.011934506,-0.032722417,0.08417819,0.16087244,0.06362137,0.09195982,0.016773766,-0.007843724,0.06114791,0.1705314,0.04831906,0.087345004,0.022483012,0.014912414,0.047394294,0.23922554,0.03717047,0.09075699,0.031196138,0.056180727,0.03076461,0.324562,0.018143157,0.10221907,0.0007908538,0.0007908538
94,0.19251399,0.2858895,0.14954345,0.10965793,0.010216734,-0.048398197,0.1246023,0.20929421,0.09271803,0.09857944,0.015658062,-0.028180612,0.08079617,0.15763997,0.059395533,0.0890476,0.020222152,-0.004199022,0.057198156,0.16873352,0.04313327,0.08404153,0.025686644,0.017748984,0.04230392,0.23973812,0.03017381,0.08681602,0.033956166,0.058078937,0.024064273,0.3278801,0.009005594,0.097258404,0.0007908538,0.0007908538
95,0.1959031,0.2864731,0.15257686,0.11333827,0.0054220334,-0.055387776,0.12716033,0.21158895,0.0956041,0.103480965,0.011787394,-0.03348319,0.083264686,0.15922785,0.062372163,0.094445184,0.017054442,-0.008083242,0.059931934,0.16921496,0.046552867,0.08994668,0.02326545,0.015456728,0.045428786,0.23878674,0.034325782,0.09374893,0.032694172,0.057315234,0.027426042,0.32596812,0.01360546,0.105963916,0.0007908538,0.0007908538
96,0.19813581,0.28781736,0.15400642,0.11341245,0.006246143,-0.05396134,0.12851825,0.21290278,0.0966203,0.103499874,0.01261372,-0.032230213,0.084336005,0.16035035,0.063332565,0.09441148,0.017924832,-0.0068702577,0.060918067,0.17039655,0.047541056,0.089861386,0.02420468,0.01654263,0.04639738,0.24030495,0.035448957,0.09361771,0.033702996,0.0581548,0.02858131,0.32767382,0.015164167,0.10579652,0.0007908538,0.0007908538
97,0.19321935,0.28665432,0.15026963,0.11272916,0.009255284,-0.0492371,0.12498328,0.20890298,0.09292307,0.101735644,0.01529285,-0.029197663,0.080967225,0.15714201,0.0592298,0.09225437,0.020388296,-0.004570811,0.057028987,0.16845916,0.04253851,0.08742025,0.026466163,0.018315645,0.04146324,0.24031278,0.028757082,0.09071187,0.03560438,0.05932962,0.022074442,0.33007693,0.006327166,0.10214059,0.0007908538,0.0007908538
98,0.19675766,0.2875989,0.1533883,0.11646782,0.0047272765,-0.055953704,0.12775037,0.21152349,0.09608976,0.106669836,0.011703158,-0.034018576,0.08378909,0.1588672,0.06265055,0.09765981,0.017536128,-0.007879311,0.06021253,0.16893914,0.046511065,0.09331486,0.024415001,0.01654548,0.045120277,0.23924582,0.033583056,0.09761932,0.034789287,0.058940645,0.026124207,0.3280213,0.011818054,0.110804476,0.0007908538,0.0007908538
99,0.19518618,0.28793666,0.15195379,0.11603756,0.007078055,-0.05224588,0.12646507,0.21011388,0.09451852,0.10553501,0.0138419345,-0.031259622,0.08248073,0.15772626,0.060881685,0.09625029,0.019554967,-0.00554931,0.058587816,0.16854797,0.044284996,0.0917008,0.026329877,0.01841168,0.04292836,0.24018013,0.030535629,0.095692426,0.036488052,0.060176495,0.023259168,0.33039817,0.007956251,0.10839294,0.0007908538,0.0007908538
100,0.19820093,0.28926963,0.15388559,0.116216406,0.007216728,-0.052101795,0.12843376,0.21220191,0.09617019,0.10589732,0.014048296,-0.0305779,0.084180795,0.15949489,0.062623635,0.09664808,0.019844897,-0.0046293484,0.060313117,0.1701248,0.04623629,0.09210844,0.02672322,0.019264558,0.04485279,0.24170925,0.03295932,0.09614968,0.03701794,0.06078717,0.025738623,0.33162004,0.011298133,0.10896486,0.0007908538,0.0007908538
101,0.19765602,0.28959897,0.1532122,0.11532542,0.009431546,-0.048439167,0.12781791,0.21143886,0.09517876,0.1044554,0.015987793,-0.027955115,0.08336722,0.15905863,0.061392803,0.09497879,0.021603094,-0.002592072,0.059201848,0.17038377,0.04464165,0.090234034,0.028302426,0.020739788,0.04333551,0.24309379,0.03080309,0.093919896,0.038285498,0.061647054,0.02382217,0.33397257,0.00868474,0.106161706,0.0007908538,0.0007908538
102,0.20122907,0.29060748,0.15603606,0.11694291,0.0071938788,-0.05133985,0.13014753,0.21363246,0.09741142,0.10678935,0.0141984755,-0.030389255,0.08530326,0.16085121,0.063529484,0.09758229,0.02017514,-0.0044702925,0.06119916,0.17158939,0.04703225,0.0930834,0.027269866,0.019637648,0.045559116,0.24356727,0.03370416,0.0972657,0.037855733,0.061332468,0.02629088,0.3337248,0.012047015,0.11037031,0.0007908538,0.0007908538
103,0.19974127,0.28962865,0.1551634,0.11899951,0.0057211183,-0.053599384,0.12925404,0.21226211,0.09665983,0.10901116,0.013159901,-0.032171022,0.08454016,0.15959959,0.06264036,0.099901885,0.01949788,-0.005579004,0.060274877,0.17039497,0.045830242,0.09557614,0.027003547,0.019293785,0.04417455,0.24259979,0.031802453,0.100170605,0.038202666,0.061588664,0.023958009,0.33363208,0.008893783,0.11401056,0.0007908538,0.0007908538
104,0.19714035,0.29148823,0.15286061,0.11749498,0.011976615,-0.04396208,0.12739286,0.21022145,0.094418555,0.105775654,0.01880228,-0.024874879,0.08291605,0.15781194,0.060276236,0.09595529,0.024768984,0.0005059736,0.058243304,0.170104,0.042827614,0.091065064,0.031929202,0.024026694,0.04131958,0.24509162,0.02764863,0.094769865,0.042472187,0.06459272,0.02038992,0.33903635,0.0040438836,0.10721804,0.0007908538,0.0007908538
105,0.20049672,0.29429084,0.15583998,0.12138768,0.009416327,-0.04748835,0.13002448,0.21286497,0.09748682,0.11024898,0.01711746,-0.02741989,0.08576898,0.15918382,0.06361645,0.10064332,0.023849811,-0.0008752634,0.061403308,0.17040579,0.04660011,0.09607765,0.031895135,0.023957565,0.044686288,0.24454519,0.031960137,0.100605644,0.043729924,0.06553264,0.023882551,0.33857596,0.008822361,0.11455905,0.0007908538,0.0007908538
106,0.19942527,0.29453188,0.155587,0.12369363,0.008130932,-0.049031574,0.12947124,0.2119768,0.097301856,0.11263918,0.016302552,-0.029288521,0.08544031,0.15807793,0.06329898,0.10309526,0.023441011,-0.0023674394,0.061030436,0.16918226,0.046093795,0.09869239,0.03195856,0.023350595,0.043945927,0.24342017,0.030916058,0.10364703,0.044484343,0.06578339,0.022238936,0.33839202,0.0066382512,0.11837943,0.0007908538,0.0007908538
107,0.20123601,0.29594505,0.15668574,0.12356356,0.009351127,-0.047383912,0.13068064,0.2132829,0.09826981,0.11230878,0.017459692,-0.027609885,0.086538896,0.15915433,0.064342335,0.10265646,0.024587633,-0.00071272906,0.062109217,0.1703552,0.047214855,0.098156855,0.033108488,0.024715072,0.045080993,0.24502869,0.03226531,0.102986515,0.045596525,0.06665235,0.02376539,0.3402801,0.008694825,0.11754864,0.0007908538,0.0007908538
108,0.19947381,0.296025,0.15517904,0.12269719,0.011880285,-0.04376116,0.12943618,0.21194501,0.09683714,0.11071456,0.019682057,-0.024798963,0.08538995,0.15813838,0.06283077,0.10077462,0.026595766,0.0016458017,0.060740594,0.17010202,0.04536202,0.09603987,0.0348916,0.026475731,0.04332333,0.24603246,0.029829688,0.10047095,0.046989836,0.06763731,0.021656662,0.34246883,0.005840507,0.114385456,0.0007908538,0.0007908538
109,0.20197526,0.29682484,0.1570968,0.12371484,0.010423703,-0.045842763,0.13110022,0.21364553,0.09846528,0.1122041,0.018514493,-0.026355859,0.08685127,0.15947993,0.06447809,0.10243682,0.025667911,0.0005361262,0.062288433,0.17094763,0.04723214,0.09785627,0.034234196,0.025862461,0.045068238,0.24627411,0.032107607,0.10260272,0.046745438,0.06749112,0.02366245,0.34215948,0.008558249,0.1170701,0.0007908538,0.0007908538
110,0.19803068,0.29405046,0.15462576,0.12579669,0.0076762172,-0.0494749,0.12829714,0.21022993,0.095884204,0.114628464,0.016241003,-0.030160455,0.084058255,0.15669969,0.061387084,0.10507502,0.023747487,-0.0028031876,0.05912676,0.16841924,0.043465555,0.10076974,0.03270408,0.023666574,0.041065287,0.24390504,0.026926437,0.10604837,0.0458342,0.06659351,0.017747048,0.34069744,0.00060554076,0.12141018,0.0007908538,0.0007908538
111,0.20440589,0.29665896,0.15940347,0.12657817,0.0056766365,-0.052226484,0.13267542,0.21506344,0.100211434,0.11633581,0.014570912,-0.031941365,0.088072225,0.16056839,0.06597032,0.10708977,0.022354774,-0.0041051423,0.06353241,0.17114933,0.04882772,0.10299408,0.03162282,0.022784065,0.04633319,0.2452255,0.03380399,0.108660944,0.04524339,0.06618291,0.024438743,0.34046283,0.009593135,0.12469297,0.0007908538,0.0007908538
112,0.19811551,0.2969695,0.15439253,0.12412088,0.0129241375,-0.041431174,0.12832676,0.21052864,0.09554815,0.11166175,0.020913593,-0.024043635,0.08416486,0.15692765,0.061033048,0.10155735,0.028043473,0.002216459,0.05901915,0.16976534,0.042853367,0.09677954,0.036611874,0.027402584,0.040637963,0.24756108,0.026008913,0.101287715,0.049031094,0.06871245,0.01751912,0.34650865,0.00027841076,0.115433164,0.0007908538,0.0007908538
113,0.20351174,0.3009506,0.15874444,0.12676962,0.011263175,-0.043652788,0.13240124,0.21498981,0.09999442,0.114855975,0.019888809,-0.025266647,0.08840666,0.15985236,0.06594195,0.10491716,0.0276044,0.0018316512,0.06374513,0.17142606,0.04851896,0.100354314,0.036867417,0.027799277,0.04600063,0.24814291,0.032919865,0.105438486,0.050294317,0.06961545,0.023937946,0.3466247,0.008971952,0.12066145,0.0007908538,0.0007908538
114,0.20101376,0.30102688,0.15732117,0.12846656,0.011213947,-0.04345477,0.1309825,0.21329221,0.098948926,0.11627231,0.020128999,-0.025482846,0.08740836,0.15806307,0.06483103,0.10624827,0.028122142,0.0018161457,0.06263706,0.16986871,0.047072206,0.10172193,0.03772725,0.028268313,0.04435881,0.24727778,0.03066006,0.10700441,0.05163187,0.07040283,0.021289812,0.34727708,0.0054252166,0.122629374,0.0007908538,0.0007908538
115,0.19938816,0.30136663,0.15621969,0.12850088,0.012886004,-0.040552232,0.1299376,0.21204427,0.097908996,0.115739405,0.021702157,-0.0236316,0.0865136,0.15697253,0.06367431,0.10549559,0.029649967,0.0032770701,0.061574012,0.16936877,0.045615766,0.10082583,0.03921787,0.029497366,0.04290335,0.24784838,0.028632402,0.10591597,0.053015236,0.07127811,0.019320916,0.3490779,0.002778965,0.121255845,0.0007908538,0.0007908538
116,0.20441298,0.30374533,0.16002072,0.13028264,0.01082092,-0.043360326,0.13342994,0.21577767,0.10146783,0.11823005,0.02012855,-0.025360646,0.08982676,0.15970753,0.06746971,0.10822569,0.028510183,0.002272221,0.0651869,0.1710079,0.049980573,0.10377669,0.038587727,0.029150717,0.04704196,0.2482487,0.03400941,0.10936185,0.053152833,0.07147813,0.024294544,0.34843713,0.009508594,0.12559788,0.0007908538,0.0007908538
117,0.2001063,0.30317593,0.15677962,0.12931356,0.014757761,-0.03740934,0.13055663,0.21245465,0.09843649,0.116008654,0.023637464,-0.021135176,0.08722252,0.15711582,0.0642134,0.105521314,0.03171902,0.005723662,0.062163457,0.16988358,0.04601813,0.100708015,0.041472886,0.03180299,0.04320389,0.24943995,0.028784111,0.10569962,0.055463973,0.07303785,0.019484013,0.35189235,0.0030083458,0.12097752,0.0007908538,0.0007908538
118,0.20108032,0.3031646,0.15770428,0.13221763,0.011539547,-0.041786913,0.13113011,0.21283145,0.099118225,0.11962098,0.02113151,-0.024666602,0.08763759,0.15714997,0.06471653,0.10942852,0.029817061,0.0031242974,0.06247445,0.16931827,0.046401907,0.10495333,0.040278144,0.030489318,0.043182023,0.24820277,0.028758759,0.11068014,0.055339944,0.072952636,0.018566571,0.35060462,0.0018064216,0.1272645,0.0007908538,0.0007908538
119,0.20336662,0.30422613,0.15938504,0.1335704,0.010213873,-0.04353054,0.13271773,0.21449746,0.100719035,0.12137749,0.02015441,-0.02565088,0.089128405,0.15831433,0.066395596,0.111325435,0.02915279,0.0026274407,0.0640431,0.16995974,0.04826179,0.10699561,0.039985616,0.030418094,0.04486952,0.2483357,0.030919662,0.11306158,0.05560128,0.07320149,0.020427914,0.35045043,0.0043230886,0.13026503,0.0007908538,0.0007908538
120,0.20229208,0.30466685,0.15823139,0.13210674,0.013407864,-0.03873441,0.13195103,0.21371882,0.09962521,0.119077705,0.022891417,-0.021686418,0.08837207,0.15790273,0.0652523,0.10868576,0.031537395,0.0059074657,0.063070714,0.17050776,0.046849877,0.10405245,0.04196458,0.03265378,0.043680515,0.25042278,0.029223995,0.10957557,0.056905407,0.074175194,0.019381331,0.35360837,0.0029108138,0.1258775,0.0007908538,0.0007908538
121,0.20240751,0.30420417,0.15823573,0.13325718,0.012020922,-0.040634766,0.1319137,0.21357116,0.09949972,0.120548554,0.021796962,-0.022958945,0.08818417,0.1577725,0.064989746,0.11029328,0.030691745,0.005092803,0.062729456,0.17028177,0.046408862,0.105806865,0.041410692,0.03228185,0.043081656,0.2501223,0.028428985,0.11163852,0.056792796,0.07416612,0.01828016,0.353404,0.0014269789,0.12848653,0.0007908538,0.0007908538
122,0.204363,0.30522248,0.1593314,0.13246799,0.013164483,-0.038927518,0.13314232,0.21496554,0.100408226,0.119614646,0.022750445,-0.021146081,0.089198194,0.15909614,0.065955915,0.10927465,0.031499192,0.006719218,0.06373218,0.17175172,0.04749666,0.10467624,0.042046264,0.033339087,0.04430009,0.2519144,0.029951144,0.110298544,0.0571456,0.07453041,0.020211268,0.3550737,0.004035465,0.12680176,0.0007908538,0.0007908538
123,0.20210932,0.30357197,0.15754542,0.13288139,0.012718877,-0.039435852,0.13144884,0.21296877,0.09854771,0.120015256,0.022384027,-0.021568771,0.08739298,0.15765981,0.063789435,0.10970287,0.031192355,0.0064198603,0.06157566,0.1708381,0.04481735,0.10515221,0.04180745,0.03317641,0.04157208,0.25166982,0.026352474,0.110863544,0.057010006,0.074461326,0.016502215,0.35555443,-0.0009916748,0.12751883,0.0007908538,0.0007908538
124,0.20684949,0.30555743,0.16090617,0.13378188,0.011371134,-0.041259963,0.1346713,0.21648476,0.10166836,0.1214974,0.021333378,-0.022299487,0.09034939,0.16040362,0.06712048,0.111369066,0.030411001,0.006160049,0.064769655,0.17273991,0.04866387,0.10695956,0.04134318,0.03313746,0.04531586,0.25261652,0.0312304,0.11297724,0.057022147,0.07456603,0.021259753,0.35551372,0.005457874,0.13018535,0.0007908538,0.0007908538
125,0.20398611,0.30482003,0.15875612,0.13365147,0.013113222,-0.038625732,0.13275482,0.21422958,0.09964622,0.12073835,0.022929942,-0.020354459,0.088569015,0.15867499,0.064904824,0.110380344,0.031914633,0.007875935,0.06265368,0.17193824,0.045911506,0.105814986,0.0427506,0.0345249,0.042587813,0.2532684,0.027535392,0.11159958,0.05823878,0.07538039,0.017739628,0.3576097,0.0006970389,0.128447,0.0007908538,0.0007908538
126,0.2037854,0.30442205,0.1587107,0.13543499,0.0114404475,-0.040906433,0.13254373,0.21382667,0.099453114,0.122845106,0.021683559,-0.022205507,0.088267595,0.15823244,0.06453423,0.11263127,0.03104307,0.0066100564,0.062175732,0.1713564,0.045299854,0.1082529,0.04232312,0.034019038,0.04170461,0.2526244,0.026361655,0.114461094,0.058468703,0.07550788,0.016026458,0.357268,-0.0015984718,0.13206764,0.0007908538,0.0007908538
127,0.21062842,0.3082108,0.16353638,0.13580397,0.011076023,-0.041319296,0.13720292,0.21913148,0.10395731,0.123623244,0.021472786,-0.02171202,0.09262768,0.1623742,0.06941764,0.1135013,0.030992039,0.0073525063,0.066936426,0.17451209,0.051011343,0.10917175,0.042456746,0.034617137,0.04739292,0.2548141,0.033796977,0.1155337,0.058845844,0.07582232,0.02361859,0.35827142,0.008770077,0.13344608,0.0007908538,0.0007908538
128,0.19945309,0.30584577,0.15601546,0.136772,0.014300689,-0.03645447,0.13015719,0.21122678,0.09753983,0.12296334,0.024587031,-0.019101566,0.08669289,0.15553983,0.06260227,0.11230238,0.03407101,0.009485402,0.0603313,0.16976623,0.042740714,0.10770704,0.04552639,0.03674187,0.038975526,0.25347102,0.022560155,0.113744766,0.061797578,0.077502325,0.012214541,0.36134824,-0.006608039,0.13118933,0.0007908538,0.0007908538
129,0.20406924,0.30994445,0.16022158,0.14209805,0.010360018,-0.041835457,0.1339658,0.21535231,0.10230297,0.12926286,0.021941341,-0.022648448,0.09108389,0.15742292,0.067959525,0.118936025,0.03263526,0.007644319,0.06527003,0.16950543,0.04876533,0.11480851,0.045559254,0.036747307,0.044184476,0.25118908,0.029271813,0.122032195,0.06397566,0.07882718,0.017555596,0.3587149,0.00062844367,0.14165191,0.0007908538,0.0007908538
130,0.20221993,0.31187415,0.15859112,0.13956457,0.0166328,-0.033084795,0.1330483,0.21451516,0.10119993,0.12501423,0.027358836,-0.015354616,0.090620816,0.15689102,0.06709193,0.11399677,0.037366267,0.013871386,0.06470625,0.1705803,0.047733884,0.10928996,0.049464885,0.041022975,0.043645438,0.25496414,0.028361378,0.11550715,0.066506855,0.08054978,0.018073814,0.36436594,0.0013907275,0.13345595,0.0007908538,0.0007908538
131,0.20479436,0.3136038,0.16032626,0.13998006,0.016802471,-0.03266703,0.1347163,0.21640745,0.102703534,0.12545834,0.0276136,-0.014788541,0.09211394,0.1583737,0.06865228,0.11442666,0.037717897,0.014523465,0.0662253,0.17186974,0.049454775,0.10971863,0.04992818,0.04161589,0.045313336,0.25626808,0.030473886,0.11600315,0.067091756,0.08091855,0.020230044,0.3655901,0.0043346467,0.13411145,0.0007908538,0.0007908538
132,0.20440547,0.31326476,0.16007166,0.14105728,0.015974708,-0.033546425,0.13426103,0.21579514,0.102133065,0.12667665,0.027031707,-0.015977269,0.09147038,0.15789947,0.06781702,0.11571144,0.037363566,0.013494606,0.065340646,0.17150405,0.0483097,0.11110083,0.04984834,0.0411391,0.043944523,0.25615844,0.028637161,0.117625125,0.06740064,0.08097736,0.017929891,0.36595052,0.0012022748,0.13617785,0.0007908538,0.0007908538
133,0.2015302,0.31121835,0.15794586,0.142424,0.0146480715,-0.035236157,0.13192636,0.21305563,0.099552155,0.12815018,0.025991844,-0.018066369,0.088834584,0.15589553,0.064641975,0.117278196,0.036566377,0.01168608,0.062122464,0.17013192,0.04432343,0.11281128,0.0493366,0.04013909,0.039669316,0.25564966,0.023022177,0.11964666,0.067298934,0.08077004,0.011675206,0.36649865,-0.0072728973,0.13875613,0.0007908538,0.0007908538
134,0.20744337,0.3150234,0.16241753,0.14302973,0.014309084,-0.035557754,0.13612472,0.21779405,0.10388049,0.1290762,0.025841376,-0.018007945,0.09297968,0.15938784,0.0693788,0.11826579,0.036614396,0.011888075,0.06674634,0.17253552,0.049877554,0.11384079,0.049625035,0.040408786,0.04515208,0.25698796,0.030150022,0.120836206,0.06791699,0.0810443,0.018797264,0.36701497,0.002440304,0.14026889,0.0007908538,0.0007908538
135,0.2042046,0.31468016,0.16014698,0.14147066,0.017945847,-0.030129299,0.13410847,0.21545696,0.101765975,0.12643844,0.028942717,-0.014505618,0.09118752,0.15781207,0.06711075,0.11521225,0.039271303,0.01442418,0.06471538,0.17235772,0.04720082,0.110436894,0.05174876,0.04206598,0.042742576,0.25883654,0.026861336,0.11679418,0.06918651,0.08171049,0.016090117,0.37050077,-0.0012342011,0.13515043,0.0007908538,0.0007908538
136,0.20374273,0.31430703,0.15989384,0.14277548,0.016709894,-0.03163354,0.1336368,0.2148486,0.10124784,0.12796736,0.028018516,-0.016094422,0.0905554,0.1572914,0.066326134,0.11684484,0.038630098,0.013114921,0.06385068,0.17186652,0.046105713,0.11220565,0.051451184,0.041423514,0.041386776,0.25849527,0.025061604,0.11887576,0.069389224,0.08172067,0.013746776,0.37059322,-0.0044128685,0.13780095,0.0007908538,0.0007908538
137,0.20904358,0.31743196,0.1638631,0.14442757,0.015183157,-0.0339099,0.13739112,0.21907358,0.105183624,0.13016538,0.02694866,-0.01704887,0.09428409,0.16023096,0.07064529,0.11920795,0.038001396,0.012883005,0.0679589,0.1735418,0.05107981,0.114735976,0.05136357,0.041629262,0.046121508,0.25887355,0.031242212,0.121834055,0.07008694,0.08213901,0.019660091,0.3700843,0.0036732221,0.14155531,0.0007908538,0.0007908538
138,0.20110369,0.31459752,0.1582304,0.14378692,0.01790609,-0.030359885,0.13230386,0.21335246,0.1001862,0.12842946,0.029322794,-0.014567359,0.08972726,0.155808,0.065309316,0.117105015,0.040080808,0.014996411,0.0628188,0.17106874,0.044677246,0.11238639,0.053090934,0.043172665,0.039871465,0.25917462,0.022945996,0.119042724,0.071240515,0.08277156,0.011778222,0.37307218,-0.007039402,0.13801876,0.0007908538,0.0007908538
139,0.20831421,0.3187565,0.16362566,0.14592819,0.01572971,-0.033591043,0.13741702,0.21912897,0.105556495,0.13134292,0.027752332,-0.015929833,0.09480133,0.1598428,0.07119552,0.12025284,0.039093554,0.014598018,0.06841645,0.17334878,0.05146212,0.11576325,0.05281991,0.043337848,0.046349186,0.25961748,0.03141376,0.122993335,0.072012424,0.08323215,0.019907534,0.37224483,0.0040980424,0.14303228,0.0007908538,0.0007908538
140,0.20155935,0.3166769,0.15900381,0.14582358,0.01810931,-0.030645229,0.1332504,0.21434385,0.10160394,0.1302652,0.029925017,-0.013857594,0.09122552,0.15600434,0.06702197,0.11884147,0.041114107,0.016540784,0.06437292,0.17110853,0.04639136,0.114144996,0.054667205,0.044971135,0.041317962,0.25979558,0.024695884,0.121046856,0.07354738,0.08412212,0.013434454,0.37493148,-0.0047060163,0.14055699,0.0007908538,0.0007908538
141,0.20411676,0.3183053,0.16098133,0.14730689,0.01688303,-0.032473627,0.13513109,0.21641979,0.10364433,0.13209443,0.029080857,-0.014686228,0.0931373,0.15732908,0.06922978,0.120780654,0.04064095,0.0163134,0.0664183,0.17173171,0.048835035,0.116216004,0.05465301,0.045157526,0.043533504,0.2598073,0.027561104,0.123464204,0.07419428,0.08451393,0.016013408,0.37473267,-0.0011585333,0.14362474,0.0007908538,0.0007908538
142,0.20475398,0.3191554,0.16148385,0.14771536,0.017180664,-0.032109123,0.13572821,0.21706812,0.10430848,0.13240898,0.029448224,-0.013988822,0.09384032,0.15772657,0.06999335,0.12104417,0.041094255,0.01716794,0.067146875,0.17210652,0.049644515,0.11645819,0.05521463,0.045905504,0.04431724,0.2603824,0.028536199,0.12372752,0.074889265,0.08495359,0.017077554,0.3755698,0.00031778275,0.1439597,0.0007908538,0.0007908538
143,0.20292708,0.31877136,0.16026607,0.14760262,0.018085394,-0.030631213,0.13459417,0.21576935,0.10320977,0.13195825,0.030264026,-0.01314289,0.09284442,0.15673386,0.06879596,0.12047432,0.041841492,0.017784195,0.066010065,0.17166853,0.048192833,0.115807794,0.05588018,0.046375565,0.04289628,0.26078966,0.026627563,0.12294689,0.07541254,0.085202456,0.015253661,0.37681717,-0.0021559834,0.1429685,0.0007908538,0.0007908538
144,0.20217068,0.3189296,0.15974067,0.14671947,0.019714015,-0.028143821,0.13419439,0.21529378,0.10276169,0.13064349,0.031623837,-0.011417989,0.09253452,0.15651882,0.06834483,0.118987635,0.04296734,0.019037329,0.06567359,0.1720054,0.047691032,0.11416099,0.056718383,0.04710732,0.04258766,0.26192176,0.026163012,0.12099339,0.075804725,0.08539053,0.015182135,0.37851924,-0.0022524397,0.14048877,0.0007908538,0.0007908538
145,0.20461807,0.31964207,0.16157715,0.14893077,0.016625252,-0.03228037,0.13562037,0.21691288,0.104218304,0.1336732,0.029153956,-0.014596801,0.09368226,0.1575176,0.0697051,0.122332595,0.041060425,0.016670072,0.06679041,0.17204314,0.049089096,0.11781813,0.055502478,0.045853823,0.04353334,0.26084256,0.027425546,0.1253108,0.07561839,0.08522943,0.015603324,0.3769129,-0.0016740486,0.14598101,0.0007908538,0.0007908538
146,0.20279509,0.3187279,0.16013479,0.14845666,0.01756889,-0.030924568,0.1343062,0.21540613,0.10271806,0.13287501,0.02992705,-0.0136834895,0.092313536,0.15656847,0.068008214,0.12142485,0.041676737,0.017370451,0.0651706,0.17183638,0.047042742,0.11681876,0.05592152,0.046264518,0.04159115,0.26161045,0.024848465,0.12413125,0.075729206,0.08528302,0.013247111,0.37835497,-0.0048801107,0.1444921,0.0007908538,0.0007908538
147,0.20865181,0.32184684,0.16402465,0.1470118,0.018927565,-0.028918173,0.13813521,0.21979076,0.1061304,0.13133362,0.030945962,-0.011680607,0.095720194,0.16044486,0.07166417,0.11979275,0.042378183,0.018890115,0.06890164,0.17540443,0.051439073,0.11503082,0.05620708,0.04686468,0.046371497,0.26484948,0.031096661,0.12203632,0.07537064,0.0850451,0.020317294,0.38060555,0.0048424406,0.14186965,0.0007908538,0.0007908538
148,0.20336373,0.3200809,0.16028433,0.14647982,0.02186635,-0.024740247,0.13474265,0.21567693,0.102621794,0.12980637,0.03357858,-0.009018527,0.09257589,0.15742986,0.06779717,0.11789676,0.04477523,0.021119993,0.06518546,0.17416114,0.04664781,0.11286468,0.058320496,0.048674744,0.04163035,0.26622155,0.024658285,0.11943103,0.07699014,0.086060956,0.014128639,0.38430527,-0.003674541,0.13856378,0.0007908538,0.0007908538
149,0.20766136,0.32226637,0.16370703,0.151123,0.016736094,-0.03139309,0.13729641,0.21857314,0.105340496,0.13571052,0.02966333,-0.01476882,0.09473583,0.15899223,0.070329644,0.12428248,0.04199854,0.016780945,0.067243025,0.17397608,0.04916146,0.11979557,0.056939807,0.04675888,0.043068007,0.26427957,0.0265396,0.12760934,0.07762503,0.08638688,0.014095615,0.38188395,-0.0036931105,0.14899547,0.0007908538,0.0007908538
150,0.20434605,0.32086778,0.1612275,0.15077765,0.017905448,-0.02944037,0.13481595,0.21584804,0.102548406,0.1348521,0.030626671,-0.0142522575,0.092085,0.15723567,0.06705064,0.1232637,0.042758908,0.016843935,0.06407483,0.17349455,0.045167964,0.118668206,0.057427064,0.04675272,0.039100472,0.2655399,0.021291066,0.12628616,0.07766298,0.08629557,0.008882604,0.38451114,-0.01077005,0.14734657,0.0007908538,0.0007908538
151,0.21097398,0.3248321,0.16598885,0.1510027,0.017640458,-0.029561749,0.1392929,0.22105409,0.1069756,0.1353683,0.030457944,-0.014004511,0.09632818,0.16127175,0.07185236,0.12383848,0.042690895,0.017091393,0.06878652,0.17644835,0.05084802,0.11926899,0.057466663,0.04685635,0.044814754,0.26737112,0.028811755,0.12699936,0.077827334,0.08627002,0.016609538,0.3853473,-9.969843e-05,0.14828894,0.0007908538,0.0007908538
152,0.20859052,0.32479835,0.16418101,0.14949536,0.021271765,-0.024680147,0.13791625,0.21948612,0.10543647,0.1328153,0.03354947,-0.010200437,0.09517961,0.16033638,0.070295565,0.12087128,0.04531034,0.020281939,0.06742859,0.17687494,0.048974797,0.115950495,0.059490822,0.04895442,0.043281127,0.26981348,0.026663525,0.123052575,0.078897774,0.08693525,0.015315859,0.3891314,-0.0018724371,0.14329249,0.0007908538,0.0007908538
153,0.20967202,0.32492676,0.16487037,0.1513371,0.019078368,-0.027765902,0.13832834,0.21996135,0.105711594,0.13518858,0.031847354,-0.012577111,0.09526887,0.1605818,0.07033731,0.12346053,0.04406841,0.018602552,0.06727722,0.1767179,0.04876644,0.11877789,0.05881316,0.04820935,0.04264578,0.26931506,0.025816685,0.12640792,0.079028,0.0869891,0.013731532,0.388624,-0.004058488,0.14759561,0.0007908538,0.0007908538
154,0.20588978,0.3228502,0.16210298,0.15217224,0.018576842,-0.02848859,0.13556384,0.21684195,0.10280332,0.13594331,0.031496603,-0.013569031,0.09241349,0.1582174,0.06695297,0.124229275,0.04385434,0.01784811,0.063864246,0.17519453,0.044546768,0.11961666,0.05876411,0.04793329,0.03819725,0.2689598,0.019924333,0.12740846,0.07919872,0.08703749,0.007416325,0.38941574,-0.012743803,0.14889196,0.0007908538,0.0007908538
155,0.21108332,0.3270481,0.16609795,0.15216695,0.019508973,-0.027312234,0.13960232,0.22144195,0.10718645,0.1358661,0.032419782,-0.01173773,0.09677562,0.1614505,0.07201543,0.12406183,0.044806477,0.01965521,0.06888347,0.17745627,0.050602667,0.11936694,0.059749167,0.049092572,0.044444565,0.27040592,0.028116802,0.12708925,0.08018798,0.087368995,0.016226053,0.39045626,-0.000583877,0.14849679,0.0007908538,0.0007908538
156,0.20806727,0.32600176,0.16388589,0.1513505,0.021484558,-0.0247286,0.1377573,0.21927819,0.10525036,0.1344274,0.034093656,-0.009527349,0.09510699,0.15998232,0.069945246,0.1223947,0.04621096,0.021562595,0.0669428,0.17716631,0.048098043,0.117510214,0.060816277,0.050249636,0.04220319,0.27177477,0.02508299,0.124877706,0.080727264,0.08757463,0.013781488,0.39312407,-0.0039341445,0.14568727,0.0007908538,0.0007908538
157,0.21050374,0.32688618,0.16564181,0.15333459,0.019093215,-0.027902,0.13918796,0.22085904,0.106646016,0.13706066,0.032258276,-0.011864497,0.09625923,0.16099107,0.07125602,0.12527186,0.04490791,0.019922303,0.06803102,0.17738767,0.04941903,0.12064365,0.060172733,0.049545057,0.04308097,0.2711932,0.026236646,0.12858658,0.08103365,0.0876943,0.014184804,0.3922374,-0.0033784574,0.15043066,0.0007908538,0.0007908538
158,0.20430306,0.32403335,0.16110232,0.15212047,0.021606136,-0.024636593,0.13505043,0.21615162,0.102308184,0.13496172,0.034322407,-0.009859056,0.09228297,0.15772761,0.06649679,0.12287346,0.04655068,0.021410648,0.06348344,0.17604144,0.043737058,0.118001595,0.061286658,0.050436314,0.037632916,0.27231643,0.018975511,0.1254523,0.08134333,0.08783677,0.007350576,0.39519975,-0.012784741,0.14644553,0.0007908538,0.0007908538
159,0.2131318,0.32962477,0.16790664,0.15509434,0.018658992,-0.028521637,0.14128573,0.2232662,0.109058544,0.13890761,0.03223075,-0.012136278,0.098562434,0.16243294,0.07390525,0.12712108,0.045315493,0.020112267,0.07050066,0.17819177,0.052337684,0.12257388,0.06112258,0.05021242,0.045651007,0.27178234,0.029575812,0.13084151,0.0827063,0.08845556,0.017151223,0.39325717,0.0007878456,0.15333024,0.0007908538,0.0007908538
160,0.20496427,0.32777834,0.16252859,0.15404639,0.02335741,-0.02204269,0.13648643,0.21768184,0.10454614,0.13625152,0.036390226,-0.008015974,0.094587974,0.15813461,0.06918398,0.12387155,0.049020607,0.02342848,0.06604194,0.17630993,0.046655636,0.118893884,0.06426242,0.052704286,0.04017157,0.27346143,0.022185104,0.12642583,0.08492172,0.0896101,0.010314921,0.39807993,-0.008552245,0.1477021,0.0007908538,0.0007908538
161,0.20513059,0.33020404,0.16335037,0.15599123,0.023861853,-0.021266507,0.13729666,0.21847753,0.106023245,0.13790977,0.03727805,-0.007253644,0.09607292,0.15796863,0.07098788,0.12538968,0.05034767,0.024714464,0.067650415,0.17581497,0.048510112,0.12041301,0.066145435,0.054451153,0.04158373,0.27331576,0.023946943,0.12816462,0.087520026,0.09112142,0.011682311,0.39899036,-0.0065950737,0.14993054,0.0007908538,0.0007908538
162,0.20791712,0.33311337,0.16590329,0.1596697,0.021286933,-0.024626695,0.13946562,0.2208933,0.10876854,0.14216068,0.035629757,-0.009451405,0.09851696,0.15884846,0.07393273,0.12983176,0.04965274,0.023741981,0.07016389,0.17530787,0.05152516,0.12515646,0.06666203,0.05490111,0.043728445,0.27181932,0.02669658,0.13373326,0.08972896,0.09238284,0.013243688,0.39776227,-0.004409934,0.15704907,0.0007908538,0.0007908538
163,0.20521453,0.33323604,0.16411103,0.15767337,0.025988795,-0.018317599,0.13829601,0.21932557,0.10763872,0.13883923,0.039632864,-0.0042860378,0.097870186,0.15794517,0.07299353,0.12597968,0.053015362,0.028149327,0.06949905,0.17602512,0.050492432,0.12085047,0.06919434,0.057673402,0.043326475,0.27481434,0.026041592,0.12859787,0.09097464,0.09309441,0.013957971,0.40211746,-0.0033807713,0.15050474,0.0007908538,0.0007908538
164,0.20643327,0.33390683,0.16502921,0.1607326,0.022762775,-0.022419602,0.13874309,0.21996395,0.10811698,0.1426566,0.037215628,-0.0077297976,0.09804069,0.15793769,0.073210135,0.13009313,0.05140385,0.025661677,0.06935195,0.17516045,0.05031864,0.12531495,0.068604685,0.056798115,0.042268787,0.27327347,0.024627311,0.13388345,0.09182689,0.093563035,0.011123472,0.40069035,-0.0073249135,0.15728794,0.0007908538,0.0007908538
165,0.20723979,0.33421648,0.16534606,0.16102126,0.022961987,-0.022299927,0.13910328,0.22037606,0.108154625,0.14285591,0.03743349,-0.007255393,0.09811485,0.15851663,0.07309134,0.13025239,0.051640227,0.026274584,0.06920055,0.17610328,0.050021995,0.12545675,0.068841994,0.05719537,0.042005867,0.27479455,0.024256699,0.13405201,0.092021205,0.09357658,0.010930816,0.40238902,-0.007557098,0.15753925,0.0007908538,0.0007908538
166,0.20654707,0.3340056,0.16422746,0.15703264,0.027592812,-0.016262695,0.13859735,0.21992384,0.106917076,0.13770886,0.040889006,-0.0023248168,0.09737486,0.15934978,0.071797,0.124666676,0.053894628,0.029729348,0.06843099,0.17889567,0.04884192,0.119388014,0.06950509,0.05807141,0.042178486,0.2797961,0.02440569,0.12692432,0.09032953,0.092193,0.013389793,0.40816432,-0.0041821366,0.14852518,0.0007908538,0.0007908538
167,0.21129377,0.33536807,0.16713834,0.1625261,0.018463884,-0.028286956,0.14029871,0.22278917,0.10831405,0.1455941,0.033362757,-0.012045553,0.0979316,0.16076352,0.07253297,0.13353288,0.04786152,0.021793243,0.068502344,0.1778218,0.04911353,0.12922037,0.06532292,0.053294618,0.041037202,0.27597767,0.02297517,0.13871184,0.088803254,0.090833046,0.009403185,0.40360513,-0.00985055,0.16372709,0.0007908538,0.0007908538
168,0.20557897,0.33295205,0.16228412,0.15730962,0.024832206,-0.01971335,0.13625376,0.21862324,0.10327102,0.138549,0.03811029,-0.005990339,0.09361979,0.15915774,0.06696907,0.12583703,0.050967637,0.025721196,0.0636346,0.17979455,0.04287527,0.12084779,0.06629599,0.05420223,0.036309417,0.28216377,0.016673999,0.12884563,0.08664332,0.08916256,0.005633261,0.41189548,-0.014999392,0.15120783,0.0007908538,0.0007908538
169,0.21602723,0.34061843,0.1699505,0.15748635,0.02438244,-0.020051938,0.1435255,0.22746307,0.11083575,0.1389859,0.037688963,-0.005484555,0.100894414,0.16571568,0.075388454,0.12633173,0.050537642,0.02592364,0.071994685,0.18436632,0.053123377,0.12139479,0.06578396,0.053631842,0.046979688,0.28470293,0.031028423,0.12957588,0.08592909,0.088117026,0.020940518,0.41325256,0.006556638,0.15228169,0.0007908538,0.0007908538
170,0.20371595,0.33730587,0.16217707,0.16055153,0.02340249,-0.021300536,0.13586257,0.21913703,0.10417338,0.14180006,0.037321154,-0.00770046,0.09434098,0.15801686,0.06808762,0.12914339,0.050808325,0.024398386,0.06446011,0.17816044,0.04383692,0.124421455,0.06685749,0.053630095,0.0368189,0.2813851,0.017291006,0.13316451,0.088045545,0.0889706,0.005871188,0.4145003,-0.014552418,0.15692835,0.0007908538,0.0007908538
171,0.20801924,0.34267634,0.16604371,0.16451652,0.021011785,-0.024340613,0.13936022,0.22336364,0.10864655,0.14633203,0.035903424,-0.009254679,0.098492056,0.15982139,0.073126875,0.13386065,0.05039265,0.024036985,0.06900992,0.1780421,0.049355645,0.12948169,0.06766725,0.054277115,0.04160309,0.27991837,0.02352772,0.13917883,0.090471976,0.08990017,0.01136118,0.41351333,-0.0069203703,0.16471659,0.0007908538,0.0007908538
172,0.20484385,0.34366554,0.16361445,0.16031955,0.028725017,-0.014413183,0.13796914,0.22191697,0.106996305,0.13995042,0.0421927,-0.00089908985,0.09765624,0.15954539,0.07174818,0.12664422,0.055287037,0.030885609,0.06816422,0.18055822,0.047991417,0.1215243,0.070723854,0.05776822,0.041657906,0.28618124,0.023509888,0.12977904,0.09075155,0.08970035,0.014166587,0.42173174,-0.002867905,0.15280935,0.0007908538,0.0007908538
173,0.20819919,0.34525374,0.16554946,0.16445427,0.023254713,-0.021315247,0.13906099,0.22386973,0.107683726,0.14535792,0.03779607,-0.006801514,0.09784997,0.16059874,0.07187143,0.13258098,0.051898643,0.026150146,0.067792594,0.18029921,0.04756647,0.12805808,0.06853832,0.05516989,0.040147636,0.28475168,0.02155642,0.13763909,0.09016276,0.08908298,0.010525191,0.42001623,-0.00799564,0.16305214,0.0007908538,0.0007908538
174,0.20778789,0.3452572,0.16489547,0.16375642,0.024679668,-0.019546645,0.13861288,0.22349615,0.10681085,0.14421345,0.038929973,-0.005227447,0.097166516,0.16075447,0.070823066,0.1312737,0.05273392,0.027459865,0.066842064,0.18137832,0.04626618,0.1266154,0.06895878,0.055707306,0.039151017,0.28706554,0.02020153,0.13595481,0.08993045,0.088762574,0.009806962,0.42288217,-0.008973424,0.16096307,0.0007908538,0.0007908538
175,0.20760614,0.34502485,0.16460712,0.16479427,0.023946945,-0.020368924,0.13818666,0.22308628,0.106136955,0.14537202,0.038433436,-0.0061147707,0.096447766,0.16050641,0.06986197,0.13248661,0.052474134,0.026852462,0.065765314,0.18133552,0.044884145,0.12792398,0.06897779,0.055587176,0.03745802,0.28744227,0.01791534,0.13752344,0.090294905,0.08891677,0.007084992,0.42355844,-0.012810836,0.16302203,0.0007908538,0.0007908538
176,0.21306282,0.34857723,0.16855831,0.1652489,0.023937667,-0.020202255,0.14199603,0.22741616,0.1100928,0.14595638,0.038550124,-0.0054481095,0.10028798,0.16364959,0.07429443,0.13306814,0.052736174,0.027588738,0.07011153,0.18338221,0.05016486,0.12851067,0.06940854,0.05609989,0.042773183,0.28838986,0.025010372,0.13821332,0.09092412,0.089110196,0.014423799,0.42381725,-0.002447756,0.16393074,0.0007908538,0.0007908538
177,0.20331131,0.34489724,0.1617831,0.16261084,0.029852772,-0.012539944,0.13615932,0.22058244,0.104138814,0.14154187,0.043509528,1.2474658e-05,0.09506892,0.15899096,0.06799076,0.12798928,0.05680143,0.032097567,0.064182535,0.1821203,0.04261782,0.122861385,0.07234449,0.058891896,0.035863962,0.291512,0.01554402,0.13144709,0.092196636,0.08973112,0.006202977,0.42994848,-0.014131258,0.15524477,0.0007908538,0.0007908538
178,0.2111019,0.35203543,0.16806841,0.17025734,0.02470238,-0.019045405,0.14151621,0.22684677,0.11044185,0.1503838,0.04029032,-0.003850766,0.10067472,0.16175935,0.07472762,0.13722844,0.055603232,0.030866874,0.069790415,0.18175246,0.049487572,0.13278551,0.07363016,0.060276605,0.040777087,0.2886933,0.022054635,0.14326619,0.09671472,0.09204094,0.010467089,0.42645717,-0.008128261,0.17059286,0.0007908538,0.0007908538
179,0.20738748,0.35215783,0.16547704,0.16741131,0.031719312,-0.01017137,0.139913,0.22473197,0.108599015,0.14547655,0.04618333,0.003879834,0.099561885,0.16100797,0.07301076,0.1315151,0.060393386,0.03771884,0.06843893,0.18396871,0.047495786,0.1264035,0.07694432,0.06417457,0.039975412,0.2947243,0.020890249,0.13567531,0.09780981,0.09235846,0.011713767,0.43418014,-0.006235658,0.1609606,0.0007908538,0.0007908538
180,0.21062993,0.35428727,0.16755952,0.17052406,0.028953686,-0.013658237,0.14149055,0.22685991,0.109988436,0.14919305,0.04419664,0.0013189935,0.10065359,0.16221915,0.07417082,0.13546228,0.059198104,0.03620436,0.06912853,0.18427525,0.04830111,0.13068585,0.076694734,0.06392042,0.039892774,0.29445904,0.020782351,0.14082555,0.09874273,0.09277393,0.010540976,0.4336507,-0.0079004355,0.16770796,0.0007908538,0.0007908538
181,0.21077149,0.35456303,0.1675588,0.17032905,0.029956045,-0.012477763,0.1415924,0.22693507,0.10988785,0.14867948,0.04506441,0.002349411,0.100655824,0.16254216,0.07401036,0.1348195,0.059931748,0.037227422,0.06898494,0.18513075,0.04802496,0.12994698,0.07723246,0.06454653,0.03976046,0.29605585,0.020582035,0.13994904,0.098962314,0.09280912,0.010707798,0.4355236,-0.007633863,0.16661932,0.0007908538,0.0007908538
182,0.21245271,0.35524622,0.16860026,0.17134483,0.029009346,-0.013428777,0.1423831,0.22794004,0.1104662,0.14993064,0.04438849,0.0010565291,0.10113446,0.1633468,0.074466884,0.13615318,0.05953516,0.036135945,0.06930327,0.18560907,0.04837675,0.13138819,0.077173285,0.064203456,0.039673742,0.29635137,0.020458173,0.1416769,0.09933128,0.09304203,0.009966868,0.43577275,-0.008685264,0.16887762,0.0007908538,0.0007908538
183,0.21141763,0.35483292,0.16785109,0.1703635,0.030798309,-0.011008987,0.14183287,0.22724605,0.10974679,0.14845201,0.04584071,0.0023993228,0.10061419,0.16322713,0.07371916,0.13447492,0.060649592,0.03702329,0.068712324,0.18629403,0.047553055,0.12951939,0.0778493,0.064680636,0.03906581,0.29803005,0.0196031,0.13943428,0.09938773,0.09308717,0.0094677815,0.4379829,-0.009377733,0.16599363,0.0007908538,0.0007908538
184,0.21359152,0.35615864,0.16940783,0.1729664,0.027852874,-0.0146396095,0.1428882,0.22870167,0.11090063,0.15182127,0.043654587,-0.00071114174,0.10144843,0.16375701,0.074767485,0.138138,0.05925454,0.03473094,0.06936946,0.18563665,0.048404388,0.13352509,0.07745202,0.06397775,0.03897108,0.29636592,0.01946306,0.14423354,0.10032063,0.09361302,0.007977425,0.43618158,-0.011547886,0.17221566,0.0007908538,0.0007908538
185,0.21055217,0.35488698,0.16726385,0.1705711,0.0316317,-0.009880085,0.14131165,0.22673823,0.10911613,0.14838263,0.046646856,0.002849671,0.10008409,0.16300446,0.07296776,0.13429132,0.06144257,0.03743082,0.067939356,0.18667972,0.04649295,0.12927282,0.07860054,0.065128714,0.037892364,0.2994382,0.017961917,0.13913836,0.100024015,0.093311206,0.007779033,0.44025666,-0.011788272,0.16565214,0.0007908538,0.0007908538
186,0.21404783,0.35738352,0.16987449,0.17246652,0.03036845,-0.011515912,0.14362518,0.22938591,0.11161858,0.15059306,0.045890335,0.0020063042,0.10236916,0.1645738,0.07564436,0.13659701,0.06123552,0.037253022,0.0702997,0.18723433,0.049382146,0.13174243,0.07907405,0.065586984,0.040257975,0.29918283,0.021160688,0.14208856,0.10136539,0.093952015,0.010435754,0.43969706,-0.0079568345,0.16949938,0.0007908538,0.0007908538
187,0.21097066,0.35610074,0.16778962,0.17218596,0.0317266,-0.00990518,0.14180824,0.22719051,0.10975186,0.14987715,0.047089834,0.0034549402,0.1006752,0.16308375,0.07357138,0.13571762,0.062290475,0.038695842,0.068259954,0.18690734,0.046772875,0.13074063,0.079935804,0.06653627,0.03779915,0.3003428,0.01777579,0.14087768,0.10192808,0.09416086,0.007380443,0.44174632,-0.012319349,0.16795117,0.0007908538,0.0007908538
188,0.21629758,0.35936648,0.17161712,0.17227958,0.031450637,-0.010069872,0.14546195,0.23135489,0.11357182,0.15009134,0.046848904,0.003863492,0.104357354,0.16612154,0.077875786,0.13595143,0.062074848,0.038948882,0.072584614,0.18873112,0.05211936,0.13098596,0.079736665,0.066377856,0.04340772,0.30075577,0.025444387,0.14118186,0.10174078,0.09382475,0.015495571,0.4413979,-0.000613566,0.16836186,0.0007908538,0.0007908538
189,0.20831384,0.3556732,0.1661873,0.17257701,0.03156249,-0.00960235,0.14018641,0.22555132,0.10829,0.15021649,0.046983898,0.0027755215,0.09926768,0.1616591,0.07193072,0.13606769,0.062242936,0.037664343,0.066687845,0.18592776,0.044786207,0.13113421,0.07995197,0.065734535,0.03575101,0.30022547,0.014967604,0.14136334,0.10200053,0.09372534,0.004395072,0.44319865,-0.016535185,0.16860807,0.0007908538,0.0007908538
190,0.21302119,0.35971054,0.16996263,0.17572258,0.029036133,-0.012366973,0.14342041,0.22941169,0.11213398,0.15402319,0.045332737,0.00065750023,0.10273512,0.1635204,0.07615721,0.14009812,0.06153829,0.036397394,0.07042056,0.185771,0.049412623,0.13548824,0.08043589,0.06582651,0.03941436,0.29836833,0.019887803,0.14656672,0.10402724,0.09459401,0.008174544,0.4411716,-0.011148556,0.17536321,0.0007908538,0.0007908538
191,0.20889375,0.35817528,0.16716793,0.17267779,0.03367829,-0.006567052,0.14138168,0.22689793,0.109966934,0.1496792,0.048970934,0.005354593,0.10108532,0.16246563,0.074026145,0.13525906,0.0641255,0.039986648,0.06880033,0.18698831,0.047268294,0.13016053,0.08165149,0.06707887,0.038584217,0.30204907,0.018758291,0.14019984,0.10334913,0.093791254,0.009033458,0.44611973,-0.00981283,0.16717093,0.0007908538,0.0007908538
192,0.21181256,0.35991338,0.16913371,0.17434402,0.031801853,-0.008757157,0.14297497,0.2289595,0.1115234,0.15180716,0.047556344,0.003449149,0.10242122,0.16375908,0.0755707,0.1375629,0.063186005,0.03850771,0.07009679,0.18734178,0.04887985,0.13267872,0.08129337,0.066493005,0.03965131,0.30156362,0.020229617,0.1432369,0.10373528,0.09391653,0.009785659,0.4453343,-0.008723164,0.17114393,0.0007908538,0.0007908538
193,0.21444647,0.36149013,0.17087504,0.17580836,0.03000605,-0.010972515,0.14439198,0.23084155,0.11291399,0.15373024,0.046171725,0.0017405164,0.10360262,0.16491687,0.07695041,0.13966125,0.06222123,0.0371759,0.071265146,0.18761647,0.050337918,0.13497993,0.08084245,0.06585552,0.04068671,0.30101776,0.021644004,0.14601454,0.103944615,0.09389127,0.010627334,0.44455072,-0.0075422386,0.17477512,0.0007908538,0.0007908538
194,0.20839655,0.35820374,0.16656087,0.17243615,0.034969456,-0.004837581,0.14094782,0.22656772,0.109066576,0.14898533,0.050046034,0.006517093,0.10035697,0.16282767,0.07284439,0.13439234,0.064961076,0.04079427,0.06772171,0.18853155,0.04575037,0.12917215,0.08211796,0.06719346,0.037381273,0.3052162,0.01708687,0.13904725,0.10322135,0.093230434,0.007922206,0.4504455,-0.011376414,0.1657779,0.0007908538,0.0007908538
195,0.2139696,0.36134455,0.17038739,0.17561008,0.03187658,-0.008623525,0.14416283,0.2303592,0.11224788,0.15292567,0.047838137,0.0041156146,0.103116214,0.16519567,0.0760114,0.13860808,0.06368864,0.03946688,0.07036675,0.18932578,0.048999067,0.13374615,0.08200081,0.06713339,0.03971187,0.30462918,0.020268803,0.14454287,0.10458289,0.09389012,0.010010976,0.4491205,-0.008344774,0.17295682,0.0007908538,0.0007908538
196,0.21244079,0.36048704,0.16925365,0.1750374,0.033363182,-0.006898146,0.14326628,0.22918993,0.11111267,0.15190202,0.04908241,0.0056090336,0.10214667,0.16475603,0.07469153,0.13740566,0.06468671,0.040829916,0.06913518,0.18998086,0.04735863,0.13238698,0.082667686,0.06787309,0.038351845,0.30659232,0.018384544,0.14290255,0.10477202,0.0938953,0.008610005,0.45166954,-0.010324046,0.17085125,0.0007908538,0.0007908538
197,0.21596406,0.36223394,0.17158999,0.17535149,0.033173427,-0.007024892,0.1454548,0.23170206,0.11313653,0.15226126,0.048963916,0.0054259286,0.10410473,0.16682246,0.07686519,0.1377645,0.064637914,0.040606163,0.07127872,0.19149658,0.04997206,0.13275689,0.08268723,0.06777693,0.040887896,0.3075527,0.021880211,0.14335482,0.10485762,0.09392453,0.0120494915,0.45220408,-0.0052968697,0.17146723,0.0007908538,0.0007908538
198,0.21453644,0.36109984,0.17038852,0.17609267,0.032255825,-0.007953689,0.14413245,0.23035508,0.11151703,0.15320139,0.048247788,0.0039593917,0.10246576,0.16592214,0.07484318,0.1387988,0.06412744,0.03926778,0.06916866,0.19098067,0.047315024,0.13390155,0.08242838,0.06718879,0.03781448,0.30765548,0.017649185,0.14474155,0.104917616,0.09396781,0.0071592457,0.4528556,-0.012382214,0.17328945,0.0007908538,0.0007908538
199,0.21706577,0.36246035,0.17206426,0.17645323,0.032234628,-0.007780838,0.14569722,0.23219036,0.11291679,0.15354224,0.048293676,0.0039435234,0.10382595,0.16750315,0.07631408,0.13912156,0.06424214,0.039221242,0.07059767,0.19231959,0.049045164,0.13423109,0.08260605,0.067217484,0.039466206,0.30884916,0.01995303,0.14515047,0.1051429,0.094000764,0.0094297435,0.45393836,-0.009013978,0.17385852,0.0007908538,0.0007908538
200,0.21349093,0.3615867,0.16983524,0.17674896,0.03399731,-0.0057004197,0.14375587,0.22981378,0.11100241,0.15320556,0.04997019,0.0055929637,0.1021148,0.16581893,0.07415809,0.1385401,0.06585186,0.04109512,0.06835285,0.19211088,0.04611037,0.13351034,0.08408726,0.06875867,0.036465663,0.3107342,0.015793297,0.14427266,0.10635717,0.09457936,0.0054476573,0.4570652,-0.014686193,0.17277557,0.0007908538,0.0007908538
201,0.21514666,0.36372703,0.17130476,0.17678925,0.03562162,-0.0036685828,0.14536223,0.23150383,0.11282971,0.1527096,0.051470853,0.007555412,0.104030326,0.16707058,0.076316975,0.13781393,0.067239664,0.043003067,0.0704813,0.19344936,0.04865967,0.13263369,0.08528619,0.07002661,0.03918151,0.31248996,0.019544322,0.14321959,0.10721298,0.09488906,0.009738498,0.45917973,-0.008327067,0.17147274,0.0007908538,0.0007908538
202,0.21411371,0.36331317,0.17049979,0.17857066,0.034331363,-0.0052680396,0.14436488,0.23053199,0.11168111,0.15476607,0.050657008,0.005979181,0.102780454,0.1661656,0.07477334,0.13998286,0.066949725,0.042101983,0.06860507,0.19275291,0.046270736,0.13498767,0.08564452,0.07021456,0.03598311,0.31248865,0.015095817,0.14605959,0.10837313,0.095560364,0.0042778812,0.45979637,-0.016284062,0.17520995,0.0007908538,0.0007908538
203,0.21575995,0.36443248,0.17164673,0.17919417,0.034108493,-0.005444102,0.14541149,0.2317935,0.11270567,0.1554229,0.050581343,0.0057876194,0.10375122,0.16709831,0.07585732,0.14064163,0.067035615,0.04203383,0.06958844,0.19341078,0.047461066,0.13568258,0.085917786,0.070371084,0.036971927,0.31303495,0.016463447,0.1468987,0.10886067,0.09576652,0.005457072,0.46041724,-0.014535593,0.17632657,0.0007908538,0.0007908538
204,0.21898761,0.36649504,0.17396699,0.1789966,0.034571778,-0.004693975,0.14770041,0.23440693,0.11508634,0.15510389,0.050963614,0.006552548,0.10611191,0.16912149,0.07860567,0.14025685,0.067328006,0.042528473,0.072408825,0.19483937,0.05096411,0.1352371,0.086080715,0.070455484,0.04072553,0.31380177,0.021683538,0.14636469,0.10883725,0.09560008,0.011085396,0.46094215,-0.006278158,0.17564593,0.0007908538,0.0007908538
205,0.21296693,0.36372188,0.16991195,0.17852849,0.036198117,-0.0026811766,0.14401655,0.23012367,0.111354545,0.15414496,0.05237319,0.007673255,0.102637164,0.16609609,0.07443876,0.13911456,0.06853141,0.043556407,0.0682917,0.19365413,0.04572374,0.13394791,0.087013826,0.07125896,0.035495017,0.31496483,0.014374001,0.14479336,0.10937494,0.095877126,0.003842115,0.46370354,-0.016854726,0.17361246,0.0007908538,0.0007908538
206,0.21961807,0.36911273,0.17509061,0.18138553,0.034302004,-0.0048544914,0.14868295,0.2354259,0.11679324,0.15748166,0.051268272,0.0067630806,0.107683145,0.16886573,0.08057681,0.14260082,0.06830647,0.04354838,0.07389239,0.19395204,0.052724514,0.13770697,0.0878795,0.07209838,0.0416887,0.31304136,0.022863373,0.1493282,0.11159374,0.09685471,0.011614046,0.46117723,-0.005601482,0.17957108,0.0007908538,0.0007908538
207,0.20661925,0.36306348,0.16642302,0.17723776,0.040631376,0.0028176578,0.14128567,0.22663653,0.109310515,0.15156849,0.056191623,0.012009283,0.10105889,0.16334347,0.072591364,0.13602802,0.071721174,0.04730062,0.06667756,0.19301905,0.043534882,0.13046603,0.08933076,0.073177725,0.034153413,0.31717893,0.012387589,0.14059821,0.11041091,0.09569431,0.0033397046,0.46861315,-0.017581318,0.16823922,0.0007908538,0.0007908538
208,0.21499167,0.37187758,0.17364408,0.18293837,0.037488446,-0.0008887447,0.14758943,0.23392388,0.11721133,0.15791011,0.054557137,0.010184669,0.10825906,0.166488,0.08142854,0.14257218,0.07179841,0.047312975,0.07436664,0.19254597,0.053139843,0.1374952,0.091534056,0.0750771,0.041915968,0.31399286,0.023070112,0.14905888,0.11520717,0.09781128,0.012342355,0.46514082,-0.0043677874,0.1793519,0.0007908538,0.0007908538
209,0.20369455,0.36885828,0.16698818,0.18320642,0.040194497,0.0025229258,0.14151381,0.22687069,0.11202044,0.15735035,0.057165712,0.011815143,0.103431724,0.16056857,0.0759488,0.14170328,0.074369475,0.04900128,0.06876818,0.18917911,0.04610887,0.13646133,0.09402898,0.07681689,0.03455421,0.3143802,0.012841868,0.1477798,0.11749874,0.098708175,0.0019334632,0.46889973,-0.019392963,0.17771716,0.0007908538,0.0007908538
210,0.20808132,0.3748343,0.17130499,0.18611439,0.039121408,0.001579576,0.14538978,0.23132217,0.11729813,0.16041218,0.056843724,0.011347399,0.108376645,0.16221234,0.08205667,0.1447906,0.074936494,0.049191374,0.07433545,0.18844219,0.05299317,0.13973492,0.095720746,0.07795484,0.040518362,0.31197992,0.020979822,0.15168646,0.12055419,0.099953875,0.009296904,0.46713603,-0.0085731745,0.18283525,0.0007908538,0.0007908538
211,0.20374404,0.37482408,0.16936786,0.18559913,0.04214825,0.005120891,0.14393257,0.22923289,0.11669748,0.15904436,0.059590187,0.014584364,0.10800721,0.16024405,0.081748925,0.14306813,0.07742616,0.05246876,0.07404201,0.18770005,0.05254847,0.13775584,0.09784926,0.080153994,0.040494047,0.31301406,0.020882588,0.14927094,0.12214026,0.100522675,0.010084007,0.46972045,-0.0073540118,0.17970072,0.0007908538,0.0007908538
212,0.20297776,0.3747323,0.1688101,0.18692043,0.040949862,0.0036426685,0.14318416,0.22852942,0.115881555,0.16061556,0.058740303,0.0133369975,0.10708375,0.15949604,0.08063519,0.14474155,0.07696842,0.051655736,0.07268296,0.18704922,0.050849512,0.13957438,0.097883634,0.08001281,0.03826415,0.3128282,0.017814621,0.15146239,0.12277003,0.10073078,0.0063794455,0.4701081,-0.012730399,0.18258816,0.0007908538,0.0007908538
213,0.20669511,0.37669364,0.17131512,0.18719201,0.040941644,0.0038172747,0.14558102,0.23122318,0.11818171,0.16082919,0.058772232,0.013517868,0.1093364,0.16167171,0.08314583,0.1449188,0.07703684,0.05175362,0.075195946,0.18859878,0.053891532,0.13973497,0.09797714,0.080022216,0.041356325,0.31374297,0.022073286,0.1516587,0.122873284,0.10067948,0.010772559,0.4707444,-0.0062810313,0.1828665,0.0007908538,0.0007908538
214,0.20265268,0.37503254,0.16871774,0.18693274,0.04207158,0.0051796893,0.14326523,0.22856401,0.11591615,0.16026293,0.05978097,0.013823068,0.10727012,0.15978423,0.08068859,0.1442283,0.07793333,0.05198559,0.072761014,0.18791485,0.050808452,0.13894679,0.09871941,0.080408804,0.03816496,0.31474593,0.01764218,0.1506901,0.123387694,0.10093199,0.0062588523,0.47312683,-0.012824168,0.1816062,0.0007908538,0.0007908538
215,0.20563102,0.37759075,0.17104526,0.18882535,0.040798493,0.0035209726,0.1452576,0.23090199,0.11821174,0.16242711,0.05903329,0.012652673,0.10933489,0.1609343,0.083129846,0.14647192,0.077803165,0.05147055,0.07480602,0.18793578,0.05329368,0.14133961,0.09937926,0.080857895,0.039873186,0.31407687,0.019947631,0.15354773,0.12501904,0.10174378,0.0077729058,0.4725943,-0.010592119,0.1853514,0.0007908538,0.0007908538
216,0.20229004,0.3763142,0.16907026,0.18771355,0.04314435,0.0060571022,0.14370376,0.22887689,0.11675998,0.16067068,0.060976613,0.014814347,0.10812925,0.15977454,0.08164298,0.14445707,0.079310566,0.05340133,0.07352779,0.18825457,0.051630553,0.13909172,0.10029897,0.081741,0.038850628,0.31604576,0.018539993,0.1508282,0.12515154,0.101552755,0.0072744936,0.47552115,-0.011225979,0.18181014,0.0007908538,0.0007908538
217,0.20604506,0.3785769,0.17159477,0.18930331,0.041367043,0.0039238534,0.14582822,0.23150054,0.1188752,0.1626619,0.05965631,0.013181265,0.11000672,0.1614221,0.08380449,0.14659706,0.07850204,0.05216312,0.075419135,0.18869886,0.053956088,0.14141546,0.100143805,0.08135337,0.04058045,0.31546253,0.0209258,0.15363115,0.12581052,0.101804174,0.008960697,0.47468758,-0.008742489,0.18549663,0.0007908538,0.0007908538
218,0.1997516,0.37527442,0.16730204,0.18839054,0.043134138,0.0056156623,0.14198029,0.22707213,0.11486004,0.16128331,0.061100267,0.014135721,0.10627782,0.1585666,0.07935306,0.14504243,0.07959736,0.053042583,0.071103044,0.18802422,0.048557647,0.13969743,0.10077287,0.08181834,0.035446096,0.31732333,0.013853004,0.151554,0.12581511,0.10170097,0.0022319003,0.47796297,-0.018504458,0.18279563,0.0007908538,0.0007908538
219,0.20350182,0.3780662,0.17005584,0.18907721,0.04248585,0.0047488576,0.14450122,0.23015334,0.11759193,0.16207075,0.060621705,0.0136555,0.10887266,0.16062109,0.082394384,0.14586508,0.07930057,0.052524433,0.074133165,0.18892092,0.052299928,0.14058441,0.10069596,0.08132464,0.039245006,0.31707075,0.019124217,0.15263388,0.12599991,0.101425774,0.0075831166,0.47767818,-0.01060959,0.18423055,0.0007908538,0.0007908538
220,0.20170003,0.37803003,0.16902669,0.18970208,0.041993305,0.0041822423,0.14342369,0.22922184,0.116726026,0.16280521,0.060293235,0.012812961,0.10799102,0.1596154,0.08143169,0.14665054,0.079165526,0.051706832,0.07311001,0.18803151,0.05104802,0.14144942,0.10080868,0.08088377,0.037781484,0.31664193,0.017120995,0.15368195,0.1264089,0.1013195,0.0052874084,0.47828978,-0.013902562,0.18561922,0.0007908538,0.0007908538
221,0.20385456,0.37960297,0.17062262,0.19011566,0.042019334,0.0043346896,0.14493914,0.2309938,0.11830813,0.16316822,0.060402803,0.013127709,0.109522566,0.16094255,0.08316627,0.14698099,0.07937318,0.0519641,0.07484021,0.18897188,0.05314428,0.14177871,0.10112517,0.08094406,0.039968047,0.3172693,0.020139912,0.1540793,0.12683813,0.10122357,0.008468052,0.4790499,-0.009218319,0.18615848,0.0007908538,0.0007908538
222,0.20043217,0.37756038,0.16818626,0.18953931,0.043327123,0.0060603675,0.14280544,0.22854534,0.11591758,0.16224201,0.061498277,0.01396726,0.10734786,0.15962681,0.08048993,0.14591502,0.08024109,0.052558385,0.07228487,0.1891562,0.049916897,0.14058648,0.101682544,0.081266984,0.03688895,0.31921992,0.015906133,0.15263784,0.126975,0.10119814,0.0044236653,0.48199004,-0.015057442,0.18429081,0.0007908538,0.0007908538
223,0.2034186,0.37930906,0.17023306,0.19069332,0.042334057,0.004960116,0.1445744,0.23062484,0.11765399,0.16360018,0.060823876,0.013506445,0.1089054,0.16107206,0.08224718,0.14733958,0.07993148,0.052336264,0.073886395,0.18990207,0.051866975,0.14211318,0.10183355,0.08126004,0.038615245,0.31933957,0.01829181,0.15447605,0.1276891,0.10132269,0.006565742,0.4818897,-0.011900608,0.18671668,0.0007908538,0.0007908538
224,0.19931655,0.37670618,0.1673355,0.18916552,0.044039194,0.006894301,0.14205873,0.22767137,0.114867195,0.16163287,0.062048078,0.0151187675,0.10636874,0.15955442,0.079159975,0.14521784,0.08059888,0.05342072,0.071185045,0.1901844,0.048486214,0.13980642,0.10177009,0.081102945,0.036155444,0.32129252,0.01494618,0.15170501,0.12669915,0.100438185,0.004239635,0.48465943,-0.015210947,0.18309943,0.0007908538,0.0007908538
225,0.20195529,0.37792763,0.16883285,0.19017583,0.042532586,0.005266481,0.14326839,0.22942528,0.11580795,0.16297886,0.060822066,0.013493378,0.1071671,0.16091357,0.08001107,0.14670148,0.0796651,0.05190602,0.071905375,0.19086029,0.049383957,0.14144395,0.101197295,0.08027083,0.036666073,0.32135957,0.015694464,0.15370743,0.12657277,0.10031132,0.004459144,0.48459256,-0.014868473,0.18575998,0.0007908538,0.0007908538
226,0.2036758,0.37845457,0.1697895,0.18959787,0.04301414,0.005806406,0.14427926,0.23068202,0.116529584,0.16224007,0.061102208,0.013879683,0.10795687,0.16236006,0.08078728,0.14590348,0.079693176,0.05186061,0.07291225,0.1923765,0.050589893,0.14057252,0.100880034,0.07968689,0.038347386,0.3227829,0.018058859,0.15267518,0.125813,0.09964675,0.007326981,0.4860692,-0.010641934,0.18443157,0.0007908538,0.0007908538
227,0.2053315,0.37874794,0.17046832,0.19020045,0.041677378,0.0041393596,0.1447388,0.23156792,0.11655278,0.16315898,0.05994052,0.012279724,0.107890345,0.16327335,0.08058781,0.14695992,0.07869994,0.050234165,0.07269991,0.19300246,0.050327286,0.14175938,0.10009282,0.07850613,0.037920445,0.32309848,0.017510343,0.15413904,0.12528627,0.099160366,0.006442244,0.4863714,-0.011922839,0.18638332,0.0007908538,0.0007908538
228,0.2057842,0.3782359,0.17042746,0.18937534,0.042542104,0.005089594,0.14484076,0.23171048,0.116142966,0.16204788,0.060502958,0.013137892,0.107603595,0.16416968,0.08001646,0.14574672,0.07889003,0.050672945,0.07239685,0.19468172,0.049887147,0.14043306,0.09976709,0.078057155,0.038145117,0.3253549,0.017878354,0.15256754,0.124283955,0.098300606,0.007566202,0.48866677,-0.01022021,0.18436632,0.0007908538,0.0007908538
229,0.20878674,0.37931103,0.17193955,0.19109546,0.040397607,0.0025561797,0.14593302,0.23333168,0.116631754,0.16418841,0.058785148,0.011204379,0.10786634,0.16559991,0.08010209,0.14806576,0.077613175,0.049153607,0.07222461,0.19571283,0.049640268,0.14298064,0.09900961,0.07716176,0.03744671,0.3260379,0.016957244,0.15569346,0.12412993,0.09797094,0.006082453,0.48889065,-0.012379754,0.18855017,0.0007908538,0.0007908538
230,0.20419836,0.37603468,0.16847633,0.18767922,0.044626046,0.0073202914,0.14326961,0.23005514,0.113277726,0.15957493,0.061841093,0.015335226,0.10505023,0.16473208,0.07642234,0.14300561,0.07930339,0.052032035,0.069331154,0.19788145,0.045889903,0.13743146,0.098873794,0.07707847,0.03570253,0.330818,0.014584562,0.14902875,0.12162389,0.09602968,0.006130726,0.49450782,-0.012250991,0.17988801,0.0007908538,0.0007908538
231,0.21397744,0.3818408,0.1748886,0.19240892,0.039363172,0.0012957527,0.14854385,0.23666291,0.11844348,0.16550075,0.057901155,0.011109541,0.10950694,0.16873258,0.08163368,0.14940017,0.076804176,0.049123153,0.073679045,0.1987263,0.051372085,0.14444919,0.09813635,0.07625808,0.039596304,0.32872912,0.02004203,0.15760204,0.123000294,0.09657418,0.009796959,0.4908756,-0.006951179,0.19127218,0.0007908538,0.0007908538
232,0.20582789,0.3782999,0.16983092,0.18922003,0.045360092,0.008300558,0.14458409,0.23143087,0.114559434,0.16065201,0.06274572,0.017341178,0.10626238,0.16580188,0.07759033,0.14388376,0.080390334,0.0545321,0.07019494,0.19954313,0.046784066,0.13828216,0.10006387,0.07861761,0.0366866,0.3334765,0.015897969,0.15009397,0.12274705,0.096110694,0.0079604685,0.49753925,-0.009596374,0.18144825,0.0007908538,0.0007908538
233,0.20937866,0.38091275,0.17218192,0.19210914,0.042674415,0.0051954864,0.14635395,0.23376283,0.11628618,0.16408484,0.06082592,0.015317419,0.107623994,0.16694526,0.07914276,0.14753237,0.079316765,0.053462163,0.07116429,0.19952793,0.04798081,0.14226969,0.100006975,0.078665145,0.036892023,0.33268332,0.0161779,0.15497063,0.12386273,0.096608266,0.00722035,0.49636218,-0.010702308,0.18795161,0.0007908538,0.0007908538
234,0.20723546,0.37969777,0.17063436,0.19202168,0.043246903,0.0059048454,0.14492841,0.23210776,0.11463626,0.16379657,0.061309177,0.016081717,0.10605127,0.16601743,0.0771651,0.14716911,0.079698436,0.054202247,0.06922309,0.1996649,0.04548351,0.14185324,0.10023336,0.07894339,0.034587547,0.33399677,0.012936539,0.15447396,0.12385499,0.09643781,0.0042344066,0.49819222,-0.015086505,0.1873352,0.0007908538,0.0007908538
235,0.21006234,0.38153663,0.17262518,0.19293915,0.04271376,0.0055895876,0.1467307,0.23421523,0.11647866,0.1647912,0.061009094,0.016109165,0.107770815,0.16748396,0.07914666,0.1481813,0.079660825,0.05439148,0.07104827,0.20051211,0.04775024,0.14293398,0.100505464,0.079247326,0.036633596,0.3343378,0.015826156,0.15579127,0.12447698,0.09667322,0.0069522597,0.49831674,-0.011046078,0.18909484,0.0007908538,0.0007908538
236,0.21056443,0.38137454,0.1727632,0.19333808,0.042577725,0.0055210083,0.1468159,0.23432931,0.11624771,0.16518766,0.060960807,0.01635136,0.10750551,0.16789855,0.07868318,0.1485696,0.07970881,0.054730117,0.07053622,0.20132516,0.04705391,0.14333814,0.10065503,0.07943879,0.035922624,0.3356036,0.014836081,0.1562882,0.124726675,0.09667376,0.0059582284,0.49959722,-0.01249264,0.18977487,0.0007908538,0.0007908538
237,0.21085587,0.3817933,0.17310207,0.1928434,0.04370168,0.0070514483,0.14731923,0.23479925,0.11679809,0.16436823,0.061890766,0.017499277,0.108172916,0.168478,0.07939843,0.14760995,0.08042561,0.055478375,0.07142816,0.2021687,0.04810926,0.1422456,0.10108757,0.07963329,0.037340403,0.33675614,0.016821371,0.15494859,0.12478625,0.0965084,0.008395243,0.5012118,-0.008858729,0.18801855,0.0007908538,0.0007908538
238,0.20881253,0.38092396,0.17169105,0.19316317,0.04358534,0.0069880746,0.14593744,0.23336308,0.115366526,0.16471194,0.061852735,0.0170295,0.10678824,0.16738416,0.077741496,0.14796866,0.080483556,0.054993916,0.06973754,0.20156527,0.045952022,0.14263685,0.101260446,0.0794508,0.034979813,0.33690667,0.013466409,0.15542406,0.12508221,0.096536435,0.0047680964,0.5021378,-0.014204257,0.18865784,0.0007908538,0.0007908538
239,0.21273075,0.3836156,0.17461058,0.19335364,0.04360645,0.007130238,0.14873764,0.23651782,0.118436076,0.16484353,0.061901014,0.01738251,0.109792486,0.1695496,0.08131074,0.14806727,0.08055569,0.05512374,0.07337114,0.2025973,0.050516915,0.14272468,0.10134951,0.07933475,0.039736044,0.3367124,0.02018621,0.15553324,0.1251783,0.09637499,0.011751821,0.50165486,-0.0038505162,0.18881035,0.0007908538,0.0007908538
240,0.20642392,0.3805178,0.1699669,0.1929759,0.04240988,0.0057427324,0.14415117,0.23212807,0.113616616,0.1648318,0.060628537,0.014560979,0.105158195,0.16623878,0.075910695,0.14826813,0.07916308,0.05165324,0.06825636,0.20024845,0.044163004,0.1430804,0.09981813,0.07660418,0.033348978,0.33566555,0.011246124,0.1560294,0.123500064,0.09503982,0.0023977752,0.50285417,-0.017547984,0.18949807,0.0007908538,0.0007908538
241,0.20765668,0.382071,0.17080076,0.19018845,0.04260428,0.0061764903,0.14510742,0.23410754,0.11477177,0.16198462,0.06000206,0.013543723,0.10657223,0.1679644,0.077727824,0.14547585,0.077497594,0.048439056,0.0711775,0.20100917,0.0480009,0.14019375,0.09684052,0.07223187,0.038949527,0.33495224,0.019336216,0.15262769,0.118979834,0.09189287,0.011975821,0.50384504,-0.0033862805,0.18507329,0.0007908538,0.0007908538
242,0.20651117,0.38117403,0.16933835,0.190213,0.039576966,0.0025056591,0.14330012,0.23313066,0.11249954,0.16280058,0.057021696,0.009385003,0.104237154,0.16725309,0.07501752,0.14668582,0.07446838,0.0435505,0.06880707,0.19988105,0.045186218,0.14171512,0.093748525,0.06805477,0.036349516,0.33330253,0.015850138,0.15458404,0.11586335,0.08969695,0.008229884,0.50345176,-0.008817964,0.18771286,0.0007908538,0.0007908538
243,0.2053398,0.37979776,0.1679126,0.18929248,0.038805556,0.0016388223,0.14185093,0.23209299,0.11045401,0.16206925,0.05598612,0.007826392,0.10228282,0.167043,0.07260022,0.14607964,0.07307352,0.04120681,0.0667584,0.20015423,0.042670567,0.14115924,0.091891386,0.06558404,0.034312874,0.33391598,0.013121305,0.15398352,0.11345456,0.08808301,0.0057795662,0.5048464,-0.012335864,0.18697649,0.0007908538,0.0007908538
244,0.20835309,0.3811591,0.16972707,0.1877186,0.0393881,0.002403041,0.14372966,0.2345199,0.11205321,0.16031891,0.056091692,0.008093064,0.103986025,0.16950469,0.07447296,0.1442879,0.07259442,0.040490657,0.06908871,0.20236182,0.04559208,0.13925101,0.09065552,0.06395241,0.03814486,0.33555162,0.018574651,0.15172824,0.11128586,0.086583495,0.012181149,0.5064972,-0.002917095,0.18406339,0.0007908538,0.0007908538
245,0.20600887,0.37890205,0.16731513,0.18845747,0.03631318,-0.0013814949,0.140963,0.2322082,0.10856097,0.16183436,0.05325521,0.0034507222,0.10036924,0.16800721,0.070135705,0.14616814,0.06993377,0.035658445,0.064787105,0.201151,0.040290557,0.14145558,0.08819815,0.06051213,0.032489993,0.33469716,0.010777918,0.15448405,0.10911037,0.08512914,0.0035794291,0.5066563,-0.015458643,0.18774465,0.0007908538,0.0007908538
246,0.21082887,0.38193202,0.17064525,0.18718848,0.036107905,-0.0015627627,0.14418904,0.23625495,0.11189484,0.16062231,0.052694604,0.0030252177,0.10366939,0.17124723,0.0740497,0.14500685,0.06892065,0.034186807,0.0690994,0.20318547,0.04577396,0.14025733,0.08660486,0.058314055,0.038822494,0.3351762,0.019747164,0.15308942,0.10681992,0.08343235,0.013411934,0.5069641,-0.0010224376,0.18594812,0.0007908538,0.0007908538
247,0.20300606,0.37896803,0.16561724,0.18559997,0.038525436,0.00091126293,0.13970317,0.23128,0.10773527,0.15837432,0.05460782,0.0047348905,0.09987866,0.16743258,0.069691785,0.14251158,0.070307076,0.035446245,0.06502097,0.2012451,0.0406433,0.13751772,0.08734184,0.05869552,0.03419449,0.33561194,0.013269558,0.14977191,0.106720254,0.083123155,0.0075980583,0.5098939,-0.009443136,0.18159884,0.0007908538,0.0007908538
248,0.20729598,0.3829232,0.16910693,0.18831117,0.03668665,-0.0012543253,0.14274447,0.23478118,0.111373655,0.16147237,0.053475913,0.003501275,0.103203975,0.16914514,0.07372479,0.14574718,0.069958515,0.035074327,0.06863135,0.20123243,0.045151066,0.1410176,0.087937444,0.059227157,0.038046148,0.33414128,0.018587548,0.15400591,0.10842874,0.083893605,0.012252272,0.50809485,-0.0026486027,0.18720216,0.0007908538,0.0007908538
249,0.20091043,0.37986597,0.16483732,0.18713424,0.039539173,0.0022755326,0.13903427,0.2304107,0.10761098,0.15953025,0.05592787,0.0056585674,0.09983076,0.16618028,0.06966183,0.1434944,0.07202382,0.03688831,0.06474428,0.20036589,0.04016322,0.13848543,0.08951991,0.060478244,0.033242114,0.33590811,0.011822647,0.15091318,0.10935862,0.084317945,0.0058214273,0.5117989,-0.01197778,0.1831432,0.0007908538,0.0007908538
250,0.20869598,0.38620216,0.17088494,0.19178158,0.03633213,-0.0012230312,0.14429,0.2364903,0.11366333,0.16489303,0.053977024,0.0032870518,0.105332784,0.16939001,0.076290496,0.14910546,0.07149184,0.035922855,0.07059972,0.2006204,0.047471248,0.14454634,0.090729006,0.061433457,0.039154172,0.3336223,0.019978661,0.1582302,0.112648614,0.08591012,0.012482681,0.5085999,-0.0022705295,0.19280066,0.0007908538,0.0007908538
