Epoch,Layer0_theta_1,Layer0_r,Layer0_theta_2,Layer0_bx,Layer0_bp,Layer0_gamma,Layer1_theta_1,Layer1_r,Layer1_theta_2,Layer1_bx,Layer1_bp,Layer1_gamma,Layer2_theta_1,Layer2_r,Layer2_theta_2,Layer2_bx,Layer2_bp,Layer2_gamma,Layer3_theta_1,Layer3_r,Layer3_theta_2,Layer3_bx,Layer3_bp,Layer3_gamma,Layer4_theta_1,Layer4_r,Layer4_theta_2,Layer4_bx,Layer4_bp,Layer4_gamma,Layer5_theta_1,Layer5_r,Layer5_theta_2,Layer5_bx,Layer5_bp,Layer5_gamma
1,0.07471751,0.080130555,0.07418699,0.06733627,-0.056787346,-0.06316016,0.072269715,0.07973415,0.07151432,0.06812169,-0.056979712,-0.06165774,0.06970119,0.0789406,0.06918677,0.06876531,-0.057134777,-0.060994916,0.06869718,0.07885146,0.06852568,0.06919503,-0.057243697,-0.058796514,0.067903236,0.07945418,0.06776751,0.06945537,-0.05731206,-0.05453765,0.06688649,0.08000975,0.066595085,0.06958275,0.0007908538,0.0007908538
2,0.08651038,0.15087466,0.08203617,0.057428505,-0.004495825,-0.031843137,0.06991961,0.12358953,0.06379265,0.051851436,-0.005034844,-0.02871463,0.054116715,0.103102006,0.050914474,0.04819826,-0.005328575,-0.028283212,0.04927296,0.10332846,0.047751345,0.045390695,-0.0055380757,-0.018412355,0.04634968,0.12215839,0.04549624,0.044461552,-0.005757505,-0.005422551,0.04363341,0.146641,0.04207066,0.043755222,0.0007908538,0.0007908538
3,0.11513579,0.20410983,0.10201275,0.047965594,0.026673071,-0.020560518,0.0825135,0.16472873,0.070555426,0.039288696,0.026232217,-0.006168933,0.055054437,0.1319011,0.049586184,0.033351034,0.02601771,-0.0027619419,0.046498038,0.13143545,0.044841465,0.028879447,0.025872108,0.011170201,0.042339984,0.16033107,0.043789323,0.027340507,0.02569893,0.02714146,0.040808793,0.19579984,0.043796957,0.026471626,0.0007908538,0.0007908538
4,0.15126093,0.23937699,0.12944,0.04738393,0.03567835,-0.03207558,0.105219215,0.19981425,0.08872216,0.038604412,0.03581258,-0.00460386,0.068922654,0.16121209,0.06267282,0.032202817,0.035842516,0.0042418544,0.058610022,0.15943754,0.058495972,0.027445173,0.03583145,0.022317687,0.055134825,0.19125389,0.06093142,0.026371878,0.03579007,0.041001488,0.057077907,0.22740726,0.067488626,0.026514003,0.0007908538,0.0007908538
5,0.14808463,0.25393957,0.12856413,0.044776056,0.051748645,-0.011454054,0.1034927,0.2057078,0.08729673,0.03312587,0.051279746,0.011081673,0.06695032,0.16441569,0.060116332,0.025258623,0.05125588,0.017685287,0.056092396,0.16356377,0.055053033,0.019347286,0.05154662,0.0357354,0.051574275,0.19971277,0.05596681,0.017066719,0.0520345,0.055062223,0.05224872,0.24156934,0.060669422,0.015740052,0.0007908538,0.0007908538
6,0.14861636,0.26080772,0.12885937,0.046309777,0.050649855,-0.018116904,0.10289495,0.20959793,0.08604228,0.03480876,0.050687674,0.0077682096,0.06522762,0.16659288,0.05760061,0.027114835,0.05084935,0.015991958,0.053470645,0.16579233,0.05141579,0.02143938,0.05120669,0.035350755,0.047794525,0.20359325,0.050642155,0.019763628,0.05174247,0.05577464,0.04636563,0.24837811,0.052263368,0.019405065,0.0007908538,0.0007908538
7,0.15067375,0.26386204,0.12984718,0.048882354,0.044370595,-0.031886015,0.10309587,0.21232851,0.08532434,0.0384866,0.04517758,-0.00081500335,0.06411202,0.16831316,0.055752665,0.031456966,0.04557664,0.009934503,0.051475465,0.16727701,0.04857872,0.026414525,0.045929775,0.030799706,0.044818733,0.20551051,0.04639505,0.025808327,0.04637624,0.052294917,0.041429505,0.25159693,0.045101777,0.027015308,0.0007908538,0.0007908538
8,0.14828072,0.2647778,0.12800676,0.04901079,0.04464317,-0.0319473,0.10111837,0.2114851,0.08319277,0.038406327,0.04545326,-0.0011275875,0.06211737,0.16722651,0.05326458,0.03133845,0.045828212,0.009585965,0.049061917,0.1665164,0.045388315,0.026286054,0.04613849,0.030550886,0.041686505,0.20558757,0.041968904,0.025703076,0.046515748,0.052164733,0.036936983,0.25315914,0.038526405,0.026942516,0.0007908538,0.0007908538
9,0.15098397,0.26649076,0.12974717,0.04843974,0.04601059,-0.0300458,0.1026607,0.21305573,0.08428953,0.037648503,0.04668073,0.00023895227,0.06310862,0.16869494,0.054137506,0.030429302,0.046991035,0.010654783,0.049960375,0.16802615,0.04633839,0.025238536,0.047262296,0.031456076,0.042671993,0.20729764,0.043227486,0.024456281,0.047587164,0.052916624,0.038288195,0.25488037,0.040521584,0.025416493,0.0007908538,0.0007908538
10,0.15254793,0.26731595,0.13074552,0.0480016,0.047067236,-0.028334992,0.10355241,0.21382019,0.08489117,0.03705802,0.047624286,0.0013652787,0.06366928,0.16948049,0.054601226,0.029722702,0.047886234,0.011482185,0.050450657,0.1688874,0.04682876,0.024424227,0.04813324,0.032121036,0.043195806,0.20831397,0.043871805,0.02348076,0.048428554,0.053450957,0.03901263,0.25591487,0.041576434,0.02421265,0.0007908538,0.0007908538
11,0.1534107,0.26765734,0.13127227,0.047664415,0.04789346,-0.026926529,0.10403717,0.21412002,0.0851767,0.036591846,0.048359558,0.0022954203,0.063948736,0.1698508,0.05479211,0.029165218,0.048584163,0.012172551,0.050663408,0.16934928,0.047002725,0.023781944,0.048814572,0.032677874,0.043394335,0.20891665,0.044083867,0.022708794,0.04909121,0.05389915,0.03929407,0.25656763,0.04197577,0.023255711,0.0007908538,0.0007908538
12,0.15319358,0.2671884,0.13102096,0.04810128,0.04673968,-0.029008199,0.103728846,0.21382746,0.08471256,0.037245013,0.0473389,0.00088897476,0.06348534,0.16961811,0.054149393,0.029945526,0.04761467,0.011121386,0.050003935,0.16918024,0.046096805,0.024677007,0.04786185,0.031839017,0.042468816,0.20884247,0.04274797,0.023782907,0.048149586,0.053228095,0.037853546,0.25673112,0.039825518,0.02459159,0.0007908538,0.0007908538
13,0.15385313,0.26710564,0.13139679,0.04812941,0.04660728,-0.029191332,0.104034,0.21394691,0.08480847,0.037325162,0.047223132,0.00071378733,0.06356489,0.16983397,0.054108914,0.03004,0.047505576,0.010965036,0.0499649,0.16946337,0.045958094,0.024781488,0.047754973,0.03170125,0.042333618,0.20920043,0.042501234,0.023902893,0.048042826,0.053110756,0.037593313,0.25713456,0.039420754,0.02473765,0.0007908538,0.0007908538
14,0.15426832,0.26705968,0.1316174,0.047892425,0.04717167,-0.028070945,0.10422929,0.21390723,0.08483734,0.036997814,0.047721278,0.001375658,0.063613705,0.16992119,0.054050494,0.02964975,0.04797669,0.011415152,0.049928885,0.1696645,0.045829237,0.024331527,0.04821439,0.032038927,0.04222893,0.2095372,0.042297136,0.023358354,0.048489872,0.05336786,0.03744095,0.25755352,0.03917368,0.024057118,0.0007908538,0.0007908538
15,0.15607184,0.2672824,0.13279346,0.04811244,0.0464884,-0.029391894,0.105281636,0.21474668,0.0856221,0.037415255,0.04712295,0.00062056567,0.06428575,0.17078064,0.054687392,0.030142631,0.0474152,0.010920906,0.050528273,0.17045888,0.046504356,0.02488773,0.0476707,0.031676903,0.04287188,0.21022056,0.043145385,0.024015399,0.047962405,0.053091336,0.038230263,0.25798848,0.040329903,0.024869116,0.0007908538,0.0007908538
16,0.1552994,0.26696494,0.13221788,0.04778025,0.04745001,-0.027530214,0.10475404,0.2140587,0.08505428,0.036871172,0.047972392,0.0016844122,0.06381701,0.17025036,0.05408254,0.029491061,0.04821871,0.011633026,0.049968787,0.17012711,0.045735814,0.024139764,0.04845553,0.032214712,0.042143293,0.21015257,0.04207815,0.02311575,0.04873039,0.05351352,0.037243307,0.25824025,0.03884363,0.02374713,0.0007908538,0.0007908538
17,0.15723056,0.2672397,0.13345818,0.04771916,0.04755135,-0.027571833,0.10590182,0.21484336,0.08588487,0.036853906,0.048069417,0.001792652,0.06455928,0.17112277,0.054758433,0.029459674,0.048317153,0.011792453,0.050626066,0.17100996,0.046448726,0.024091132,0.048558723,0.03238378,0.042841632,0.21102293,0.042976756,0.023043264,0.04883836,0.053666227,0.038150832,0.25890997,0.040166136,0.023649428,0.0007908538,0.0007908538
18,0.15778199,0.26707873,0.13375147,0.047669534,0.047742765,-0.027180191,0.10615042,0.21481974,0.08591359,0.036785822,0.048245188,0.0019901253,0.06459105,0.17124543,0.054643676,0.029368611,0.048489094,0.011911772,0.050520536,0.17125191,0.04620528,0.023977665,0.048733164,0.03247062,0.042606484,0.21140416,0.042570956,0.02289678,0.049016777,0.05373758,0.037755027,0.25939575,0.03954832,0.02346043,0.0007908538,0.0007908538
19,0.15822777,0.266765,0.1339629,0.047790363,0.047466863,-0.027414292,0.10627885,0.21470957,0.085797936,0.03697885,0.04800825,0.0016728945,0.06447764,0.17129183,0.054348473,0.029591702,0.04827113,0.011588347,0.050232362,0.17141536,0.04572641,0.024226112,0.048527464,0.03217064,0.04213529,0.21169338,0.041835997,0.023186134,0.048824064,0.053486206,0.036986247,0.2598174,0.038377997,0.023814699,0.0007908538,0.0007908538
20,0.15938947,0.26677468,0.13467963,0.04780089,0.04745487,-0.027250988,0.1068924,0.2150294,0.0861337,0.037030406,0.0480051,0.0016831381,0.064776614,0.17173915,0.05452171,0.029642483,0.04827443,0.01153717,0.05040764,0.17193231,0.04583208,0.02427331,0.0485377,0.03209883,0.042246982,0.21227011,0.041915305,0.023230417,0.048841994,0.053417865,0.03705619,0.26036212,0.03845478,0.023862299,0.0007908538,0.0007908538
21,0.15873857,0.26615635,0.13413905,0.04794538,0.047192995,-0.02754097,0.10633927,0.21434872,0.08544651,0.037207298,0.047778644,0.0013234619,0.06415222,0.17122373,0.05368365,0.029848415,0.04806453,0.011194586,0.049584895,0.1715898,0.04469962,0.024506327,0.048338085,0.031799138,0.04112333,0.21214575,0.040278595,0.023506068,0.048653647,0.053179607,0.035385493,0.2605792,0.035944663,0.024201661,0.0007908538,0.0007908538
22,0.16078253,0.26647654,0.13547094,0.047862403,0.04727994,-0.02750754,0.10756542,0.21522275,0.0863569,0.03717793,0.04785931,0.0014529913,0.064967915,0.1721792,0.05445202,0.029807488,0.048144344,0.011346365,0.05033654,0.17253841,0.045541693,0.024449132,0.04841931,0.0319421,0.04195645,0.21305457,0.04137557,0.023424631,0.048735224,0.053294662,0.03649616,0.26124594,0.037575506,0.024093075,0.0007908538,0.0007908538
23,0.16071275,0.26619145,0.13534397,0.047630206,0.047908198,-0.026409315,0.10745342,0.21486776,0.08609534,0.036823373,0.048413094,0.0021129777,0.06475946,0.1719949,0.05409142,0.029381381,0.048666414,0.011812872,0.050002918,0.1725242,0.045025583,0.023956703,0.048926905,0.03230691,0.041464627,0.21325265,0.040618915,0.02282738,0.049228303,0.053581696,0.03579533,0.26165408,0.03650602,0.023344256,0.0007908538,0.0007908538
24,0.16205657,0.26624185,0.13619205,0.047715202,0.047629707,-0.027072247,0.10821789,0.21538217,0.08660323,0.037010644,0.04817349,0.0017543237,0.065200396,0.17258628,0.05445462,0.029598849,0.048445933,0.011597725,0.050346605,0.17312406,0.045368157,0.024197966,0.048718326,0.03216395,0.041789997,0.21383962,0.041016847,0.023107558,0.049031474,0.053482078,0.036166783,0.2621221,0.037040677,0.023688052,0.0007908538,0.0007908538
25,0.1611966,0.26565468,0.13551874,0.047656957,0.047863796,-0.026525283,0.10756533,0.21459572,0.08585486,0.036881074,0.048379727,0.0019309775,0.06454238,0.1719806,0.05359574,0.029442463,0.048640028,0.011643763,0.04951932,0.17271838,0.044238057,0.02401781,0.0489069,0.032167528,0.040685397,0.2136857,0.039408557,0.022888843,0.049214713,0.053478263,0.03457142,0.26232466,0.03463922,0.023412356,0.0007908538,0.0007908538
26,0.162954,0.2656808,0.13663556,0.048158962,0.046613824,-0.028997304,0.108558655,0.21538602,0.08654315,0.037694283,0.047298726,0.00049561233,0.06510196,0.17279637,0.054078255,0.030397898,0.0476403,0.010704561,0.049941566,0.17346857,0.044674147,0.025099581,0.04795741,0.031498138,0.041058283,0.21433447,0.039872102,0.024174923,0.04831974,0.0529998,0.034911033,0.26278982,0.03512738,0.025008935,0.0007908538,0.0007908538
27,0.16256519,0.26533923,0.13625517,0.04768674,0.04790965,-0.026663942,0.108232945,0.21474808,0.08604738,0.03695057,0.048435748,0.0019345684,0.06471052,0.17240237,0.053474747,0.029504402,0.048705935,0.011726004,0.049390174,0.17334464,0.04385128,0.024069453,0.048985947,0.03228874,0.040283762,0.21455671,0.038694095,0.022929383,0.049309388,0.053608812,0.033852383,0.26335454,0.033513807,0.02344945,0.0007908538,0.0007908538
28,0.16427116,0.26518732,0.13729483,0.0483261,0.046354327,-0.029649274,0.1091272,0.21542051,0.08656958,0.037963495,0.0470918,0.0001307225,0.065108486,0.17313817,0.05372549,0.030695267,0.047464684,0.010516658,0.049574737,0.17404686,0.04395615,0.025419572,0.047809154,0.031419646,0.040313303,0.21519722,0.038658068,0.024536874,0.04820241,0.05299209,0.033655107,0.2638833,0.033195574,0.025446927,0.0007908538,0.0007908538
29,0.16431002,0.26511976,0.13721958,0.047636565,0.048056606,-0.026570916,0.10908269,0.21505073,0.08633697,0.036930583,0.048573215,0.0020143604,0.06497146,0.17299935,0.053417,0.029463286,0.048841104,0.011822002,0.04933261,0.17415486,0.043531466,0.024003906,0.04912277,0.032394864,0.039960276,0.21560985,0.038078163,0.022828864,0.049445584,0.05370909,0.03324058,0.26451924,0.032546617,0.023310376,0.0007908538,0.0007908538
30,0.16611136,0.26530465,0.13835761,0.04771074,0.047834944,-0.027162386,0.11012164,0.21579355,0.08705014,0.03710979,0.048388112,0.0017577286,0.0655959,0.17382607,0.053954616,0.029665962,0.04867588,0.011709374,0.04984475,0.17498855,0.044064112,0.024224134,0.048972204,0.032345966,0.040469702,0.21643296,0.038720306,0.02308036,0.049309917,0.05368879,0.033860028,0.26518387,0.033448387,0.023617327,0.0007908538,0.0007908538
31,0.16607748,0.2648006,0.13821696,0.047904566,0.047448806,-0.027833415,0.10994486,0.21544126,0.08665612,0.03738555,0.048059523,0.0012372521,0.06522623,0.17364183,0.05336854,0.029986441,0.048377294,0.011306788,0.049258474,0.17495142,0.04320459,0.0245851,0.048695132,0.03203708,0.03960121,0.21657304,0.037421115,0.023507124,0.049057037,0.05346901,0.03250961,0.26555842,0.031400364,0.024145318,0.0007908538,0.0007908538
32,0.16830166,0.26519138,0.13967021,0.04771419,0.047795746,-0.027299797,0.111265145,0.21639466,0.08761984,0.03720317,0.04836622,0.0015995033,0.06610154,0.17470305,0.05418631,0.029762099,0.048666373,0.011571195,0.05007306,0.17602178,0.04411956,0.024315998,0.04897507,0.032235205,0.04052338,0.2176176,0.038645767,0.023169084,0.049325537,0.05361029,0.033765413,0.26635045,0.03325781,0.023714988,0.0007908538,0.0007908538
33,0.16897346,0.26512167,0.14002833,0.047307987,0.04877265,-0.025464691,0.11159148,0.21637283,0.087680064,0.03662382,0.049217958,0.0026883741,0.06619692,0.17489527,0.05411425,0.029067399,0.049458638,0.01230353,0.050039932,0.17639564,0.043946937,0.023512451,0.04973199,0.032768607,0.04039546,0.218198,0.038377453,0.02219288,0.050042685,0.053994756,0.0335911,0.26703355,0.03296623,0.022489104,0.0007908538,0.0007908538
34,0.1702234,0.2650967,0.14079162,0.047323495,0.048687723,-0.025491906,0.11224698,0.21674445,0.08802618,0.03670058,0.049149238,0.00258067,0.06650418,0.17540705,0.054283462,0.029152175,0.0493995,0.012177889,0.05020932,0.1769759,0.044041015,0.023601042,0.049680386,0.032649476,0.040492255,0.21883334,0.03843738,0.02228914,0.049998168,0.053897724,0.033635043,0.2676243,0.033006407,0.022603566,0.0007908538,0.0007908538
35,0.17103544,0.26483917,0.14124538,0.047617134,0.04796052,-0.026616475,0.11259791,0.21689726,0.08809615,0.037174407,0.048524257,0.0017587121,0.06653762,0.17568459,0.05414673,0.029710393,0.04882671,0.0115397405,0.05005684,0.1773177,0.043731038,0.024234254,0.04914243,0.0321442,0.040162724,0.21923444,0.037898958,0.023042988,0.049497876,0.053520318,0.03301493,0.26807415,0.03205112,0.023541264,0.0007908538,0.0007908538
36,0.17109258,0.2645049,0.14117216,0.047361635,0.04864009,-0.025196413,0.112516955,0.21652187,0.08778631,0.0367847,0.049117714,0.0025442063,0.06628953,0.17554076,0.053685352,0.029239602,0.049378835,0.012037261,0.04963237,0.17739002,0.043060113,0.023687571,0.04967024,0.03249282,0.039529685,0.21956249,0.03691516,0.022376144,0.049998805,0.05376738,0.032094713,0.2686334,0.030637577,0.022700917,0.0007908538,0.0007908538
37,0.17228541,0.26436585,0.14188275,0.047604013,0.048030898,-0.026362177,0.113140315,0.21690181,0.08810839,0.037195235,0.048597485,0.0018519239,0.066549845,0.17603013,0.053807545,0.029720612,0.048905283,0.011583352,0.049727395,0.17791784,0.04306587,0.024230469,0.049229156,0.032174714,0.039505128,0.2201196,0.036809377,0.023019876,0.049593177,0.05354863,0.031925216,0.26915604,0.030360773,0.023500804,0.0007908538,0.0007908538
38,0.17261484,0.2641901,0.14201698,0.04720212,0.048989695,-0.02456145,0.11326068,0.21672104,0.08800591,0.03661052,0.049427424,0.002881944,0.066500306,0.17606704,0.053589825,0.029021246,0.049670532,0.012249136,0.04955394,0.17814396,0.042728174,0.02342279,0.04995245,0.03264064,0.039218508,0.22055818,0.03632535,0.022038933,0.050269015,0.053870115,0.031535216,0.26973107,0.029747374,0.022266943,0.0007908538,0.0007908538
39,0.17445566,0.2642542,0.1431818,0.04742726,0.048387084,-0.025555948,0.11426717,0.21744998,0.08864077,0.03702166,0.048915066,0.0021769318,0.06704317,0.17690304,0.05401174,0.029501583,0.049206514,0.011707133,0.049952857,0.17898266,0.04311121,0.023963073,0.04952273,0.03221372,0.03957964,0.22136307,0.036762483,0.02267795,0.04987654,0.053555097,0.031898364,0.27037677,0.030271526,0.023061132,0.0007908538,0.0007908538
40,0.17467368,0.26380283,0.14321606,0.047584128,0.048062824,-0.025886117,0.11421894,0.21719645,0.08832282,0.03725778,0.048641957,0.0017351316,0.0667474,0.17684649,0.05348073,0.029775664,0.048961572,0.011287855,0.049430907,0.17908055,0.04231333,0.024270985,0.04929911,0.031860985,0.03878292,0.22163032,0.035548456,0.02304119,0.04967693,0.053296,0.030630412,0.2708358,0.028334105,0.023510953,0.0007908538,0.0007908538
41,0.17602639,0.26397943,0.14406444,0.047201596,0.048884038,-0.024379898,0.11501401,0.21765052,0.08883759,0.03674959,0.049350046,0.0027154952,0.067243285,0.17745629,0.053887382,0.02916701,0.049611256,0.011986817,0.0498593,0.17978367,0.0427497,0.023564983,0.04990869,0.03237696,0.039253548,0.22242518,0.036145423,0.022179723,0.050239187,0.05365454,0.0313227,0.2715516,0.029354494,0.02242499,0.0007908538,0.0007908538
42,0.17706604,0.26384252,0.14467758,0.047368873,0.048423957,-0.025119683,0.115541376,0.21794869,0.08908047,0.037050504,0.048956726,0.0022468693,0.06744098,0.17787313,0.053944685,0.029521586,0.049253415,0.011670955,0.04989834,0.18025525,0.042688176,0.023965912,0.04957533,0.032153554,0.0391714,0.22294751,0.035960034,0.022655347,0.04993171,0.053500455,0.03109301,0.272065,0.028986236,0.023016699,0.0007908538,0.0007908538
43,0.17758666,0.26373634,0.14494134,0.04689544,0.049521867,-0.023061369,0.1157998,0.21787433,0.08910285,0.036366787,0.049901504,0.0035117182,0.06750842,0.17801765,0.05385797,0.028704131,0.05011809,0.012544485,0.049853764,0.18058445,0.042513207,0.023021674,0.050384704,0.03279164,0.03904818,0.2234846,0.035707142,0.021507774,0.05067733,0.0539462,0.030961638,0.27270007,0.028762428,0.021571616,0.0007908538,0.0007908538
44,0.1797351,0.26381955,0.14630038,0.04726924,0.048571717,-0.024749711,0.11697931,0.21877314,0.08986252,0.03700789,0.04909456,0.0024176068,0.06814775,0.17900565,0.054371465,0.029456463,0.049389124,0.011770524,0.050325625,0.18154502,0.04298128,0.023873497,0.049712043,0.032222383,0.03947004,0.22437887,0.036228914,0.022522986,0.050066374,0.053549837,0.03137081,0.2733986,0.029357623,0.022839358,0.0007908538,0.0007908538
45,0.17820127,0.2628918,0.14509724,0.047082055,0.049280733,-0.023150157,0.11580986,0.21740094,0.08850921,0.036627345,0.04971459,0.0030349267,0.06697099,0.17798375,0.052808058,0.028990861,0.049964856,0.01202505,0.048830733,0.18090901,0.040900882,0.023331923,0.050261825,0.032349408,0.037444152,0.22421435,0.033226714,0.02186183,0.050588988,0.053636797,0.028404169,0.27384272,0.024831433,0.022003338,0.0007908538,0.0007908538
46,0.18120183,0.2634909,0.14712001,0.047438316,0.048492577,-0.024633273,0.1176095,0.21894215,0.089926474,0.03723666,0.04906158,0.0021256104,0.06820059,0.17950937,0.054053005,0.029693225,0.04939008,0.011404373,0.050019708,0.18229377,0.04232426,0.024118813,0.049749993,0.031909015,0.038809843,0.22540632,0.03511461,0.022793802,0.05015047,0.053348586,0.030183006,0.27464625,0.027504597,0.02316525,0.0007908538,0.0007908538
47,0.18005165,0.26289323,0.14623141,0.047187757,0.049304366,-0.022965541,0.1167672,0.2179538,0.08897609,0.036780063,0.049767092,0.0029321793,0.067386,0.17877494,0.052976053,0.029138545,0.050040986,0.011858226,0.048999112,0.18184906,0.04090093,0.02347567,0.050366387,0.032206807,0.03743557,0.22532083,0.033071373,0.022011004,0.050729603,0.05355831,0.028199986,0.2750031,0.024472808,0.022177115,0.0007908538,0.0007908538
48,0.1821961,0.26310208,0.14762633,0.04767151,0.048239313,-0.024833618,0.1179762,0.21896069,0.089824915,0.037555333,0.048876416,0.001727689,0.06809656,0.17981611,0.053613324,0.030042853,0.04925024,0.011014485,0.04958313,0.1828201,0.041540783,0.024498861,0.049654547,0.031602684,0.03801171,0.2261877,0.033830322,0.023232806,0.05010982,0.053162392,0.028817404,0.27565598,0.025389574,0.02370597,0.0007908538,0.0007908538
49,0.18154941,0.26259196,0.14704986,0.04730204,0.049226206,-0.022945581,0.11745386,0.21821032,0.08911898,0.036957104,0.049724076,0.0028014393,0.06750753,0.1793431,0.052761674,0.029322635,0.05002251,0.011706615,0.048787016,0.18263529,0.040385596,0.023665527,0.05037341,0.032084893,0.036913782,0.22634955,0.03217111,0.022218471,0.05076702,0.05348892,0.027257428,0.27617106,0.022994997,0.022425126,0.0007908538,0.0007908538
50,0.18339725,0.26277265,0.14824809,0.047787923,0.048231866,-0.024789225,0.118506655,0.21909116,0.08986653,0.037711117,0.04890015,0.0017079621,0.068126686,0.18024206,0.05332007,0.030199073,0.04929875,0.0109978225,0.049287934,0.18347132,0.040933244,0.024656558,0.04973174,0.0316118,0.03739094,0.22710522,0.032796413,0.02340267,0.050222803,0.053201623,0.027750973,0.2767607,0.023726802,0.023908332,0.0007908538,0.0007908538
51,0.18420257,0.26274234,0.14872119,0.047775354,0.048353776,-0.02451204,0.118918374,0.21931148,0.09004306,0.03769637,0.049016535,0.001832743,0.06828731,0.18059117,0.053356394,0.030168679,0.049415052,0.011064858,0.049327098,0.18390764,0.040881835,0.02461138,0.049852073,0.031659074,0.037340824,0.22764091,0.032660242,0.023337923,0.050348707,0.05324252,0.027613437,0.2773324,0.023498485,0.02382126,0.0007908538,0.0007908538
52,0.18583976,0.26319003,0.14977556,0.047074117,0.049849696,-0.02182931,0.11993477,0.21999167,0.09078632,0.03671538,0.050285045,0.0035884005,0.06901777,0.18142053,0.054052263,0.028997125,0.050554633,0.012290923,0.050067704,0.18482395,0.04173795,0.023257568,0.050891645,0.032527022,0.038270798,0.22864203,0.033932943,0.021690484,0.05126751,0.053803436,0.029073967,0.27818438,0.025698857,0.02174233,0.0007908538,0.0007908538
53,0.18489228,0.26238987,0.1489763,0.04738212,0.04923756,-0.022693884,0.11913851,0.21912287,0.089806736,0.03713706,0.04976941,0.0028671646,0.068117015,0.18076408,0.052837092,0.029496584,0.050094485,0.0117273675,0.04885665,0.18439381,0.040047713,0.02383039,0.050474882,0.03210829,0.03656409,0.22849329,0.03139844,0.0223814,0.050900526,0.053526863,0.026454348,0.27845287,0.021687033,0.02261034,0.0007908538,0.0007908538
54,0.18680331,0.26255584,0.150211,0.04808126,0.04772501,-0.02533141,0.12018514,0.22005844,0.0905267,0.03822322,0.048505854,0.0011949132,0.06869214,0.18168871,0.05333794,0.03077157,0.048976243,0.010587557,0.049285103,0.18522505,0.040502086,0.025281943,0.049472954,0.031317465,0.03692398,0.22921291,0.031857993,0.024125693,0.050034665,0.05302676,0.026715418,0.27901292,0.022066878,0.024801673,0.0007908538,0.0007908538
55,0.18718655,0.2626529,0.15036523,0.04732457,0.049511153,-0.02215425,0.120376006,0.21997732,0.09050354,0.037076,0.05002031,0.0032189395,0.068746746,0.18183252,0.05324083,0.02939545,0.050334513,0.011993706,0.04925484,0.18559796,0.040343046,0.023691364,0.050709594,0.03231865,0.036853988,0.22986814,0.031678032,0.022190755,0.05112462,0.053678755,0.026750317,0.27982286,0.022095848,0.022358252,0.0007908538,0.0007908538
56,0.18875712,0.26313534,0.15140866,0.04695981,0.050507918,-0.02038446,0.1213624,0.22070569,0.091263525,0.036533702,0.050886158,0.0044021904,0.0694647,0.18264988,0.05394508,0.028727343,0.051130153,0.012838944,0.049975764,0.18646473,0.041183103,0.022906108,0.051457644,0.03293716,0.03772459,0.23080349,0.03286607,0.021224529,0.051818497,0.054100968,0.02804388,0.28066587,0.024039844,0.021132886,0.0007908538,0.0007908538
57,0.18906027,0.26285174,0.15151268,0.04725304,0.049980603,-0.02123403,0.12140509,0.22062132,0.09107433,0.03695184,0.05045498,0.0037915807,0.069270164,0.18269433,0.053552024,0.029212167,0.05075771,0.012409866,0.049566057,0.18662271,0.040533602,0.0234551,0.051135186,0.032647558,0.03704137,0.23111212,0.03180349,0.021881899,0.05155468,0.053931154,0.026900591,0.28116092,0.022271996,0.021958305,0.0007908538,0.0007908538
58,0.18991837,0.26265916,0.15199134,0.047737535,0.0489489,-0.023046589,0.12179197,0.22087878,0.09118705,0.037687685,0.04959462,0.002680135,0.06932212,0.18303141,0.053441867,0.030076962,0.049998593,0.011684479,0.049410988,0.18699619,0.040220723,0.024441425,0.050457757,0.03216453,0.036665317,0.23153646,0.031193107,0.023069069,0.05097212,0.053636055,0.026162662,0.28163883,0.02112715,0.023451969,0.0007908538,0.0007908538
59,0.19052635,0.2626124,0.15229967,0.047443338,0.049681265,-0.021730166,0.122097984,0.22094071,0.09125268,0.037245806,0.050219912,0.0035663908,0.0694095,0.18327278,0.05337951,0.029539507,0.050562374,0.012324912,0.049372423,0.18739136,0.04005622,0.023813963,0.050974257,0.032631706,0.036534205,0.2321156,0.030932527,0.022299143,0.051431313,0.0539445,0.025993882,0.28230882,0.020850219,0.022475384,0.0007908538,0.0007908538
60,0.19172947,0.2627221,0.15303846,0.047302496,0.05001151,-0.021242857,0.12280585,0.22140944,0.091709964,0.037065335,0.05050596,0.0040287646,0.06982825,0.18385401,0.053720843,0.02931444,0.050823763,0.012711382,0.04971213,0.18803102,0.040401846,0.023545673,0.051217493,0.03292962,0.03688876,0.23281899,0.031387135,0.021964235,0.051652152,0.054143377,0.026500305,0.28295106,0.021606116,0.022047732,0.0007908538,0.0007908538
61,0.19303451,0.26270446,0.15383402,0.047433645,0.04971892,-0.02184801,0.12352416,0.22190745,0.09212814,0.037300374,0.050268743,0.0037249716,0.07018641,0.18446185,0.053965114,0.029584493,0.050620817,0.0125467265,0.049935125,0.18867618,0.04058273,0.023847379,0.05104359,0.032836165,0.037046306,0.23349762,0.031551596,0.02232083,0.051511537,0.0540944,0.026630055,0.28356838,0.021786096,0.022493508,0.0007908538,0.0007908538
62,0.19438334,0.2628867,0.15468518,0.046968207,0.05076328,-0.020197237,0.12435818,0.22241898,0.09270008,0.036638945,0.05115404,0.0049041156,0.07073967,0.18513207,0.054458298,0.028785588,0.051412966,0.013416842,0.050453104,0.1894355,0.041157827,0.022916954,0.05176249,0.03346806,0.037668765,0.2343431,0.032394018,0.021180497,0.052143812,0.05450372,0.027609361,0.28431338,0.02326569,0.021046663,0.0007908538,0.0007908538
63,0.19342384,0.26213217,0.15388347,0.046658233,0.051529184,-0.018734176,0.123614125,0.22145374,0.091752455,0.036143158,0.051800583,0.0056231758,0.06993124,0.18449846,0.05331996,0.02819333,0.051989753,0.013832816,0.04937329,0.18913415,0.039603513,0.022232259,0.052284636,0.033736173,0.036171693,0.23443042,0.0301268,0.020344416,0.052601963,0.054671086,0.025419949,0.28482732,0.019886382,0.01998579,0.0007908538,0.0007908538
64,0.19601028,0.26239663,0.1555945,0.047822542,0.04900374,-0.023228567,0.1250527,0.22282715,0.0928117,0.03794418,0.049707294,0.00278973,0.07076445,0.18576379,0.0541195,0.030318089,0.050159745,0.01193456,0.050049733,0.19018264,0.040392067,0.024664858,0.050673075,0.03245728,0.03679177,0.23523115,0.030976674,0.023287209,0.05124713,0.05390188,0.025926689,0.28535426,0.020648118,0.023703923,0.0007908538,0.0007908538
65,0.19501938,0.2617196,0.15475583,0.047577407,0.049811173,-0.021392617,0.124228366,0.22181238,0.09174661,0.037484176,0.05039854,0.0035946118,0.0698488,0.18509977,0.052821618,0.029752843,0.050783187,0.012348536,0.04881436,0.18989043,0.03860839,0.02400368,0.051245116,0.03271163,0.03506055,0.23538534,0.028352972,0.022474574,0.05175841,0.054068476,0.02336052,0.28599975,0.016690629,0.022669533,0.0007908538,0.0007908538
66,0.1949119,0.26128814,0.1545497,0.047803532,0.049681507,-0.021296289,0.12395726,0.22140673,0.09120026,0.037731595,0.05032323,0.0033877504,0.06934971,0.18492833,0.052018568,0.030018669,0.050746877,0.012118732,0.04801839,0.18994877,0.037410405,0.024293154,0.051250093,0.032551922,0.03384221,0.23573187,0.026482472,0.022812983,0.05181531,0.054004073,0.021413814,0.2866729,0.013685707,0.023090689,0.0007908538,0.0007908538
67,0.19685768,0.2619558,0.15589556,0.04772072,0.050311852,-0.020041667,0.1251743,0.22243358,0.09218647,0.037552115,0.05090316,0.004130801,0.07025001,0.18599395,0.05294202,0.029760843,0.051306676,0.012615645,0.048936915,0.19101875,0.038515635,0.023967994,0.05180869,0.03291998,0.034942202,0.2368499,0.0280127,0.022396063,0.052379154,0.054277137,0.022970451,0.28773776,0.016044496,0.02255268,0.0007908538,0.0007908538
68,0.1998601,0.26296097,0.15800022,0.04782934,0.050509665,-0.019830711,0.12709333,0.22414178,0.09384354,0.03768287,0.051127236,0.004401301,0.07172523,0.1876285,0.05455779,0.02986761,0.05155834,0.012888459,0.050506737,0.19251168,0.04049648,0.024060003,0.05209976,0.03317659,0.036876075,0.23821871,0.030773358,0.022484822,0.052723967,0.054497596,0.025714252,0.28882313,0.020217305,0.02265588,0.0007908538,0.0007908538
69,0.19940647,0.2626934,0.15760967,0.048022248,0.050758537,-0.01939731,0.12670638,0.22365858,0.09331728,0.03780634,0.051399253,0.004633043,0.0712473,0.1873131,0.053844836,0.02996874,0.0518586,0.0130842775,0.049790595,0.19242537,0.03942843,0.024151897,0.052443612,0.033383157,0.03577532,0.23846908,0.029076058,0.022580177,0.053128537,0.054706603,0.023975551,0.2895012,0.017527666,0.022770112,0.0007908538,0.0007908538
70,0.19763835,0.2620238,0.1562651,0.048332,0.050781745,-0.019245038,0.125403,0.22237267,0.091921926,0.038044155,0.05146945,0.0045366785,0.06998228,0.18625265,0.052197944,0.030208662,0.051966127,0.012993371,0.0481541,0.19171064,0.03713938,0.024408495,0.052595913,0.03336691,0.03345417,0.23822993,0.025592972,0.022880053,0.053337734,0.054762676,0.020413458,0.28991714,0.012052931,0.023144146,0.0007908538,0.0007908538
71,0.20224294,0.2638184,0.15956952,0.049178306,0.04971889,-0.021475721,0.12840608,0.22529548,0.09472069,0.03923706,0.05069142,0.0035714384,0.072404906,0.18878381,0.05502133,0.031550106,0.051385757,0.012581678,0.050828137,0.19378725,0.040641725,0.025908375,0.05221184,0.03324123,0.0367805,0.23986952,0.030426549,0.024674876,0.053201064,0.054807387,0.02504633,0.29098102,0.019120947,0.025410475,0.0007908538,0.0007908538
72,0.19923861,0.2631292,0.15742418,0.04833302,0.052656684,-0.015967771,0.12647355,0.22322318,0.092833035,0.037627216,0.053216897,0.006716071,0.070829116,0.18716173,0.053027667,0.029567426,0.053670336,0.014615706,0.04897,0.19280124,0.038040817,0.023589754,0.054317188,0.03465431,0.034314543,0.23971641,0.02670237,0.02183097,0.055103667,0.055734906,0.021594498,0.29180023,0.013803841,0.021790804,0.0007908538,0.0007908538
73,0.20214248,0.26397833,0.15940392,0.04986192,0.05032776,-0.020119272,0.12814045,0.22491433,0.09418299,0.03974455,0.051400986,0.0042435247,0.07189456,0.18862218,0.054126017,0.032003246,0.052198492,0.013088145,0.049896535,0.19401667,0.03915796,0.026352061,0.053171244,0.033768147,0.035174504,0.24074608,0.02789008,0.025165703,0.05436082,0.05535612,0.0223483,0.29267192,0.014934949,0.026014598,0.0007908538,0.0007908538
74,0.20147265,0.26357368,0.15883675,0.049919933,0.050651718,-0.01915504,0.1275276,0.22424625,0.09337014,0.039698783,0.051705573,0.0044233687,0.07117928,0.18820357,0.053096913,0.031917088,0.052496362,0.013055681,0.04890044,0.1938817,0.037706595,0.02623598,0.053471923,0.03372719,0.033726253,0.24097255,0.025684277,0.025012163,0.05466653,0.05536516,0.020097619,0.2933258,0.011468226,0.025813064,0.0007908538,0.0007908538
75,0.20270267,0.26412442,0.15969352,0.049381353,0.052100804,-0.01644476,0.12832114,0.22487715,0.094009236,0.038847033,0.05293484,0.005944883,0.07181738,0.18893243,0.053754225,0.03087192,0.053590175,0.013991385,0.04960878,0.19468507,0.03856838,0.02501048,0.054454476,0.034331616,0.034661043,0.24188526,0.026999658,0.023503205,0.055515263,0.055725228,0.021566153,0.29424593,0.013695128,0.023887865,0.0007908538,0.0007908538
76,0.20494911,0.2646556,0.16120742,0.050317477,0.050378196,-0.019187048,0.12956597,0.22613999,0.09496525,0.04023519,0.05155675,0.0040228674,0.072591156,0.19007182,0.054536868,0.03249414,0.052440245,0.012640832,0.050296094,0.19563916,0.039403595,0.026863704,0.05351472,0.03344424,0.03534355,0.24265975,0.027958205,0.025749963,0.054833274,0.055260092,0.022210566,0.2948508,0.014669749,0.02674043,0.0007908538,0.0007908538
77,0.20535414,0.26471373,0.16142724,0.049946897,0.051376656,-0.01720494,0.129753,0.2261891,0.09496247,0.03963149,0.052398395,0.0050222245,0.0726378,0.19030374,0.05445238,0.03175438,0.053183038,0.013201228,0.050262377,0.19603993,0.039259344,0.025997182,0.05417355,0.033785265,0.03525883,0.24326998,0.027771039,0.024682904,0.055388488,0.055456404,0.022119742,0.2956206,0.014511856,0.025378492,0.0007908538,0.0007908538
78,0.20441209,0.26426235,0.16069426,0.049380865,0.052807678,-0.01440606,0.12908609,0.2253782,0.09416344,0.03871153,0.053593483,0.006450518,0.07199479,0.18980958,0.053543266,0.030644115,0.05422875,0.014022924,0.049440827,0.19588572,0.038054157,0.024706647,0.055091374,0.03429436,0.034151696,0.2435246,0.02606845,0.02310069,0.056150936,0.055748522,0.020569997,0.29629493,0.012116913,0.023360847,0.0007908538,0.0007908538
79,0.20785692,0.26519987,0.16306965,0.05025928,0.051180538,-0.017469738,0.13118461,0.22740397,0.09595947,0.040043537,0.052301444,0.004718866,0.073512845,0.1916137,0.05523589,0.032196607,0.053161282,0.012975035,0.05100846,0.1973663,0.040082496,0.026477885,0.054233495,0.033672154,0.036018092,0.2446625,0.028783897,0.025247633,0.055552535,0.05545368,0.023024503,0.29700366,0.015866196,0.026089864,0.0007908538,0.0007908538
80,0.20441309,0.2638856,0.16056013,0.050143633,0.052171677,-0.0155768525,0.12887844,0.22506529,0.093649335,0.03962691,0.053179465,0.0056851697,0.071475245,0.18971053,0.052662726,0.03166391,0.053978994,0.013600243,0.04850236,0.19605654,0.0366079,0.025846127,0.055016514,0.034144774,0.03257779,0.24411488,0.023623923,0.02446637,0.056302283,0.055799283,0.017910762,0.2974299,0.008016922,0.025089419,0.0007908538,0.0007908538
81,0.20675984,0.2651063,0.16231461,0.05078633,0.051988155,-0.016002875,0.13046846,0.22662304,0.09521201,0.040357538,0.05316921,0.005710551,0.072825685,0.19102126,0.054263424,0.032440864,0.0541065,0.013809666,0.05000442,0.1971652,0.038575877,0.026693666,0.055302504,0.034446172,0.03440914,0.24512237,0.026276218,0.02547133,0.056797847,0.056118693,0.020430056,0.29836154,0.011847093,0.026358815,0.0007908538,0.0007908538
82,0.20789899,0.26553446,0.16309296,0.051233094,0.051830567,-0.01638678,0.13117254,0.2272536,0.095783554,0.0408594,0.053132057,0.0057309475,0.07329751,0.19162597,0.054727357,0.0329767,0.05416452,0.013978554,0.050408132,0.19777736,0.039033003,0.027279804,0.055469155,0.03467168,0.034781232,0.24583203,0.026766954,0.026167382,0.0571069,0.05634128,0.020839192,0.29918593,0.012458199,0.027239872,0.0007908538,0.0007908538
83,0.20663065,0.26502484,0.16212815,0.050824635,0.05322353,-0.0139234755,0.13033088,0.22627117,0.094850235,0.040089272,0.054320432,0.0072568906,0.07251308,0.19096063,0.05365341,0.03202442,0.055225905,0.015013989,0.04939818,0.19749653,0.03756984,0.026161373,0.05642722,0.035387963,0.03339268,0.24603665,0.024643682,0.024788033,0.057942025,0.056777064,0.0188767,0.29989144,0.009435796,0.02547428,0.0007908538,0.0007908538
84,0.20964333,0.26602814,0.16423,0.051159102,0.052830637,-0.014755256,0.13223752,0.22806707,0.096534744,0.040566534,0.054046657,0.0069518923,0.07398599,0.19259354,0.055328816,0.032553013,0.055037312,0.014910965,0.05100311,0.19888964,0.039666083,0.026748994,0.056325294,0.035378695,0.035413343,0.24718787,0.027597088,0.025491212,0.05794867,0.0568178,0.021753645,0.30068496,0.013833335,0.026367513,0.0007908538,0.0007908538
85,0.2074407,0.26498234,0.16255973,0.050878424,0.053711582,-0.013155529,0.13072221,0.2264508,0.09490578,0.040033318,0.05478613,0.007821409,0.07256381,0.1913803,0.053462584,0.031905536,0.05568658,0.015462329,0.049204025,0.1981531,0.037131727,0.025994562,0.056897625,0.035749648,0.03294312,0.24702615,0.023869824,0.024563357,0.05842784,0.05703844,0.018122502,0.3011705,0.008253093,0.025179312,0.0007908538,0.0007908538
86,0.21013957,0.26574174,0.16441536,0.05170144,0.05234214,-0.015682848,0.13235727,0.22804375,0.09629911,0.041232444,0.05372364,0.0064615794,0.07372559,0.19278836,0.054748993,0.033294797,0.054836765,0.014685624,0.050374858,0.19931759,0.038639233,0.027578142,0.056253955,0.035327516,0.03429605,0.2479643,0.025834816,0.026486276,0.058041856,0.056876086,0.019852685,0.3018502,0.010895122,0.027631275,0.0007908538,0.0007908538
87,0.21013875,0.26541388,0.16431339,0.05239924,0.051323798,-0.017383326,0.13219732,0.22787447,0.0959415,0.042183243,0.052948654,0.0054012677,0.07334215,0.19271801,0.05413763,0.034397796,0.05423466,0.014029623,0.049704418,0.199369,0.037637427,0.028837292,0.05582442,0.03496355,0.033182595,0.24821644,0.024127431,0.02801666,0.057831552,0.056742147,0.017936954,0.30239883,0.007947559,0.029582676,0.0007908538,0.0007908538
88,0.21034133,0.26557806,0.16442487,0.051292613,0.05384921,-0.012837856,0.13239709,0.22783747,0.09602362,0.040468562,0.05502151,0.00818293,0.07353722,0.19295686,0.054259088,0.03233094,0.056004547,0.015830306,0.049942292,0.19988142,0.037864164,0.026432063,0.0573169,0.036099058,0.03359919,0.24905857,0.024681708,0.02506025,0.05897909,0.05732179,0.018885368,0.30345568,0.009381304,0.025797658,0.0007908538,0.0007908538
89,0.2104272,0.2655096,0.16442445,0.05115872,0.05442099,-0.011645356,0.13237953,0.22773318,0.095849484,0.04019756,0.05551825,0.008734576,0.07340932,0.19301702,0.053979687,0.031984042,0.056455273,0.016133841,0.049690902,0.20011203,0.037435528,0.026017379,0.057731386,0.03629558,0.033193547,0.24951495,0.02402369,0.024543313,0.059349325,0.057446588,0.0182647,0.30413744,0.008414865,0.025133599,0.0007908538,0.0007908538
90,0.21320799,0.26650354,0.1663852,0.052428085,0.052410096,-0.015149221,0.13404407,0.22947583,0.09733907,0.04200245,0.053972863,0.0066249385,0.074623354,0.19443451,0.05537875,0.034079332,0.05523772,0.01484403,0.05092963,0.20118655,0.039065033,0.028412092,0.056836415,0.035579007,0.034579147,0.2502902,0.026052244,0.027460335,0.05885942,0.057179585,0.019894129,0.30467594,0.010903683,0.028861934,0.0007908538,0.0007908538
91,0.21149735,0.2659047,0.16512488,0.051922664,0.054005228,-0.012377354,0.13292901,0.22824433,0.09617217,0.04107291,0.055316627,0.008268015,0.0736408,0.19354565,0.05407804,0.03293703,0.056418635,0.015946673,0.04970511,0.20072843,0.03731482,0.027073275,0.057876706,0.03633484,0.032917727,0.25036812,0.023522224,0.025809254,0.059727807,0.057622306,0.017554196,0.30530855,0.007305933,0.026744617,0.0007908538,0.0007908538
92,0.21317448,0.26641998,0.16628033,0.051953133,0.054257188,-0.012058838,0.13398358,0.22918595,0.09705085,0.041067455,0.055563375,0.008521741,0.07442957,0.19447821,0.054930627,0.032896154,0.056667097,0.016168945,0.050536618,0.20160937,0.038369052,0.027006429,0.058134746,0.036524188,0.033952024,0.25122362,0.02501639,0.025714414,0.05999959,0.057760317,0.019059762,0.30607423,0.009602124,0.026618967,0.0007908538,0.0007908538
93,0.2133769,0.26607046,0.1662832,0.052583877,0.053170685,-0.014006981,0.13391107,0.2291013,0.09671924,0.041972,0.054713175,0.0072678304,0.07407194,0.19450594,0.054323975,0.033958104,0.055982713,0.015373297,0.049874008,0.201746,0.037367802,0.028226212,0.057611592,0.03606054,0.032841984,0.25152352,0.023310306,0.027203353,0.05967769,0.057561602,0.017138762,0.30658883,0.006644716,0.028524162,0.0007908538,0.0007908538
94,0.2138046,0.26587045,0.16645569,0.052281223,0.05380812,-0.012956393,0.1340982,0.22912645,0.09665275,0.04151957,0.055228524,0.0079628425,0.07404154,0.19476117,0.054116122,0.03340998,0.056412812,0.015846765,0.049699623,0.20218512,0.03702671,0.02758441,0.057959814,0.036357373,0.032560233,0.25216478,0.022837276,0.026408743,0.059921578,0.057698302,0.01678611,0.3073326,0.006093244,0.027501633,0.0007908538,0.0007908538
95,0.2150783,0.26602915,0.1672477,0.052346203,0.0537624,-0.01314246,0.13482934,0.22974198,0.097139746,0.041617308,0.055207204,0.008013164,0.0744653,0.19544978,0.054487374,0.03351043,0.056409102,0.015947796,0.050051317,0.20289202,0.037420224,0.027690528,0.057973918,0.036444217,0.03294262,0.25290084,0.023366855,0.02653147,0.059956193,0.057748396,0.017324712,0.3080085,0.0069148056,0.027656998,0.0007908538,0.0007908538
96,0.21711557,0.26652953,0.16861565,0.05254502,0.053449143,-0.013782181,0.13607569,0.23089191,0.09816324,0.041928545,0.054975796,0.007795086,0.07535674,0.19655079,0.055461567,0.033861816,0.056235615,0.015879488,0.050981022,0.20386851,0.038623467,0.028085368,0.0578575,0.036430895,0.034103654,0.25374734,0.025072701,0.027007896,0.059910085,0.05775679,0.018992923,0.30863246,0.009475472,0.028266191,0.0007908538,0.0007908538
97,0.2164555,0.26632267,0.1681256,0.05156349,0.056067564,-0.009168178,0.13573657,0.23028448,0.0977396,0.040287495,0.057149306,0.010684795,0.07508922,0.19631162,0.05501285,0.031857062,0.058111187,0.017790163,0.050646935,0.20402458,0.038063437,0.025736485,0.059466172,0.037669938,0.033720262,0.2543744,0.024430301,0.024105983,0.06119357,0.058423463,0.018726578,0.3096337,0.009048148,0.024535459,0.0007908538,0.0007908538
98,0.21662353,0.26614562,0.16811962,0.05242931,0.054994337,-0.010899142,0.13562001,0.23018423,0.097361594,0.041416775,0.05636976,0.0094650155,0.0746805,0.19630627,0.05431772,0.03315316,0.057546727,0.017008957,0.049876608,0.20416856,0.03688215,0.027213098,0.059121557,0.037264932,0.03237621,0.2547846,0.022345098,0.025905466,0.061124515,0.05832337,0.016341917,0.31041843,0.005376803,0.026842019,0.0007908538,0.0007908538
99,0.21909435,0.2668445,0.16979885,0.05376155,0.05286398,-0.014604069,0.13702129,0.23164941,0.098508015,0.043322403,0.05474558,0.007204889,0.07558289,0.19752993,0.05528928,0.035374545,0.056286503,0.015617215,0.050687246,0.20513129,0.037909564,0.029761106,0.058224026,0.036499903,0.03314043,0.25555313,0.023444092,0.029021813,0.060682602,0.058055993,0.016992616,0.31108704,0.006368019,0.030841148,0.0007908538,0.0007908538
100,0.21758139,0.2660612,0.16857915,0.05264811,0.055291153,-0.010420334,0.13600369,0.23040104,0.09727215,0.041566726,0.05669167,0.009708325,0.07459636,0.19683035,0.05387649,0.033265233,0.05789328,0.017199747,0.04942364,0.20500244,0.036044013,0.027306054,0.05950313,0.037448857,0.03149824,0.25606057,0.020912534,0.025994781,0.061546832,0.05847817,0.014865829,0.3121127,0.0030961467,0.02694709,0.0007908538,0.0007908538
101,0.21813095,0.26626852,0.1689431,0.052324876,0.056397405,-0.0085045835,0.13636968,0.23065427,0.097510934,0.040976424,0.057632573,0.0108572645,0.074857004,0.19722906,0.054083895,0.032521475,0.05872474,0.017950376,0.049666423,0.20555417,0.036287736,0.026421981,0.06023964,0.03794439,0.031796046,0.2568438,0.021302242,0.024893982,0.062167145,0.058754876,0.0153881125,0.31312495,0.0038891947,0.025528034,0.0007908538,0.0007908538
102,0.22170441,0.2676342,0.17147721,0.05426856,0.053439572,-0.013833154,0.13851361,0.23295757,0.09948405,0.043724466,0.055411823,0.007883909,0.076425284,0.19901785,0.055938054,0.035719723,0.057042245,0.016259056,0.051259868,0.20684904,0.038421705,0.030092333,0.05910186,0.03709959,0.033532456,0.25775054,0.023872614,0.029390939,0.061717227,0.058531504,0.01734212,0.31380716,0.0068800533,0.031310283,0.0007908538,0.0007908538
103,0.21932605,0.2666216,0.1696829,0.053103365,0.0562226,-0.008710302,0.13693005,0.23117548,0.09772036,0.041815624,0.057665344,0.010552183,0.07499483,0.19788234,0.053981103,0.033413053,0.05892405,0.017810062,0.049485095,0.20640852,0.03584661,0.027399784,0.06062917,0.038018048,0.031185199,0.25809184,0.02027199,0.026064068,0.06279966,0.05896934,0.014112291,0.31485546,0.0019131515,0.02702167,0.0007908538,0.0007908538
104,0.2217831,0.26748767,0.17138647,0.05363567,0.05582078,-0.009533359,0.13843386,0.2326343,0.099010505,0.04248137,0.057437856,0.01020184,0.076098725,0.19921221,0.055214558,0.034145243,0.05883036,0.01769674,0.050632127,0.20758118,0.03733995,0.028217973,0.06068045,0.038047176,0.032559805,0.25916412,0.022291452,0.027054777,0.06303534,0.05907253,0.015994145,0.31580126,0.0047932644,0.028294673,0.0007908538,0.0007908538
105,0.22312468,0.26778206,0.17226157,0.05395207,0.055611715,-0.00984104,0.13919206,0.23333293,0.099540785,0.042870507,0.057330996,0.009970611,0.07655199,0.19994152,0.05563037,0.034569964,0.058802746,0.017569274,0.051008083,0.20830876,0.03776914,0.028690146,0.06073974,0.038021788,0.032918397,0.2599358,0.022785205,0.027624378,0.06320577,0.059120547,0.016385978,0.31659648,0.0053873113,0.029025754,0.0007908538,0.0007908538
106,0.2233076,0.26761585,0.17229939,0.054335438,0.055341132,-0.0103078615,0.13918428,0.23328702,0.09933443,0.043333624,0.05718362,0.009667145,0.07633563,0.20002428,0.05521995,0.035085976,0.05875255,0.017423434,0.050560813,0.20853397,0.037064064,0.029270377,0.06079725,0.038007624,0.03213246,0.26037467,0.021557761,0.028328883,0.06340282,0.059191503,0.015030175,0.31726348,0.0033030317,0.029931588,0.0007908538,0.0007908538
107,0.22298671,0.26730716,0.17198408,0.053865757,0.056463093,-0.008330562,0.13893376,0.23292285,0.09891288,0.04257438,0.05809247,0.010774295,0.0760164,0.19994354,0.054691575,0.034162376,0.059509996,0.01809309,0.050100077,0.20872504,0.036343858,0.02818743,0.061408803,0.038402967,0.031507935,0.26087537,0.02057478,0.026986212,0.06383014,0.059369024,0.01421394,0.31801265,0.0020466605,0.028197404,0.0007908538,0.0007908538
108,0.22300342,0.2671656,0.17192239,0.0540748,0.056399614,-0.00842191,0.13884066,0.23282266,0.09865842,0.042799167,0.05808643,0.010598074,0.0757776,0.19997276,0.05427529,0.03440369,0.059550088,0.017979067,0.049670003,0.20890297,0.035672955,0.028453885,0.06150132,0.03837533,0.030790547,0.26127115,0.019454116,0.027306577,0.063989654,0.059403744,0.013012189,0.3186554,0.00020347792,0.028608067,0.0007908538,0.0007908538
109,0.22621305,0.2685479,0.17427224,0.054537877,0.05594332,-0.009381784,0.14094713,0.23493893,0.100709856,0.04341462,0.0577964,0.010085059,0.07757804,0.20173585,0.056494717,0.03508835,0.059386168,0.017719204,0.05179771,0.21026546,0.038593072,0.029224733,0.06147217,0.038291916,0.033591203,0.26226938,0.023655245,0.028245376,0.06413274,0.059438948,0.017076114,0.3193454,0.006420938,0.029818332,0.0007908538,0.0007908538
110,0.22509277,0.26790875,0.17340374,0.054108948,0.057211682,-0.0071504354,0.1401904,0.23404111,0.09979689,0.042651977,0.058849186,0.011294866,0.076820344,0.20122328,0.055405598,0.03414863,0.06029006,0.018464237,0.05078265,0.21016382,0.037087347,0.028116668,0.062239394,0.03876498,0.032171607,0.26265833,0.021460468,0.02686698,0.064731956,0.05968752,0.01502879,0.32021073,0.003280229,0.028034136,0.0007908538,0.0007908538
111,0.22554615,0.26790196,0.17366536,0.054306,0.05708911,-0.0073709344,0.14040887,0.23420979,0.09986014,0.042887133,0.0587896,0.011183001,0.07685926,0.20147261,0.055342827,0.034406386,0.060280077,0.018430326,0.050697256,0.2104938,0.036898557,0.02840426,0.062284354,0.038784567,0.031942822,0.26312342,0.021078434,0.027215047,0.06484737,0.059733205,0.014592061,0.3208261,0.0026068878,0.028482506,0.0007908538,0.0007908538
112,0.22675101,0.26827252,0.17448884,0.054852825,0.056510106,-0.008351262,0.14111204,0.23489971,0.10042398,0.043599788,0.05840518,0.010683774,0.07731145,0.20210293,0.05581005,0.035215687,0.060044896,0.018194038,0.0510909,0.2110707,0.03738066,0.02932468,0.06220887,0.038724665,0.03230871,0.26371607,0.021596037,0.028341405,0.06497658,0.059786092,0.014946507,0.32147977,0.0031450873,0.029936738,0.0007908538,0.0007908538
113,0.2272347,0.26828182,0.17478915,0.05453295,0.057455003,-0.006806473,0.14143345,0.23507097,0.100596786,0.043042637,0.059190843,0.011740687,0.07750071,0.2024525,0.055927016,0.034519564,0.060718432,0.018921215,0.05124113,0.21157497,0.037509248,0.028498253,0.062777855,0.039185263,0.03250838,0.26441598,0.021855881,0.02730925,0.06541587,0.060003195,0.015371066,0.3223199,0.0037897963,0.028598014,0.0007908538,0.0007908538
114,0.22672302,0.26774657,0.1742817,0.054907735,0.056934755,-0.007632028,0.14091682,0.23455438,0.09984222,0.04355083,0.05881026,0.011139179,0.076790065,0.20215209,0.054877926,0.03511315,0.06044315,0.018550254,0.050165735,0.21151458,0.035925552,0.029181344,0.06261142,0.03900477,0.030850312,0.2646663,0.019311534,0.028148957,0.06538642,0.05996488,0.012678861,0.3228981,-0.00032857957,0.029683478,0.0007908538,0.0007908538
115,0.2286568,0.26825428,0.17558098,0.055055976,0.056848057,-0.007887512,0.14209746,0.23567545,0.1008027,0.0437419,0.058774978,0.011093694,0.07763617,0.2032458,0.055806298,0.03531269,0.06044661,0.018576808,0.051059037,0.2125141,0.03709463,0.029398335,0.062656455,0.03905128,0.031986278,0.26559263,0.020996623,0.028408624,0.0654831,0.060005907,0.014346208,0.32370585,0.0022190723,0.030018149,0.0007908538,0.0007908538
116,0.23087293,0.26901942,0.17713287,0.05571868,0.056104142,-0.009157399,0.1434542,0.23704302,0.102001145,0.044630658,0.058278374,0.0103803165,0.07865122,0.20443706,0.05698515,0.0363246,0.060140263,0.01820563,0.052138925,0.21349864,0.038541555,0.03055196,0.06255364,0.03892793,0.033278707,0.26642913,0.02292336,0.029824551,0.06564172,0.060050018,0.01605954,0.32443923,0.0048329257,0.03185107,0.0007908538,0.0007908538
117,0.22706959,0.26771963,0.17444277,0.055151906,0.058350865,-0.004913789,0.1410425,0.23451534,0.09961868,0.04345285,0.06018179,0.012657566,0.07660778,0.20253184,0.054335944,0.034853455,0.061811887,0.01962099,0.049610443,0.21239583,0.03492953,0.028808229,0.06402264,0.039857607,0.029783307,0.26630828,0.017579706,0.027649576,0.0668669,0.06056255,0.010924181,0.32536665,-0.003005649,0.029028399,0.0007908538,0.0007908538
118,0.2292033,0.269067,0.17612755,0.05651686,0.057261396,-0.006789429,0.1424668,0.23602815,0.10116044,0.04514405,0.059558973,0.011830972,0.07785516,0.20360094,0.055935856,0.03675946,0.06156026,0.019369697,0.05100623,0.21313941,0.036860205,0.03097461,0.06418353,0.03997912,0.031395074,0.2668926,0.019994223,0.030308627,0.067564376,0.060869813,0.012941514,0.32599998,7.38441e-05,0.03247238,0.0007908538,0.0007908538
119,0.22958624,0.26931563,0.17642121,0.057130214,0.05692965,-0.0073512937,0.14268607,0.23626281,0.10135,0.04586392,0.059425108,0.011647581,0.0779642,0.20379514,0.056024216,0.037559267,0.06158812,0.019398823,0.0510117,0.21336457,0.03682445,0.031877384,0.06439651,0.040138386,0.031220509,0.26725918,0.019704795,0.031413343,0.06802035,0.061068945,0.012480863,0.32659298,-0.0006270888,0.033902958,0.0007908538,0.0007908538
120,0.22912346,0.2690284,0.1760679,0.056004867,0.05925338,-0.0033141095,0.14248203,0.23586568,0.101042174,0.044124216,0.061250098,0.013982691,0.07782108,0.20378135,0.055739768,0.035462968,0.063042015,0.020807542,0.050876617,0.21370417,0.036561023,0.029425632,0.065474875,0.04090857,0.031211598,0.26798192,0.019652704,0.028368918,0.06862039,0.061328694,0.012882197,0.32762355,-1.670263e-05,0.029950965,0.0007908538,0.0007908538
121,0.22986194,0.26905638,0.1764597,0.05661639,0.0583766,-0.0049364325,0.14275941,0.2361746,0.10105923,0.044969738,0.060609136,0.01302553,0.0777672,0.20413828,0.055508852,0.036446236,0.06257896,0.02028599,0.050565824,0.21412401,0.036039177,0.030557796,0.065195546,0.040679913,0.030551687,0.2685412,0.018617753,0.029765548,0.068570964,0.06129394,0.011631667,0.3283348,-0.0019235653,0.03176452,0.0007908538,0.0007908538
122,0.23257852,0.27028933,0.17845207,0.056635693,0.058572788,-0.0048134313,0.14457804,0.23795724,0.10283698,0.044935334,0.0607891,0.013354452,0.07935011,0.20567028,0.057466313,0.03636827,0.06274357,0.020568224,0.052486688,0.21537122,0.038689278,0.030450525,0.06534232,0.04084493,0.0332145,0.26954097,0.022629451,0.02962535,0.06868779,0.0613359,0.015746646,0.32914558,0.004345231,0.031583227,0.0007908538,0.0007908538
123,0.23109695,0.2698346,0.17739236,0.057082012,0.05841618,-0.005033966,0.14355116,0.23698093,0.10178323,0.045420703,0.06076375,0.013173636,0.07836419,0.2048753,0.056154247,0.036909238,0.062828854,0.0205098,0.051139683,0.21491078,0.036743447,0.031062387,0.065556355,0.04089998,0.0311773,0.2695884,0.019506024,0.030375281,0.06906885,0.0614449,0.012479136,0.32988355,-0.00062405213,0.032556638,0.0007908538,0.0007908538
124,0.23117687,0.26988482,0.17743379,0.057253446,0.058623236,-0.0048097856,0.1435733,0.23698378,0.10172396,0.04553941,0.060997378,0.013438046,0.07828985,0.2049682,0.055977564,0.037010536,0.0630889,0.02076799,0.05093917,0.21514764,0.03640281,0.031160716,0.06585322,0.04111578,0.030808143,0.27006263,0.018915944,0.030486945,0.069413476,0.061580174,0.011885728,0.3306408,-0.0015249846,0.032698866,0.0007908538,0.0007908538
125,0.2324745,0.2702349,0.17830983,0.05680161,0.059613988,-0.003167838,0.14442386,0.23773155,0.10241104,0.044826027,0.061780073,0.014423749,0.07896245,0.20581466,0.056716636,0.036133662,0.06371303,0.021371044,0.051727004,0.21602006,0.037440617,0.03012624,0.066314176,0.041441225,0.03195131,0.2709673,0.020620681,0.029196544,0.069664024,0.06168094,0.013800271,0.3315149,0.001389046,0.031020371,0.0007908538,0.0007908538
126,0.23158157,0.26970512,0.17759086,0.05692169,0.059751496,-0.002875351,0.14374839,0.23701984,0.10157658,0.044908665,0.06193698,0.014582006,0.078200355,0.20536879,0.055624098,0.036209185,0.06389019,0.021529054,0.050629947,0.2159002,0.035823077,0.030202087,0.066519536,0.04159485,0.03031035,0.27127203,0.018096862,0.029283723,0.06990617,0.061791524,0.011250812,0.33226502,-0.0024801,0.031132568,0.0007908538,0.0007908538
127,0.2322275,0.26999056,0.17811775,0.0565436,0.060958616,-0.00092349306,0.14429544,0.23741882,0.102119476,0.04422195,0.06294282,0.015933327,0.078729406,0.20585279,0.056245442,0.03534503,0.0647511,0.022450948,0.05128709,0.21646407,0.03669302,0.029172212,0.067244336,0.042164527,0.031275082,0.27197617,0.019526338,0.027992478,0.07046451,0.06204422,0.012905756,0.33314672,3.4311437e-05,0.029448431,0.0007908538,0.0007908538
128,0.23411725,0.2707419,0.17944025,0.057483785,0.059863355,-0.003056502,0.14540206,0.23856115,0.10308501,0.04546402,0.06219912,0.014954982,0.079478234,0.2067884,0.0570881,0.03676937,0.06428044,0.022039259,0.051980138,0.21723607,0.0375968,0.030805985,0.0670656,0.042077098,0.031962425,0.27269334,0.020535003,0.030010354,0.070655115,0.062135484,0.013636454,0.33389345,0.0011447917,0.03207752,0.0007908538,0.0007908538
129,0.23381886,0.27023602,0.17904156,0.057980023,0.05915673,-0.004514513,0.14496832,0.2381037,0.10232455,0.046138536,0.06168003,0.014342977,0.07871201,0.20658621,0.055897184,0.037556354,0.06390326,0.021801539,0.05072873,0.21734506,0.03572319,0.031713318,0.06683376,0.04199951,0.030004526,0.27321324,0.017520785,0.031130744,0.07060154,0.062125705,0.01049634,0.3347944,-0.003617115,0.033535194,0.0007908538,0.0007908538
130,0.23589425,0.27098477,0.18050642,0.058168046,0.05903412,-0.004962149,0.14630105,0.23939323,0.103545144,0.04637167,0.06162132,0.014414202,0.07976807,0.20773788,0.057159346,0.037802372,0.06389252,0.021974055,0.051937662,0.21832211,0.03737575,0.031984784,0.0668739,0.042130932,0.03163468,0.2740501,0.01997631,0.03146086,0.07070372,0.06217858,0.012986731,0.3355135,0.00016382034,0.033965103,0.0007908538,0.0007908538
131,0.23330212,0.26977167,0.17862229,0.05687283,0.061650485,-0.0004727436,0.14472833,0.23759052,0.10189495,0.044362906,0.06364997,0.017040614,0.0784345,0.2066065,0.055362955,0.03539452,0.06547875,0.023552988,0.05034177,0.21788174,0.0350586,0.02916789,0.068011396,0.042962875,0.029642455,0.27433473,0.016917437,0.027950354,0.07127847,0.062420856,0.01045312,0.3364217,-0.003675174,0.029382126,0.0007908538,0.0007908538
132,0.23535633,0.2708177,0.18017922,0.057276763,0.061580237,-0.00061238674,0.14612009,0.23897867,0.10330828,0.044799704,0.06370057,0.017079318,0.07966716,0.20774026,0.05691099,0.035854153,0.06562857,0.023674605,0.051810067,0.21878077,0.037090875,0.029676415,0.06827626,0.04312747,0.03157533,0.27509496,0.019825686,0.028571384,0.07169063,0.06257156,0.013285977,0.3371914,0.00061095844,0.030192837,0.0007908538,0.0007908538
133,0.23541236,0.2705696,0.17999268,0.05862072,0.059464335,-0.0041182637,0.14577326,0.23883198,0.10261366,0.04671492,0.06213547,0.014727274,0.078914836,0.2076254,0.05575345,0.038117047,0.064486995,0.022235613,0.05049459,0.21879256,0.035139747,0.032306004,0.06757398,0.04243107,0.029285729,0.2753898,0.01631387,0.03183893,0.07153602,0.062437437,0.009183764,0.33787858,-0.0055892337,0.034459356,0.0007908538,0.0007908538
134,0.23641793,0.27088365,0.18065032,0.05825721,0.060295492,-0.0026033025,0.14640187,0.23944019,0.10308291,0.046120733,0.062784605,0.015354199,0.07940509,0.20832637,0.056273106,0.037380856,0.06499277,0.022524955,0.05106497,0.21953568,0.035882737,0.03143306,0.067927994,0.042564437,0.030100001,0.2762102,0.017527413,0.030744253,0.071690984,0.062467072,0.010522051,0.33879045,-0.0035570823,0.033026908,0.0007908538,0.0007908538
135,0.23694256,0.27078927,0.18088152,0.05731014,0.061805647,0.0001038496,0.14669359,0.23964353,0.103100054,0.044741582,0.06388436,0.01664675,0.07954888,0.20885333,0.056287274,0.035733186,0.065766215,0.02314512,0.051220514,0.22028716,0.036014635,0.029507982,0.0683481,0.042779192,0.030463805,0.27717638,0.018049078,0.028345376,0.07165014,0.062418014,0.011396259,0.33988875,-0.002233375,0.02989463,0.0007908538,0.0007908538
136,0.23807468,0.27100077,0.18146452,0.058254015,0.060256846,-0.0023669302,0.14708595,0.24021518,0.10313295,0.04609628,0.062723644,0.014838426,0.079498544,0.20939259,0.056028552,0.03732949,0.064898685,0.021991478,0.05084401,0.2208127,0.035393126,0.031363238,0.06777722,0.04220234,0.029588409,0.2777818,0.016688824,0.030654138,0.07144061,0.062289935,0.009598231,0.34060228,-0.004951691,0.03291585,0.0007908538,0.0007908538
137,0.24014287,0.2720084,0.1830255,0.057801984,0.06135016,-0.00051587215,0.14857349,0.24163802,0.10466233,0.045347426,0.063589826,0.015876813,0.08094449,0.21064442,0.057882622,0.03639662,0.06558802,0.022583045,0.05273858,0.22182585,0.03805791,0.030255621,0.06828371,0.04250994,0.03235151,0.27856472,0.020882683,0.029265141,0.071711764,0.062385406,0.014009587,0.34123823,0.001725768,0.031098291,0.0007908538,0.0007908538
138,0.2397872,0.27212718,0.18280435,0.05860574,0.060908537,-0.0012558826,0.1482787,0.2414145,0.10436045,0.04629353,0.06341695,0.015375199,0.08060134,0.21041103,0.057394233,0.037459638,0.065638535,0.02238708,0.052141555,0.22173814,0.037160862,0.031467028,0.06858926,0.04259008,0.0312303,0.27881703,0.01914252,0.030762997,0.07234505,0.06260967,0.011954837,0.34202942,-0.0013791844,0.03305848,0.0007908538,0.0007908538
139,0.23759021,0.27137738,0.18121812,0.058847006,0.06172891,0.00027677233,0.1467903,0.23990305,0.102768704,0.04631369,0.06422555,0.016159454,0.07916442,0.2093334,0.055423513,0.03740302,0.06645397,0.022961186,0.050161295,0.22128114,0.034262724,0.03136305,0.06943432,0.043082103,0.02825663,0.2791852,0.01457623,0.030615712,0.07322862,0.06295475,0.007305094,0.34325486,-0.008380973,0.03286281,0.0007908538,0.0007908538
140,0.23993073,0.2728512,0.18308845,0.05940714,0.06199248,0.00075950037,0.14846268,0.24160512,0.10460999,0.046830043,0.06463107,0.016565204,0.080779254,0.21065243,0.057537667,0.037916385,0.06698512,0.023370054,0.052162282,0.22228052,0.037081864,0.03191753,0.070123486,0.043510012,0.030911908,0.28001946,0.0185974,0.031289615,0.07412575,0.063304864,0.0112051265,0.34418228,-0.002490134,0.033744927,0.0007908538,0.0007908538
141,0.24089687,0.27342537,0.18381302,0.060058028,0.061742507,0.00045235123,0.14906184,0.24226408,0.105187595,0.047570042,0.06459372,0.016337177,0.081245594,0.21118864,0.058092933,0.038730256,0.06712613,0.023343781,0.052612595,0.22276059,0.037680775,0.032837752,0.07047222,0.043675933,0.031316984,0.28057942,0.019195814,0.0324262,0.074744314,0.063545704,0.011567895,0.3449531,-0.0019329902,0.035235696,0.0007908538,0.0007908538
142,0.23878352,0.2723403,0.18223488,0.059673168,0.06324007,0.0031085892,0.1476789,0.24075635,0.103628226,0.046791337,0.065852106,0.017806623,0.07990425,0.2102688,0.056218013,0.03774797,0.06821086,0.024289023,0.0508132,0.22249848,0.035037134,0.031662855,0.071392275,0.044287883,0.028755937,0.28108415,0.01526281,0.030946173,0.07546033,0.063841574,0.0077852244,0.3461224,-0.007627101,0.0332937,0.0007908538,0.0007908538
143,0.23970947,0.27307186,0.18306302,0.05989608,0.06419832,0.004849028,0.14845341,0.24149336,0.10453369,0.046784047,0.06679837,0.018795002,0.08072983,0.21090287,0.057292778,0.03763526,0.069166,0.025020894,0.051834848,0.22309488,0.036456443,0.031483818,0.072386846,0.044907786,0.030072566,0.28179187,0.01724618,0.030702954,0.076515675,0.064279616,0.009725952,0.3471091,-0.004685688,0.032973517,0.0007908538,0.0007908538
144,0.24186778,0.27431372,0.18469799,0.0606037,0.06412154,0.004716118,0.14987059,0.24295264,0.10597383,0.047513057,0.0669269,0.018777603,0.08196366,0.21206295,0.05884583,0.038405947,0.06946737,0.025164396,0.05325587,0.22401446,0.038429074,0.03234208,0.0728924,0.045199547,0.03183175,0.28261042,0.01990118,0.03175967,0.07728234,0.06459427,0.012165552,0.34797898,-0.0010002624,0.034364063,0.0007908538,0.0007908538
145,0.24038856,0.2738393,0.18352707,0.061558794,0.063084446,0.0030636527,0.14866751,0.24192367,0.10461017,0.04876375,0.06625256,0.017567612,0.080643594,0.21119757,0.057033885,0.039863747,0.06908858,0.024494672,0.051323075,0.22351329,0.035619117,0.034030057,0.07283921,0.045008823,0.028736059,0.28268334,0.015162528,0.033861917,0.07764161,0.064714,0.00696313,0.34872413,-0.008822394,0.037124705,0.0007908538,0.0007908538
146,0.23915042,0.2738337,0.18296312,0.060141973,0.06637504,0.00865307,0.14837691,0.2414174,0.10471758,0.04646565,0.068846874,0.020824935,0.080933645,0.2108944,0.057554703,0.037063915,0.07114436,0.02644517,0.052046064,0.22346568,0.03666731,0.030728038,0.074338,0.04604511,0.030157696,0.28297618,0.017317792,0.029721867,0.07843452,0.06502388,0.009793195,0.34961426,-0.004543342,0.031685468,0.0007908538,0.0007908538
147,0.24270305,0.2764278,0.18573453,0.06253744,0.06404923,0.0047231624,0.15059043,0.24391775,0.10715213,0.04949985,0.06740436,0.01885149,0.0828396,0.21247713,0.06005925,0.04053415,0.07042061,0.0256409,0.05413554,0.22440775,0.039605472,0.034720823,0.07441537,0.04605786,0.0324363,0.28361878,0.020747116,0.03468778,0.07953231,0.0654762,0.01240442,0.35045418,-0.0006217526,0.038211245,0.0007908538,0.0007908538
148,0.24014945,0.27589875,0.18408258,0.06263804,0.065375924,0.0070334557,0.1490751,0.2423539,0.10578431,0.049257226,0.06863821,0.02016323,0.0816145,0.21125048,0.05847089,0.0401484,0.07160163,0.026584355,0.05254018,0.22378154,0.037287306,0.034224454,0.07556793,0.04677957,0.030074675,0.28384826,0.017128067,0.03404727,0.08064987,0.065907516,0.008801651,0.35169187,-0.0059911087,0.03736772,0.0007908538,0.0007908538
149,0.24045278,0.2763978,0.18438977,0.063411295,0.0650291,0.006368847,0.14925313,0.24260004,0.106014155,0.050141267,0.068545595,0.019980298,0.08172163,0.21138576,0.058588512,0.041130174,0.07172458,0.026672319,0.052527636,0.22395843,0.03723503,0.035339303,0.075942494,0.047019776,0.029821912,0.28424752,0.01672719,0.035427682,0.081348635,0.0661611,0.008178631,0.3524808,-0.0069080642,0.039182343,0.0007908538,0.0007908538
150,0.23933633,0.27576733,0.18367484,0.062181033,0.06745553,0.010395257,0.14877634,0.24188077,0.10555454,0.04824412,0.0703965,0.022447601,0.08145761,0.21112353,0.05820662,0.038842622,0.073117115,0.028125765,0.052348208,0.22411108,0.036938917,0.032651436,0.076843,0.047689427,0.029911678,0.28480905,0.016845522,0.03205897,0.08161929,0.06623527,0.008918035,0.35342818,-0.0057876697,0.03474824,0.0007908538,0.0007908538
151,0.24292547,0.27763054,0.18621215,0.06404811,0.06512783,0.0063346326,0.15082712,0.24418506,0.10748249,0.050733306,0.06880531,0.020311965,0.08295896,0.21280153,0.06004791,0.041724946,0.072118916,0.027076747,0.05386641,0.22527178,0.039036747,0.035986558,0.07649479,0.0473928,0.03149312,0.28565422,0.019226216,0.03622006,0.08209404,0.066408545,0.01061328,0.35419708,-0.0032416675,0.040230628,0.0007908538,0.0007908538
152,0.24228849,0.277554,0.18580009,0.06411776,0.06586882,0.007565818,0.15044282,0.24378195,0.10707541,0.050596714,0.069488734,0.021072745,0.0825896,0.21258649,0.05950658,0.0414971,0.07276308,0.027633509,0.053311545,0.2253567,0.03819526,0.035690278,0.07710632,0.047800105,0.030631615,0.28617087,0.017897146,0.035836697,0.082657695,0.06662418,0.009318377,0.35517573,-0.0051659932,0.03972531,0.0007908538,0.0007908538
153,0.24126899,0.27729836,0.18514515,0.06388075,0.066948935,0.009520962,0.14990117,0.24320275,0.1065931,0.050073132,0.0704015,0.02206908,0.08221045,0.21221165,0.05901108,0.04082682,0.073550135,0.028246615,0.05285521,0.22526164,0.03752289,0.03488488,0.077768914,0.048202332,0.029999128,0.2864541,0.016924823,0.034819786,0.0831614,0.06682125,0.008446267,0.35589823,-0.0064578652,0.03838582,0.0007908538,0.0007908538
154,0.24151139,0.2774583,0.18533699,0.064066686,0.06718801,0.009935864,0.15006702,0.24336894,0.10673034,0.05019971,0.0706726,0.022308351,0.082321554,0.2124096,0.059110556,0.040933102,0.073852815,0.028460097,0.052918434,0.22553232,0.03757924,0.034988906,0.0781152,0.048413146,0.029991075,0.28688124,0.016900342,0.034941956,0.083563946,0.06697773,0.0083706705,0.35653082,-0.0065626907,0.038547102,0.0007908538,0.0007908538
155,0.24228932,0.27766165,0.18582262,0.06455348,0.066950426,0.009431048,0.1504452,0.24377096,0.10692598,0.050755963,0.07059795,0.022169335,0.08242861,0.21286437,0.059122518,0.04154426,0.07391487,0.028520074,0.052841965,0.22607034,0.0374077,0.0356804,0.078335404,0.0485758,0.029684616,0.2875927,0.01642069,0.035799347,0.08398631,0.06714215,0.007741152,0.35738453,-0.0074914284,0.03967967,0.0007908538,0.0007908538
156,0.2429953,0.27780202,0.18633589,0.06440387,0.06763332,0.01038497,0.15093036,0.24416189,0.10731655,0.050410688,0.07116972,0.023020817,0.08277769,0.21337795,0.05948764,0.041089244,0.074397765,0.029139634,0.053222217,0.22667488,0.03790126,0.035128072,0.078725785,0.048922118,0.030265857,0.288303,0.017292665,0.03509893,0.08425725,0.06723143,0.008807276,0.35815245,-0.0058894483,0.038755473,0.0007908538,0.0007908538
157,0.24286605,0.2775163,0.18611573,0.06467627,0.06754327,0.010261073,0.15069103,0.24393563,0.10683943,0.050712004,0.0711658,0.023000747,0.08231003,0.2133721,0.0587355,0.04141732,0.07446611,0.02920665,0.05242847,0.2269216,0.036704283,0.035497393,0.07887639,0.049034636,0.028993072,0.28887108,0.015342761,0.03555674,0.08450916,0.06732918,0.0067598806,0.3589356,-0.008940976,0.039362438,0.0007908538,0.0007908538
158,0.24430604,0.27800593,0.1870864,0.064889744,0.06761187,0.010401384,0.15156357,0.24482723,0.107567824,0.050891906,0.0712807,0.02312618,0.08294789,0.2142293,0.059464693,0.041583933,0.07461678,0.029342115,0.053113215,0.22770958,0.03763265,0.035671573,0.07906738,0.049168374,0.029868394,0.2896299,0.016665744,0.03576714,0.08474657,0.06741993,0.008058924,0.35966334,-0.006988995,0.039640598,0.0007908538,0.0007908538
159,0.24463922,0.2779231,0.18725412,0.06455627,0.068445005,0.011734436,0.15176493,0.24497074,0.10759927,0.050304808,0.07192598,0.02389965,0.083022125,0.21459025,0.05944701,0.04085177,0.075105645,0.02980743,0.05314946,0.22824232,0.037630234,0.03480077,0.07938153,0.049394652,0.029977089,0.29033706,0.016821504,0.034670863,0.08482854,0.067446254,0.008412163,0.36045176,-0.0064493585,0.038196187,0.0007908538,0.0007908538
160,0.24587727,0.27823406,0.18794009,0.06514613,0.067548774,0.010087331,0.15225719,0.24555305,0.10773793,0.0511078,0.07126107,0.02316569,0.083042875,0.21521558,0.05926952,0.04178544,0.074618585,0.029454427,0.05287883,0.22893338,0.037159022,0.035883963,0.07907604,0.049221415,0.029390495,0.29115808,0.015912574,0.03602603,0.084737115,0.067380115,0.007343571,0.36132306,-0.008037897,0.039987717,0.0007908538,0.0007908538
161,0.24722704,0.27849245,0.18884861,0.06448427,0.06868765,0.011924577,0.1531703,0.24635874,0.10847931,0.050074615,0.072072744,0.024318272,0.083794154,0.21616873,0.06013156,0.040526778,0.07515124,0.03008319,0.053853735,0.22989874,0.038502045,0.034399424,0.079290085,0.049415585,0.030988013,0.2920729,0.018345855,0.034159373,0.0845304,0.067273155,0.010189934,0.3621235,-0.00376025,0.037523292,0.0007908538,0.0007908538
162,0.24589579,0.27741387,0.1877184,0.064110585,0.06954678,0.013456282,0.15220231,0.24528831,0.10717231,0.04946397,0.07273711,0.025065323,0.082677245,0.215682,0.058468428,0.039778084,0.075657584,0.030494738,0.05227465,0.22998494,0.03614214,0.03350927,0.07962432,0.049616363,0.02873667,0.29277235,0.014878066,0.033034127,0.084641166,0.06730865,0.006856732,0.36325243,-0.008748543,0.036035523,0.0007908538,0.0007908538
163,0.24895176,0.2789503,0.18989925,0.06552634,0.0679548,0.010780178,0.15399249,0.2472397,0.10888111,0.0513082,0.07170649,0.023678314,0.08404088,0.21712661,0.0601696,0.04190361,0.07508609,0.029865496,0.05371492,0.23099717,0.03816092,0.035972822,0.07956165,0.049528487,0.0303355,0.2935252,0.017313685,0.036123324,0.08522156,0.0675288,0.008764649,0.36395925,-0.005864308,0.040128205,0.0007908538,0.0007908538
164,0.24895206,0.27905598,0.18993218,0.066122115,0.06779852,0.010555611,0.15394208,0.24719374,0.10877191,0.051972337,0.071747504,0.023687692,0.08386497,0.21714447,0.0598599,0.042634394,0.07529813,0.030018289,0.053304758,0.23119853,0.037516836,0.036801577,0.07997612,0.04976611,0.029527634,0.29408368,0.016062388,0.037154526,0.08589586,0.067745484,0.007325489,0.36499766,-0.007993629,0.041494258,0.0007908538,0.0007908538
165,0.24771433,0.2782564,0.18908976,0.06497436,0.069933325,0.01401328,0.15332663,0.24634688,0.10808994,0.05021365,0.07332774,0.025831684,0.08338491,0.21683373,0.059153073,0.04051332,0.076422535,0.031236527,0.052810043,0.23136769,0.036758266,0.034301262,0.0805989,0.050231922,0.02918601,0.294698,0.015528275,0.0340031,0.085873574,0.06766987,0.007420811,0.36598113,-0.007835715,0.03731972,0.0007908538,0.0007908538
166,0.24902779,0.27884874,0.18978451,0.066197984,0.06825898,0.011238836,0.15377109,0.24705908,0.10818548,0.051877923,0.07215076,0.024112115,0.0833225,0.21741502,0.05888017,0.042459898,0.07564464,0.030309029,0.052327182,0.23193619,0.03598583,0.03656968,0.08024649,0.04990607,0.028035408,0.2954196,0.013754447,0.036852755,0.08603994,0.06772546,0.0051095905,0.36684808,-0.011285145,0.04109634,0.0007908538,0.0007908538
167,0.24987423,0.27900887,0.19041583,0.06515361,0.069916226,0.013863887,0.15448937,0.24763645,0.10885931,0.050306816,0.07330782,0.0256905,0.084064096,0.2181633,0.05979826,0.040568147,0.07637757,0.031122193,0.05343499,0.23271717,0.037550263,0.0343436,0.080498844,0.050094377,0.030005708,0.29615554,0.01677257,0.03404871,0.08566623,0.06750914,0.00875149,0.36758617,-0.005810246,0.037382517,0.0007908538,0.0007908538
168,0.25127053,0.27970707,0.19130574,0.06599939,0.068606146,0.011644314,0.15516222,0.24849024,0.1093862,0.051503994,0.07236311,0.024425743,0.08443129,0.21877682,0.06020114,0.041982323,0.07572642,0.030422565,0.053695284,0.2331558,0.0378935,0.035999835,0.08016044,0.049800754,0.030109363,0.29652697,0.0169267,0.03613519,0.08571228,0.06749517,0.008562607,0.36801136,-0.006089196,0.040151775,0.0007908538,0.0007908538
169,0.2481066,0.2783284,0.18907459,0.06534433,0.07029794,0.014574569,0.1532425,0.2464476,0.10743458,0.050407644,0.07370436,0.025886593,0.08278224,0.21738528,0.057984333,0.040644113,0.07679141,0.031246673,0.051610332,0.23252362,0.034848228,0.034411147,0.080936365,0.050243575,0.0272292,0.2967605,0.012506658,0.034126226,0.08612313,0.06762976,0.004368303,0.3690686,-0.012322484,0.03749089,0.0007908538,0.0007908538
170,0.24802138,0.27911606,0.189312,0.06619156,0.07052507,0.014988885,0.15338543,0.24665657,0.10793186,0.05125033,0.0741821,0.026187489,0.08313957,0.21733977,0.058572587,0.04154083,0.07749726,0.031688597,0.05201169,0.23247209,0.035439774,0.03541726,0.08192573,0.05083402,0.027497223,0.29698187,0.012923253,0.035378616,0.087480456,0.068145014,0.004463361,0.36990649,-0.012127463,0.03915506,0.0007908538,0.0007908538
171,0.25190672,0.28255272,0.1927424,0.06816912,0.06958697,0.013454817,0.15629783,0.24977867,0.11171538,0.053531934,0.073943645,0.025583452,0.086321115,0.21910523,0.06309837,0.044089872,0.07786472,0.031774044,0.056099646,0.23318565,0.04139765,0.038341407,0.083009765,0.051461488,0.03277478,0.29705015,0.020974735,0.039042633,0.08948972,0.06889829,0.011837468,0.3702692,-0.0011554953,0.044020437,0.0007908538,0.0007908538
172,0.24559513,0.28119385,0.1889624,0.06781128,0.072889194,0.01923115,0.15296715,0.24617413,0.10920941,0.05241759,0.07687995,0.029013166,0.084111854,0.21609654,0.060489807,0.04261615,0.08055093,0.03415909,0.05350722,0.23130776,0.03770617,0.036541644,0.08548551,0.053129226,0.029091556,0.2967442,0.015350627,0.03675049,0.091716826,0.06974273,0.006420281,0.3719178,-0.009131203,0.040985983,0.0007908538,0.0007908538
173,0.24325547,0.28188118,0.18797866,0.0689669,0.07371536,0.020779703,0.15192702,0.2451492,0.10896879,0.05347131,0.0780114,0.03022186,0.08372692,0.21483712,0.0602765,0.043707922,0.0819793,0.03537579,0.05301545,0.23035993,0.03705207,0.0377486,0.08729915,0.05434684,0.027996436,0.29658794,0.013690669,0.03824501,0.09403011,0.0706233,0.004381581,0.3730535,-0.012090229,0.04297226,0.0007908538,0.0007908538
174,0.24417414,0.28372028,0.1891942,0.07020696,0.07390638,0.02116921,0.15287648,0.24620067,0.11057059,0.0546991,0.07856507,0.030748848,0.08500074,0.2152614,0.062170606,0.045011513,0.082864426,0.03610499,0.05460817,0.23049864,0.03936394,0.03920931,0.08859603,0.0552198,0.029861772,0.29681042,0.016513485,0.040061522,0.09585548,0.0713296,0.00682848,0.37391236,-0.008447907,0.045387615,0.0007908538,0.0007908538
175,0.24395329,0.28400022,0.18919714,0.07061245,0.07437435,0.021927278,0.15284179,0.24617535,0.110662095,0.05500114,0.07911635,0.03129842,0.08502793,0.21524705,0.062214386,0.045288455,0.08349876,0.036625557,0.054549813,0.23064724,0.03925833,0.03949707,0.089342356,0.055716217,0.029599069,0.29730892,0.016110798,0.040411323,0.09674518,0.07167179,0.0063085933,0.37490118,-0.009190651,0.045854896,0.0007908538,0.0007908538
176,0.24342304,0.2835852,0.18874757,0.07048758,0.07485221,0.022695182,0.1524779,0.24579069,0.11014808,0.054743767,0.07950806,0.03164814,0.08459924,0.21513931,0.061552893,0.044957913,0.08381783,0.036820117,0.053925514,0.23084149,0.038315404,0.039097875,0.08957991,0.055816993,0.028703481,0.2978843,0.01474641,0.039904308,0.09687504,0.07169104,0.0050072023,0.37587872,-0.011088439,0.0451827,0.0007908538,0.0007908538
177,0.24825306,0.28618243,0.19233924,0.071624614,0.07377401,0.020827904,0.15559913,0.24908398,0.11343576,0.056101765,0.0788491,0.030791745,0.08742617,0.21752554,0.06529111,0.046482652,0.08350888,0.036488175,0.057417467,0.23228894,0.043306228,0.040852133,0.08967239,0.055856865,0.033349413,0.2985207,0.02178503,0.042104594,0.09747781,0.07191873,0.011711391,0.37619397,-0.0011850579,0.04810988,0.0007908538,0.0007908538
178,0.24269347,0.28502864,0.18909456,0.07157532,0.076451704,0.025341254,0.15265149,0.24590163,0.111226596,0.055508256,0.081318215,0.03387182,0.08535461,0.21489626,0.06281576,0.045631677,0.08585639,0.038843498,0.054845892,0.2307714,0.039648205,0.03977888,0.091941565,0.05757227,0.029610971,0.2985362,0.01611502,0.040723477,0.09965334,0.07279724,0.0061797015,0.37791485,-0.009276632,0.046279877,0.0007908538,0.0007908538
179,0.2431749,0.2866324,0.18994288,0.073183,0.07623794,0.024896752,0.1530964,0.24648379,0.11208948,0.057205137,0.08159599,0.034243293,0.085829526,0.21509711,0.06351668,0.047472455,0.08657159,0.039637104,0.055153746,0.23104082,0.04006628,0.041856993,0.09317862,0.058527205,0.029500782,0.29928678,0.015940027,0.043312147,0.10153956,0.07352544,0.005542379,0.37940493,-0.010178544,0.04972313,0.0007908538,0.0007908538
180,0.24211705,0.28638095,0.18945593,0.07245752,0.07852975,0.028554011,0.15276073,0.24593897,0.11188896,0.055805102,0.08341355,0.03656354,0.08573337,0.21496962,0.06336523,0.04571093,0.08797827,0.04110715,0.055135146,0.2313966,0.039993834,0.03975475,0.09410801,0.05924328,0.029772382,0.3001728,0.016339922,0.04065571,0.10183154,0.073582344,0.0065521523,0.38081968,-0.008670742,0.04619773,0.0007908538,0.0007908538
181,0.24462254,0.28787276,0.1909114,0.07426779,0.076103486,0.02454306,0.1537263,0.24736084,0.112393856,0.058193658,0.08170335,0.03419948,0.085937515,0.21601333,0.06337826,0.04848344,0.08686486,0.039844256,0.05479265,0.2322918,0.03940382,0.042974837,0.09365512,0.05883567,0.028556831,0.3012221,0.01449578,0.04470239,0.10218115,0.07371937,0.0038739052,0.38210157,-0.012575151,0.051588204,0.0007908538,0.0007908538
182,0.24299352,0.2866468,0.18974675,0.07226398,0.07877688,0.028944205,0.15306988,0.24643336,0.11170422,0.05537942,0.08346887,0.036286406,0.08567922,0.2157213,0.063002825,0.0451644,0.087827854,0.040649537,0.05489343,0.23242941,0.03951546,0.039099153,0.09367005,0.058724944,0.02948844,0.30164722,0.015894765,0.039821245,0.10096886,0.07313513,0.006321895,0.38303834,-0.008964149,0.045084536,0.0007908538,0.0007908538
183,0.24779363,0.28959987,0.19295932,0.074590996,0.07546583,0.023509597,0.15560436,0.24954773,0.114077926,0.058521688,0.081124686,0.03302985,0.08753399,0.21773714,0.065344736,0.048838,0.08629719,0.038851418,0.056767873,0.23354341,0.042155556,0.04338391,0.0930516,0.05811074,0.031313155,0.30219978,0.01864975,0.045219187,0.10148085,0.073315226,0.008022175,0.38356155,-0.00645115,0.05228616,0.0007908538,0.0007908538
184,0.24089992,0.28645617,0.18842818,0.072579995,0.07968593,0.030323071,0.15183058,0.24526513,0.11055454,0.055477396,0.084364295,0.037054848,0.08459305,0.21486862,0.061531637,0.04518075,0.088717245,0.041283023,0.053334665,0.2322702,0.037225872,0.039070442,0.09455156,0.059236288,0.02708587,0.30254957,0.012263096,0.039767902,0.101808645,0.07338117,0.0026448795,0.3852477,-0.0142843025,0.04501874,0.0007908538,0.0007908538
185,0.24645203,0.29066172,0.19281596,0.0754936,0.07734582,0.026268173,0.15525621,0.24916479,0.11441187,0.058965888,0.08309837,0.035397593,0.08759678,0.2173309,0.06557358,0.049124174,0.08838728,0.040941488,0.05668207,0.23367019,0.042013865,0.04361385,0.09531429,0.059783693,0.030841585,0.30336267,0.017943703,0.045480143,0.103938065,0.074208625,0.007254575,0.38607186,-0.0074958764,0.052655265,0.0007908538,0.0007908538
186,0.2441803,0.29010323,0.1914098,0.075443745,0.078348,0.028050689,0.15400389,0.24792211,0.11332714,0.0587001,0.08399788,0.03637255,0.086633064,0.21642864,0.064340256,0.048756223,0.08921092,0.04158328,0.055457413,0.23333919,0.040250767,0.04315618,0.09606077,0.060195576,0.029098652,0.30383202,0.015320539,0.04489314,0.10457948,0.07436637,0.0047050673,0.38753298,-0.011187798,0.05187317,0.0007908538,0.0007908538
187,0.24253277,0.28950614,0.19042684,0.07463993,0.07977473,0.03041365,0.15325066,0.24705869,0.112753086,0.057514083,0.08503712,0.037684124,0.08624614,0.215882,0.0638913,0.04734338,0.08991471,0.04222458,0.055214267,0.23314182,0.039910525,0.041498005,0.096375324,0.060301054,0.029149966,0.30402747,0.015409408,0.042799633,0.10439378,0.07414257,0.0053102723,0.388421,-0.010267116,0.04907749,0.0007908538,0.0007908538
188,0.24323963,0.28989637,0.1908074,0.075267345,0.0790649,0.029234007,0.15347722,0.24744628,0.11277586,0.05831143,0.08456798,0.037006937,0.086176045,0.2162426,0.06367761,0.04825792,0.0896498,0.04188117,0.054885145,0.23357542,0.03939101,0.042555436,0.096340254,0.060197603,0.02844189,0.30468953,0.014343254,0.04412994,0.104638994,0.0741802,0.0039964896,0.38940245,-0.012166922,0.050859783,0.0007908538,0.0007908538
189,0.24636234,0.291736,0.1931844,0.07596374,0.07868871,0.02864568,0.1555852,0.24968682,0.115096375,0.05904247,0.08441802,0.03671285,0.088204786,0.21783407,0.06640413,0.049047895,0.08969333,0.04181895,0.057447366,0.2345091,0.043062434,0.043454442,0.09661134,0.06033392,0.031886037,0.30509996,0.019550657,0.045259684,0.105195805,0.074378416,0.009026562,0.38977236,-0.004777764,0.052375287,0.0007908538,0.0007908538
190,0.24106234,0.28959945,0.18963145,0.07499575,0.08121874,0.032877956,0.15264562,0.24655789,0.11240112,0.05754233,0.08645676,0.03884809,0.08593053,0.21558069,0.0634964,0.047229547,0.09133464,0.04312095,0.05469442,0.23339672,0.039124127,0.04129496,0.09781771,0.06108397,0.028174555,0.30533764,0.013953965,0.042519625,0.10585093,0.07460342,0.0037849569,0.39140952,-0.012402299,0.048711754,0.0007908538,0.0007908538
191,0.24412806,0.2918801,0.19190523,0.07643161,0.080012105,0.030930415,0.15453912,0.24879815,0.11443529,0.059228696,0.0857628,0.03753509,0.08763089,0.21703568,0.06573345,0.049127996,0.09108393,0.042462435,0.05661823,0.2342603,0.041837636,0.043479703,0.09807917,0.061056696,0.030342627,0.3059706,0.017212395,0.04526677,0.106743045,0.07491979,0.0064366534,0.39244807,-0.008491585,0.052394323,0.0007908538,0.0007908538
192,0.24354292,0.29185456,0.1914865,0.07632369,0.08011506,0.03128405,0.15423341,0.24857204,0.114160076,0.05908208,0.085807204,0.03733415,0.08747939,0.21682778,0.06552864,0.048960883,0.091072425,0.04212496,0.056490827,0.23415963,0.041626267,0.04328528,0.097993396,0.060749225,0.030202348,0.30615714,0.016988924,0.04501885,0.10655146,0.074731074,0.0062492047,0.39341933,-0.008728933,0.052059628,0.0007908538,0.0007908538
193,0.24146084,0.2907784,0.18992592,0.07583074,0.08074153,0.032476276,0.1529425,0.24726471,0.11276797,0.05845615,0.08622795,0.037711494,0.08633708,0.2159675,0.06397722,0.04823967,0.091314144,0.04217297,0.05508279,0.23381484,0.039586518,0.042444866,0.09802279,0.06062592,0.028349604,0.30642295,0.014197703,0.043956336,0.10630598,0.07455896,0.00363073,0.39443344,-0.01252504,0.050635085,0.0007908538,0.0007908538
194,0.2424605,0.29154727,0.19076982,0.0762119,0.08057958,0.032232102,0.15362789,0.24800453,0.11356299,0.05885851,0.08618606,0.037684888,0.0870015,0.2164808,0.06486673,0.048676692,0.09137704,0.042219885,0.055896044,0.23416094,0.04073939,0.04294118,0.098208435,0.06071305,0.029408125,0.3067193,0.015792593,0.04457913,0.106642134,0.074639544,0.0051494613,0.39496133,-0.010287026,0.051472694,0.0007908538,0.0007908538
195,0.24268587,0.29163778,0.19092947,0.07633745,0.08061495,0.03229032,0.15373279,0.24812834,0.11359077,0.058956623,0.08624462,0.037790168,0.087003894,0.21667662,0.06480757,0.048767805,0.09145313,0.0423056,0.055823408,0.23445973,0.040606853,0.043037005,0.09830195,0.060754757,0.029275248,0.30718774,0.015595198,0.044696786,0.10675118,0.07463779,0.0049622753,0.3956665,-0.0105402935,0.051632226,0.0007908538,0.0007908538
196,0.24109426,0.29048783,0.18957442,0.07564308,0.08101722,0.032993596,0.1525983,0.24696122,0.112144895,0.058138758,0.08637489,0.037987974,0.085817,0.2160461,0.063105725,0.04784766,0.09133054,0.04216762,0.05434107,0.23434982,0.03843878,0.04197789,0.09786263,0.060341753,0.027466664,0.3075877,0.012872493,0.043362904,0.1058938,0.07418089,0.0025927364,0.39660576,-0.013965044,0.049842108,0.0007908538,0.0007908538
197,0.2446206,0.29245505,0.19218464,0.07614726,0.08031438,0.03184969,0.15486753,0.24937321,0.114517756,0.058700833,0.08583878,0.037429333,0.087913826,0.21781082,0.06586356,0.04847616,0.090921275,0.041798905,0.057034988,0.23541728,0.042269193,0.042706423,0.09758461,0.060072824,0.031272266,0.30806345,0.018597707,0.044283528,0.10576772,0.07403293,0.008330794,0.39713365,-0.0055813165,0.051080287,0.0007908538,0.0007908538
198,0.2437194,0.29223412,0.19153827,0.076214924,0.080219105,0.031779163,0.15427557,0.2488298,0.1139052,0.058817033,0.085773095,0.03724398,0.087368615,0.2173816,0.06511501,0.04862006,0.09088268,0.041626558,0.056298673,0.23524144,0.0411862,0.042874448,0.09757437,0.059937574,0.030191962,0.3083219,0.016963392,0.044494115,0.105786696,0.073949724,0.0066646626,0.3981341,-0.0079869265,0.051364176,0.0007908538,0.0007908538
199,0.23971309,0.29059705,0.18870726,0.07541841,0.08125022,0.033623006,0.15191597,0.24644098,0.11165731,0.057859484,0.0864963,0.037830062,0.08550664,0.21553281,0.06273432,0.047535516,0.09134971,0.04175027,0.054110304,0.23412855,0.038070507,0.041616403,0.097748764,0.05984319,0.027305828,0.30813575,0.01263661,0.04290398,0.10559052,0.073776305,0.0025472543,0.39922348,-0.013915271,0.04922759,0.0007908538,0.0007908538
200,0.24260043,0.29285532,0.19079708,0.07683208,0.079440944,0.030657092,0.15362449,0.24855739,0.1135236,0.05971247,0.085262775,0.03590408,0.08704859,0.21677369,0.06480251,0.04969337,0.09061622,0.04066475,0.05588297,0.23469618,0.04058934,0.044131763,0.09759119,0.059521362,0.029291796,0.30839753,0.015614196,0.046081595,0.1061516,0.07395593,0.0048710234,0.39996243,-0.010507774,0.053505126,0.0007908538,0.0007908538
201,0.2409562,0.29189345,0.18970565,0.07572319,0.08116542,0.03348199,0.1529118,0.24766783,0.11289885,0.058138143,0.08648432,0.037274804,0.08669257,0.21629478,0.06435566,0.047828715,0.09139637,0.041286252,0.055689536,0.23457916,0.040301986,0.041947436,0.09785684,0.059610832,0.02942999,0.30864048,0.015818002,0.043319125,0.1057623,0.07372951,0.0056199324,0.4007962,-0.009399715,0.049787194,0.0007908538,0.0007908538
202,0.24323182,0.29321396,0.1911484,0.07677455,0.07958624,0.030843627,0.15403606,0.24906375,0.113826714,0.059548236,0.08533702,0.035646815,0.087406054,0.21726322,0.06518168,0.049477633,0.09061477,0.04034429,0.056314062,0.23520921,0.041145217,0.043871928,0.09748518,0.059239626,0.029910859,0.30911607,0.016533725,0.0457507,0.10589357,0.073761806,0.005857186,0.40138236,-0.009038435,0.05306206,0.0007908538,0.0007908538
203,0.24020648,0.2912231,0.18901324,0.07533511,0.081738025,0.03423628,0.15235724,0.24708156,0.112050936,0.057558004,0.0868567,0.037560742,0.086004965,0.21614662,0.06327956,0.04713027,0.09158263,0.041333657,0.05473273,0.23489188,0.038861297,0.041122597,0.09781294,0.05947308,0.028180504,0.3094971,0.013940884,0.04227174,0.10541097,0.073513836,0.0039485376,0.40227124,-0.011783594,0.04837642,0.0007908538,0.0007908538
204,0.24492855,0.2938743,0.19208394,0.07720731,0.079035476,0.02980155,0.15483388,0.2500534,0.11421604,0.060000297,0.08490166,0.034832697,0.08774189,0.21825708,0.06538432,0.049970448,0.09025644,0.039794173,0.056466494,0.23623262,0.04126382,0.044435922,0.097188,0.058916416,0.029941585,0.31031114,0.016573925,0.046461675,0.105642416,0.07362113,0.00577582,0.40287933,-0.009122664,0.05402335,0.0007908538,0.0007908538
205,0.24359007,0.2928122,0.1909273,0.07594038,0.080693275,0.032379493,0.15404637,0.24919704,0.11312546,0.05817239,0.085940376,0.035903644,0.08699301,0.21802703,0.064237036,0.04780081,0.09072409,0.040103313,0.05563431,0.23653811,0.040009078,0.04189307,0.0969574,0.058659364,0.029233132,0.31106165,0.015507179,0.04324129,0.10449093,0.073096626,0.005377186,0.4039952,-0.009676633,0.049682982,0.0007908538,0.0007908538
206,0.24591666,0.2940375,0.19237997,0.07656296,0.08003578,0.031196874,0.15519089,0.25058714,0.11389248,0.05879614,0.085429,0.03517988,0.08760809,0.21929419,0.06481726,0.04847519,0.09030291,0.039649647,0.056123145,0.23772801,0.0406197,0.0426656,0.09659151,0.058352474,0.0297637,0.312259,0.016303206,0.04421872,0.10413486,0.07289146,0.006110258,0.40520406,-0.008591045,0.051006757,0.0007908538,0.0007908538
207,0.24921265,0.29626995,0.19465043,0.077760205,0.07849902,0.028666617,0.15696076,0.2527181,0.11551363,0.060242716,0.08429589,0.033707906,0.08892437,0.22081843,0.06642986,0.050127987,0.089489035,0.038734782,0.057545327,0.23878121,0.042594977,0.044583954,0.096102595,0.057825547,0.03149996,0.31305072,0.018902583,0.04664082,0.103999995,0.07267488,0.008431127,0.40621063,-0.005235572,0.05426753,0.0007908538,0.0007908538
208,0.2414478,0.29362822,0.18977988,0.07566651,0.08298472,0.035927217,0.15286796,0.24823569,0.11205765,0.05705997,0.08770927,0.037886057,0.086063966,0.21748626,0.06288475,0.04629197,0.09197897,0.04110992,0.05442493,0.23700206,0.038159247,0.04004494,0.097526036,0.05870562,0.027903184,0.31300122,0.013519357,0.04087338,0.10403762,0.07244527,0.004222324,0.40819317,-0.011240046,0.046505634,0.0007908538,0.0007908538
209,0.24591383,0.29761168,0.19322631,0.07863492,0.080381624,0.031698022,0.15536638,0.25132605,0.1147599,0.060605653,0.08615966,0.035826508,0.08803672,0.21937019,0.065457314,0.050312143,0.09133701,0.040388748,0.056338172,0.23817953,0.04084088,0.044686962,0.09790622,0.058902867,0.029631723,0.31400782,0.016105423,0.046728425,0.10563627,0.07298146,0.0058190203,0.40958312,-0.008894246,0.054397747,0.0007908538,0.0007908538
210,0.2415421,0.29537502,0.19043249,0.076778,0.08406359,0.037517425,0.15318558,0.24875174,0.11273567,0.0577792,0.08891101,0.039224822,0.08645409,0.2178767,0.06338365,0.046903946,0.09327271,0.042347506,0.05464401,0.23779641,0.03839884,0.040661573,0.09889946,0.05963852,0.027923265,0.31466132,0.013548645,0.041617945,0.105431944,0.072809465,0.0042754603,0.41106942,-0.011092652,0.0475063,0.0007908538,0.0007908538
211,0.24459147,0.2977439,0.19242114,0.07887077,0.08157304,0.033540446,0.1546322,0.25073627,0.11403667,0.060467407,0.08724312,0.03679267,0.08734713,0.21908827,0.06446001,0.050016057,0.092316985,0.04113798,0.055249862,0.2385406,0.03922016,0.044284914,0.09874624,0.059435602,0.027946515,0.3153134,0.013586138,0.046204787,0.10624356,0.07315025,0.0033792155,0.41189468,-0.0123693915,0.053703256,0.0007908538,0.0007908538
212,0.2438874,0.29726416,0.19180979,0.07822959,0.08234105,0.03472011,0.15420309,0.2503127,0.113439165,0.05955079,0.087691866,0.037260246,0.086926535,0.21898925,0.06381322,0.04893194,0.09246569,0.04121608,0.054782003,0.23874633,0.038513873,0.043015357,0.09852381,0.059196707,0.027567746,0.31581157,0.013021378,0.044594947,0.10553232,0.07278742,0.0031996465,0.41276193,-0.012602781,0.05152857,0.0007908538,0.0007908538
213,0.245176,0.29797944,0.19277841,0.078071624,0.08273751,0.03540396,0.15513094,0.25129563,0.11439591,0.05917485,0.087947026,0.037569772,0.08785439,0.21983923,0.06501336,0.04845281,0.09257841,0.04128385,0.056053936,0.23941217,0.040311802,0.042446,0.09845271,0.05907108,0.029540407,0.3163238,0.015984103,0.043874107,0.10520984,0.07257835,0.006414387,0.41343537,-0.007928012,0.05056042,0.0007908538,0.0007908538
214,0.24629621,0.29864407,0.19322239,0.07846211,0.0817435,0.033976067,0.15556242,0.25205758,0.11455776,0.05974526,0.08710898,0.036127143,0.08804615,0.22039148,0.065156244,0.04914226,0.091854244,0.040184896,0.056161616,0.23980182,0.040426843,0.04326423,0.09782736,0.05841704,0.029516153,0.316695,0.015949022,0.044915427,0.104675785,0.07234252,0.0061416794,0.41409153,-0.008299524,0.051967904,0.0007908538,0.0007908538
215,0.24284087,0.29647803,0.19054507,0.07683819,0.0836438,0.037195936,0.15354279,0.24992976,0.11231522,0.057610862,0.088309914,0.037313655,0.086340874,0.21913184,0.06282565,0.046659857,0.0924271,0.040452782,0.054230917,0.2393476,0.03763428,0.04036852,0.09765566,0.058114797,0.027318723,0.3169793,0.012655338,0.041246787,0.10355852,0.07183178,0.0034943668,0.41510364,-0.012100801,0.0470137,0.0007908538,0.0007908538
216,0.24558221,0.29832083,0.19240391,0.078233555,0.08195452,0.03458607,0.15497793,0.25171262,0.11364851,0.059380453,0.087161005,0.035739437,0.08737601,0.22034763,0.06411047,0.048705492,0.091740504,0.039609812,0.055240653,0.24014026,0.039041467,0.042752236,0.09748382,0.05787601,0.02827332,0.31759167,0.014090189,0.044267736,0.104001954,0.07195733,0.004395342,0.41586265,-0.010774183,0.051099986,0.0007908538,0.0007908538
217,0.24643576,0.29867524,0.19303636,0.07817202,0.08242372,0.035267223,0.15559463,0.25234103,0.11424076,0.05912904,0.08753787,0.03613474,0.0879378,0.2209706,0.06480716,0.048363037,0.09202835,0.039849102,0.05595563,0.24072309,0.0400411,0.042335216,0.09766259,0.057975616,0.029342333,0.3181667,0.015699483,0.04373615,0.104033485,0.0719373,0.006139931,0.41655147,-0.008230396,0.05038535,0.0007908538,0.0007908538
218,0.24584128,0.29830843,0.19251995,0.07818503,0.082611114,0.035501488,0.15516238,0.2519479,0.11366736,0.059101623,0.087709986,0.03615154,0.08742866,0.22079767,0.064056315,0.048313316,0.09218722,0.039872278,0.055197578,0.24083218,0.03892446,0.04226806,0.09780491,0.058029097,0.028190922,0.3186479,0.013975814,0.043648303,0.10414973,0.07198038,0.00437268,0.41739258,-0.0107644405,0.050269037,0.0007908538,0.0007908538
219,0.24600403,0.29836243,0.19262533,0.07826271,0.08274795,0.03559501,0.1552651,0.25206435,0.11372315,0.059134126,0.087853745,0.03621295,0.087468505,0.22096266,0.064066775,0.04832771,0.0923371,0.039956357,0.055185284,0.24107274,0.038886264,0.04227486,0.097962745,0.058116395,0.028124575,0.31902874,0.013879117,0.043654233,0.104315035,0.07203147,0.0042633926,0.41797277,-0.010905548,0.050278842,0.0007908538,0.0007908538
220,0.24683213,0.2987103,0.19307107,0.0787898,0.0821313,0.034524113,0.15558232,0.25251228,0.11383829,0.059809536,0.08744885,0.035573408,0.08750355,0.22138055,0.06400549,0.049106065,0.09211606,0.039638974,0.055016004,0.24151197,0.038607724,0.043179937,0.09795016,0.058064204,0.027646141,0.3196066,0.013168809,0.044801988,0.10455624,0.07212714,0.0033020256,0.4187297,-0.012272154,0.05183515,0.0007908538,0.0007908538
221,0.24687704,0.29835954,0.19307454,0.0781398,0.0831123,0.036111634,0.15576123,0.25262192,0.11395609,0.058842707,0.08811681,0.036351558,0.08774528,0.22170134,0.064284414,0.047947343,0.09250074,0.03995685,0.0554564,0.24191305,0.03922141,0.0418157,0.09800437,0.058062747,0.028530214,0.3200353,0.01450059,0.043068364,0.10419757,0.07196784,0.00497001,0.41928318,-0.009845678,0.04948887,0.0007908538,0.0007908538
222,0.2489532,0.29953325,0.19439222,0.07903178,0.081803024,0.03417078,0.15682827,0.25393915,0.11489801,0.060037736,0.08718323,0.035084106,0.08851123,0.22261617,0.06523709,0.049349565,0.09189031,0.039205424,0.056242205,0.24246591,0.040328935,0.043460183,0.097756006,0.057788264,0.029329153,0.32036987,0.015705612,0.04515903,0.10438871,0.072024934,0.0057824003,0.41966015,-0.008658772,0.05232225,0.0007908538,0.0007908538
223,0.24575733,0.29763806,0.19213744,0.07786134,0.08354992,0.03703204,0.15499827,0.25192338,0.112982586,0.05844831,0.08841516,0.036650214,0.08694403,0.22140011,0.06311946,0.047475807,0.092671245,0.039980944,0.054393776,0.2420537,0.037660163,0.041258518,0.09801843,0.057927806,0.02711499,0.32072115,0.012388819,0.042359956,0.10400458,0.071785904,0.0029981872,0.4206454,-0.012656941,0.04853356,0.0007908538,0.0007908538
224,0.2443927,0.29752856,0.19116472,0.07796281,0.08330406,0.036909163,0.15417768,0.25126892,0.11230564,0.058681965,0.08823726,0.036140513,0.08638157,0.22068864,0.062458593,0.047778614,0.09255871,0.039533664,0.053727888,0.24148165,0.03672657,0.04162197,0.097979344,0.057695903,0.02608837,0.3205284,0.010868326,0.042823687,0.10405084,0.07174748,0.0013164582,0.42132682,-0.015019626,0.049164597,0.0007908538,0.0007908538
225,0.24553466,0.29961026,0.19229375,0.07870498,0.08202159,0.035035133,0.15512879,0.25251287,0.11392429,0.05977853,0.0872973,0.034650702,0.087827176,0.22089025,0.06467503,0.049110197,0.09192216,0.038482394,0.05582098,0.24091129,0.039794393,0.04320248,0.09768533,0.057155274,0.028916147,0.31956804,0.015101013,0.04483759,0.10417236,0.07164678,0.005233858,0.421306,-0.009350205,0.05189342,0.0007908538,0.0007908538
226,0.24355933,0.29957432,0.19117221,0.07847559,0.08229054,0.035561167,0.15413815,0.25156966,0.11336244,0.05954697,0.08748114,0.034806333,0.087359585,0.21983786,0.06425037,0.04886612,0.09203766,0.038464643,0.055458277,0.23999256,0.03931855,0.042925134,0.097720474,0.057021517,0.028555037,0.3189893,0.014563703,0.044485867,0.10409947,0.07148241,0.004823019,0.42168152,-0.009903929,0.0514163,0.0007908538,0.0007908538
227,0.24259871,0.29944086,0.19043998,0.07846315,0.08219652,0.03557791,0.1534982,0.2510502,0.11271146,0.059566513,0.087375715,0.03454658,0.0867961,0.21939318,0.063499995,0.04890258,0.09191625,0.038198244,0.054730657,0.23976842,0.03827078,0.042972773,0.097566925,0.056794904,0.027534107,0.31913602,0.013050794,0.04454774,0.1038885,0.07132642,0.0033177533,0.4224654,-0.012023024,0.051500954,0.0007908538,0.0007908538
228,0.24052542,0.29864043,0.189244,0.07727924,0.08413483,0.03862589,0.15266271,0.25001702,0.112197146,0.05787922,0.08876658,0.036200207,0.086514115,0.21864441,0.06325175,0.046901044,0.092823766,0.03903084,0.054730907,0.23933548,0.038290977,0.040623523,0.09791389,0.056969877,0.028016202,0.31903797,0.013770704,0.041567013,0.10352852,0.07109037,0.004640331,0.4230555,-0.01010108,0.04746501,0.0007908538,0.0007908538
229,0.24578375,0.30273244,0.19310652,0.08029201,0.08062377,0.032917224,0.1555639,0.25351596,0.115303256,0.061775744,0.08646373,0.033172835,0.0888786,0.22071578,0.06639571,0.051420934,0.09158721,0.037644424,0.057230126,0.24033616,0.04183457,0.045888774,0.097900845,0.05682238,0.030545522,0.31947297,0.017525014,0.048237972,0.10501119,0.07158449,0.0072492985,0.42373833,-0.0063528074,0.056511365,0.0007908538,0.0007908538
230,0.23882262,0.2999622,0.18881272,0.07827566,0.084687166,0.039296042,0.15200375,0.24960604,0.11234109,0.058847897,0.08958396,0.037013546,0.08643468,0.21789014,0.06340756,0.04791969,0.09389931,0.03992261,0.054629695,0.23889296,0.0381832,0.041762024,0.099299714,0.05775651,0.027618468,0.31954932,0.013206688,0.04299693,0.10527044,0.07149997,0.0039026828,0.42551962,-0.011054528,0.04941077,0.0007908538,0.0007908538
231,0.23785995,0.30141056,0.18850832,0.07903548,0.08377983,0.038137823,0.15161468,0.2496096,0.11262863,0.059925698,0.088993095,0.03598249,0.086639374,0.21718577,0.063979864,0.049207915,0.0935987,0.039220043,0.05506074,0.23796546,0.038872886,0.043276038,0.099331245,0.057441242,0.028052991,0.31892964,0.013878403,0.04491967,0.105694845,0.071464375,0.004265003,0.42646062,-0.010475712,0.052026678,0.0007908538,0.0007908538
232,0.23991178,0.30362684,0.1903177,0.079744294,0.083010904,0.036989935,0.15315972,0.2513851,0.114716426,0.06079288,0.088484734,0.035222173,0.08847834,0.21806301,0.06659253,0.05021167,0.09332002,0.03873865,0.057544127,0.23812023,0.042413753,0.044447258,0.09931435,0.05723054,0.031416137,0.31867483,0.01882128,0.04640467,0.10599156,0.07144855,0.009034883,0.42686749,-0.003698462,0.05404391,0.0007908538,0.0007908538
233,0.23716833,0.30287886,0.18849535,0.07968537,0.08340852,0.037702583,0.15156169,0.24983145,0.113311216,0.060753092,0.088864274,0.0354111,0.08722775,0.21672799,0.06503085,0.05016673,0.093699984,0.038843352,0.055983983,0.23729911,0.04021338,0.04438831,0.09970373,0.05734374,0.029172285,0.3186537,0.015523329,0.046325807,0.106389515,0.07152912,0.005675931,0.4280281,-0.008405317,0.053938583,0.0007908538,0.0007908538
234,0.23490137,0.3019824,0.18680975,0.079371534,0.08367801,0.03817923,0.15012826,0.24845488,0.11185551,0.06044206,0.08902768,0.035362963,0.08598515,0.21565263,0.063405596,0.049830437,0.09377216,0.0386618,0.05444278,0.23669627,0.03803053,0.04400289,0.09966583,0.057145342,0.027069794,0.31869015,0.012439186,0.045838106,0.10620793,0.07138242,0.002633806,0.4289559,-0.012670252,0.05327691,0.0007908538,0.0007908538
235,0.23689653,0.30340886,0.1882126,0.07982631,0.08292396,0.037100486,0.15141533,0.24996118,0.113253646,0.061013184,0.08844149,0.03438395,0.08727255,0.21662134,0.06511759,0.050498426,0.09332385,0.03792243,0.05610043,0.23715514,0.040354256,0.044785615,0.09936572,0.05672891,0.02927682,0.3188198,0.01567004,0.046830222,0.106081374,0.0712684,0.00570825,0.42942208,-0.008305024,0.05462504,0.0007908538,0.0007908538
236,0.23670462,0.30346882,0.18809374,0.07953803,0.08352616,0.03818659,0.15152441,0.2501279,0.113498665,0.060552828,0.08889601,0.034571994,0.08762456,0.21672875,0.06562479,0.049941383,0.09364693,0.03788065,0.05667848,0.2372246,0.04116259,0.044129416,0.09953592,0.056670766,0.03014946,0.31898603,0.016943987,0.045997754,0.10605816,0.07123157,0.0070644473,0.4301389,-0.006368915,0.053494163,0.0007908538,0.0007908538
237,0.23532408,0.30259907,0.18693268,0.07925117,0.083886236,0.038758937,0.1505985,0.2492196,0.112374246,0.060193542,0.08913796,0.034562487,0.086692,0.21619022,0.06431087,0.049523667,0.09378235,0.037739348,0.05544341,0.2371255,0.03938205,0.043640714,0.09954316,0.056528717,0.02843302,0.3194374,0.0144287925,0.045377694,0.10590054,0.07113538,0.0045821783,0.43122193,-0.009844825,0.052653786,0.0007908538,0.0007908538
238,0.23514232,0.3023196,0.18677326,0.07905218,0.084175214,0.0390304,0.15043317,0.24901257,0.11205542,0.059894767,0.08932683,0.03482087,0.08642,0.2162191,0.06385669,0.049163744,0.09387615,0.037849434,0.055060085,0.2373992,0.038798563,0.04321623,0.09951975,0.056457054,0.027995583,0.32000014,0.013785714,0.044838674,0.10572488,0.07098316,0.0040988727,0.43216443,-0.010506253,0.05192348,0.0007908538,0.0007908538
239,0.23917268,0.30480826,0.18960829,0.08064582,0.08226442,0.03598576,0.15271448,0.25160676,0.11429641,0.06188417,0.08802243,0.033122208,0.08824449,0.21802767,0.06617854,0.051451877,0.09310276,0.03699012,0.05706415,0.238481,0.041587498,0.045870855,0.09935466,0.056276742,0.030281318,0.32056746,0.017133778,0.04819474,0.106301956,0.07120071,0.0068790396,0.4326311,-0.006568176,0.056485485,0.0007908538,0.0007908538
240,0.2368099,0.30352494,0.1880962,0.07941383,0.08440535,0.039420787,0.15165488,0.25038388,0.11339734,0.060103957,0.089601524,0.034917057,0.08764139,0.21730748,0.0654384,0.049332723,0.0941841,0.037917037,0.056582578,0.23826556,0.04090652,0.043384884,0.099860094,0.056552626,0.030036548,0.32087272,0.016776802,0.045044284,0.10608797,0.07104866,0.0070770634,0.4336119,-0.0062646796,0.05220566,0.0007908538,0.0007908538
241,0.23318532,0.30277503,0.18576837,0.07943869,0.08508975,0.040894583,0.14969079,0.24855347,0.11188105,0.060132496,0.09028751,0.035274845,0.08632115,0.21559042,0.06391241,0.049348053,0.09489909,0.038100958,0.0550292,0.23706594,0.038760442,0.043386955,0.10062632,0.0568013,0.027761204,0.32058415,0.013458798,0.045040485,0.10691391,0.071258016,0.0036233354,0.43479204,-0.011070782,0.05220431,0.0007908538,0.0007908538
242,0.23390669,0.30448267,0.1864582,0.08077252,0.0836814,0.039001808,0.15018713,0.24942032,0.11275381,0.06187692,0.08940971,0.033753436,0.08699736,0.21574286,0.064933494,0.051373705,0.09450862,0.037205707,0.055782717,0.23685241,0.039830435,0.04573839,0.1008107,0.056606755,0.028326448,0.32047412,0.014283684,0.048011187,0.10780424,0.0714908,0.0038561667,0.43567917,-0.010688265,0.056247454,0.0007908538,0.0007908538
243,0.23652335,0.30659994,0.18858865,0.08108701,0.08325584,0.03845413,0.15215085,0.25156394,0.11515924,0.062202934,0.08907685,0.03318951,0.08922676,0.21705955,0.06798991,0.051747717,0.09424971,0.036656663,0.05883621,0.23735417,0.04411634,0.04617762,0.10062986,0.056161147,0.03264132,0.32038063,0.020540554,0.048569243,0.10771252,0.071239434,0.010150458,0.43614617,-0.0018441051,0.057005454,0.0007908538,0.0007908538
244,0.22634205,0.30257583,0.18192624,0.07909308,0.08672309,0.04419536,0.14648873,0.24568667,0.11027215,0.05973048,0.091780074,0.036357034,0.085032515,0.21232978,0.06291213,0.048873436,0.09631832,0.038496464,0.05410569,0.23436317,0.03760291,0.042819444,0.10198815,0.056976967,0.026661128,0.31948128,0.011877317,0.044314697,0.108190715,0.071276374,0.0021404712,0.43773606,-0.012996254,0.051213555,0.0007908538,0.0007908538
245,0.23260942,0.3090663,0.18761829,0.083035976,0.08421503,0.04014723,0.15075691,0.25063664,0.11577629,0.06426599,0.09063431,0.035044696,0.08936006,0.21510428,0.068912804,0.053946592,0.0964337,0.038713943,0.059187114,0.23556653,0.044750147,0.04862751,0.103612475,0.058192912,0.032523565,0.3198822,0.02036474,0.051626187,0.1116657,0.07257322,0.009440501,0.4386191,-0.0027585952,0.061177198,0.0007908538,0.0007908538
246,0.22741193,0.3081833,0.18510047,0.0827393,0.08724287,0.044755906,0.1483563,0.24806389,0.11443027,0.063431405,0.09338548,0.03868605,0.08800296,0.21289015,0.06751906,0.052803658,0.098989576,0.041614275,0.057707556,0.23432277,0.042761452,0.04721596,0.105976745,0.060151823,0.030599987,0.31999698,0.01759024,0.049816433,0.11377474,0.07336456,0.007030718,0.44024935,-0.0060917353,0.058717553,0.0007908538,0.0007908538
247,0.22965184,0.31041706,0.18695918,0.084215,0.08615221,0.042865243,0.14965549,0.2496262,0.11589939,0.06510584,0.092777595,0.037981834,0.08906122,0.21384625,0.06888307,0.054667912,0.09881805,0.041553088,0.058738902,0.2349472,0.04416313,0.049344454,0.106315024,0.060437348,0.031575464,0.3205942,0.018995093,0.0524912,0.11472007,0.073682554,0.008049484,0.4411666,-0.0046381,0.062363364,0.0007908538,0.0007908538
248,0.22552748,0.30890363,0.18431188,0.08354104,0.087987475,0.045717213,0.14739856,0.24728993,0.11389437,0.06409434,0.09427185,0.039670568,0.087301254,0.21210809,0.06667653,0.053433016,0.100018516,0.0426857,0.05662847,0.23414283,0.04122395,0.047877595,0.107169196,0.06103324,0.028853955,0.3209296,0.015059989,0.05062574,0.11512106,0.07375899,0.00445758,0.44269967,-0.009631315,0.05982347,0.0007908538,0.0007908538
249,0.22969633,0.3117619,0.18738809,0.0851134,0.08680945,0.0437807,0.14992227,0.25013188,0.1164692,0.065781236,0.09358109,0.038680326,0.08942285,0.21415442,0.069354385,0.055285957,0.099759035,0.042355213,0.05896249,0.23549832,0.04441223,0.049986895,0.107407816,0.061187897,0.03156519,0.32185915,0.01896983,0.053276803,0.11594796,0.074070685,0.007933118,0.4436336,-0.004738187,0.06344115,0.0007908538,0.0007908538
250,0.22486614,0.3095508,0.18430488,0.084168635,0.089401156,0.0478511,0.14733621,0.24736847,0.11411248,0.06432959,0.09570439,0.04119536,0.08736381,0.21229365,0.0667419,0.053507,0.10148012,0.04408055,0.056473717,0.23483005,0.04094764,0.04787443,0.10866369,0.062165864,0.028372793,0.32251525,0.0143604865,0.050591953,0.11661235,0.074303515,0.003765882,0.44534284,-0.010552269,0.059780665,0.0007908538,0.0007908538
