Epoch,Layer0_theta_1,Layer0_r,Layer0_theta_2,Layer0_bx,Layer0_bp,Layer0_gamma,Layer1_theta_1,Layer1_r,Layer1_theta_2,Layer1_bx,Layer1_bp,Layer1_gamma,Layer2_theta_1,Layer2_r,Layer2_theta_2,Layer2_bx,Layer2_bp,Layer2_gamma,Layer3_theta_1,Layer3_r,Layer3_theta_2,Layer3_bx,Layer3_bp,Layer3_gamma,Layer4_theta_1,Layer4_r,Layer4_theta_2,Layer4_bx,Layer4_bp,Layer4_gamma,Layer5_theta_1,Layer5_r,Layer5_theta_2,Layer5_bx,Layer5_bp,Layer5_gamma
1,0.076503575,0.080114484,0.07625571,0.07447362,-0.06775321,-0.07220894,0.07507348,0.080329105,0.07474961,0.07524271,-0.067879856,-0.071554966,0.07399132,0.07997989,0.07360145,0.07572227,-0.067970164,-0.07004716,0.07271849,0.079935096,0.07236511,0.07599511,-0.06803124,-0.06770783,0.07200353,0.0801894,0.072004884,0.07612614,-0.0680665,-0.06540451,0.07163142,0.08019696,0.07163272,0.07616077,0.0007908538,0.0007908538
2,0.09333705,0.15542258,0.0889765,0.082897924,-0.036633935,-0.057582684,0.08063251,0.12620404,0.07547173,0.076128654,-0.037164632,-0.05622137,0.06935551,0.10492084,0.065588586,0.071157776,-0.037596,-0.051504683,0.061761826,0.10647809,0.058562197,0.06761543,-0.037840847,-0.044900786,0.057794563,0.12632942,0.05715201,0.06543468,-0.037984014,-0.030899053,0.056519587,0.15199137,0.056460634,0.0641054,0.0007908538,0.0007908538
3,0.1129483,0.20787646,0.099886425,0.079764485,-0.0102435155,-0.05118207,0.08661038,0.16170858,0.07595559,0.06884028,-0.01081094,-0.040471688,0.06682181,0.12430463,0.060608394,0.060770433,-0.011352349,-0.028711028,0.055708118,0.12640788,0.052327864,0.055115677,-0.011690231,-0.019057829,0.051274277,0.16006497,0.052809585,0.051954843,-0.01191215,0.0010728324,0.05148038,0.20124091,0.055743843,0.050389376,0.0007908538,0.0007908538
4,0.14037126,0.23735334,0.11939223,0.08194216,-0.0058435504,-0.066651426,0.10345697,0.19071943,0.08904731,0.07145149,-0.0059535475,-0.04539406,0.078434564,0.14626235,0.07157281,0.063103765,-0.006358455,-0.025143158,0.06625882,0.14758429,0.06442327,0.05722317,-0.0067457072,-0.010951327,0.063393004,0.18541093,0.06925182,0.054556362,-0.0070653143,0.013441253,0.06759306,0.22815941,0.07654621,0.0542575,0.0007908538,0.0007908538
5,0.13629983,0.25319895,0.11584012,0.0819085,0.008098144,-0.046716284,0.099658936,0.19452645,0.08451962,0.06797021,0.007656549,-0.031892594,0.074110016,0.14556326,0.065940455,0.057810407,0.00734971,-0.012292489,0.061121654,0.1480475,0.05772005,0.05073677,0.0073713707,0.001742328,0.057007354,0.19154094,0.06056277,0.04697252,0.0075553297,0.028185282,0.058923513,0.24313118,0.06200403,0.04542805,0.0007908538,0.0007908538
6,0.14233257,0.2593806,0.12033649,0.08477812,0.0042433394,-0.05820379,0.103209026,0.20064177,0.08752514,0.07156264,0.004388894,-0.039025787,0.076386355,0.15006645,0.0681844,0.061697163,0.0042422763,-0.016602563,0.06311115,0.15213735,0.060080953,0.05493748,0.0042225868,-0.0005337702,0.059332397,0.19628559,0.063855805,0.051918052,0.0044422443,0.027581174,0.061903585,0.24832386,0.065968625,0.051688645,0.0007908538,0.0007908538
7,0.13692667,0.2607009,0.11709145,0.08750057,0.0022582854,-0.06350246,0.099721394,0.19858629,0.08479696,0.073813535,0.0027701731,-0.043301374,0.07337303,0.14733714,0.065068625,0.063823834,0.0027288378,-0.019898599,0.059949346,0.14967483,0.05641889,0.057161007,0.0027091256,-0.0026855392,0.055688497,0.1950714,0.0591419,0.054507803,0.0029692403,0.026550077,0.057006102,0.25003088,0.058479313,0.0549394,0.0007908538,0.0007908538
8,0.1344898,0.2614868,0.11566533,0.089081585,0.0012703119,-0.06601214,0.09820591,0.1976825,0.08368129,0.07516695,0.0019917814,-0.045357242,0.07214162,0.14606519,0.06380329,0.06511204,0.0020301302,-0.021434076,0.05867536,0.14851426,0.05490992,0.05849538,0.0020439916,-0.0035856005,0.05418802,0.19453219,0.057146937,0.056036938,0.002380401,0.026323188,0.054899953,0.2509923,0.055237338,0.056836154,0.0007908538,0.0007908538
9,0.13459045,0.26189798,0.11593266,0.09001608,-7.763301e-06,-0.06882454,0.098339185,0.19800477,0.08394873,0.07624136,0.000872375,-0.047343593,0.07228375,0.14623646,0.064005665,0.06626368,0.00096261385,-0.022888968,0.058830272,0.14861244,0.05511327,0.059740968,0.0009815153,-0.0045595076,0.054377127,0.19467512,0.057408594,0.05747651,0.001352052,0.02573802,0.055080805,0.25133383,0.05546026,0.05860644,0.0007908538,0.0007908538
10,0.13463739,0.26285422,0.115851186,0.08976308,0.0011772736,-0.06642285,0.09814576,0.19790599,0.08357642,0.075739205,0.0019846088,-0.045910716,0.07192463,0.14596298,0.06344043,0.06564354,0.0020681717,-0.021821104,0.058317013,0.14851795,0.054351423,0.05902908,0.0021184897,-0.0036770224,0.053640917,0.19503388,0.056309704,0.056638487,0.0025171128,0.026627144,0.053994734,0.2523782,0.053782843,0.05758336,0.0007908538,0.0007908538
11,0.13664116,0.26319245,0.11723776,0.08974928,0.00078401074,-0.06706431,0.09932834,0.19877996,0.08447673,0.075971596,0.0016206052,-0.046328142,0.072731435,0.14687964,0.06416861,0.06597627,0.0017159287,-0.022100847,0.05901132,0.14944108,0.05506572,0.059412017,0.0017678732,-0.0038621416,0.054345094,0.19594881,0.057159506,0.057083778,0.0021786739,0.026503578,0.054824352,0.25301412,0.05496975,0.058126047,0.0007908538,0.0007908538
12,0.13562542,0.2626788,0.116650455,0.0900073,0.0005719172,-0.06723369,0.09863357,0.19782527,0.08385926,0.07615852,0.0014385345,-0.046719253,0.07204879,0.14606708,0.06340065,0.06615002,0.0015422759,-0.022564871,0.058230273,0.14879471,0.054108992,0.05959698,0.001594775,-0.004267983,0.053390525,0.19554192,0.055876844,0.057298355,0.0020105767,0.026179478,0.053529512,0.25309876,0.053047888,0.058388986,0.0007908538,0.0007908538
13,0.13764957,0.26287135,0.118103445,0.09008227,-0.000102622565,-0.06831369,0.09988184,0.19875357,0.08488196,0.07653929,0.00081388716,-0.04743146,0.07296793,0.14705689,0.06429903,0.0666583,0.00093515293,-0.02308082,0.059084307,0.14973374,0.055050667,0.06017728,0.00098727,-0.0046457797,0.05431665,0.19634724,0.05704659,0.057972763,0.0014168824,0.025875846,0.05467187,0.25345063,0.054709166,0.059209608,0.0007908538,0.0007908538
14,0.13618003,0.26360354,0.1168373,0.08951766,0.0021848688,-0.06369075,0.09865436,0.19767526,0.083531424,0.07540438,0.0029359546,-0.044527378,0.07176704,0.14583123,0.0628086,0.06526536,0.003026828,-0.020910922,0.05772201,0.14882031,0.053261485,0.058594506,0.0031231027,-0.0029147326,0.05257723,0.19610466,0.054599196,0.056114927,0.0035796107,0.027482752,0.052276943,0.2543929,0.051135007,0.056933213,0.0007908538,0.0007908538
15,0.13856938,0.26330465,0.118572176,0.090212695,0.00019936668,-0.0673286,0.100248665,0.19878095,0.08493347,0.07666198,0.0011255001,-0.046818443,0.07304342,0.14709486,0.064139195,0.06677356,0.0012760148,-0.022531968,0.058975395,0.1499323,0.05470861,0.060279857,0.0013752746,-0.0040712873,0.053988464,0.19687855,0.05642848,0.058067523,0.0018748718,0.026584947,0.05402731,0.2544382,0.05369027,0.059311256,0.0007908538,0.0007908538
16,0.14166024,0.26476467,0.12026712,0.08959259,0.0013091781,-0.0652452,0.10192757,0.20042653,0.08596613,0.07611447,0.0021461237,-0.04502983,0.07419741,0.14855163,0.06506101,0.06622293,0.0022934335,-0.020822255,0.05998276,0.15139084,0.055648614,0.05967067,0.0024338842,-0.0025363953,0.05494781,0.19846807,0.05748526,0.05734561,0.0029788748,0.028053625,0.05509495,0.25584352,0.05516987,0.058421534,0.0007908538,0.0007908538
17,0.1416093,0.26476693,0.120315336,0.089878686,0.0011440599,-0.06510118,0.10182016,0.20002212,0.08583129,0.07638934,0.0020194948,-0.045213126,0.073976226,0.1481993,0.064736545,0.066501774,0.0021910393,-0.021136574,0.059645697,0.1511612,0.05516045,0.059963647,0.002354301,-0.002813857,0.05446159,0.19844455,0.056765918,0.057674296,0.002938033,0.027881501,0.054346308,0.25618708,0.05405698,0.05881709,0.0007908538,0.0007908538
18,0.13703428,0.26261297,0.1178677,0.091466926,-0.0010846083,-0.06828091,0.09912577,0.19682795,0.083979875,0.07790764,2.4817768e-05,-0.048418898,0.071797706,0.14538175,0.062669225,0.06806228,0.00026023295,-0.024381267,0.057438023,0.14856865,0.05273185,0.061663955,0.0004134907,-0.005662689,0.052008413,0.19606397,0.05368201,0.059650388,0.0010188653,0.025385074,0.051173028,0.25483504,0.04951762,0.0612324,0.0007908538,0.0007908538
19,0.13449459,0.26116142,0.1164774,0.09263514,-0.0027970672,-0.07117834,0.09768526,0.1950973,0.08303767,0.07909973,-0.0015073249,-0.050844245,0.070701264,0.14389634,0.06168102,0.06930932,-0.0012180153,-0.026569009,0.056371894,0.14715412,0.05160313,0.06302169,-0.0010662964,-0.0074674976,0.050860103,0.19467095,0.052278854,0.061223168,-0.0004349491,0.023868926,0.049700662,0.25390783,0.04745293,0.06315164,0.0007908538,0.0007908538
20,0.13863957,0.26240808,0.11928332,0.092235595,-0.003103709,-0.07173592,0.10030173,0.19763236,0.085168384,0.07918411,-0.0018126242,-0.050922494,0.07277821,0.14630772,0.06373701,0.06957726,-0.0015149765,-0.026418112,0.05840286,0.14938813,0.053846616,0.06335961,-0.0013562279,-0.007275788,0.05308874,0.19665079,0.055051193,0.06161817,-0.0007052402,0.02403181,0.05246072,0.2549526,0.051336527,0.06362652,0.0007908538,0.0007908538
21,0.13570553,0.26359376,0.11678562,0.09136791,0.000548068,-0.06476369,0.09795417,0.1956732,0.08269209,0.077308,0.0015762621,-0.046397746,0.07054281,0.14408971,0.06103301,0.06726459,0.0018130994,-0.023068355,0.055897128,0.14770062,0.050614215,0.060741156,0.0020225253,-0.0046614027,0.04993395,0.19613677,0.050697047,0.058560427,0.0026864514,0.026382582,0.048189033,0.25656664,0.045180857,0.059900526,0.0007908538,0.0007908538
22,0.14102186,0.26472113,0.12065494,0.092137665,-0.0015567569,-0.06813854,0.10150793,0.19871639,0.085847385,0.07889244,-0.0003171712,-0.04854049,0.07346003,0.14703639,0.064041734,0.06918313,2.267817e-05,-0.024579586,0.05878919,0.15034309,0.053873215,0.06286708,0.00028548366,-0.0057170065,0.0531469,0.19828893,0.05472723,0.060997497,0.0010703898,0.025631296,0.052118,0.25743097,0.050702542,0.0628472,0.0007908538,0.0007908538
23,0.14258215,0.26621717,0.1215544,0.09186837,-0.00021930906,-0.06508553,0.10223213,0.19929087,0.08617823,0.07844917,0.0009486667,-0.046570655,0.07377729,0.14740263,0.064076066,0.068647504,0.0012999059,-0.02311589,0.058877945,0.15089495,0.053694695,0.062241275,0.0016229047,-0.004535482,0.05299267,0.19931628,0.054278735,0.060242165,0.002477847,0.026776033,0.051670235,0.25901255,0.049982667,0.061913263,0.0007908538,0.0007908538
24,0.14361434,0.2664911,0.122212835,0.09206756,-0.00028161105,-0.06475777,0.10277268,0.19946796,0.086478546,0.07872091,0.00092034164,-0.04640408,0.0740401,0.14762151,0.064174086,0.06894996,0.0013038238,-0.022983916,0.05898292,0.15123521,0.053651135,0.0625606,0.0016636145,-0.0043693967,0.052950963,0.19988534,0.054081917,0.060594603,0.0025764795,0.027036324,0.05144801,0.25983012,0.049622893,0.06233169,0.0007908538,0.0007908538
25,0.14193042,0.26471597,0.12140371,0.093339354,-0.0023444593,-0.067899205,0.10178299,0.19768625,0.08577183,0.08018264,-0.000926606,-0.04909444,0.073121235,0.14627351,0.06323223,0.070536666,-0.00046544836,-0.025395634,0.057941925,0.15008128,0.05244416,0.06429843,-8.734444e-05,-0.0063221324,0.051716637,0.19887275,0.05249681,0.06260179,0.00088677555,0.025457744,0.049775645,0.25932646,0.047288116,0.064770095,0.0007908538,0.0007908538
26,0.14349404,0.26410246,0.1225461,0.09396132,-0.0039576287,-0.070945956,0.1029065,0.19835392,0.086752206,0.08126566,-0.0023900373,-0.051023394,0.07406524,0.14715263,0.06420728,0.07182357,-0.0018667628,-0.026693424,0.058879063,0.15087795,0.053507596,0.06573042,-0.0014677676,-0.0071890173,0.052756436,0.19944759,0.053805582,0.06425348,-0.00043416274,0.0248391,0.051026717,0.25941968,0.04902311,0.066769496,0.0007908538,0.0007908538
27,0.14089721,0.26423857,0.12030971,0.09345116,-0.0013809425,-0.066077776,0.10076175,0.19606169,0.08437618,0.0799793,5.8881706e-06,-0.04785228,0.07188132,0.14493592,0.06150451,0.0702189,0.0004825599,-0.024323653,0.05633737,0.14927725,0.05021533,0.06391167,0.00090995454,-0.0052987062,0.049523443,0.19900909,0.049380384,0.06212919,0.001944457,0.026569866,0.046656728,0.26099908,0.042852808,0.06418109,0.0007908538,0.0007908538
28,0.14682095,0.2653293,0.124512084,0.093490876,-0.0027076383,-0.06791496,0.10455356,0.19917966,0.08749304,0.08083109,-0.0012135546,-0.04894597,0.074776724,0.14807558,0.06433288,0.07139476,-0.00067341555,-0.025027929,0.05906879,0.15225731,0.05319186,0.06525205,-0.0002067174,-0.00577347,0.05246538,0.20167702,0.052994754,0.06367351,0.0009111904,0.026222257,0.050221045,0.2624193,0.047756437,0.06604401,0.0007908538,0.0007908538
29,0.14575863,0.26500505,0.123466216,0.09325175,-0.0014016689,-0.065246284,0.103516,0.1976696,0.086127825,0.08023021,3.479945e-06,-0.047207765,0.07351508,0.14681222,0.062626824,0.070652805,0.0005246075,-0.023700494,0.05745721,0.15150613,0.051005866,0.06441033,0.0010121347,-0.0046805562,0.050312787,0.20179169,0.049981695,0.06268362,0.0021423264,0.027252702,0.047236446,0.2638747,0.04352429,0.064828604,0.0007908538,0.0007908538
30,0.14841011,0.2652778,0.12542582,0.09336317,-0.002187271,-0.06615876,0.10518763,0.19881514,0.08748332,0.08074011,-0.0007145321,-0.04792795,0.07470085,0.14805613,0.06373953,0.07132784,-0.00015571002,-0.024313647,0.058502406,0.1527488,0.052103523,0.06517663,0.00035435555,-0.0051714727,0.051392116,0.20296529,0.051278014,0.06356841,0.0015316854,0.026859889,0.04849983,0.26458672,0.045255963,0.06589818,0.0007908538,0.0007908538
31,0.14794785,0.26505437,0.12473833,0.092927516,-0.0008233483,-0.06378976,0.104555726,0.19783819,0.086453766,0.08001543,0.00053990533,-0.04619765,0.0738386,0.14729705,0.062480185,0.07048402,0.0010680323,-0.022819128,0.057358827,0.15239832,0.050496135,0.06423358,0.001588519,-0.0038737108,0.04981846,0.20330846,0.049041666,0.062465504,0.0027623896,0.028068203,0.046298664,0.2659258,0.042130116,0.06454732,0.0007908538,0.0007908538
32,0.14639874,0.263365,0.12393501,0.09430646,-0.002859766,-0.06698593,0.10363425,0.19619557,0.08577903,0.081592865,-0.0012593074,-0.048840497,0.07300875,0.14604905,0.06163322,0.07218386,-0.0006262742,-0.025058504,0.05644244,0.15129289,0.04944018,0.06608618,-5.4061828e-05,-0.0055679134,0.048738655,0.20228718,0.047669116,0.06460114,0.0012243587,0.026830854,0.044822045,0.2653643,0.040119827,0.06714344,0.0007908538,0.0007908538
33,0.15036376,0.26410955,0.12680979,0.09457634,-0.0041748825,-0.068751305,0.10625218,0.19842239,0.088019975,0.082506165,-0.0024517365,-0.049946096,0.075085685,0.14822929,0.06373306,0.07335407,-0.0017481798,-0.025823569,0.05846411,0.15327361,0.051701684,0.06740225,-0.0011310643,-0.006106873,0.050970543,0.2039339,0.05045187,0.06611731,0.00023474643,0.02643591,0.04755231,0.26606143,0.04386055,0.06897715,0.0007908538,0.0007908538
34,0.14997949,0.26593393,0.12594475,0.09322126,-0.0003016648,-0.06157833,0.10541224,0.19780856,0.08662621,0.08034674,0.0011004665,-0.044885345,0.07393354,0.14736794,0.06200905,0.07083335,0.0016983559,-0.02186005,0.05694099,0.15293412,0.04950126,0.06458231,0.0023178712,-0.0029856425,0.048839834,0.20474266,0.047371544,0.062828735,0.0036325122,0.029105205,0.0445721,0.2685117,0.039644577,0.06496946,0.0007908538,0.0007908538
35,0.16023597,0.26904413,0.13317996,0.09360401,-0.0025350333,-0.06487652,0.112106115,0.20418838,0.09236834,0.08204438,-0.00090029836,-0.046707798,0.07937435,0.1532457,0.06758626,0.07303239,-0.0001453241,-0.0228818,0.0623926,0.1581173,0.055681262,0.06704577,0.0005966211,-0.0035351652,0.05496135,0.20894545,0.055072777,0.065659836,0.0021202592,0.028862406,0.052144572,0.27017483,0.05002481,0.06839918,0.0007908538,0.0007908538
36,0.15102576,0.2686617,0.12651199,0.094716154,0.0010589221,-0.0582033,0.10578306,0.19780655,0.08664151,0.08139897,0.002614795,-0.042864926,0.07402253,0.14686228,0.061584506,0.07168245,0.0034104218,-0.020159204,0.05670232,0.15278353,0.048613153,0.06533498,0.004291405,-0.0010975985,0.04798795,0.20578353,0.0456878,0.063576706,0.005963194,0.03158788,0.042714413,0.27174443,0.03696446,0.06583684,0.0007908538,0.0007908538
37,0.15124153,0.26774663,0.12741217,0.09848068,-0.0041495836,-0.066518694,0.10643517,0.19769868,0.08790586,0.08597361,-0.0019112936,-0.049312647,0.074932374,0.14679106,0.06283496,0.07663533,-0.0007533625,-0.02527929,0.057792973,0.15233472,0.04998808,0.07069326,0.0003738773,-0.0047029466,0.049280893,0.20477359,0.04735473,0.06971105,0.0024707012,0.029287046,0.044037696,0.27060091,0.038822867,0.07327175,0.0007908538,0.0007908538
38,0.15138167,0.26817745,0.12769969,0.099916644,-0.005207683,-0.06777976,0.106603794,0.19757316,0.088193685,0.08749544,-0.0027430055,-0.050490793,0.07512337,0.14654383,0.06299487,0.078200154,-0.0014345846,-0.026246468,0.057947088,0.15209167,0.050044645,0.072340876,-0.00017196406,-0.005250525,0.049324606,0.20471005,0.047263872,0.07156657,0.0021335594,0.02921844,0.04381427,0.27111915,0.03849459,0.075509205,0.0007908538,0.0007908538
39,0.14877804,0.26832795,0.12572166,0.10015419,-0.0037625586,-0.06497644,0.1046234,0.1955119,0.08623941,0.087100506,-0.0013485564,-0.04887621,0.07324784,0.14450012,0.060785003,0.07755636,-3.8133527e-05,-0.025146708,0.055840604,0.15050541,0.047379147,0.07156457,0.001263331,-0.0043255673,0.04669317,0.20403144,0.043728326,0.07064122,0.0036001639,0.030184349,0.040265884,0.27216265,0.033642214,0.07437847,0.0007908538,0.0007908538
40,0.15169175,0.26965576,0.12787639,0.10081361,-0.0043827007,-0.06580622,0.106612995,0.19737662,0.08803993,0.088083066,-0.0018306924,-0.049389824,0.0749753,0.14610086,0.062547855,0.07865366,-0.00041046034,-0.025387084,0.057598863,0.15191191,0.049303647,0.07273472,0.000998152,-0.0043080677,0.048607446,0.20529406,0.0460328,0.071954176,0.0034989677,0.030453272,0.042493563,0.27305508,0.036636338,0.07595607,0.0007908538,0.0007908538
41,0.15917094,0.2734623,0.13245377,0.09930886,-0.0022682906,-0.06271142,0.1111498,0.20237836,0.09138888,0.08686252,8.6353655e-05,-0.046172407,0.07853426,0.15048295,0.065849386,0.07749265,0.0014680414,-0.022136722,0.06103693,0.15608408,0.052898794,0.07148255,0.0029061178,-0.0014768785,0.052225944,0.20953386,0.05030321,0.07048917,0.0054184627,0.032863855,0.04684703,0.27637544,0.04242968,0.07416644,0.0007908538,0.0007908538
42,0.15995966,0.27548966,0.1323085,0.09785692,0.0018487629,-0.056127544,0.111146495,0.20255193,0.09063159,0.08465992,0.0038693415,-0.041106522,0.07815841,0.15044719,0.06486545,0.074949846,0.0051437104,-0.017785331,0.06031402,0.15659079,0.051541656,0.06863692,0.0065806396,0.0021617045,0.050942052,0.21129411,0.048227627,0.06716171,0.009031722,0.036024857,0.044896737,0.2796936,0.039627943,0.07010298,0.0007908538,0.0007908538
43,0.15745388,0.27385023,0.13093016,0.09960611,-0.0006474698,-0.05984881,0.10953972,0.20033063,0.089402646,0.08662366,0.0016826126,-0.04451871,0.076699615,0.14858958,0.06334926,0.07705526,0.003109415,-0.020867163,0.058716845,0.15490375,0.049679942,0.07093712,0.004647472,-0.00021375531,0.049044095,0.20978734,0.045804422,0.06982499,0.007274536,0.034343064,0.042271234,0.27905792,0.036101572,0.07335848,0.0007908538,0.0007908538
44,0.16272023,0.2748495,0.1349162,0.100787245,-0.0034245043,-0.06424356,0.11322999,0.20362379,0.09282866,0.08880345,-0.00077640516,-0.047503456,0.07987948,0.15169229,0.066738896,0.07963498,0.0008439425,-0.023021858,0.061983544,0.15750408,0.053438675,0.07378229,0.002531144,-0.0016935806,0.052743707,0.21162927,0.05044585,0.07309142,0.005411606,0.03337757,0.04675193,0.27944753,0.04213689,0.07732091,0.0007908538,0.0007908538
45,0.1575646,0.2742935,0.13101508,0.10087347,-0.00044230509,-0.058909744,0.10943238,0.19932744,0.08901706,0.08769955,0.0020498068,-0.04429276,0.07628712,0.1477144,0.062456597,0.07806581,0.0036312966,-0.020746762,0.057905603,0.15455057,0.04824526,0.07194519,0.005349357,0.00019023626,0.047616728,0.21052082,0.043541126,0.07091624,0.008228571,0.035212614,0.039866988,0.28160417,0.03273854,0.07465429,0.0007908538,0.0007908538
46,0.15920866,0.2741299,0.13281427,0.102825224,-0.0033771147,-0.062813915,0.11074292,0.19983102,0.0905255,0.09027998,-0.0004942855,-0.047787707,0.07738775,0.14827305,0.063691676,0.08091826,0.0013191747,-0.023835052,0.05898652,0.1549291,0.04948786,0.07504394,0.0032201433,-0.0021318945,0.04880507,0.21055631,0.045012962,0.0744659,0.0064006248,0.033669963,0.041107737,0.28132254,0.03442742,0.07896434,0.0007908538,0.0007908538
47,0.1597801,0.27445266,0.13335457,0.10375723,-0.003906754,-0.063143075,0.111088775,0.19974472,0.09081474,0.09127235,-0.0008712085,-0.048321385,0.07757783,0.14818193,0.063760675,0.08193897,0.0010598928,-0.024323765,0.059055228,0.15494286,0.049405634,0.0761141,0.0030794272,-0.0023622788,0.048713118,0.21083671,0.04474659,0.075666785,0.0064343535,0.03376581,0.040738706,0.28211823,0.033909436,0.08041428,0.0007908538,0.0007908538
48,0.1548704,0.27214754,0.12995817,0.10507364,-0.0045038187,-0.063855805,0.10773673,0.19573332,0.08779375,0.0921658,-0.0013165412,-0.049425375,0.07457392,0.14473647,0.060479473,0.08270437,0.0006963009,-0.025418174,0.055812385,0.15206389,0.045554157,0.07689303,0.002784367,-0.0031009703,0.044862546,0.20875518,0.03981087,0.07655067,0.006241598,0.03343605,0.035698064,0.2818817,0.027168015,0.08149024,0.0007908538,0.0007908538
49,0.16209042,0.27420592,0.13528667,0.10630219,-0.0070022354,-0.067964114,0.11292221,0.20079862,0.092601016,0.09457573,-0.0034663188,-0.051695455,0.07931123,0.14931266,0.06554388,0.085554145,-0.001197371,-0.02654855,0.060831837,0.15587975,0.051308308,0.08000611,0.0011221669,-0.0035377606,0.05056817,0.21159239,0.04689559,0.080092266,0.0049488875,0.033435907,0.042653084,0.282834,0.036398754,0.08576767,0.0007908538,0.0007908538
50,0.162155,0.27786312,0.13430826,0.104368374,-0.0009816719,-0.05817031,0.11219018,0.20092803,0.0910217,0.09130521,0.002064181,-0.044135593,0.07827717,0.14887194,0.06372748,0.08171076,0.0041403687,-0.020161953,0.05939397,0.15618794,0.04899743,0.075703695,0.0063971463,0.0016656709,0.04836543,0.21383394,0.04358279,0.075077206,0.010038552,0.03772768,0.039563388,0.2876285,0.03215118,0.0796528,0.0007908538,0.0007908538
51,0.16417909,0.27902305,0.1358331,0.104913436,-0.0014536651,-0.058536638,0.113525316,0.20215708,0.092199326,0.09207727,0.0017127285,-0.044487797,0.07935612,0.14989112,0.0647624,0.08257041,0.0038896655,-0.02044272,0.060419347,0.15713456,0.05004422,0.076626256,0.0062514124,0.0015550756,0.049398966,0.21483591,0.044751476,0.07612248,0.0100457715,0.037825964,0.04065062,0.28864923,0.03357258,0.08092456,0.0007908538,0.0007908538
52,0.1637173,0.27846122,0.13571508,0.105933696,-0.002685653,-0.059958246,0.11327329,0.20141996,0.092049055,0.09327267,0.0006696317,-0.045884654,0.079054214,0.1493117,0.06439906,0.08385347,0.002965444,-0.021767324,0.060002465,0.15666172,0.049492415,0.078012496,0.005430638,0.0005435018,0.04882513,0.21450269,0.04396035,0.07771054,0.009388202,0.037182488,0.03974197,0.2887331,0.032347336,0.08285784,0.0007908538,0.0007908538
53,0.15891685,0.27714184,0.13217495,0.10652402,-0.0016347134,-0.05789806,0.10978557,0.19749139,0.08868071,0.093107305,0.0017120561,-0.044967033,0.075782575,0.14580664,0.0606607,0.0834179,0.004013706,-0.02129904,0.05636974,0.1539196,0.04504986,0.077467576,0.006504767,0.0009790852,0.044406753,0.21301886,0.038216244,0.0770639,0.010477464,0.03774447,0.03394916,0.2896137,0.024633324,0.082073845,0.0007908538,0.0007908538
54,0.1618161,0.2782937,0.13445081,0.10889576,-0.0036068377,-0.06082899,0.111912996,0.19918565,0.09073769,0.095977865,0.0001841695,-0.0470131,0.07778129,0.1471805,0.06273442,0.08646878,0.0028265414,-0.022511289,0.05846068,0.15496911,0.047324676,0.08070181,0.0056526884,0.0006008455,0.046628747,0.21385157,0.04084878,0.08071715,0.01012073,0.0380884,0.036328916,0.29038614,0.027791765,0.086498514,0.0007908538,0.0007908538
55,0.16963704,0.2819334,0.13968782,0.10951441,-0.004052045,-0.06152805,0.11706906,0.2045922,0.095092356,0.09729878,-6.362848e-05,-0.046589233,0.08220543,0.15179998,0.067182265,0.08802134,0.0027888734,-0.021377021,0.06296626,0.1590078,0.052264385,0.082357824,0.005851746,0.0019890273,0.05153042,0.21747945,0.046761025,0.08257081,0.0106518455,0.039567124,0.042157818,0.29285562,0.035463493,0.088744126,0.0007908538,0.0007908538
56,0.16571772,0.28403696,0.13596618,0.108695865,0.0022208656,-0.051929936,0.11396627,0.20194642,0.091562845,0.09467072,0.005817965,-0.03914553,0.0794422,0.14885154,0.06358661,0.08463514,0.008546784,-0.0148746595,0.05983559,0.15712081,0.047978975,0.07845675,0.011609082,0.007561457,0.047347896,0.21806455,0.0409154,0.077965535,0.016304612,0.044392273,0.036489155,0.2972795,0.027801424,0.083100386,0.0007908538,0.0007908538
57,0.16926438,0.2837739,0.13907014,0.11259938,-0.004031898,-0.06124658,0.11669827,0.20406856,0.09454131,0.10005751,0.00040127768,-0.046161536,0.08199501,0.15076268,0.06655907,0.09062377,0.0036667108,-0.020314267,0.06259405,0.15811373,0.051316362,0.08497299,0.007200947,0.0038244957,0.05051921,0.21763758,0.044985995,0.085451335,0.012646802,0.042186126,0.04001124,0.29547924,0.032540362,0.092234485,0.0007908538,0.0007908538
58,0.1659936,0.28398415,0.13641292,0.112927295,-0.0019695426,-0.057666074,0.11418352,0.20146538,0.091937214,0.09953425,0.0023955936,-0.043809194,0.079614766,0.14823206,0.06368862,0.08976899,0.005661451,-0.01846588,0.0598972,0.15625958,0.04787466,0.08394099,0.009237317,0.0054637277,0.047102414,0.21714216,0.040435333,0.08421978,0.01469987,0.043763325,0.035435937,0.29728818,0.026454987,0.090730235,0.0007908538,0.0007908538
59,0.1651425,0.2842462,0.13588008,0.11395894,-0.0021069844,-0.0572082,0.113517456,0.2005241,0.09130685,0.10039561,0.0023984746,-0.04389323,0.07892136,0.147269,0.06281745,0.09056685,0.005781729,-0.018690074,0.05905077,0.15550211,0.046743523,0.08474734,0.009485328,0.0054336307,0.045951884,0.21685618,0.038866356,0.08511616,0.01512173,0.044039436,0.03372742,0.29797238,0.024205767,0.09181884,0.0007908538,0.0007908538
60,0.17197658,0.2869736,0.14095047,0.115367234,-0.00424686,-0.059924662,0.1182599,0.20523427,0.09574525,0.102760755,0.0006183998,-0.04559472,0.0831176,0.1512611,0.067297705,0.09326882,0.004290511,-0.019757062,0.06343604,0.15869308,0.051752415,0.08766186,0.008284412,0.004906904,0.05088334,0.21907024,0.044962306,0.088423915,0.01435742,0.0439945,0.03961093,0.2985752,0.0319654,0.09583314,0.0007908538,0.0007908538
61,0.16486356,0.28619027,0.13540983,0.11542088,-0.0002842819,-0.053706486,0.1131866,0.19993047,0.09070405,0.10118814,0.00435782,-0.041286662,0.078571536,0.14635426,0.061977915,0.091070704,0.007940105,-0.016244844,0.058420073,0.1551071,0.045480404,0.08511199,0.01190598,0.007917961,0.044675056,0.21793965,0.036792435,0.08542369,0.017867101,0.04663436,0.031528037,0.3014582,0.021243194,0.092160076,0.0007908538,0.0007908538
62,0.16954713,0.2873653,0.13936864,0.11875102,-0.004802413,-0.060319807,0.116851576,0.20323089,0.09462932,0.105715476,0.00054516236,-0.04611086,0.08216679,0.14906523,0.066079825,0.09604024,0.00463389,-0.019790776,0.062361307,0.15678777,0.050137166,0.090459086,0.0090875225,0.005691938,0.049182776,0.21821181,0.042451505,0.09151676,0.015801195,0.045599267,0.036727913,0.3002677,0.028133487,0.099566534,0.0007908538,0.0007908538
63,0.16837485,0.28818485,0.13802044,0.11870925,-0.0023220566,-0.05673282,0.11584411,0.20224504,0.09328037,0.104922615,0.0029116871,-0.043093074,0.08119753,0.14805354,0.06465932,0.094942346,0.0069867126,-0.016934104,0.0611506,0.15636604,0.048365127,0.08916383,0.011472486,0.008258536,0.04743729,0.21912488,0.0399662,0.08997182,0.018180318,0.047819506,0.03432652,0.30304164,0.024936546,0.097668946,0.0007908538,0.0007908538
64,0.17114863,0.28991157,0.1396002,0.11811743,-0.0006277738,-0.054247484,0.11751606,0.20396562,0.09435832,0.10417687,0.0044869683,-0.040757783,0.08245938,0.1495994,0.06564355,0.09411548,0.008536309,-0.014675992,0.062241815,0.15813828,0.04929764,0.08822635,0.01303033,0.010191414,0.048394706,0.22155152,0.040897477,0.08885457,0.01971665,0.04936146,0.035381053,0.3058506,0.026257778,0.09628908,0.0007908538,0.0007908538
65,0.17543273,0.29138234,0.14238456,0.11782301,-0.00052726216,-0.054028478,0.1202312,0.20664431,0.09648533,0.104220524,0.004588618,-0.040126976,0.084586196,0.15209433,0.067672886,0.09427535,0.008670096,-0.013877241,0.06427428,0.1605206,0.051458377,0.08840824,0.013208813,0.010905631,0.050551,0.22389567,0.04346365,0.089050174,0.019950971,0.049918287,0.037992798,0.30756792,0.029681211,0.096523024,0.0007908538,0.0007908538
66,0.16982965,0.2889475,0.13889258,0.119548574,-0.0016150961,-0.055108313,0.11647591,0.20206161,0.09327237,0.10561579,0.0037368592,-0.042293794,0.081167564,0.14814848,0.06398935,0.09558572,0.0079689,-0.016319213,0.060564436,0.15719055,0.047096346,0.089784436,0.012654565,0.009047401,0.046144255,0.22136413,0.037875477,0.09062466,0.019616166,0.048870724,0.032093793,0.30701756,0.02189762,0.09844887,0.0007908538,0.0007908538
67,0.16959924,0.288307,0.13884315,0.12127563,-0.0036858255,-0.058095325,0.116318405,0.20156294,0.09318512,0.10770173,0.0020012548,-0.04474905,0.08097965,0.14774029,0.063770704,0.09782764,0.006468933,-0.018268777,0.06030456,0.15668479,0.04676133,0.09220299,0.011384334,0.0077938754,0.04572268,0.22074912,0.037322905,0.093400925,0.018690892,0.048273664,0.031262025,0.30668768,0.020835193,0.10185031,0.0007908538,0.0007908538
68,0.17455544,0.29156035,0.14179893,0.12146565,-0.0029619616,-0.057423916,0.119512975,0.20547195,0.09576716,0.10808644,0.0027895994,-0.04312557,0.08386506,0.15084583,0.06662994,0.09824647,0.007377727,-0.016062522,0.0632897,0.15937167,0.049980108,0.09260779,0.012451278,0.009980627,0.048896197,0.22342265,0.041100163,0.09383053,0.019946212,0.05016121,0.03506761,0.3090475,0.025848975,0.10238779,0.0007908538,0.0007908538
69,0.16843921,0.29056832,0.13712521,0.12217599,-0.000749879,-0.054335915,0.115298145,0.20114748,0.09174579,0.107651524,0.0049558524,-0.04094807,0.08026857,0.14681567,0.06254594,0.09738334,0.009552291,-0.01410462,0.059427712,0.15623635,0.0452452,0.091546096,0.014668775,0.011854651,0.044163182,0.22200994,0.03495082,0.09256302,0.022175675,0.051902696,0.028900588,0.31063417,0.017712893,0.10083739,0.0007908538,0.0007908538
70,0.17221642,0.2919976,0.13986632,0.12398594,-0.0026183883,-0.057021365,0.11800986,0.20381066,0.094307624,0.110098414,0.0034765424,-0.042485833,0.08279631,0.14900643,0.0652284,0.1000452,0.00839818,-0.0148305325,0.062077776,0.1578772,0.048218194,0.09437985,0.01385934,0.0117502455,0.047031216,0.22311153,0.03843129,0.09577133,0.021869835,0.052253585,0.032148767,0.3111422,0.021983685,0.10474031,0.0007908538,0.0007908538
71,0.16981792,0.29050076,0.13839597,0.12561125,-0.0038327356,-0.058481477,0.11637169,0.20152484,0.09285934,0.11169425,0.0025248798,-0.044224776,0.08122641,0.14710833,0.06348391,0.10164899,0.007640691,-0.016446762,0.06031337,0.15626232,0.04610685,0.09607405,0.0133026615,0.0106996605,0.044851165,0.22186194,0.035655815,0.09769796,0.021609096,0.051839065,0.029086553,0.3108987,0.017974472,0.10708844,0.0007908538,0.0007908538
72,0.17529899,0.29297027,0.14224961,0.12523586,-0.0040474837,-0.058589872,0.120010935,0.2054759,0.09604463,0.11186178,0.0023281723,-0.043901328,0.084315866,0.15056613,0.066675454,0.10199897,0.0074859406,-0.015965864,0.06346631,0.1593125,0.04964436,0.09647558,0.013198478,0.0111020785,0.048381053,0.22449328,0.039977398,0.09815098,0.02157364,0.05210179,0.03347,0.31239793,0.023715947,0.10763928,0.0007908538,0.0007908538
73,0.17215297,0.29318953,0.13961798,0.12446347,-0.00077551906,-0.05374324,0.117602825,0.20305766,0.093420796,0.11003317,0.0053211674,-0.04036954,0.08203522,0.14838493,0.06385957,0.099768154,0.010318279,-0.013014845,0.060855877,0.15806791,0.046288814,0.09397527,0.01589867,0.01351581,0.045084413,0.22497113,0.035599563,0.095242575,0.02402513,0.0539539,0.02927308,0.31511047,0.018155986,0.104084045,0.0007908538,0.0007908538
74,0.1737333,0.29472238,0.14092176,0.12596084,-0.0013141496,-0.054362465,0.118814476,0.20425433,0.094697356,0.11163735,0.0050491616,-0.040790133,0.08332109,0.14909647,0.06523007,0.101383686,0.010292132,-0.013030039,0.06225596,0.15847048,0.047811914,0.09564244,0.016147697,0.013958043,0.046522398,0.22527261,0.03728757,0.09710793,0.024654984,0.05475743,0.030753128,0.31562144,0.020116877,0.10635588,0.0007908538,0.0007908538
75,0.17630702,0.29668316,0.14283147,0.12750159,-0.0017375802,-0.054790184,0.120592475,0.20600097,0.096358515,0.113311775,0.0049026087,-0.04099622,0.08499277,0.15032198,0.066914365,0.10307288,0.010414584,-0.012799394,0.063974075,0.15939425,0.049623195,0.09737589,0.016579373,0.014646159,0.04823262,0.22615267,0.039257623,0.09903762,0.025510173,0.05578947,0.03249994,0.31667313,0.022411384,0.10870335,0.0007908538,0.0007908538
76,0.17171155,0.29690015,0.13891102,0.12676796,0.0031435443,-0.047885835,0.11720343,0.20245656,0.09265095,0.11097283,0.00943377,-0.035565972,0.08192519,0.14709929,0.06308142,0.10011397,0.01476505,-0.00789869,0.060468547,0.1575611,0.04505965,0.09401326,0.020790325,0.018838188,0.043737166,0.22697173,0.033259556,0.095099196,0.029426845,0.059065204,0.026791856,0.32088095,0.014894092,0.1038799,0.0007908538,0.0007908538
77,0.18005173,0.30058104,0.14506282,0.13000774,-0.0006932033,-0.0533872,0.123131245,0.20867352,0.0984114,0.115499705,0.0063217315,-0.03885232,0.08747862,0.15204464,0.06913944,0.105066985,0.012263442,-0.009705062,0.06638375,0.16101271,0.051860925,0.09929806,0.018948656,0.018199438,0.05028443,0.22873282,0.0413569,0.10110496,0.028543442,0.059330337,0.0343928,0.32075825,0.02491634,0.111215964,0.0007908538,0.0007908538
78,0.17180842,0.29920405,0.13896549,0.13022342,0.0034664816,-0.047192577,0.11739945,0.20235969,0.09281756,0.11394037,0.010259569,-0.034829877,0.08238433,0.14640088,0.063237116,0.10284564,0.016097836,-0.006395016,0.06076939,0.15702747,0.044927504,0.096717656,0.022715818,0.021163521,0.04336583,0.22766183,0.03237491,0.09806356,0.032129906,0.06187571,0.025474304,0.32393697,0.013177161,0.10747986,0.0007908538,0.0007908538
79,0.17644797,0.30165562,0.14325044,0.13668308,-0.0031109687,-0.056022476,0.12115007,0.20596279,0.09728003,0.121882364,0.004969719,-0.04172636,0.08638275,0.14858453,0.06796756,0.11127771,0.011863404,-0.011466128,0.06526018,0.15727496,0.05026601,0.105686046,0.019627873,0.01843702,0.048209254,0.22560143,0.038426712,0.108266205,0.030719493,0.061352544,0.030319728,0.3206801,0.019597339,0.119936764,0.0007908538,0.0007908538
80,0.17938602,0.30778018,0.14433819,0.13617373,0.002782325,-0.04776867,0.12282138,0.20869008,0.09815709,0.11995632,0.010585276,-0.034170438,0.08808653,0.1501161,0.06917209,0.10873158,0.017434455,-0.0039376398,0.066856466,0.1593307,0.05145166,0.10269256,0.025217606,0.025155665,0.04937856,0.229859,0.03938198,0.10472597,0.036160365,0.066626355,0.03168258,0.3271472,0.021408943,0.11565803,0.0007908538,0.0007908538
81,0.1748562,0.3084045,0.14090426,0.13681506,0.006159919,-0.04323923,0.11982607,0.2056197,0.0952072,0.11932659,0.013889202,-0.03071117,0.0856763,0.14706573,0.066237174,0.10760082,0.02077386,-0.0005493264,0.064170934,0.15730381,0.047936127,0.10129186,0.028637761,0.02846177,0.045792535,0.23010464,0.034557495,0.10303468,0.03960274,0.06952472,0.026879612,0.33061686,0.015041899,0.11358765,0.0007908538,0.0007908538
82,0.17646657,0.30767414,0.14297378,0.14279,-0.0020417203,-0.054412216,0.12110757,0.20653033,0.097174294,0.12709701,0.0069412715,-0.040130343,0.08692068,0.14741151,0.067976534,0.11604194,0.014800991,-0.00843239,0.06555103,0.15597668,0.049774304,0.11039316,0.023741346,0.023137216,0.04706271,0.22636534,0.036272816,0.113462865,0.036334068,0.066980794,0.027078398,0.32595345,0.0153628,0.12635574,0.0007908538,0.0007908538
83,0.17170319,0.3068688,0.13923474,0.14238968,0.00043503934,-0.050767537,0.1174223,0.20267944,0.09323222,0.1256486,0.0091828555,-0.038021132,0.08323176,0.14423825,0.06357779,0.11424547,0.016863834,-0.006877218,0.061321147,0.15417375,0.044585224,0.1084112,0.025603749,0.024444098,0.04189188,0.22682881,0.029688986,0.111201264,0.037832085,0.067947984,0.020598304,0.32909754,0.0069252383,0.123632856,0.0007908538,0.0007908538
84,0.1830223,0.31412166,0.14703172,0.1411045,0.002070468,-0.048331354,0.12511376,0.21166737,0.10018178,0.12485154,0.010676391,-0.03492095,0.09022499,0.15163614,0.07088323,0.11355048,0.018333865,-0.0036717583,0.06865529,0.16069126,0.052757442,0.10762343,0.027064376,0.02696725,0.050147913,0.2328386,0.03968999,0.110254325,0.03921725,0.06950916,0.031092457,0.3333647,0.020633996,0.12248424,0.0007908538,0.0007908538
85,0.17590016,0.3130667,0.1415796,0.13984971,0.0064847646,-0.04298813,0.120437995,0.20707819,0.09557821,0.12207378,0.014651553,-0.03042987,0.086337104,0.14761266,0.066380665,0.110222556,0.021996105,0.0005933834,0.064416476,0.15826228,0.047511827,0.10394479,0.030394694,0.030517647,0.045011163,0.23329861,0.032977607,0.10600223,0.04199185,0.07189202,0.024908077,0.337313,0.012360192,0.11727367,0.0007908538,0.0007908538
86,0.1785072,0.31238657,0.14415653,0.14532381,-0.0016314262,-0.053964514,0.12232487,0.20873451,0.09799176,0.12947984,0.007748152,-0.039261192,0.08805467,0.14867324,0.068618394,0.11834531,0.016054064,-0.0066564935,0.06627066,0.15755305,0.049917698,0.11273054,0.025532268,0.02564105,0.04684007,0.23000716,0.035416316,0.11609672,0.038756073,0.06957393,0.02589397,0.3326713,0.013705855,0.12967959,0.0007908538,0.0007908538
87,0.1750926,0.31182635,0.14159882,0.14525715,-0.00024210138,-0.051913567,0.11976208,0.20607726,0.09533645,0.1287502,0.009015605,-0.03823324,0.08552866,0.1464733,0.06563823,0.117399886,0.017225217,-0.0059701824,0.06338004,0.15626967,0.046385113,0.11168205,0.026591372,0.026253833,0.04329416,0.23023956,0.030894965,0.11490249,0.039605107,0.07005851,0.02138391,0.33473268,0.0077906474,0.12824833,0.0007908538,0.0007908538
88,0.18279614,0.31662348,0.14681083,0.14424667,0.00064043445,-0.050757144,0.12488101,0.21217392,0.09989179,0.12812443,0.0097828135,-0.036472242,0.090104006,0.15156892,0.07040463,0.11687374,0.01794302,-0.0040736566,0.06814543,0.16080981,0.051710445,0.11111351,0.02725367,0.027687443,0.04868807,0.23446786,0.037477784,0.11424515,0.040141743,0.07081403,0.028365443,0.33777028,0.016985107,0.12747219,0.0007908538,0.0007908538
89,0.17993353,0.31712717,0.14443582,0.14295986,0.0047327452,-0.0453384,0.12289955,0.2101593,0.097640954,0.12562795,0.013472512,-0.03218204,0.08833745,0.14990497,0.068091854,0.11392479,0.02135652,-0.00019750162,0.066052765,0.16045254,0.048908878,0.107836224,0.03036774,0.030828105,0.046008475,0.23646855,0.03384862,0.11043788,0.04274494,0.07286862,0.025234379,0.34207967,0.012798491,0.12280124,0.0007908538,0.0007908538
90,0.18247966,0.31798145,0.14607236,0.14335313,0.004489481,-0.045469392,0.124438085,0.21157965,0.09878267,0.12623446,0.013330144,-0.032044556,0.089475214,0.15126076,0.06909996,0.11459583,0.021327114,0.00018921112,0.06704639,0.16181885,0.04988497,0.1085336,0.030472778,0.031324852,0.046926495,0.2380047,0.03488283,0.1112168,0.043023653,0.07333173,0.026242398,0.34354627,0.014127994,0.12376202,0.0007908538,0.0007908538
91,0.18334413,0.3179151,0.14673018,0.1443734,0.0032336111,-0.046961527,0.12489443,0.21184254,0.09913283,0.12757389,0.01229925,-0.033402197,0.08968865,0.15153888,0.06925757,0.116053686,0.020491878,-0.0009660157,0.06714823,0.16196346,0.04995291,0.11010045,0.029863497,0.03061574,0.046869837,0.2379762,0.03478416,0.11301468,0.042736884,0.0731018,0.025843062,0.34349498,0.013603978,0.12598199,0.0007908538,0.0007908538
92,0.1810835,0.31662107,0.14559254,0.14684354,0.00081241294,-0.05005875,0.123430066,0.20992889,0.098070845,0.13033837,0.0103505,-0.036627304,0.08838208,0.14972301,0.067949414,0.11893645,0.018939836,-0.0038548615,0.065741025,0.15992843,0.048370346,0.11318216,0.028773038,0.028811201,0.04500209,0.23563533,0.032462183,0.116548166,0.04231944,0.07250373,0.022773806,0.34178957,0.009547651,0.13032755,0.0007908538,0.0007908538
93,0.18044645,0.3173305,0.1450536,0.14649038,0.0024951184,-0.047585838,0.12291065,0.20939535,0.097390704,0.12949342,0.011893539,-0.034933873,0.08783565,0.14926775,0.06714894,0.117905416,0.020395454,-0.0024472869,0.06502896,0.16001043,0.0473596,0.11202178,0.03013085,0.029977243,0.044012498,0.23673272,0.031101368,0.11519825,0.04348822,0.07331142,0.021543479,0.3438544,0.007921135,0.12868378,0.0007908538,0.0007908538
94,0.18747948,0.32104567,0.14969839,0.14610352,0.0033443219,-0.046296045,0.12753575,0.2144548,0.10135771,0.12938961,0.012723365,-0.033064596,0.0918665,0.15358882,0.07125487,0.117852025,0.021276142,-0.00035816908,0.06914944,0.16393238,0.05190706,0.11191285,0.031078927,0.03171838,0.048584443,0.24048057,0.036669027,0.11503226,0.04448651,0.07444017,0.027394144,0.34661138,0.01567932,0.12848693,0.0007908538,0.0007908538
95,0.18173482,0.3201357,0.1451168,0.14476787,0.008176493,-0.03982202,0.1235732,0.21018644,0.09709904,0.126529,0.01708954,-0.027963258,0.08828252,0.15008433,0.06686338,0.114430346,0.025315383,0.00428908,0.06503013,0.16229145,0.046661325,0.10810468,0.03475876,0.035523158,0.043452315,0.24202327,0.029865105,0.110600986,0.04755496,0.0769188,0.021123901,0.35140008,0.0072143995,0.123045154,0.0007908538,0.0007908538
96,0.18851508,0.32127273,0.15055114,0.1513917,-0.0016011884,-0.052683238,0.12814927,0.21486443,0.10206947,0.13580506,0.008887217,-0.037749756,0.09242461,0.15335988,0.07181338,0.124649584,0.018466255,-0.003388192,0.06947653,0.16273242,0.052129164,0.11915473,0.029494524,0.030683102,0.048089415,0.23859924,0.035843473,0.12331923,0.044626486,0.07503383,0.025264537,0.34555796,0.012740672,0.13871649,0.0007908538,0.0007908538
97,0.1845265,0.32274464,0.14646785,0.1485984,0.0063146437,-0.042722523,0.1252424,0.21222168,0.09835171,0.13074139,0.015940707,-0.028756361,0.08990367,0.15118766,0.06830621,0.11873815,0.02486936,0.005291053,0.06639474,0.16293234,0.04788786,0.112608,0.035136852,0.037584845,0.044159785,0.24316612,0.030488104,0.115735225,0.04900199,0.07907224,0.021261478,0.35367608,0.0074168365,0.129442,0.0007908538,0.0007908538
98,0.18950333,0.32593057,0.14957762,0.14901651,0.0065818476,-0.042576615,0.12851177,0.21604674,0.10119487,0.13135318,0.016310208,-0.027532471,0.09293401,0.1541648,0.07143494,0.11937428,0.025382373,0.007141552,0.06952056,0.16540185,0.05134913,0.11323599,0.035820115,0.03936171,0.047535278,0.24549152,0.034622718,0.11643921,0.04986318,0.080320425,0.025563002,0.35554498,0.013196815,0.13035262,0.0007908538,0.0007908538
99,0.18292211,0.32273376,0.14489347,0.15027869,0.00601919,-0.043332074,0.12388767,0.21087573,0.09670484,0.13222316,0.015899075,-0.028842416,0.08853561,0.14990647,0.06648488,0.1201673,0.02508444,0.005877059,0.06459162,0.16211495,0.04549838,0.11409286,0.03565466,0.038651064,0.041502737,0.24363098,0.026958786,0.11744732,0.04986657,0.08013179,0.017475497,0.35593218,0.0023706397,0.1316246,0.0007908538,0.0007908538
100,0.18705508,0.32468864,0.14834541,0.15394346,0.0016896798,-0.04896447,0.12697455,0.21421069,0.100214325,0.137077,0.012420919,-0.03296132,0.09167047,0.15204443,0.07018874,0.12540852,0.022390816,0.002844776,0.06804722,0.16256547,0.049633406,0.119701765,0.033903003,0.037029438,0.04514486,0.24210928,0.031566028,0.12387619,0.049462136,0.07987723,0.021120522,0.3534505,0.0072703203,0.13954954,0.0007908538,0.0007908538
101,0.18602504,0.32542723,0.14724472,0.1530121,0.0044031925,-0.04575765,0.12634484,0.21370368,0.099358596,0.1353861,0.014844594,-0.029835194,0.091241725,0.15164371,0.069479935,0.123430096,0.024595072,0.005976861,0.06746282,0.16298577,0.048724152,0.117503054,0.035844952,0.039479006,0.044379044,0.2440753,0.030452734,0.12131985,0.050972242,0.08119943,0.020590702,0.356607,0.0065696747,0.13641027,0.0007908538,0.0007908538
102,0.18455724,0.3254963,0.14596735,0.15287404,0.0060741697,-0.043747738,0.12540048,0.21267346,0.098274104,0.13468824,0.016401146,-0.02786711,0.090474516,0.1507937,0.06844007,0.1225223,0.02608343,0.008096123,0.06649411,0.16282846,0.047397707,0.116457626,0.037254516,0.041302506,0.043079015,0.24521494,0.028678564,0.12008362,0.052226335,0.08233697,0.01910728,0.35891587,0.0045814905,0.13488734,0.0007908538,0.0007908538
103,0.1919191,0.3299035,0.1510954,0.15321955,0.005726868,-0.044041254,0.13042127,0.21842293,0.10302551,0.13550964,0.016189419,-0.027261537,0.09516541,0.15534872,0.073518045,0.123448715,0.02603467,0.009080008,0.07151643,0.16638587,0.053162713,0.11740576,0.03739483,0.04218959,0.048810177,0.2478255,0.035861563,0.12115275,0.052591775,0.0829196,0.026450569,0.3601917,0.014504335,0.13623202,0.0007908538,0.0007908538
104,0.18132101,0.32506007,0.14403822,0.1552842,0.0048597557,-0.04480039,0.12320641,0.21018806,0.096291184,0.1369029,0.015573166,-0.029653212,0.08840125,0.14854078,0.065974146,0.124704726,0.025613429,0.0064316546,0.06398376,0.16113028,0.04423468,0.118750304,0.037209198,0.040537447,0.039573506,0.2448179,0.024106128,0.122711785,0.052723147,0.08239936,0.013901157,0.3608656,-0.0023156144,0.1381682,0.0007908538,0.0007908538
105,0.18860926,0.33088657,0.14991616,0.15706156,0.0037127372,-0.04582684,0.12880473,0.21659763,0.10231923,0.13933675,0.014866531,-0.03007157,0.09420722,0.15306091,0.07251414,0.12727988,0.025383927,0.006420404,0.07041654,0.16405682,0.051653724,0.12142258,0.037563745,0.040959015,0.046769887,0.24637122,0.0330185,0.12572289,0.05386746,0.08311635,0.022560138,0.36169484,0.009262562,0.14187355,0.0007908538,0.0007908538
106,0.1817066,0.3302471,0.14500906,0.15613966,0.008043993,-0.040296264,0.12453488,0.21213941,0.09829435,0.13680014,0.018775,-0.02578527,0.09081107,0.14917408,0.068579935,0.124173336,0.02895461,0.010408237,0.066698484,0.16196579,0.047028508,0.11796355,0.040729936,0.044191923,0.042300154,0.24741021,0.027158406,0.1216941,0.05638284,0.08499683,0.01735104,0.36599332,0.0022611564,0.13689525,0.0007908538,0.0007908538
107,0.18495211,0.3315149,0.14770252,0.15996392,0.003429624,-0.04606756,0.12680693,0.21461052,0.10092249,0.14179659,0.01503711,-0.030138262,0.0930335,0.15061048,0.07125437,0.12955782,0.026037255,0.007101227,0.069089696,0.16176641,0.049931027,0.123729914,0.03881855,0.042404324,0.04460125,0.24526206,0.030109704,0.12831905,0.055894922,0.08471762,0.01916228,0.3630053,0.0047338386,0.14510088,0.0007908538,0.0007908538
108,0.18123554,0.33080572,0.14461653,0.15944901,0.006276693,-0.042313077,0.12410021,0.21163984,0.09785085,0.1402569,0.017609349,-0.027244436,0.09039505,0.14834528,0.06797225,0.12766239,0.028388228,0.00981221,0.065950036,0.16102286,0.045983586,0.121614724,0.040883243,0.044647105,0.04070208,0.24696733,0.025045907,0.12587315,0.057463128,0.08601062,0.014461241,0.36671293,-0.0015583879,0.1421296,0.0007908538,0.0007908538
109,0.19198051,0.33797073,0.15219726,0.16138504,0.0051123165,-0.043798618,0.13160536,0.22034481,0.10522272,0.14295492,0.016920952,-0.026889635,0.09769441,0.15484321,0.07597401,0.1305105,0.028235143,0.011145381,0.07379217,0.16562591,0.054991346,0.12455449,0.041378267,0.046217855,0.049438104,0.24991179,0.035992905,0.12921444,0.05877536,0.08729073,0.025367515,0.36799783,0.013241457,0.14631927,0.0007908538,0.0007908538
110,0.18093723,0.33739334,0.14469977,0.16120067,0.011755452,-0.03543466,0.1252131,0.2133202,0.099539734,0.14019878,0.02313584,-0.020218393,0.093011975,0.1483831,0.07059516,0.12681375,0.034171656,0.017802957,0.06865588,0.16184968,0.04852665,0.12031399,0.04697993,0.052118335,0.043013714,0.2511219,0.027472958,0.124201745,0.06376271,0.09119936,0.017627504,0.37447304,0.002781678,0.1400964,0.0007908538,0.0007908538
111,0.18574211,0.34076148,0.14861506,0.16694091,0.0064973435,-0.04193747,0.12860732,0.21717384,0.103440374,0.14714022,0.019105969,-0.024941439,0.096478805,0.1503932,0.07461502,0.13409916,0.031373505,0.01467457,0.07224061,0.161605,0.052699156,0.1280105,0.045722555,0.051170133,0.046097737,0.24873851,0.031321872,0.13300239,0.06459859,0.092081495,0.019763853,0.37165615,0.0057498165,0.15102266,0.0007908538,0.0007908538
112,0.17763841,0.3382668,0.14277028,0.1674229,0.008920669,-0.03896975,0.123126626,0.211085,0.09794101,0.14628103,0.021365909,-0.023164948,0.091435775,0.14547795,0.06875,0.13281514,0.033487312,0.01648234,0.06646586,0.15882215,0.04572233,0.12654664,0.047625847,0.052964643,0.039031256,0.24930501,0.022309965,0.13130908,0.06610937,0.09323345,0.010895435,0.37540418,-0.0061232997,0.14898075,0.0007908538,0.0007908538
113,0.18790779,0.3464119,0.15047176,0.17011102,0.007820742,-0.040386215,0.13071333,0.21986595,0.10590881,0.14956501,0.020856362,-0.022812007,0.09930614,0.15153183,0.07753927,0.13615286,0.033659197,0.01799644,0.0750111,0.16257313,0.055538513,0.12994547,0.048639335,0.054909937,0.04841992,0.25115147,0.034051057,0.13514888,0.068181925,0.09488553,0.022485418,0.37591428,0.009691548,0.15378307,0.0007908538,0.0007908538
114,0.17874411,0.34709376,0.1446352,0.16901575,0.015316036,-0.031046322,0.12603348,0.21458705,0.10206562,0.14594775,0.027769575,-0.015197663,0.096468404,0.14652452,0.07427688,0.1315867,0.0401498,0.025529113,0.07198051,0.16017622,0.051575262,0.124775454,0.054590926,0.06126595,0.044712324,0.25359994,0.028950134,0.12905528,0.07324749,0.09868478,0.018652583,0.38287807,0.004386627,0.14619495,0.0007908538,0.0007908538
115,0.18168686,0.34968477,0.1474933,0.17717788,0.0071724923,-0.04079296,0.12792856,0.2171147,0.10476323,0.15585104,0.02137297,-0.023337567,0.09839512,0.14698501,0.07671456,0.1420268,0.03554477,0.019031372,0.07374223,0.15769692,0.053680133,0.13584898,0.05229352,0.058195874,0.04495591,0.24835443,0.029201286,0.14174122,0.07406936,0.09896242,0.01581528,0.3779764,0.0005159874,0.1619663,0.0007908538,0.0007908538
116,0.17751643,0.3505575,0.14429735,0.17673242,0.01116785,-0.03606338,0.1254309,0.21465932,0.1021337,0.1539189,0.024974635,-0.01910757,0.096427515,0.14498515,0.07418268,0.13956946,0.038783617,0.02347043,0.07131703,0.15772931,0.050529744,0.13308929,0.0549942,0.0616502,0.042110596,0.2518493,0.025453417,0.13856196,0.07586618,0.100354426,0.013249197,0.38385195,-0.0028993292,0.15812176,0.0007908538,0.0007908538
117,0.1830462,0.3559599,0.14785317,0.17607957,0.013809884,-0.03298379,0.12937513,0.21947774,0.10576779,0.15270464,0.027356097,-0.015335539,0.1004144,0.1487932,0.07829306,0.13808002,0.040949278,0.027583562,0.075472966,0.16159445,0.05508113,0.13137393,0.056810215,0.06462993,0.047043364,0.25651485,0.03158426,0.1365932,0.0770413,0.10138277,0.020672424,0.38829193,0.007354585,0.1557961,0.0007908538,0.0007908538
118,0.1777721,0.35447317,0.14436011,0.17791505,0.012996448,-0.033841014,0.12585706,0.21592636,0.10256107,0.15432085,0.026816119,-0.01672173,0.09723849,0.14552987,0.07480231,0.13965626,0.040691376,0.026311008,0.07187915,0.15887533,0.050868005,0.13305035,0.0569048,0.0641225,0.042350184,0.25496775,0.025588218,0.13854472,0.07755038,0.10145287,0.013971706,0.38868722,-0.0018806346,0.15827875,0.0007908538,0.0007908538
119,0.181433,0.35606828,0.1469758,0.18078662,0.009145598,-0.038200915,0.12792745,0.21852526,0.10463546,0.1582228,0.023646988,-0.020333126,0.0988799,0.1472485,0.07666847,0.14389463,0.038212042,0.023110813,0.07349477,0.15911105,0.052789476,0.13759176,0.055310097,0.06216554,0.043584257,0.25351512,0.02717586,0.1437893,0.0771324,0.10095753,0.014336762,0.38663703,-0.0013822789,0.16483985,0.0007908538,0.0007908538
120,0.18078056,0.35638392,0.14628571,0.17956948,0.011323297,-0.035372872,0.12750956,0.21809222,0.103934586,0.1564182,0.02547881,-0.017987212,0.098438494,0.1472437,0.07595067,0.14188474,0.03970025,0.025161201,0.07291861,0.16012941,0.051956814,0.13540664,0.05632829,0.06339901,0.0431328,0.25595278,0.026524575,0.14127119,0.07746305,0.10116556,0.014465267,0.38972077,-0.0012028189,0.16173606,0.0007908538,0.0007908538
121,0.18218966,0.357651,0.14692135,0.17818108,0.013722933,-0.032516226,0.12847124,0.2191361,0.104476355,0.15448585,0.027510293,-0.015120954,0.09927601,0.14849587,0.076593496,0.13974003,0.041374203,0.027983902,0.07368145,0.1622433,0.052649233,0.1330585,0.057505056,0.065204844,0.044299792,0.25931582,0.027927943,0.13856234,0.07790084,0.101566836,0.016929865,0.39326087,0.0022171042,0.15840837,0.0007908538,0.0007908538
122,0.18341236,0.35925788,0.14774852,0.17849371,0.014721281,-0.03140296,0.1295125,0.22024705,0.105490044,0.15451558,0.028511222,-0.013580002,0.10045954,0.14926347,0.0777848,0.1396237,0.04241929,0.029970335,0.07481043,0.16318612,0.053812448,0.1328425,0.05858591,0.06696786,0.045462213,0.26090655,0.029302124,0.13827574,0.07896879,0.10255811,0.018657096,0.3951156,0.0045940983,0.15807116,0.0007908538,0.0007908538
123,0.18188399,0.35871127,0.14664218,0.17921402,0.014708476,-0.03146501,0.12839702,0.21898805,0.10429368,0.15507229,0.028590357,-0.013839491,0.099327825,0.14824605,0.07641482,0.14012499,0.042606737,0.029920045,0.073387265,0.16259207,0.052056264,0.13334446,0.058902174,0.06724448,0.043489568,0.26110962,0.02672763,0.13884671,0.07941397,0.10289943,0.015861604,0.3961301,0.0007235501,0.158808,0.0007908538,0.0007908538
124,0.18378617,0.35955745,0.14796649,0.17976569,0.014068943,-0.031838607,0.1294385,0.22014187,0.10513488,0.1558311,0.028079934,-0.0146760475,0.100040734,0.14929369,0.077092394,0.14093958,0.042234212,0.028889427,0.07406813,0.16337647,0.0527871,0.1341986,0.058698587,0.06657902,0.044031262,0.26160732,0.027390575,0.13982853,0.07941603,0.102741756,0.01614807,0.39650485,0.0011255053,0.1600477,0.0007908538,0.0007908538
125,0.18341723,0.35878533,0.14771737,0.18109217,0.012289895,-0.033550315,0.12878889,0.21946166,0.10434957,0.15753771,0.026602738,-0.016943434,0.09903225,0.14879757,0.07591937,0.14279388,0.04105855,0.026476325,0.07282789,0.16268256,0.05134133,0.13620286,0.057913832,0.06504578,0.04213063,0.26065785,0.024971118,0.14215454,0.079149485,0.1023379,0.012810997,0.39582664,-0.0035023876,0.16296422,0.0007908538,0.0007908538
126,0.18608972,0.36041078,0.14934106,0.17891891,0.014764497,-0.030245548,0.13056742,0.22140585,0.105667,0.1549399,0.028582308,-0.01430665,0.10052488,0.15099195,0.0772956,0.14003037,0.04252867,0.028429156,0.07446011,0.1655576,0.053069346,0.13321826,0.05869666,0.065848574,0.044507854,0.264297,0.027924914,0.13870573,0.07897977,0.1021161,0.016816216,0.39936382,0.0020362476,0.15868235,0.0007908538,0.0007908538
127,0.18362248,0.35865733,0.14771563,0.18079938,0.012216753,-0.033242144,0.1285759,0.21936159,0.10374725,0.15731214,0.026462201,-0.017456876,0.09836606,0.14920057,0.074937195,0.14261392,0.040830225,0.025452033,0.07194895,0.16362655,0.050176345,0.13603751,0.05755412,0.06402421,0.041046325,0.2622865,0.023497354,0.14199379,0.07859006,0.10161078,0.011304765,0.39817685,-0.0056531304,0.16280948,0.0007908538,0.0007908538
128,0.18613473,0.36005718,0.1493576,0.18178181,0.011119064,-0.03468373,0.13015081,0.22128154,0.10522825,0.15865386,0.025596522,-0.018065406,0.09977534,0.15061997,0.07646258,0.1440589,0.04021246,0.025263347,0.07335608,0.16452022,0.051786814,0.13757235,0.057243545,0.06396999,0.042541713,0.2627102,0.025387634,0.1437751,0.07866164,0.101537704,0.013142268,0.39832214,-0.0031255223,0.16506669,0.0007908538,0.0007908538
129,0.18737014,0.36136568,0.14987935,0.17996514,0.013783142,-0.031544257,0.13107783,0.22239351,0.10577898,0.15621905,0.027785908,-0.014858669,0.10066076,0.1519656,0.07718619,0.1413954,0.041914813,0.028307252,0.074249916,0.16681159,0.052661307,0.13468063,0.058274504,0.065642215,0.04411794,0.26627487,0.027361114,0.14044097,0.07872819,0.10154428,0.016511315,0.40205395,0.0015987493,0.16095296,0.0007908538,0.0007908538
130,0.18516293,0.3594867,0.14820692,0.18145874,0.011923359,-0.0336349,0.12910593,0.22029287,0.10358415,0.15800247,0.026232403,-0.017243749,0.098320864,0.15041184,0.0744669,0.14331959,0.040657144,0.026028497,0.07142467,0.16555294,0.049324304,0.13677707,0.05739037,0.06420297,0.040359482,0.2654328,0.022542749,0.1428964,0.078319065,0.101010926,0.010922729,0.40198198,-0.006167334,0.16405845,0.0007908538,0.0007908538
131,0.18699929,0.36027095,0.14923012,0.18093139,0.012599531,-0.03268774,0.13018034,0.22149174,0.10427939,0.157404,0.02678272,-0.016292129,0.09908104,0.15175305,0.07510084,0.14268114,0.04108255,0.026855864,0.072122484,0.16723697,0.050021898,0.13606937,0.057635874,0.064572796,0.041291583,0.26756042,0.02369762,0.14207353,0.07829592,0.1008961,0.012511817,0.4040795,-0.0039472296,0.1630503,0.0007908538,0.0007908538
132,0.18804553,0.36055896,0.14977318,0.18103532,0.012533001,-0.032647066,0.13072166,0.22208355,0.1045785,0.15756825,0.02673888,-0.016088743,0.09938394,0.15241367,0.075311475,0.14285843,0.041066084,0.027100746,0.072325185,0.16803126,0.05019352,0.13624765,0.0576434,0.064705856,0.041498512,0.26854748,0.023942644,0.14228089,0.07831557,0.100870706,0.012852631,0.40503156,-0.0034682574,0.16332792,0.0007908538,0.0007908538
133,0.18862642,0.36103514,0.14990473,0.18024234,0.013885703,-0.031187389,0.13112216,0.22252403,0.104705185,0.15644865,0.027869362,-0.014369009,0.09970281,0.15304662,0.07548751,0.14161418,0.041973177,0.028838888,0.072567426,0.16926016,0.050363567,0.13488309,0.058238618,0.065726906,0.042006515,0.27058643,0.024561029,0.1407006,0.078453794,0.10097713,0.014170211,0.4072101,-0.0016094005,0.16138071,0.0007908538,0.0007908538
134,0.18763715,0.35933012,0.14893518,0.18266876,0.010465635,-0.035256878,0.12960665,0.22108853,0.1028122,0.15954751,0.024974532,-0.018399764,0.097488314,0.15200444,0.07289543,0.14500049,0.039579175,0.025128415,0.06975423,0.16804287,0.047087226,0.13858464,0.05646617,0.0633926,0.038015053,0.2691383,0.019498663,0.14506032,0.07746385,0.10015008,0.007831493,0.40600514,-0.010405855,0.16691773,0.0007908538,0.0007908538
135,0.19239502,0.36296684,0.15202275,0.18065037,0.012842927,-0.032199394,0.1328624,0.22505066,0.10568486,0.15714988,0.026856875,-0.015559701,0.100532204,0.1556415,0.07606017,0.14243665,0.040942557,0.027394697,0.0731369,0.17193843,0.050941497,0.13580494,0.057108916,0.06424823,0.04262162,0.2734153,0.025460862,0.14186691,0.07707692,0.099674195,0.015152303,0.40988973,-9.9774916e-05,0.16300249,0.0007908538,0.0007908538
136,0.1897003,0.36321586,0.1502679,0.17943788,0.01540445,-0.029032895,0.13149473,0.22369938,0.10447973,0.15515341,0.029040346,-0.013021415,0.09962827,0.1545966,0.07497193,0.14016938,0.042750057,0.029570295,0.07219439,0.17200536,0.04969917,0.13332938,0.058415677,0.065548144,0.0417861,0.2751831,0.02428136,0.1389874,0.0776761,0.09991447,0.014780364,0.41305968,-0.00064557116,0.15942253,0.0007908538,0.0007908538
137,0.19109008,0.3650769,0.15157548,0.18167178,0.013407828,-0.031447344,0.13258532,0.22521965,0.105980165,0.15782022,0.027540166,-0.01477762,0.100926965,0.15515405,0.07656652,0.14296556,0.041784994,0.028334482,0.073565185,0.17154272,0.051336747,0.13630782,0.05813104,0.065164015,0.042885616,0.27394518,0.025693243,0.14244859,0.078250326,0.100196525,0.015468506,0.41205797,0.0003425334,0.16379234,0.0007908538,0.0007908538
138,0.18851066,0.36390844,0.14965837,0.18349576,0.01218337,-0.032860048,0.13048096,0.22302781,0.103678256,0.15963706,0.026618687,-0.016407209,0.09858534,0.15341046,0.07376538,0.14481153,0.04117113,0.027042836,0.07060917,0.17039135,0.04774951,0.13828036,0.057879824,0.06466413,0.03880196,0.2738817,0.020393359,0.14476778,0.07839794,0.100198545,0.009489378,0.4131891,-0.007961599,0.16677414,0.0007908538,0.0007908538
139,0.19307463,0.36728606,0.15272948,0.18238334,0.013827898,-0.030538168,0.13359064,0.22664197,0.10648456,0.15827115,0.02797746,-0.014400253,0.10148545,0.15661262,0.076789245,0.1433149,0.04224161,0.02865577,0.07377782,0.17361435,0.05134268,0.13662294,0.058537744,0.06545816,0.042809207,0.27729532,0.025569385,0.1428498,0.07844547,0.10016655,0.015466422,0.41631836,0.0005108352,0.16442963,0.0007908538,0.0007908538
140,0.188331,0.36455333,0.14932215,0.18326528,0.013700153,-0.030627437,0.13013484,0.22269051,0.10280108,0.15889023,0.02795683,-0.015226786,0.09786413,0.15368621,0.072517276,0.14387998,0.042335387,0.027910171,0.069444425,0.1719359,0.04607815,0.13721919,0.058765832,0.06530086,0.037176788,0.27739468,0.018157175,0.14354898,0.0788039,0.10035809,0.007491973,0.41804922,-0.010745004,0.16534223,0.0007908538,0.0007908538
141,0.19506975,0.36936015,0.15468447,0.1874429,0.009580494,-0.035128213,0.13486978,0.22820047,0.10822477,0.16431583,0.02490216,-0.018564023,0.10277526,0.15681694,0.078355975,0.1496488,0.040468995,0.025480865,0.07486156,0.1721337,0.052584164,0.14335832,0.058444347,0.06463729,0.042568404,0.27469578,0.025139663,0.15066373,0.08048924,0.10116407,0.012908252,0.41454655,-0.0031681405,0.17427644,0.0007908538,0.0007908538
142,0.18901569,0.3695372,0.15072013,0.18456069,0.016990481,-0.026466554,0.1319729,0.22475946,0.105477735,0.15917933,0.031359207,-0.011455095,0.10093477,0.15440679,0.075954005,0.14369194,0.045997743,0.032144655,0.07280158,0.17286003,0.049757827,0.1367724,0.06271018,0.06917079,0.040692076,0.28004414,0.02249383,0.14294368,0.08296111,0.10257857,0.012341969,0.4228173,-0.0038814708,0.16463111,0.0007908538,0.0007908538
143,0.19115193,0.37169656,0.15234008,0.18625389,0.016581727,-0.026697936,0.13346039,0.22642337,0.10698924,0.16090527,0.031278178,-0.011574287,0.10241634,0.15542975,0.07751681,0.14537975,0.046312887,0.032463506,0.074189864,0.17350508,0.051283486,0.13849841,0.06350769,0.0700023,0.041747384,0.2807879,0.02381677,0.14493881,0.08429858,0.10339491,0.013248672,0.42383957,-0.0025548043,0.16719772,0.0007908538,0.0007908538
144,0.19472577,0.37370726,0.15471268,0.1870506,0.016507128,-0.026799042,0.13585445,0.22889915,0.10918286,0.16178922,0.031372152,-0.010892242,0.10462145,0.15738529,0.0798313,0.1462412,0.046622194,0.03363706,0.07638829,0.17514342,0.053755984,0.13934685,0.06407141,0.071109876,0.044125147,0.2823194,0.026865352,0.14590117,0.085137814,0.104024895,0.01641796,0.42502677,0.0019637183,0.16843519,0.0007908538,0.0007908538
145,0.19066213,0.37199473,0.15184222,0.18658182,0.019068856,-0.024102477,0.1334344,0.22574617,0.10659899,0.16044386,0.033693668,-0.008520344,0.102414526,0.15517013,0.07707361,0.144577,0.048733007,0.036260393,0.07364548,0.17475384,0.050250307,0.13745695,0.06588235,0.07322927,0.040764637,0.28454518,0.022305846,0.14365084,0.08648934,0.1049779,0.01238787,0.42886576,-0.0037717335,0.16561824,0.0007908538,0.0007908538
146,0.19421044,0.3726649,0.15411869,0.19083971,0.013828642,-0.03032362,0.13492964,0.227535,0.1078217,0.16601804,0.029499063,-0.0135956155,0.10309656,0.15616678,0.07779581,0.15059882,0.045670435,0.032212563,0.073869444,0.17409004,0.050545417,0.1439445,0.06428718,0.07140269,0.0396762,0.28221834,0.020905927,0.15124105,0.08674713,0.10514982,0.008923931,0.4259913,-0.008699596,0.17522678,0.0007908538,0.0007908538
147,0.19221096,0.37188846,0.15232673,0.1882716,0.017408198,-0.026126001,0.13365562,0.22603676,0.10600609,0.16242684,0.03233479,-0.01012176,0.10170924,0.15589055,0.07585488,0.14666942,0.04767885,0.035030555,0.07226371,0.1759058,0.048430134,0.13968831,0.06516139,0.072484866,0.038595352,0.2863884,0.019455401,0.14629285,0.0860846,0.10456421,0.00909123,0.4310269,-0.008394944,0.16905907,0.0007908538,0.0007908538
148,0.19751921,0.37471104,0.15586169,0.18839978,0.016827632,-0.026574012,0.13703056,0.22995073,0.10914025,0.16287911,0.03181256,-0.010118771,0.10472178,0.15911633,0.07915216,0.14720209,0.047209248,0.034951843,0.07558528,0.17830895,0.052357852,0.14025407,0.06473014,0.07215447,0.042689946,0.2877627,0.02488589,0.14697692,0.085667424,0.10416456,0.014790811,0.4315312,-0.00021635857,0.16996747,0.0007908538,0.0007908538
149,0.19154733,0.37191018,0.1516556,0.18778415,0.018573608,-0.024623968,0.13312702,0.2255117,0.10512299,0.16151792,0.03328572,-0.008997596,0.10098086,0.15593371,0.07474819,0.145623,0.04838662,0.035900407,0.071269065,0.17702258,0.04707362,0.13853459,0.06550681,0.072768055,0.037572447,0.2889337,0.018070042,0.14496355,0.085889325,0.104238585,0.008265022,0.43446398,-0.009512605,0.16745073,0.0007908538,0.0007908538
150,0.19998844,0.378778,0.15824093,0.19119173,0.016553506,-0.026788745,0.13939364,0.23258598,0.11217686,0.1655922,0.03209837,-0.009637517,0.10773157,0.1601615,0.0826259,0.14979565,0.048195593,0.036343154,0.07868746,0.17839353,0.055919375,0.14288794,0.06658631,0.07416409,0.045518015,0.28778154,0.028503448,0.15000746,0.08851814,0.10579267,0.017911304,0.43224633,0.0043013575,0.17383821,0.0007908538,0.0007908538
151,0.18630335,0.37615797,0.14994703,0.19050862,0.022720985,-0.019728849,0.13219008,0.22397386,0.10622708,0.1626795,0.03777786,-0.0042806473,0.10262502,0.15255016,0.07691722,0.14609374,0.05346504,0.041982595,0.07296052,0.17421724,0.048762325,0.13869369,0.07128929,0.078963965,0.038499262,0.28921476,0.018885892,0.14498332,0.0923713,0.10822537,0.009257004,0.43864933,-0.008120933,0.16749194,0.0007908538,0.0007908538
152,0.18934558,0.3820196,0.15362772,0.20000207,0.015075054,-0.027926503,0.13469738,0.22740267,0.110588886,0.17389868,0.03238139,-0.011318165,0.10614654,0.15191877,0.08157134,0.1577874,0.050729796,0.037017893,0.076337054,0.16896015,0.052847434,0.1511216,0.0720775,0.07865367,0.03904455,0.28081197,0.019346433,0.15942447,0.09752549,0.11097714,0.005327276,0.4316225,-0.013937894,0.18571883,0.0007908538,0.0007908538
153,0.18705505,0.38482943,0.15257606,0.19644305,0.02157358,-0.020347096,0.13461745,0.22758389,0.110936224,0.16849062,0.037745852,-0.0049244226,0.10720085,0.15242822,0.08262263,0.15174288,0.054783147,0.042312827,0.07797541,0.17165336,0.054596353,0.1445915,0.07423021,0.08059136,0.042881124,0.2861488,0.024321826,0.15191334,0.09708424,0.10963758,0.013578886,0.43866318,-0.0021343203,0.17643175,0.0007908538,0.0007908538
154,0.17949565,0.38180628,0.1473923,0.19666626,0.021528447,-0.020363128,0.12945418,0.22244667,0.10585334,0.16838118,0.037603136,-0.006220114,0.10221488,0.14842749,0.077035464,0.15161832,0.05447441,0.04043227,0.072466254,0.16914062,0.048146863,0.14455692,0.07365998,0.0788817,0.036370173,0.2855378,0.015853817,0.15197396,0.09611047,0.10839044,0.004858525,0.44021124,-0.014582945,0.17661572,0.0007908538,0.0007908538
155,0.18446636,0.3860531,0.15118109,0.19832441,0.01969776,-0.022116095,0.13285065,0.22681715,0.10963019,0.17056501,0.03616871,-0.007751426,0.10571111,0.15124424,0.08110462,0.15394813,0.053490166,0.038856193,0.07641253,0.17009906,0.052853882,0.14704798,0.07325195,0.07789852,0.040663794,0.2846681,0.021503743,0.15490377,0.096391276,0.108143345,0.009956242,0.43903774,-0.007281094,0.18035622,0.0007908538,0.0007908538
156,0.18212953,0.3862309,0.14986502,0.19838391,0.021007562,-0.02085741,0.13176402,0.22570759,0.10880715,0.17012322,0.037390843,-0.0067009577,0.105075,0.15022127,0.08037739,0.15332268,0.054632165,0.040105157,0.075656705,0.1698094,0.05189694,0.14633119,0.074250154,0.078913756,0.03976951,0.28565,0.020309439,0.15406941,0.09714463,0.108470045,0.009089347,0.44103706,-0.00847771,0.17934285,0.0007908538,0.0007908538
157,0.1788813,0.38724658,0.14820164,0.19958168,0.022903794,-0.019183835,0.13051489,0.22431871,0.10815881,0.17050008,0.039371908,-0.004497873,0.10470536,0.14847167,0.079975516,0.1533537,0.05678892,0.04329586,0.07493954,0.16895711,0.0509236,0.146223,0.07656883,0.08183282,0.038572423,0.28677708,0.018682465,0.15391883,0.099510156,0.10980821,0.007851299,0.4434198,-0.01017298,0.17922617,0.0007908538,0.0007908538
158,0.18130101,0.39210135,0.15085275,0.20385905,0.021577455,-0.020801002,0.13296501,0.22724013,0.111595705,0.17483759,0.03889735,-0.005009705,0.107980065,0.14920406,0.083855726,0.15758401,0.057385728,0.04439988,0.078080654,0.1681624,0.054577645,0.15057094,0.07851781,0.08429331,0.040847745,0.2855588,0.021599755,0.15893373,0.10300073,0.11197589,0.009676843,0.44238126,-0.0075236917,0.18561335,0.0007908538,0.0007908538
159,0.17642218,0.39261532,0.14816362,0.202442,0.026705867,-0.015320347,0.131194,0.22494467,0.11038527,0.17175709,0.043431222,0.00036095368,0.10740186,0.14734416,0.08310279,0.15389064,0.061283283,0.05024645,0.077419125,0.16869098,0.053590845,0.14646757,0.08146361,0.08820539,0.040917203,0.28938404,0.021629207,0.15413396,0.104618736,0.112846985,0.011790238,0.44761595,-0.0043572783,0.17964028,0.0007908538,0.0007908538
160,0.18346944,0.39662492,0.15278825,0.20482872,0.023415038,-0.018595468,0.13516234,0.23001191,0.1140799,0.17498702,0.04070155,-0.002557055,0.11071747,0.1510993,0.08672701,0.15738009,0.059183307,0.047150202,0.080936834,0.17027497,0.057731554,0.15020558,0.0801755,0.08605793,0.044377647,0.28859156,0.02624015,0.15853533,0.10426828,0.1120258,0.01538901,0.44593182,0.0008795257,0.18526274,0.0007908538,0.0007908538
161,0.17723027,0.3922926,0.14773698,0.20542009,0.020036153,-0.022035828,0.12956813,0.22515249,0.107751206,0.17619048,0.03739807,-0.007759032,0.10421184,0.14790674,0.07930198,0.15898636,0.055840056,0.04020834,0.0738845,0.16783567,0.049573246,0.15218283,0.0767916,0.07985662,0.03604624,0.28661025,0.015481613,0.16101159,0.10080626,0.10832791,0.0035748002,0.44605732,-0.015981518,0.18849845,0.0007908538,0.0007908538
162,0.18167067,0.39449975,0.14978923,0.19886611,0.024077643,-0.017368501,0.13227722,0.22922747,0.10937628,0.16886394,0.039814603,-0.003705998,0.106288046,0.15332456,0.08117512,0.15153691,0.056178086,0.041264076,0.077262074,0.17474777,0.053483907,0.14442083,0.07425784,0.07585717,0.043979943,0.29336262,0.026069403,0.15219383,0.09467766,0.10240121,0.018713523,0.4525811,0.0058196727,0.17756079,0.0007908538,0.0007908538
163,0.17701536,0.39055476,0.14588036,0.19924349,0.020685824,-0.021253975,0.12785964,0.22534989,0.10429314,0.16992903,0.036456767,-0.0086514875,0.100938946,0.15089487,0.07505527,0.15300895,0.052682262,0.0348498,0.07152923,0.1728662,0.046829008,0.14625129,0.07055,0.06966942,0.037729587,0.29144794,0.017963475,0.15450199,0.090692945,0.09833668,0.010248303,0.45241553,-0.0064064306,0.18059729,0.0007908538,0.0007908538
164,0.18217081,0.3937534,0.14945467,0.20043369,0.01793516,-0.024098333,0.13091324,0.22943582,0.10732907,0.1719589,0.034015182,-0.011394581,0.10361399,0.15398557,0.0780884,0.15534262,0.050527714,0.03154815,0.07465247,0.1742717,0.050564438,0.14882757,0.06874762,0.06673829,0.041478664,0.2907716,0.02290589,0.15756851,0.08931036,0.09666332,0.014872361,0.45139122,0.00019073114,0.1845272,0.0007908538,0.0007908538
165,0.17380449,0.39194182,0.14416352,0.1972733,0.023899924,-0.017409911,0.12659971,0.22469194,0.10347042,0.16708042,0.039106376,-0.006309568,0.10051295,0.15043837,0.074530624,0.14988019,0.054711662,0.035975702,0.071523525,0.17353532,0.046641026,0.14289433,0.071732916,0.06939836,0.03854931,0.29391813,0.01884471,0.15062276,0.09075933,0.09724882,0.012423195,0.4577637,-0.0033973563,0.17575242,0.0007908538,0.0007908538
166,0.17411618,0.39396328,0.14502423,0.2031282,0.019112376,-0.022460349,0.12663855,0.22520566,0.10421822,0.17386472,0.035583105,-0.011214249,0.10072827,0.14931306,0.07502926,0.1569175,0.05266086,0.03206764,0.0713391,0.17034827,0.046462085,0.15035936,0.07159668,0.068384975,0.036418635,0.28936392,0.015949303,0.15929659,0.092913434,0.098374315,0.0069842404,0.45404017,-0.011304315,0.18676747,0.0007908538,0.0007908538
167,0.17892002,0.3993926,0.14887877,0.20364279,0.020095272,-0.021020204,0.13057812,0.22999157,0.10866597,0.17416239,0.036605407,-0.0095526185,0.1052379,0.1525731,0.08013006,0.15706986,0.05376994,0.03382826,0.07642116,0.17257276,0.052344527,0.15043409,0.072758935,0.06963121,0.042480655,0.2909086,0.023791865,0.15938678,0.09404293,0.098777145,0.01540521,0.4554881,0.000749316,0.18694778,0.0007908538,0.0007908538
168,0.17105803,0.39694244,0.14367159,0.20236513,0.024102462,-0.016564,0.12603357,0.22494386,0.10424895,0.17156012,0.04012874,-0.0064094923,0.10139533,0.14876114,0.07567366,0.15401116,0.05680109,0.036900662,0.072091356,0.17134297,0.047054734,0.14708094,0.0750923,0.071903765,0.037501886,0.29330593,0.017119173,0.15548043,0.09539981,0.09953086,0.00951511,0.460449,-0.0077722813,0.18207541,0.0007908538,0.0007908538
169,0.17973977,0.4020053,0.14943613,0.20677298,0.019083794,-0.02171776,0.1308477,0.23096314,0.10882962,0.17722228,0.036080606,-0.010767153,0.105357155,0.15293312,0.080065444,0.16004732,0.053845495,0.03305493,0.07600415,0.17276618,0.051672094,0.15351643,0.07352405,0.069869995,0.040881604,0.2918752,0.021564394,0.16301398,0.09543225,0.09925547,0.012343388,0.4577,-0.0037635262,0.19170725,0.0007908538,0.0007908538
170,0.17175722,0.39900056,0.14381464,0.20252857,0.02611788,-0.013869388,0.12636177,0.2258834,0.10399421,0.17097916,0.041912045,-0.0046516918,0.10144336,0.15006322,0.075272374,0.15313654,0.058336668,0.038493954,0.07173052,0.17392018,0.046326656,0.14604506,0.076165676,0.07277749,0.03698596,0.29786843,0.016291333,0.15432629,0.095669255,0.09925692,0.009386771,0.46613675,-0.008061031,0.18080303,0.0007908538,0.0007908538
171,0.17931113,0.40436578,0.14907318,0.2076698,0.021381231,-0.018782513,0.13075872,0.23133853,0.10849533,0.17719576,0.038287483,-0.008432554,0.10537967,0.15333381,0.07973741,0.15964723,0.0560088,0.035695665,0.075557135,0.1744078,0.05086255,0.152955,0.07548632,0.071981035,0.04001186,0.29579693,0.020280994,0.1624162,0.09686888,0.09984402,0.011613785,0.4629335,-0.004876362,0.19116627,0.0007908538,0.0007908538
172,0.17782347,0.4044916,0.14794934,0.20479093,0.026246171,-0.013342347,0.13041483,0.23080613,0.10783455,0.17302157,0.04233608,-0.0037002682,0.10531778,0.15379399,0.07932697,0.15501279,0.059147403,0.039989833,0.075538576,0.17703916,0.050592847,0.14790858,0.077348776,0.074190356,0.040954635,0.30094868,0.021433681,0.15653509,0.0970695,0.099786356,0.014669938,0.46894094,-0.0004205815,0.18378896,0.0007908538,0.0007908538
173,0.17910983,0.40446395,0.14843656,0.20728667,0.023043692,-0.016491218,0.13032079,0.23100837,0.10729635,0.1762308,0.03968599,-0.0069547486,0.10444225,0.15390784,0.078221835,0.15848207,0.057103988,0.036793962,0.074188754,0.17652243,0.049000558,0.15166344,0.0760821,0.07230267,0.038510475,0.2998106,0.01821227,0.16097157,0.09668817,0.09929632,0.010197409,0.46777472,-0.006975722,0.18949227,0.0007908538,0.0007908538
174,0.18344145,0.40677693,0.1511605,0.2062563,0.024236033,-0.015023071,0.13320678,0.23418382,0.109810054,0.17497684,0.040605366,-0.0051663285,0.107072674,0.1569418,0.08095448,0.15713677,0.05770392,0.038335744,0.077120386,0.17959549,0.052358195,0.15018861,0.07621973,0.07272558,0.04256854,0.3027373,0.023593951,0.1592613,0.09621446,0.09881929,0.016590245,0.47011942,0.0023785275,0.18736765,0.0007908538,0.0007908538
175,0.17678083,0.40440625,0.14689453,0.20534427,0.027071869,-0.012283074,0.12951909,0.22988905,0.10639899,0.17315651,0.043116234,-0.0026411437,0.10407643,0.1535334,0.07751221,0.15499352,0.059890926,0.04117189,0.07370814,0.17820537,0.048136737,0.14781985,0.07795921,0.074838564,0.038662486,0.3042058,0.018236056,0.15645663,0.0973561,0.09960784,0.011919764,0.47372454,-0.0044895913,0.18382011,0.0007908538,0.0007908538
176,0.18340138,0.40870622,0.15143046,0.20931786,0.022161605,-0.017496658,0.1332237,0.2346065,0.110249884,0.17834648,0.039137516,-0.0066408613,0.107351035,0.1562831,0.08133153,0.16057627,0.056970246,0.037783213,0.07706765,0.1781381,0.052200105,0.15382494,0.076411165,0.0731551,0.041578066,0.30131438,0.022115048,0.16352098,0.097403504,0.09955066,0.0143084405,0.4699154,-0.001079743,0.19285339,0.0007908538,0.0007908538
177,0.17476054,0.40575233,0.14586432,0.206242,0.027983485,-0.011518068,0.12876062,0.22928563,0.10605334,0.17359003,0.04406985,-0.0013094987,0.10393797,0.15248936,0.07733187,0.15523851,0.060930777,0.04309146,0.0733826,0.17764866,0.047581915,0.14801048,0.079047054,0.07641666,0.03811641,0.30504248,0.017326064,0.15669154,0.09836218,0.100189015,0.011406428,0.47625655,-0.005357531,0.18421367,0.0007908538,0.0007908538
178,0.17879207,0.40817752,0.14832836,0.21022294,0.022899471,-0.01705504,0.13037328,0.2318482,0.10748126,0.1787303,0.039861258,-0.00600503,0.10482087,0.15384367,0.07833954,0.16078097,0.057694845,0.038821846,0.073953725,0.17699398,0.048322417,0.15400355,0.07705091,0.07386535,0.037713893,0.30245385,0.01681644,0.16377626,0.09775211,0.09946637,0.009353592,0.47344357,-0.008427145,0.19331633,0.0007908538,0.0007908538
179,0.17848898,0.40902698,0.14811,0.20815125,0.025641311,-0.01434875,0.13065208,0.23230813,0.107696615,0.17592528,0.042020917,-0.0033134136,0.10538056,0.15467945,0.07881839,0.15773377,0.059167717,0.04109336,0.07478669,0.1788786,0.04919126,0.15072097,0.07757195,0.074446335,0.039717074,0.30545694,0.019451754,0.15997031,0.09706464,0.09869832,0.013537714,0.47713676,-0.0023032585,0.18855172,0.0007908538,0.0007908538
180,0.17983471,0.4095538,0.14867641,0.20794745,0.026157934,-0.014146396,0.13132107,0.2331127,0.107893154,0.17552175,0.042406723,-0.0028195374,0.10568199,0.15580785,0.07889388,0.15726027,0.059387166,0.041617,0.074941136,0.18054447,0.04924789,0.15019305,0.077516735,0.07445863,0.040097147,0.30771497,0.019941974,0.1593868,0.09659303,0.09824178,0.014520359,0.47951275,-0.00084867247,0.18789251,0.0007908538,0.0007908538
181,0.1805674,0.40890852,0.14872895,0.20990609,0.023515217,-0.016819166,0.13087697,0.23285553,0.10690779,0.17806098,0.040195946,-0.0058124354,0.10443067,0.15575047,0.077314645,0.16001494,0.057646576,0.038577903,0.073193416,0.18016045,0.047146294,0.15317875,0.07636947,0.0726261,0.03725476,0.30702302,0.016150836,0.16291766,0.09610336,0.09773658,0.009627092,0.47894177,-0.00803886,0.19243003,0.0007908538,0.0007908538
182,0.18066286,0.40896466,0.14861311,0.20819843,0.025222732,-0.014835413,0.13101763,0.23305884,0.10676579,0.17592633,0.041453302,-0.0043077064,0.10449888,0.15650144,0.07722339,0.15775171,0.058358125,0.03950718,0.07340879,0.18172276,0.047327697,0.15075725,0.07633713,0.072479345,0.038203757,0.3092805,0.01742892,0.16010785,0.09515027,0.09694173,0.0118594775,0.4814625,-0.0047391998,0.18889883,0.0007908538,0.0007908538
183,0.18470798,0.41131523,0.15134624,0.20868544,0.024513675,-0.015287072,0.13356908,0.2359804,0.1092285,0.17664188,0.040857784,-0.004672182,0.10684569,0.15879005,0.07982307,0.15852857,0.057885904,0.038997967,0.07601839,0.18313277,0.05041764,0.1515804,0.076004975,0.072042175,0.041268136,0.30966803,0.021539247,0.161084,0.09495551,0.09673273,0.01593359,0.481233,0.0012466883,0.1901666,0.0007908538,0.0007908538
184,0.17930783,0.40958747,0.14800699,0.20896673,0.02595386,-0.013808438,0.13052124,0.23244841,0.10650411,0.17635347,0.04227071,-0.003532179,0.10434761,0.1557313,0.076988645,0.15802799,0.059320066,0.040497072,0.07307276,0.18134885,0.04678227,0.15097618,0.077452,0.07356949,0.03744621,0.30993226,0.016291736,0.16034366,0.09636705,0.09764353,0.010671069,0.48325846,-0.0064841784,0.18923725,0.0007908538,0.0007908538
185,0.18663189,0.41383052,0.15298009,0.21059777,0.023759406,-0.015880946,0.13508184,0.23769794,0.1109982,0.17859207,0.040469963,-0.004724072,0.1085413,0.15960945,0.081688695,0.16044657,0.057963192,0.039404605,0.07767099,0.18334132,0.052258484,0.15355833,0.07665198,0.072809786,0.042715408,0.30979684,0.023389094,0.16338463,0.09618976,0.09739942,0.01749862,0.48191345,0.0035885535,0.19313352,0.0007908538,0.0007908538
186,0.17442876,0.40832743,0.14498587,0.21006216,0.027323836,-0.012195761,0.12779018,0.22908749,0.10392969,0.17679483,0.043744493,-0.0021246537,0.10202906,0.1528411,0.07417307,0.15820774,0.06098783,0.042479873,0.07007064,0.18000993,0.042926297,0.15104471,0.07932687,0.07567796,0.033251703,0.31126067,0.010445407,0.1603757,0.09837471,0.09894866,0.004733376,0.48683754,-0.015209297,0.18932284,0.0007908538,0.0007908538
187,0.18097411,0.4159089,0.1506225,0.21572998,0.023460392,-0.015926406,0.13271491,0.23521735,0.11022649,0.18333498,0.041201502,-0.0047480627,0.10779796,0.15542728,0.081122905,0.1649175,0.06010755,0.040979765,0.07628412,0.17881918,0.050359543,0.15811445,0.080617905,0.07637537,0.038930982,0.30724847,0.017931428,0.16861217,0.102154754,0.100714505,0.010390166,0.48306268,-0.006959565,0.19979927,0.0007908538,0.0007908538
188,0.17794155,0.4195918,0.15012772,0.21342897,0.030230116,-0.008379723,0.13341466,0.23579763,0.112460844,0.17923322,0.04727748,0.002183753,0.11080688,0.15514368,0.08470055,0.16009027,0.06549842,0.047912214,0.08018795,0.17975894,0.0547443,0.15273164,0.08502846,0.08105594,0.044609644,0.31063378,0.02522784,0.16223387,0.10529905,0.10225569,0.019942727,0.4889852,0.006922559,0.1917167,0.0007908538,0.0007908538
189,0.1720108,0.41661263,0.14562911,0.21459854,0.026522273,-0.011990773,0.12828203,0.23152162,0.10696981,0.18115412,0.043774594,-0.0038688614,0.10512638,0.15178834,0.07829314,0.16242778,0.06212689,0.03976083,0.074216835,0.17635283,0.047765974,0.15546928,0.08185117,0.07409519,0.037250753,0.30725297,0.015447825,0.16558243,0.10230588,0.09840314,0.0089122355,0.488665,-0.009259178,0.19607283,0.0007908538,0.0007908538
190,0.17246887,0.4173714,0.14575088,0.21203254,0.027888175,-0.010140233,0.12862162,0.23248911,0.10704229,0.17830288,0.04450353,-0.0032727649,0.10543047,0.15330572,0.07847488,0.1595647,0.06202105,0.038520344,0.0751847,0.1783165,0.048845995,0.15251142,0.080612935,0.071175225,0.03977952,0.30925998,0.018819893,0.16221753,0.09969866,0.095503755,0.013682243,0.4918771,-0.0022622477,0.19186543,0.0007908538,0.0007908538
191,0.17369668,0.41749257,0.14611436,0.21407682,0.023566825,-0.014578318,0.12824787,0.23288803,0.10629449,0.18138628,0.04063982,-0.008004785,0.10423893,0.15350775,0.077130936,0.1630769,0.058600985,0.03301126,0.07384761,0.17733005,0.047373682,0.15641242,0.077783085,0.06670641,0.037858043,0.306769,0.016335618,0.16687004,0.09754373,0.0932432,0.010171663,0.48980108,-0.007450247,0.19785573,0.0007908538,0.0007908538
192,0.17486942,0.41814816,0.1464609,0.21007137,0.026615398,-0.011359537,0.12918481,0.23427583,0.106719084,0.17669958,0.042702604,-0.004802429,0.1050892,0.15576357,0.0778257,0.15824303,0.05942129,0.034976624,0.07525374,0.18086793,0.04895814,0.1513323,0.076900735,0.06573437,0.04143839,0.31107363,0.021169875,0.1610451,0.09457348,0.09068058,0.017427163,0.49430546,0.003234376,0.1905552,0.0007908538,0.0007908538
193,0.17557952,0.4177559,0.14638126,0.2111163,0.02380423,-0.014544201,0.12870465,0.23422101,0.10575731,0.17835388,0.040077057,-0.007401392,0.10388891,0.15585095,0.07638278,0.1601775,0.05691547,0.032172076,0.07379862,0.18060912,0.047292758,0.15351956,0.07452779,0.06305854,0.039787848,0.31017503,0.0190644,0.16369718,0.092304096,0.088874385,0.015119563,0.49345258,-0.00014733919,0.19402269,0.0007908538,0.0007908538
194,0.17214134,0.41648558,0.14398295,0.21047707,0.02557594,-0.01300279,0.12671843,0.23200381,0.10372443,0.17713176,0.041616954,-0.005510552,0.1021815,0.15422384,0.07433802,0.15875557,0.058213312,0.034389254,0.071808055,0.18029217,0.044806484,0.15196173,0.07548335,0.064533696,0.037623774,0.31164938,0.01610499,0.1618833,0.092793696,0.08923211,0.012775029,0.49614635,-0.0035758454,0.19176155,0.0007908538,0.0007908538
195,0.17402567,0.41785976,0.14526376,0.2115979,0.024775133,-0.014079132,0.12790415,0.23338263,0.10490402,0.17840384,0.041040633,-0.00584196,0.10329233,0.15512724,0.07554553,0.1600595,0.057908617,0.034455556,0.07288886,0.18072872,0.046042226,0.1533293,0.07551511,0.06478784,0.03867992,0.3117363,0.017486723,0.16348082,0.093180485,0.08945862,0.014013541,0.49609864,-0.0017474862,0.19382165,0.0007908538,0.0007908538
196,0.17453445,0.41825137,0.14555807,0.2119682,0.02454809,-0.014518924,0.12817588,0.23374538,0.10510611,0.17879634,0.04087335,-0.0060511343,0.10348997,0.15541737,0.07571625,0.16045621,0.057812218,0.03436551,0.073032044,0.18097268,0.046177126,0.15374541,0.07549878,0.06474501,0.038773894,0.31200865,0.017596235,0.16397376,0.093231566,0.08941429,0.014099904,0.49646565,-0.0016173704,0.19447143,0.0007908538,0.0007908538
197,0.1725108,0.41727522,0.14410968,0.21045485,0.026811153,-0.0120743085,0.12709883,0.23244688,0.10386379,0.1766962,0.042756412,-0.004214007,0.10254031,0.15484726,0.07449805,0.15815894,0.059274886,0.035920102,0.07201577,0.18161024,0.044859707,0.15125856,0.076400824,0.06557636,0.037878573,0.31404966,0.016343633,0.16106513,0.0934567,0.08949353,0.01345041,0.49923712,-0.002571021,0.19079013,0.0007908538,0.0007908538
198,0.17300041,0.41730577,0.14428659,0.21245074,0.024816202,-0.013901727,0.12689647,0.23233385,0.1034409,0.1790617,0.041166116,-0.006146732,0.10190579,0.15460882,0.07370048,0.16064641,0.05814598,0.03418924,0.07099905,0.18102081,0.043632343,0.15391934,0.07585259,0.06480211,0.036021624,0.3132385,0.013868963,0.16419043,0.09353605,0.08950186,0.010172752,0.4984748,-0.0073559806,0.19480608,0.0007908538,0.0007908538
199,0.1762602,0.42099822,0.14699475,0.21308866,0.025591293,-0.012929276,0.12974416,0.23555487,0.10672199,0.17946419,0.042044934,-0.0044918666,0.10526508,0.15675606,0.077498205,0.1609119,0.05920478,0.036207736,0.07474669,0.18252663,0.04798909,0.15411164,0.07712145,0.0663715,0.040518273,0.31443447,0.019834183,0.16438997,0.09499919,0.090198494,0.016568776,0.49967247,0.0021256858,0.19508381,0.0007908538,0.0007908538
200,0.17117944,0.4199734,0.14398046,0.21318784,0.02734804,-0.01122724,0.12710303,0.23267153,0.10451156,0.1789212,0.043738157,-0.0029516034,0.10333597,0.1541778,0.07533233,0.16013145,0.060883865,0.038020253,0.07257109,0.18116646,0.04529062,0.15320987,0.07876733,0.067917265,0.037859835,0.3151174,0.016181445,0.16331504,0.09655844,0.09094311,0.013167524,0.5023942,-0.0028301026,0.19373932,0.0007908538,0.0007908538
201,0.17267881,0.42158544,0.14513817,0.21455441,0.02712114,-0.011315796,0.1282141,0.23386177,0.10566492,0.18023771,0.043765813,-0.0027681706,0.104478166,0.15489663,0.07651812,0.16138667,0.061254524,0.03857714,0.073607996,0.18164304,0.04639779,0.15447588,0.07955998,0.068801366,0.038636293,0.3157349,0.017138712,0.16477306,0.097780675,0.09168264,0.013872435,0.5033005,-0.0017661382,0.19562522,0.0007908538,0.0007908538
202,0.17385784,0.4227981,0.14599003,0.21382098,0.028259905,-0.009931919,0.12923275,0.23503737,0.1066354,0.17921835,0.04470544,-0.0017231558,0.105591305,0.15605623,0.07766241,0.16026457,0.06196821,0.039297663,0.07493587,0.18299317,0.047879405,0.15325062,0.07995749,0.06898458,0.0404881,0.31734943,0.019574558,0.16334689,0.097779095,0.09147881,0.016798774,0.50518423,0.002557905,0.19384107,0.0007908538,0.0007908538
203,0.17972785,0.4257465,0.14978272,0.21601976,0.024995893,-0.012998223,0.13239658,0.23880236,0.10952133,0.18223137,0.041934848,-0.0046163346,0.10808735,0.15883675,0.08039077,0.16355617,0.05973985,0.036251795,0.07754127,0.18399362,0.05096421,0.15680164,0.07842186,0.06688724,0.043069363,0.31633705,0.02303024,0.16753079,0.097002424,0.090698004,0.019488642,0.50336486,0.006489566,0.1992071,0.0007908538,0.0007908538
204,0.16642442,0.42003545,0.14133057,0.21576639,0.027653756,-0.010435536,0.12445963,0.22974855,0.10212558,0.18098743,0.044418488,-0.003587429,0.10112789,0.15133448,0.072546914,0.1619742,0.062094238,0.037417356,0.069686644,0.17937796,0.04143657,0.15504165,0.080605924,0.06833493,0.033301048,0.3160161,0.009718299,0.16542208,0.09894663,0.091697,0.006041132,0.5072516,-0.013269768,0.19651641,0.0007908538,0.0007908538
205,0.172827,0.42682168,0.14670303,0.2179217,0.026421694,-0.0115933325,0.12956944,0.2358385,0.10825356,0.18342282,0.043664657,-0.004007746,0.1070286,0.15497756,0.07942489,0.16443664,0.061958734,0.037202626,0.076428354,0.18049492,0.049403347,0.15759853,0.08127113,0.06847873,0.041036714,0.31495127,0.019986697,0.16838498,0.10050155,0.09206204,0.016150128,0.5061476,0.0016112545,0.20029862,0.0007908538,0.0007908538
206,0.16535848,0.42440498,0.14220577,0.21854495,0.027305325,-0.0108745815,0.12526053,0.23117773,0.10452412,0.18362385,0.044624813,-0.004011018,0.10345799,0.1507827,0.075513974,0.16448317,0.06306266,0.037286103,0.072455205,0.17753538,0.044645406,0.15761162,0.08256543,0.06890144,0.036023922,0.31414708,0.013212615,0.16837694,0.10198718,0.092445254,0.009142826,0.5080251,-0.008614033,0.20029055,0.0007908538,0.0007908538
207,0.17276958,0.43043277,0.14786011,0.22052662,0.026131589,-0.011986941,0.13066576,0.2372746,0.11048665,0.18591987,0.04389821,-0.004097685,0.10920444,0.154819,0.08205204,0.16681106,0.06291901,0.03766536,0.07879425,0.1793422,0.052061204,0.16001095,0.0831712,0.069582276,0.043171477,0.31385863,0.022632387,0.1711466,0.10342108,0.09307728,0.018405864,0.5069144,0.004922197,0.20382692,0.0007908538,0.0007908538
208,0.16060947,0.4253909,0.14019917,0.21881998,0.030376622,-0.007724643,0.12378791,0.22944278,0.10412677,0.18297102,0.04767129,-0.0015526353,0.10344928,0.14863443,0.07559407,0.16343305,0.066209055,0.04007841,0.072533794,0.17631915,0.04451167,0.15633576,0.0858098,0.07146597,0.035946872,0.31518552,0.012831019,0.16681361,0.10527425,0.09384032,0.00919953,0.5119465,-0.008594278,0.19829684,0.0007908538,0.0007908538
209,0.16414182,0.42924282,0.1431104,0.22116189,0.028661303,-0.009172721,0.12631443,0.23265499,0.10709858,0.18562469,0.04644455,-0.0030528698,0.10617154,0.15046602,0.07871342,0.16614726,0.06560435,0.038612906,0.07546394,0.17658277,0.047921203,0.15917656,0.08601968,0.07089144,0.03876742,0.31421927,0.01653466,0.17011344,0.106378265,0.09402926,0.012230291,0.5111941,-0.004103125,0.20253183,0.0007908538,0.0007908538
210,0.16235054,0.42964542,0.1422836,0.22181106,0.029230196,-0.008722895,0.12560545,0.23196127,0.10674356,0.18600516,0.047100633,-0.002461826,0.105907336,0.14956972,0.07844321,0.1664066,0.0664066,0.03956646,0.07509714,0.17599986,0.04742364,0.15939854,0.086995535,0.071859404,0.03817704,0.31445977,0.015689308,0.17035533,0.107509516,0.09455433,0.011441078,0.51235694,-0.0052313395,0.20285754,0.0007908538,0.0007908538
211,0.1638815,0.43158048,0.1434936,0.22169322,0.029903594,-0.007959964,0.12691337,0.23360458,0.10815827,0.18564247,0.047681883,-0.0017556755,0.107412696,0.15085605,0.08007964,0.16595218,0.0668824,0.04017004,0.07681745,0.17711374,0.049384907,0.15888585,0.08729664,0.07208262,0.040369857,0.31550714,0.018588264,0.16977283,0.107550316,0.0944086,0.014710836,0.51348376,-0.0004064513,0.20216115,0.0007908538,0.0007908538
212,0.16032049,0.43175498,0.14155212,0.22250113,0.030438446,-0.0077020545,0.1250769,0.2319813,0.10684956,0.18608046,0.04828959,-0.001803624,0.10623531,0.14898472,0.078866065,0.16624117,0.0676092,0.04053151,0.07546609,0.1755616,0.047768928,0.15915102,0.0881508,0.07288217,0.038423818,0.31501845,0.015971392,0.17008467,0.108475246,0.095024176,0.011919116,0.51431155,-0.004434784,0.202606,0.0007908538,0.0007908538
213,0.1555413,0.43342683,0.13950387,0.2244874,0.032146335,-0.0063239983,0.12332969,0.23044069,0.10634086,0.18729086,0.050292842,-0.00025895744,0.10596394,0.14643939,0.07877489,0.16707133,0.070119366,0.04344661,0.07490184,0.17334107,0.046979245,0.15985627,0.091291115,0.07651616,0.036825135,0.3146921,0.013687382,0.17084268,0.112211466,0.09747405,0.009310069,0.5159918,-0.008215318,0.20360973,0.0007908538,0.0007908538
214,0.16187616,0.44005597,0.14452155,0.22704947,0.03049428,-0.008057878,0.12799014,0.23635954,0.11170807,0.19010025,0.04914185,-0.0010671146,0.111074254,0.15015568,0.0846094,0.16989838,0.06961911,0.043019917,0.08050222,0.17472635,0.05351032,0.16278934,0.091628775,0.07661796,0.042904213,0.31411424,0.021729296,0.17425716,0.11342799,0.097838625,0.01696419,0.5151689,0.0030305681,0.20801167,0.0007908538,0.0007908538
215,0.15091011,0.43571922,0.13760425,0.22565593,0.033324543,-0.0059032734,0.12168854,0.22963713,0.10590429,0.18782596,0.05156425,0.00057975436,0.10572207,0.1448273,0.07869718,0.16735445,0.07155881,0.04481885,0.07474321,0.17219517,0.04673,0.16008987,0.09289614,0.07762812,0.036684804,0.31525332,0.013469265,0.17112868,0.1138862,0.09778499,0.0095030395,0.51935554,-0.0077901334,0.20405369,0.0007908538,0.0007908538
216,0.15948647,0.44186732,0.14360757,0.22814138,0.03122246,-0.008001545,0.12727168,0.23617525,0.11159295,0.1907351,0.04996235,1.8732419e-05,0.11109162,0.14954104,0.08460892,0.17033926,0.070595205,0.044764582,0.08040447,0.17477395,0.053261112,0.16318567,0.09274699,0.077769525,0.042921226,0.31569538,0.021707287,0.17472886,0.11458142,0.09795582,0.017508062,0.5186269,0.003964049,0.20869446,0.0007908538,0.0007908538
217,0.15516993,0.44110757,0.1411195,0.2286088,0.03214613,-0.0070992634,0.12495608,0.23388715,0.10965505,0.190808,0.050914515,0.00035496237,0.10930344,0.14745548,0.08263908,0.1702536,0.07162838,0.04511427,0.07841021,0.17353824,0.050861016,0.1630439,0.0938647,0.07827731,0.040370166,0.31596094,0.018255755,0.17454606,0.11574237,0.098295026,0.01399255,0.520464,-0.0011662787,0.20847848,0.0007908538,0.0007908538
218,0.15380761,0.44138575,0.14045775,0.22863856,0.033352368,-0.0058573335,0.12448468,0.23343012,0.10930824,0.19042768,0.05207015,0.0010006165,0.10912187,0.14714578,0.08234564,0.16970551,0.07276343,0.045725927,0.078161426,0.17382914,0.050447147,0.16239256,0.0949443,0.07894676,0.039920907,0.317308,0.01758667,0.17376344,0.11671478,0.09871885,0.013398627,0.522759,-0.0019878694,0.20749605,0.0007908538,0.0007908538
219,0.16028516,0.44468614,0.14449337,0.23078449,0.03074233,-0.008218755,0.1279614,0.23756336,0.11234839,0.19314882,0.04990725,-0.001334021,0.1118285,0.15042172,0.08519548,0.17259428,0.07114632,0.04322564,0.08085129,0.17545168,0.053531524,0.16543877,0.09404455,0.07742644,0.042325914,0.3171307,0.020765118,0.17731874,0.11657624,0.09837383,0.01571503,0.5217266,0.0013930075,0.21207088,0.0007908538,0.0007908538
220,0.15189694,0.4413371,0.13931833,0.22874904,0.034932937,-0.0040937187,0.12359695,0.23252001,0.108351335,0.18999572,0.053572573,0.0017216377,0.10841454,0.14668658,0.08133287,0.16904226,0.074220866,0.0463814,0.0772075,0.17444867,0.049101565,0.16158307,0.09628478,0.0796934,0.03852158,0.31965637,0.015560148,0.172782,0.11783606,0.09912615,0.011496686,0.5265488,-0.004807163,0.20626837,0.0007908538,0.0007908538
221,0.15564114,0.44535354,0.14238077,0.23026977,0.034422446,-0.004276734,0.12651037,0.23595507,0.111726895,0.19152191,0.05335692,0.0018122462,0.11168612,0.14878578,0.085014656,0.17051128,0.074421994,0.04661498,0.08076943,0.17522572,0.053178754,0.16305873,0.097024,0.08022882,0.042311225,0.31944674,0.02051102,0.17447153,0.11913051,0.0996911,0.016224599,0.52633405,0.0021347112,0.20844376,0.0007908538,0.0007908538
222,0.15538855,0.44574052,0.1420361,0.23183595,0.03185593,-0.006635744,0.1256903,0.2358277,0.11085583,0.19362307,0.051097173,-0.0012390516,0.11056972,0.14835891,0.08382767,0.17282791,0.072508685,0.04266561,0.07962507,0.1738523,0.05191876,0.16559671,0.095596805,0.07711939,0.040521543,0.31712037,0.018179692,0.17747906,0.11822221,0.09830307,0.012998592,0.5247341,-0.002573906,0.21232913,0.0007908538,0.0007908538
223,0.15162067,0.44328922,0.13911197,0.23015213,0.033168104,-0.0051728752,0.12305256,0.23321061,0.107793786,0.19157931,0.05196886,-0.00083225744,0.1077924,0.14704332,0.08056409,0.1707284,0.072784044,0.04203658,0.07683155,0.17403433,0.048616584,0.16343136,0.09504206,0.075490125,0.037991155,0.31863728,0.014857786,0.17501983,0.116689056,0.09662136,0.010384914,0.5274241,-0.0063536693,0.20924453,0.0007908538,0.0007908538
224,0.15085353,0.44331524,0.13864027,0.22934239,0.03399139,-0.0043997066,0.12276046,0.23302288,0.107541054,0.19055101,0.052577246,-4.382478e-05,0.107685626,0.14702348,0.08042836,0.16964844,0.073109455,0.04257625,0.07690186,0.17436755,0.048684485,0.16230343,0.09496803,0.075226344,0.03862148,0.31924507,0.015697675,0.1737345,0.116138786,0.095911756,0.011849666,0.5283826,-0.0042075436,0.20763247,0.0007908538,0.0007908538
225,0.15566184,0.44548562,0.14151084,0.23006296,0.032033637,-0.0065152477,0.1252701,0.2360436,0.10964677,0.19171403,0.050739378,-0.0014607573,0.109566525,0.14959478,0.082413584,0.17099775,0.07135499,0.04086859,0.078956544,0.17584655,0.0511018,0.16379076,0.09331173,0.07330425,0.041222025,0.31910095,0.01921844,0.17551929,0.114557445,0.09456106,0.015392571,0.5273155,0.0009979393,0.2099617,0.0007908538,0.0007908538
226,0.15308177,0.44328165,0.13920142,0.22976138,0.031764347,-0.007004982,0.12294206,0.23373735,0.10672301,0.1913469,0.050312426,-0.0023748898,0.10671622,0.14834094,0.07903496,0.17066327,0.070682235,0.039435703,0.07575406,0.17563389,0.047328133,0.16349205,0.092287466,0.07161353,0.037637666,0.31983253,0.014524118,0.17523147,0.11307795,0.09324433,0.010788259,0.52876437,-0.005665892,0.2096661,0.0007908538,0.0007908538
227,0.15518188,0.4434353,0.1397646,0.22682258,0.033610716,-0.0050680134,0.12390062,0.23506859,0.10663165,0.18793128,0.051386364,-0.0007691799,0.10699529,0.15096219,0.07888636,0.16719325,0.0706892,0.03974711,0.07637303,0.17959821,0.04790311,0.159891,0.090785325,0.06960446,0.03990028,0.32443857,0.01758159,0.1711623,0.109777905,0.09047333,0.015572533,0.53345996,0.0013676821,0.2046134,0.0007908538,0.0007908538
228,0.16053617,0.44213003,0.14039518,0.22877175,0.023571866,-0.014986963,0.12273598,0.23621547,0.10280873,0.19219956,0.041573368,-0.011893375,0.10218547,0.15337816,0.07306794,0.17255935,0.060764775,0.025080945,0.07100436,0.18031785,0.041936107,0.16611414,0.080702424,0.055569295,0.033771563,0.32164878,0.009897487,0.17881107,0.0993361,0.08193014,0.006554502,0.53021383,-0.011796454,0.21470831,0.0007908538,0.0007908538
229,0.16191675,0.44052336,0.1391175,0.21867512,0.028400315,-0.009738045,0.12239358,0.23753761,0.10014154,0.18116385,0.044013273,-0.008420203,0.10025975,0.15835373,0.0701401,0.16154122,0.059995472,0.024261897,0.069803074,0.18904527,0.040519476,0.15474236,0.07557692,0.048748497,0.03627366,0.33253935,0.013667118,0.16588064,0.08918821,0.07417733,0.0144058475,0.5420769,-0.00016857265,0.19848646,0.0007908538,0.0007908538
230,0.16804993,0.44215298,0.1420634,0.21983004,0.023801126,-0.014129449,0.12450354,0.24079643,0.10102672,0.18339586,0.039530694,-0.012947933,0.10059342,0.1618339,0.070246786,0.1642828,0.05540835,0.018322077,0.070077956,0.19158675,0.040983718,0.15791032,0.07074131,0.042655434,0.037127025,0.3330504,0.015063996,0.16981879,0.083894186,0.07014479,0.015780427,0.54139566,0.0018346525,0.20378643,0.0007908538,0.0007908538
231,0.16493535,0.4400705,0.1393629,0.21798196,0.025627494,-0.012253261,0.12215884,0.23857266,0.09806097,0.18103367,0.040871806,-0.011687588,0.09796228,0.16087921,0.067011945,0.16179556,0.056152955,0.018940298,0.06716234,0.19227691,0.03739438,0.15529025,0.0706809,0.04221887,0.034109756,0.33550534,0.010968365,0.16681805,0.08287612,0.06923744,0.012350671,0.545169,-0.0032539996,0.20003197,0.0007908538,0.0007908538
232,0.16806105,0.44212565,0.14134422,0.21784875,0.025305735,-0.012386213,0.12408352,0.24101149,0.09982232,0.18100093,0.04049082,-0.01171494,0.09968533,0.16303867,0.06888749,0.16182311,0.05566964,0.01854019,0.069137186,0.19406202,0.03975679,0.15535358,0.07003582,0.04140174,0.036735494,0.33676064,0.014573785,0.16694236,0.08200009,0.068494715,0.016232288,0.54611206,0.0025251354,0.20026031,0.0007908538,0.0007908538
233,0.16612752,0.44048816,0.1397433,0.2176963,0.02573229,-0.012001403,0.12253321,0.23928316,0.097880684,0.18069208,0.040852636,-0.011911553,0.09780895,0.16204219,0.066576466,0.16146967,0.055960115,0.018116878,0.06689098,0.19392714,0.036960587,0.1549756,0.07022312,0.041042402,0.033934124,0.33762735,0.010706257,0.1665156,0.08204482,0.068291396,0.012321533,0.5477763,-0.0033168597,0.19974686,0.0007908538,0.0007908538
234,0.16941147,0.442111,0.14184186,0.21854754,0.025046296,-0.01259047,0.12447758,0.24138947,0.09955387,0.18171714,0.04033697,-0.012387802,0.09937398,0.16390356,0.06818602,0.1625515,0.05564879,0.017650288,0.0684628,0.19542892,0.038760234,0.15612257,0.07015476,0.040782724,0.035647254,0.33871308,0.013003888,0.16787165,0.08220475,0.06824155,0.0145002445,0.54849726,-5.959846e-05,0.20152386,0.0007908538,0.0007908538
235,0.16651616,0.44023517,0.13949835,0.21618155,0.028901475,-0.008705306,0.12282729,0.2394406,0.09734332,0.17843312,0.043654263,-0.009051068,0.09771872,0.16322656,0.0659204,0.15893936,0.05843191,0.020831812,0.06646481,0.19682038,0.03605132,0.15217593,0.07226123,0.042884562,0.033354368,0.34267873,0.0096583245,0.16320753,0.08356099,0.06898677,0.011846409,0.55399525,-0.0041042985,0.19553459,0.0007908538,0.0007908538
236,0.17495847,0.44567853,0.14524342,0.22408484,0.021381928,-0.016255833,0.1272108,0.24456291,0.10177529,0.18794762,0.037748557,-0.015202269,0.10123852,0.16591442,0.07000694,0.16899037,0.05437462,0.01601845,0.06974728,0.19608638,0.040095687,0.16300431,0.070474446,0.040968534,0.035850003,0.33837903,0.01307479,0.1760692,0.08401981,0.06909229,0.013371485,0.5477505,-0.0019132803,0.21229383,0.0007908538,0.0007908538
237,0.17403358,0.4459981,0.14407972,0.22012007,0.027991444,-0.009782076,0.12733726,0.24486059,0.1011577,0.18235351,0.043374132,-0.008359029,0.10166475,0.16747956,0.06992114,0.16282344,0.05898255,0.022939246,0.07010514,0.20038266,0.040122304,0.15626766,0.07374032,0.04517975,0.036917422,0.346119,0.014378447,0.16815314,0.08571493,0.07011634,0.01643378,0.5569981,0.0027295402,0.2022336,0.0007908538,0.0007908538
238,0.17188124,0.44515458,0.14227065,0.2183624,0.030403038,-0.0074551343,0.12602943,0.24368843,0.09945684,0.17998733,0.045334175,-0.006277551,0.10040938,0.16710426,0.06824021,0.16026737,0.06044481,0.02476091,0.068669856,0.20140606,0.03820249,0.15352045,0.07454191,0.04588228,0.03547401,0.34895372,0.012271864,0.16496448,0.085721664,0.069816105,0.015069445,0.5611898,0.0005904373,0.19822861,0.0007908538,0.0007908538
239,0.17292686,0.44673344,0.14314793,0.22521426,0.022483528,-0.0153781045,0.12548481,0.24383049,0.09940126,0.18858258,0.03886979,-0.014168324,0.09941654,0.1654189,0.06751759,0.169495,0.055597078,0.017259315,0.067325786,0.1967684,0.03683596,0.16358817,0.07170801,0.04140153,0.032659516,0.34141237,0.008410003,0.17698056,0.08488802,0.06834233,0.009242285,0.5534919,-0.008353584,0.21386212,0.0007908538,0.0007908538
240,0.17594413,0.4504715,0.14526,0.22217727,0.025729803,-0.011799429,0.12819041,0.24756774,0.10220179,0.1848733,0.04140145,-0.011060306,0.102642246,0.16890548,0.07111966,0.16558215,0.057311513,0.019299263,0.071359016,0.20054424,0.041650757,0.15940486,0.07234092,0.041426644,0.038457625,0.34568065,0.016361294,0.17213334,0.08426591,0.0672181,0.018533036,0.55843353,0.0054736855,0.20775114,0.0007908538,0.0007908538
241,0.16808045,0.44773257,0.14007823,0.21819939,0.0312177,-0.00632493,0.12402748,0.24332911,0.09816397,0.17952973,0.045953497,-0.006872607,0.09940119,0.16607234,0.06731518,0.15976694,0.060841203,0.022825357,0.06802215,0.20037508,0.03741889,0.1531159,0.07456305,0.043144815,0.035053696,0.3490534,0.011513122,0.16473565,0.085058294,0.067289166,0.014885571,0.5649517,-9.095488e-05,0.19828366,0.0007908538,0.0007908538
242,0.17284304,0.4524479,0.14387318,0.2230724,0.02629277,-0.010986161,0.12688121,0.24698064,0.10176685,0.18545248,0.04203107,-0.0111924205,0.10234362,0.1675122,0.07102243,0.16604969,0.058064137,0.018913403,0.07126386,0.19892018,0.0415275,0.15991335,0.07320466,0.04109822,0.038255587,0.34470838,0.015961826,0.17282689,0.085088156,0.066875994,0.018191952,0.5597142,0.0048157084,0.20883392,0.0007908538,0.0007908538
243,0.16227083,0.44891635,0.13729134,0.22351572,0.028658891,-0.008942949,0.12074474,0.24046114,0.09619077,0.18499789,0.044378873,-0.010018415,0.09722093,0.1617394,0.06527435,0.16525094,0.060486965,0.020546582,0.065520644,0.19503044,0.0344937,0.15899205,0.07570315,0.042928867,0.030994454,0.3439446,0.0059278775,0.17176776,0.08758977,0.067989916,0.008079974,0.5624231,-0.01010604,0.20756342,0.0007908538,0.0007908538
244,0.17144388,0.45834586,0.14443447,0.22451125,0.029289605,-0.008023038,0.12797421,0.24927978,0.104347154,0.1857454,0.04515006,-0.008248969,0.10544903,0.16814813,0.07474591,0.16589245,0.061499756,0.02235267,0.07505937,0.19928874,0.045944788,0.15961029,0.076987356,0.044032164,0.042744603,0.3464045,0.022049943,0.1725337,0.089052685,0.06828644,0.024769874,0.56448543,0.015033608,0.20867445,0.0007908538,0.0007908538
245,0.14775352,0.45274013,0.13095623,0.22566503,0.03425774,-0.0039827586,0.11539232,0.23616643,0.09457473,0.18519807,0.050238498,-0.0064534796,0.09646252,0.15511489,0.0653163,0.16460024,0.06698692,0.02503757,0.06560045,0.18871887,0.03446563,0.15801974,0.08300854,0.047838338,0.030671388,0.3413393,0.005156968,0.17057635,0.09562081,0.07137311,0.007470224,0.5678323,-0.010712262,0.20614587,0.0007908538,0.0007908538
246,0.15247983,0.46585792,0.13746685,0.23584092,0.031486496,-0.0065807938,0.1212322,0.2435725,0.10395899,0.19550684,0.04949048,-0.0076018893,0.10540863,0.15659153,0.07627379,0.17466976,0.06903815,0.026504692,0.07552102,0.18478191,0.046088696,0.16841544,0.088685684,0.052575212,0.04016812,0.33393687,0.017360168,0.18262757,0.10502901,0.076023676,0.01764815,0.5616744,0.00412492,0.2217176,0.0007908538,0.0007908538
247,0.13918006,0.46642733,0.13081418,0.23429869,0.03979681,0.0013790067,0.11622828,0.23903938,0.10130892,0.19182242,0.057379745,-0.0006486819,0.10406293,0.15154299,0.075207464,0.1701043,0.07671336,0.034078173,0.0748766,0.181918,0.04508333,0.16333511,0.09601089,0.058534257,0.03989951,0.3356652,0.016527507,0.17667158,0.11186543,0.078588046,0.018216223,0.5692358,0.004717633,0.21416722,0.0007908538,0.0007908538
248,0.14035955,0.46810392,0.13093111,0.23909794,0.033173442,-0.004504799,0.11512456,0.23931152,0.09986282,0.19784197,0.051555254,-0.0075959284,0.1019131,0.15096675,0.07286094,0.17661151,0.07174945,0.025379954,0.07245014,0.17927249,0.042391848,0.1704042,0.09218302,0.051285777,0.03626372,0.33085155,0.011777164,0.18504995,0.10909352,0.07479687,0.01189602,0.5654007,-0.0046270867,0.2250961,0.0007908538,0.0007908538
249,0.13985112,0.46825048,0.13026705,0.23575673,0.036298692,-0.0009985067,0.115123436,0.23981598,0.09944502,0.19380331,0.05394096,-0.0051899725,0.10203263,0.1524664,0.07273286,0.17242032,0.07319089,0.026438856,0.0730133,0.18216912,0.04290247,0.16601016,0.09232234,0.05035908,0.037956707,0.33512634,0.013986489,0.18002012,0.10776433,0.073050104,0.015403699,0.57092047,0.00055701635,0.21872441,0.0007908538,0.0007908538
250,0.14095578,0.46817154,0.13045053,0.23585635,0.035430055,-0.0011774215,0.11515493,0.2401121,0.0988852,0.19405757,0.05303744,-0.006335585,0.101382144,0.15321766,0.07180048,0.17277563,0.07218969,0.024279196,0.07224342,0.18311773,0.041951243,0.16644208,0.09117173,0.048124447,0.037063334,0.33607835,0.012808971,0.18057945,0.10639464,0.07164035,0.014127197,0.57210326,-0.0013425682,0.21951152,0.0007908538,0.0007908538
