Epoch,Layer0_theta_1,Layer0_r,Layer0_theta_2,Layer0_bx,Layer0_bp,Layer0_gamma,Layer1_theta_1,Layer1_r,Layer1_theta_2,Layer1_bx,Layer1_bp,Layer1_gamma,Layer2_theta_1,Layer2_r,Layer2_theta_2,Layer2_bx,Layer2_bp,Layer2_gamma,Layer3_theta_1,Layer3_r,Layer3_theta_2,Layer3_bx,Layer3_bp,Layer3_gamma,Layer4_theta_1,Layer4_r,Layer4_theta_2,Layer4_bx,Layer4_bp,Layer4_gamma,Layer5_theta_1,Layer5_r,Layer5_theta_2,Layer5_bx,Layer5_bp,Layer5_gamma
1,0.076693445,0.07997682,0.076405175,0.074124165,-0.066991486,-0.072413094,0.07506908,0.08028122,0.074702576,0.07482314,-0.067119926,-0.07134895,0.07388268,0.080027066,0.07345701,0.075257555,-0.067212574,-0.06979802,0.07263647,0.079975806,0.072471455,0.07550185,-0.06727696,-0.067587435,0.07208541,0.08012901,0.07208685,0.0756141,-0.06731541,-0.064945295,0.07168693,0.0801517,0.0716883,0.07577469,0.0007908538,0.0007908538
2,0.09567584,0.15515131,0.090810366,0.08153283,-0.035598878,-0.05784742,0.081999324,0.12743838,0.07649503,0.07489671,-0.036124162,-0.05431306,0.06978599,0.107070014,0.06424798,0.06997128,-0.036521293,-0.050482552,0.061018176,0.10832826,0.05885573,0.066652566,-0.036734276,-0.043764625,0.058275543,0.12722054,0.05769682,0.064450994,-0.036873233,-0.030287106,0.05703329,0.15180317,0.05652862,0.06295835,0.0007908538,0.0007908538
3,0.11809683,0.20696092,0.10413506,0.07844795,-0.010465419,-0.050471295,0.09031744,0.16414803,0.07896347,0.06809416,-0.010991003,-0.038232952,0.06894248,0.12853672,0.06003006,0.06025776,-0.011469841,-0.028528892,0.05588666,0.13001648,0.05399494,0.05508211,-0.011748316,-0.018397585,0.053286158,0.16171302,0.05501691,0.051891543,-0.011897168,0.0007053481,0.053673886,0.20011218,0.054350745,0.049983304,0.0007908538,0.0007908538
4,0.14537834,0.23558754,0.12368415,0.07998552,-0.005702,-0.062462684,0.10723536,0.19256152,0.09201526,0.070047095,-0.00581152,-0.04169169,0.080356464,0.15024152,0.070111945,0.061909772,-0.0061733634,-0.024549605,0.065485105,0.1509055,0.06524103,0.05660343,-0.006486073,-0.010011023,0.06463785,0.18649372,0.07026766,0.053807724,-0.006625694,0.012966081,0.068599515,0.22607085,0.07113168,0.052870754,0.0007908538,0.0007908538
5,0.14155532,0.24972081,0.120704085,0.08001449,0.006521035,-0.045130465,0.10396647,0.19643617,0.088180035,0.06706688,0.0061109103,-0.030444954,0.07656777,0.15022345,0.065032296,0.057318848,0.0057813823,-0.013705493,0.06085455,0.1519124,0.059307985,0.050968103,0.005736469,0.0009678296,0.058974504,0.19271858,0.062381297,0.047197893,0.00581242,0.025683789,0.06070729,0.24021715,0.05659616,0.045175955,0.0007908538,0.0007908538
6,0.14346592,0.2548034,0.12255746,0.0828662,0.0034063682,-0.055360723,0.10509423,0.2001879,0.089286424,0.07028606,0.0035683424,-0.03689105,0.07704979,0.15248764,0.06540492,0.06070566,0.0034232037,-0.017664513,0.061031315,0.15400375,0.05965358,0.05464704,0.0034125026,-0.00094542623,0.05931291,0.19581036,0.06300826,0.051531985,0.0037357705,0.025528641,0.06104002,0.24482864,0.056112908,0.05061932,0.0007908538,0.0007908538
7,0.1397578,0.25570258,0.12064531,0.08589834,-0.0008591924,-0.06540337,0.102786265,0.19917798,0.087738015,0.07350204,-0.00016188208,-0.04402717,0.0750334,0.1509235,0.06346034,0.06411486,-0.00015591539,-0.023164567,0.058940288,0.15248246,0.05738941,0.058397356,-0.00017214805,-0.0048312424,0.057022925,0.19496286,0.06015634,0.05593443,0.00031463322,0.022923205,0.057933494,0.24586521,0.05112993,0.05604652,0.0007908538,0.0007908538
8,0.13219482,0.25572005,0.11578775,0.08786178,-0.0009787758,-0.06572908,0.0979352,0.19516642,0.08384287,0.074636616,-8.507643e-05,-0.045268238,0.07107233,0.14656736,0.059395157,0.06495902,1.2243807e-05,-0.024495805,0.054968968,0.14858614,0.05271354,0.05919026,7.387949e-05,-0.00567183,0.052383356,0.19233316,0.053973943,0.056817535,0.0007106115,0.022840658,0.05163698,0.24642633,0.041584447,0.057139102,0.0007908538,0.0007908538
9,0.1367114,0.25595766,0.1195928,0.09018745,-0.006183858,-0.075743996,0.10127896,0.19798934,0.08728639,0.07823246,-0.0047609718,-0.051867116,0.07405451,0.14931084,0.06274499,0.06913862,-0.0044665155,-0.029406656,0.058041308,0.15079029,0.05648518,0.06385146,-0.0043399017,-0.009227015,0.056078035,0.19358194,0.058934428,0.062213376,-0.0033809189,0.02021302,0.056371786,0.2460441,0.04848061,0.063669406,0.0007908538,0.0007908538
10,0.13307841,0.25789368,0.11640976,0.08965137,-0.002154291,-0.06767456,0.09827109,0.19572356,0.0840737,0.07650187,-0.0009822882,-0.046848252,0.071158044,0.14659542,0.05926001,0.06688307,-0.00072918244,-0.025624985,0.054864038,0.14865069,0.052349567,0.061235193,-0.0005276816,-0.006128802,0.052034024,0.19297929,0.053279,0.059136804,0.00040799455,0.023195993,0.050758693,0.24829197,0.040166907,0.0599473,0.0007908538,0.0007908538
11,0.13971491,0.2598272,0.121108934,0.08994068,-0.003745806,-0.0705426,0.10258556,0.19972217,0.08783012,0.077645056,-0.0024180282,-0.04842528,0.074694745,0.15031621,0.06286572,0.068362065,-0.0020833167,-0.02656734,0.058336545,0.15194027,0.056334864,0.062910594,-0.0018253676,-0.00668412,0.05598928,0.19560951,0.058369134,0.06106611,-0.00072308735,0.02289324,0.05576373,0.24923675,0.047386,0.062272787,0.0007908538,0.0007908538
12,0.1421274,0.26248208,0.122068405,0.08867741,-0.00038668545,-0.06422822,0.103572115,0.20100938,0.087992765,0.07595295,0.0006756219,-0.043881446,0.07512348,0.15118848,0.0628097,0.06642486,0.0009594724,-0.022759864,0.05848659,0.15299532,0.056098364,0.060723726,0.0012711182,-0.0035045894,0.05581504,0.19736694,0.057795495,0.058498498,0.002345182,0.025783543,0.05525209,0.25170246,0.04651965,0.059157204,0.0007908538,0.0007908538
13,0.14061803,0.26255804,0.12109624,0.08907898,-0.00015698365,-0.0633963,0.1025235,0.19989511,0.08708413,0.07612176,0.00093479827,-0.043683797,0.07418813,0.15005235,0.061760858,0.06651256,0.0012452691,-0.02279799,0.057473034,0.15205632,0.054808296,0.060784716,0.0015943955,-0.0035267652,0.054537013,0.1968616,0.0560233,0.058552667,0.0027251209,0.025915524,0.05344835,0.2521355,0.043916762,0.059220105,0.0007908538,0.0007908538
14,0.14136298,0.26212767,0.12206794,0.09014402,-0.0023963074,-0.06704627,0.10319009,0.20013763,0.08796521,0.07761917,-0.0010773896,-0.04649234,0.07480794,0.15038931,0.06253209,0.06822686,-0.00068070553,-0.025156613,0.058114436,0.15227713,0.055627234,0.062694356,-0.0002986595,-0.005375367,0.05532149,0.19677858,0.057083976,0.06076399,0.00097183726,0.024467288,0.0544093,0.25166607,0.045307305,0.06189313,0.0007908538,0.0007908538
15,0.1441869,0.2634991,0.12349828,0.08928969,-0.00082493795,-0.06442708,0.10469092,0.20166405,0.08875576,0.07674065,0.0003510536,-0.04419217,0.075820945,0.1517788,0.06324912,0.06729895,0.00071697345,-0.02292049,0.05896021,0.15370205,0.056356806,0.061668515,0.0011189224,-0.003375968,0.056081653,0.19844362,0.057863437,0.059562385,0.0023697787,0.026293809,0.055232212,0.25326866,0.04640416,0.060432732,0.0007908538,0.0007908538
16,0.14553617,0.2644284,0.12394792,0.08849642,0.00094182714,-0.061378874,0.105277896,0.2022798,0.08880536,0.07575685,0.0019617616,-0.04172379,0.07610057,0.1523172,0.06323674,0.06620239,0.0022877224,-0.020671356,0.059082475,0.15437576,0.05626251,0.060443006,0.0027016725,-0.0014353399,0.05602006,0.19950461,0.05759102,0.058128122,0.0039120745,0.028029272,0.055016097,0.25465018,0.046028674,0.05869095,0.0007908538,0.0007908538
17,0.14443341,0.2636171,0.12327145,0.08892894,0.00018986099,-0.062585145,0.10455795,0.20130876,0.08818833,0.07624132,0.0012875568,-0.04274072,0.07544024,0.15153678,0.062530406,0.066736154,0.0016404476,-0.021561012,0.05836848,0.15371782,0.055405997,0.06104005,0.0020630972,-0.0021304819,0.055158257,0.19899578,0.056453496,0.05882613,0.003314137,0.027500896,0.05384002,0.25455132,0.04435823,0.05953847,0.0007908538,0.0007908538
18,0.14072639,0.26124546,0.12148303,0.09074761,-0.0032045424,-0.06806517,0.1025127,0.19882324,0.08702637,0.07835564,-0.0017736013,-0.047377992,0.07391466,0.14942433,0.061284784,0.06906116,-0.0013148887,-0.025790196,0.056948468,0.15165718,0.053984016,0.06362718,-0.00087687187,-0.0056630983,0.053689666,0.19676398,0.054724075,0.06184254,0.0005179441,0.024538292,0.05196757,0.25275663,0.04176783,0.063194335,0.0007908538,0.0007908538
19,0.13967785,0.26107672,0.12107721,0.09127931,-0.0038395107,-0.06826542,0.101765074,0.19778828,0.08648932,0.0788722,-0.0023254943,-0.048192568,0.07312679,0.14843617,0.060450297,0.06959884,-0.0018328289,-0.026932755,0.056038514,0.15081893,0.05288744,0.064216465,-0.001374722,-0.0067663617,0.05258269,0.19615482,0.05326713,0.06252702,7.577002e-05,0.023599645,0.050448246,0.2527172,0.03965335,0.064027324,0.0007908538,0.0007908538
20,0.14587638,0.26333478,0.12526953,0.09081358,-0.003949982,-0.06817112,0.10565021,0.201445,0.089618586,0.07898731,-0.0024319924,-0.04779047,0.07613222,0.15179916,0.06333484,0.0699217,-0.0019103062,-0.026429376,0.058859065,0.15392935,0.05597266,0.06461542,-0.001408956,-0.006307471,0.055658698,0.19896527,0.057068866,0.062982865,0.00012341246,0.024014462,0.054226134,0.25429356,0.04488156,0.06457181,0.0007908538,0.0007908538
21,0.14188905,0.2651414,0.12194552,0.09012414,0.0012484833,-0.058080405,0.10242521,0.19836894,0.08620594,0.07678871,0.0024356488,-0.041417297,0.07301971,0.14843974,0.059499543,0.067063875,0.002888807,-0.021764342,0.055347264,0.15143324,0.051290307,0.06129451,0.003461636,-0.002595067,0.051078785,0.19848478,0.050655402,0.059061952,0.004938932,0.027475867,0.047887787,0.25736573,0.03601139,0.059819296,0.0007908538,0.0007908538
22,0.14559795,0.2652251,0.12563758,0.09391855,-0.0049286606,-0.06794299,0.10552998,0.20040567,0.08982912,0.08186668,-0.0029936186,-0.048881873,0.07603465,0.150333,0.063004576,0.07273122,-0.0021735178,-0.027774606,0.05853953,0.15272713,0.055151746,0.067501284,-0.0013492162,-0.0070001995,0.054848067,0.1986747,0.05551408,0.06616222,0.0007685248,0.024493283,0.052392714,0.25616786,0.042228512,0.06834571,0.0007908538,0.0007908538
23,0.1387615,0.2638362,0.12097166,0.095829315,-0.004795378,-0.06725708,0.10099316,0.1956588,0.08600282,0.08292178,-0.0026883997,-0.04926574,0.07227061,0.14573984,0.059053898,0.07348047,-0.0017571212,-0.028430976,0.054729726,0.14869036,0.050601702,0.06817485,-0.00081203773,-0.007334779,0.050326012,0.19575197,0.049593594,0.066876456,0.00149928,0.024756027,0.046349023,0.2561384,0.033968262,0.06919467,0.0007908538,0.0007908538
24,0.14020254,0.26431203,0.122484,0.09736503,-0.0068705874,-0.07006083,0.10213177,0.19634633,0.08733254,0.08489186,-0.0044768667,-0.051649317,0.073312916,0.1462917,0.06021933,0.075647116,-0.003390401,-0.030468106,0.055781946,0.14907295,0.05181323,0.07052977,-0.0023225178,-0.008816125,0.051509216,0.19588412,0.051054344,0.06955631,0.00026957353,0.023857137,0.047660366,0.25604016,0.0357601,0.07240572,0.0007908538,0.0007908538
25,0.14746271,0.26857102,0.12691912,0.09616051,-0.005168188,-0.06684015,0.10638644,0.2010874,0.09039361,0.08403785,-0.002907615,-0.048628006,0.07647991,0.15031825,0.06301656,0.07488372,-0.0018214625,-0.027590975,0.058667913,0.1528573,0.05475018,0.06972484,-0.00068909966,-0.0063172006,0.05446446,0.19977495,0.054479882,0.0686225,0.0019525234,0.026063973,0.051099848,0.25917402,0.0403306,0.07129191,0.0007908538,0.0007908538
26,0.14632447,0.27114344,0.12521772,0.09507633,-0.0002602936,-0.058208954,0.10493091,0.20012203,0.0882656,0.08181532,0.0016717606,-0.04232292,0.074820176,0.14895351,0.060622703,0.07214809,0.0026831208,-0.022361945,0.05664631,0.15211172,0.05181399,0.06659656,0.0038649947,-0.0019116966,0.051626004,0.20073076,0.050376236,0.064958975,0.0064262436,0.030065643,0.04708753,0.2627452,0.03479389,0.06688265,0.0007908538,0.0007908538
27,0.1547851,0.27404377,0.13113585,0.09729623,-0.003750002,-0.06379328,0.11060075,0.20551884,0.09328555,0.08527986,-0.0013188457,-0.04562961,0.07969293,0.15369758,0.06560824,0.076104045,6.6076173e-06,-0.024239697,0.061551545,0.15604948,0.057346784,0.07091431,0.0014750117,-0.0027021545,0.05710315,0.20363916,0.05714541,0.069859676,0.0046294555,0.03018349,0.053574387,0.26372212,0.043489754,0.0727508,0.0007908538,0.0007908538
28,0.14846782,0.27547893,0.12629092,0.09798823,0.00073161797,-0.056091215,0.10606045,0.20132948,0.088961735,0.08425262,0.0030181268,-0.04067578,0.075819194,0.14917313,0.061133012,0.074355215,0.0043715844,-0.02032819,0.05748393,0.15238571,0.052118555,0.06874297,0.0059802793,0.0008307407,0.05196365,0.20215158,0.05014329,0.067239515,0.009217589,0.03386267,0.04655111,0.2664992,0.0339703,0.06957477,0.0007908538,0.0007908538
29,0.15075193,0.2754028,0.12839185,0.10116667,-0.0039118016,-0.063736945,0.10802298,0.20280151,0.09124821,0.08836203,-0.0010221102,-0.046140306,0.07787296,0.15046696,0.06352106,0.078874886,0.00065807556,-0.02436365,0.05972886,0.15312217,0.05480995,0.07365291,0.0025305282,-0.0018439492,0.054571565,0.20199633,0.05344924,0.07282558,0.0063604116,0.032370217,0.049521998,0.2654873,0.03798427,0.076261885,0.0007908538,0.0007908538
30,0.14492892,0.27475777,0.123923376,0.10203133,-0.0021808515,-0.061267618,0.10393931,0.19887967,0.087424606,0.08820852,0.0007027206,-0.044553064,0.07440162,0.14662792,0.05969492,0.078328185,0.0024167297,-0.022980629,0.05616349,0.14988731,0.05045931,0.07292129,0.0043629087,-0.0004013863,0.050254613,0.200113,0.047802344,0.07193617,0.008251742,0.034032173,0.04382516,0.2665012,0.030373871,0.07519276,0.0007908538,0.0007908538
31,0.15109017,0.2759666,0.12870336,0.10398246,-0.0060072644,-0.06747926,0.10843866,0.20294099,0.091807604,0.09138593,-0.0026739987,-0.048722982,0.0785055,0.15034766,0.06414313,0.08199365,-0.00070415315,-0.025926627,0.060424842,0.15284348,0.055444308,0.076942265,0.0014539082,-0.0023560696,0.055168502,0.20180357,0.05398557,0.07650917,0.005825901,0.03287341,0.049770735,0.2660742,0.038294796,0.0806565,0.0007908538,0.0007908538
32,0.1477517,0.2772172,0.12583756,0.10375164,-0.002283472,-0.06106766,0.105727725,0.20042774,0.08889805,0.08995923,0.00084839656,-0.04436683,0.07592228,0.14767419,0.060994048,0.08006466,0.0027802908,-0.022462808,0.057571396,0.15087846,0.051721714,0.07468809,0.0049827625,0.00061059184,0.051512506,0.20152016,0.04903326,0.073858246,0.009300751,0.03567341,0.044860374,0.26864484,0.03171934,0.077467695,0.0007908538,0.0007908538
33,0.14584212,0.27568915,0.12535878,0.106530964,-0.005965255,-0.0657957,0.104744025,0.19859444,0.088625245,0.09314878,-0.0023597043,-0.04892626,0.07515069,0.1460359,0.060433507,0.0834678,-0.00018489928,-0.026751185,0.056814663,0.14917402,0.05098552,0.078367695,0.0022077335,-0.0027947926,0.050710857,0.19949102,0.04812144,0.078050435,0.006960863,0.033318117,0.0436117,0.26694387,0.030136121,0.08248902,0.0007908538,0.0007908538
34,0.14663377,0.27595314,0.12633073,0.107353725,-0.0070942836,-0.06674721,0.10528927,0.198733,0.089273594,0.09420918,-0.0033355085,-0.050201263,0.075501665,0.14615124,0.06079955,0.08463434,-0.0010720689,-0.028136663,0.05707667,0.1492722,0.05125554,0.079634346,0.0013985236,-0.003956988,0.05095839,0.1995188,0.04839742,0.079488076,0.006318572,0.03251353,0.043763585,0.2669385,0.03033867,0.08420667,0.0007908538,0.0007908538
35,0.15282531,0.27905932,0.13041267,0.1065016,-0.0062253326,-0.06525483,0.10910201,0.20279144,0.09224243,0.09373575,-0.0025469246,-0.04866872,0.07846748,0.14975238,0.06356553,0.08428063,-0.0002837195,-0.026574934,0.05986196,0.15266976,0.054191604,0.07927915,0.0022205461,-0.0025754645,0.05389893,0.20287718,0.051851667,0.079073034,0.0071647773,0.033676136,0.04726172,0.26935086,0.034866735,0.08370796,0.0007908538,0.0007908538
36,0.14512378,0.2793262,0.12466657,0.10702583,-0.001991645,-0.05837748,0.10359251,0.19744018,0.08703317,0.09245118,0.0015211117,-0.04443106,0.0736276,0.14442825,0.05809442,0.08227285,0.0037647123,-0.023414914,0.05475918,0.1484677,0.047851562,0.0768694,0.006332256,0.00020065223,0.047639057,0.20113307,0.04363224,0.07622678,0.011235647,0.03647273,0.039037887,0.27217275,0.024049168,0.08028737,0.0007908538,0.0007908538
37,0.15173092,0.28174344,0.13010849,0.11106135,-0.006744722,-0.06617238,0.10889972,0.20241214,0.09261564,0.09777107,-0.0024732617,-0.0497413,0.07900565,0.14860827,0.06400385,0.08807411,0.00026867387,-0.026980633,0.060531437,0.15159662,0.05448937,0.08308403,0.0033170932,-0.0018031723,0.054182902,0.20282438,0.05161827,0.08320322,0.009180349,0.03584128,0.04661946,0.271977,0.033888392,0.088576786,0.0007908538,0.0007908538
38,0.15081713,0.28513882,0.12811786,0.10967381,-0.00018148596,-0.056683157,0.10755362,0.20193477,0.09031879,0.09482308,0.003667415,-0.04193113,0.07758705,0.14765881,0.061711453,0.084444486,0.0062984386,-0.01979987,0.058808744,0.15146938,0.051779956,0.07894386,0.009363573,0.004554126,0.051591247,0.20508546,0.047793433,0.07837438,0.015029965,0.041424263,0.04302939,0.27748287,0.029094072,0.08278408,0.0007908538,0.0007908538
39,0.16405393,0.2900003,0.13692044,0.10937226,-0.0011299102,-0.058787752,0.11627804,0.21093012,0.09763332,0.09581214,0.0028363918,-0.04178763,0.084988564,0.1557536,0.069136016,0.08587884,0.005598657,-0.018424464,0.066204265,0.1585571,0.06002615,0.08055237,0.0088191135,0.006221845,0.059806895,0.21089372,0.05780179,0.08017774,0.014769896,0.042989783,0.053063426,0.2798969,0.042149838,0.0849337,0.0007908538,0.0007908538
40,0.15355428,0.29042724,0.12883699,0.10908392,0.0059464327,-0.0482332,0.109139666,0.20434928,0.09090518,0.09300827,0.009522707,-0.034002323,0.07925373,0.14909635,0.06265905,0.08204929,0.012173177,-0.011592379,0.06034981,0.15332708,0.05266011,0.07608337,0.015403278,0.012410191,0.05253215,0.2090637,0.048097342,0.07492104,0.021144092,0.04875564,0.04355839,0.28415608,0.029534543,0.07858181,0.0007908538,0.0007908538
41,0.1510976,0.28608423,0.12837116,0.11574647,-0.0052873,-0.064786784,0.10801053,0.20211053,0.09098661,0.10158265,-0.0004567279,-0.04758989,0.07851996,0.14729993,0.062465977,0.09151952,0.0028481956,-0.023085978,0.059737533,0.1507109,0.052338034,0.08645433,0.006628556,0.0037295455,0.051928677,0.2046799,0.04761229,0.086802945,0.013623335,0.042943306,0.041998543,0.2794328,0.027635451,0.09286048,0.0007908538,0.0007908538
42,0.14942537,0.28528917,0.12693296,0.11709332,-0.0069939797,-0.06781202,0.10667659,0.20086135,0.089599006,0.103131175,-0.0019364407,-0.04983457,0.07725737,0.14620897,0.060991153,0.09319506,0.0014950105,-0.024664005,0.05833338,0.14975323,0.050577044,0.0882877,0.005393322,0.002840053,0.050098553,0.20416042,0.04521693,0.08890948,0.012625442,0.042624872,0.039371926,0.2801254,0.024208177,0.095406234,0.0007908538,0.0007908538
43,0.15801056,0.2914031,0.13133688,0.11278751,-0.00140319,-0.06016181,0.11143529,0.20707312,0.09231298,0.09869977,0.0029898677,-0.04232951,0.08068229,0.15165885,0.06362104,0.08864376,0.00609547,-0.017435098,0.061293542,0.15546256,0.053253632,0.08341005,0.009735907,0.008793387,0.052869435,0.21120717,0.0481063,0.08335873,0.016352491,0.04689717,0.042833794,0.28699547,0.028545229,0.0887821,0.0007908538,0.0007908538
44,0.15377556,0.29060772,0.12824537,0.113190584,-0.00074166316,-0.058972552,0.10836905,0.20403552,0.08938286,0.09860036,0.0036524571,-0.041981447,0.07784242,0.1488964,0.06042898,0.08839262,0.0067673977,-0.017405115,0.058214955,0.15330851,0.04949614,0.08311374,0.010431935,0.008883746,0.04910076,0.21024735,0.043235797,0.0830276,0.017057441,0.047171403,0.037861906,0.28826514,0.022008592,0.0884068,0.0007908538,0.0007908538
45,0.15854834,0.29022175,0.13226719,0.11638033,-0.0069140526,-0.06814666,0.11202628,0.20716639,0.09319954,0.103500605,-0.0018010528,-0.048751023,0.08121775,0.1518478,0.064247444,0.09398371,0.0017561475,-0.022663701,0.06175358,0.15526722,0.053739157,0.089251325,0.005839416,0.00510953,0.05318336,0.21043158,0.048402384,0.09003678,0.013332195,0.044780854,0.04251618,0.28633854,0.028099494,0.09681589,0.0007908538,0.0007908538
46,0.15636247,0.29229608,0.12983643,0.114750504,-0.0019367759,-0.06076093,0.10989361,0.20558962,0.09047827,0.100553475,0.0027485823,-0.043075494,0.07899451,0.1501469,0.061324466,0.090504766,0.006094285,-0.017855238,0.059161574,0.15449685,0.05026572,0.085373856,0.010017821,0.0090571055,0.049782254,0.21180688,0.043818694,0.08557638,0.017084626,0.04786089,0.038201075,0.29041427,0.022443969,0.09147998,0.0007908538,0.0007908538
47,0.161416,0.2947086,0.13327885,0.11486603,-0.002222821,-0.06141358,0.11326974,0.20917423,0.093383014,0.10117801,0.0025479635,-0.04300238,0.08193581,0.15321583,0.064290695,0.09128729,0.00598885,-0.017321622,0.062125813,0.15713358,0.05354833,0.08621961,0.010029449,0.009764065,0.053035162,0.21401705,0.04773952,0.08651748,0.017288782,0.048599217,0.04209923,0.29156587,0.0274941,0.09260891,0.0007908538,0.0007908538
48,0.16144103,0.2953154,0.13301082,0.11446891,-0.00043835514,-0.058782406,0.11300012,0.20864977,0.09269626,0.10036936,0.0042137513,-0.041064844,0.08139611,0.15281825,0.0633469,0.09030922,0.007618091,-0.01565493,0.061303854,0.15723829,0.05228503,0.085106745,0.011651122,0.011222086,0.051790234,0.21515365,0.045957122,0.08521438,0.018838115,0.049855933,0.04037504,0.29387614,0.025214007,0.09103939,0.0007908538,0.0007908538
49,0.1598296,0.29526994,0.1318208,0.1151382,0.00026484038,-0.057430357,0.1117726,0.20707147,0.09141662,0.10062722,0.0049607335,-0.04038283,0.08017576,0.15138106,0.06182284,0.09041569,0.008422535,-0.01514717,0.059868935,0.15624902,0.05038983,0.08514969,0.012536949,0.011823665,0.049878918,0.21509446,0.043389816,0.08522308,0.01982872,0.05063399,0.037714854,0.2953394,0.021746062,0.091041364,0.0007908538,0.0007908538
50,0.16247705,0.29505923,0.13400592,0.1176065,-0.0031050215,-0.062185638,0.11373418,0.20840801,0.09336495,0.103950374,0.0020871754,-0.043965343,0.08190259,0.1526426,0.06365614,0.09407356,0.0058958055,-0.017830577,0.061581906,0.15706432,0.052326888,0.08910129,0.010372628,0.010133069,0.05169312,0.21520296,0.045597058,0.08969992,0.01834551,0.049925577,0.03952528,0.29482836,0.024126343,0.096405834,0.0007908538,0.0007908538
51,0.16655177,0.2994991,0.13576533,0.114352584,0.0040091192,-0.051748265,0.11577547,0.21068047,0.09393695,0.09959044,0.0085276645,-0.035216603,0.08314155,0.15458241,0.06402964,0.08918281,0.012011534,-0.009978487,0.062332414,0.15990949,0.05241994,0.083663106,0.016233755,0.016579775,0.051915366,0.220267,0.045266308,0.083385825,0.023579188,0.054732565,0.039791305,0.301315,0.02428648,0.088783,0.0007908538,0.0007908538
52,0.17330272,0.30221516,0.14049557,0.1153135,0.0023607258,-0.053816393,0.12002311,0.21475908,0.09745627,0.10136147,0.0071494654,-0.03670651,0.08643552,0.15819897,0.06719731,0.09124698,0.010857359,-0.01100394,0.06542827,0.16307858,0.055747487,0.085912205,0.015332325,0.016083522,0.055158034,0.2229726,0.04914145,0.0859458,0.023106057,0.054770257,0.043411925,0.30294082,0.029032307,0.09189138,0.0007908538,0.0007908538
53,0.16374029,0.2980358,0.13435344,0.11834086,-0.00032758294,-0.0572768,0.113643356,0.20762582,0.092071794,0.10404058,0.004896116,-0.040936906,0.080842435,0.15191384,0.06134392,0.09390854,0.008861587,-0.015174167,0.059577294,0.1575434,0.04893164,0.08877567,0.013596133,0.013016208,0.04821128,0.2185815,0.0403956,0.08923776,0.021855189,0.05311753,0.03406883,0.30199575,0.016825568,0.09587499,0.0007908538,0.0007908538
54,0.16597977,0.29676843,0.13678293,0.121856265,-0.0067687854,-0.06633093,0.1156034,0.2090016,0.094502166,0.1091601,-0.00075500965,-0.048152942,0.08273713,0.15321131,0.06367385,0.09969188,0.0037277837,-0.02115134,0.06161706,0.15793169,0.05148712,0.09512717,0.008985869,0.008621105,0.05057577,0.21731019,0.043440577,0.09651883,0.018269978,0.05042633,0.036438633,0.2994279,0.019928332,0.10464722,0.0007908538,0.0007908538
55,0.16416824,0.2981658,0.13463752,0.1199403,-0.0023473026,-0.05995871,0.113647655,0.20745285,0.09180065,0.10611151,0.0031963692,-0.043238025,0.08050272,0.15185852,0.060658827,0.09621204,0.0073911324,-0.016963113,0.058894392,0.15769282,0.047834408,0.091300756,0.012373201,0.011956382,0.04699721,0.21938479,0.038641717,0.092135064,0.021065563,0.052728057,0.031999946,0.30403614,0.0141128255,0.09938902,0.0007908538,0.0007908538
56,0.16712637,0.29967126,0.1367895,0.12095679,-0.0032000248,-0.060986426,0.115657255,0.20944287,0.09359392,0.10753648,0.0025663835,-0.043832626,0.082276955,0.1534922,0.062431015,0.0977741,0.006958784,-0.017132794,0.06066511,0.15904395,0.049749803,0.09296756,0.012171308,0.012168955,0.04884587,0.22056201,0.040826123,0.094010286,0.021247378,0.05323423,0.034029026,0.30496466,0.016756183,0.101648,0.0007908538,0.0007908538
57,0.1668695,0.29937512,0.13680539,0.12267571,-0.0048164893,-0.06327462,0.11566353,0.20925368,0.09380984,0.109524116,0.0012682038,-0.045612276,0.08245352,0.15321586,0.06268024,0.0998706,0.0059034126,-0.018419547,0.060897384,0.15856852,0.050009355,0.095207475,0.011386361,0.011493137,0.04901969,0.21988317,0.041005712,0.09654826,0.020937514,0.0531582,0.033932976,0.30455464,0.01663611,0.10470485,0.0007908538,0.0007908538
58,0.16731213,0.3010398,0.13641113,0.12148406,-0.001780295,-0.05922303,0.11563382,0.20964958,0.093193896,0.107703924,0.0040213494,-0.04192108,0.08229008,0.1534889,0.0621068,0.09778426,0.008504864,-0.014904126,0.060537513,0.1593385,0.049260817,0.092887096,0.013853368,0.0144278165,0.048318252,0.22192746,0.03988908,0.093865246,0.023089444,0.055236932,0.03312285,0.30775815,0.01554808,0.10147565,0.0007908538,0.0007908538
59,0.1657074,0.3002915,0.13526866,0.12293345,-0.002560381,-0.060269836,0.11451353,0.20823607,0.092142195,0.10907363,0.00346572,-0.042865966,0.08128185,0.15224291,0.06094048,0.09914553,0.008125071,-0.015535258,0.059411436,0.1582975,0.047847014,0.094317324,0.013673791,0.014264147,0.046827067,0.22135846,0.03795475,0.09547924,0.023242278,0.05550043,0.03096828,0.3082615,0.012783782,0.103424884,0.0007908538,0.0007908538
60,0.17267802,0.30513835,0.13966227,0.12222635,-0.0004121397,-0.057736903,0.11935651,0.21384034,0.09626896,0.10850162,0.005520311,-0.03938873,0.085873395,0.1567559,0.0655525,0.098525934,0.010210673,-0.011551188,0.06416131,0.1623271,0.053032633,0.09356183,0.015838588,0.017856289,0.05202329,0.22541732,0.044130195,0.09453772,0.025460428,0.058219418,0.03747785,0.31148547,0.021178877,0.1022731,0.0007908538,0.0007908538
61,0.17153813,0.3082099,0.1378573,0.121335976,0.004701549,-0.050636142,0.11813176,0.21327451,0.094412476,0.1062693,0.010295323,-0.03330197,0.08478776,0.15576155,0.06381262,0.09573181,0.014849822,-0.005756163,0.062804356,0.16213219,0.05090508,0.09035889,0.02039513,0.022967685,0.04988691,0.22752461,0.041030113,0.09079337,0.029705837,0.06223307,0.034670293,0.31636536,0.017469827,0.09777517,0.0007908538,0.0007908538
62,0.1644623,0.30266368,0.13382581,0.12979342,-0.006590713,-0.06511728,0.11310011,0.2073634,0.0905728,0.1162477,0.00056082185,-0.046709202,0.08000193,0.15037443,0.059129275,0.10647923,0.006172093,-0.017759651,0.05778862,0.15601195,0.0454418,0.10207129,0.012849178,0.01427601,0.04384645,0.22001289,0.033840947,0.10426677,0.024220712,0.057564206,0.025480866,0.31053373,0.0057755364,0.11409758,0.0007908538,0.0007908538
63,0.16637449,0.3030874,0.1362883,0.13537882,-0.013549009,-0.07416692,0.11509048,0.20926341,0.0934563,0.12349182,-0.005261799,-0.054189228,0.0823893,0.15141049,0.062123086,0.114355914,0.0012267289,-0.02388753,0.06055295,0.15556931,0.04878924,0.11057193,0.008900277,0.010213219,0.046846393,0.21756281,0.037512828,0.11392706,0.022047792,0.05582359,0.028031765,0.30753225,0.008993782,0.12570477,0.0007908538,0.0007908538
64,0.1754315,0.3145548,0.14015166,0.12808958,-0.00333209,-0.06052132,0.11967936,0.21740922,0.0955152,0.11505573,0.0036097707,-0.0415497,0.08564357,0.15811731,0.06426529,0.105411164,0.009192444,-0.01238969,0.06317761,0.16348125,0.050844666,0.10095836,0.015866509,0.018879263,0.049167093,0.22932234,0.039792124,0.10306954,0.027011609,0.06051055,0.031983484,0.3208668,0.014109332,0.11285658,0.0007908538,0.0007908538
65,0.17652932,0.32178134,0.13979678,0.12339248,0.0057386467,-0.04812941,0.11991586,0.21967661,0.09475391,0.10861396,0.011659314,-0.031300966,0.08583351,0.15951508,0.06365821,0.0982477,0.01657889,-0.0034591297,0.063033156,0.16620778,0.049910773,0.09312079,0.022547157,0.025757875,0.048450507,0.23560928,0.038265117,0.09411275,0.032262884,0.064669006,0.031572938,0.33009562,0.01333468,0.10215417,0.0007908538,0.0007908538
66,0.18236572,0.3245552,0.14437208,0.12610851,0.00040381725,-0.0545889,0.12376752,0.2242072,0.09866342,0.11300113,0.007045123,-0.036549598,0.089181334,0.1630228,0.06741809,0.10329093,0.01250791,-0.007990224,0.066547625,0.16834141,0.054106373,0.098697715,0.019086212,0.022453124,0.052397437,0.23588829,0.04327373,0.100582786,0.029856576,0.06286972,0.035874855,0.32878986,0.019017331,0.11008832,0.0007908538,0.0007908538
67,0.17624803,0.32307965,0.14010805,0.12788415,0.00056209334,-0.05441175,0.119712606,0.21992353,0.094968505,0.11413472,0.007406067,-0.036749113,0.08573807,0.15905824,0.06356575,0.104236774,0.013053356,-0.007908489,0.06282289,0.16509849,0.049528386,0.09964344,0.019864766,0.023092885,0.04765396,0.2342877,0.03712038,0.10164587,0.030971989,0.0638993,0.029407345,0.33032635,0.010532957,0.11140148,0.0007908538,0.0007908538
68,0.17678493,0.32329118,0.14073282,0.12969275,-0.0012332625,-0.05681153,0.120207675,0.22024448,0.095603265,0.11631483,0.005973634,-0.038685877,0.08624976,0.15919055,0.06410978,0.10656715,0.01192225,-0.0093877055,0.06330879,0.16498452,0.050024144,0.102145076,0.01909041,0.022300484,0.048001513,0.23400843,0.03748263,0.1044956,0.030792326,0.06383412,0.029388452,0.33040363,0.010528035,0.11486072,0.0007908538,0.0007908538
69,0.17585188,0.3223196,0.14060004,0.13167877,-0.003582045,-0.059707098,0.11969698,0.21929063,0.095409766,0.1186971,0.004021899,-0.041584678,0.085764006,0.15834431,0.063651584,0.10912896,0.010280131,-0.012029538,0.062759615,0.16399609,0.049392134,0.10491652,0.017809844,0.020487547,0.047220185,0.23276919,0.036493845,0.10766342,0.030139307,0.06308148,0.027886944,0.3296164,0.00857849,0.1186956,0.0007908538,0.0007908538
70,0.1734785,0.32170287,0.13893001,0.13188727,-0.002791228,-0.058265623,0.11790742,0.21719451,0.0935501,0.11845191,0.0047758366,-0.041038666,0.08391259,0.15664844,0.061440766,0.10874096,0.011012774,-0.011807281,0.06061464,0.16297324,0.046723723,0.10446352,0.01852183,0.020715615,0.044534754,0.2328901,0.033049025,0.10713605,0.030784888,0.06335879,0.024366658,0.33120465,0.004022572,0.11806447,0.0007908538,0.0007908538
71,0.17649427,0.32368663,0.14104728,0.1321979,-0.0027055487,-0.057953786,0.1200152,0.21946548,0.095486574,0.11897098,0.004948133,-0.04048695,0.085879184,0.15845558,0.06346636,0.109304056,0.011294399,-0.011100003,0.06264175,0.16451585,0.048962243,0.10503979,0.018945172,0.021436881,0.04674492,0.23432559,0.03570366,0.1077671,0.031419314,0.06397927,0.027043495,0.33235815,0.007516737,0.11882695,0.0007908538,0.0007908538
72,0.1786826,0.32520217,0.14215295,0.13103437,-0.000516318,-0.055088203,0.12123971,0.22076258,0.096075244,0.117512204,0.0068927556,-0.037857912,0.08672852,0.15976782,0.06400061,0.107703365,0.013087725,-0.008570943,0.06328898,0.16627048,0.049429454,0.10326932,0.020574724,0.023462925,0.04728277,0.23704785,0.036189966,0.10571149,0.032719426,0.06518453,0.027890936,0.33543846,0.0086054485,0.11633742,0.0007908538,0.0007908538
73,0.18578033,0.32873392,0.14670141,0.13012798,0.00068361254,-0.053743806,0.12576744,0.22562821,0.09972738,0.11692288,0.007990035,-0.03596215,0.090544775,0.16406186,0.06776102,0.107164495,0.01416524,-0.0063784146,0.06708618,0.17027235,0.053603984,0.10266494,0.021643184,0.025352575,0.051478907,0.24097165,0.041294973,0.10499942,0.0337119,0.06638751,0.03331503,0.33819926,0.015725708,0.11549889,0.0007908538,0.0007908538
74,0.17606615,0.32630223,0.13964626,0.13041009,0.004799533,-0.048339408,0.11920275,0.2183413,0.09332974,0.115356155,0.011868699,-0.032326926,0.084749475,0.15775113,0.06107358,0.10494561,0.017917361,-0.0030891646,0.06070872,0.16589117,0.045697037,0.10008637,0.0252822,0.028461559,0.043505393,0.24016483,0.030935457,0.10196425,0.03704746,0.068894215,0.02299394,0.34223557,0.0021502827,0.111803986,0.0007908538,0.0007908538
75,0.17574134,0.32533193,0.14060475,0.13944788,-0.004383564,-0.05976589,0.11954053,0.21790166,0.09483069,0.1261202,0.0045019877,-0.04174638,0.08561947,0.15634505,0.062511586,0.11638901,0.0120871235,-0.010384,0.061796855,0.16265862,0.047176488,0.11237873,0.021299247,0.024497772,0.04412553,0.23464724,0.03182412,0.116001785,0.03615331,0.068469286,0.021790624,0.33709288,0.0007685812,0.12883776,0.0007908538,0.0007908538
76,0.1754392,0.32737792,0.13995136,0.14052306,-0.0030725389,-0.058081795,0.119319335,0.2180874,0.0944508,0.12672521,0.0059227487,-0.039766453,0.08568768,0.15606742,0.062343273,0.11680348,0.01366394,-0.007940193,0.061751913,0.16265742,0.046840426,0.11272432,0.02307284,0.026952272,0.043668278,0.23594134,0.031065574,0.11637124,0.03814511,0.070316926,0.02115363,0.34003642,2.2004242e-05,0.12933506,0.0007908538,0.0007908538
77,0.17818357,0.33058867,0.14145741,0.1397096,-0.00066091993,-0.05501263,0.12115395,0.22050603,0.09584108,0.12556645,0.0081421295,-0.036613297,0.0874649,0.15799455,0.063955046,0.1154696,0.01578391,-0.0047308244,0.063483626,0.16484986,0.048548836,0.111216456,0.025081217,0.029564068,0.045457374,0.23919562,0.033069227,0.114616506,0.039883945,0.07180381,0.023693934,0.3438515,0.0033212334,0.12723272,0.0007908538,0.0007908538
78,0.17855301,0.33088583,0.14179423,0.14141648,-0.001965265,-0.056580726,0.121506386,0.22083408,0.09630242,0.1275441,0.007177463,-0.037648484,0.08792224,0.1580479,0.06446528,0.11754093,0.015133793,-0.005284129,0.06395058,0.16460611,0.049053196,0.11341626,0.024823219,0.029516255,0.04579182,0.23876494,0.033445977,0.11711333,0.040257405,0.07214466,0.02377202,0.34369168,0.0034461496,0.13026708,0.0007908538,0.0007908538
79,0.18192868,0.33280206,0.14429678,0.14286189,-0.0033217452,-0.058140464,0.12400933,0.2235363,0.098858856,0.12953734,0.006160098,-0.038365033,0.090436876,0.16001993,0.06724345,0.119692765,0.014444911,-0.00547402,0.06665226,0.1658222,0.052168094,0.11570057,0.024546674,0.029702388,0.048769988,0.23914705,0.037101384,0.119694285,0.040648136,0.072577216,0.027243305,0.34339336,0.007970504,0.13339116,0.0007908538,0.0007908538
80,0.17876104,0.33397627,0.14108367,0.14005595,0.003484439,-0.049482763,0.121639736,0.22122358,0.09578391,0.12487174,0.012199197,-0.030937033,0.08826368,0.15823105,0.064257905,0.1143188,0.0199094,0.0014179554,0.06403519,0.16598782,0.048606142,0.10975939,0.02932219,0.03509097,0.045479327,0.24297145,0.03267448,0.11284501,0.04414111,0.07552317,0.02392224,0.35002115,0.0036268253,0.12511156,0.0007908538,0.0007908538
81,0.18301503,0.33590204,0.14401805,0.14131606,0.0021812003,-0.050912984,0.12449157,0.22415723,0.09838599,0.12671325,0.011204965,-0.031601142,0.09079998,0.16057195,0.06691068,0.11633148,0.019220171,0.0012339969,0.06661553,0.16768703,0.05151696,0.1118999,0.02901486,0.03528834,0.048233896,0.24397911,0.03605608,0.115272254,0.04443328,0.0759848,0.027081866,0.35026348,0.0077967485,0.12807131,0.0007908538,0.0007908538
82,0.17840444,0.33349365,0.14100027,0.14343186,0.0005592724,-0.052340284,0.121182434,0.22031994,0.09532233,0.12871028,0.009920455,-0.033822037,0.08754711,0.15728907,0.06334091,0.118352346,0.018213717,-0.0010881082,0.06303366,0.16485462,0.047323912,0.1140691,0.028349757,0.03378263,0.043784034,0.24185331,0.030529331,0.11776416,0.044318017,0.0755756,0.020804988,0.3498727,-0.00032627326,0.13111414,0.0007908538,0.0007908538
83,0.18225451,0.33602625,0.14421727,0.14617157,-0.0021273792,-0.05556714,0.124315016,0.22372675,0.09889637,0.13228026,0.007845009,-0.035933454,0.09093633,0.15952581,0.06723168,0.122173935,0.01671775,-0.0024687336,0.066775836,0.16578627,0.051686898,0.11813205,0.027588448,0.03324975,0.047868155,0.24129593,0.03553987,0.12236014,0.04475621,0.075896665,0.025282655,0.34861767,0.0055036824,0.13666876,0.0007908538,0.0007908538
84,0.1719754,0.33430353,0.13635886,0.14514033,0.004075766,-0.048232842,0.11751843,0.21666247,0.0921891,0.12880743,0.013496073,-0.029996034,0.085208625,0.1534507,0.06060866,0.11785426,0.021952778,0.0032166638,0.060528133,0.16223882,0.04398942,0.113291435,0.032321207,0.038045555,0.040282544,0.24245802,0.025829509,0.1167615,0.048515324,0.07877624,0.016294934,0.35478473,-0.00613147,0.1298964,0.0007908538,0.0007908538
85,0.18281917,0.34116182,0.14526711,0.15282516,-0.0027971375,-0.056913625,0.12620674,0.22605638,0.10200432,0.13864943,0.008303379,-0.035355616,0.09461147,0.15953812,0.07141443,0.12829661,0.018401755,0.0002295168,0.07088538,0.164484,0.056089256,0.12433372,0.030876882,0.03750136,0.051445138,0.2401907,0.03954771,0.12922533,0.050471295,0.08039788,0.028416736,0.34997922,0.009638143,0.14496729,0.0007908538,0.0007908538
86,0.17437121,0.3443333,0.13826227,0.14981301,0.009925768,-0.041802566,0.12124843,0.22118469,0.09689455,0.13176876,0.019940455,-0.021732725,0.09144658,0.1548681,0.067289986,0.11993116,0.02926798,0.0140006,0.06738757,0.16318901,0.05121449,0.11493256,0.040774167,0.04917178,0.046938144,0.24594225,0.033361282,0.118333034,0.05845844,0.08735586,0.024367437,0.36159563,0.004353543,0.13179784,0.0007908538,0.0007908538
87,0.17786908,0.345934,0.14060824,0.15426509,0.005805117,-0.046864092,0.12326818,0.2234601,0.09872675,0.13716269,0.016699988,-0.02556018,0.09308028,0.15626793,0.06894483,0.12563203,0.026875708,0.011306157,0.068857454,0.1633486,0.05280066,0.120987214,0.039474554,0.04815756,0.047773607,0.24496083,0.034349166,0.1252292,0.05884881,0.08794484,0.02399796,0.36063114,0.003943369,0.14024954,0.0007908538,0.0007908538
88,0.17797475,0.34541795,0.14073913,0.15725362,0.003060427,-0.04978719,0.12298071,0.22294056,0.09830381,0.14064613,0.01452755,-0.028499594,0.092429705,0.15571804,0.06809821,0.12930177,0.025248135,0.00872906,0.06791608,0.1624743,0.05161732,0.124892876,0.0385518,0.046790667,0.046071418,0.24388173,0.032196082,0.12967405,0.05902787,0.087973155,0.0207405,0.3602514,-0.00029608386,0.14568038,0.0007908538,0.0007908538
89,0.1789308,0.3473499,0.141175,0.15717083,0.0049915346,-0.047346596,0.12373646,0.22379097,0.09884338,0.14008029,0.016356692,-0.026054189,0.09330666,0.15631402,0.068819635,0.12851469,0.027034564,0.011388682,0.06870787,0.16346534,0.052297372,0.12394342,0.040273678,0.049119264,0.04677681,0.24598384,0.032916963,0.12854414,0.06055976,0.08934835,0.021885449,0.36301336,0.0012227169,0.14432529,0.0007908538,0.0007908538
90,0.18297005,0.35075074,0.14342122,0.15580763,0.00797814,-0.043839168,0.12646456,0.22682075,0.100934565,0.13821065,0.01901508,-0.022013906,0.095862284,0.1589832,0.07120234,0.12638636,0.029441772,0.01574301,0.07117854,0.16661805,0.054841228,0.121555194,0.042333487,0.052507926,0.04959751,0.25036266,0.036269315,0.12578337,0.061952196,0.09084971,0.026342386,0.3672506,0.0071614226,0.14101392,0.0007908538,0.0007908538
91,0.17710985,0.34837392,0.13915545,0.1564714,0.009462999,-0.042140353,0.12244034,0.22214362,0.09684402,0.1380122,0.020469677,-0.02099505,0.092088476,0.15518443,0.06681089,0.12592283,0.030900197,0.016948206,0.066848665,0.16427065,0.04956252,0.120977186,0.043797188,0.053912528,0.04414722,0.25056192,0.029293418,0.12508759,0.06334921,0.091923386,0.019296441,0.37017164,-0.0021798597,0.14018308,0.0007908538,0.0007908538
92,0.1823565,0.34921893,0.14323816,0.16280293,0.001229923,-0.05216513,0.12566043,0.22565609,0.10025778,0.1465257,0.013666871,-0.028946258,0.09473403,0.15734924,0.06990407,0.1351919,0.025462855,0.010514652,0.069437094,0.16383258,0.05269724,0.13095254,0.040148605,0.050174132,0.046104237,0.24678159,0.03177878,0.13649893,0.06255171,0.09133391,0.019459084,0.36523268,-0.001994391,0.15411626,0.0007908538,0.0007908538
93,0.18023807,0.3495853,0.14109607,0.16078007,0.0051578833,-0.047651142,0.12405939,0.22410552,0.098088756,0.14336377,0.017020207,-0.024961552,0.093111664,0.15652868,0.06768344,0.13163067,0.028280316,0.014294355,0.067407414,0.16478825,0.050027326,0.12706777,0.042232476,0.052790463,0.043856576,0.2506157,0.028832793,0.1320609,0.06337623,0.09202337,0.017712088,0.37062672,-0.004267551,0.14877148,0.0007908538,0.0007908538
94,0.18186532,0.35050255,0.1418665,0.16058967,0.005717412,-0.046975944,0.124976225,0.22515513,0.098589905,0.1431408,0.01752787,-0.023972318,0.09373834,0.15760753,0.06813245,0.13137348,0.028752651,0.0154229095,0.06786312,0.16616888,0.05040885,0.12676539,0.0426424,0.05363122,0.044313062,0.2525983,0.029343363,0.13171619,0.0636411,0.09228572,0.018545887,0.37264594,-0.003142204,0.14838935,0.0007908538,0.0007908538
95,0.18219587,0.349805,0.14191894,0.16182792,0.0043205274,-0.048632823,0.12493141,0.22500266,0.0983124,0.14471605,0.01639972,-0.02519301,0.09338338,0.15757133,0.06763364,0.13307345,0.02788721,0.014578864,0.067272745,0.16607319,0.049676258,0.12859052,0.042116344,0.053261597,0.043343306,0.2524889,0.028118458,0.13380833,0.06363595,0.092325516,0.016917616,0.37264255,-0.0053036097,0.15096064,0.0007908538,0.0007908538
96,0.18485054,0.35255417,0.1436091,0.1602489,0.007171346,-0.045001157,0.12688632,0.2271498,0.0999589,0.1426593,0.018889917,-0.021819938,0.09532522,0.15950043,0.06951278,0.13077472,0.030074975,0.01775507,0.06925938,0.16849495,0.051762976,0.12603512,0.043897003,0.055506773,0.04576305,0.25589842,0.03100159,0.13083942,0.06471335,0.09317293,0.020724295,0.3760463,-0.00025950966,0.14734676,0.0007908538,0.0007908538
97,0.18226966,0.35153526,0.14197822,0.16243032,0.00618184,-0.04588579,0.12505026,0.22498791,0.09823311,0.1447795,0.018280804,-0.023142058,0.093536094,0.15751433,0.067470044,0.13289404,0.029868534,0.016692385,0.06712552,0.16675647,0.049173087,0.12825836,0.044222333,0.055355024,0.042665355,0.2549071,0.027033433,0.13336755,0.06582093,0.09380207,0.015905969,0.37649187,-0.006676975,0.15045904,0.0007908538,0.0007908538
98,0.18527292,0.3523988,0.14421646,0.16556871,0.0027265134,-0.05002543,0.127013,0.22708532,0.10027107,0.14888646,0.01555028,-0.026083149,0.095288746,0.1588269,0.069461174,0.13731165,0.027871676,0.014619333,0.06885302,0.16682771,0.051210146,0.13298176,0.043193284,0.05445803,0.044110112,0.25353077,0.02884436,0.13876617,0.06629389,0.0940606,0.01671687,0.37455115,-0.005597825,0.1570663,0.0007908538,0.0007908538
99,0.18325073,0.35252878,0.14227054,0.16319048,0.0067857862,-0.04536172,0.12562452,0.22562888,0.098412015,0.14536738,0.018972216,-0.021990338,0.09393995,0.1581711,0.06760413,0.13338803,0.030681483,0.01836563,0.0672057,0.16795152,0.04903396,0.12870589,0.045172222,0.05684361,0.042504337,0.257301,0.026730763,0.13385543,0.06690515,0.09447236,0.015943268,0.37950093,-0.006567559,0.15110187,0.0007908538,0.0007908538
100,0.18893574,0.35707906,0.14599842,0.16019681,0.010231926,-0.04092076,0.12951876,0.23015162,0.10174275,0.14195299,0.02178938,-0.018026832,0.097519994,0.16236567,0.071205,0.12973851,0.032896243,0.021636983,0.07101831,0.17258187,0.0532626,0.12473862,0.04655929,0.058549263,0.047457762,0.26261446,0.032891326,0.12931006,0.066939026,0.09439516,0.023614936,0.38397208,0.0037435987,0.14559865,0.0007908538,0.0007908538
101,0.1867528,0.3555676,0.14451402,0.16095777,0.009483742,-0.041367132,0.12765583,0.22794598,0.09960471,0.14268722,0.021149373,-0.019533852,0.09524959,0.16088386,0.06843932,0.13051598,0.032343477,0.01975201,0.068304025,0.1718124,0.049919523,0.12559149,0.046105072,0.057155877,0.043940887,0.26292682,0.028354822,0.1303115,0.066608995,0.093770444,0.018556163,0.38573864,-0.003053363,0.14686418,0.0007908538,0.0007908538
102,0.18826441,0.35614562,0.1458505,0.16281159,0.0075896867,-0.043343678,0.12859097,0.22875515,0.10053411,0.14501967,0.019667286,-0.021597201,0.09593878,0.16141142,0.06912305,0.1330122,0.03127946,0.017876694,0.06888147,0.17185281,0.05051564,0.12825935,0.045584913,0.05616098,0.044133365,0.26254377,0.028541025,0.1333703,0.06690898,0.09379878,0.017967392,0.385643,-0.0038239171,0.15063189,0.0007908538,0.0007908538
103,0.18819742,0.3558447,0.14593913,0.16420788,0.0060667456,-0.045020618,0.12845008,0.22852011,0.10043874,0.1467287,0.018445248,-0.023258997,0.09567849,0.16109686,0.06882989,0.13484523,0.030353745,0.016374812,0.068506405,0.17126624,0.05006432,0.13023499,0.045046754,0.055319812,0.04337463,0.26170582,0.027568823,0.13564599,0.06696471,0.093742155,0.016377414,0.38511294,-0.0059551834,0.15343378,0.0007908538,0.0007908538
104,0.18806511,0.3556223,0.14586793,0.16486585,0.005339496,-0.045984473,0.12832479,0.22838622,0.10032482,0.14753592,0.017859373,-0.024080226,0.09550329,0.16094753,0.068627104,0.13571316,0.029906472,0.015676338,0.068263285,0.17102475,0.049768224,0.13117214,0.044780213,0.054910436,0.042950783,0.2614117,0.027023204,0.13672727,0.06697447,0.09366489,0.015576111,0.38503322,-0.0070308754,0.15476742,0.0007908538,0.0007908538
105,0.18725745,0.35544738,0.1449787,0.16352202,0.007371155,-0.043579806,0.12764871,0.22765572,0.09924804,0.14566146,0.019546703,-0.022118814,0.09465233,0.16081722,0.06741423,0.13365087,0.031258386,0.017343787,0.067173205,0.17196417,0.04832321,0.12892868,0.04567459,0.0558636,0.04181653,0.26387104,0.025521595,0.13414612,0.06712016,0.093684375,0.014730852,0.38816705,-0.008145447,0.15162665,0.0007908538,0.0007908538
106,0.1882751,0.3552622,0.14598615,0.166559,0.0039934064,-0.047443263,0.12814695,0.22810455,0.09989265,0.14951125,0.016863732,-0.0255939,0.09494211,0.16082603,0.06783281,0.13779466,0.029272372,0.014497553,0.06735399,0.17099571,0.04860879,0.13339637,0.0446067,0.054495618,0.041379306,0.2617398,0.025008645,0.13929762,0.0674711,0.09388717,0.0128916735,0.3858789,-0.010615481,0.157969,0.0007908538,0.0007908538
107,0.1902731,0.35765067,0.14701952,0.16358902,0.008023575,-0.042539764,0.12949723,0.22977218,0.100691125,0.14573841,0.020190522,-0.021435225,0.096104935,0.1627783,0.06874917,0.1336874,0.0319159,0.017990353,0.06849265,0.17410098,0.04970287,0.12892407,0.04631245,0.056440845,0.043141115,0.26652315,0.027143415,0.13415289,0.06764618,0.0939409,0.016463181,0.3908129,-0.005784323,0.15171264,0.0007908538,0.0007908538
108,0.19181778,0.35881385,0.14805008,0.16412278,0.007684355,-0.043064483,0.1305103,0.2310187,0.10163769,0.14641546,0.019963466,-0.02157962,0.09704962,0.16370113,0.06975357,0.13440022,0.031808376,0.018110106,0.069430046,0.1747878,0.05077681,0.12968382,0.046344303,0.056654423,0.044123854,0.26708055,0.028397383,0.13504995,0.067852184,0.09405111,0.017717592,0.391212,-0.004065649,0.1528646,0.0007908538,0.0007908538
109,0.18876234,0.35691983,0.145722,0.16512896,0.007216011,-0.043866362,0.12829427,0.22854291,0.099357225,0.147288,0.019651273,-0.02211894,0.094848216,0.16168456,0.067242146,0.1352654,0.031651817,0.017979965,0.06684948,0.17332716,0.047694474,0.13061212,0.046386447,0.05684584,0.040832978,0.26656002,0.0241925,0.13613102,0.068174355,0.09427136,0.013254588,0.39168337,-0.010092226,0.15422016,0.0007908538,0.0007908538
110,0.19463754,0.36091632,0.15005426,0.1665254,0.005988242,-0.045681957,0.1327215,0.23357469,0.10407265,0.14932595,0.018801896,-0.02234421,0.0995096,0.16517194,0.072553374,0.13744187,0.031224381,0.01852319,0.07197306,0.17526273,0.0537419,0.13290516,0.046510138,0.05754714,0.04673213,0.2667796,0.031691644,0.1387536,0.06911319,0.09479308,0.020828806,0.39063513,0.00016548624,0.15745108,0.0007908538,0.0007908538
111,0.18901089,0.36123788,0.1459573,0.16492392,0.012160804,-0.038866956,0.12965523,0.23002204,0.10113185,0.1457049,0.024356293,-0.016198358,0.09743964,0.16221258,0.069954075,0.13308069,0.036247883,0.024777917,0.06955274,0.17465961,0.050500344,0.12800865,0.050812677,0.0624405,0.043866444,0.27032748,0.027791768,0.13303456,0.072144635,0.096925974,0.01833321,0.3970841,-0.0031592792,0.15047522,0.0007908538,0.0007908538
112,0.18977048,0.36097416,0.1465703,0.16866216,0.008434787,-0.04325815,0.1299091,0.23024823,0.10144705,0.1502602,0.021451097,-0.019692825,0.09747178,0.16190773,0.07001173,0.13793042,0.03419683,0.022228446,0.069304705,0.1733768,0.050206948,0.13321164,0.049893484,0.061489664,0.04268597,0.26818264,0.026278423,0.13902777,0.072916515,0.0974257,0.015396437,0.39524478,-0.007127799,0.1578616,0.0007908538,0.0007908538
113,0.19230446,0.36161232,0.14839014,0.17189343,0.004450113,-0.04789964,0.13136996,0.23200208,0.10296871,0.15457118,0.018232578,-0.02312506,0.09865523,0.16284496,0.07141123,0.14261337,0.031764008,0.01963985,0.07040403,0.1729456,0.051554635,0.13826904,0.04850123,0.060193505,0.043341056,0.26620278,0.027116684,0.14487082,0.07310087,0.097436965,0.015098622,0.39288718,-0.007581492,0.16506027,0.0007908538,0.0007908538
114,0.19263327,0.36442333,0.14783303,0.16703843,0.01145311,-0.03971771,0.13177979,0.23274429,0.10265653,0.14800073,0.023991844,-0.015571158,0.09916295,0.16432126,0.0714341,0.13539496,0.03625335,0.02635864,0.07082838,0.17689322,0.05170369,0.1304241,0.051226135,0.06385143,0.044927996,0.2735939,0.029057328,0.13587132,0.07299977,0.09722388,0.020017872,0.40092844,-0.00080068666,0.15415193,0.0007908538,0.0007908538
115,0.1885666,0.3631724,0.14488639,0.16732138,0.012333317,-0.038289476,0.12880535,0.2296182,0.099547185,0.14776264,0.024805607,-0.015274375,0.096206255,0.16186461,0.06796797,0.13502395,0.037002284,0.026388427,0.067413606,0.17556107,0.047533244,0.13001616,0.051857438,0.06394407,0.040641222,0.2741419,0.02346089,0.13543977,0.07336483,0.097156875,0.014328395,0.40337962,-0.008623489,0.15371019,0.0007908538,0.0007908538
116,0.19308352,0.3644464,0.14859171,0.17501791,0.0023555332,-0.04941072,0.13109696,0.2327904,0.102291115,0.15803297,0.016645571,-0.02517046,0.09791451,0.16305831,0.07028558,0.14622867,0.030685998,0.017772652,0.06906946,0.17307478,0.049785163,0.14219329,0.047965437,0.05910233,0.04091598,0.26730052,0.023902828,0.14958683,0.073110126,0.096638136,0.011290713,0.3957188,-0.0129091935,0.17118311,0.0007908538,0.0007908538
117,0.19509043,0.3675464,0.14914784,0.17029992,0.0073012523,-0.04358828,0.13217385,0.23483968,0.102474056,0.1522647,0.02041267,-0.020192655,0.098602496,0.165742,0.07055814,0.14007922,0.03318175,0.021487568,0.069731705,0.1775911,0.050336126,0.135613,0.04866657,0.06002669,0.04288553,0.27411363,0.026405156,0.14213154,0.07097447,0.0947116,0.01641064,0.40271243,-0.0059343544,0.16222811,0.0007908538,0.0007908538
118,0.19862425,0.3711403,0.15108219,0.1677623,0.010220442,-0.040302556,0.13447312,0.23796283,0.10420773,0.14917547,0.022684561,-0.016917165,0.10066228,0.16879645,0.07252267,0.13676324,0.034753565,0.02423796,0.071882576,0.18142757,0.052722756,0.13205284,0.049215153,0.060982402,0.046161816,0.27902955,0.030641068,0.13813126,0.069852196,0.093626566,0.022467164,0.40724403,0.0024097932,0.15749623,0.0007908538,0.0007908538
119,0.19438887,0.37094077,0.14821735,0.16834696,0.012190566,-0.03833395,0.1320487,0.23524973,0.102037326,0.14886324,0.024600292,-0.015042147,0.0988497,0.16628034,0.07037709,0.13615264,0.03665365,0.026555808,0.069671914,0.18008044,0.04988567,0.1313031,0.05105888,0.063128,0.043209534,0.28005123,0.026682578,0.13725689,0.07148393,0.0947413,0.01879062,0.41053006,-0.0026118048,0.15649807,0.0007908538,0.0007908538
120,0.1900213,0.36908144,0.14522766,0.17036887,0.011361744,-0.039380334,0.1289991,0.23187575,0.09909595,0.15065953,0.024092246,-0.016321039,0.095927894,0.16327912,0.06705274,0.13793115,0.03648319,0.025720453,0.066209964,0.17768839,0.045705304,0.13319862,0.051310327,0.063155524,0.038477417,0.27902445,0.020552088,0.13946466,0.072288774,0.09524809,0.011883499,0.41137508,-0.012008841,0.1592747,0.0007908538,0.0007908538
121,0.19762485,0.37526116,0.1515263,0.17515269,0.007244675,-0.044030115,0.13493015,0.23850591,0.106153764,0.15675685,0.021124585,-0.01920251,0.10258279,0.16683465,0.07493622,0.1443677,0.034790017,0.024146898,0.073598236,0.17774637,0.05451251,0.14004149,0.051299978,0.063329615,0.046191994,0.275447,0.030357515,0.14732853,0.07471132,0.09673417,0.020372849,0.40662506,-0.00051652594,0.16893955,0.0007908538,0.0007908538
122,0.18808985,0.37619644,0.14531182,0.17142352,0.017591776,-0.032249827,0.13018389,0.23288287,0.1021131,0.1497441,0.030254796,-0.009444165,0.09982075,0.1620955,0.0716211,0.13618307,0.042758737,0.03355707,0.07064628,0.17680225,0.050547615,0.13097525,0.05767611,0.07025928,0.043199293,0.28076586,0.026175136,0.13678467,0.07851553,0.09931041,0.01871664,0.41620862,-0.00274539,0.156069,0.0007908538,0.0007908538
123,0.19306561,0.3808449,0.14931054,0.17567968,0.01382109,-0.036458984,0.1336676,0.2371927,0.10620389,0.15488333,0.02739291,-0.012624328,0.10355648,0.16427162,0.07599146,0.14157568,0.04089971,0.03133238,0.0745971,0.17652126,0.055224586,0.13671239,0.057137225,0.06970346,0.04679397,0.27818725,0.03078201,0.14341085,0.07980987,0.10010651,0.021991214,0.41322997,0.0017851044,0.16429003,0.0007908538,0.0007908538
124,0.1838608,0.37866196,0.14357011,0.17816699,0.014288966,-0.035942663,0.1279781,0.2310159,0.10128991,0.15640396,0.028143158,-0.013241519,0.09881585,0.15849619,0.07079223,0.14284815,0.04198704,0.031148078,0.06923074,0.17205337,0.048811205,0.13799797,0.058656026,0.07062018,0.039605618,0.27662262,0.021523567,0.14487283,0.08184602,0.10133937,0.011825625,0.415376,-0.01194413,0.16613705,0.0007908538,0.0007908538
125,0.18796308,0.38358596,0.14728956,0.18084963,0.0131575605,-0.036983717,0.13150465,0.23497896,0.105654076,0.15937664,0.027580164,-0.013779041,0.10304747,0.16052806,0.07566897,0.14582887,0.04210857,0.03129246,0.073819354,0.1723577,0.05409343,0.14107224,0.05968858,0.07163549,0.044248823,0.27563614,0.027325341,0.14835696,0.08412635,0.10267874,0.017087916,0.41449225,-0.0047211917,0.170428,0.0007908538,0.0007908538
126,0.18476395,0.3844401,0.14532523,0.17831025,0.018663086,-0.030454079,0.13016428,0.23320408,0.104414,0.15528452,0.03236365,-0.0087818485,0.10239589,0.15944883,0.07468554,0.14116648,0.04616118,0.035675395,0.0731484,0.17341384,0.053004786,0.13594419,0.062711164,0.07449683,0.0439473,0.27985436,0.026740111,0.14241007,0.08555468,0.103377916,0.01803726,0.42048672,-0.0034226323,0.16315044,0.0007908538,0.0007908538
127,0.18410762,0.38417426,0.14519754,0.18255657,0.01400784,-0.035426393,0.12933598,0.23264772,0.103903875,0.1605012,0.02864344,-0.013673838,0.10140249,0.1581876,0.07373587,0.14675091,0.043471403,0.031191006,0.07184406,0.17080006,0.0515426,0.14195333,0.06143482,0.07219574,0.041150797,0.27613997,0.023150649,0.14934222,0.08630692,0.10350712,0.012271886,0.41785568,-0.011356132,0.17170613,0.0007908538,0.0007908538
128,0.18527587,0.38525978,0.14603639,0.18365557,0.012862453,-0.036722105,0.13006474,0.23367037,0.10468315,0.16187185,0.027721504,-0.0145907765,0.10208635,0.1587729,0.07449495,0.14821236,0.04279016,0.030436244,0.07251116,0.17090234,0.052308824,0.14352348,0.061062153,0.07166674,0.041759912,0.27581856,0.023915753,0.15117402,0.08634849,0.10322019,0.012847211,0.4176289,-0.010573525,0.17400204,0.0007908538,0.0007908538
129,0.1866853,0.38707474,0.14619815,0.17792374,0.019353393,-0.029410282,0.13114405,0.23497419,0.10480422,0.15467778,0.032811675,-0.007873937,0.10294402,0.16136749,0.0748684,0.14050488,0.046288736,0.035986066,0.0735368,0.17617106,0.05321715,0.13526666,0.06228497,0.07348442,0.044954762,0.28386152,0.027955059,0.14176723,0.08417467,0.10122983,0.020527286,0.42546427,3.5148696e-06,0.1625838,0.0007908538,0.0007908538
130,0.18780603,0.38596156,0.14640543,0.17936583,0.015445179,-0.033513386,0.13071135,0.23510584,0.10366941,0.1570982,0.029234674,-0.012066625,0.101418905,0.16186635,0.07300995,0.14335102,0.042970702,0.0313183,0.071715385,0.17618817,0.05114458,0.13848038,0.059275668,0.06948636,0.042689428,0.2829152,0.0251419,0.14560847,0.08160809,0.09886807,0.016924782,0.42451888,-0.004989216,0.1674276,0.0007908538,0.0007908538
131,0.1881296,0.38562736,0.14665546,0.18228845,0.011485187,-0.037897706,0.13050325,0.2351799,0.10351966,0.16095938,0.025939392,-0.015825823,0.100909255,0.16146481,0.07252166,0.14757586,0.04037088,0.02790759,0.071006104,0.17474064,0.05037338,0.14308102,0.05760423,0.06728187,0.04125248,0.2803908,0.023295518,0.1509648,0.08126782,0.09814114,0.013914435,0.4224996,-0.009195665,0.17407112,0.0007908538,0.0007908538
132,0.1896114,0.38768154,0.14745948,0.18027319,0.014211004,-0.03508101,0.13191323,0.23681821,0.104799576,0.15836778,0.028169515,-0.012494224,0.10255514,0.16306996,0.074174196,0.14475524,0.042068824,0.031044638,0.072859995,0.17708246,0.05239861,0.14002438,0.05854934,0.06871058,0.0442128,0.28369468,0.02702978,0.14745985,0.08106929,0.09762653,0.01929737,0.42586762,-0.0017700535,0.16980825,0.0007908538,0.0007908538
133,0.18123545,0.383476,0.14145339,0.18048629,0.015579714,-0.033841047,0.12633379,0.23060605,0.09922702,0.15775163,0.029429533,-0.011600838,0.09728173,0.15814142,0.068205714,0.14393346,0.04322534,0.032152195,0.06687837,0.17418598,0.045268502,0.13912512,0.059556372,0.06968955,0.037008867,0.2838542,0.017696856,0.14642468,0.08180433,0.09794232,0.0099562025,0.4286802,-0.014657722,0.16856581,0.0007908538,0.0007908538
134,0.18565388,0.3877537,0.14517863,0.18597378,0.011811088,-0.038106088,0.12980618,0.23452841,0.10351427,0.16414593,0.026849879,-0.014027299,0.101266496,0.15972613,0.072890766,0.15054011,0.042021252,0.03134436,0.0709162,0.17333905,0.05001651,0.14609517,0.06016674,0.07060924,0.04043411,0.28097513,0.022031575,0.15443437,0.084911294,0.099604815,0.012893959,0.42540696,-0.010634178,0.17848621,0.0007908538,0.0007908538
135,0.18356337,0.38897538,0.14332587,0.18204334,0.018613303,-0.030668205,0.12903906,0.23358059,0.102319196,0.15838842,0.032575995,-0.007088119,0.10092286,0.15989971,0.07204475,0.14412962,0.046584845,0.037896547,0.07046228,0.17650932,0.04916268,0.13912602,0.06307127,0.07424731,0.041124817,0.28802615,0.022836003,0.14644204,0.08529707,0.09943057,0.016519781,0.43348372,-0.0055385944,0.16879103,0.0007908538,0.0007908538
136,0.1872037,0.3905949,0.14558761,0.183368,0.01717375,-0.032139834,0.13101824,0.235911,0.10384249,0.16015477,0.031416684,-0.00825468,0.10231721,0.16191863,0.07338607,0.14601515,0.045725953,0.036945973,0.07168756,0.17803326,0.050527114,0.14114006,0.06256428,0.073675565,0.04221267,0.28903472,0.024244897,0.1488123,0.085214205,0.09915343,0.017632602,0.43396935,-0.0039904527,0.17180304,0.0007908538,0.0007908538
137,0.18844837,0.39051512,0.14642024,0.18679951,0.012684772,-0.037065405,0.13118362,0.23651117,0.103976816,0.16464834,0.027703667,-0.012692729,0.10200547,0.16186485,0.0731357,0.15090081,0.042843305,0.03300422,0.07110742,0.17652151,0.049952686,0.1464438,0.060780566,0.07143943,0.04061688,0.2859779,0.022229746,0.15499032,0.084961355,0.098784976,0.014031347,0.43091026,-0.0090406705,0.17947112,0.0007908538,0.0007908538
138,0.1839956,0.38946268,0.14315735,0.18452291,0.016421784,-0.03309755,0.12856343,0.23362812,0.10128163,0.16117921,0.03077895,-0.009230216,0.09980667,0.15995936,0.07051736,0.14705966,0.045185328,0.03620153,0.06872054,0.17668357,0.04701364,0.14229967,0.062099934,0.073086195,0.03852519,0.28883305,0.019495128,0.15023446,0.084765434,0.09847459,0.012739487,0.43511972,-0.010786461,0.17367916,0.0007908538,0.0007908538
139,0.1897779,0.39359838,0.14727812,0.18450235,0.016741406,-0.03243263,0.13264781,0.23821348,0.105303325,0.16132055,0.031111563,-0.008292331,0.103828005,0.16365165,0.07487647,0.14716828,0.04554912,0.03709976,0.07309463,0.17960034,0.052054882,0.14235808,0.06246993,0.073592454,0.04377308,0.29085413,0.026239064,0.15030181,0.08509222,0.09851008,0.019993128,0.43614414,-0.0007078059,0.17380396,0.0007908538,0.0007908538
140,0.18647587,0.39176106,0.14490362,0.18408148,0.0179211,-0.031107975,0.13035844,0.2355673,0.10278417,0.16042936,0.03212663,-0.007775994,0.10146154,0.1619022,0.07205482,0.14614555,0.046388812,0.037393346,0.07036477,0.17912214,0.04872112,0.14124139,0.06306274,0.073773146,0.040489487,0.29212332,0.021927344,0.14900768,0.08530644,0.098471366,0.015724342,0.43873513,-0.0066347844,0.17222862,0.0007908538,0.0007908538
141,0.18505456,0.391698,0.14406787,0.18578278,0.017772764,-0.03132699,0.12952927,0.23454219,0.102084875,0.16197827,0.03227805,-0.0079129785,0.10078802,0.16073763,0.0712596,0.147625,0.046922803,0.03780937,0.0693143,0.1781574,0.04739529,0.14275853,0.06408554,0.07475071,0.03858657,0.29197416,0.019385943,0.15074544,0.086930774,0.099364065,0.012648578,0.43943185,-0.010931942,0.17440921,0.0007908538,0.0007908538
142,0.18840224,0.39476702,0.14684224,0.19086485,0.014115746,-0.03533688,0.13176395,0.23716523,0.104719125,0.16781855,0.029673737,-0.010996402,0.10305469,0.1616903,0.0738961,0.15366328,0.04553438,0.036016967,0.07128614,0.17722529,0.049735326,0.1491597,0.06426431,0.07493466,0.03939665,0.28958175,0.020441452,0.15815893,0.08917578,0.10065818,0.011997862,0.43668768,-0.011818011,0.18364532,0.0007908538,0.0007908538
143,0.18731204,0.3964001,0.14607039,0.18768905,0.019616427,-0.029142937,0.13166906,0.23693663,0.104391016,0.1631255,0.034267217,-0.0058550453,0.10333419,0.16231732,0.07385486,0.14842373,0.049110133,0.040581472,0.07160259,0.1801564,0.049876373,0.14345266,0.06637798,0.077348374,0.040756218,0.2953662,0.022203365,0.15160075,0.089127675,0.100441456,0.015852721,0.44314408,-0.0062795035,0.17569014,0.0007908538,0.0007908538
144,0.19114494,0.39910072,0.14873028,0.18790103,0.01950973,-0.02886032,0.1341434,0.23984541,0.10665772,0.16346498,0.03418763,-0.0058722505,0.10555671,0.16480431,0.07618375,0.1487653,0.049053907,0.040277865,0.07398204,0.18220605,0.052609533,0.14380054,0.06630721,0.076981634,0.043525722,0.29692248,0.025812328,0.1520404,0.088977315,0.100124404,0.01957681,0.44427887,-0.0010409045,0.17630835,0.0007908538,0.0007908538
145,0.19068794,0.39871,0.14830786,0.18811652,0.01938909,-0.028667908,0.1335619,0.23927788,0.10578747,0.16364832,0.03407523,-0.006412256,0.1046749,0.1646263,0.07504228,0.14895,0.048941925,0.039380323,0.072909474,0.18240805,0.051275175,0.14400132,0.066173114,0.07628474,0.042070992,0.29765877,0.02390014,0.1522933,0.08877847,0.09978673,0.017398685,0.4455677,-0.004084738,0.1766594,0.0007908538,0.0007908538
146,0.19258882,0.40007037,0.14954546,0.18690728,0.021330068,-0.02621757,0.13500538,0.24062309,0.10697729,0.16204111,0.03571784,-0.004335956,0.10605889,0.16612196,0.07637893,0.14715733,0.050263785,0.04113292,0.07440872,0.18441771,0.052907467,0.142014,0.067035116,0.077237785,0.04415717,0.30021024,0.026569866,0.14997497,0.08896258,0.09986044,0.020824388,0.44786367,0.00074125954,0.17381592,0.0007908538,0.0007908538
147,0.19230889,0.39921257,0.14897394,0.18578681,0.022702042,-0.024628745,0.1345135,0.2398626,0.10583305,0.1605811,0.036792845,-0.0036488282,0.10510266,0.16627528,0.07496015,0.1455807,0.050997294,0.041233286,0.07325651,0.18563418,0.051362976,0.14030382,0.06728018,0.07687105,0.04297101,0.30258504,0.024924818,0.1480066,0.08849132,0.099235654,0.019546805,0.4507582,-0.0011071322,0.17142807,0.0007908538,0.0007908538
148,0.19086562,0.39654064,0.14750183,0.18848032,0.018579137,-0.028934816,0.1322305,0.2377428,0.10285779,0.1641452,0.03326427,-0.00892777,0.101751685,0.16474642,0.07103301,0.14952704,0.048092376,0.035617176,0.06927497,0.18371128,0.046652555,0.1446469,0.065207206,0.07320202,0.037199195,0.30030248,0.017366847,0.15311845,0.087557495,0.0981461,0.009990407,0.44944537,-0.0146202,0.17781349,0.0007908538,0.0007908538
149,0.19247569,0.39691702,0.14855786,0.19183266,0.014339068,-0.033431724,0.13262603,0.23857883,0.103187166,0.16851123,0.029798051,-0.013176223,0.101651214,0.16488868,0.070984155,0.15426768,0.04548196,0.031624343,0.068950854,0.18236798,0.046348225,0.1498005,0.063737914,0.07087984,0.035884794,0.29742038,0.015665056,0.15914945,0.087646306,0.09776123,0.006705543,0.44664627,-0.019291064,0.18532257,0.0007908538,0.0007908538
150,0.19399652,0.39851323,0.14924318,0.18782994,0.017528623,-0.030010257,0.13379493,0.24029066,0.103955254,0.16383247,0.03200219,-0.010175402,0.102750085,0.16721909,0.07199668,0.14937039,0.04649707,0.03325697,0.07056255,0.18581644,0.048203003,0.14459431,0.06308195,0.069874436,0.039592918,0.30153826,0.020602413,0.15320031,0.08462573,0.09513939,0.014092127,0.45069352,-0.008814496,0.1780622,0.0007908538,0.0007908538
151,0.1919547,0.3979241,0.14751104,0.18437591,0.021391295,-0.026196273,0.13273053,0.23916003,0.10255162,0.1593918,0.034991022,-0.0066960887,0.10180128,0.16718894,0.070668526,0.14460334,0.04847799,0.035944015,0.06968505,0.18772402,0.04699914,0.13946415,0.06366671,0.07035511,0.039810434,0.3055256,0.020838622,0.14727503,0.08322935,0.0937588,0.01630356,0.45562163,-0.005690369,0.1707836,0.0007908538,0.0007908538
152,0.19490854,0.39870882,0.14947754,0.18772382,0.016787203,-0.031455502,0.13408116,0.24096727,0.10383775,0.1639177,0.03117393,-0.010881655,0.10260801,0.16813509,0.07164916,0.14955343,0.045499437,0.03238531,0.07033559,0.18702133,0.047872987,0.14486122,0.061777644,0.06823692,0.03991489,0.30293226,0.021026637,0.15360768,0.082830176,0.09325572,0.015308772,0.45255792,-0.0071332315,0.17868927,0.0007908538,0.0007908538
153,0.19453314,0.3969453,0.14860891,0.19043358,0.012956003,-0.035860516,0.13264011,0.2398662,0.101677746,0.16740382,0.027885584,-0.014903628,0.100099936,0.16746639,0.06863267,0.1533816,0.042750947,0.028733373,0.06706462,0.18627219,0.044021253,0.14907819,0.059691064,0.06576167,0.035372976,0.30213523,0.015185784,0.15861903,0.08159651,0.09215551,0.008338118,0.45205083,-0.016892038,0.18503019,0.0007908538,0.0007908538
154,0.19696629,0.40071374,0.15000014,0.18667847,0.017816579,-0.030853402,0.13493039,0.24279213,0.103736006,0.16252851,0.03176346,-0.009667961,0.10275939,0.17054875,0.071330376,0.14807762,0.045521274,0.033176623,0.07020537,0.19080885,0.047607485,0.1433324,0.0608957,0.06713419,0.040711094,0.30834818,0.022297159,0.15202202,0.08050184,0.09058466,0.018269958,0.4585086,-0.0027095939,0.17702238,0.0007908538,0.0007908538
155,0.19569053,0.40082043,0.1486347,0.18416168,0.020798007,-0.02798564,0.13422835,0.24222808,0.1026075,0.15920223,0.034056053,-0.006577324,0.10207296,0.1708041,0.0702513,0.1444913,0.04701854,0.035777755,0.069457,0.19280216,0.046545178,0.13947915,0.061273344,0.06769799,0.040826377,0.31244949,0.02242903,0.14761423,0.079243444,0.08921911,0.020166935,0.4637259,-4.9252994e-06,0.17168859,0.0007908538,0.0007908538
156,0.19200663,0.396453,0.14559664,0.1893094,0.0123580815,-0.037099827,0.12991023,0.23853111,0.09784934,0.16611259,0.0267321,-0.015730286,0.0965109,0.16736609,0.064114586,0.15220807,0.04078032,0.026759397,0.06303311,0.1881083,0.03913109,0.14807293,0.05640365,0.061459526,0.03209399,0.30639967,0.01102685,0.1578332,0.076216996,0.08661206,0.0062563266,0.45913893,-0.019783333,0.18453334,0.0007908538,0.0007908538
157,0.1971469,0.4010636,0.14952894,0.19031769,0.009687498,-0.03971397,0.13345505,0.24338062,0.10193388,0.16803114,0.024334459,-0.017997267,0.10026613,0.17056769,0.06863183,0.1544373,0.038631663,0.023940666,0.06760016,0.18921104,0.044751998,0.15058467,0.05454287,0.058666445,0.037942436,0.30503798,0.018799385,0.16087121,0.07471961,0.08469908,0.014240079,0.45748165,-0.00861688,0.18840186,0.0007908538,0.0007908538
158,0.19220223,0.39967382,0.14569789,0.18618348,0.014437639,-0.034577962,0.13025646,0.24028671,0.09828246,0.16250134,0.028013144,-0.014216334,0.097155795,0.16911878,0.06481114,0.14848639,0.041117247,0.026500018,0.064273894,0.19054663,0.040618278,0.14419183,0.055443533,0.059092455,0.03498276,0.30982292,0.014913718,0.15349358,0.0733888,0.08337776,0.01195151,0.464481,-0.0117236115,0.17933258,0.0007908538,0.0007908538
159,0.19547968,0.4042854,0.14824213,0.18503554,0.017045746,-0.03194734,0.13342711,0.24389854,0.10193392,0.16082208,0.03032058,-0.010787818,0.10115705,0.17169051,0.0693386,0.14655726,0.043141216,0.029914796,0.06890056,0.19292071,0.04605504,0.14204554,0.05706288,0.061030913,0.041116428,0.3122768,0.022991393,0.15101317,0.07436326,0.08355468,0.021429876,0.46682146,0.0017733345,0.17633528,0.0007908538,0.0007908538
160,0.19067378,0.40426633,0.14529489,0.18469071,0.019868229,-0.028875232,0.1310138,0.2412598,0.100090675,0.15944643,0.0329285,-0.008221707,0.09971822,0.16911373,0.06777256,0.14483766,0.04558011,0.032470252,0.06738285,0.1914049,0.044115774,0.14011183,0.059275832,0.06299627,0.03926865,0.3128011,0.020423949,0.14874674,0.07618178,0.084377386,0.019252496,0.469544,-0.001293137,0.17356743,0.0007908538,0.0007908538
161,0.19112206,0.40421185,0.14584327,0.18926047,0.015007108,-0.033503596,0.13059047,0.24108735,0.09972105,0.16500923,0.02903172,-0.0135440845,0.09881442,0.16825959,0.06684328,0.15077795,0.0427181,0.027346283,0.06614009,0.18902057,0.042716544,0.14655067,0.057719793,0.060235746,0.03659926,0.30898687,0.01693571,0.15629467,0.076332584,0.08408376,0.0138278175,0.4661974,-0.0089666415,0.18301933,0.0007908538,0.0007908538
162,0.19498338,0.40669402,0.14867431,0.1911018,0.012998476,-0.03530628,0.1330324,0.24397078,0.10222834,0.16744779,0.027448859,-0.015259962,0.10108687,0.17024107,0.06941641,0.15339169,0.04160501,0.025699526,0.06859568,0.1897421,0.045648616,0.14936288,0.057194475,0.059284113,0.039194297,0.30832133,0.020353585,0.15958591,0.07656775,0.08391569,0.016811557,0.4650079,-0.004749692,0.1871444,0.0007908538,0.0007908538
163,0.19581296,0.40933856,0.14919433,0.18858272,0.018232625,-0.029647684,0.13449827,0.24530128,0.10367792,0.16368914,0.03204719,-0.009396012,0.103255026,0.1715735,0.07158398,0.14912294,0.04559375,0.031730287,0.07094859,0.1924189,0.048146218,0.14462173,0.06036218,0.06341742,0.04248106,0.31304464,0.024488274,0.15402935,0.07852317,0.08523393,0.022605937,0.4702139,0.0034292801,0.18028945,0.0007908538,0.0007908538
164,0.19042191,0.40915924,0.1448493,0.18707304,0.024146894,-0.023509104,0.13136554,0.24185525,0.10017738,0.1602755,0.037353758,-0.003068779,0.10078036,0.16893633,0.06833152,0.14502929,0.050356917,0.038849585,0.067722045,0.19260679,0.04383023,0.14004219,0.06435034,0.06897249,0.03840858,0.31790748,0.018769158,0.14871715,0.08119798,0.08747305,0.018029824,0.4778417,-0.003185275,0.17388174,0.0007908538,0.0007908538
165,0.19852552,0.41265002,0.14965104,0.1943856,0.015249294,-0.032707583,0.13482603,0.24673364,0.102836326,0.16965008,0.029990591,-0.010745414,0.102682106,0.17195673,0.07030967,0.15512775,0.044644013,0.032412563,0.06903963,0.19233519,0.04545918,0.15100592,0.060685907,0.06559641,0.03819087,0.31424043,0.018572621,0.16165137,0.08007784,0.08694816,0.015433542,0.47280967,-0.00689565,0.1901898,0.0007908538,0.0007908538
166,0.1966764,0.41179177,0.14762922,0.19315048,0.017594527,-0.030274762,0.1332808,0.24511729,0.100438125,0.16759929,0.031873696,-0.00830674,0.10071807,0.17148863,0.06760035,0.15281102,0.046006963,0.034857538,0.06648215,0.19389398,0.042139873,0.14846666,0.06130537,0.0668224,0.03541134,0.31840393,0.01482875,0.15873472,0.079593934,0.08665074,0.01258194,0.4780517,-0.010875874,0.18668786,0.0007908538,0.0007908538
167,0.19392714,0.4105006,0.14539298,0.19242482,0.019121556,-0.028660614,0.13136287,0.24304628,0.09814356,0.16629507,0.033124793,-0.006870011,0.098682486,0.1702604,0.065061465,0.15133351,0.046950042,0.036225207,0.064039186,0.19410332,0.039079756,0.14685346,0.061817076,0.06752822,0.032621637,0.32050604,0.011093579,0.15687452,0.07947596,0.08652914,0.009256564,0.4812554,-0.015553058,0.18443733,0.0007908538,0.0007908538
168,0.19646011,0.41477624,0.14788286,0.19195484,0.020445261,-0.026858699,0.1340206,0.24612562,0.10159528,0.16554832,0.034314994,-0.005401703,0.102255955,0.17217937,0.0692669,0.15044397,0.048017025,0.037238374,0.06839831,0.19527838,0.04429004,0.14585173,0.062708214,0.06792991,0.038244743,0.32120663,0.018581996,0.15570867,0.080094285,0.08642123,0.017481135,0.4825644,-0.0037504607,0.18302126,0.0007908538,0.0007908538
169,0.19327936,0.41570973,0.14683639,0.19516945,0.017800193,-0.029374974,0.13243563,0.24489023,0.101251826,0.1691394,0.032344237,-0.008843657,0.10160479,0.16972554,0.068987936,0.15422003,0.04682391,0.033736378,0.067917995,0.19141649,0.04382436,0.14995179,0.0625394,0.06617412,0.036823962,0.31670764,0.01664059,0.16051152,0.0812432,0.086396225,0.014209222,0.48050937,-0.008408206,0.1890261,0.0007908538,0.0007908538
170,0.18951179,0.4181011,0.14567374,0.19794208,0.019114781,-0.028102499,0.13147993,0.24364468,0.101783395,0.17117636,0.03413724,-0.007981679,0.10235212,0.16715062,0.07014732,0.15597968,0.04927329,0.035506546,0.06872698,0.18859248,0.044722464,0.15171655,0.06580659,0.06885741,0.036872514,0.3151528,0.01661172,0.16255394,0.085443266,0.088478774,0.013646407,0.48153663,-0.009064896,0.19164272,0.0007908538,0.0007908538
171,0.19011286,0.4212255,0.14656225,0.19636272,0.02337886,-0.023587694,0.13306838,0.24510139,0.10375195,0.16848955,0.03795598,-0.003707457,0.10484226,0.168361,0.07278285,0.15285073,0.052656215,0.03971413,0.07156116,0.1907717,0.047841758,0.1482287,0.06856677,0.07163102,0.0407054,0.31899786,0.0215521,0.15848425,0.08728186,0.08920554,0.01993336,0.4864187,-5.4322532e-05,0.18665186,0.0007908538,0.0007908538
172,0.18040371,0.41652623,0.14018953,0.19884273,0.023040451,-0.023817163,0.12651928,0.2378709,0.09742039,0.17056054,0.03803622,-0.005451044,0.09854379,0.16204478,0.06573934,0.15484957,0.053283703,0.038290925,0.06421279,0.18589692,0.039039914,0.1503415,0.06991556,0.07182119,0.030640868,0.31697884,0.008117365,0.16093522,0.089486554,0.09018966,0.0049016387,0.48791784,-0.02143288,0.18975301,0.0007908538,0.0007908538
173,0.18665509,0.4238912,0.14590769,0.20557708,0.018164326,-0.028321465,0.13134679,0.24375135,0.10387868,0.17847024,0.034689732,-0.009455957,0.10440378,0.16419889,0.072875604,0.16305037,0.051826827,0.035445824,0.07049635,0.18370032,0.04656869,0.15904893,0.070970945,0.07203902,0.035963986,0.3111543,0.014977956,0.17103185,0.09372319,0.09226477,0.0094784675,0.48213044,-0.015098944,0.2023481,0.0007908538,0.0007908538
174,0.1844821,0.42811215,0.14550665,0.20079899,0.02656581,-0.019201122,0.13232392,0.2448434,0.10597609,0.17159012,0.04186307,-0.0014557256,0.10746952,0.16511843,0.07634365,0.15538797,0.057612523,0.04267987,0.07456343,0.18658018,0.051121302,0.150715,0.07478804,0.0758804,0.042533554,0.3167893,0.02338454,0.16138339,0.094839424,0.092271626,0.020985117,0.48964784,0.0010834414,0.19044971,0.0007908538,0.0007908538
175,0.17486638,0.42452642,0.13915294,0.19975194,0.028738748,-0.016690217,0.12620841,0.23864469,0.10007192,0.16963162,0.04363025,-0.0012094108,0.10190466,0.16026421,0.070151016,0.1532117,0.058888197,0.041963946,0.06867249,0.18389079,0.044156622,0.14842622,0.07536583,0.074892044,0.03574649,0.31721365,0.014443898,0.15879418,0.09443336,0.091254614,0.012108338,0.49349046,-0.0115186535,0.1873279,0.0007908538,0.0007908538
176,0.18425499,0.4341462,0.14693318,0.20653822,0.023371747,-0.021654278,0.13299271,0.24683177,0.10838248,0.17764953,0.039732,-0.005506317,0.109568104,0.16423747,0.079188965,0.1615284,0.056822248,0.038539205,0.07693014,0.18275578,0.053930584,0.15722804,0.075753726,0.07434375,0.04350482,0.31139228,0.024475014,0.16898924,0.097891316,0.09276683,0.0201038,0.48681027,-0.00034286268,0.20009309,0.0007908538,0.0007908538
177,0.16431494,0.4296385,0.13522226,0.20407969,0.032733295,-0.012679963,0.1230419,0.23555222,0.10044677,0.17217012,0.04824739,0.002077517,0.10286247,0.1542349,0.072004996,0.1550227,0.06448716,0.04710127,0.069788024,0.17774297,0.04532476,0.15007448,0.08217098,0.08118307,0.035557758,0.3143684,0.013843849,0.16065052,0.10247921,0.095336735,0.0111434795,0.49596453,-0.012895914,0.18979919,0.0007908538,0.0007908538
178,0.17060329,0.4392968,0.14123441,0.2123096,0.028606383,-0.016788268,0.1283468,0.24202625,0.107651845,0.18098459,0.04578826,-0.0003804466,0.10953501,0.1563272,0.079798274,0.16382903,0.06426586,0.046742503,0.07631036,0.17561324,0.0527886,0.15919305,0.08497497,0.08391473,0.04031774,0.30970246,0.019793766,0.17108895,0.10894799,0.09887107,0.014779477,0.49175072,-0.00778691,0.20285206,0.0007908538,0.0007908538
179,0.1669097,0.44139013,0.1399654,0.21296395,0.031061094,-0.014386429,0.12753944,0.24128062,0.108008996,0.18076065,0.04824121,0.0018847703,0.11019382,0.15488519,0.08066611,0.1632599,0.06679349,0.049464807,0.077090144,0.17481521,0.053560268,0.15846942,0.087540574,0.086135715,0.041262086,0.3106651,0.020882752,0.17023015,0.11144676,0.09965514,0.016496666,0.4947698,-0.005327915,0.20183848,0.0007908538,0.0007908538
180,0.16119082,0.44041556,0.13663729,0.21478204,0.029763376,-0.015589737,0.12397899,0.23823856,0.10506456,0.18263596,0.047253653,-0.00032765622,0.107174076,0.15171213,0.07752721,0.16520493,0.06620866,0.046689074,0.073933765,0.17168482,0.049957003,0.16057852,0.087520845,0.08420139,0.037043728,0.30838582,0.01541035,0.17269266,0.11210605,0.09890712,0.010125695,0.49520037,-0.014250452,0.20494449,0.0007908538,0.0007908538
181,0.16401461,0.44508284,0.13933082,0.21527015,0.030751783,-0.014111487,0.12681545,0.24180909,0.108618215,0.1828586,0.048308842,0.0010064099,0.1108353,0.15404712,0.08162272,0.16527072,0.067397594,0.047799245,0.07812551,0.17315125,0.0546844,0.16056867,0.088856325,0.08484943,0.042044237,0.30930594,0.021772115,0.17267351,0.11356564,0.09897405,0.017005192,0.49659914,-0.004537071,0.20495158,0.0007908538,0.0007908538
182,0.15570484,0.44110018,0.1338391,0.21408272,0.03270745,-0.012167402,0.12166399,0.23641571,0.103509784,0.18099876,0.04991688,0.0015978481,0.106030166,0.15014793,0.07628896,0.16325195,0.068562284,0.047779012,0.07307669,0.17158234,0.048848893,0.15845796,0.089382924,0.08434894,0.03656705,0.31066284,0.014737425,0.1702739,0.11324918,0.09820786,0.010248473,0.5003755,-0.013963937,0.20199944,0.0007908538,0.0007908538
183,0.16109394,0.4467559,0.1382964,0.21519445,0.032454003,-0.012206079,0.126046,0.24141581,0.10865809,0.18216316,0.049881533,0.002049209,0.11110506,0.1533051,0.08199323,0.16436434,0.06883921,0.048341673,0.07869822,0.17280926,0.055261794,0.15957083,0.09006954,0.084853455,0.042973455,0.3099992,0.02293622,0.17154485,0.11440857,0.098484054,0.01866723,0.49914095,-0.0020655324,0.20360565,0.0007908538,0.0007908538
184,0.15639512,0.44651592,0.1358821,0.21533662,0.032872517,-0.011773517,0.12368938,0.2394004,0.107102685,0.1820633,0.05028165,0.0014496513,0.10962938,0.15107499,0.08059808,0.16421397,0.06922791,0.04703456,0.07747413,0.17067102,0.053901933,0.15943843,0.09044559,0.08365214,0.041605923,0.3084836,0.021176994,0.1714088,0.114748575,0.097824074,0.016779443,0.4996663,-0.004661258,0.20344919,0.0007908538,0.0007908538
185,0.15645455,0.44780093,0.13621615,0.21604724,0.032492064,-0.011934504,0.12392293,0.23999347,0.107593015,0.18277226,0.05000788,0.0008030754,0.110090345,0.15126452,0.081131995,0.16491637,0.06909966,0.045943897,0.078062996,0.17040735,0.054546546,0.1601688,0.09051356,0.08281794,0.042070054,0.30795324,0.021742377,0.17224984,0.11503726,0.09753742,0.01707605,0.49977484,-0.004223897,0.20451634,0.0007908538,0.0007908538
186,0.15376173,0.44659507,0.13428353,0.21699561,0.031558853,-0.012899914,0.12181792,0.23811437,0.10536959,0.18375109,0.04919092,-0.0006914549,0.107813664,0.14973454,0.07860045,0.16593362,0.0684165,0.04408974,0.07552849,0.1692227,0.05166242,0.1612699,0.09000488,0.08145628,0.03879125,0.30739197,0.017589858,0.17354691,0.114709556,0.096973814,0.012335328,0.5002179,-0.0108168265,0.206178,0.0007908538,0.0007908538
187,0.15133376,0.44652855,0.13276753,0.21568139,0.03458292,-0.009895888,0.12083171,0.23718952,0.10429819,0.18152401,0.051802933,0.0019068976,0.1071445,0.14962141,0.077650085,0.16339216,0.070523344,0.046688486,0.0747819,0.17096189,0.05067408,0.15852109,0.091318496,0.082892485,0.038499516,0.31136876,0.01723724,0.17042345,0.1149079,0.09681914,0.013020564,0.50491124,-0.009716521,0.20237942,0.0007908538,0.0007908538
188,0.15748204,0.45083153,0.1367039,0.22186206,0.028952584,-0.0152455345,0.123670794,0.24120317,0.10683075,0.1887229,0.0473433,-0.002808201,0.10898759,0.15202625,0.07957252,0.17084093,0.06758837,0.04266939,0.07585404,0.17094064,0.05191241,0.16632912,0.09048799,0.08162406,0.03747219,0.30933058,0.015966758,0.17940684,0.11662548,0.097744696,0.009302495,0.50206137,-0.014943353,0.21366495,0.0007908538,0.0007908538
189,0.15777673,0.4506355,0.13615108,0.21600431,0.03477045,-0.00953014,0.12423243,0.24195175,0.10623729,0.18144256,0.051662013,0.002821403,0.10918476,0.15517718,0.079177566,0.16317591,0.06984399,0.047008097,0.07661518,0.17767152,0.052614003,0.15827781,0.08965849,0.080727294,0.041926704,0.31827664,0.02188256,0.17032291,0.11178425,0.09335845,0.019384177,0.51042444,-0.0005448933,0.20255388,0.0007908538,0.0007908538
190,0.16407502,0.45302522,0.13948865,0.21790005,0.030679842,-0.01353489,0.12680641,0.24562168,0.10777399,0.18423484,0.04785563,-0.0010445465,0.110304914,0.15867238,0.08012212,0.16632876,0.066265814,0.042099815,0.07771419,0.1797748,0.053906415,0.16174796,0.086336665,0.07589235,0.043269258,0.3180197,0.02374656,0.17446621,0.108734116,0.09035209,0.020865256,0.5092325,0.0015548713,0.2078672,0.0007908538,0.0007908538
191,0.15111911,0.44682127,0.13090912,0.2174009,0.032435954,-0.0122172395,0.1185905,0.23702842,0.099802226,0.18296002,0.049355373,-0.0009393181,0.10266606,0.15176189,0.07174548,0.16486494,0.06745284,0.042109855,0.06942964,0.17571054,0.044294007,0.16022444,0.087062754,0.07576654,0.03367588,0.3179525,0.011226799,0.17274448,0.10880855,0.08986129,0.008334372,0.51282495,-0.01618948,0.20577772,0.0007908538,0.0007908538
192,0.15468454,0.45154652,0.13399053,0.21952195,0.030768393,-0.013537192,0.12133385,0.24077041,0.10327091,0.18539916,0.04809078,-0.0021852807,0.10592271,0.1538044,0.075529546,0.16737142,0.0667129,0.040795073,0.073050916,0.17579316,0.04850366,0.16286734,0.087029256,0.075057626,0.037455197,0.3162845,0.016105495,0.17581482,0.109611936,0.08980684,0.0128041385,0.51130116,-0.009874746,0.2096587,0.0007908538,0.0007908538
193,0.15598695,0.45340458,0.13506314,0.21796702,0.032477867,-0.011661975,0.12269733,0.24250545,0.1047387,0.18347573,0.049438998,-0.0005705757,0.10761068,0.15552303,0.07732808,0.16533098,0.06759044,0.04193913,0.07516944,0.17777981,0.05089077,0.16070595,0.08722022,0.075017065,0.04071485,0.31839985,0.020333523,0.17335737,0.10891664,0.08897962,0.018054128,0.5135707,-0.0024061454,0.20663002,0.0007908538,0.0007908538
194,0.15663171,0.4532599,0.1351738,0.21777752,0.031773604,-0.012241338,0.12267361,0.24272035,0.104323186,0.18345745,0.04866403,-0.0013877552,0.10714492,0.15609626,0.07668336,0.16541022,0.066677205,0.040552627,0.07470551,0.17850533,0.050334238,0.16084757,0.086104035,0.073306486,0.040446296,0.3190591,0.020011567,0.17357117,0.10754141,0.08767856,0.017876012,0.5145514,-0.0026483391,0.20694174,0.0007908538,0.0007908538
195,0.15366638,0.4511396,0.13290736,0.21845534,0.030579478,-0.013406962,0.12019873,0.24035841,0.10157299,0.18433303,0.047577646,-0.0030648918,0.10428676,0.15437412,0.07346972,0.1663942,0.06569898,0.038313903,0.07157301,0.17735888,0.046721444,0.1619443,0.08528052,0.0713125,0.036705032,0.31865942,0.015180388,0.1748683,0.10690866,0.08659045,0.012643729,0.515537,-0.010011744,0.20859103,0.0007908538,0.0007908538
196,0.15566656,0.4553555,0.1351848,0.21851552,0.032422487,-0.011482321,0.12284211,0.24340945,0.105044,0.1839354,0.049419817,-0.000668558,0.107971236,0.15632862,0.07757526,0.16576685,0.06762325,0.0410035,0.07574234,0.17892464,0.05137914,0.16116114,0.087292425,0.07325262,0.041843396,0.32033145,0.021689845,0.1739139,0.10897328,0.08729931,0.019963525,0.5178511,0.0003160321,0.20739299,0.0007908538,0.0007908538
197,0.14813256,0.4530161,0.13048542,0.21936741,0.03223951,-0.011809806,0.11810838,0.23903622,0.100858144,0.18455878,0.04932237,-0.0019268749,0.103821225,0.1522573,0.073196776,0.16634957,0.06764239,0.039517038,0.07134524,0.17567186,0.046347313,0.16180597,0.08747316,0.07231816,0.036471732,0.3188207,0.014718655,0.17468365,0.109315686,0.086995915,0.012537974,0.51909274,-0.010144709,0.20839745,0.0007908538,0.0007908538
198,0.14952388,0.45397136,0.13096866,0.21859331,0.032207966,-0.011658037,0.11857967,0.24026051,0.100817196,0.18374476,0.049029335,-0.002138166,0.103829145,0.1539541,0.07300889,0.16557342,0.06694435,0.038442872,0.071493454,0.17779757,0.04648249,0.16104987,0.086163245,0.07027695,0.03734377,0.32103828,0.015907593,0.17390615,0.10719448,0.08507183,0.01438039,0.52154356,-0.007504416,0.2075316,0.0007908538,0.0007908538
199,0.15989949,0.45831993,0.13686171,0.21805167,0.030144213,-0.013026198,0.12404675,0.24688436,0.104873896,0.18381168,0.046783768,-0.0038119229,0.107698716,0.16071694,0.0767576,0.16590956,0.064328834,0.035059176,0.07579244,0.18358915,0.051352493,0.16151765,0.08298558,0.06576043,0.04317341,0.3244807,0.023592096,0.17457709,0.103299215,0.08158508,0.022719018,0.52312416,0.0043814476,0.20849895,0.0007908538,0.0007908538
200,0.15894853,0.45411927,0.13400215,0.2185416,0.02455675,-0.018077359,0.120095186,0.24419981,0.09866927,0.18540417,0.041092467,-0.011108017,0.101025164,0.16019933,0.06888373,0.16810317,0.058257725,0.02458037,0.068548955,0.18356146,0.04306513,0.16417488,0.07638112,0.055342715,0.034960154,0.32396883,0.013198601,0.17790312,0.09600631,0.07502309,0.011398754,0.5238982,-0.011590335,0.21286428,0.0007908538,0.0007908538
201,0.1620985,0.4556505,0.134738,0.20991457,0.031101104,-0.011277179,0.12203779,0.24733555,0.098930605,0.1754625,0.045701474,-0.005549393,0.10229081,0.16580084,0.069531634,0.15786901,0.060360357,0.02737745,0.07056844,0.19240794,0.04520364,0.15344101,0.07493614,0.05290183,0.040238325,0.33526942,0.020289855,0.16571726,0.08997147,0.069883935,0.02208253,0.53545254,0.0038914732,0.1978391,0.0007908538,0.0007908538
202,0.16426668,0.4566121,0.13557382,0.21085863,0.028083328,-0.013913231,0.122282445,0.24852274,0.09846519,0.17699562,0.042724747,-0.009219407,0.10150205,0.16722143,0.06847428,0.15970223,0.057276733,0.022209328,0.0697313,0.19340792,0.04426674,0.15556505,0.07162851,0.047714937,0.039511003,0.33538193,0.019433549,0.16837007,0.0862953,0.06650097,0.021096455,0.53581727,0.0024272972,0.20138893,0.0007908538,0.0007908538
203,0.16447803,0.45571262,0.13514602,0.21226686,0.024072226,-0.017418453,0.12105232,0.24783345,0.09658947,0.17922649,0.03889218,-0.014013926,0.09910597,0.16693425,0.065699905,0.16232093,0.0535002,0.015894776,0.067036554,0.19276012,0.041195773,0.15854095,0.06788793,0.041970253,0.036288958,0.33401856,0.01530464,0.17197625,0.08256432,0.063191235,0.016335815,0.53509897,-0.0044354447,0.20606875,0.0007908538,0.0007908538
204,0.16709153,0.45761013,0.13628864,0.20578614,0.029664222,-0.011505976,0.12315281,0.2506286,0.09782808,0.17169076,0.04313172,-0.009136271,0.101082765,0.17103484,0.06740511,0.15448786,0.05611154,0.01905572,0.06949187,0.1989426,0.043851152,0.15022604,0.068269625,0.041944455,0.040555414,0.34224522,0.020947725,0.16241121,0.08008076,0.0611381,0.024044557,0.5437228,0.0067593018,0.19415352,0.0007908538,0.0007908538
205,0.16952962,0.45811793,0.13754413,0.20632994,0.026450593,-0.014367012,0.123770975,0.25166315,0.09792152,0.1729894,0.039964147,-0.012998175,0.10071819,0.1722245,0.0668785,0.156141,0.05284782,0.013845223,0.069039084,0.1996565,0.043378122,0.15216166,0.06483894,0.03694289,0.040188428,0.3420124,0.02056261,0.16480094,0.07641987,0.058022063,0.023477484,0.54341084,0.005912802,0.19729842,0.0007908538,0.0007908538
206,0.16246867,0.4543064,0.1326951,0.20634547,0.027217492,-0.013896961,0.11906975,0.2466258,0.09322167,0.17264603,0.040674742,-0.013155996,0.09619867,0.16801998,0.061803486,0.15568076,0.05350857,0.013701492,0.064034924,0.19671369,0.03735261,0.15166755,0.06542878,0.0370228,0.03399741,0.34111503,0.012143914,0.16424784,0.07688129,0.05815532,0.014780043,0.5450444,-0.0068653356,0.19664498,0.0007908538,0.0007908538
207,0.16864876,0.45920375,0.13763557,0.21267,0.020204093,-0.020413088,0.122734345,0.250781,0.09770691,0.18048467,0.034892045,-0.019436922,0.0997152,0.16973759,0.06614231,0.16404453,0.049105745,0.0076995743,0.06783504,0.194845,0.04208976,0.16068506,0.06283906,0.033690464,0.03768633,0.33513498,0.017121375,0.17481443,0.07652755,0.05776287,0.01829165,0.5375375,-0.0018649481,0.2100585,0.0007908538,0.0007908538
208,0.16324934,0.45722705,0.13374363,0.21008487,0.024923066,-0.016001755,0.119713716,0.24773397,0.094425164,0.17667249,0.039023157,-0.015485889,0.09721926,0.16778865,0.063098125,0.159804,0.05263832,0.011799267,0.065112606,0.19507864,0.03863571,0.15609156,0.06554791,0.036660135,0.034573007,0.3385835,0.012856009,0.16950448,0.07809179,0.058775634,0.014689181,0.5432126,-0.007000287,0.20346549,0.0007908538,0.0007908538
209,0.16561688,0.46005228,0.13543972,0.20977144,0.026526604,-0.014490022,0.12177841,0.2501553,0.09659086,0.17597905,0.04053512,-0.013293246,0.09973777,0.16965616,0.06582532,0.15896378,0.054110613,0.014411759,0.06791501,0.19674101,0.04183178,0.15515047,0.066949666,0.038675312,0.03794125,0.34032205,0.017275,0.16843507,0.079320684,0.05957854,0.019579517,0.54486626,0.0001511983,0.20219845,0.0007908538,0.0007908538
210,0.16000383,0.45646107,0.1316016,0.2123188,0.024288123,-0.016972838,0.11753606,0.24551697,0.092371926,0.17879567,0.038747095,-0.01602338,0.095277935,0.16537447,0.06092847,0.16188493,0.0528376,0.012080068,0.06278423,0.19278559,0.035811786,0.15829992,0.06636145,0.037640374,0.031245468,0.33718315,0.008347718,0.17213178,0.07955424,0.059619553,0.00971743,0.543335,-0.014186254,0.20690559,0.0007908538,0.0007908538
211,0.16305861,0.4603243,0.13424227,0.21363004,0.02326187,-0.017769339,0.11995677,0.24869075,0.09541829,0.18035576,0.03797647,-0.016909609,0.09815786,0.16734439,0.06434488,0.16351812,0.052381847,0.011133437,0.066114314,0.19345894,0.039810747,0.16004969,0.06631786,0.037138715,0.035096586,0.33662406,0.013475,0.17419541,0.0799919,0.059564516,0.014715376,0.5426738,-0.0069748396,0.20955037,0.0007908538,0.0007908538
212,0.1661855,0.4642021,0.1363124,0.20911394,0.029903231,-0.011185009,0.1233274,0.25267288,0.098677725,0.17452994,0.043737054,-0.009821109,0.1024387,0.17141508,0.06879278,0.15720187,0.057236593,0.018287687,0.07105094,0.19873123,0.04529779,0.15319484,0.069933124,0.04176433,0.04164264,0.34360614,0.02193474,0.16621906,0.08196914,0.06083394,0.024916625,0.5499226,0.0077220285,0.19956413,0.0007908538,0.0007908538
213,0.16802889,0.46499524,0.13710973,0.20830606,0.03002781,-0.011039113,0.12420573,0.2538081,0.09901428,0.17372653,0.043659296,-0.009818812,0.102884725,0.17283931,0.06903181,0.15644607,0.056890823,0.017694293,0.07146946,0.20046741,0.04567451,0.15244551,0.069209106,0.040564414,0.042297766,0.34567562,0.022772295,0.165425,0.0807245,0.059601232,0.02607385,0.55228126,0.009387366,0.19867042,0.0007908538,0.0007908538
214,0.1573934,0.4598276,0.13028951,0.21030354,0.027477244,-0.014034905,0.116889805,0.24633731,0.0922838,0.176013,0.041418955,-0.014380175,0.0958189,0.16587111,0.061461616,0.15887898,0.05495138,0.012421631,0.06382989,0.19407791,0.03676126,0.15514277,0.06767889,0.036590513,0.032831784,0.3407537,0.010107195,0.16863532,0.07968872,0.057797503,0.0123855965,0.5510479,-0.010607181,0.20278336,0.0007908538,0.0007908538
215,0.1610608,0.4657684,0.13421604,0.2159913,0.023143936,-0.01829908,0.12006261,0.25016537,0.09706436,0.18254133,0.038192574,-0.018177615,0.10004713,0.16682182,0.06672382,0.16564836,0.053094503,0.009137279,0.068702325,0.19160344,0.04263811,0.1623472,0.067670844,0.035280555,0.037905063,0.33497864,0.016731428,0.17701967,0.081940316,0.05816709,0.018017361,0.5451028,-0.00258464,0.2133927,0.0007908538,0.0007908538
216,0.15217233,0.46407324,0.12864606,0.21142077,0.032102678,-0.00992392,0.11609179,0.24623397,0.09354402,0.1758201,0.046230674,-0.010789785,0.09789204,0.16395697,0.06418591,0.15813069,0.06024192,0.016858155,0.06676736,0.19173759,0.040023696,0.15418126,0.07357764,0.041136928,0.0360159,0.33986285,0.013936787,0.1675509,0.08613914,0.06046414,0.016513819,0.55363667,-0.004743452,0.20156096,0.0007908538,0.0007908538
217,0.15838811,0.471077,0.13365291,0.21482712,0.03142317,-0.010247392,0.12096384,0.25183037,0.099121585,0.17917864,0.04614982,-0.010475295,0.103479564,0.16744027,0.07044776,0.16140498,0.06101373,0.018122932,0.07282087,0.19309618,0.046997868,0.15754947,0.07549489,0.0434682,0.04245196,0.33938342,0.022302253,0.17144983,0.08936412,0.0626076,0.024523586,0.5522902,0.0068545607,0.20656298,0.0007908538,0.0007908538
218,0.15370463,0.47110248,0.13113075,0.21513093,0.034176797,-0.0074227983,0.11888078,0.2498461,0.09769879,0.17864564,0.048918836,-0.008572344,0.1024744,0.16525774,0.069412716,0.16051684,0.06393862,0.020335097,0.071892485,0.19149855,0.04577595,0.15648048,0.07862129,0.046001587,0.041034706,0.33939138,0.020253558,0.17018242,0.09264756,0.064423665,0.022394203,0.5542406,0.0037808707,0.20500791,0.0007908538,0.0007908538
219,0.15740141,0.4738588,0.13369788,0.21837196,0.030171197,-0.010710706,0.12065728,0.25216785,0.09956464,0.18266831,0.0454829,-0.012723216,0.10374928,0.16654247,0.07091862,0.16482964,0.0611552,0.015308124,0.07323506,0.19090942,0.047440585,0.16111693,0.076751694,0.042337045,0.042091183,0.3365314,0.021695267,0.17558739,0.09191588,0.06318108,0.02283885,0.5507813,0.004411122,0.21185112,0.0007908538,0.0007908538
220,0.14560837,0.4704789,0.1265457,0.21717845,0.03480998,-0.006784666,0.114344776,0.24595948,0.09429087,0.1801595,0.049846075,-0.009746387,0.09922833,0.16080955,0.06617186,0.16178606,0.06531836,0.018902348,0.06873531,0.18703757,0.042122662,0.15775639,0.08061269,0.045903716,0.036769748,0.33621404,0.014557924,0.17167608,0.09529464,0.06530828,0.015899658,0.5541493,-0.00551851,0.20696798,0.0007908538,0.0007908538
221,0.13530871,0.47091,0.121524684,0.22390509,0.03427147,-0.008000265,0.10915051,0.24124154,0.09142558,0.18642703,0.05052355,-0.010696966,0.096387886,0.15392081,0.06374793,0.16766734,0.067791015,0.020142114,0.06569899,0.17885661,0.03860486,0.16372824,0.085615925,0.050113935,0.031442087,0.32890543,0.0072789527,0.1784519,0.10332738,0.06962482,0.0068022003,0.5502964,-0.018701302,0.2154772,0.0007908538,0.0007908538
222,0.14443699,0.48596972,0.13028225,0.22931908,0.03400865,-0.008101063,0.11785847,0.25282884,0.102931105,0.19167921,0.051295195,-0.009122958,0.107899174,0.16067879,0.07711891,0.17267321,0.07012038,0.022975981,0.07876265,0.18096314,0.053682517,0.1687911,0.09011872,0.05350462,0.046188746,0.3269419,0.026202783,0.184221,0.110427804,0.07194196,0.025813233,0.5476178,0.008299544,0.22274384,0.0007908538,0.0007908538
223,0.13054557,0.48485738,0.12277117,0.22857885,0.040094856,-0.0030584685,0.111543134,0.24746317,0.098722495,0.1893056,0.057203006,-0.0046244645,0.10471999,0.1549233,0.07416423,0.16959965,0.076029435,0.028597195,0.07608391,0.17697673,0.050577894,0.1653661,0.095966764,0.058701918,0.043339092,0.32714683,0.02233222,0.18026589,0.1160203,0.07451407,0.022700977,0.55268455,0.003838204,0.21785192,0.0007908538,0.0007908538
224,0.12909244,0.48397824,0.120916,0.23269668,0.033460394,-0.009110859,0.10843036,0.24552442,0.09508379,0.19457035,0.051141202,-0.012312118,0.100274175,0.1528597,0.069397345,0.17534643,0.070551194,0.018500717,0.071348816,0.17345445,0.045436017,0.17160548,0.09139122,0.049859717,0.037232786,0.32176623,0.014727053,0.18754461,0.112602465,0.07006831,0.0132015105,0.54878795,-0.009625661,0.22706148,0.0007908538,0.0007908538
225,0.1319612,0.48655733,0.122392006,0.22840956,0.036769077,-0.005772519,0.11062738,0.24884246,0.09674529,0.18968867,0.053610586,-0.009594242,0.1025386,0.15694167,0.07157522,0.17038089,0.07188924,0.019699346,0.07429866,0.17854838,0.0486634,0.16647229,0.09104258,0.048246805,0.042036127,0.3273934,0.020895641,0.18180329,0.11004574,0.06705046,0.021153314,0.554523,0.0017478862,0.22000894,0.0007908538,0.0007908538
226,0.14119862,0.4924799,0.12837799,0.22612414,0.039055206,-0.0033750753,0.11712553,0.25595573,0.10267493,0.18704203,0.05547176,-0.006301017,0.10890135,0.16382681,0.07806878,0.16766575,0.07322505,0.022929609,0.08118658,0.18527886,0.056180738,0.16359301,0.09157664,0.04964927,0.05065055,0.33346558,0.031744346,0.17853315,0.10950564,0.06667068,0.0334664,0.55926394,0.019219026,0.21597354,0.0007908538,0.0007908538
227,0.11970255,0.48339003,0.11485092,0.22606994,0.037702054,-0.0055125253,0.10336193,0.24280871,0.090463616,0.18713705,0.05402004,-0.011054581,0.09657633,0.15160693,0.06527119,0.16785613,0.07152971,0.016353369,0.06863784,0.17492211,0.04206304,0.1639873,0.08957868,0.043338098,0.036370855,0.32692623,0.013262006,0.17909832,0.10714773,0.062776715,0.014253405,0.56030864,-0.008515852,0.21674062,0.0007908538,0.0007908538
228,0.12183795,0.48913798,0.117335126,0.23090862,0.03326703,-0.009715789,0.105015755,0.24622144,0.09331573,0.19277832,0.050375074,-0.014933623,0.098831914,0.15282567,0.068079576,0.17372641,0.06891743,0.01210374,0.07115972,0.17356741,0.04495449,0.17016545,0.08850537,0.03996027,0.038726393,0.32320872,0.016121693,0.18616387,0.1080396,0.06121052,0.016293872,0.5574646,-0.005711583,0.22562262,0.0007908538,0.0007908538
229,0.12633249,0.49616924,0.12116532,0.22866344,0.03815612,-0.0054174047,0.10992325,0.25263283,0.09886967,0.18962082,0.054918945,-0.009005109,0.105348535,0.15824132,0.075053975,0.17021678,0.07320275,0.019317143,0.07851595,0.17895013,0.05295384,0.16635354,0.09237008,0.045256194,0.047806688,0.32911798,0.027379345,0.18178697,0.11126053,0.062826745,0.029374316,0.5633957,0.012913996,0.22015285,0.0007908538,0.0007908538
230,0.11550189,0.49204555,0.11415898,0.22679232,0.040829517,-0.0029372382,0.10351315,0.24679072,0.09293673,0.18715855,0.057239212,-0.007909115,0.10000779,0.15331621,0.06933494,0.16756184,0.075113975,0.019503705,0.07332217,0.17593776,0.046964183,0.16360122,0.09368758,0.044276066,0.042345695,0.3292756,0.020164816,0.17870477,0.11176387,0.061136425,0.022683794,0.5677532,0.0030607868,0.2163499,0.0007908538,0.0007908538
231,0.11941047,0.49438974,0.11618814,0.23095058,0.033930436,-0.0087064495,0.10424116,0.2486386,0.093191184,0.19264436,0.05090369,-0.014694317,0.09926521,0.15449433,0.0684844,0.17359221,0.06933932,0.010376164,0.072318204,0.17527512,0.04591678,0.17010564,0.08878918,0.03562086,0.040758234,0.32607234,0.018190445,0.1862324,0.108024694,0.05623462,0.019489102,0.56473815,-0.0016366292,0.22590238,0.0007908538,0.0007908538
232,0.12678416,0.4983968,0.12043933,0.22703078,0.037495,-0.004779235,0.10924965,0.25422367,0.09705774,0.18821971,0.053805888,-0.010965878,0.10374493,0.16090526,0.07266328,0.16909716,0.07142439,0.013200861,0.0771025,0.18281822,0.050887387,0.16540886,0.08965264,0.036074776,0.046891067,0.3343635,0.025767006,0.18091741,0.10726002,0.0547759,0.028563872,0.5724247,0.01138343,0.21927498,0.0007908538,0.0007908538
233,0.12642632,0.4973281,0.11980844,0.22584224,0.03835603,-0.0038639533,0.108811855,0.25349313,0.095984094,0.18688701,0.05444167,-0.010401264,0.102855384,0.16103664,0.07131861,0.1677619,0.07176393,0.013264297,0.07598453,0.18411769,0.049353313,0.16403718,0.08955467,0.035379793,0.04568417,0.3370521,0.024013247,0.17938378,0.10657413,0.05374647,0.02715871,0.5762489,0.009236732,0.21738885,0.0007908538,0.0007908538
234,0.13102831,0.49895284,0.122465886,0.22592549,0.037665967,-0.004591084,0.11137432,0.2558583,0.09786896,0.1871252,0.053737972,-0.010504138,0.10471164,0.16351683,0.073007494,0.1681041,0.07101748,0.013251047,0.07769259,0.18651114,0.051120322,0.16442461,0.0887471,0.03510174,0.04756463,0.33905557,0.026349884,0.1798492,0.10568151,0.053337526,0.029647514,0.577582,0.012854336,0.21801017,0.0007908538,0.0007908538
235,0.11712226,0.491934,0.11368315,0.22605999,0.037693456,-0.0049009686,0.1025491,0.2467022,0.0898411,0.18712619,0.053759433,-0.012598049,0.0966363,0.15522954,0.06448641,0.168025,0.071008235,0.010317921,0.0692326,0.17986605,0.041492164,0.16437417,0.088704795,0.03269515,0.037649147,0.33541888,0.013374026,0.17981228,0.105594285,0.05222357,0.0160706,0.5784397,-0.0071768435,0.21797374,0.0007908538,0.0007908538
236,0.128793,0.50119203,0.12207657,0.23021306,0.034232646,-0.007436521,0.11028199,0.25553313,0.097920224,0.19194871,0.050985355,-0.01453391,0.10414288,0.16177918,0.07266458,0.17305762,0.06916674,0.008141072,0.0771043,0.1833269,0.050382603,0.16962728,0.088234216,0.031378336,0.046139617,0.33507693,0.02421184,0.18581405,0.10686262,0.052233297,0.02639548,0.57580703,0.007808561,0.2255941,0.0007908538,0.0007908538
237,0.1233502,0.50424534,0.1197976,0.22594135,0.04356813,0.0013117248,0.10991265,0.25656015,0.098897636,0.18583922,0.059657816,-0.005865812,0.10676041,0.16244675,0.07552995,0.1661876,0.077320606,0.017711766,0.08081176,0.18548174,0.054102864,0.16216025,0.095563844,0.03910078,0.050926033,0.34055075,0.029686406,0.17716633,0.11295081,0.055680066,0.03360594,0.58456665,0.017910302,0.21463929,0.0007908538,0.0007908538
238,0.116361365,0.50066936,0.11407484,0.226645,0.03321944,-0.008001137,0.10247129,0.25103045,0.09123708,0.18887986,0.04919703,-0.018462285,0.097850695,0.15732625,0.066131726,0.17042612,0.06617404,-0.0015746218,0.071834855,0.1794427,0.044275843,0.16730388,0.083595455,0.017358335,0.041383628,0.33303142,0.017601527,0.18347214,0.10012712,0.039876442,0.020565625,0.58138424,-0.0013640205,0.22286841,0.0007908538,0.0007908538
239,0.12059597,0.50317156,0.115878716,0.22225176,0.034404866,-0.006486701,0.10469459,0.25449592,0.09238739,0.18456401,0.049604334,-0.01778913,0.09944389,0.16163144,0.06739456,0.1663792,0.06547362,-0.0034565716,0.07385314,0.18437955,0.046332333,0.1633127,0.08130934,0.01237019,0.044479195,0.3381067,0.021456374,0.17909682,0.09578823,0.034212243,0.025488688,0.586971,0.005797115,0.21744986,0.0007908538,0.0007908538
240,0.11888384,0.5022691,0.11426788,0.22020912,0.03586105,-0.0052180625,0.10343149,0.2536599,0.09066727,0.18231389,0.050703917,-0.016919233,0.09812694,0.16153751,0.065720364,0.16412514,0.06611345,-0.003252184,0.072610945,0.18522485,0.044732995,0.1610167,0.08128755,0.011430228,0.04329059,0.34015617,0.019753084,0.17653692,0.09489064,0.032608364,0.024183007,0.5904829,0.0037663972,0.21425174,0.0007908538,0.0007908538
241,0.121134356,0.5034184,0.115507245,0.220125,0.035773277,-0.005017823,0.10468052,0.25500605,0.091497354,0.18225415,0.050576918,-0.016973319,0.098993294,0.16299905,0.066431604,0.16411766,0.06593881,-0.003730631,0.073454164,0.18671809,0.045547817,0.1610418,0.08105524,0.010684599,0.04422836,0.3415501,0.020864746,0.17659977,0.094574474,0.03196271,0.025372943,0.5918449,0.0055016526,0.21437505,0.0007908538,0.0007908538
242,0.11664115,0.5010905,0.11249053,0.22071455,0.03493722,-0.0060665696,0.101510964,0.25185585,0.088473454,0.18292563,0.049796257,-0.01842312,0.095890395,0.16008723,0.06313681,0.1648118,0.065193325,-0.0054625557,0.07015541,0.18420972,0.041817542,0.16180426,0.08037349,0.009167376,0.040363465,0.33987916,0.015848625,0.17751184,0.093976155,0.031115739,0.020075247,0.5916546,-0.0023805038,0.21558109,0.0007908538,0.0007908538
243,0.12396387,0.50596315,0.117538534,0.22422068,0.03126396,-0.009390237,0.105896294,0.2565631,0.092856005,0.18712413,0.046660785,-0.020865709,0.09974114,0.16354024,0.06731924,0.16926803,0.06272026,-0.0076938737,0.07401516,0.18579638,0.04622952,0.16651596,0.078902304,0.0077893604,0.044509366,0.3389411,0.021215195,0.1829228,0.093832694,0.030932853,0.025057256,0.58890885,0.0049684653,0.22250272,0.0007908538,0.0007908538
244,0.11778024,0.503812,0.1131557,0.22051181,0.03939749,-0.0021324027,0.103058785,0.2541685,0.08965787,0.18171126,0.054240827,-0.013751479,0.0980291,0.1624549,0.06502474,0.16315976,0.06990234,0.00071480346,0.0725782,0.18720669,0.044103865,0.15987557,0.0854521,0.01542304,0.042916518,0.34414375,0.018697916,0.17524594,0.0994125,0.035077427,0.023314336,0.59682876,0.002286087,0.21272738,0.0007908538,0.0007908538
245,0.11951646,0.50521725,0.11412508,0.22264339,0.038212985,-0.0029268498,0.103806145,0.25504044,0.09010059,0.18391001,0.05335286,-0.014614461,0.09836346,0.163034,0.06520933,0.16537707,0.069440536,-3.845687e-05,0.07271892,0.18739638,0.044137638,0.16219163,0.08564418,0.015437703,0.042684793,0.3439953,0.018295279,0.1779278,0.10043397,0.035782125,0.022488045,0.5967044,0.0010593282,0.21621534,0.0007908538,0.0007908538
246,0.12263531,0.5066189,0.11542,0.22813296,0.029183414,-0.011461579,0.103505485,0.25521135,0.089239866,0.19095114,0.044977613,-0.022490583,0.09635606,0.16235194,0.06307543,0.17310564,0.06163939,-0.0086997235,0.069831915,0.18502802,0.04110722,0.17060125,0.07878679,0.007793449,0.038643103,0.33962983,0.01337868,0.18779363,0.09485338,0.031606615,0.016279714,0.5918471,-0.008015297,0.22902691,0.0007908538,0.0007908538
247,0.12699041,0.5103767,0.11687481,0.21936338,0.037610415,-0.004039453,0.10682376,0.26054382,0.09100345,0.18069267,0.051850904,-0.01414838,0.099930435,0.16928065,0.066252455,0.16251029,0.06661403,-0.00040977437,0.07391177,0.19444278,0.045395937,0.15953664,0.08090692,0.011664445,0.04393792,0.35207716,0.020202775,0.17528903,0.09304063,0.030241817,0.025192857,0.60491604,0.0053249737,0.21339543,0.0007908538,0.0007908538
248,0.12802058,0.5105039,0.1165753,0.21691829,0.03863231,-0.003440525,0.106881075,0.2611725,0.09005487,0.17809618,0.05237696,-0.013050723,0.09946089,0.17075492,0.0653416,0.15998924,0.066454574,0.00045645004,0.07322471,0.1970135,0.04442043,0.15702769,0.07973857,0.010974599,0.043132722,0.35611916,0.019078927,0.17257786,0.09046542,0.028335907,0.024600057,0.60976535,0.0043469677,0.21016048,0.0007908538,0.0007908538
249,0.13103926,0.511958,0.11846139,0.22291623,0.028145423,-0.013110734,0.10687685,0.2613341,0.09020502,0.18616134,0.042745404,-0.02286672,0.09804848,0.16951892,0.06413055,0.16893509,0.057601787,-0.010808506,0.07114796,0.1934089,0.042387195,0.16681202,0.072123006,0.0012719828,0.04021184,0.34979802,0.0154793635,0.18408145,0.08446905,0.023343325,0.01978611,0.6028902,-0.0030293819,0.22508475,0.0007908538,0.0007908538
250,0.12753142,0.51041013,0.11572607,0.221248,0.028565573,-0.012721859,0.10419233,0.2591681,0.08714945,0.18431304,0.042768825,-0.023761816,0.095045626,0.1681791,0.060693745,0.16710943,0.057049576,-0.01292951,0.06775932,0.19336496,0.038451944,0.16499797,0.0707329,-0.0015950176,0.03614029,0.35170743,0.01021725,0.18211938,0.08194512,0.020938091,0.014481898,0.60656345,-0.01084885,0.2227329,0.0007908538,0.0007908538
