Epoch,Layer0_theta_1,Layer0_r,Layer0_theta_2,Layer0_bx,Layer0_bp,Layer0_gamma,Layer1_theta_1,Layer1_r,Layer1_theta_2,Layer1_bx,Layer1_bp,Layer1_gamma,Layer2_theta_1,Layer2_r,Layer2_theta_2,Layer2_bx,Layer2_bp,Layer2_gamma,Layer3_theta_1,Layer3_r,Layer3_theta_2,Layer3_bx,Layer3_bp,Layer3_gamma,Layer4_theta_1,Layer4_r,Layer4_theta_2,Layer4_bx,Layer4_bp,Layer4_gamma,Layer5_theta_1,Layer5_r,Layer5_theta_2,Layer5_bx,Layer5_bp,Layer5_gamma
1,0.07647173,0.07966649,0.076174095,0.07464636,-0.067574754,-0.07220374,0.07489134,0.08016266,0.0745297,0.07529424,-0.06767849,-0.071345836,0.073762916,0.07998988,0.07334984,0.07568237,-0.06775336,-0.069888644,0.07257153,0.07993585,0.072313175,0.07588943,-0.06780586,-0.06806388,0.071971595,0.08002487,0.071972944,0.07594549,-0.067837134,-0.06572772,0.071599014,0.07994182,0.07160029,0.075957276,0.0007908538,0.0007908538
2,0.08976356,0.15456998,0.08551332,0.08251574,-0.03418981,-0.057575956,0.07679884,0.12482724,0.07132071,0.075308815,-0.03458983,-0.054999463,0.06495516,0.102960385,0.061222956,0.07003784,-0.034856003,-0.050771635,0.05928947,0.10411191,0.058172923,0.06625265,-0.034998946,-0.045478776,0.05774415,0.12421636,0.05709861,0.06349411,-0.035111003,-0.02970871,0.056493904,0.15103604,0.056420986,0.061934166,0.0007908538,0.0007908538
3,0.10924662,0.2076698,0.09609373,0.0783733,-0.0066680713,-0.053638022,0.082200915,0.16118461,0.07077424,0.067073524,-0.0071623335,-0.03922665,0.06126193,0.122859694,0.055211317,0.05873344,-0.00754538,-0.027729342,0.053094976,0.12429709,0.052460816,0.052815113,-0.0077767875,-0.019479683,0.05189906,0.15842727,0.053495362,0.048748363,-0.0079803085,0.0029759123,0.05251027,0.20090574,0.058409534,0.046692066,0.0007908538,0.0007908538
4,0.13807884,0.23865315,0.116310164,0.078889444,8.694397e-05,-0.06697757,0.09958807,0.19185084,0.08368103,0.06790129,-0.00014873687,-0.041610226,0.072632276,0.14611202,0.06566539,0.05916325,-0.00053374516,-0.022023201,0.06358526,0.14687902,0.064600155,0.052896228,-0.0008650918,-0.0096331965,0.06412498,0.18575504,0.06978249,0.04896243,-0.0011877301,0.017233225,0.06861857,0.22983935,0.079776384,0.0478151,0.0007908538,0.0007908538
5,0.13638261,0.2560427,0.11400646,0.07744229,0.015923532,-0.047819585,0.0970603,0.19731458,0.07981534,0.063090414,0.015216029,-0.025431948,0.06907559,0.1469732,0.060680762,0.05259125,0.01495506,-0.006946325,0.059346884,0.14876428,0.05892481,0.045060012,0.015111842,0.0049805823,0.058839694,0.19328398,0.06237235,0.039820876,0.015431034,0.034134917,0.061293937,0.24591137,0.068077154,0.037088983,0.0007908538,0.0007908538
6,0.14474538,0.26286083,0.11969376,0.079401836,0.012570205,-0.060848936,0.10174227,0.20512179,0.083285436,0.06592794,0.01235904,-0.031681255,0.07184284,0.1529256,0.06318663,0.055731434,0.0121442,-0.010295039,0.061734278,0.15423119,0.06167072,0.04850099,0.012171528,0.0034317686,0.061580867,0.1994618,0.06610181,0.04391036,0.012390159,0.034003902,0.064753346,0.25213784,0.073068045,0.042420972,0.0007908538,0.0007908538
7,0.1393173,0.26401368,0.11633859,0.081898056,0.010295297,-0.06785828,0.098131135,0.20323513,0.080329254,0.0679978,0.010423454,-0.036317073,0.068628944,0.15036191,0.05981011,0.05775661,0.0102439355,-0.013786161,0.058365557,0.15185626,0.057736393,0.05067353,0.010199915,0.0010386747,0.057670712,0.19831613,0.060979087,0.046466663,0.010361435,0.03259599,0.059439994,0.25401482,0.065128855,0.04569587,0.0007908538,0.0007908538
8,0.13889888,0.2657638,0.1158743,0.082497396,0.010839321,-0.068103045,0.09765205,0.203353,0.07969264,0.06831288,0.011019531,-0.036188405,0.068021074,0.15002277,0.058937825,0.057956614,0.010869826,-0.013363009,0.057577934,0.15169011,0.056598116,0.050823204,0.010865827,0.0017882229,0.05656195,0.19897528,0.05931862,0.046618324,0.01109286,0.033854008,0.057714805,0.25616997,0.062463675,0.045915198,0.0007908538,0.0007908538
9,0.144425,0.26738435,0.11953997,0.08265052,0.009585015,-0.071158394,0.101068676,0.20672135,0.08239049,0.06915242,0.009877469,-0.037606623,0.07057682,0.15311947,0.06142068,0.05902151,0.00974809,-0.013981058,0.060006723,0.15455836,0.059298918,0.052014366,0.009728582,0.0016035507,0.05923327,0.20162599,0.06270089,0.0479969,0.009958778,0.03392937,0.061027877,0.25774667,0.06722648,0.047623284,0.0007908538,0.0007908538
10,0.13665313,0.2674993,0.11406825,0.08324672,0.012792602,-0.06483986,0.09587414,0.20169118,0.077860355,0.06828573,0.012955379,-0.034151677,0.06633192,0.14799115,0.056799427,0.057624206,0.0128596425,-0.011700646,0.055603746,0.15010558,0.05389286,0.050311513,0.012975799,0.0035160235,0.053908095,0.19870053,0.05546326,0.045946654,0.013369876,0.036150925,0.0537858,0.25853428,0.05666189,0.045075398,0.0007908538,0.0007908538
11,0.13928017,0.2651322,0.11662021,0.08633826,0.0053199376,-0.07847998,0.09802884,0.20333706,0.080286115,0.07285135,0.006105045,-0.043649722,0.06822427,0.14991854,0.059104912,0.062869065,0.0061050574,-0.019010434,0.05759996,0.15146017,0.05647034,0.056152094,0.006111165,-0.0021586285,0.056345705,0.19895029,0.058819022,0.05272119,0.006453129,0.031282842,0.05683408,0.25712195,0.061083823,0.053396285,0.0007908538,0.0007908538
12,0.13127202,0.26404902,0.111155175,0.08753133,0.006427943,-0.07565475,0.092496775,0.19772682,0.075537466,0.072789796,0.007218845,-0.042891458,0.0634715,0.14445923,0.054027285,0.06242502,0.007241088,-0.019170072,0.052606508,0.14662808,0.05050973,0.055560935,0.0072987466,-0.0024778962,0.05043206,0.19539331,0.0510527,0.052012138,0.0076989857,0.03121005,0.049012247,0.25697452,0.05006341,0.05253118,0.0007908538,0.0007908538
13,0.13711458,0.26493844,0.115618646,0.08859948,0.0034589246,-0.08050941,0.09650536,0.20120871,0.079146795,0.07493772,0.004518316,-0.0461703,0.06675224,0.14783105,0.057417173,0.064971596,0.004616972,-0.021579746,0.05583593,0.14968307,0.054154772,0.058375526,0.004686484,-0.0042607244,0.054007616,0.19794364,0.05550039,0.05523133,0.0051542097,0.029787796,0.053326283,0.2580379,0.056011043,0.05644221,0.0007908538,0.0007908538
14,0.13534458,0.2664756,0.113886975,0.088244304,0.0065080053,-0.07485032,0.09488339,0.19955994,0.07725918,0.07373643,0.007394056,-0.04238286,0.06510383,0.14600185,0.055264086,0.06342379,0.007499391,-0.018678626,0.053875104,0.1483567,0.05146277,0.056577336,0.0076677343,-0.0018234773,0.05138593,0.19779938,0.051758412,0.053102635,0.008241189,0.032234184,0.049611438,0.2600402,0.050710663,0.05381397,0.0007908538,0.0007908538
15,0.13797331,0.267266,0.115592115,0.08859791,0.0061812107,-0.07531141,0.096485704,0.20076066,0.078418024,0.07437338,0.0071380697,-0.042566735,0.06623712,0.14714798,0.056210592,0.06414458,0.0072910166,-0.01865181,0.05483056,0.14954661,0.05233468,0.057340864,0.0075128106,-0.0016142826,0.052251123,0.19917746,0.052645635,0.053947195,0.008173658,0.03265166,0.050438475,0.2614089,0.05178087,0.054824196,0.0007908538,0.0007908538
16,0.1382919,0.2668834,0.11571656,0.08902931,0.0057964246,-0.07612393,0.09663636,0.20053813,0.07839896,0.07488292,0.0068155397,-0.043100823,0.06623937,0.14706776,0.056070227,0.06468875,0.0069993287,-0.018962305,0.054705415,0.14958489,0.052053563,0.057918258,0.007249083,-0.0017183234,0.051965635,0.19943699,0.05215875,0.054593045,0.007958356,0.03273527,0.049906474,0.26200694,0.05100463,0.055600736,0.0007908538,0.0007908538
17,0.14301512,0.26863286,0.11850653,0.088267095,0.006670504,-0.07533474,0.09955165,0.20334753,0.080445394,0.074521355,0.0076227607,-0.0417379,0.06848301,0.1496689,0.058092322,0.06440347,0.007815639,-0.017272951,0.05682308,0.15212479,0.05423706,0.057604197,0.008109608,-2.9371586e-06,0.05416035,0.20202559,0.054725952,0.05420589,0.008876412,0.034458704,0.052487988,0.26392558,0.05447129,0.055110224,0.0007908538,0.0007908538
18,0.14504896,0.27169684,0.11900098,0.086083815,0.011595,-0.06738947,0.100261144,0.2041894,0.08016098,0.071734555,0.012154964,-0.035460655,0.06867578,0.15017602,0.057672925,0.06128083,0.012289646,-0.011866136,0.05669262,0.15305473,0.053563297,0.05412626,0.012661653,0.004618404,0.053577926,0.20400554,0.05353616,0.05015845,0.013481364,0.038735963,0.051443785,0.26702136,0.05285792,0.050147444,0.0007908538,0.0007908538
19,0.15084207,0.27286914,0.122846805,0.08608065,0.010120599,-0.07024412,0.10394869,0.20771967,0.08307612,0.07260119,0.01079318,-0.03691909,0.07151347,0.15353292,0.060452107,0.062433563,0.010968581,-0.012558944,0.059431244,0.15611157,0.056604534,0.05543279,0.01135676,0.0043189274,0.056587532,0.20662421,0.057282984,0.051669113,0.012216491,0.03860863,0.055118773,0.2681881,0.057885654,0.051994286,0.0007908538,0.0007908538
20,0.14155738,0.2706307,0.11646861,0.088475704,0.009497917,-0.07110888,0.09775393,0.20137523,0.07795439,0.07387525,0.010358918,-0.03831824,0.066411726,0.14746726,0.05512349,0.06343524,0.010607375,-0.014299988,0.05416759,0.15059021,0.0503926,0.05642303,0.011057493,0.0029120904,0.050388057,0.202274,0.04924738,0.052776963,0.012011036,0.03779482,0.046903253,0.26753798,0.04774146,0.05334904,0.0007908538,0.0007908538
21,0.14495698,0.26959684,0.119682275,0.09169624,0.0033030713,-0.08124917,0.10064532,0.20378307,0.08116911,0.0784926,0.0047617857,-0.045607742,0.0691415,0.14982735,0.05828565,0.068628006,0.0051979455,-0.020063864,0.057066023,0.15233651,0.053875033,0.06210861,0.0057035456,-0.0014946103,0.05374753,0.20300658,0.053516507,0.05927773,0.0067947377,0.034312084,0.050851207,0.2667976,0.05396145,0.061238572,0.0007908538,0.0007908538
22,0.14174941,0.27186552,0.11675067,0.091250904,0.007515883,-0.074161224,0.097947225,0.20128913,0.078284204,0.07673747,0.008737957,-0.040540297,0.06661715,0.14702336,0.05515224,0.06636164,0.009164231,-0.016112478,0.054202255,0.15018448,0.050067846,0.059490524,0.00977436,0.0018507666,0.050025232,0.20246279,0.048353694,0.056200176,0.010981238,0.0376217,0.045722384,0.26931003,0.0472863,0.057469178,0.0007908538,0.0007908538
23,0.14633568,0.27491006,0.11965718,0.09112195,0.008417436,-0.073044315,0.10098812,0.20453356,0.08072803,0.076864876,0.009635313,-0.03901038,0.06921788,0.14969067,0.057639506,0.0664981,0.010112691,-0.014336905,0.056782417,0.15269536,0.052761182,0.059576157,0.01081384,0.0036990724,0.052720655,0.2050964,0.05144587,0.056233976,0.0121437125,0.039610304,0.048788805,0.27159452,0.051451523,0.057476725,0.0007908538,0.0007908538
24,0.1502324,0.27803984,0.12191585,0.090445176,0.010431533,-0.069804184,0.1032784,0.20689632,0.08224523,0.07616093,0.011540755,-0.03611367,0.07092826,0.15157655,0.05902216,0.065693006,0.012036818,-0.011607203,0.058304816,0.15465392,0.054126095,0.05863093,0.012821409,0.006222221,0.054113902,0.20754592,0.05283819,0.055092227,0.014252466,0.04212395,0.05019684,0.27425295,0.05326946,0.056063388,0.0007908538,0.0007908538
25,0.14625168,0.2765235,0.11950404,0.09199438,0.009071774,-0.071371086,0.10064175,0.20402691,0.08020029,0.07742896,0.010356638,-0.038167465,0.068714365,0.14893435,0.056775037,0.06694214,0.01091211,-0.013783528,0.056020383,0.15219507,0.05149703,0.05996458,0.011728242,0.0043653934,0.051474445,0.20542091,0.049502343,0.056615744,0.013210724,0.040681496,0.046713375,0.27353516,0.04867389,0.05791845,0.0007908538,0.0007908538
26,0.14650676,0.27532235,0.12018998,0.093681715,0.0058134366,-0.07602407,0.10101592,0.20413113,0.08087169,0.07969453,0.0073988256,-0.04204733,0.06908088,0.14915054,0.057326086,0.06947517,0.008044439,-0.017111475,0.056427833,0.15218168,0.052076396,0.06274969,0.0088814255,0.0016737243,0.051997658,0.20495057,0.050232712,0.0598149,0.010412819,0.03846242,0.047270183,0.27263173,0.049461327,0.061807044,0.0007908538,0.0007908538
27,0.14252451,0.27433708,0.11739364,0.0946038,0.0059636426,-0.07543817,0.09830071,0.20129018,0.078560576,0.08004369,0.007600313,-0.042101473,0.06680379,0.14647397,0.05491942,0.06966565,0.008274834,-0.017423386,0.054061316,0.14979681,0.04928733,0.06290045,0.009145811,0.0014194271,0.049216352,0.20314457,0.046678647,0.059967,0.010721492,0.038409688,0.043651022,0.27247494,0.04466882,0.06198723,0.0007908538,0.0007908538
28,0.1487444,0.27748945,0.12161882,0.09423305,0.006293359,-0.07507487,0.10251021,0.20567514,0.08204503,0.08032349,0.007942073,-0.041096568,0.07038367,0.1502807,0.058459464,0.07008529,0.008664646,-0.016021589,0.057659242,0.15331048,0.05318793,0.06333362,0.009608414,0.0029227608,0.05310946,0.20647241,0.05128293,0.060413264,0.011281995,0.03996441,0.048247553,0.2746569,0.05060151,0.06249756,0.0007908538,0.0007908538
29,0.14981353,0.28014755,0.12157014,0.09290135,0.0101181185,-0.06895481,0.1025913,0.20571412,0.08127658,0.078387484,0.011505124,-0.03620634,0.06998617,0.15006909,0.057415612,0.06785507,0.012194649,-0.011822906,0.056867868,0.15360011,0.051739708,0.060828824,0.01320376,0.0065453537,0.051732894,0.20801058,0.04912069,0.05749846,0.014938448,0.043350466,0.046162494,0.27783364,0.047715344,0.058950476,0.0007908538,0.0007908538
30,0.15287511,0.27897948,0.124029785,0.09524123,0.0051995963,-0.076439805,0.10494124,0.20774695,0.08357803,0.08198218,0.0070523885,-0.04165986,0.072006494,0.15210044,0.059657693,0.071939744,0.007913684,-0.015978325,0.058937382,0.15510516,0.05420321,0.065311775,0.009007374,0.0034622669,0.054095335,0.20861726,0.05211719,0.06262572,0.010885405,0.040993813,0.04888525,0.2770983,0.051311485,0.06516083,0.0007908538,0.0007908538
31,0.14769632,0.27988786,0.11950733,0.09506453,0.00921114,-0.07029347,0.1009749,0.20394641,0.07957506,0.0802963,0.010843976,-0.03700759,0.06854201,0.14823042,0.0556174,0.06970628,0.011674732,-0.012016622,0.055199396,0.15195805,0.049501713,0.06273279,0.012827326,0.007027432,0.049452674,0.20715408,0.045981787,0.059610322,0.0147550125,0.044517893,0.042785574,0.27904812,0.043251522,0.06149399,0.0007908538,0.0007908538
32,0.14929706,0.279265,0.12075434,0.09706509,0.0061043995,-0.07492786,0.10219577,0.204955,0.08077267,0.08298779,0.008083152,-0.040404495,0.06961501,0.14917932,0.056779847,0.07266415,0.009063844,-0.014501576,0.05628654,0.15258192,0.050746612,0.065930635,0.01032063,0.0053694877,0.050622832,0.20732723,0.047412556,0.06323883,0.012405328,0.04350558,0.04397955,0.27876785,0.044828456,0.06587873,0.0007908538,0.0007908538
33,0.15043756,0.28010798,0.12110351,0.0969019,0.007093232,-0.073891595,0.10276621,0.20544982,0.08087968,0.08274636,0.00903104,-0.039166626,0.06996668,0.14959767,0.056864396,0.072359815,0.010024508,-0.0130337905,0.056487445,0.15315357,0.05072375,0.06555737,0.011322961,0.0069185616,0.05059934,0.20837584,0.04716855,0.062777966,0.013454974,0.04511214,0.043732576,0.2803776,0.044450846,0.06530558,0.0007908538,0.0007908538
34,0.14994669,0.27942953,0.12062843,0.098372355,0.005855701,-0.07631555,0.10254826,0.20513979,0.08072256,0.084317304,0.007993006,-0.0407986,0.06991566,0.14927204,0.05680588,0.07397768,0.009093505,-0.013969826,0.05645592,0.15272255,0.050637,0.067259744,0.010490276,0.006604805,0.050459947,0.2079302,0.0469247,0.0646842,0.012758615,0.045299485,0.043318227,0.2803542,0.04390539,0.0676012,0.0007908538,0.0007908538
35,0.15356287,0.27978784,0.12304078,0.09908698,0.0043291687,-0.079190604,0.10512882,0.20755905,0.082862385,0.08575948,0.006642108,-0.04233307,0.072109215,0.15157609,0.058990892,0.075643085,0.0078374585,-0.014618872,0.05862543,0.15478644,0.05300242,0.069059804,0.009315261,0.0064921663,0.052770205,0.20972325,0.04966233,0.06670906,0.011699503,0.045491282,0.045958005,0.28135097,0.047285944,0.07003194,0.0007908538,0.0007908538
36,0.15456963,0.2830916,0.12267336,0.09705725,0.009474807,-0.07198884,0.105311505,0.20798567,0.082172506,0.082847916,0.011394506,-0.03596716,0.07205599,0.15165377,0.058343776,0.07231068,0.012488908,-0.008725068,0.058289036,0.15543632,0.05209194,0.065336086,0.013970284,0.01169541,0.05191839,0.2118289,0.048163183,0.06239016,0.016322454,0.050156694,0.044683054,0.28513652,0.045486126,0.06477812,0.0007908538,0.0007908538
37,0.1501096,0.28071624,0.11961334,0.098703444,0.007780537,-0.074236736,0.10225839,0.20477445,0.07963241,0.084234536,0.009894154,-0.03830161,0.06943612,0.14879006,0.055663012,0.07371118,0.011057182,-0.010950741,0.055588998,0.15272358,0.049033456,0.06685729,0.012579036,0.0099032,0.048833746,0.20935751,0.044372883,0.06414522,0.014993451,0.048830524,0.040706743,0.28403953,0.0403602,0.06692109,0.0007908538,0.0007908538
38,0.15214291,0.28125855,0.12122947,0.09935885,0.006663939,-0.07560452,0.10369153,0.20601606,0.08090465,0.08530986,0.008911815,-0.039411202,0.07056823,0.14994742,0.056757558,0.07492653,0.010146375,-0.011882648,0.05663622,0.15381117,0.05011176,0.068168916,0.011730503,0.009191625,0.04988878,0.2104234,0.045550548,0.06562164,0.014232931,0.0483336,0.041793782,0.28489807,0.04171725,0.06869298,0.0007908538,0.0007908538
39,0.15358104,0.2814459,0.122671284,0.10113382,0.004535877,-0.07830374,0.10490519,0.20696521,0.08224921,0.08753962,0.007067896,-0.041750945,0.07167945,0.1507692,0.0579577,0.07732035,0.008452849,-0.013871908,0.05774166,0.15444446,0.051316984,0.070720814,0.010168744,0.007709874,0.05103452,0.21085694,0.046856098,0.06848751,0.012857826,0.047353543,0.042900372,0.28517982,0.043035027,0.072132125,0.0007908538,0.0007908538
40,0.15003674,0.2816518,0.1201832,0.10149173,0.006671814,-0.07416748,0.10201748,0.20342092,0.07940752,0.08686271,0.009113828,-0.039642185,0.06876392,0.14750318,0.054512434,0.07630261,0.010490706,-0.012843031,0.054370254,0.1519811,0.047087982,0.069513276,0.012240718,0.008356573,0.046840843,0.20987456,0.04139523,0.06705827,0.014955237,0.048026968,0.037393577,0.2868738,0.035853215,0.07038102,0.0007908538,0.0007908538
41,0.15702716,0.28460935,0.12566322,0.1025742,0.004663828,-0.077004164,0.10716845,0.20862673,0.0842429,0.089045934,0.007378162,-0.04147198,0.07333982,0.15204532,0.05932127,0.078791186,0.008925974,-0.01402512,0.05906538,0.15596925,0.052349344,0.0721757,0.010839949,0.007653997,0.05203443,0.2132284,0.047619782,0.07003416,0.013781995,0.047689036,0.04348144,0.28855124,0.04357725,0.0739454,0.0007908538,0.0007908538
42,0.1568082,0.28749764,0.124793835,0.101431794,0.009102881,-0.070844084,0.1067659,0.20841096,0.08337859,0.08689571,0.011521822,-0.036216732,0.07298458,0.15151586,0.05850369,0.07620465,0.012999342,-0.009244697,0.058507692,0.15601803,0.051250342,0.069235034,0.014925102,0.0118754115,0.050982226,0.21476227,0.045902632,0.066594616,0.01784633,0.05147233,0.0419378,0.29207623,0.04144881,0.06974401,0.0007908538,0.0007908538
43,0.16165839,0.29084376,0.12752055,0.099679895,0.012306422,-0.066917226,0.10989586,0.21156603,0.085485086,0.08510636,0.014471718,-0.031988382,0.07552163,0.15428995,0.06067758,0.07427144,0.015888646,-0.0048887995,0.0608604,0.15902364,0.053497378,0.067072764,0.017816203,0.01582675,0.053252432,0.2185498,0.048311125,0.064062506,0.0207136,0.054907814,0.044562697,0.29591212,0.044673536,0.06664465,0.0007908538,0.0007908538
44,0.1630973,0.29156205,0.12790707,0.09997451,0.0124514485,-0.06738206,0.11055872,0.21228647,0.085534796,0.085513204,0.014664757,-0.031775955,0.07582074,0.15487604,0.06062945,0.07469284,0.016140124,-0.0041353735,0.060924854,0.15966454,0.053270552,0.067496985,0.01814932,0.016907558,0.052987248,0.21963206,0.04774489,0.06452606,0.021138921,0.056197472,0.043888737,0.29764912,0.04374377,0.06721652,0.0007908538,0.0007908538
45,0.15564466,0.28708228,0.12264509,0.10345306,0.007884384,-0.07373409,0.105320506,0.20713821,0.08111555,0.08891943,0.01056559,-0.0377146,0.07121914,0.15022492,0.05593337,0.07829011,0.012222351,-0.009526089,0.05616891,0.15500334,0.047935203,0.07144756,0.014354959,0.01262911,0.047562297,0.21499994,0.04115165,0.06910078,0.017525693,0.053043403,0.036801063,0.29507852,0.034683116,0.07281194,0.0007908538,0.0007908538
46,0.15260227,0.2826496,0.12116838,0.10808616,0.0008322742,-0.08374536,0.10377666,0.20536412,0.08051982,0.094539076,0.004266713,-0.046086587,0.07021322,0.1487121,0.055338964,0.08440807,0.0062734387,-0.016550776,0.05534351,0.1528178,0.047305226,0.07810946,0.0086815115,0.007252141,0.04676242,0.21161923,0.040359147,0.076713406,0.012261911,0.04914293,0.03540906,0.29157266,0.032944765,0.08202746,0.0007908538,0.0007908538
47,0.1597537,0.28783783,0.12574849,0.10547742,0.0029996429,-0.08078827,0.108236864,0.2107172,0.08373393,0.09260101,0.006164307,-0.042843405,0.073637396,0.15336542,0.058405146,0.08258895,0.008063374,-0.013354082,0.058527015,0.15753211,0.050500203,0.07620158,0.010397508,0.0099173235,0.049993332,0.21697886,0.04395639,0.07455752,0.013848181,0.051163785,0.039250236,0.29637575,0.03770539,0.07944273,0.0007908538,0.0007908538
48,0.15729177,0.29021397,0.12336805,0.10369086,0.00784396,-0.0734027,0.10585964,0.20839892,0.08085401,0.08952478,0.010593456,-0.037371308,0.07112053,0.1511108,0.05510905,0.07904835,0.012314922,-0.009012753,0.05547705,0.1563495,0.04642969,0.0722947,0.014534658,0.013389227,0.04600181,0.21799432,0.038578488,0.07007316,0.017791813,0.054011926,0.034084335,0.3004252,0.030931614,0.0740168,0.0007908538,0.0007908538
49,0.16603065,0.29440495,0.12978195,0.10321942,0.0071642334,-0.07415775,0.111966774,0.21478698,0.08618974,0.090264514,0.010003299,-0.037263155,0.07630692,0.15673621,0.060385693,0.08008334,0.011814863,-0.008521845,0.060700018,0.16151446,0.052196518,0.07342169,0.014137169,0.013919929,0.051749006,0.22274974,0.04543219,0.071325615,0.017525366,0.054486167,0.040968813,0.3033469,0.03967215,0.07551738,0.0007908538,0.0007908538
50,0.15866722,0.29167038,0.1251476,0.10540124,0.006414622,-0.074185945,0.106845245,0.20893371,0.081918046,0.091550946,0.009445192,-0.039060816,0.071746886,0.15151301,0.055544768,0.08119905,0.011359404,-0.01108757,0.05583014,0.15692966,0.046495236,0.07457259,0.013786773,0.011637637,0.04603175,0.21916245,0.03826076,0.07262397,0.017318144,0.05291051,0.033491623,0.30264315,0.030042103,0.077087015,0.0007908538,0.0007908538
51,0.16107285,0.29053703,0.12798761,0.10864031,0.00083811174,-0.08110182,0.108866714,0.21051227,0.08435566,0.09616551,0.0045009707,-0.045328412,0.07350154,0.15299553,0.057665717,0.08634271,0.006759989,-0.016757352,0.057691265,0.15770838,0.048792087,0.08017448,0.009496672,0.0070798895,0.0482113,0.21868186,0.041026276,0.07901141,0.013470089,0.04957451,0.035755776,0.30087265,0.032956585,0.08481943,0.0007908538,0.0007908538
52,0.16085972,0.29346922,0.12723017,0.10720686,0.0049023316,-0.07516629,0.108020686,0.20989361,0.08284379,0.09380906,0.008238932,-0.04079344,0.072318986,0.15223847,0.055817205,0.08362319,0.010368736,-0.012988981,0.056087583,0.15770906,0.046442457,0.07715772,0.013030551,0.010219081,0.045921158,0.22042586,0.037827495,0.07554317,0.016856179,0.05220476,0.032697104,0.30482462,0.028975725,0.080634736,0.0007908538,0.0007908538
53,0.1661252,0.2970716,0.13051298,0.10583362,0.006937298,-0.072532944,0.11142007,0.2136022,0.08533048,0.09271071,0.01010897,-0.037914284,0.075056665,0.15548739,0.05827956,0.08251363,0.012200164,-0.010067919,0.058677442,0.16107127,0.04902594,0.075927556,0.014861157,0.012779169,0.04852998,0.22441411,0.04070865,0.07410054,0.018661052,0.05428341,0.03575265,0.30867666,0.03277194,0.07887386,0.0007908538,0.0007908538
54,0.17366607,0.30236754,0.13479365,0.10264697,0.011226693,-0.067025654,0.1160285,0.21870275,0.088355914,0.089628525,0.01395424,-0.032148883,0.07858604,0.16000038,0.061298493,0.079296894,0.015858665,-0.0044282572,0.061933648,0.16588531,0.05220771,0.07242023,0.01838432,0.01752177,0.051791444,0.23027338,0.044313952,0.07006712,0.021957843,0.05791684,0.039773285,0.31424394,0.03781216,0.073990226,0.0007908538,0.0007908538
55,0.169921,0.3001321,0.1319106,0.10367301,0.010510171,-0.06827617,0.11333931,0.21563129,0.085712545,0.09041011,0.013357646,-0.033308476,0.07605801,0.15741491,0.058388077,0.08008528,0.0153311,-0.005330883,0.05906446,0.16375364,0.048678063,0.07328223,0.017929452,0.017021652,0.04821195,0.22901775,0.03968911,0.07106583,0.021594893,0.057776324,0.03498659,0.3149417,0.03157486,0.07521765,0.0007908538,0.0007908538
56,0.17055064,0.29941764,0.13221645,0.10468638,0.008707589,-0.07110672,0.11385151,0.21607593,0.086112805,0.09188637,0.0117663415,-0.03516164,0.076462746,0.15786126,0.058753498,0.08174808,0.013863279,-0.006556749,0.05939503,0.16406697,0.04898487,0.07510449,0.016579773,0.016268576,0.048456475,0.22925732,0.039921366,0.073156156,0.02040408,0.057357527,0.035079543,0.31527618,0.0316839,0.07776238,0.0007908538,0.0007908538
57,0.16583148,0.29616097,0.12913014,0.107727,0.005670415,-0.07505184,0.11079975,0.21261235,0.08374194,0.09492338,0.009168092,-0.0389108,0.07392659,0.15472099,0.056234848,0.084900565,0.011524264,-0.009888052,0.05679622,0.16085015,0.04607871,0.07849367,0.014498614,0.013833903,0.045431312,0.22590193,0.036220033,0.07702125,0.01867632,0.055900615,0.030928086,0.3131469,0.026374156,0.0824521,0.0007908538,0.0007908538
58,0.16190718,0.29219994,0.12690032,0.1117853,0.00046292256,-0.08172115,0.10824728,0.20960487,0.0819565,0.0994547,0.0046151993,-0.045161944,0.071681134,0.15206225,0.05413743,0.089740545,0.007340743,-0.015528817,0.05450721,0.15783648,0.043675397,0.08374751,0.010663915,0.009491455,0.042863745,0.22216292,0.033259932,0.08304533,0.015320505,0.052991517,0.027328433,0.30991048,0.021915274,0.08978219,0.0007908538,0.0007908538
59,0.16702375,0.29579645,0.13026768,0.11230056,0.00032255828,-0.0823265,0.11200267,0.21412502,0.08525494,0.10069493,0.0046466715,-0.044603873,0.07523365,0.15569924,0.057778236,0.09113015,0.0075509776,-0.014289997,0.05822981,0.16103563,0.04773961,0.08520016,0.011093048,0.010932951,0.046865232,0.22532351,0.03793387,0.08465609,0.016015852,0.054357324,0.031980447,0.3126659,0.027746761,0.091728404,0.0007908538,0.0007908538
60,0.17297357,0.3045979,0.13273135,0.107486874,0.008835595,-0.07148899,0.11534987,0.21893856,0.086824425,0.09498425,0.012346957,-0.03414826,0.07789805,0.15948722,0.059616484,0.08489559,0.014864983,-0.0044135205,0.06055754,0.16572502,0.049552653,0.07836448,0.018090717,0.019159433,0.048819482,0.23269244,0.039651804,0.0768187,0.022498067,0.060527284,0.034452375,0.32182747,0.03068852,0.08228786,0.0007908538,0.0007908538
61,0.17340434,0.30646822,0.13256153,0.10746179,0.009903882,-0.070231564,0.115574494,0.21966913,0.08676988,0.09481649,0.013398708,-0.032660604,0.078136235,0.15986222,0.059633747,0.0846624,0.015948035,-0.0028137674,0.06069581,0.1662453,0.049451813,0.07808105,0.019234676,0.020684686,0.048694786,0.23396744,0.039257772,0.076487735,0.023694271,0.06186782,0.034073595,0.32419077,0.030119294,0.08191782,0.0007908538,0.0007908538
62,0.16996546,0.30334654,0.13027118,0.11050361,0.0059461705,-0.075319126,0.11327715,0.21721867,0.084905334,0.09823996,0.009940164,-0.037163142,0.07607414,0.15768085,0.057522256,0.08835312,0.01278669,-0.006723143,0.058492538,0.16389415,0.04695466,0.08210842,0.016372487,0.017773313,0.046058673,0.23142822,0.03602903,0.081117325,0.021237053,0.06000757,0.030354336,0.32268685,0.02538688,0.087558836,0.0007908538,0.0007908538
63,0.1761956,0.30613762,0.13454899,0.11032955,0.005499686,-0.0759408,0.117581524,0.22171591,0.088512726,0.09900276,0.009591289,-0.03679335,0.07975399,0.16160958,0.061221614,0.08932397,0.0125435935,-0.0058075017,0.062199257,0.16746138,0.051014785,0.08314286,0.016256647,0.018788824,0.05007885,0.23475921,0.040788475,0.08226289,0.02127767,0.06090915,0.03515279,0.32494685,0.031443257,0.0889349,0.0007908538,0.0007908538
64,0.17000599,0.30762857,0.129438,0.109674826,0.01132634,-0.067799084,0.11278839,0.21655364,0.08356504,0.09619049,0.015021304,-0.030847056,0.075416155,0.15673777,0.05598132,0.08579117,0.01779815,-0.00086322165,0.057273664,0.16404904,0.0447246,0.07913676,0.02139308,0.023058645,0.04379609,0.23431414,0.032548025,0.077607825,0.026198993,0.06452396,0.0270247,0.32903177,0.020932944,0.08328951,0.0007908538,0.0007908538
65,0.17180549,0.30506012,0.1318931,0.116816424,0.0017292064,-0.07992098,0.1146685,0.21823958,0.08636461,0.10536432,0.0067526577,-0.041050915,0.077395014,0.15777056,0.05870162,0.095738515,0.0104224635,-0.009401623,0.059611566,0.1633059,0.047822207,0.08986976,0.014968668,0.016925069,0.046480253,0.23083526,0.03610858,0.089830905,0.021063792,0.060928874,0.029356215,0.32388288,0.024054553,0.09810913,0.0007908538,0.0007908538
66,0.16721694,0.30369306,0.1282957,0.11825481,0.0013001519,-0.08026646,0.11108753,0.21472329,0.08288933,0.106197014,0.0064493287,-0.041923314,0.07395874,0.15456375,0.054855876,0.09647619,0.010193827,-0.010357438,0.055801168,0.16056208,0.043317672,0.09066081,0.0148178125,0.016312944,0.041879863,0.22905739,0.03043475,0.09077347,0.020981096,0.060715325,0.023408275,0.3242038,0.01657297,0.09931587,0.0007908538,0.0007908538
67,0.17956594,0.31415105,0.13606413,0.11301517,0.0063328166,-0.073775284,0.11892387,0.22454573,0.08887341,0.101675235,0.010816063,-0.03498957,0.08042163,0.16294028,0.061027512,0.09194469,0.014179722,-0.0037383984,0.062187355,0.16907361,0.050094325,0.08582646,0.018410012,0.021471452,0.048813857,0.23882177,0.03854404,0.08531699,0.02395364,0.06401278,0.032378905,0.3329571,0.02792136,0.09282215,0.0007908538,0.0007908538
68,0.17398559,0.31598428,0.13115199,0.111385904,0.012652766,-0.065611325,0.1146934,0.22024953,0.084233895,0.09804028,0.016610885,-0.028295055,0.07663148,0.15896954,0.056237306,0.087644994,0.019698478,0.0023738304,0.057725325,0.16678683,0.04420842,0.081045106,0.023685588,0.026801541,0.042931512,0.24005622,0.030658448,0.07980987,0.028833745,0.06822293,0.024845216,0.33892038,0.018018166,0.08616812,0.0007908538,0.0007908538
69,0.18250616,0.31909484,0.13813742,0.1159561,0.0062722573,-0.0733567,0.12108232,0.22708927,0.09076531,0.10479211,0.01123522,-0.034199677,0.08257803,0.16435982,0.06286956,0.09505365,0.015078766,-0.0021353427,0.06410531,0.17044277,0.051634487,0.08900208,0.019910805,0.023947192,0.050017074,0.24161568,0.039367888,0.08885323,0.026158258,0.06701269,0.03274297,0.33846778,0.02821308,0.09716837,0.0007908538,0.0007908538
70,0.1748052,0.31863856,0.13226265,0.11723064,0.01006921,-0.06822911,0.11569484,0.2208576,0.08556964,0.10402302,0.014926738,-0.030606525,0.07792869,0.15864176,0.057367958,0.09366545,0.018774062,0.0011404946,0.058814473,0.16620915,0.04492267,0.087292776,0.023661984,0.0272282,0.0431842,0.24047546,0.030440634,0.08679875,0.02992427,0.07007901,0.023723954,0.34236732,0.016572846,0.09464717,0.0007908538,0.0007908538
71,0.1830313,0.32180613,0.1384662,0.120295025,0.005954974,-0.07389801,0.12207143,0.22766998,0.09200766,0.10882132,0.011527457,-0.03382761,0.08416977,0.16399175,0.06434152,0.09891309,0.015953282,-0.0005296697,0.065593846,0.16993204,0.05280751,0.09287735,0.021512154,0.026650513,0.050800104,0.2422385,0.03977826,0.09309984,0.02865486,0.070287585,0.032651745,0.3419889,0.028062968,0.10228501,0.0007908538,0.0007908538
72,0.17048436,0.3210043,0.1288159,0.11998223,0.013668813,-0.0646211,0.11348517,0.21817647,0.08388467,0.10499206,0.018690508,-0.026802499,0.077072605,0.15538478,0.0561972,0.094007894,0.022798073,0.005876498,0.05781463,0.16371855,0.043176707,0.087326,0.028051775,0.032499503,0.04114867,0.24065825,0.02734337,0.08664569,0.034723595,0.07507259,0.020544628,0.34725437,0.0124375215,0.09439731,0.0007908538,0.0007908538
73,0.17968942,0.3259191,0.13649999,0.12640469,0.0070285574,-0.07342993,0.121050216,0.22663951,0.09230653,0.11346848,0.013308281,-0.03287971,0.084978014,0.16141924,0.065311804,0.10301664,0.018458644,0.0018243007,0.06656916,0.16708872,0.05343346,0.09684487,0.024957152,0.030494006,0.050808493,0.24092332,0.0391993,0.09737063,0.033247333,0.074874416,0.031303663,0.34527084,0.026390614,0.10742747,0.0007908538,0.0007908538
74,0.1608124,0.32193306,0.12352072,0.13261668,0.00880907,-0.07119123,0.10861685,0.21333846,0.081881516,0.11620136,0.01552993,-0.033100087,0.074973755,0.14872412,0.05466663,0.104889855,0.021080632,0.0015500224,0.05603314,0.15599185,0.0410614,0.09856009,0.028092856,0.03161804,0.037930563,0.23350881,0.023195777,0.099220194,0.036982268,0.07716359,0.014341538,0.3460449,0.0048681097,0.109670855,0.0007908538,0.0007908538
75,0.16268322,0.3242558,0.12651563,0.14265178,0.001659483,-0.08040052,0.11194081,0.21702033,0.0872827,0.12742206,0.010051977,-0.040114835,0.0799857,0.15001401,0.060950026,0.11641342,0.01705962,-0.0033032857,0.06193718,0.15456626,0.047968876,0.110581085,0.025888981,0.029521627,0.043958325,0.22920226,0.030334037,0.11262651,0.03719749,0.077554256,0.019754337,0.34186447,0.011766054,0.12583803,0.0007908538,0.0007908538
76,0.15946032,0.3282447,0.123397805,0.1420008,0.007333928,-0.073814265,0.10982239,0.21540207,0.08503491,0.12491545,0.01537565,-0.03414466,0.07862889,0.14816861,0.059078086,0.11326582,0.02218643,0.0027323663,0.060348175,0.15420821,0.045674797,0.107038535,0.030774077,0.03492678,0.041724663,0.2323297,0.027288385,0.108575486,0.041637536,0.081357576,0.017454656,0.34874785,0.008874894,0.12096564,0.0007908538,0.0007908538
77,0.17111339,0.34002167,0.13099904,0.1372569,0.0132506,-0.06681036,0.11794923,0.225365,0.09201221,0.12035291,0.020615766,-0.026440792,0.08625926,0.15659274,0.0667036,0.108477965,0.026976444,0.010480249,0.0682285,0.1630159,0.054069307,0.10183742,0.03500067,0.04099819,0.05055051,0.24296442,0.037538953,0.10266638,0.04499297,0.0848232,0.029334495,0.35898545,0.02399672,0.11385946,0.0007908538,0.0007908538
78,0.1661142,0.34094933,0.12735611,0.13634534,0.016725581,-0.062386733,0.11458289,0.22220267,0.08876727,0.118121766,0.023770954,-0.023285374,0.08345507,0.15376726,0.06340754,0.10587773,0.029906243,0.013157355,0.06512436,0.1615275,0.050168604,0.09900817,0.037662406,0.04324161,0.04673604,0.24416977,0.032545116,0.09945599,0.04724538,0.08634423,0.02475055,0.36355522,0.017877173,0.109980926,0.0007908538,0.0007908538
79,0.17176925,0.3424156,0.13168801,0.13845967,0.0125649385,-0.06716315,0.11822735,0.22632234,0.09212638,0.12170759,0.020120844,-0.027322419,0.08632499,0.15729246,0.06644215,0.1099089,0.02665724,0.009477704,0.068021044,0.16399908,0.05346037,0.10336267,0.03489688,0.04036019,0.049823284,0.24515086,0.03631353,0.1044334,0.045094762,0.0846005,0.027908124,0.36312157,0.021983812,0.11612567,0.0007908538,0.0007908538
80,0.16277115,0.34118587,0.12510194,0.13878365,0.016820185,-0.061632734,0.11203201,0.21952128,0.08620848,0.11993815,0.024120022,-0.023685666,0.08097402,0.15122238,0.06037671,0.107530914,0.030521551,0.012651091,0.062144104,0.15962431,0.046363883,0.10065801,0.038624607,0.04343834,0.042597774,0.24397932,0.02714036,0.10128839,0.048582017,0.08717822,0.018749477,0.36632973,0.009965152,0.11227128,0.0007908538,0.0007908538
81,0.16888854,0.34211075,0.13046992,0.14685726,0.006940848,-0.072960004,0.11640358,0.22455806,0.09118314,0.130496,0.015779268,-0.033197097,0.08496808,0.15454084,0.06513141,0.11886199,0.023481077,0.004615986,0.066392235,0.16002904,0.05148542,0.11272966,0.03321714,0.03809807,0.04673874,0.24041632,0.032341566,0.114980966,0.045299985,0.08494988,0.02181758,0.36054775,0.0140316915,0.12906818,0.0007908538,0.0007908538
82,0.16130564,0.34188938,0.124259196,0.1454359,0.0124229,-0.06634104,0.11076507,0.21874313,0.085209,0.12678218,0.020679686,-0.028262086,0.07973502,0.14973585,0.058930743,0.11447828,0.02791474,0.0090546245,0.06046584,0.15755679,0.04427717,0.107942656,0.037048116,0.041828606,0.039660193,0.24209085,0.023493713,0.109551996,0.048225172,0.08729018,0.013639633,0.36637455,0.0035211712,0.12250608,0.0007908538,0.0007908538
83,0.17618802,0.352797,0.13473669,0.14449947,0.013259432,-0.06526507,0.12135738,0.23099631,0.09518465,0.12720774,0.021558618,-0.025432386,0.0897909,0.15977976,0.06962644,0.11502017,0.028926488,0.012620349,0.07113518,0.16632597,0.056211185,0.108389854,0.038219627,0.044856977,0.051688697,0.24995443,0.037982695,0.109993376,0.04951937,0.08914459,0.028880462,0.37182063,0.023354406,0.123090826,0.0007908538,0.0007908538
84,0.16535048,0.35569665,0.12729405,0.14186776,0.02391083,-0.05219121,0.11512267,0.22417046,0.08977972,0.12096854,0.031298865,-0.015136095,0.08563472,0.15338278,0.064809844,0.107595384,0.038054425,0.022136956,0.06670521,0.16290027,0.050438683,0.100137904,0.046611395,0.053053875,0.046153992,0.2524786,0.030443475,0.10042233,0.056861494,0.09480266,0.022653934,0.38104334,0.014839279,0.1112661,0.0007908538,0.0007908538
85,0.16831669,0.35818934,0.13023183,0.15123624,0.015711512,-0.061242502,0.11719629,0.2271306,0.09257783,0.13181292,0.024688784,-0.023104329,0.08767031,0.15441895,0.06719602,0.11888492,0.032930333,0.015571132,0.068541326,0.16155577,0.052436993,0.112003796,0.043434445,0.049511828,0.04670667,0.24891949,0.030926572,0.11382922,0.05611987,0.09445071,0.020536944,0.37821066,0.012056385,0.12780291,0.0007908538,0.0007908538
86,0.1638729,0.35842603,0.1273265,0.15665463,0.013795828,-0.063362494,0.11416524,0.22427358,0.089946315,0.1365157,0.023416732,-0.025623726,0.08502289,0.15126681,0.064134404,0.12340661,0.032270335,0.01379889,0.06527915,0.15865013,0.048406772,0.11663786,0.043554906,0.0493682,0.04184815,0.24752702,0.024776967,0.119035125,0.057122692,0.09545753,0.013179132,0.37986413,0.0024887938,0.13425575,0.0007908538,0.0007908538
87,0.16575299,0.3638379,0.129479,0.16044925,0.013515693,-0.063408144,0.116291314,0.22698759,0.09293095,0.14005458,0.023666395,-0.025593452,0.08802283,0.15233034,0.06752511,0.12674227,0.033120252,0.014537338,0.06851568,0.15882106,0.05189486,0.119946025,0.045205098,0.051089793,0.044723444,0.24775952,0.028068345,0.12267622,0.059720673,0.09751537,0.015825761,0.38156366,0.006057681,0.13873993,0.0007908538,0.0007908538
88,0.1682061,0.3710345,0.13121806,0.15812421,0.01986623,-0.05629077,0.11899877,0.23017977,0.095834464,0.13638669,0.029431254,-0.01850187,0.091743216,0.15456636,0.071381606,0.1224555,0.038456693,0.021937367,0.0725792,0.16191727,0.056125775,0.11515033,0.049951654,0.05716375,0.0494039,0.25334054,0.033436853,0.11712396,0.063590586,0.10087606,0.0229149,0.38881654,0.015341533,0.13190454,0.0007908538,0.0007908538
89,0.15820432,0.3678011,0.12447238,0.15925182,0.021261122,-0.054307535,0.11233016,0.22319736,0.089665495,0.13612191,0.030775446,-0.018351048,0.08581293,0.14852194,0.06487047,0.12190162,0.039767332,0.021468146,0.06618699,0.15732959,0.04867837,0.114533626,0.051227976,0.05697254,0.041784983,0.251286,0.023927035,0.11642872,0.06478143,0.10097794,0.0130553935,0.3904963,0.0021604479,0.13107383,0.0007908538,0.0007908538
90,0.16372265,0.36997488,0.1289073,0.16649689,0.013333069,-0.06314212,0.11598137,0.2278305,0.093753174,0.14535423,0.024245197,-0.025546437,0.08910953,0.15130998,0.06872299,0.13171118,0.034591317,0.015446056,0.069517784,0.1573765,0.052598264,0.12490895,0.047878716,0.053318102,0.044452306,0.24803184,0.027221384,0.12819518,0.06375141,0.09996703,0.014081183,0.38606244,0.0035119383,0.14563969,0.0007908538,0.0007908538
91,0.16372551,0.37392664,0.12835048,0.16285214,0.019474821,-0.05611153,0.11616496,0.22835125,0.093471065,0.14029004,0.029541785,-0.019198423,0.089579135,0.15209764,0.0688067,0.12611537,0.039117236,0.021478478,0.069905624,0.15997058,0.052667774,0.11886525,0.05131536,0.057603296,0.04525708,0.2538091,0.027984995,0.121337935,0.06564329,0.10154837,0.016770318,0.39343268,0.0070478376,0.13726832,0.0007908538,0.0007908538
92,0.16873612,0.37830898,0.13135941,0.16026776,0.02250605,-0.052471366,0.119502604,0.23211074,0.09616723,0.13751346,0.03210554,-0.015387033,0.09261145,0.15562168,0.07176131,0.12315593,0.04125455,0.025145594,0.0730482,0.16404831,0.05600634,0.11566605,0.052840415,0.060000017,0.049163405,0.25893116,0.03265518,0.11770641,0.06629596,0.10221999,0.022774398,0.3982181,0.015035987,0.132847,0.0007908538,0.0007908538
93,0.17238805,0.3804273,0.13378303,0.15992221,0.02228672,-0.052282844,0.121707484,0.23466955,0.09800357,0.13754666,0.03187058,-0.015245717,0.09437774,0.15792708,0.07353535,0.12325946,0.040998735,0.025024837,0.07489093,0.16612716,0.05804023,0.115780376,0.05253926,0.059614662,0.051323593,0.2606778,0.03528987,0.11785641,0.065900594,0.101742595,0.025576938,0.39931247,0.018770585,0.13307516,0.0007908538,0.0007908538
94,0.16524017,0.37718448,0.12912336,0.16093765,0.022110965,-0.051559497,0.116663925,0.22932903,0.09317293,0.1379233,0.03174851,-0.0165291,0.089494936,0.15352248,0.06812638,0.12357355,0.04091521,0.022697916,0.06962071,0.16267104,0.051916532,0.11614513,0.052516248,0.057625696,0.045059193,0.2585777,0.027439108,0.118293665,0.065944664,0.10070543,0.0170897,0.3996001,0.0072757974,0.13363124,0.0007908538,0.0007908538
95,0.16762331,0.37589553,0.13097963,0.16532871,0.015400662,-0.058337532,0.11743005,0.23047842,0.0937709,0.14394434,0.025961736,-0.023214143,0.08929659,0.15429604,0.06793599,0.13018295,0.03596196,0.015823483,0.06921811,0.16191953,0.051575605,0.12327463,0.048691895,0.05237347,0.043973465,0.25543898,0.026188135,0.12647016,0.063574284,0.09821985,0.013898391,0.39559785,0.002985953,0.14380375,0.0007908538,0.0007908538
96,0.1672552,0.3768537,0.13011727,0.16245265,0.019105788,-0.053896625,0.11691306,0.22996183,0.092557654,0.14025079,0.029041028,-0.019582724,0.0885043,0.15453993,0.06662071,0.126207,0.03844557,0.01879725,0.06818452,0.16368255,0.050098356,0.119020514,0.050340526,0.054065976,0.04306501,0.259458,0.024908504,0.1216391,0.064064324,0.09843,0.013767782,0.40069374,0.0027600806,0.13787459,0.0007908538,0.0007908538
97,0.16684982,0.37600234,0.12958743,0.16324393,0.018312357,-0.054662567,0.11632959,0.22929786,0.09169404,0.14116131,0.028379524,-0.020297078,0.08760173,0.15412848,0.06547454,0.12717462,0.037907645,0.018138288,0.06700419,0.16348682,0.048663516,0.12005484,0.049962334,0.05362552,0.041498367,0.2596207,0.022936698,0.12283169,0.06386421,0.09822597,0.011545734,0.4012183,-0.00023536911,0.1393835,0.0007908538,0.0007908538
98,0.17060344,0.37814587,0.1324546,0.1650306,0.01650068,-0.05659797,0.11893023,0.23218141,0.09439158,0.1436168,0.026958074,-0.021711102,0.09007758,0.1561752,0.068252705,0.12977996,0.036888972,0.017079363,0.06964841,0.16452394,0.051718935,0.12279066,0.04948568,0.053187594,0.044201262,0.25947294,0.026281517,0.12593608,0.06406531,0.098382555,0.014317113,0.4003451,0.003497566,0.1432455,0.0007908538,0.0007908538
99,0.16884843,0.378331,0.13082936,0.16339359,0.019595962,-0.053322088,0.11786725,0.23092312,0.0930768,0.14111581,0.029640906,-0.01859686,0.089199536,0.15541,0.067051165,0.12698406,0.039199397,0.020204678,0.06857605,0.1649457,0.05028717,0.11975514,0.0512766,0.055513,0.043091685,0.26182488,0.024794746,0.12245849,0.065134875,0.09933264,0.013715556,0.40381402,0.0026854065,0.1389579,0.0007908538,0.0007908538
100,0.17431733,0.38172606,0.13434602,0.16242374,0.0206333,-0.052483283,0.12170455,0.23506781,0.09659159,0.1404058,0.03055655,-0.016684182,0.092875175,0.15894896,0.07094927,0.1262349,0.04002771,0.022601817,0.07247322,0.16820568,0.05466463,0.11889914,0.051971145,0.05732317,0.047711782,0.2649096,0.03048461,0.12145614,0.06562261,0.10006366,0.02018047,0.40595415,0.011418488,0.13772835,0.0007908538,0.0007908538
101,0.16924688,0.38010785,0.13074559,0.16247676,0.022258205,-0.050784606,0.11840169,0.23150668,0.093413524,0.13959298,0.032045122,-0.0155832125,0.0899874,0.15594693,0.06768439,0.1251988,0.041410293,0.02372732,0.06925029,0.16622448,0.050808758,0.11775244,0.0532105,0.058439236,0.043807395,0.26474047,0.025490195,0.120135486,0.06663689,0.10077432,0.015297556,0.40776953,0.004759396,0.13610832,0.0007908538,0.0007908538
102,0.17124793,0.3795239,0.13222556,0.16663547,0.016643515,-0.056818042,0.11912011,0.23271659,0.094076045,0.14503945,0.027271535,-0.021025376,0.09008405,0.15655339,0.06786119,0.13110287,0.037421722,0.018717658,0.06915579,0.16538063,0.050816193,0.12410225,0.050281618,0.05504532,0.043025043,0.26194042,0.024616526,0.1274362,0.06503604,0.099460095,0.012822909,0.4042874,0.0014598989,0.14521775,0.0007908538,0.0007908538
103,0.17073473,0.37990472,0.1317315,0.16731746,0.016880715,-0.05654825,0.11872417,0.23239616,0.09358625,0.14551666,0.027567979,-0.020688262,0.089710586,0.1562295,0.067330845,0.13150713,0.037797034,0.019317541,0.068590805,0.16533226,0.050058004,0.124489635,0.05075177,0.055739015,0.042154063,0.262621,0.02348392,0.12787722,0.06557052,0.09987537,0.011722099,0.40566272,3.0328156e-06,0.14580318,0.0007908538,0.0007908538
104,0.17585428,0.38348463,0.1352917,0.16761672,0.016805634,-0.056385703,0.122269124,0.23636377,0.09699264,0.14625908,0.027600896,-0.01998447,0.093096286,0.15938386,0.07098875,0.13227701,0.037972998,0.02024738,0.07221263,0.16784595,0.05415571,0.12524575,0.051108643,0.05656271,0.046222523,0.26451638,0.028484665,0.12871568,0.066116996,0.100368656,0.016872643,0.406786,0.0069207326,0.14686023,0.0007908538,0.0007908538
105,0.17003362,0.38431388,0.13076924,0.16308847,0.025118962,-0.04675261,0.11870771,0.23232034,0.09311272,0.13933988,0.034771424,-0.012150159,0.09022566,0.15660745,0.067365296,0.12456958,0.04408266,0.027379509,0.06900862,0.1681027,0.05002134,0.11690233,0.055742733,0.061677795,0.04294675,0.26954713,0.024096996,0.11916299,0.06875098,0.1024107,0.014543283,0.4148345,0.0036568826,0.13509507,0.0007908538,0.0007908538
106,0.17811477,0.38756934,0.13649903,0.16742408,0.01890518,-0.053306837,0.12356386,0.23816767,0.097812384,0.1456047,0.029535025,-0.017359037,0.09423105,0.16086382,0.07185168,0.13138962,0.039797872,0.022801055,0.0731689,0.16991314,0.054937806,0.124200545,0.052740823,0.05863673,0.047043025,0.26816735,0.029304832,0.12754971,0.067326404,0.10132832,0.01823782,0.41150576,0.008681034,0.14557129,0.0007908538,0.0007908538
107,0.17062253,0.38490883,0.13132472,0.16799806,0.02016387,-0.051570565,0.118468784,0.23276585,0.092849135,0.14507894,0.030684033,-0.016995842,0.08948011,0.15640353,0.06647054,0.13062789,0.04084025,0.022785861,0.06786126,0.1668943,0.04865465,0.123367146,0.053628955,0.058768004,0.040638164,0.26750848,0.021218633,0.12661219,0.067957245,0.10145997,0.009975146,0.4134355,-0.0024698875,0.1444531,0.0007908538,0.0007908538
108,0.17710736,0.38998997,0.13622698,0.17016265,0.018491892,-0.053029228,0.12318239,0.23818405,0.09789511,0.1480147,0.029488223,-0.017588321,0.09430828,0.16017628,0.071935214,0.13367672,0.040174697,0.022685107,0.073148385,0.16904253,0.054764517,0.12652189,0.05368053,0.05918111,0.046346415,0.26793882,0.028315293,0.13017946,0.068874106,0.10214772,0.016632574,0.4128656,0.006557988,0.14888966,0.0007908538,0.0007908538
109,0.17305616,0.39319822,0.13325052,0.16630307,0.027752526,-0.04296405,0.121791996,0.2362314,0.09673681,0.14162372,0.0377089,-0.008047884,0.09435262,0.15860976,0.07166762,0.12634975,0.047489364,0.032537658,0.07313731,0.17013018,0.05424835,0.118453965,0.059712425,0.06698565,0.04663864,0.27385053,0.028267967,0.120855324,0.07313698,0.10591679,0.019061826,0.42185652,0.009714657,0.13737333,0.0007908538,0.0007908538
110,0.17090169,0.3908701,0.13159046,0.1708637,0.0221796,-0.048771806,0.1193869,0.23441853,0.094200246,0.14711516,0.032975834,-0.0138901975,0.09136945,0.15662962,0.06836717,0.13227044,0.04356949,0.026855178,0.06962212,0.16722758,0.050231904,0.12485141,0.056916885,0.06316824,0.041602977,0.27002487,0.021969106,0.12824886,0.07169523,0.10448905,0.010787092,0.41896343,-0.0016091453,0.1466332,0.0007908538,0.0007908538
111,0.1742256,0.39138362,0.13379139,0.17462349,0.016872305,-0.05432849,0.12090014,0.23669486,0.095538646,0.15226336,0.028472217,-0.018717017,0.09218249,0.15808277,0.06930092,0.13788034,0.039857257,0.022332624,0.0703184,0.16705783,0.05111929,0.13088313,0.054297145,0.060058217,0.04170632,0.26778832,0.02213934,0.13518877,0.070421785,0.10330656,0.009441659,0.4160741,-0.003479815,0.15528852,0.0007908538,0.0007908538
112,0.17279549,0.39180753,0.13195166,0.17055441,0.02165309,-0.049372155,0.119822174,0.23568921,0.093694635,0.14703305,0.03232632,-0.01417068,0.09097079,0.15823948,0.06748501,0.13227344,0.042747274,0.026350245,0.06886967,0.16940701,0.04916215,0.12490716,0.05580763,0.062025912,0.040871777,0.27312285,0.020996954,0.12840463,0.07009236,0.102923304,0.010390736,0.42261964,-0.0021956435,0.14697035,0.0007908538,0.0007908538
113,0.17765516,0.39541778,0.1349848,0.16911182,0.02295882,-0.04826936,0.12315826,0.23959452,0.096701704,0.14566615,0.0333659,-0.012286496,0.09414362,0.1616929,0.07083508,0.13083568,0.043511126,0.028353434,0.07231009,0.17282142,0.053060252,0.12335524,0.05614914,0.06305826,0.045284364,0.27658623,0.02654999,0.12666336,0.06982195,0.10275986,0.017045787,0.42541188,0.006939469,0.14489126,0.0007908538,0.0007908538
114,0.17450267,0.394047,0.13271753,0.169256,0.023396755,-0.047721904,0.120966546,0.2372947,0.094462775,0.14541234,0.033746444,-0.012248077,0.09199416,0.15989852,0.06834872,0.1305126,0.04382911,0.02815295,0.069877796,0.17174476,0.050151065,0.1230174,0.056371447,0.062803864,0.04239588,0.27662572,0.022851432,0.12629628,0.0698877,0.10249138,0.013341601,0.4266556,0.0018386912,0.14447056,0.0007908538,0.0007908538
115,0.17648362,0.3957739,0.13462304,0.1721036,0.02044364,-0.05055663,0.12237237,0.23921707,0.096347764,0.14897117,0.031380042,-0.014983724,0.09350958,0.16076933,0.07026534,0.13428932,0.04207155,0.025525548,0.07162049,0.17116295,0.052281693,0.1270377,0.05545364,0.06124684,0.043908615,0.27433917,0.024776712,0.13090505,0.07000515,0.10225355,0.014168378,0.4240388,0.0029594987,0.1502095,0.0007908538,0.0007908538
116,0.17540483,0.39732307,0.13399357,0.17150986,0.022864476,-0.04820899,0.122341074,0.2391384,0.096692055,0.14765848,0.03359078,-0.012289146,0.09420967,0.16042922,0.07107349,0.13270491,0.044116907,0.028677262,0.0724162,0.17130323,0.053097837,0.12526023,0.057259064,0.06386534,0.04491981,0.27564964,0.025948066,0.12883697,0.07146761,0.103534125,0.016126363,0.42627048,0.005626006,0.1476528,0.0007908538,0.0007908538
117,0.16848515,0.39575186,0.12902817,0.17176716,0.025957797,-0.045180548,0.11805103,0.23441638,0.09259847,0.14646097,0.036466327,-0.009639705,0.090671524,0.15630418,0.067026146,0.13107885,0.04684396,0.03193985,0.06828457,0.16878018,0.04808693,0.12340756,0.059760895,0.067079835,0.03970206,0.27617306,0.019202538,0.12669034,0.073564604,0.10543479,0.009711572,0.42940855,-0.0032078335,0.14504439,0.0007908538,0.0007908538
118,0.17451642,0.39801395,0.13357663,0.1807753,0.016010704,-0.055735983,0.12143339,0.23907606,0.09647618,0.15791818,0.028362976,-0.018223558,0.09354117,0.158367,0.07062966,0.14328201,0.04067229,0.024855461,0.071084894,0.1668157,0.051594015,0.1363973,0.056261074,0.06340687,0.041039445,0.26951396,0.020945191,0.14157066,0.07329775,0.10520456,0.008074503,0.4211386,-0.0055687767,0.16354552,0.0007908538,0.0007908538
119,0.17430145,0.39958417,0.13245708,0.1769451,0.020818818,-0.050654408,0.12107969,0.23903099,0.095181756,0.15295292,0.032239616,-0.0133776525,0.09289926,0.15943626,0.069356814,0.13792409,0.04354593,0.029332725,0.07014419,0.17027672,0.050207954,0.13068256,0.057654344,0.06557792,0.04092877,0.27622074,0.020755326,0.13513383,0.072684735,0.10462166,0.010300494,0.42884713,-0.0025121067,0.15576437,0.0007908538,0.0007908538
120,0.17333722,0.4015301,0.13105156,0.17160068,0.027042896,-0.044032045,0.120554455,0.23875715,0.09395908,0.14617157,0.037245415,-0.0074016363,0.09244132,0.16032402,0.06837278,0.13066237,0.047244515,0.03458519,0.06964463,0.1737481,0.049337283,0.122958004,0.05946054,0.0680488,0.04167651,0.28312284,0.021596335,0.1263998,0.07200373,0.10399892,0.014027393,0.437043,0.0025339653,0.14512928,0.0007908538,0.0007908538
121,0.17506242,0.4014299,0.13206494,0.17510334,0.022259932,-0.04899975,0.12092163,0.23991859,0.09411232,0.15079565,0.03316455,-0.011843974,0.09212678,0.16092753,0.06803187,0.1356961,0.043838635,0.030377831,0.06907683,0.17314227,0.04876251,0.12841104,0.05694281,0.065084696,0.040391557,0.28106624,0.02002766,0.1327463,0.070469886,0.10266841,0.01118776,0.43471348,-0.0014402386,0.1531128,0.0007908538,0.0007908538
122,0.17658047,0.40049127,0.13280892,0.17919166,0.017249288,-0.05417782,0.1209891,0.24049462,0.093762696,0.15598045,0.028956695,-0.01644355,0.0912969,0.16117357,0.06700989,0.14127517,0.040426258,0.02622106,0.06774614,0.17237577,0.047256894,0.13440867,0.054590534,0.062438205,0.03796394,0.27910382,0.017031752,0.13968284,0.06932134,0.10174346,0.0066420864,0.4323357,-0.007677567,0.16179667,0.0007908538,0.0007908538
123,0.17992511,0.40418252,0.13464954,0.17610757,0.020951249,-0.04994265,0.12327954,0.24324255,0.09545155,0.15233585,0.031991336,-0.012375139,0.0934037,0.1641897,0.06896604,0.13734229,0.042774424,0.029863615,0.0699818,0.1766199,0.049628682,0.13015947,0.05594309,0.06430472,0.041286014,0.285106,0.021197759,0.13483755,0.06935792,0.10162351,0.012586431,0.43869376,0.0005619603,0.15588939,0.0007908538,0.0007908538
124,0.17908624,0.40590718,0.13331702,0.17060576,0.028011773,-0.042093653,0.122650124,0.24253103,0.093790725,0.14519127,0.03778723,-0.0059716357,0.0925667,0.16505998,0.06734038,0.12961037,0.047260873,0.03527551,0.068900324,0.18056315,0.047942955,0.12184987,0.05856709,0.067164004,0.041012786,0.2931769,0.02069347,0.12535273,0.0695832,0.101617225,0.01457442,0.44837412,0.0032883005,0.14427996,0.0007908538,0.0007908538
125,0.18659566,0.4085796,0.13823107,0.1742482,0.022149526,-0.047768757,0.12649404,0.24754664,0.09702638,0.15058652,0.032753788,-0.0110524725,0.09517067,0.16897768,0.070138976,0.13554277,0.043014944,0.030281348,0.07154289,0.18244374,0.05113475,0.12828237,0.055334743,0.06352657,0.04350487,0.29234844,0.024037488,0.13288158,0.06744107,0.09994701,0.016590975,0.44581532,0.0061582546,0.15380388,0.0007908538,0.0007908538
126,0.17740661,0.40475067,0.13190287,0.17471181,0.024297817,-0.04564064,0.12053926,0.24087292,0.0911266,0.14969966,0.03474041,-0.009977641,0.08964836,0.16357988,0.06371916,0.13434727,0.04487611,0.031434234,0.065099575,0.17911616,0.043279596,0.12694794,0.057015494,0.064822786,0.03542132,0.2924609,0.013422662,0.13133721,0.068829104,0.100738145,0.005839958,0.44927529,-0.008937203,0.15192994,0.0007908538,0.0007908538
127,0.18316203,0.41007096,0.13693108,0.17908707,0.020733861,-0.049146462,0.12504129,0.24612367,0.096726045,0.15512991,0.032124415,-0.012639764,0.094792664,0.16639386,0.069947295,0.1400211,0.043314748,0.029503942,0.07093996,0.17916456,0.050299585,0.13294102,0.056891534,0.064484164,0.041356802,0.28965908,0.021084575,0.13822426,0.07038679,0.10159276,0.012118659,0.44587782,-8.0795464e-05,0.16053134,0.0007908538,0.0007908538
128,0.18040891,0.4096739,0.13506912,0.17971173,0.021341152,-0.04879412,0.123561546,0.2445701,0.09550092,0.15531135,0.03275693,-0.011962368,0.09373736,0.16489474,0.06877203,0.14009498,0.043991737,0.030573063,0.069678046,0.17820366,0.04875534,0.1329947,0.057612285,0.06545827,0.03977592,0.28985167,0.019023739,0.1382985,0.071109846,0.101986356,0.010251306,0.44732505,-0.0026473075,0.16066562,0.0007908538,0.0007908538
129,0.17788649,0.4103543,0.13284229,0.17520048,0.027433023,-0.042518612,0.12240011,0.24313562,0.09396835,0.14927258,0.03779132,-0.006101845,0.09296213,0.16461666,0.067526065,0.13353309,0.0479295,0.0359928,0.06881768,0.18046328,0.047445707,0.12592573,0.0600054,0.06848,0.039811596,0.2955663,0.018920269,0.13016754,0.07158302,0.10221269,0.012516648,0.45475334,0.00047419406,0.15060104,0.0007908538,0.0007908538
130,0.18276995,0.41268602,0.13639681,0.17929025,0.022177646,-0.047874734,0.12524098,0.24692363,0.09701253,0.15483657,0.03344962,-0.010561629,0.09543097,0.16688888,0.07049886,0.13955432,0.044529133,0.031902976,0.0715073,0.18041833,0.050762046,0.13241224,0.057869535,0.06590751,0.04222306,0.29276344,0.02208521,0.13770838,0.07088044,0.10144965,0.014218375,0.45101592,0.0027948506,0.16008863,0.0007908538,0.0007908538
131,0.17641151,0.41210678,0.13275594,0.18041426,0.023546869,-0.046181206,0.12169258,0.24322271,0.094216555,0.15494153,0.034837846,-0.010080718,0.09282999,0.16332932,0.06768871,0.13941588,0.045980845,0.032307427,0.06866454,0.17770343,0.04733333,0.13220641,0.059392653,0.0667158,0.038470592,0.2920086,0.017186783,0.13746616,0.07241926,0.102166265,0.009045586,0.45300284,-0.004344385,0.15982296,0.0007908538,0.0007908538
132,0.17654526,0.41509184,0.1334189,0.18028721,0.025519373,-0.04356668,0.12238365,0.24412903,0.095337525,0.15420774,0.036686037,-0.008370032,0.09412876,0.16384436,0.06913428,0.13843696,0.047752015,0.033777162,0.0701737,0.17846832,0.048968893,0.1310643,0.061038204,0.06804932,0.040075418,0.29372242,0.019162942,0.13612662,0.07385388,0.10298451,0.011232552,0.45595855,-0.0012185556,0.15818766,0.0007908538,0.0007908538
133,0.17747055,0.41725603,0.13454854,0.18146029,0.025301093,-0.043458097,0.12331289,0.24536458,0.09666607,0.15537545,0.036669254,-0.00857504,0.09540737,0.16442844,0.070654415,0.13956879,0.04798514,0.033663988,0.071605206,0.1785663,0.050622564,0.13221805,0.061606552,0.0684159,0.041367017,0.293666,0.020788586,0.13744262,0.07478299,0.103547186,0.0124901,0.45638862,0.0005672844,0.15985307,0.0007908538,0.0007908538
134,0.17666717,0.41814473,0.13416988,0.18081996,0.02702003,-0.041447416,0.12308344,0.24508387,0.096539676,0.15422902,0.038190845,-0.007043749,0.09548096,0.16424197,0.07067217,0.1382386,0.049323365,0.03511795,0.07168524,0.17893676,0.050614092,0.13074644,0.06267644,0.06953295,0.041504014,0.29504266,0.020898215,0.13573445,0.07549732,0.1040189,0.012999962,0.45854244,0.0012823774,0.15773831,0.0007908538,0.0007908538
135,0.1765786,0.41740972,0.13414,0.18235885,0.025298394,-0.042996194,0.122535594,0.24464674,0.09575734,0.15611161,0.03678019,-0.009228623,0.094497286,0.16391316,0.06948062,0.1402565,0.04824366,0.03271075,0.070452504,0.17837402,0.049146518,0.13291197,0.062055763,0.06803478,0.039511744,0.29427928,0.018322594,0.1382398,0.07540432,0.10368245,0.009466225,0.45809227,-0.0036908765,0.16088654,0.0007908538,0.0007908538
136,0.18215166,0.42062038,0.13798305,0.18350498,0.024145586,-0.04399212,0.12615104,0.24865142,0.099267714,0.15786652,0.035923116,-0.009705153,0.09784706,0.167029,0.07318149,0.14210334,0.047730632,0.03243592,0.074065246,0.18042745,0.05334236,0.13482776,0.062005766,0.068070434,0.043453403,0.2950974,0.0233606,0.14042836,0.07587404,0.103943825,0.01423002,0.45802766,0.0029662333,0.16363429,0.0007908538,0.0007908538
137,0.17966226,0.4219167,0.1359355,0.17880414,0.032175533,-0.035700966,0.12538867,0.2471466,0.09813472,0.15109786,0.0427795,-0.002080216,0.097714186,0.16675377,0.07252699,0.13456622,0.05339673,0.039926145,0.07380015,0.18317561,0.052582648,0.12660192,0.06594651,0.07305108,0.044036556,0.30217332,0.023870235,0.13089962,0.07763436,0.10531897,0.017361512,0.46696988,0.0073315,0.15178892,0.0007908538,0.0007908538
138,0.18388292,0.42230418,0.13827828,0.18222277,0.02641926,-0.04124029,0.12666847,0.24937895,0.09859773,0.15596959,0.037763037,-0.0076366547,0.09763985,0.16852412,0.07225013,0.13996072,0.04910097,0.034010738,0.07349899,0.18336649,0.052282453,0.13249105,0.06262695,0.06858989,0.042969637,0.30020273,0.02258864,0.13782221,0.07536556,0.10325612,0.014491852,0.46414694,0.003292621,0.16058749,0.0007908538,0.0007908538
139,0.17896989,0.41967824,0.13483721,0.18351367,0.025617657,-0.042025045,0.123084955,0.24575101,0.09490642,0.15700819,0.037105538,-0.009141122,0.09397794,0.16551253,0.068033434,0.14102371,0.048592575,0.032347787,0.06928527,0.18103765,0.04724129,0.13365693,0.062318034,0.067479484,0.037596285,0.2990983,0.015572054,0.13920535,0.07523071,0.10273745,0.0068918653,0.46471018,-0.007444292,0.16237345,0.0007908538,0.0007908538
140,0.18410333,0.42295957,0.13833083,0.18421915,0.024405807,-0.04315116,0.12634413,0.24968675,0.09806002,0.1582766,0.03607974,-0.009872707,0.09698237,0.16864477,0.071374215,0.14240785,0.047759417,0.0315386,0.07264766,0.18319048,0.051205896,0.13513361,0.06172678,0.06668469,0.041566424,0.30003652,0.020752424,0.14094129,0.074869275,0.10219282,0.012080126,0.46498877,-8.256559e-05,0.16460015,0.0007908538,0.0007908538
141,0.17606829,0.4178055,0.13266848,0.18557973,0.023575166,-0.04413286,0.12040924,0.24343924,0.091735974,0.15911053,0.03534766,-0.012085226,0.09065874,0.16389263,0.06400973,0.14324549,0.047097586,0.029095825,0.065260515,0.18009949,0.04240395,0.1360841,0.06114367,0.06505261,0.032314707,0.29940334,0.008823729,0.1420954,0.074305624,0.10146763,-0.00069362647,0.46660283,-0.017912313,0.1661162,0.0007908538,0.0007908538
142,0.18035018,0.42599753,0.13709733,0.18659167,0.02447156,-0.043087147,0.12499402,0.24919178,0.098069504,0.16000748,0.03641703,-0.010844625,0.097012505,0.16718777,0.07170849,0.1439921,0.048433483,0.03021688,0.07300778,0.18147787,0.05162411,0.13678366,0.062835,0.06575164,0.041735694,0.29923835,0.021032393,0.14289784,0.07635647,0.101559535,0.012148717,0.46759707,0.00029934687,0.16717051,0.0007908538,0.0007908538
143,0.17833474,0.4298476,0.13654454,0.1842063,0.0299674,-0.03741147,0.1253473,0.24967274,0.099445954,0.15613781,0.04127991,-0.0057737124,0.09901231,0.1672631,0.07410101,0.13956828,0.052698005,0.035032336,0.07567133,0.18252908,0.054617267,0.13192251,0.066231616,0.068944514,0.045589242,0.30232972,0.025900723,0.1372516,0.078667596,0.102452636,0.018743532,0.472987,0.009612645,0.16012923,0.0007908538,0.0007908538
144,0.16636172,0.42723274,0.1292574,0.18497063,0.033295874,-0.03399967,0.11859751,0.24248281,0.093855895,0.15521942,0.04447728,-0.0039786864,0.09389757,0.16057508,0.06859116,0.13819818,0.055870544,0.036882304,0.07009212,0.17756973,0.047928832,0.13033918,0.06937426,0.0711487,0.038491584,0.300966,0.016485186,0.13536707,0.08170525,0.10403162,0.009128893,0.47613454,-0.004103109,0.15778294,0.0007908538,0.0007908538
145,0.17398928,0.43303546,0.13515879,0.19168854,0.02631735,-0.04089158,0.12330237,0.24866599,0.09924782,0.16366392,0.03886809,-0.010034875,0.09846636,0.16397177,0.07405367,0.14713304,0.051801,0.031370603,0.07501805,0.17711525,0.053827394,0.1398304,0.06747896,0.068292946,0.04263207,0.2963198,0.021792043,0.14631887,0.08227528,0.10397434,0.011944272,0.4705625,-0.00021166564,0.17157203,0.0007908538,0.0007908538
146,0.17043254,0.43648753,0.13354738,0.18981536,0.03356211,-0.0336885,0.12302629,0.2478493,0.09993338,0.15971974,0.045479476,-0.0030465308,0.100078,0.16291988,0.07578751,0.14238502,0.057863228,0.039246164,0.07680941,0.17790009,0.055510238,0.13449898,0.07267241,0.07486683,0.044922423,0.30088565,0.024350857,0.14008534,0.08628788,0.10710705,0.01640464,0.47792518,0.0059296126,0.16380996,0.0007908538,0.0007908538
147,0.1629796,0.43501484,0.12886289,0.19162144,0.034368157,-0.03297206,0.118555784,0.24335138,0.09602879,0.16062357,0.046412963,-0.003081661,0.0964366,0.15857147,0.07175054,0.14306948,0.059007946,0.039571244,0.07264718,0.17447846,0.050499406,0.13515234,0.074099734,0.07603065,0.03926115,0.29990125,0.016910588,0.14083214,0.08792007,0.108238146,0.008387374,0.4801076,-0.005405615,0.16482557,0.0007908538,0.0007908538
148,0.16989733,0.43965417,0.13370016,0.1945973,0.030704597,-0.03592508,0.12254023,0.24846078,0.09994406,0.16461682,0.04337594,-0.0062128785,0.09992517,0.16224478,0.07563634,0.14732565,0.05668074,0.03608615,0.07645417,0.1759585,0.05493298,0.13966258,0.07278626,0.073901765,0.042770464,0.29890165,0.021430409,0.14604342,0.08772976,0.10796824,0.011471993,0.47843188,-0.0010088661,0.17141978,0.0007908538,0.0007908538
149,0.17101443,0.44133258,0.1344762,0.1948069,0.031204421,-0.034871083,0.12325535,0.24947952,0.10054049,0.16464967,0.043842737,-0.005767285,0.10061687,0.16313912,0.07627984,0.14726403,0.057121456,0.03623162,0.077189535,0.17689246,0.055687904,0.139551,0.07314838,0.07405174,0.04343972,0.3001436,0.022245161,0.14592552,0.087909885,0.10804994,0.012255242,0.48002183,0.000100389196,0.17132589,0.0007908538,0.0007908538
150,0.16595778,0.43904412,0.1308854,0.19323066,0.034382742,-0.031620283,0.12025646,0.24586993,0.09732636,0.16203696,0.046566047,-0.0031011268,0.097861074,0.16072556,0.072936796,0.14433743,0.05934856,0.038895227,0.073997535,0.17660494,0.051754665,0.1363841,0.07461597,0.07585825,0.03999893,0.30286515,0.01770301,0.14227208,0.08841198,0.10843617,0.008625902,0.484443,-0.005065372,0.16677816,0.0007908538,0.0007908538
151,0.16640814,0.43870673,0.13113289,0.19667993,0.030786898,-0.034986913,0.11985204,0.24576496,0.09677662,0.16619177,0.043651734,-0.006503718,0.09692899,0.1601887,0.07188198,0.1487421,0.057223417,0.035663612,0.07263163,0.17515035,0.05018564,0.14107354,0.073639065,0.07426008,0.03726349,0.3006324,0.0141833825,0.14768192,0.0887396,0.108511955,0.0034264065,0.48235798,-0.012463684,0.1736015,0.0007908538,0.0007908538
152,0.16939119,0.44080988,0.13269629,0.1928767,0.033012565,-0.03263685,0.12171068,0.24833743,0.09804876,0.16208804,0.04505907,-0.0044801785,0.09847873,0.16339214,0.073356576,0.14454861,0.057567433,0.036454145,0.074780926,0.17921273,0.0526547,0.13671426,0.072367735,0.07239823,0.041756824,0.30486256,0.020098906,0.14278507,0.085472755,0.10547514,0.0118128825,0.486434,-0.00047377107,0.16758116,0.0007908538,0.0007908538
153,0.1693257,0.43954492,0.13230143,0.19551474,0.0277805,-0.03766462,0.12034368,0.24797685,0.09631673,0.16583058,0.040348645,-0.009986627,0.09620837,0.16288546,0.0708864,0.14878206,0.05333306,0.030120527,0.072314665,0.17750284,0.049984943,0.14140896,0.0688249,0.067150585,0.038540933,0.301304,0.016115129,0.14832708,0.08268169,0.10285144,0.006458332,0.48281577,-0.00810127,0.17463192,0.0007908538,0.0007908538
154,0.174734,0.44343507,0.13522333,0.18919529,0.03222862,-0.03323779,0.1240479,0.25249332,0.09924507,0.15894482,0.043509584,-0.005460809,0.09971715,0.16803774,0.07444798,0.14167754,0.054921124,0.03328757,0.07674092,0.18381685,0.055044718,0.13394971,0.068064444,0.066369444,0.04628304,0.30805227,0.026178518,0.13987637,0.07905097,0.09951569,0.020142432,0.4889253,0.011319509,0.164182,0.0007908538,0.0007908538
155,0.1634182,0.43607715,0.12737991,0.1913082,0.02820914,-0.037283935,0.11551591,0.2442175,0.09058198,0.16126584,0.039748877,-0.011256573,0.09073859,0.16116206,0.064417325,0.14436446,0.05129889,0.026061254,0.0669187,0.17788886,0.043629162,0.13705331,0.06464044,0.059860386,0.034715075,0.3033726,0.011238752,0.1436018,0.07578136,0.09563145,0.004129487,0.4877744,-0.011502235,0.16895635,0.0007908538,0.0007908538
156,0.17189452,0.44482902,0.13416354,0.19389229,0.025926169,-0.039568875,0.12207926,0.25225252,0.0983495,0.16477038,0.038023803,-0.0123922685,0.09826255,0.16634785,0.073251195,0.14805368,0.050235357,0.025135696,0.0756845,0.17997262,0.05390625,0.14094837,0.064495936,0.05914682,0.044876337,0.30206442,0.024143433,0.14811288,0.07662172,0.09521745,0.017037496,0.48602167,0.006524489,0.1746732,0.0007908538,0.0007908538
157,0.1596366,0.4430616,0.12572846,0.18663129,0.038556844,-0.02757328,0.116000794,0.24538057,0.09246041,0.15406239,0.048935156,-0.0016770752,0.09418606,0.16160347,0.06826255,0.13623437,0.059389193,0.03579919,0.071416594,0.18025714,0.048338264,0.12822238,0.07104533,0.06632795,0.04115949,0.31011438,0.01886877,0.13351294,0.0799406,0.09705589,0.015306255,0.49968562,0.0037580049,0.15656745,0.0007908538,0.0007908538
158,0.16365345,0.4465766,0.12864989,0.19439152,0.031795233,-0.03413461,0.11781437,0.24824087,0.09441756,0.16305777,0.04351687,-0.007614805,0.09546415,0.1625158,0.06973247,0.14560358,0.055519093,0.03050904,0.07229081,0.1785572,0.04933559,0.138133,0.069356695,0.063703895,0.040278997,0.3061134,0.017649464,0.14496872,0.08052174,0.096862525,0.011637813,0.4959027,-0.001577974,0.17111908,0.0007908538,0.0007908538
159,0.16496229,0.44853097,0.12970032,0.20144072,0.02599158,-0.039371256,0.117673084,0.24903783,0.09411258,0.1708598,0.038809568,-0.013225197,0.094559126,0.16223542,0.06862479,0.15367071,0.05203784,0.02521689,0.07063868,0.17681006,0.04742702,0.14668386,0.06755432,0.060899116,0.036562905,0.3033377,0.012978279,0.15490349,0.0803571,0.09633119,0.0046133166,0.4933524,-0.011448997,0.18380074,0.0007908538,0.0007908538
160,0.1633749,0.45124134,0.12863432,0.19858737,0.03108945,-0.034152918,0.117367096,0.24925286,0.093684636,0.16656743,0.043092016,-0.008855165,0.09484962,0.16305164,0.068639316,0.1488911,0.055408742,0.029189637,0.07103438,0.17962535,0.0476682,0.14155333,0.06949199,0.0627929,0.03791865,0.3091584,0.01475739,0.14911212,0.0803994,0.09571635,0.008416786,0.5010179,-0.0058213137,0.17676353,0.0007908538,0.0007908538
161,0.16506755,0.45505401,0.1297547,0.19472884,0.03590166,-0.029364973,0.119283766,0.25176486,0.09554345,0.16168076,0.04702816,-0.004312199,0.097330905,0.16581675,0.071206175,0.1436202,0.058342673,0.033246707,0.074057534,0.18367916,0.051043533,0.13592626,0.07089372,0.06437818,0.042773884,0.31486377,0.021061385,0.14272046,0.079896286,0.09486281,0.017089337,0.50744843,0.0067221206,0.1689024,0.0007908538,0.0007908538
162,0.16432332,0.4552777,0.12905304,0.19432007,0.035535824,-0.02943353,0.11842239,0.2515613,0.09445623,0.16125146,0.046496183,-0.0051646344,0.096277855,0.16586097,0.069965854,0.1432446,0.05755204,0.03152444,0.07308104,0.18393134,0.04992917,0.13561466,0.06969608,0.062099785,0.04205718,0.3152502,0.020191124,0.14246617,0.07812409,0.092883594,0.016563725,0.50842386,0.0059286198,0.16870351,0.0007908538,0.0007908538
163,0.16593254,0.45207006,0.128884,0.19957945,0.024624472,-0.039441317,0.11620866,0.25085115,0.09080816,0.1688567,0.036566753,-0.016221885,0.091477804,0.1653315,0.06444081,0.15185264,0.048460834,0.01840573,0.0676373,0.18144396,0.043873683,0.14513263,0.06180877,0.050736953,0.035120025,0.30940413,0.011496378,0.15367661,0.071422935,0.08660825,0.0054306886,0.50187135,-0.010163781,0.18296497,0.0007908538,0.0007908538
164,0.16778107,0.45291623,0.12896106,0.19475926,0.026307004,-0.03774003,0.11659941,0.25249687,0.09005821,0.1639091,0.03727905,-0.015065497,0.0910572,0.16812728,0.06357987,0.1469444,0.047948465,0.017752413,0.06745649,0.18555725,0.043630492,0.14010432,0.059501644,0.047336735,0.03646113,0.31452695,0.013388084,0.14806375,0.06694776,0.08252781,0.00925547,0.5074921,-0.004635195,0.1760926,0.0007908538,0.0007908538
165,0.16963275,0.45469204,0.12953797,0.1904241,0.029298812,-0.03497102,0.117819265,0.2544765,0.090723634,0.1591412,0.039419264,-0.012175341,0.09219184,0.17071916,0.064606726,0.14204368,0.04909083,0.019802958,0.068959795,0.18924053,0.04531486,0.13496362,0.059191644,0.04696787,0.039470695,0.31930348,0.017351361,0.14222537,0.064928696,0.08063435,0.015133084,0.51266557,0.0038489865,0.16885483,0.0007908538,0.0007908538
166,0.17052075,0.4553722,0.12989047,0.18947797,0.029839411,-0.034373764,0.118250586,0.25520492,0.09084047,0.1581249,0.039752103,-0.011728217,0.09241009,0.17169622,0.064694196,0.1410139,0.049166437,0.019848749,0.069209196,0.19062068,0.045546226,0.13390003,0.058876395,0.04631456,0.04010332,0.32114035,0.018184274,0.14104973,0.064109966,0.079703175,0.01651371,0.51482785,0.005852612,0.16744891,0.0007908538,0.0007908538
167,0.17048995,0.45568344,0.13002451,0.19076405,0.028532049,-0.03563038,0.11810546,0.25528142,0.090796426,0.15961558,0.0386565,-0.0132054025,0.09220283,0.1715385,0.06450432,0.1425931,0.04828351,0.018214788,0.06898343,0.19009541,0.045307048,0.13560502,0.058278315,0.045075607,0.039699733,0.3202413,0.017668892,0.14305407,0.06377429,0.079119936,0.015677644,0.5141788,0.004641316,0.17002416,0.0007908538,0.0007908538
168,0.17602547,0.45915774,0.13354726,0.18949841,0.029958853,-0.034092758,0.1218949,0.25922692,0.09425442,0.15837558,0.03988316,-0.011228256,0.09584469,0.17516464,0.06837107,0.14127563,0.04932895,0.020150956,0.07298925,0.19358653,0.04987566,0.13415524,0.059056096,0.046264008,0.04462452,0.32349712,0.02404134,0.1413672,0.064233586,0.07945841,0.022711337,0.5166575,0.014827126,0.1679166,0.0007908538,0.0007908538
169,0.16890639,0.45472282,0.12889564,0.18973543,0.029718002,-0.03410202,0.11707025,0.25377738,0.089355044,0.15826853,0.039603107,-0.012669363,0.09092525,0.17075606,0.06269115,0.14117177,0.048976045,0.017830972,0.06745317,0.19037573,0.043190863,0.13409622,0.058602702,0.04400792,0.03794172,0.32211086,0.0151120005,0.14132784,0.06364408,0.07798772,0.01346811,0.51799065,0.0013202741,0.16788918,0.0007908538,0.0007908538
170,0.17036963,0.45573178,0.12967497,0.18805765,0.031229455,-0.03249302,0.11816676,0.25482625,0.0901364,0.15639319,0.04080228,-0.011008214,0.09194107,0.17205963,0.063584454,0.13921681,0.049841236,0.019162137,0.0685513,0.19225883,0.04429883,0.13201125,0.058989286,0.044353094,0.03953124,0.32479733,0.017079318,0.13892807,0.06347929,0.07756011,0.016181095,0.52125937,0.005225502,0.16489318,0.0007908538,0.0007908538
171,0.16871618,0.45278355,0.12849332,0.1917105,0.026362592,-0.036859106,0.11603462,0.2524705,0.08767609,0.16092408,0.03660024,-0.015938852,0.08887282,0.16987716,0.0600675,0.1441321,0.046275593,0.013884537,0.06482811,0.18960895,0.03994059,0.13734993,0.056306537,0.040460233,0.034551114,0.3214918,0.010558448,0.1451594,0.06170417,0.07583033,0.008400931,0.5183374,-0.0061083552,0.1727934,0.0007908538,0.0007908538
172,0.17174685,0.4542586,0.13106336,0.19610524,0.021565914,-0.040967572,0.1176478,0.25426784,0.08963465,0.16642536,0.032668486,-0.020143943,0.09016312,0.17054442,0.061719075,0.15000163,0.04325871,0.009695375,0.06619079,0.18844834,0.041666947,0.14363793,0.054571014,0.037933543,0.03552833,0.31804937,0.01184573,0.15244357,0.06134645,0.07524996,0.008404911,0.514178,-0.0061722947,0.18198182,0.0007908538,0.0007908538
173,0.17190304,0.45516607,0.13065664,0.19357921,0.024776364,-0.037775166,0.11782945,0.25475055,0.089275025,0.16325505,0.03535099,-0.017066106,0.09029941,0.17165893,0.061531246,0.14659755,0.045404878,0.012556326,0.06624088,0.19088626,0.04150979,0.13998547,0.055939376,0.039471734,0.035883553,0.32242283,0.012229195,0.14825393,0.06178423,0.075284846,0.0097778,0.5195754,-0.0041812425,0.17678326,0.0007908538,0.0007908538
174,0.17610265,0.45877442,0.13265505,0.18808095,0.029975383,-0.032521192,0.12073596,0.2584382,0.09128611,0.15697433,0.03949167,-0.011768471,0.0930393,0.17606539,0.064120516,0.14000104,0.048407465,0.017193051,0.069301404,0.19695084,0.04488843,0.13295427,0.057302404,0.04139745,0.040468685,0.33059987,0.01828077,0.14018974,0.06124287,0.07473326,0.017929317,0.52812713,0.007793279,0.16674583,0.0007908538,0.0007908538
175,0.17950496,0.46056128,0.134822,0.18876366,0.02868823,-0.03337547,0.1225476,0.26055703,0.09271628,0.15807381,0.038334206,-0.012943596,0.09430662,0.17797709,0.06535982,0.14123672,0.047361594,0.015568392,0.07058678,0.19852468,0.046335287,0.13431568,0.05638409,0.03983057,0.04193547,0.33173254,0.020200668,0.1418326,0.060365815,0.073760085,0.019817526,0.52906895,0.010534345,0.16892034,0.0007908538,0.0007908538
176,0.16996405,0.45641568,0.12822801,0.18779409,0.034278747,-0.028127173,0.11698124,0.2537516,0.08695353,0.15528873,0.04356668,-0.008309322,0.089425735,0.17253548,0.059401456,0.13783996,0.05240674,0.020985724,0.06475077,0.19572218,0.03884911,0.13048656,0.061182026,0.045092214,0.03426491,0.3334884,0.0095222015,0.13731478,0.06488526,0.07714008,0.0092203645,0.5349419,-0.0051757055,0.16323797,0.0007908538,0.0007908538
177,0.17865828,0.46288645,0.13524024,0.19912598,0.024908032,-0.036788665,0.12245808,0.2597826,0.09367117,0.1687346,0.036409505,-0.015298617,0.095031604,0.17481592,0.066312775,0.15191866,0.047766052,0.015820302,0.07073615,0.19304542,0.046147272,0.14547062,0.06006813,0.044014163,0.03942201,0.32529658,0.016218804,0.15472339,0.06747897,0.07885517,0.013094051,0.5247748,0.00027025538,0.18534616,0.0007908538,0.0007908538
178,0.16798782,0.46324378,0.12877226,0.19678977,0.03494578,-0.027769413,0.11820738,0.25484645,0.09064237,0.16343503,0.045701023,-0.0058862325,0.09361213,0.17020337,0.064670935,0.14556496,0.0565183,0.02703778,0.06928299,0.19130284,0.04390529,0.13837813,0.06800472,0.05380129,0.037587404,0.32930103,0.013271904,0.14643638,0.07441123,0.08389444,0.011783095,0.53413063,-0.0017541782,0.17497773,0.0007908538,0.0007908538
179,0.1643027,0.46994007,0.12861319,0.20259997,0.037451476,-0.025615023,0.118723005,0.25550774,0.09394339,0.16787855,0.049075276,-0.0027863742,0.09736185,0.16787982,0.06948893,0.14942078,0.0612338,0.032495596,0.07352354,0.18734013,0.048623238,0.14211172,0.07461701,0.0609512,0.04090325,0.32592776,0.017156491,0.15064183,0.08295575,0.08921222,0.014881085,0.5342929,0.0027872599,0.18037865,0.0007908538,0.0007908538
180,0.15591499,0.47073182,0.12450349,0.20472993,0.040400688,-0.023330016,0.11534306,0.2520191,0.09246744,0.16870981,0.052248552,-0.00034963107,0.09635178,0.16341032,0.06884119,0.14981695,0.064855725,0.03618341,0.07262639,0.18315066,0.047510464,0.14236097,0.07886515,0.06512088,0.03929112,0.32379076,0.014852067,0.15088618,0.087819286,0.09187039,0.0125206895,0.5357796,-0.00061822264,0.18073516,0.0007908538,0.0007908538
181,0.15449041,0.47327182,0.12455686,0.21253952,0.033591997,-0.029514592,0.1141029,0.25231174,0.09258862,0.177618,0.046836358,-0.0070323977,0.09570262,0.1612363,0.06877953,0.15913324,0.061132543,0.02936721,0.07202591,0.17758028,0.04706167,0.15226674,0.07763503,0.06138886,0.03676822,0.31521726,0.011496708,0.162327,0.08920583,0.09145022,0.0063403635,0.52865803,-0.009765133,0.19522214,0.0007908538,0.0007908538
182,0.15970522,0.48061618,0.12850834,0.20777854,0.03784155,-0.02505299,0.1187628,0.25867882,0.09778285,0.17226143,0.05016013,-0.0030938573,0.101442,0.16705635,0.075251095,0.15354756,0.06330531,0.031826824,0.07935019,0.18337454,0.05551483,0.14641654,0.07803671,0.06062953,0.047374375,0.32066476,0.02517118,0.1557482,0.08754667,0.088995665,0.022733165,0.5349916,0.013712137,0.18708782,0.0007908538,0.0007908538
183,0.14953285,0.47697848,0.1222519,0.20530118,0.040805727,-0.022347081,0.113048285,0.25298738,0.09267738,0.1688014,0.052550618,-0.0018628798,0.09677835,0.1624733,0.07016616,0.14989066,0.064995356,0.032077845,0.07470588,0.1808029,0.050081138,0.14262082,0.07867724,0.059622664,0.042815395,0.32112083,0.019184114,0.15146066,0.086988375,0.0874867,0.01770629,0.5394589,0.0063052233,0.18174702,0.0007908538,0.0007908538
184,0.14696752,0.47533867,0.12043102,0.20673929,0.038987655,-0.024387069,0.111000374,0.25093308,0.09050518,0.17040794,0.05090005,-0.0036349676,0.09446742,0.16059606,0.06751092,0.151617,0.06349858,0.030458665,0.07194751,0.17920086,0.04682568,0.14449412,0.07739913,0.058264006,0.039401658,0.32022807,0.0147230085,0.15365283,0.085864656,0.086629204,0.012998256,0.54007274,-0.0005697001,0.1845817,0.0007908538,0.0007908538
185,0.1512337,0.47776675,0.12319089,0.20765182,0.03705071,-0.026170839,0.11340103,0.25377816,0.092689164,0.17182924,0.04911405,-0.005043938,0.09643488,0.16293022,0.06960298,0.15320112,0.06183719,0.028859878,0.07405631,0.18069942,0.049234882,0.14620611,0.0759104,0.056626465,0.04186904,0.32055908,0.017919723,0.15565446,0.08450242,0.08553763,0.016188363,0.53991497,0.0040774164,0.18715975,0.0007908538,0.0007908538
186,0.14646788,0.47694296,0.12044305,0.20731845,0.038338903,-0.024996743,0.110882096,0.25148863,0.090757474,0.17096256,0.050271,-0.004432182,0.09470379,0.16069742,0.06786155,0.15219478,0.06286736,0.029441271,0.072375275,0.17894486,0.0473128,0.14513269,0.07675207,0.05716693,0.039987594,0.3198735,0.015459567,0.15443265,0.08512184,0.08581274,0.01384835,0.540767,0.0006666058,0.18563747,0.0007908538,0.0007908538
187,0.14578143,0.4792021,0.12065699,0.20903191,0.037963916,-0.025238406,0.111021765,0.25223833,0.09168246,0.17253223,0.050134063,-0.0046874844,0.09558867,0.16051988,0.06908312,0.15369196,0.06306768,0.029515946,0.07343132,0.17800133,0.048555948,0.14665249,0.0774463,0.057868753,0.040799096,0.3185731,0.016465506,0.1561574,0.08631592,0.08661762,0.014478714,0.5400381,0.0015887658,0.1878322,0.0007908538,0.0007908538
188,0.14762007,0.48222673,0.12231073,0.2125492,0.035484098,-0.027659502,0.112354934,0.2542687,0.09359169,0.17637527,0.04820477,-0.006237943,0.09723481,0.16117574,0.07111912,0.15760057,0.06182636,0.028745202,0.075091146,0.1771561,0.05052768,0.15072823,0.07720721,0.058157206,0.042013116,0.316416,0.018031128,0.16082755,0.08708446,0.087323815,0.015301032,0.5376064,0.0027906038,0.19377132,0.0007908538,0.0007908538
189,0.13995534,0.4790578,0.11731941,0.21153659,0.038707532,-0.024922214,0.10804666,0.24953257,0.089513116,0.17429279,0.051132243,-0.0038507194,0.093662396,0.15733247,0.067115664,0.15519598,0.06448081,0.03171802,0.071106285,0.17522296,0.045820944,0.14812826,0.07943198,0.0608625,0.037409592,0.31755763,0.012014455,0.15785122,0.088797316,0.08862377,0.009731114,0.5409628,-0.0052823145,0.19006747,0.0007908538,0.0007908538
190,0.14460438,0.483626,0.1209297,0.21416964,0.03655943,-0.026911443,0.11135516,0.25355253,0.09340733,0.17740448,0.04944366,-0.004898182,0.09728529,0.15976347,0.07132375,0.15839541,0.063374646,0.031128047,0.07507945,0.17577246,0.05041954,0.1514551,0.07918404,0.06078716,0.04162859,0.31606728,0.017389765,0.1616455,0.08943628,0.08885956,0.014770694,0.538757,0.0019527735,0.19486295,0.0007908538,0.0007908538
191,0.14446503,0.4861864,0.12142949,0.21319853,0.039332427,-0.024923017,0.112631634,0.2549024,0.09547173,0.1758052,0.052017286,-0.0017004355,0.09974661,0.16052619,0.07418037,0.15653077,0.06579382,0.03552371,0.077880554,0.17675808,0.053539027,0.14939931,0.08134911,0.06440783,0.045250595,0.31785375,0.021900076,0.15927498,0.09131649,0.090395704,0.020399805,0.5411001,0.010003927,0.19189933,0.0007908538,0.0007908538
192,0.1285381,0.4796447,0.11125517,0.21063773,0.043713618,-0.021750296,0.10352984,0.24565431,0.0873663,0.17177597,0.055797245,0.0006506556,0.092408955,0.15256327,0.06637868,0.15219289,0.06890681,0.038015515,0.070357226,0.17144762,0.044929538,0.14488612,0.08347979,0.065887704,0.03730226,0.31686315,0.011578087,0.1541708,0.092364095,0.09028547,0.011079284,0.5448869,-0.0036078459,0.1855326,0.0007908538,0.0007908538
193,0.13062988,0.48448265,0.113285355,0.21748428,0.03693713,-0.02788579,0.10434932,0.24895327,0.08908538,0.17978776,0.050099142,-0.005302936,0.09333542,0.15351284,0.06783443,0.160581,0.06452095,0.031481843,0.07146214,0.1691383,0.046367493,0.15374354,0.08106155,0.061010797,0.0374175,0.31129333,0.011686533,0.16431886,0.09191589,0.08820759,0.009329544,0.539986,-0.0063053025,0.19836517,0.0007908538,0.0007908538
194,0.13731629,0.49259397,0.11824723,0.21570998,0.039675787,-0.025301434,0.10994773,0.25613716,0.09514043,0.17774794,0.0525332,-0.0019744462,0.09976987,0.15972093,0.074856,0.15833671,0.0666531,0.03477211,0.078870915,0.17498973,0.05458758,0.15130688,0.082696564,0.06251381,0.04681747,0.3168643,0.023410881,0.16156217,0.09295679,0.08798382,0.022739643,0.5456893,0.012731279,0.19495615,0.0007908538,0.0007908538
195,0.115946226,0.4846378,0.105032764,0.21456198,0.043626644,-0.022219751,0.097516164,0.24424453,0.084319584,0.17490241,0.056093697,-0.0011128702,0.08957,0.1490747,0.06416574,0.15514424,0.06983338,0.03516524,0.06838347,0.16712664,0.04275682,0.14799659,0.085330985,0.06279175,0.035100255,0.3140112,0.008406816,0.15783371,0.094999455,0.08790689,0.007894713,0.5491912,-0.008807138,0.19030264,0.0007908538,0.0007908538
196,0.118517905,0.49312514,0.10817693,0.22197016,0.038779594,-0.026762268,0.09979018,0.2498494,0.0883883,0.1829669,0.05239672,-0.005115349,0.09293729,0.15154979,0.06851043,0.16330817,0.06768602,0.031278178,0.07218648,0.16616493,0.047234807,0.15644573,0.08552921,0.06068161,0.038210478,0.3100547,0.012288315,0.16742086,0.09765472,0.08772486,0.010148433,0.54593533,-0.005693405,0.20242536,0.0007908538,0.0007908538
197,0.13245106,0.5098883,0.11910307,0.22211844,0.039816376,-0.02525907,0.1109101,0.264586,0.101048805,0.1833812,0.053504534,-0.002801313,0.10564441,0.16323099,0.08273351,0.1635956,0.06897963,0.032970525,0.08683416,0.17495339,0.063672565,0.15662153,0.087064564,0.06059194,0.05582755,0.31546697,0.034330904,0.16761883,0.099413514,0.08663709,0.033761334,0.5503922,0.028010195,0.20271456,0.0007908538,0.0007908538
198,0.101416685,0.50319386,0.10155763,0.22261824,0.04215404,-0.023574078,0.09375441,0.25065038,0.087809265,0.18200593,0.05566155,-0.0056547765,0.09289427,0.14926173,0.07005412,0.16195934,0.070978805,0.026774392,0.07506915,0.16233338,0.050714746,0.15506321,0.08890327,0.0536168,0.043404236,0.30665088,0.01854501,0.16594853,0.10109563,0.081583686,0.01782684,0.55176383,0.004875752,0.20062473,0.0007908538,0.0007908538
199,0.09486577,0.5049576,0.09851103,0.2251381,0.040558822,-0.02497249,0.09041696,0.24936277,0.08605147,0.1843304,0.054336816,-0.008102719,0.09095944,0.14692068,0.06839339,0.16430601,0.07000779,0.023093866,0.07358034,0.15915707,0.049060766,0.15753186,0.08851978,0.05003169,0.041642155,0.30326968,0.016157802,0.16874185,0.101342745,0.07947942,0.014944872,0.551374,0.000622405,0.2041548,0.0007908538,0.0007908538
200,0.09776975,0.5093079,0.10085821,0.22613333,0.039853457,-0.025546968,0.09269448,0.2527437,0.08871862,0.18546593,0.05375506,-0.0083594015,0.09356378,0.14945206,0.07123735,0.16546667,0.0696015,0.022646854,0.076508306,0.1608653,0.052196566,0.15871957,0.088387825,0.0493182,0.044908077,0.30413887,0.020041643,0.17007709,0.10148247,0.07884718,0.018964818,0.5523947,0.006307747,0.20585108,0.0007908538,0.0007908538
201,0.096651,0.5096412,0.10011832,0.22455372,0.042077117,-0.023859065,0.092521064,0.25265822,0.0885461,0.18345313,0.055726502,-0.0062611396,0.09379841,0.14972852,0.07135028,0.16331783,0.07130177,0.025373038,0.07677531,0.16213098,0.052313782,0.15646043,0.089649215,0.051408485,0.04551384,0.30695245,0.020631928,0.16753446,0.10224157,0.07949401,0.020427996,0.5562132,0.008346986,0.20265898,0.0007908538,0.0007908538
202,0.1011316,0.5101015,0.10225874,0.22544684,0.040061302,-0.025875408,0.09431438,0.25421363,0.08928791,0.18486777,0.05383128,-0.007580178,0.094324194,0.15161368,0.07150505,0.16490719,0.06949847,0.024069943,0.07688089,0.16410784,0.052256897,0.15814312,0.08799267,0.049943518,0.045447104,0.30871037,0.020477608,0.16944599,0.100694835,0.07833452,0.020195177,0.55743474,0.007974589,0.2051089,0.0007908538,0.0007908538
203,0.10580231,0.51241994,0.10455641,0.22045957,0.045030344,-0.021983346,0.097855106,0.25729445,0.09182755,0.17933978,0.058069974,-0.0022563632,0.097800136,0.15570636,0.07467394,0.15918063,0.072874084,0.030745596,0.080508456,0.17009592,0.055862706,0.1521615,0.0899865,0.05471452,0.050381426,0.3169533,0.026320875,0.16273487,0.10111777,0.07951531,0.028247718,0.5656637,0.019440534,0.19671153,0.0007908538,0.0007908538
204,0.1094714,0.5089567,0.104702555,0.22216856,0.0369197,-0.029290374,0.0965167,0.25650853,0.08813535,0.18274859,0.05011332,-0.009636909,0.09334911,0.15607227,0.06923842,0.16342478,0.06471825,0.020560032,0.075586714,0.16995016,0.050382614,0.15700625,0.081595056,0.042936075,0.04528501,0.3146385,0.020102404,0.16847897,0.09228778,0.07047911,0.021453552,0.56299853,0.009491184,0.2041649,0.0007908538,0.0007908538
205,0.112378865,0.50985146,0.10571099,0.21886358,0.040001493,-0.026839003,0.09833997,0.258004,0.08892953,0.1791336,0.052703828,-0.0064628264,0.09481217,0.15849377,0.07030398,0.15970695,0.066746,0.024058374,0.07714434,0.173708,0.051791675,0.15312305,0.082753144,0.0450389,0.047534976,0.31980017,0.022684926,0.16411106,0.09248237,0.07063858,0.025186852,0.5684271,0.014780219,0.19868143,0.0007908538,0.0007908538
206,0.107624,0.50652045,0.10212103,0.21864572,0.039752033,-0.027108882,0.09481824,0.2544431,0.08510823,0.17875993,0.052354246,-0.0070475303,0.091120645,0.15567033,0.06614897,0.15938523,0.06623433,0.023039373,0.073187195,0.17178892,0.047255035,0.1528665,0.0820091,0.043595996,0.043150842,0.3192072,0.01705207,0.16388175,0.09144529,0.06926683,0.019596253,0.56969357,0.006503281,0.19844703,0.0007908538,0.0007908538
207,0.122845896,0.5126506,0.11094422,0.2209526,0.03574913,-0.03009088,0.103001416,0.26255316,0.09143385,0.18237323,0.048690714,-0.008289979,0.09703807,0.16323617,0.07185168,0.16331439,0.06292346,0.022025494,0.078813255,0.17806739,0.05326932,0.15697563,0.07922906,0.042460546,0.04903496,0.32311305,0.024357378,0.1685677,0.089107364,0.06841844,0.026712487,0.57054275,0.016849916,0.20446756,0.0007908538,0.0007908538
208,0.11678626,0.51161283,0.106973305,0.21804161,0.042903766,-0.023775501,0.10062991,0.25945267,0.08913979,0.17784613,0.05533369,-0.002028299,0.09598526,0.16106948,0.07032427,0.15818265,0.06923099,0.029748967,0.077645995,0.1784387,0.051369093,0.15137523,0.08500574,0.049943063,0.047536477,0.32780102,0.021789663,0.1621043,0.094346724,0.07307447,0.025119767,0.578527,0.015232455,0.196261,0.0007908538,0.0007908538
209,0.1131102,0.50756377,0.10321671,0.22193371,0.033040658,-0.03182131,0.094742894,0.25595906,0.08212296,0.18343668,0.045899957,-0.012571217,0.088035464,0.15787655,0.061607566,0.16469952,0.059952576,0.014754306,0.06971138,0.1735305,0.042677984,0.15869795,0.076074496,0.03430732,0.038799103,0.32007396,0.010850712,0.1707402,0.08562,0.06254059,0.012681959,0.5724079,0.0025649206,0.20742053,0.0007908538,0.0007908538
210,0.11591911,0.5106521,0.104314715,0.21623412,0.036962356,-0.027888022,0.09659672,0.2589824,0.08307086,0.17743029,0.04899663,-0.009419393,0.08984807,0.16184779,0.06313623,0.15866818,0.062073052,0.016477818,0.07227449,0.17876837,0.045292694,0.15251105,0.07675046,0.033619087,0.042690635,0.32661214,0.015566555,0.16384764,0.085048586,0.060660657,0.018782414,0.58021003,0.013858178,0.19880614,0.0007908538,0.0007908538
211,0.12176417,0.5140899,0.10751645,0.2127744,0.039617393,-0.025294455,0.10033826,0.26300246,0.08583171,0.17389296,0.05118025,-0.0066972584,0.09313335,0.16642857,0.06623019,0.15508687,0.0637263,0.018799625,0.075910226,0.18413518,0.049122043,0.14878592,0.0776074,0.034577657,0.047263138,0.33259425,0.021218916,0.15966628,0.08521901,0.06051857,0.025349062,0.5859756,0.02458949,0.19357061,0.0007908538,0.0007908538
212,0.11096429,0.51135826,0.10092035,0.21131495,0.042871222,-0.022647977,0.094432816,0.25788173,0.08098828,0.17144273,0.054154955,-0.005168918,0.08889667,0.16158952,0.06189996,0.15238543,0.066488594,0.02003336,0.07194885,0.18030812,0.044554196,0.14593308,0.08008065,0.035573076,0.04293286,0.33104005,0.015353991,0.15642692,0.087557174,0.061197188,0.019707775,0.58808625,0.016243186,0.18947661,0.0007908538,0.0007908538
213,0.10177402,0.50827104,0.09530964,0.21992525,0.031068465,-0.03272149,0.08645367,0.25285473,0.07428773,0.18157746,0.04331265,-0.01713532,0.08074269,0.1548538,0.053948637,0.16331431,0.05642521,0.0050614793,0.06384972,0.17027794,0.036066215,0.15774912,0.07125403,0.021274,0.033694085,0.31720898,0.003873671,0.17008592,0.07923359,0.051772382,0.0063837697,0.5755541,-0.003643042,0.20700862,0.0007908538,0.0007908538
214,0.11332367,0.52129126,0.10345665,0.2199776,0.030121531,-0.032843884,0.09447417,0.26446733,0.08268686,0.18243708,0.042381145,-0.016887277,0.08916711,0.1645938,0.06324034,0.1643919,0.05553782,0.0044542616,0.07351113,0.17812718,0.04691732,0.15897137,0.07044363,0.019559419,0.044942804,0.32275867,0.017925177,0.17160442,0.07832604,0.05000185,0.020948466,0.5802702,0.017533265,0.20909522,0.0007908538,0.0007908538
215,0.103456974,0.52443045,0.096942164,0.2107597,0.04695763,-0.019004408,0.0917573,0.26357624,0.08062844,0.1700492,0.05797241,-0.0026234563,0.090227105,0.16480608,0.06411176,0.15080564,0.07034827,0.021983782,0.07570395,0.18214141,0.048619255,0.14441837,0.084068276,0.036823723,0.04765714,0.3336438,0.020371139,0.15506546,0.091539346,0.061602235,0.025291312,0.5971191,0.023227843,0.18822254,0.0007908538,0.0007908538
216,0.09850921,0.52329,0.09256951,0.21372332,0.042017825,-0.023415705,0.08665162,0.26096976,0.07510682,0.17342009,0.0531863,-0.0072433194,0.08462433,0.1618453,0.058077108,0.15453495,0.06556614,0.01643599,0.07008772,0.17829418,0.042412065,0.14857948,0.07939921,0.031197146,0.041305635,0.32914957,0.012300793,0.16004041,0.086655155,0.057783164,0.01649948,0.59443027,0.00974847,0.1948701,0.0007908538,0.0007908538
217,0.11264711,0.52930516,0.099692844,0.22225454,0.027209911,-0.03561448,0.091055736,0.26802686,0.077289835,0.18468493,0.03922802,-0.018294625,0.085201904,0.16727798,0.05830859,0.16691144,0.052124795,0.0032852893,0.07019127,0.1800088,0.04275222,0.16196191,0.06688533,0.017849673,0.040950876,0.32517534,0.012200265,0.17555676,0.07418387,0.048706096,0.014785946,0.58700573,0.007150297,0.21498038,0.0007908538,0.0007908538
218,0.11473356,0.5322132,0.0983833,0.21153125,0.038726892,-0.025801463,0.092354536,0.27041355,0.075769216,0.1721636,0.04914621,-0.00842965,0.08606902,0.17247103,0.05780187,0.15377511,0.06044469,0.013704176,0.071141265,0.18983436,0.042933833,0.14815728,0.07268422,0.025560986,0.04247682,0.3410935,0.013650345,0.16003689,0.07774048,0.05194191,0.018325971,0.60583544,0.012354149,0.19553454,0.0007908538,0.0007908538
219,0.121839814,0.5366404,0.10173457,0.20829163,0.040707774,-0.02370929,0.09615018,0.27513435,0.07796654,0.16893665,0.05064353,-0.00626658,0.08885259,0.177856,0.06015802,0.1505571,0.061381232,0.015419585,0.07408087,0.19619401,0.045955233,0.14487071,0.072746634,0.025932407,0.046037793,0.34838864,0.018103478,0.15645471,0.07688364,0.0513335,0.023533512,0.61292756,0.020190442,0.19120237,0.0007908538,0.0007908538
220,0.12786339,0.5386768,0.10483015,0.20805383,0.039045274,-0.024603732,0.098840766,0.27794302,0.07939043,0.16923374,0.048932377,-0.0074597704,0.09016112,0.1809626,0.061081823,0.15107197,0.05950625,0.013171494,0.07525948,0.19936399,0.047116272,0.1455378,0.07062611,0.022872597,0.047406994,0.35121697,0.019838398,0.15734696,0.074367076,0.048830103,0.025413843,0.6149841,0.02304666,0.19251049,0.0007908538,0.0007908538
221,0.11421886,0.5321535,0.09668428,0.21097957,0.033980493,-0.02883328,0.08944657,0.26963863,0.0711035,0.17241204,0.04414325,-0.013978023,0.08119308,0.17261326,0.051736385,0.1546155,0.05478557,0.004422362,0.06591551,0.19066232,0.03662109,0.14952809,0.06605561,0.014049503,0.036661047,0.3429667,0.00581756,0.16209021,0.0696633,0.04289637,0.010648013,0.60976875,7.456867e-05,0.19875495,0.0007908538,0.0007908538
222,0.12024098,0.5386309,0.101356775,0.21460493,0.030053329,-0.031510532,0.0932627,0.27509186,0.07561731,0.17696124,0.04072815,-0.016854435,0.08512467,0.17638156,0.056429535,0.15948597,0.051920455,0.00063581765,0.07052965,0.1922688,0.04210821,0.15474722,0.06408891,0.010421679,0.041990504,0.34184211,0.012765428,0.16815175,0.068362616,0.04061827,0.017243857,0.60769457,0.010000725,0.20664039,0.0007908538,0.0007908538
223,0.11769368,0.5402926,0.09913287,0.20784232,0.03965744,-0.023319606,0.093007214,0.27559105,0.07475437,0.16857798,0.04938718,-0.00921032,0.085905,0.17828165,0.056687113,0.15045695,0.059826598,0.008755108,0.07169789,0.19697233,0.042845204,0.14507046,0.07076999,0.017231848,0.043470044,0.3507292,0.014141369,0.15705124,0.07419437,0.044277977,0.019777507,0.6197999,0.013536775,0.19243383,0.0007908538,0.0007908538
224,0.11509156,0.54057956,0.09661189,0.20730586,0.042474862,-0.02068478,0.09117278,0.27443698,0.07217522,0.16727765,0.05201844,-0.0068114623,0.08410501,0.17759591,0.05422864,0.14890188,0.06243549,0.011476523,0.06972927,0.19734353,0.040169686,0.14338203,0.07338171,0.020034978,0.04083376,0.35306877,0.01029584,0.15520906,0.07686095,0.04634443,0.015881881,0.6241382,0.0072384216,0.19027957,0.0007908538,0.0007908538
225,0.12633686,0.545754,0.103082284,0.21604937,0.03053242,-0.030125117,0.09539293,0.27982223,0.07540627,0.17825542,0.041183293,-0.015298465,0.08588304,0.1810184,0.05612519,0.16079094,0.052573916,0.0020357731,0.07111739,0.19742663,0.04201469,0.15624058,0.06519669,0.011615434,0.041791588,0.3485654,0.011796182,0.17023472,0.06973243,0.041628394,0.0159466,0.6166022,0.0073172175,0.20994394,0.0007908538,0.0007908538
226,0.12429258,0.5443684,0.10044394,0.21304959,0.034579307,-0.02660498,0.09372588,0.2782401,0.0722551,0.1743598,0.044676334,-0.011876259,0.08364843,0.18092068,0.05281669,0.15658347,0.055551082,0.005709288,0.06832988,0.19965838,0.038245607,0.15174182,0.06734066,0.014421154,0.038304217,0.3541347,0.0068837916,0.16510715,0.071091816,0.042854786,0.011504927,0.62423235,0.00034304312,0.20346059,0.0007908538,0.0007908538
227,0.13418384,0.5514485,0.10596843,0.2093128,0.038442306,-0.022841007,0.10016994,0.28556517,0.07752448,0.1702488,0.047975138,-0.0075327996,0.08967714,0.1885739,0.058943793,0.15224892,0.05829623,0.010097248,0.07497519,0.20815839,0.045758013,0.14712548,0.06917534,0.017280009,0.046374142,0.3633587,0.017686632,0.15986799,0.072051816,0.04379062,0.023327364,0.6331088,0.017714202,0.19686411,0.0007908538,0.0007908538
228,0.12232532,0.5518304,0.10007553,0.21096869,0.044737343,-0.017965993,0.09566056,0.28140125,0.075138725,0.17005329,0.054347213,-0.0027586622,0.08835012,0.18365084,0.057789624,0.15132101,0.0652799,0.016971307,0.07404498,0.20378362,0.04418121,0.1457805,0.077132314,0.02606847,0.044571444,0.36171302,0.014427532,0.15819582,0.08115827,0.05123539,0.01976128,0.6369686,0.010035731,0.19473206,0.0007908538,0.0007908538
229,0.11906215,0.5532563,0.099073686,0.22033453,0.035742715,-0.025511788,0.09287153,0.28,0.073799096,0.1806339,0.04659973,-0.0104254605,0.08595811,0.1797505,0.055799447,0.16251026,0.05893234,0.008734026,0.071699955,0.19648616,0.04164291,0.15778506,0.07321905,0.019973215,0.041035205,0.3512381,0.00950709,0.17217502,0.07956163,0.049066268,0.012978904,0.6279118,-0.001589741,0.21300404,0.0007908538,0.0007908538
230,0.119694486,0.5557337,0.10004808,0.22652495,0.028712798,-0.031009305,0.09238949,0.2809312,0.074071415,0.18790567,0.04038236,-0.01609034,0.085299425,0.17894387,0.055542096,0.17029357,0.053546056,0.0022099675,0.07107254,0.19325376,0.041202713,0.16619682,0.0692798,0.014422703,0.039863545,0.34542567,0.008049304,0.18202412,0.07687668,0.0463905,0.010355685,0.62209755,-0.0060695745,0.22592333,0.0007908538,0.0007908538
231,0.12121193,0.55903554,0.100027226,0.21559267,0.03630918,-0.024429273,0.09395976,0.28445083,0.07454812,0.17585717,0.04628924,-0.010391872,0.087069325,0.18460134,0.056974463,0.15788543,0.057311926,0.0065011904,0.07344252,0.20241086,0.04377386,0.15324414,0.06937094,0.01411838,0.043873616,0.35890454,0.01351676,0.16736928,0.07281531,0.042894423,0.018498844,0.6380225,0.00656364,0.20732269,0.0007908538,0.0007908538
232,0.11919102,0.56025296,0.09819618,0.20793992,0.042940445,-0.018555883,0.09343495,0.28521097,0.073454626,0.16707733,0.051731683,-0.0057975804,0.08712132,0.18693422,0.0566643,0.14871417,0.061348468,0.010093388,0.0739629,0.20738119,0.044145733,0.14359166,0.07099322,0.014856508,0.045253392,0.36741075,0.0152585665,0.15638734,0.07178888,0.041276377,0.021966897,0.64900625,0.011761978,0.19332129,0.0007908538,0.0007908538
233,0.11825569,0.55956906,0.097546734,0.21298905,0.029789474,-0.028727155,0.089995876,0.2840181,0.070284426,0.17439562,0.0391949,-0.017740034,0.08225625,0.1844759,0.051929697,0.15722989,0.048859864,-0.0057927906,0.068933435,0.20235915,0.0390557,0.15324473,0.05875531,-0.0021810129,0.039725684,0.3593604,0.008529998,0.16795811,0.05930425,0.029668812,0.014417468,0.6402336,-0.00024453423,0.20876421,0.0007908538,0.0007908538
234,0.123238415,0.5632914,0.1000138,0.21154869,0.02813287,-0.029785601,0.092240654,0.28790036,0.07191446,0.17354596,0.037323084,-0.019029908,0.08391359,0.18821178,0.05371411,0.15667291,0.046570983,-0.008448002,0.071048975,0.20571673,0.04166784,0.15287828,0.055814613,-0.00641281,0.042527247,0.36203933,0.0124703515,0.16771674,0.055539295,0.025860758,0.018717391,0.6424772,0.006540658,0.20864911,0.0007908538,0.0007908538
235,0.12174889,0.56565434,0.09762587,0.20430273,0.04002415,-0.020448798,0.09257308,0.2894955,0.07102095,0.16426896,0.04815322,-0.009271552,0.08538564,0.19128859,0.054526355,0.14649236,0.05667768,0.003061979,0.07335603,0.2113323,0.04364141,0.14180933,0.06462081,0.0043541924,0.04544601,0.37108952,0.015741616,0.15486756,0.06326926,0.03214519,0.023005838,0.6545718,0.013020165,0.19198278,0.0007908538,0.0007908538
236,0.117728785,0.5651857,0.09434819,0.20207444,0.043923765,-0.01733208,0.0902466,0.28807795,0.06822034,0.16122392,0.051672705,-0.006460741,0.08359257,0.19045785,0.052213833,0.1431509,0.059931498,0.006139029,0.0718114,0.21149401,0.04151859,0.13821949,0.06743579,0.007107874,0.04366518,0.37299296,0.01301043,0.15076743,0.065710835,0.03373255,0.020475194,0.65874076,0.008714335,0.18677077,0.0007908538,0.0007908538
237,0.1252502,0.568361,0.098675124,0.209388,0.031628016,-0.02699058,0.09234118,0.29108232,0.06989122,0.17072229,0.040311437,-0.0153454775,0.08387607,0.19163634,0.05275902,0.15369661,0.04919082,-0.0040561664,0.07188929,0.20958874,0.04204956,0.1498594,0.057966717,-0.0028063012,0.043525055,0.3670941,0.013243766,0.1645608,0.05721752,0.027763104,0.019716425,0.6504289,0.007675795,0.2050835,0.0007908538,0.0007908538
238,0.120799825,0.5678296,0.09540293,0.21054687,0.03422205,-0.025323048,0.089841165,0.2890046,0.06716167,0.17106266,0.042947564,-0.01323651,0.08199432,0.18960673,0.050368786,0.15373832,0.052149363,-0.0006714697,0.07006101,0.2079309,0.039533675,0.14978449,0.06149332,0.0016281183,0.04114214,0.36653978,0.009640163,0.1645133,0.061393775,0.031284306,0.015851801,0.65213764,0.0014273314,0.20515911,0.0007908538,0.0007908538
239,0.11987996,0.5700906,0.09508839,0.21334912,0.035558127,-0.024630178,0.08993608,0.28968057,0.06768715,0.17342083,0.04460248,-0.011933107,0.08295463,0.18954936,0.051496156,0.15589899,0.05446082,0.0018910451,0.07141254,0.2072289,0.040975116,0.15194146,0.06494589,0.005497655,0.042572223,0.36537865,0.011315534,0.16701476,0.06608808,0.034485344,0.017217033,0.65184504,0.0028692693,0.20849192,0.0007908538,0.0007908538
240,0.11843633,0.5733491,0.094839945,0.21545124,0.040256206,-0.021016749,0.0907437,0.29079896,0.069231726,0.17449342,0.049527515,-0.007989189,0.08534141,0.19000043,0.054165777,0.15646976,0.060145043,0.007551744,0.07443479,0.20748587,0.044197544,0.15225601,0.07187892,0.012837331,0.045933012,0.3658662,0.015372275,0.1673238,0.074390225,0.040190764,0.021177247,0.6537888,0.008295045,0.20895468,0.0007908538,0.0007908538
241,0.113605134,0.5733104,0.09204616,0.21552107,0.045778587,-0.016640268,0.08908404,0.28902853,0.06781779,0.17326221,0.0549751,-0.0038745075,0.08485835,0.1884692,0.05337376,0.15467249,0.065927014,0.012911923,0.074058905,0.20694208,0.04330831,0.15008079,0.07817016,0.019298922,0.045181744,0.3672573,0.013899677,0.16475049,0.08129518,0.045061093,0.019684259,0.657597,0.0055480385,0.20566544,0.0007908538,0.0007908538
242,0.11425381,0.57495123,0.09276003,0.22093268,0.041299812,-0.02028639,0.08886719,0.28940332,0.06798966,0.17923795,0.051160548,-0.0073270295,0.084464125,0.1875412,0.05318011,0.16092835,0.062906675,0.009341566,0.07362076,0.20418526,0.04294196,0.1567608,0.07664572,0.01699122,0.04425058,0.36247677,0.01270413,0.17252165,0.08137916,0.044789817,0.01742797,0.6524053,0.0019203374,0.21584216,0.0007908538,0.0007908538
243,0.11509593,0.5758373,0.09317752,0.22115278,0.041886505,-0.019657128,0.08937232,0.29001698,0.06821288,0.17932253,0.05174691,-0.0069716857,0.08481223,0.18824469,0.053370744,0.16095226,0.06355513,0.009511684,0.073951215,0.20511395,0.0431863,0.15676011,0.077396594,0.01717202,0.044532448,0.36375657,0.012986349,0.17254277,0.082208484,0.045005955,0.017689051,0.6540553,0.002276321,0.21592593,0.0007908538,0.0007908538
244,0.11883201,0.5784663,0.09538436,0.21955507,0.04475811,-0.017054325,0.09214582,0.29271612,0.07048125,0.17732091,0.054392822,-0.004545608,0.08752493,0.19129707,0.05602814,0.15872173,0.06606163,0.012007207,0.0769049,0.20882306,0.0463724,0.15430257,0.07960094,0.01930766,0.04801887,0.3680634,0.017463671,0.1696976,0.084052466,0.046080627,0.022636391,0.658374,0.010014933,0.21227704,0.0007908538,0.0007908538
245,0.11244989,0.57431877,0.09127238,0.21968889,0.046489645,-0.015837442,0.08829666,0.28810057,0.0663755,0.17695515,0.056094363,-0.0040573427,0.08370241,0.1874202,0.051395867,0.15817691,0.06786587,0.0126540745,0.0723809,0.20627052,0.04067261,0.15364899,0.081562445,0.02053464,0.042183217,0.36805516,0.009264727,0.16892977,0.08618004,0.04733321,0.014158042,0.66097945,-0.0035377606,0.2113112,0.0007908538,0.0007908538
246,0.11910309,0.57827336,0.09542164,0.22529562,0.039847072,-0.020795643,0.09106594,0.29153064,0.06896403,0.1837939,0.050194938,-0.008670993,0.08538402,0.18933985,0.053376134,0.16554521,0.06274391,0.0072679804,0.07400102,0.20584472,0.04272303,0.16160926,0.07795504,0.015914226,0.043551926,0.36457932,0.011143123,0.17822023,0.08420793,0.04540897,0.014902989,0.6560517,-0.002446083,0.22346003,0.0007908538,0.0007908538
247,0.12322913,0.58159,0.0971311,0.21602693,0.048337605,-0.013910389,0.09474241,0.29584992,0.07143604,0.17325902,0.057335548,-0.0018410737,0.0893416,0.19561565,0.057088148,0.15443262,0.068310104,0.013981548,0.07872188,0.21514831,0.047863953,0.14977281,0.080566786,0.01923936,0.050102156,0.3771699,0.01981787,0.16464028,0.08330588,0.044492062,0.026096905,0.6699275,0.015161555,0.20606224,0.0007908538,0.0007908538
248,0.11770726,0.57949346,0.09356595,0.21596605,0.044432618,-0.017231546,0.09042923,0.29296523,0.06742642,0.17378227,0.053345487,-0.006047491,0.08501977,0.19267137,0.052538514,0.15537283,0.0639041,0.007897679,0.07437396,0.21205653,0.042970106,0.1510817,0.07553383,0.011493101,0.045348197,0.37460327,0.013535595,0.16636986,0.07741325,0.038357753,0.019945482,0.66945875,0.0052004517,0.2085242,0.0007908538,0.0007908538
249,0.11613489,0.5778636,0.09220907,0.21652463,0.041031785,-0.019854879,0.08836979,0.29130659,0.06499817,0.17489702,0.04998207,-0.009271703,0.08223964,0.19112088,0.04935545,0.15682475,0.06035932,0.003282881,0.07126121,0.21047133,0.039347023,0.1528334,0.07175349,0.0059146765,0.04171507,0.37328726,0.00870317,0.16853154,0.07328004,0.03421435,0.015001475,0.6690573,-0.002708177,0.21145368,0.0007908538,0.0007908538
250,0.11868585,0.5803337,0.09423701,0.21882264,0.037868287,-0.022069614,0.08972814,0.2931559,0.06681541,0.1777929,0.047123346,-0.011651628,0.08362081,0.19199774,0.051201846,0.15999487,0.05777519,0.00018610957,0.07300577,0.2099036,0.04159774,0.15630104,0.06972729,0.0028750615,0.043840267,0.3708396,0.011640678,0.17261173,0.07182495,0.03251002,0.017649813,0.6659588,0.0014384163,0.2168195,0.0007908538,0.0007908538
