Epoch,Layer0_theta_1,Layer0_r,Layer0_theta_2,Layer0_bx,Layer0_bp,Layer0_gamma,Layer1_theta_1,Layer1_r,Layer1_theta_2,Layer1_bx,Layer1_bp,Layer1_gamma,Layer2_theta_1,Layer2_r,Layer2_theta_2,Layer2_bx,Layer2_bp,Layer2_gamma,Layer3_theta_1,Layer3_r,Layer3_theta_2,Layer3_bx,Layer3_bp,Layer3_gamma,Layer4_theta_1,Layer4_r,Layer4_theta_2,Layer4_bx,Layer4_bp,Layer4_gamma,Layer5_theta_1,Layer5_r,Layer5_theta_2,Layer5_bx,Layer5_bp,Layer5_gamma
1,0.076800436,0.08023098,0.076512374,0.073827304,-0.066894695,-0.072237924,0.0751359,0.08047888,0.074752554,0.074634895,-0.067045115,-0.07129435,0.07392132,0.08013588,0.07346981,0.07511181,-0.067152426,-0.06972933,0.07255959,0.08008684,0.072378464,0.07538005,-0.06722516,-0.06743256,0.072013415,0.08033216,0.07201478,0.075610474,-0.0672672,-0.064306416,0.071637586,0.080343924,0.071638905,0.075812906,0.0007908538,0.0007908538
2,0.09245515,0.1559495,0.088011466,0.07994724,-0.03194676,-0.05762013,0.079633325,0.12602703,0.07424991,0.07306293,-0.032511428,-0.054607425,0.068073064,0.104307614,0.06453853,0.067940705,-0.032949094,-0.049845424,0.060988184,0.10592475,0.058539454,0.06447267,-0.03321271,-0.04342786,0.0571657,0.12637031,0.056929454,0.06263323,-0.033357132,-0.026221447,0.056466583,0.15262276,0.056468196,0.062385567,0.0007908538,0.0007908538
3,0.107623115,0.20897822,0.09493071,0.07546793,-0.0022617094,-0.052456345,0.081951454,0.15934625,0.07106998,0.063768625,-0.0028337222,-0.03942762,0.061977368,0.12050881,0.056422897,0.05512471,-0.0033792413,-0.026449531,0.05205473,0.12300333,0.04943735,0.049407512,-0.0037728366,-0.015697433,0.047762558,0.15878844,0.051227264,0.046412546,-0.0040517338,0.008231838,0.05083291,0.20252754,0.05531699,0.046356786,0.0007908538,0.0007908538
4,0.13588485,0.23968585,0.11467982,0.077191025,0.0032442133,-0.07131622,0.09909814,0.1895298,0.08414594,0.06589769,0.0031390204,-0.045938227,0.07354042,0.14312744,0.06754752,0.056833666,0.0026668897,-0.023325404,0.062776215,0.14500087,0.061808005,0.05086308,0.0021096743,-0.007200576,0.0600238,0.18568815,0.06899347,0.04834563,0.001574816,0.021473307,0.06864532,0.23104495,0.07983946,0.04998337,0.0007908538,0.0007908538
5,0.13318829,0.25672376,0.11213403,0.07699751,0.016848955,-0.056958463,0.09610884,0.19442333,0.08038373,0.062358577,0.01649817,-0.033761956,0.069800906,0.1431971,0.062775366,0.05156475,0.016191578,-0.011408781,0.058448117,0.14602657,0.056271553,0.044482093,0.016111035,0.0050162077,0.054760445,0.19219081,0.062227894,0.040942524,0.01621236,0.035769377,0.062007487,0.24604689,0.069052845,0.04152165,0.0007908538,0.0007908538
6,0.13737938,0.2630039,0.115182206,0.079055496,0.015543615,-0.06643249,0.09844425,0.19984859,0.0821953,0.06459217,0.015578265,-0.038314562,0.071034394,0.14681733,0.06391576,0.05378181,0.015330661,-0.013582241,0.05942163,0.14945978,0.05741522,0.04680227,0.015145435,0.004474116,0.05587716,0.19681399,0.064091116,0.043711405,0.015135653,0.03669271,0.06370963,0.25188765,0.071305506,0.045284458,0.0007908538,0.0007908538
7,0.1350894,0.2654821,0.113754794,0.08069599,0.0154072475,-0.069514036,0.09681827,0.1997641,0.08078791,0.06571235,0.015631458,-0.040025886,0.06943169,0.14588098,0.062167708,0.054703023,0.015429232,-0.014537868,0.057672407,0.1486806,0.05534598,0.047702014,0.015231308,0.0042565386,0.05382928,0.19712105,0.06147885,0.044765938,0.015214708,0.037322126,0.060981292,0.25441545,0.06715053,0.046729185,0.0007908538,0.0007908538
8,0.13173695,0.26555142,0.11178269,0.08245129,0.014115532,-0.07290765,0.09475197,0.19831367,0.07923603,0.067169905,0.01455355,-0.04252158,0.06770586,0.14417405,0.06044033,0.056089815,0.014393259,-0.01649369,0.055907376,0.14708927,0.053340416,0.049155526,0.014161023,0.0029175584,0.05182102,0.19609427,0.05889727,0.04645174,0.014116797,0.036620855,0.058268867,0.25500327,0.063116536,0.04887661,0.0007908538,0.0007908538
9,0.1296864,0.26483333,0.11064203,0.08369616,0.012672294,-0.07568832,0.09343623,0.19692072,0.078198776,0.068344735,0.01327579,-0.04472978,0.06647614,0.14286041,0.059149988,0.0572862,0.013138134,-0.01838489,0.054555174,0.14592847,0.05176267,0.050445426,0.012859589,0.0014194179,0.05023444,0.19528016,0.056822155,0.047953125,0.01276766,0.03548437,0.056098446,0.25518605,0.059930652,0.05076057,0.0007908538,0.0007908538
10,0.13196523,0.2651662,0.11233711,0.08397143,0.011673554,-0.07727239,0.0947928,0.19789724,0.079281054,0.06899825,0.012360149,-0.045872614,0.06735224,0.14387259,0.059941467,0.058084637,0.012233872,-0.019329986,0.055261783,0.14696658,0.0524707,0.051337812,0.01192611,0.0006347009,0.050919488,0.1963634,0.05764652,0.04898918,0.011806499,0.034805857,0.056886613,0.25601098,0.06103451,0.052044764,0.0007908538,0.0007908538
11,0.13062428,0.26474372,0.111514755,0.0844222,0.011412998,-0.07718891,0.09381485,0.19662668,0.07838205,0.06930488,0.012143617,-0.04617876,0.066339575,0.14271519,0.058782484,0.058361292,0.012027805,-0.01984911,0.054082263,0.14601877,0.05101635,0.051626425,0.01171819,9.584888e-05,0.049476318,0.19576384,0.055677515,0.049321193,0.011599917,0.03432632,0.05488581,0.25622424,0.058100518,0.052458446,0.0007908538,0.0007908538
12,0.13336745,0.26532948,0.11339188,0.084228955,0.0112172505,-0.07693575,0.09535426,0.1976228,0.07947022,0.06943457,0.01195704,-0.046083137,0.06727264,0.14376248,0.05952741,0.058599368,0.011848504,-0.019879133,0.054775324,0.1471676,0.05162265,0.051905047,0.011542937,-1.4003941e-05,0.05007457,0.19705461,0.056305002,0.04963827,0.011435627,0.03416898,0.055509865,0.25730088,0.058942124,0.052839853,0.0007908538,0.0007908538
13,0.13482253,0.26552594,0.114503205,0.08418735,0.011047808,-0.076552026,0.09610737,0.19782802,0.079966396,0.06956372,0.011800058,-0.046105534,0.06758711,0.1440759,0.059674755,0.05879128,0.011698114,-0.020143617,0.054866016,0.14763343,0.051571075,0.052124657,0.011395556,-0.0003784475,0.050020646,0.19771466,0.056106575,0.049888007,0.011296418,0.033765204,0.055304248,0.2580259,0.058595892,0.053139556,0.0007908538,0.0007908538
14,0.13580075,0.26628283,0.114991546,0.083626464,0.012226314,-0.07414513,0.09645806,0.19796035,0.079963036,0.06890352,0.012886966,-0.044501577,0.06761072,0.14417501,0.05945643,0.058069978,0.012781232,-0.018939054,0.05469894,0.1479177,0.051176038,0.051325418,0.012523836,0.0005717193,0.049652487,0.1983538,0.05545042,0.04895022,0.012478194,0.03460481,0.054676916,0.25904462,0.05762078,0.051973015,0.0007908538,0.0007908538
15,0.1374724,0.26628375,0.11626925,0.08394176,0.011251999,-0.07552494,0.097496,0.19860812,0.080836795,0.06954733,0.011993209,-0.04556948,0.06831962,0.14490119,0.060134083,0.05884303,0.011905627,-0.019869296,0.055301845,0.14863023,0.05181326,0.052186366,0.011632071,-0.00023126762,0.050266154,0.19899066,0.0562089,0.049945068,0.011574952,0.033881325,0.055395175,0.25934428,0.058646757,0.053194858,0.0007908538,0.0007908538
16,0.13389498,0.26598608,0.11396545,0.08440965,0.012084936,-0.07325334,0.095090814,0.1961037,0.07881161,0.0694049,0.012811581,-0.04468305,0.06624032,0.1424264,0.057911675,0.05849065,0.012740589,-0.019653011,0.0531119,0.14645885,0.049209643,0.0517388,0.012513421,-0.00022958024,0.047698427,0.19736896,0.052764244,0.04940298,0.012513993,0.033915974,0.05192708,0.25923216,0.053664118,0.05251871,0.0007908538,0.0007908538
17,0.13953172,0.26785788,0.11769711,0.08434596,0.011814569,-0.07375677,0.0986572,0.1993268,0.081664376,0.0699275,0.012586998,-0.04458521,0.06906277,0.14543223,0.060621813,0.059187,0.0125596635,-0.01920196,0.05580738,0.14934398,0.05206103,0.05249369,0.012374549,0.00038120698,0.050517175,0.20019248,0.05617267,0.050233986,0.012442867,0.034648985,0.055302102,0.2611403,0.058316782,0.05350638,0.0007908538,0.0007908538
18,0.14401807,0.27086723,0.12022682,0.08303039,0.014470798,-0.06885435,0.10113544,0.20183627,0.083243184,0.06856855,0.015044791,-0.040669773,0.07083399,0.14750353,0.06205247,0.057725932,0.015017372,-0.015783602,0.057377037,0.15149572,0.053495146,0.050858375,0.014939585,0.0033386417,0.051988494,0.20274574,0.057739526,0.048294943,0.01513712,0.037378702,0.056941673,0.26360658,0.060481407,0.051088233,0.0007908538,0.0007908538
19,0.14011635,0.27001137,0.11776617,0.08394066,0.014097858,-0.0687292,0.09861688,0.19924916,0.08121508,0.069121234,0.014752697,-0.041263122,0.06873319,0.14502037,0.059873775,0.05818985,0.014755287,-0.016713109,0.055204634,0.14924133,0.050959606,0.05133196,0.01469376,0.0024395848,0.049471866,0.2009054,0.054405484,0.048834093,0.014918341,0.03665864,0.05353364,0.2631929,0.055658296,0.05175198,0.0007908538,0.0007908538
20,0.13570118,0.2660318,0.11565285,0.087261155,0.007960795,-0.07881971,0.09626558,0.19636513,0.07995348,0.07304606,0.009154174,-0.049318906,0.06697059,0.14273609,0.05848268,0.062490154,0.0092486115,-0.023634356,0.053532097,0.14680223,0.049385313,0.056079954,0.009051887,-0.0033312277,0.047799278,0.1979202,0.052536238,0.054366324,0.009142067,0.031686097,0.0513858,0.2604115,0.05278419,0.05858483,0.0007908538,0.0007908538
21,0.1361131,0.26630855,0.11579218,0.08701487,0.008053634,-0.07817794,0.096213326,0.19617014,0.079597145,0.07288793,0.009227501,-0.0490026,0.06658263,0.14259869,0.05782821,0.062378917,0.009314499,-0.023508813,0.052899174,0.14685373,0.048457284,0.055989202,0.00911793,-0.0032948204,0.046885435,0.19832931,0.051189367,0.05427766,0.009207549,0.031688213,0.050020926,0.26135185,0.050822236,0.058483038,0.0007908538,0.0007908538
22,0.14065297,0.2687416,0.11824663,0.08493796,0.01072222,-0.0734908,0.098454244,0.19832273,0.0806375,0.070946604,0.011628854,-0.04524641,0.06780293,0.14459427,0.058472153,0.06043125,0.011662989,-0.020299861,0.053691246,0.14914612,0.048869155,0.05390697,0.011520463,-0.00064122176,0.047350954,0.2012929,0.051378615,0.05187883,0.011663393,0.033943698,0.050312676,0.26449305,0.05106641,0.0555307,0.0007908538,0.0007908538
23,0.1436222,0.26858214,0.120409675,0.0851615,0.009327042,-0.07567149,0.10029584,0.19955344,0.08206432,0.07179091,0.010342361,-0.046816647,0.06905577,0.14603074,0.05961271,0.061514888,0.010410786,-0.021508833,0.05475009,0.15060265,0.049949538,0.05513659,0.010260355,-0.0015804265,0.048397347,0.20269081,0.052619025,0.053306818,0.010405213,0.03317001,0.051499784,0.26533428,0.052542917,0.057278365,0.0007908538,0.0007908538
24,0.1433974,0.26968685,0.119874544,0.08491118,0.011322936,-0.072114855,0.09975926,0.1988556,0.081158385,0.07107876,0.0122350175,-0.044325437,0.068321966,0.14523326,0.058466278,0.060604434,0.012317338,-0.019484531,0.0537559,0.1501577,0.04845131,0.05407384,0.012253305,0.00021062809,0.04694761,0.20303747,0.05041957,0.05203276,0.012498253,0.03495762,0.04929083,0.26705027,0.049114373,0.055691972,0.0007908538,0.0007908538
25,0.1456638,0.2699962,0.121724375,0.08594614,0.009730937,-0.074661605,0.101323426,0.19999945,0.082628176,0.07255684,0.010835741,-0.04630656,0.069596745,0.14634474,0.059780627,0.0622487,0.011003518,-0.02103255,0.054990478,0.15114914,0.04980765,0.05585308,0.010976468,-0.00089205406,0.048261415,0.20386697,0.052033152,0.05405975,0.011288015,0.03425387,0.050784584,0.26748252,0.05103144,0.058164436,0.0007908538,0.0007908538
26,0.14558877,0.26994133,0.12182332,0.08641911,0.009492765,-0.07482167,0.1012149,0.19954284,0.082518555,0.07300247,0.010655915,-0.04675318,0.069376715,0.14596412,0.05945876,0.06269165,0.010857848,-0.021557162,0.05464788,0.15089843,0.049308073,0.05631307,0.010858729,-0.0013179493,0.047758967,0.20383446,0.05128246,0.05457245,0.01121105,0.033995878,0.049978487,0.2678861,0.049840238,0.058783475,0.0007908538,0.0007908538
27,0.14375007,0.27097544,0.12042126,0.08573293,0.01236201,-0.069277845,0.09956123,0.19769505,0.08073063,0.07151007,0.013321664,-0.043365307,0.06761699,0.14407668,0.057260085,0.0608812,0.0134894,-0.019310819,0.052563086,0.14954245,0.04657856,0.054268904,0.0135526415,0.00032596535,0.0451008,0.20348713,0.04756944,0.052178483,0.013964179,0.035413433,0.04631132,0.26937592,0.04472511,0.055830937,0.0007908538,0.0007908538
28,0.15033323,0.2719138,0.12555891,0.08740769,0.00869483,-0.075522386,0.10431743,0.20190904,0.08523571,0.074465916,0.010036397,-0.047654808,0.07178309,0.1481126,0.061742075,0.06430009,0.010363266,-0.022380479,0.05684476,0.15305825,0.051511694,0.058010727,0.010473872,-0.0018363826,0.04992122,0.20619407,0.053705603,0.056457147,0.010986875,0.03389048,0.052272446,0.27005148,0.052782286,0.061045233,0.0007908538,0.0007908538
29,0.1468822,0.27412254,0.12218814,0.08615948,0.014566458,-0.06574895,0.10135899,0.19936794,0.08187282,0.07163597,0.015516016,-0.04049688,0.0690292,0.14524122,0.058258537,0.060819734,0.015791224,-0.016521506,0.053777803,0.15091544,0.047425307,0.054049727,0.016043188,0.00314917,0.045976013,0.20574531,0.04811366,0.05179836,0.016693523,0.038484253,0.046776798,0.27283108,0.04512535,0.055294834,0.0007908538,0.0007908538
30,0.15225966,0.2740283,0.12657917,0.08874406,0.009150742,-0.07474363,0.10537085,0.20289232,0.08587976,0.075690515,0.01064387,-0.04694995,0.07259657,0.14866695,0.06225595,0.06544006,0.011123713,-0.021400487,0.057512347,0.15366036,0.051877987,0.05911854,0.011417065,-0.00046981397,0.05028504,0.2073482,0.053742398,0.057630103,0.012174038,0.035788257,0.05212005,0.27227828,0.05241707,0.062438786,0.0007908538,0.0007908538
31,0.14546579,0.27338567,0.12166736,0.08973805,0.0108795855,-0.071527004,0.10070569,0.19831127,0.08175976,0.075431876,0.012350821,-0.045267515,0.06866852,0.14415455,0.057996992,0.064750366,0.01285865,-0.020376699,0.053423457,0.14971514,0.04698352,0.058235683,0.01322947,0.00043021666,0.045451,0.20454884,0.04734011,0.05656317,0.0140708005,0.03686735,0.045642808,0.27255237,0.04360919,0.061120342,0.0007908538,0.0007908538
32,0.14978352,0.27484483,0.12491115,0.090209745,0.009581867,-0.073492296,0.1036769,0.20120801,0.08446881,0.07654781,0.011194842,-0.046559256,0.07121035,0.14677969,0.060655084,0.066083886,0.011774425,-0.02124155,0.055999625,0.15205824,0.04988002,0.059697192,0.012183454,-0.00012758003,0.048300207,0.20655523,0.050890658,0.058226924,0.013090216,0.036540307,0.049126957,0.2735046,0.048267618,0.06314299,0.0007908538,0.0007908538
33,0.14905678,0.27520168,0.12477877,0.09073795,0.009637253,-0.07226781,0.10307922,0.2002122,0.08401538,0.0768788,0.011296203,-0.046482652,0.07049093,0.14579773,0.059803013,0.066351734,0.011910157,-0.021752683,0.055086907,0.15130658,0.048704874,0.05995135,0.012356271,-0.00074739795,0.0471303,0.20619023,0.049272656,0.05849707,0.013312347,0.036043555,0.047448028,0.2739464,0.04597418,0.06346244,0.0007908538,0.0007908538
34,0.15139596,0.27611676,0.1265478,0.09069566,0.009508593,-0.07212274,0.104546905,0.20145121,0.085240714,0.07707886,0.011188111,-0.04652852,0.07156131,0.146946,0.060816266,0.06662779,0.011823324,-0.021916328,0.056051403,0.1524435,0.049702846,0.060256198,0.012291098,-0.00093867024,0.04811877,0.20734023,0.050434604,0.05883701,0.013278236,0.0358786,0.04859166,0.274767,0.047472928,0.06386875,0.0007908538,0.0007908538
35,0.14737926,0.2766452,0.12340773,0.090176195,0.0129138455,-0.06573788,0.10136012,0.1981039,0.08199885,0.07537064,0.014364736,-0.04247664,0.06846309,0.14366049,0.05714851,0.06447434,0.014950328,-0.019135967,0.052562814,0.1498918,0.045320474,0.0578114,0.015470246,0.0011631639,0.043828882,0.20616579,0.044645883,0.055979893,0.016493285,0.037709422,0.042843997,0.27632773,0.039706133,0.06035924,0.0007908538,0.0007908538
36,0.15383972,0.27836555,0.12849136,0.09225731,0.009507653,-0.07078688,0.10596666,0.20225127,0.08639243,0.07860602,0.011382657,-0.04618617,0.072474174,0.14741136,0.061432697,0.06810871,0.012185147,-0.02190726,0.0566601,0.1531003,0.049980555,0.06173999,0.012831097,-0.000760445,0.048377935,0.20864764,0.050333537,0.060440797,0.014055444,0.0365088,0.048301004,0.27711216,0.04694834,0.06577684,0.0007908538,0.0007908538
37,0.15137115,0.27960142,0.12636402,0.092058085,0.01274246,-0.065166585,0.10389528,0.2001702,0.08414326,0.07737341,0.014446694,-0.0423309,0.07047532,0.14520846,0.05892556,0.066466704,0.015243574,-0.018899966,0.054375578,0.15146975,0.04695731,0.059826694,0.015980644,0.0018023772,0.045431018,0.20827511,0.046218004,0.05817023,0.017293107,0.038932983,0.044192176,0.27915224,0.041384786,0.06297377,0.0007908538,0.0007908538
38,0.1504759,0.27880198,0.12623861,0.094395965,0.010303202,-0.068624884,0.10347275,0.19915223,0.08409228,0.07989986,0.012356049,-0.045557793,0.0701402,0.14429332,0.058644526,0.069088355,0.013320929,-0.021740355,0.05398277,0.15054086,0.046496574,0.06261565,0.014157378,-0.0003447046,0.044907536,0.20732054,0.04551937,0.06133668,0.015622582,0.037523452,0.043242913,0.27870235,0.040157042,0.06682712,0.0007908538,0.0007908538
39,0.15431175,0.27943197,0.12931564,0.09579909,0.008011922,-0.07222375,0.10627,0.20149659,0.08675332,0.08206084,0.010349928,-0.048218586,0.072581,0.14652392,0.06121969,0.07151817,0.011465048,-0.023699911,0.056446142,0.15250297,0.04925249,0.06524383,0.01239501,-0.0016782134,0.047591332,0.2089125,0.04880919,0.06431849,0.01400879,0.03671213,0.046379853,0.27938527,0.044250496,0.070440985,0.0007908538,0.0007908538
40,0.15251358,0.2818658,0.12740108,0.0941053,0.013475034,-0.06316572,0.10440089,0.1998598,0.08437703,0.07902661,0.015390026,-0.04166942,0.07056939,0.14466512,0.058496095,0.0679437,0.016389575,-0.018554214,0.054031838,0.15143462,0.045926962,0.06124501,0.01735732,0.0024735397,0.044395886,0.20955744,0.04426825,0.05966016,0.018964032,0.04023484,0.04199473,0.2827576,0.038299605,0.06472202,0.0007908538,0.0007908538
41,0.16198356,0.2855861,0.13382748,0.09404057,0.012547409,-0.0650865,0.11071671,0.2064538,0.08975789,0.08001999,0.014583624,-0.042046126,0.07592454,0.15053159,0.0639519,0.0692626,0.015684307,-0.018093638,0.059455898,0.15671499,0.051945843,0.06269938,0.016743798,0.003228493,0.05035152,0.21427299,0.0515967,0.061300617,0.018479077,0.04106176,0.04930159,0.2853089,0.047864947,0.06670914,0.0007908538,0.0007908538
42,0.15690292,0.28626648,0.12964228,0.09395579,0.01676146,-0.05848603,0.107006006,0.20276074,0.08602983,0.07841424,0.018578762,-0.037182502,0.07269469,0.14681347,0.060099762,0.06707624,0.019658117,-0.014057003,0.055927604,0.15381844,0.04740844,0.060147434,0.020809853,0.0067697093,0.045904543,0.21315758,0.045489352,0.05827444,0.022622619,0.04437592,0.04322101,0.28777337,0.039701972,0.062974215,0.0007908538,0.0007908538
43,0.1615468,0.28623977,0.13335384,0.097066775,0.011374046,-0.06696368,0.11045264,0.20572747,0.08945092,0.08288196,0.013806526,-0.043385793,0.075751394,0.14959817,0.06346868,0.072055526,0.015182535,-0.018693091,0.05906996,0.15594155,0.05106781,0.065559186,0.01650349,0.0035002055,0.049396556,0.21428205,0.049911644,0.06446594,0.018588718,0.042235047,0.04726386,0.2873492,0.045050483,0.07052874,0.0007908538,0.0007908538
44,0.15540664,0.28467545,0.12917033,0.09911682,0.011267506,-0.066720165,0.1064201,0.20128205,0.08603971,0.08411658,0.013882477,-0.043920856,0.072399326,0.14542268,0.05987278,0.07302937,0.015376253,-0.019383138,0.055543933,0.15226738,0.04686123,0.06648819,0.016812168,0.0031395596,0.045180455,0.211551,0.044390436,0.06547296,0.019046772,0.042385995,0.041533448,0.28736132,0.037472896,0.07173565,0.0007908538,0.0007908538
45,0.15717356,0.2861963,0.13024168,0.100654535,0.010772696,-0.06739007,0.1076484,0.2025246,0.087073416,0.08574901,0.013607329,-0.044067085,0.07357202,0.14627926,0.060951814,0.074665,0.015270489,-0.019002635,0.056704186,0.15302715,0.0479547,0.0681643,0.016871847,0.0039592083,0.046225335,0.21257816,0.04544408,0.06731955,0.01932256,0.043574184,0.042426027,0.28894532,0.03857099,0.07395421,0.0007908538,0.0007908538
46,0.15963176,0.28790784,0.13165152,0.100681275,0.011663962,-0.06598076,0.10906578,0.20396127,0.08798503,0.08576911,0.014495802,-0.04266531,0.07463449,0.14746155,0.061777633,0.074647605,0.01620723,-0.017491277,0.057637572,0.15428056,0.04874082,0.068096064,0.017887576,0.0054848893,0.047010742,0.21425499,0.04617797,0.0671972,0.020428166,0.045080863,0.043141752,0.29100212,0.039447833,0.07378697,0.0007908538,0.0007908538
47,0.15752158,0.28759754,0.12987916,0.10098423,0.012946683,-0.063896015,0.10735366,0.20189257,0.08609321,0.08550257,0.015743593,-0.041275285,0.07291555,0.14562543,0.05963755,0.07417968,0.017469136,-0.016318198,0.055632066,0.15296501,0.04614629,0.067518875,0.019195821,0.0066260956,0.044439554,0.2139071,0.042692594,0.06649705,0.021779839,0.04625833,0.03961072,0.2924512,0.034778103,0.07291701,0.0007908538,0.0007908538
48,0.16434008,0.289855,0.13489337,0.102632806,0.010503093,-0.0674815,0.11209613,0.20646538,0.09040266,0.088200934,0.0136633525,-0.043553535,0.077042595,0.14964285,0.06394673,0.07720532,0.015630603,-0.017653918,0.059843652,0.15637392,0.050857402,0.0707631,0.017562442,0.0060089766,0.04903552,0.21663535,0.048332732,0.070158646,0.020436397,0.046206657,0.04503152,0.2936297,0.04182716,0.077358164,0.0007908538,0.0007908538
49,0.16036817,0.2907401,0.13155225,0.10236234,0.014608667,-0.060866844,0.109044775,0.20325609,0.08718144,0.086517915,0.017536925,-0.038716782,0.07424351,0.14647795,0.060506523,0.074987784,0.01945904,-0.013667153,0.056694157,0.15409851,0.046762407,0.06820066,0.0214405,0.009458397,0.045016292,0.2161887,0.042838592,0.06713419,0.024329126,0.049289323,0.039598472,0.29642645,0.034618396,0.07362994,0.0007908538,0.0007908538
50,0.16705143,0.2928694,0.1365088,0.10364376,0.011747437,-0.06487081,0.11373612,0.20800042,0.091570616,0.08894195,0.015008311,-0.041344054,0.07835501,0.15063079,0.064924516,0.07779037,0.01712616,-0.015495824,0.060953166,0.15752025,0.051656913,0.07125169,0.019255292,0.008206592,0.049806412,0.2186465,0.048849225,0.07061325,0.022364067,0.04850338,0.045439765,0.2968905,0.042271014,0.07787307,0.0007908538,0.0007908538
51,0.15974484,0.29200122,0.13109186,0.104053594,0.0151244765,-0.05900981,0.108517714,0.2022348,0.086579494,0.08775194,0.018228866,-0.037712425,0.073664546,0.14527285,0.059553813,0.07603866,0.020319225,-0.012904734,0.05582992,0.1532683,0.045353238,0.06919375,0.02249477,0.010404732,0.04357325,0.21638446,0.040618766,0.068178646,0.025622984,0.050601967,0.037165903,0.2986707,0.03136207,0.0748701,0.0007908538,0.0007908538
52,0.16531244,0.29149652,0.13587636,0.10846134,0.007831393,-0.069725424,0.11284592,0.20581856,0.09110683,0.09406552,0.011819602,-0.045931928,0.077603,0.14859338,0.06402075,0.08304056,0.0144044515,-0.019336917,0.059948076,0.15553226,0.050232455,0.07677517,0.016949035,0.0057428987,0.048199106,0.2169587,0.046505034,0.07682922,0.0206396,0.04757221,0.042436022,0.29702207,0.03827264,0.08541486,0.0007908538,0.0007908538
53,0.163478,0.29376498,0.13302474,0.10670636,0.014031038,-0.06116279,0.11094894,0.20442727,0.08829786,0.09074716,0.017547091,-0.038209546,0.07578807,0.1470277,0.06134742,0.07910243,0.019967886,-0.0120197395,0.057784818,0.15491657,0.047080915,0.07235577,0.022477424,0.012211011,0.045157265,0.21860096,0.04211113,0.07167591,0.026037693,0.052975066,0.03834991,0.30188185,0.032803703,0.079090394,0.0007908538,0.0007908538
54,0.1615329,0.29330415,0.13130385,0.107603915,0.014454845,-0.060834594,0.109533556,0.20283376,0.08678089,0.09125502,0.01804737,-0.037775703,0.07453574,0.14558192,0.059776258,0.07948248,0.020544954,-0.011295451,0.056342095,0.1538293,0.04516426,0.072697595,0.023148173,0.013192936,0.043211177,0.21833548,0.03942159,0.0720273,0.026819836,0.054121707,0.035554618,0.3032868,0.029101182,0.07950639,0.0007908538,0.0007908538
55,0.16243602,0.29130542,0.13281462,0.112658225,0.0074160984,-0.0715593,0.110951096,0.20377882,0.08896895,0.09770702,0.011929318,-0.04602562,0.076334156,0.1463528,0.062164884,0.08645971,0.014963277,-0.01763135,0.05844758,0.15358251,0.047846407,0.08021199,0.018000953,0.008772488,0.045613322,0.21653189,0.04256522,0.08060079,0.022319434,0.05145096,0.03798884,0.30042154,0.032315124,0.08997508,0.0007908538,0.0007908538
56,0.1572062,0.2921234,0.1281709,0.112264924,0.011687333,-0.06535626,0.106750876,0.19978902,0.08446715,0.09568714,0.015933396,-0.04125858,0.07241839,0.1424831,0.057455804,0.08387228,0.018869922,-0.0134644015,0.054087143,0.15081786,0.04236032,0.07728527,0.021883762,0.012481775,0.040183436,0.21603703,0.035395622,0.077208996,0.026098676,0.054647855,0.03090912,0.30376595,0.02312425,0.08584815,0.0007908538,0.0007908538
57,0.16951941,0.29825574,0.1368553,0.11395341,0.009496249,-0.06863053,0.115386404,0.20923975,0.09233574,0.09897376,0.0141955735,-0.042262673,0.08027405,0.15034495,0.065719604,0.08758088,0.017515287,-0.013037437,0.06228318,0.1574101,0.051534373,0.081215106,0.020918285,0.013612263,0.049168248,0.22152928,0.046360996,0.08160596,0.025648763,0.056079913,0.041693825,0.3066688,0.037050948,0.09118618,0.0007908538,0.0007908538
58,0.16330643,0.3020433,0.13139094,0.111933775,0.019235725,-0.054270554,0.11071591,0.20495135,0.08733739,0.09405442,0.02324405,-0.03101959,0.076359406,0.14577807,0.06079452,0.08155581,0.026309093,-0.003303041,0.057978936,0.15455951,0.045775466,0.074406125,0.02962346,0.021956176,0.043571495,0.22240016,0.038579863,0.0736456,0.034109205,0.06293145,0.03437328,0.31308237,0.027293462,0.08139007,0.0007908538,0.0007908538
59,0.17234103,0.30420402,0.13833652,0.11693108,0.011563841,-0.06515574,0.117015645,0.21139225,0.09349739,0.10124431,0.016597932,-0.039173882,0.08185731,0.15118659,0.066831626,0.08947557,0.020326193,-0.009536552,0.06364919,0.15831134,0.052358635,0.08293365,0.02424301,0.017651346,0.04977265,0.2239396,0.046387196,0.08336957,0.029582324,0.06049095,0.041281097,0.31187496,0.03639023,0.09331464,0.0007908538,0.0007908538
60,0.1614261,0.30385533,0.13002945,0.1179283,0.017075548,-0.057050943,0.10937243,0.20337474,0.08622206,0.0995458,0.02187472,-0.03357605,0.07533051,0.14356329,0.05935687,0.08684783,0.025552252,-0.0047724107,0.056597985,0.15240017,0.04365484,0.079814926,0.029505903,0.02213458,0.041072827,0.22140451,0.03494019,0.07966525,0.034804597,0.064651996,0.029794598,0.31555268,0.02163585,0.08873457,0.0007908538,0.0007908538
61,0.17155397,0.30825236,0.13801964,0.12308499,0.010708114,-0.06574387,0.11681896,0.21122043,0.0938148,0.106593825,0.016520347,-0.039888263,0.08231899,0.14980492,0.06707374,0.09445444,0.020923533,-0.009357167,0.06397116,0.1568089,0.052108366,0.087894246,0.025591342,0.019291326,0.049120884,0.22369173,0.04489109,0.08879523,0.031869978,0.06349965,0.03888555,0.31531093,0.033695783,0.09989508,0.0007908538,0.0007908538
62,0.16072084,0.3094194,0.12973587,0.1241427,0.017884757,-0.055501718,0.10936317,0.20349927,0.08670715,0.10445882,0.02340069,-0.03244269,0.076194115,0.14221834,0.059942987,0.09118027,0.027755292,-0.0026755931,0.057379946,0.15113875,0.04380689,0.08399201,0.032477606,0.025677126,0.04080799,0.22209056,0.03382763,0.08414542,0.038706828,0.069312856,0.027868826,0.3206644,0.019367835,0.09413463,0.0007908538,0.0007908538
63,0.17485099,0.31730962,0.1401492,0.1292843,0.013212647,-0.062086027,0.11945445,0.2144827,0.09653551,0.11134117,0.019714778,-0.036232077,0.085697345,0.15081799,0.070152566,0.09846525,0.024881694,-0.0043823035,0.06732905,0.15762511,0.054958437,0.09159264,0.030473538,0.02562919,0.05145626,0.22662805,0.046783134,0.092638895,0.037847206,0.07054451,0.040021013,0.3225901,0.035259567,0.10450347,0.0007908538,0.0007908538
64,0.161443,0.31890094,0.13040666,0.1304331,0.022178505,-0.049602583,0.1108551,0.20563138,0.08874157,0.108756825,0.028317273,-0.026960932,0.0791627,0.14196181,0.06268907,0.09452528,0.033445474,0.0041584824,0.06045535,0.15097804,0.046287484,0.086885884,0.0391242,0.033854187,0.042693563,0.22483097,0.03500078,0.08700133,0.046470817,0.077904984,0.028360123,0.32885984,0.019784482,0.09747695,0.0007908538,0.0007908538
65,0.16837358,0.3210011,0.13650739,0.13973658,0.011099938,-0.064368345,0.11598812,0.21118861,0.094652586,0.12054827,0.01896076,-0.038935047,0.084038265,0.14581655,0.06837942,0.10710562,0.025367437,-0.005562712,0.065553546,0.1521467,0.052272066,0.10025898,0.03241777,0.02726021,0.047783326,0.22257301,0.041329402,0.10215617,0.041672904,0.074821405,0.032529697,0.3246765,0.025302777,0.116087124,0.0007908538,0.0007908538
66,0.15889555,0.32376823,0.12882777,0.14067055,0.018551461,-0.054263804,0.109447174,0.20501839,0.088143505,0.118280984,0.026053458,-0.03093979,0.07878485,0.13953887,0.06208805,0.10369833,0.03233646,0.0022440827,0.05982349,0.1479557,0.044954598,0.09623491,0.039297033,0.034823537,0.040384155,0.22308555,0.031503845,0.09741103,0.0482358,0.08114871,0.023045663,0.33184564,0.012918717,0.11025582,0.0007908538,0.0007908538
67,0.16714405,0.33212274,0.13436061,0.14521137,0.017667437,-0.055112537,0.11511086,0.21206166,0.09360459,0.12305497,0.025858076,-0.03036676,0.084421985,0.14424159,0.06794385,0.10834824,0.032840315,0.0042459783,0.0656176,0.15136857,0.051147062,0.10088784,0.04063301,0.037930142,0.04597059,0.22631383,0.03805631,0.102532454,0.05057272,0.08464549,0.028877541,0.335348,0.020675434,0.11657298,0.0007908538,0.0007908538
68,0.16457997,0.3341125,0.13247602,0.14722274,0.019329589,-0.052454628,0.11351023,0.21067673,0.092166446,0.124126434,0.027667047,-0.028352572,0.08332373,0.1424437,0.06655808,0.10904424,0.034857698,0.006416577,0.06434195,0.1500273,0.049372047,0.10142908,0.042913884,0.04042518,0.04394876,0.22646798,0.035246067,0.103045896,0.053127285,0.08708261,0.025794677,0.33792844,0.016585011,0.1171953,0.0007908538,0.0007908538
69,0.16791739,0.335929,0.1347399,0.14923349,0.017584179,-0.054714818,0.11573992,0.21317503,0.0942701,0.12663758,0.026292577,-0.029636217,0.08534231,0.144308,0.06866963,0.11167154,0.033809125,0.005823221,0.066339195,0.1513054,0.05154597,0.104167074,0.042244244,0.040401246,0.045871895,0.22729598,0.03753893,0.10611469,0.052952707,0.08747425,0.02769921,0.33845213,0.019112624,0.12096937,0.0007908538,0.0007908538
70,0.16572174,0.33605367,0.13296802,0.14895836,0.019707082,-0.052007526,0.114302516,0.21157426,0.09273826,0.1256183,0.028252998,-0.02734532,0.08414602,0.14292829,0.06717197,0.11038907,0.035679627,0.0081081735,0.06495781,0.15067193,0.04974864,0.102713756,0.044020202,0.04247837,0.044105265,0.22805649,0.03515806,0.104412474,0.054559268,0.08898843,0.02559431,0.34072974,0.01629493,0.1188555,0.0007908538,0.0007908538
71,0.17230654,0.339187,0.13741459,0.14992009,0.01877833,-0.05323264,0.11865014,0.21619755,0.09662576,0.1272146,0.027556434,-0.027502753,0.087957725,0.1467918,0.07111515,0.11210617,0.035218474,0.0086111305,0.06879496,0.15390703,0.053969737,0.10446997,0.043835144,0.043245327,0.048166692,0.23078749,0.040093925,0.106350355,0.054717157,0.08974103,0.030451756,0.34234533,0.022736127,0.12123295,0.0007908538,0.0007908538
72,0.16725747,0.33961388,0.13397963,0.14927605,0.023122007,-0.047380365,0.11569249,0.21285959,0.09390118,0.12505522,0.03156843,-0.023139084,0.08574501,0.14380142,0.06848369,0.10940982,0.039050274,0.01253662,0.06637522,0.15230982,0.05083788,0.10142042,0.047483105,0.04671077,0.04511477,0.23176245,0.035923395,0.10276924,0.058052234,0.09229198,0.026744273,0.34629786,0.017689278,0.11676164,0.0007908538,0.0007908538
73,0.16659188,0.33925,0.13391244,0.1528672,0.019848581,-0.05130421,0.11522918,0.2123393,0.09374845,0.12909363,0.0289134,-0.026834158,0.08526298,0.14301486,0.06799944,0.11359553,0.03692163,0.009338939,0.06568665,0.15100813,0.05000376,0.105830684,0.045983184,0.044727318,0.043770093,0.22997238,0.034173466,0.10775802,0.05739646,0.091714025,0.023873847,0.34519824,0.013874996,0.12291738,0.0007908538,0.0007908538
74,0.16830397,0.33888784,0.13535692,0.15681383,0.014896246,-0.057183046,0.11602023,0.21319,0.094570145,0.13407417,0.02471351,-0.03207374,0.08553893,0.14354831,0.0683159,0.1189267,0.033324145,0.004673971,0.06572207,0.15062721,0.050076313,0.11151959,0.043088607,0.04142504,0.04328971,0.2283024,0.033617206,0.11424013,0.055457193,0.09015437,0.021990953,0.34311327,0.011422626,0.13093898,0.0007908538,0.0007908538
75,0.16643272,0.34029037,0.13345702,0.1545449,0.019540377,-0.050900683,0.114522025,0.21180975,0.09255648,0.13053313,0.028773215,-0.027031586,0.08407944,0.14261538,0.06628432,0.114948854,0.036936246,0.009136692,0.06396123,0.15119381,0.047696047,0.107193455,0.046160206,0.044877995,0.04121332,0.23142819,0.030789468,0.10929166,0.057694726,0.09206012,0.020142179,0.34815928,0.008952499,0.124871165,0.0007908538,0.0007908538
76,0.17365682,0.3436523,0.13843419,0.15613651,0.017615,-0.05298706,0.11918632,0.21691048,0.09681479,0.13305761,0.02722791,-0.028104344,0.08810794,0.14677456,0.07054015,0.11769288,0.03575309,0.008662532,0.0680493,0.15439424,0.05228536,0.11006292,0.045405105,0.044839527,0.04553765,0.2336324,0.036125615,0.112516254,0.057487953,0.092310406,0.02513323,0.3489423,0.015604168,0.12885708,0.0007908538,0.0007908538
77,0.17147353,0.34418824,0.13630503,0.15402582,0.02235587,-0.046923287,0.11768313,0.21511878,0.09481348,0.12968211,0.03141949,-0.022816261,0.08674565,0.14556473,0.06860811,0.113864705,0.039545342,0.013697299,0.06635946,0.15476276,0.049952123,0.10586353,0.048724405,0.048914082,0.0434912,0.23665106,0.03327141,0.107667215,0.06008705,0.09470318,0.023303825,0.3539049,0.013091828,0.122863375,0.0007908538,0.0007908538
78,0.17327468,0.3444198,0.1372424,0.15495302,0.021287465,-0.048363164,0.11866716,0.21608414,0.09546434,0.13094327,0.030542124,-0.023420429,0.08738319,0.14645104,0.06913706,0.11522269,0.038839243,0.013603633,0.06679794,0.15555549,0.050344516,0.10729683,0.048218727,0.049068496,0.043742944,0.23746975,0.033521675,0.10929243,0.05983071,0.09490484,0.023424447,0.35464412,0.013249576,0.124886975,0.0007908538,0.0007908538
79,0.16924588,0.34173343,0.13426058,0.15606366,0.020715548,-0.049155176,0.11572739,0.21264315,0.09244663,0.13183105,0.030110568,-0.024387553,0.08441542,0.1437265,0.06574905,0.11608258,0.038526826,0.012804288,0.063383244,0.1534692,0.0463048,0.1082084,0.048051655,0.04869019,0.03951764,0.23623757,0.028127868,0.11033392,0.059847713,0.09488779,0.017642103,0.35480672,0.0054485146,0.12618203,0.0007908538,0.0007908538
80,0.18197794,0.34713334,0.14331473,0.15838023,0.01651618,-0.054499973,0.12430709,0.22214636,0.100761235,0.13608834,0.026591184,-0.027367359,0.09220512,0.15129068,0.074365124,0.12084222,0.035629287,0.010924693,0.071667746,0.15868479,0.05592955,0.11326226,0.045896497,0.047553346,0.04877431,0.23857617,0.039820317,0.11606388,0.058692414,0.094495185,0.02876459,0.3538491,0.02039689,0.13326202,0.0007908538,0.0007908538
81,0.1727712,0.3500685,0.13656855,0.15455173,0.02933984,-0.03844211,0.11944329,0.2165962,0.096222185,0.12842532,0.038187493,-0.013643552,0.08940375,0.14613923,0.07080446,0.11177387,0.046401624,0.024272667,0.068656504,0.15688291,0.051632095,0.10314935,0.055721954,0.059002064,0.044952992,0.24318683,0.034170814,0.10426056,0.06706274,0.10200978,0.025389714,0.36442214,0.015527595,0.11858626,0.0007908538,0.0007908538
82,0.18111032,0.3522392,0.142083,0.16110927,0.019828912,-0.04988411,0.12363204,0.22193883,0.09977344,0.1373958,0.030058425,-0.023331841,0.09201465,0.1501413,0.07350178,0.12153962,0.039441485,0.015739338,0.070926264,0.15833263,0.054237753,0.11363138,0.05016564,0.05302283,0.04641752,0.24142729,0.0360559,0.1163029,0.06332125,0.09929953,0.0247026,0.3611518,0.014643559,0.133622,0.0007908538,0.0007908538
83,0.17567632,0.3511418,0.13796361,0.1620183,0.021396892,-0.047741786,0.11970427,0.21772818,0.09563838,0.13722105,0.031545814,-0.022304475,0.08823219,0.14666854,0.06895676,0.12103757,0.040880784,0.016666973,0.0665064,0.15623601,0.048761554,0.11298974,0.051534947,0.05415216,0.04078102,0.24170585,0.02866738,0.11553289,0.06449639,0.100258596,0.017187456,0.36431846,0.004458834,0.13269983,0.0007908538,0.0007908538
84,0.17684218,0.35193655,0.13873325,0.16362187,0.020314002,-0.04886345,0.12027064,0.21837252,0.09605103,0.13900347,0.030739628,-0.023330411,0.08856694,0.1470862,0.06918286,0.12285354,0.040346526,0.015946982,0.06665354,0.15647185,0.048801508,0.1148716,0.051332973,0.053979326,0.040515214,0.24199966,0.028240029,0.117655784,0.06469745,0.10052376,0.016263885,0.36500415,0.0032231132,0.1353432,0.0007908538,0.0007908538
85,0.18098707,0.35570058,0.14154965,0.16298267,0.022368312,-0.04626349,0.123319924,0.22174141,0.098942965,0.1381222,0.03263004,-0.020481903,0.091709025,0.14970088,0.072502315,0.121788196,0.04215259,0.019015517,0.07001242,0.15899114,0.052505735,0.113615125,0.053025763,0.05655013,0.04433992,0.24496457,0.032928627,0.11615166,0.06617671,0.10201266,0.02164264,0.36779082,0.010499246,0.13347472,0.0007908538,0.0007908538
86,0.17790335,0.3559245,0.13901484,0.16097566,0.026813695,-0.040890828,0.12133422,0.21947901,0.096636884,0.13480227,0.036496878,-0.016027113,0.09001929,0.14810376,0.070286684,0.11801818,0.04553941,0.023248814,0.068022564,0.15903059,0.04987306,0.109490976,0.05580415,0.059868753,0.042061005,0.24763753,0.029794293,0.11139697,0.06805593,0.10367756,0.019639594,0.3723488,0.007696597,0.12760305,0.0007908538,0.0007908538
87,0.17830998,0.35354826,0.13920687,0.16647232,0.018867908,-0.05047595,0.1204964,0.21900305,0.095633045,0.1420472,0.029729681,-0.024603652,0.088234544,0.14739873,0.06837542,0.12592325,0.039782386,0.015539224,0.065685436,0.15681085,0.04732399,0.11805924,0.051287945,0.05451904,0.03838539,0.2432204,0.025252944,0.12130857,0.065165415,0.10132233,0.012582616,0.36754662,-0.0019628443,0.1400026,0.0007908538,0.0007908538
88,0.18345883,0.35705727,0.14238134,0.16476367,0.01975523,-0.04910272,0.12367549,0.22310856,0.09832211,0.14054789,0.03031047,-0.023035498,0.09098332,0.15099744,0.07123038,0.124457955,0.040055037,0.016760392,0.068649635,0.1602774,0.050684344,0.116523445,0.051139962,0.054832097,0.042205233,0.24669103,0.030095328,0.119594686,0.064399354,0.1007763,0.018408261,0.37032273,0.0059774397,0.13794969,0.0007908538,0.0007908538
89,0.18479936,0.360982,0.14281024,0.15962157,0.026915051,-0.040302616,0.12508067,0.22494136,0.09935578,0.13393134,0.03631358,-0.014968838,0.092844054,0.15286669,0.0729576,0.117280655,0.04504133,0.023980847,0.07080222,0.16369976,0.052854355,0.10876182,0.054840107,0.059575338,0.045502122,0.25270733,0.034033872,0.11066879,0.06631351,0.10237059,0.025010778,0.37728256,0.014883757,0.1268985,0.0007908538,0.0007908538
90,0.17756861,0.3559771,0.13765483,0.16197376,0.022823839,-0.04510552,0.11942355,0.2192846,0.093638405,0.13675627,0.032656405,-0.020359475,0.086818404,0.1483364,0.06622262,0.1204484,0.041676473,0.01837125,0.06402123,0.15962456,0.04496964,0.11232947,0.051816564,0.055077914,0.037253253,0.2489462,0.023460783,0.11489466,0.06372279,0.099707864,0.013198216,0.37556115,-0.0014936544,0.13224512,0.0007908538,0.0007908538
91,0.1842741,0.3587354,0.14247258,0.16496836,0.017845377,-0.051021814,0.12357923,0.22444648,0.097767256,0.14138359,0.02844009,-0.024940297,0.09036913,0.15220946,0.07026126,0.1255859,0.038138885,0.014362715,0.06779496,0.16164802,0.049469825,0.117877364,0.04910439,0.052123405,0.041277524,0.24873324,0.02865567,0.12129458,0.062084105,0.098202646,0.0173605,0.37404454,0.0041811173,0.14023978,0.0007908538,0.0007908538
92,0.18151996,0.3599592,0.13993697,0.16103655,0.024034508,-0.04341122,0.12189868,0.22289772,0.09562412,0.13580558,0.033642136,-0.018380083,0.08903249,0.15143946,0.06834953,0.11945458,0.042465143,0.020212743,0.06625356,0.16300929,0.04730361,0.111247405,0.052325636,0.056039684,0.039950237,0.25336978,0.026718657,0.113676585,0.06375813,0.0995139,0.017475797,0.3806789,0.004293602,0.1308136,0.0007908538,0.0007908538
93,0.18314959,0.36024734,0.14089732,0.16288307,0.021580897,-0.046261597,0.122595675,0.22391006,0.09611512,0.13827348,0.03158727,-0.020596964,0.08931379,0.15219171,0.06858552,0.12213637,0.040762007,0.018397618,0.066340365,0.16329089,0.04738405,0.114141054,0.051036753,0.054828923,0.03971579,0.25315887,0.026420867,0.117034495,0.06296647,0.09893748,0.01661641,0.3803405,0.0031058155,0.13504836,0.0007908538,0.0007908538
94,0.18363899,0.35842907,0.14131387,0.16736276,0.015052437,-0.054039944,0.12220515,0.22384666,0.09572071,0.14427936,0.026066285,-0.027404096,0.088254124,0.15185769,0.06751409,0.12871253,0.036114622,0.012324337,0.064913385,0.16169286,0.04586435,0.12128299,0.04745412,0.050614152,0.037358884,0.24978241,0.023487153,0.12530938,0.06076961,0.09707206,0.011815882,0.3766819,-0.0035516368,0.14539732,0.0007908538,0.0007908538
95,0.1834441,0.35854524,0.14073026,0.16542353,0.016598469,-0.051885094,0.121515036,0.22348845,0.09436713,0.14199878,0.027169786,-0.026140487,0.08701129,0.15225929,0.06576799,0.1263523,0.0367683,0.012924186,0.06333214,0.16319409,0.043839782,0.11880107,0.047519997,0.050492294,0.03573074,0.25267512,0.021351937,0.12250827,0.060013093,0.09639184,0.010379901,0.38026392,-0.005514668,0.14197744,0.0007908538,0.0007908538
96,0.18844512,0.36251312,0.14379145,0.16259944,0.018961856,-0.049098235,0.12482947,0.22781016,0.09725547,0.13904373,0.028980147,-0.02318281,0.09010306,0.15614766,0.069029614,0.12330477,0.03805079,0.015385708,0.06676467,0.16729106,0.04777853,0.11555347,0.04811503,0.051554237,0.040363293,0.2572813,0.02732838,0.11881201,0.059650794,0.09606444,0.017852468,0.3843624,0.0048486,0.13744399,0.0007908538,0.0007908538
97,0.18690304,0.36314413,0.14239624,0.16110261,0.021465423,-0.04647654,0.12409418,0.22730963,0.096502595,0.1368502,0.031091727,-0.020254701,0.08976886,0.15577765,0.06856546,0.12087875,0.039815273,0.018305862,0.0664065,0.16772574,0.047235247,0.11292629,0.049445026,0.053516753,0.04021629,0.25910282,0.027045883,0.11579048,0.060377486,0.096675955,0.018629475,0.38720316,0.0058927354,0.13370739,0.0007908538,0.0007908538
98,0.1851097,0.3624193,0.14098746,0.16154143,0.021395132,-0.04668875,0.122946516,0.22615674,0.09538519,0.13715127,0.031068124,-0.020055966,0.08876196,0.15476951,0.06741383,0.121154755,0.039835382,0.018738901,0.06521967,0.16702057,0.0457934,0.113219015,0.049513012,0.05390543,0.038754497,0.25895324,0.025116893,0.11613517,0.060485624,0.09683497,0.01679046,0.38778156,0.0033302652,0.13415499,0.0007908538,0.0007908538
99,0.18603082,0.3618448,0.14176793,0.16506295,0.017242523,-0.05177112,0.12342307,0.22675411,0.09608581,0.1416403,0.027689366,-0.023910053,0.08909522,0.15477951,0.067956805,0.12597361,0.037165225,0.015779754,0.06545423,0.16590117,0.04619087,0.118402205,0.047702495,0.05221302,0.038508404,0.25645375,0.024863547,0.12211764,0.059770975,0.09639089,0.015361799,0.38485563,0.001352498,0.14162499,0.0007908538,0.0007908538
100,0.18660444,0.36284223,0.14171457,0.16353354,0.019402523,-0.04923227,0.123822466,0.22729544,0.09614946,0.1396652,0.029493297,-0.02118899,0.08947703,0.1554828,0.06817015,0.123826586,0.038654055,0.0184098,0.065769866,0.16731325,0.04640727,0.11607126,0.048794374,0.05395315,0.039092444,0.25898868,0.02553879,0.11943071,0.060315147,0.096942894,0.016965412,0.38777366,0.0035727187,0.13830493,0.0007908538,0.0007908538
101,0.18785797,0.3643212,0.14243962,0.16270408,0.020681461,-0.047860812,0.12486709,0.22855608,0.09717746,0.13862965,0.03058803,-0.019440424,0.09069881,0.15646297,0.06950789,0.12268881,0.03959569,0.020247,0.06714133,0.1683742,0.0479707,0.114822984,0.049544685,0.055257536,0.040860865,0.26036566,0.027788714,0.11798498,0.060799453,0.097456165,0.019821486,0.38909972,0.007521764,0.13651605,0.0007908538,0.0007908538
102,0.18666802,0.36486313,0.14138734,0.16162392,0.02315844,-0.044923577,0.124242865,0.22780511,0.09641914,0.13682482,0.032746468,-0.016652329,0.090296246,0.15595539,0.06887656,0.12062764,0.04149323,0.023023583,0.06659012,0.16874284,0.047142915,0.11255097,0.051120505,0.05736518,0.040259484,0.2621865,0.02689821,0.11534586,0.06192077,0.09844715,0.019662084,0.3918831,0.0073145847,0.13324432,0.0007908538,0.0007908538
103,0.18404654,0.3631425,0.1396065,0.16547985,0.019713428,-0.04893277,0.12199542,0.22552894,0.09417335,0.1410317,0.029986238,-0.02056922,0.08779167,0.1537576,0.066021174,0.12501435,0.03935795,0.019753588,0.063485146,0.16631335,0.043459915,0.11725426,0.049719516,0.05557318,0.03578832,0.25970992,0.021126505,0.12079615,0.06136926,0.098013505,0.012491389,0.3904464,-0.002537295,0.14009316,0.0007908538,0.0007908538
104,0.18664557,0.36557955,0.14174394,0.16794805,0.018258762,-0.050471228,0.12394177,0.22778444,0.0964062,0.14387497,0.029019067,-0.021618335,0.089886114,0.15500925,0.068430565,0.12791958,0.038902428,0.019288747,0.06569601,0.16668573,0.046019748,0.12028601,0.049885157,0.055831563,0.03784886,0.25950676,0.023727303,0.12425273,0.062268894,0.09865354,0.014467413,0.39032558,0.00020947348,0.14440605,0.0007908538,0.0007908538
105,0.18381645,0.36531442,0.13954668,0.16624853,0.021383466,-0.04678376,0.1221215,0.2257774,0.09435262,0.14119937,0.031664014,-0.018732246,0.08822673,0.15373111,0.06631859,0.12493487,0.0411127,0.021807685,0.063763194,0.1668255,0.043533735,0.11704413,0.05155106,0.057545714,0.035729066,0.26168483,0.020861726,0.12051373,0.06320203,0.09927572,0.012430732,0.3939596,-0.002605614,0.1397828,0.0007908538,0.0007908538
106,0.18537834,0.36659837,0.14049818,0.1666103,0.021637743,-0.046659093,0.12323266,0.22708854,0.095374964,0.14156125,0.03197455,-0.018102,0.08932279,0.15475403,0.06746245,0.12525836,0.041503508,0.022721745,0.064854085,0.16782315,0.044740546,0.11734639,0.05202968,0.05834321,0.036918055,0.26291966,0.02236494,0.12085151,0.063750684,0.099682435,0.014127539,0.39524508,-0.00022362023,0.14022778,0.0007908538,0.0007908538
107,0.19282264,0.3704541,0.14560887,0.16768563,0.020098943,-0.04851866,0.12822102,0.23276573,0.10022942,0.1434958,0.030767398,-0.018647542,0.09397136,0.15919481,0.072656915,0.12736818,0.040635843,0.022683661,0.069896184,0.1709941,0.050686717,0.11956497,0.05156341,0.058436498,0.04274029,0.26472497,0.029945755,0.12339128,0.06375846,0.09979737,0.021691717,0.39549887,0.010327468,0.14340475,0.0007908538,0.0007908538
108,0.18572028,0.37034664,0.14086038,0.16603535,0.02607725,-0.041552946,0.124510095,0.22834295,0.09698124,0.13981083,0.036130015,-0.012751358,0.09151809,0.15543833,0.06976403,0.1230022,0.045525122,0.028438201,0.06717168,0.16941969,0.047124784,0.11470326,0.055891946,0.06312716,0.03949453,0.2667711,0.025398767,0.11768611,0.06733944,0.10244958,0.018279964,0.40081322,0.0055075698,0.13627243,0.0007908538,0.0007908538
109,0.18471436,0.3730967,0.14078397,0.16994266,0.026049059,-0.041313887,0.124455534,0.22827819,0.09764797,0.14323527,0.03670249,-0.012470327,0.09223288,0.15423687,0.07062456,0.12618884,0.04682674,0.029632572,0.06763786,0.16782369,0.047473628,0.117896065,0.058104306,0.06541611,0.038785588,0.26590154,0.024262685,0.12127247,0.07056019,0.10480001,0.016067244,0.4016927,0.002453739,0.14077123,0.0007908538,0.0007908538
110,0.18356216,0.37507415,0.14074327,0.17560732,0.02323613,-0.044581484,0.1240555,0.2281493,0.09802846,0.14897831,0.034858216,-0.015386826,0.092376046,0.15285318,0.07094727,0.13192844,0.04600167,0.027943654,0.06742992,0.16549268,0.04718358,0.12389622,0.058514126,0.06565686,0.037097882,0.26346475,0.022027811,0.12814887,0.072364755,0.10610773,0.012016846,0.400565,-0.00305678,0.14939553,0.0007908538,0.0007908538
111,0.18147771,0.3774838,0.13982713,0.17605722,0.02574057,-0.041606702,0.12354156,0.22767064,0.098175995,0.14843099,0.0372505,-0.012808061,0.09285077,0.15184379,0.07153914,0.13101459,0.048350997,0.030764485,0.067977175,0.16495393,0.047678027,0.12278398,0.060786325,0.068217844,0.037545037,0.26435187,0.022474026,0.12682475,0.07445222,0.107626736,0.012929167,0.40302047,-0.0017274983,0.1477759,0.0007908538,0.0007908538
112,0.18304908,0.37973323,0.14114498,0.17658262,0.02605603,-0.04100765,0.1248574,0.22926809,0.09971824,0.14886098,0.03762989,-0.012265517,0.094401725,0.15283364,0.07330164,0.13136972,0.04882023,0.031337496,0.06970749,0.16562001,0.049662996,0.12310625,0.061354693,0.06880713,0.039433807,0.2649699,0.024881568,0.12718008,0.07509956,0.10806116,0.015348914,0.4037864,0.0016742448,0.14823936,0.0007908538,0.0007908538
113,0.18389988,0.3807438,0.1418393,0.17728285,0.025916165,-0.040729493,0.1254116,0.22991033,0.10027553,0.14956263,0.037607662,-0.012321883,0.09491132,0.15326574,0.07381887,0.13204634,0.048936576,0.031193532,0.070195004,0.16594343,0.050176956,0.12378778,0.061638054,0.06888619,0.039738778,0.26535958,0.025240274,0.1279503,0.075559065,0.10831493,0.015407102,0.4043815,0.0017715229,0.1492121,0.0007908538,0.0007908538
114,0.18226837,0.37986484,0.14082317,0.1788815,0.024806375,-0.04156216,0.12400209,0.22842851,0.09874524,0.15119123,0.036767025,-0.014001438,0.093242235,0.15209366,0.071828924,0.13370721,0.048369918,0.029381612,0.06813453,0.16498448,0.047688525,0.1255447,0.061405182,0.06789304,0.036721997,0.264821,0.021312948,0.12997271,0.075694844,0.10819924,0.010512954,0.40467685,-0.0050052917,0.1517567,0.0007908538,0.0007908538
115,0.18630968,0.38523018,0.14386275,0.17497098,0.03045802,-0.034832757,0.12772036,0.23251876,0.10263459,0.14621304,0.041523263,-0.007835063,0.09766722,0.15561773,0.076668985,0.12825531,0.05227515,0.034870066,0.073358245,0.16915725,0.05361017,0.119596146,0.06419057,0.07127373,0.043839492,0.27024627,0.030368708,0.12308049,0.0770339,0.10912073,0.021961331,0.41024566,0.01090141,0.14318053,0.0007908538,0.0007908538
116,0.18134567,0.38324496,0.1404705,0.17509307,0.030418523,-0.034945827,0.12430982,0.22914635,0.0992732,0.14604093,0.041415196,-0.008822438,0.0943862,0.15293123,0.07294186,0.12807603,0.052069232,0.03343682,0.06975802,0.16726913,0.049314495,0.11946102,0.06384903,0.06996336,0.03956374,0.26947796,0.02472524,0.12297376,0.07648372,0.10821329,0.016137356,0.41138262,0.0026490646,0.14310129,0.0007908538,0.0007908538
117,0.18668234,0.38497657,0.14403664,0.17753163,0.02606578,-0.039644826,0.12703499,0.2326768,0.10166631,0.14976364,0.037677247,-0.013257073,0.09623662,0.15567169,0.07497312,0.13221568,0.04890205,0.028900461,0.07167993,0.16838554,0.05163782,0.12395175,0.06139154,0.06655404,0.04131899,0.26847115,0.027069783,0.12820004,0.0748744,0.106647894,0.017171506,0.40935576,0.004093261,0.14968005,0.0007908538,0.0007908538
118,0.18348742,0.3828561,0.14155076,0.17708188,0.026891986,-0.038435694,0.12455939,0.22980735,0.098696105,0.14887396,0.038314685,-0.012986035,0.093417525,0.15392289,0.0714772,0.13122872,0.04933389,0.028748956,0.068332635,0.16796154,0.047501273,0.122895144,0.06154172,0.066234484,0.037312992,0.26968983,0.021774607,0.12698871,0.07462945,0.10624785,0.011977207,0.41192636,-0.0031547924,0.14819112,0.0007908538,0.0007908538
119,0.18613225,0.38533434,0.1433279,0.17624274,0.028512111,-0.03624766,0.12644963,0.23191537,0.100404456,0.14772163,0.039706968,-0.011096122,0.09528178,0.15580583,0.073385045,0.12991886,0.050517783,0.030392453,0.070355564,0.17007363,0.049736854,0.12143124,0.06242996,0.067284994,0.0398272,0.27236032,0.024987651,0.12529011,0.075084835,0.10653878,0.015841892,0.41469282,0.002306324,0.1461068,0.0007908538,0.0007908538
120,0.1884592,0.38666725,0.14499262,0.17800263,0.02679929,-0.037770037,0.1277015,0.23343521,0.10152817,0.14989564,0.038358167,-0.01272179,0.09619611,0.15689021,0.07432073,0.13220507,0.049541865,0.02889611,0.071165584,0.17058896,0.05063598,0.12385246,0.061909873,0.066503465,0.040258378,0.27240807,0.02553089,0.12808664,0.07507525,0.10645471,0.015648207,0.4146894,0.0020604527,0.14964029,0.0007908538,0.0007908538
121,0.18477006,0.38602954,0.14231642,0.17615914,0.030845735,-0.032953274,0.12555918,0.23078412,0.09916036,0.14681031,0.04183681,-0.008934744,0.094367,0.15517478,0.07196122,0.12869841,0.05249151,0.032452565,0.06899475,0.17074059,0.047796957,0.120005436,0.064155586,0.06911052,0.03785559,0.27523866,0.022212502,0.12361489,0.07636895,0.107477196,0.013412996,0.4191735,-0.0011170683,0.14407499,0.0007908538,0.0007908538
122,0.18684961,0.38636807,0.14377424,0.17966491,0.026773283,-0.037467524,0.12625207,0.23182508,0.0997144,0.15127815,0.03854555,-0.013230361,0.09446914,0.1556381,0.072069176,0.1334856,0.049991496,0.028699247,0.06877307,0.17002138,0.047571894,0.12514564,0.06265914,0.067085646,0.03656807,0.2732611,0.02055266,0.12957959,0.0760634,0.10719002,0.009982702,0.4169485,-0.005955525,0.15159121,0.0007908538,0.0007908538
123,0.18928334,0.38731346,0.14535756,0.18083315,0.025092788,-0.039427824,0.12752871,0.23347189,0.100819886,0.15295379,0.0371466,-0.01489867,0.09538121,0.15691793,0.073048756,0.13531606,0.048870623,0.027191302,0.06965741,0.17069912,0.048616197,0.1271158,0.061882265,0.066050924,0.03735834,0.2732781,0.021594504,0.13187315,0.07568252,0.10675201,0.01058134,0.41673243,-0.0051241526,0.15449187,0.0007908538,0.0007908538
124,0.18746105,0.38788292,0.14399412,0.17790756,0.029772066,-0.03418036,0.12687548,0.23257297,0.10000076,0.14880876,0.041060086,-0.010348149,0.095125005,0.15674257,0.072481595,0.13073882,0.052034315,0.031228608,0.06941541,0.17226516,0.04806665,0.12213066,0.06405436,0.06841986,0.037772465,0.277258,0.021970458,0.12608041,0.07657341,0.10715194,0.012780813,0.42211545,-0.0020609978,0.14725445,0.0007908538,0.0007908538
125,0.19134201,0.3905855,0.14674348,0.17829685,0.02983193,-0.034041245,0.12952335,0.23553982,0.102589816,0.14931329,0.04120175,-0.010085348,0.097671136,0.15908471,0.07526259,0.13122015,0.052284677,0.031540625,0.07217523,0.17412606,0.051258426,0.12259013,0.06442273,0.06872929,0.04092005,0.2788083,0.02607843,0.12660055,0.07703738,0.107345074,0.016967876,0.4234011,0.0038955868,0.14793913,0.0007908538,0.0007908538
126,0.19027546,0.39081693,0.14619671,0.17805493,0.030910244,-0.032594733,0.12902154,0.23490669,0.10213652,0.1487199,0.042170152,-0.009330311,0.09733215,0.15862752,0.074789315,0.13050197,0.053162403,0.032060046,0.07177507,0.17415164,0.05066751,0.1217805,0.06517491,0.06913606,0.04037814,0.27966928,0.02527084,0.12564653,0.07760492,0.107542284,0.01630128,0.4251646,0.0029318102,0.1467508,0.0007908538,0.0007908538
127,0.19210307,0.3919332,0.1478895,0.18106568,0.02736253,-0.036540333,0.13005652,0.23627256,0.10347262,0.15260515,0.039323222,-0.013148964,0.09822767,0.15910302,0.07593436,0.13468052,0.051039465,0.028542943,0.07266718,0.17324957,0.05177658,0.12627637,0.06398907,0.06710441,0.0406213,0.27738532,0.025569256,0.13086186,0.07755568,0.107162595,0.015100727,0.42307898,0.0012093445,0.15330985,0.0007908538,0.0007908538
128,0.18627614,0.39025807,0.14409533,0.17969963,0.030999271,-0.032559406,0.12674071,0.23228155,0.10023176,0.14998195,0.042483438,-0.010343708,0.09546377,0.15616137,0.072617725,0.13165398,0.05375069,0.031165812,0.06951008,0.1722478,0.047798064,0.122951545,0.06610018,0.06911595,0.036944654,0.2791894,0.02057887,0.1269783,0.0788686,0.10799068,0.010866142,0.4270995,-0.004759788,0.1484433,0.0007908538,0.0007908538
129,0.1900437,0.3924723,0.14708447,0.18345082,0.027711838,-0.03631198,0.12910795,0.2349412,0.1028526,0.15459277,0.040055815,-0.013555012,0.09766164,0.15757868,0.07519181,0.13648915,0.052273493,0.02878645,0.07165934,0.17205691,0.050354037,0.12806736,0.06586081,0.068541706,0.03825126,0.27760005,0.022259956,0.13287057,0.0801217,0.10879863,0.010746307,0.42530504,-0.0049290564,0.1558502,0.0007908538,0.0007908538
130,0.19151309,0.39405343,0.14814375,0.1836129,0.028903289,-0.03495345,0.13033602,0.2361391,0.10402841,0.1544644,0.041217893,-0.0120728575,0.09898013,0.15856923,0.076538004,0.13620637,0.05344712,0.03051677,0.07296416,0.17330135,0.051759068,0.12767518,0.067018606,0.07001039,0.039676633,0.2795322,0.024057558,0.13238446,0.081198074,0.109495424,0.012898698,0.4275306,-0.0018605028,0.15525752,0.0007908538,0.0007908538
131,0.18649107,0.39256573,0.14438076,0.18027899,0.034551024,-0.028783115,0.1275935,0.23274058,0.10098356,0.14950186,0.045931917,-0.0064120525,0.0967076,0.15660563,0.07361295,0.13070112,0.05720961,0.035949986,0.07035694,0.17409568,0.048365097,0.12169162,0.06949089,0.07336035,0.037457753,0.2839021,0.02097178,0.12543352,0.08199707,0.11008672,0.012099434,0.43363726,-0.0030171631,0.14656135,0.0007908538,0.0007908538
132,0.19051819,0.39438123,0.14718388,0.18540652,0.028678635,-0.035462163,0.12956055,0.23543301,0.10305883,0.15608841,0.041236646,-0.011691179,0.098144166,0.15780093,0.075388536,0.13775788,0.053755287,0.031784754,0.071531996,0.17307538,0.049882445,0.12927839,0.067632735,0.07136603,0.0374543,0.2806369,0.021013701,0.13427515,0.082007006,0.11002569,0.009899984,0.42970303,-0.0061892774,0.1577535,0.0007908538,0.0007908538
133,0.18755037,0.39346498,0.14476,0.18302403,0.031996533,-0.031982224,0.12778956,0.23346557,0.100942425,0.15271255,0.04387976,-0.008418193,0.09650163,0.15687107,0.073264554,0.13407613,0.05566519,0.03473666,0.06967824,0.17398675,0.047519382,0.12531997,0.06853595,0.07271529,0.03608747,0.2837392,0.019177591,0.12971814,0.08160179,0.10965277,0.009774164,0.43374497,-0.006334977,0.15209614,0.0007908538,0.0007908538
134,0.1877063,0.39363465,0.14497344,0.18529972,0.029734645,-0.03461982,0.12767261,0.23353794,0.10097532,0.15545072,0.042105954,-0.010696711,0.096302256,0.15643537,0.07313851,0.13697521,0.05440924,0.032958515,0.069270335,0.17279388,0.047096603,0.12843716,0.06793884,0.07199116,0.03490082,0.28186885,0.01762974,0.133356,0.08175578,0.10975491,0.0071432255,0.43185163,-0.01009406,0.15670416,0.0007908538,0.0007908538
135,0.19140318,0.39598736,0.14760898,0.18621153,0.028784104,-0.03548194,0.13000731,0.23633228,0.10331234,0.1567369,0.041373797,-0.0115039265,0.09847383,0.15848833,0.07560796,0.13833955,0.053913575,0.032253403,0.07162693,0.17396863,0.049911194,0.1298809,0.06772612,0.07169917,0.037383724,0.28216556,0.020917268,0.13504106,0.0818416,0.10980369,0.010023374,0.43161312,-0.006030572,0.15885374,0.0007908538,0.0007908538
136,0.19230552,0.3970165,0.14794989,0.18320097,0.032349057,-0.031139238,0.13075474,0.23711345,0.10361239,0.1529441,0.044201605,-0.00804297,0.099144064,0.15994412,0.07607322,0.13425848,0.055947654,0.034872223,0.07247972,0.17668311,0.050761793,0.12547529,0.068681575,0.07273555,0.039253388,0.28625697,0.023346031,0.1299446,0.08143735,0.10945669,0.014044847,0.43594295,-0.0003171052,0.15249847,0.0007908538,0.0007908538
137,0.19355586,0.39711908,0.14861356,0.18323071,0.031900935,-0.031459026,0.13120025,0.23766762,0.10366794,0.15314138,0.043765415,-0.0087350095,0.09913034,0.16073172,0.07588279,0.13451457,0.05550338,0.033941656,0.07234032,0.17758292,0.050535023,0.12576686,0.06820711,0.07191192,0.039018862,0.2872243,0.023028243,0.13030747,0.08089762,0.10896496,0.013604221,0.43694648,-0.0009481587,0.15299101,0.0007908538,0.0007908538
138,0.190671,0.39602622,0.14678264,0.18444571,0.031934477,-0.031604365,0.1294109,0.23552702,0.10198407,0.15413044,0.04398974,-0.008911111,0.09750157,0.15882237,0.07398036,0.13543242,0.055969935,0.03425564,0.07023972,0.17622283,0.0479247,0.12670277,0.06897778,0.07274045,0.035929788,0.28696963,0.018831162,0.13137744,0.081986316,0.10971352,0.008928901,0.43786198,-0.007625362,0.15435556,0.0007908538,0.0007908538
139,0.19302094,0.39822364,0.14877078,0.18738516,0.029764397,-0.03410231,0.13107684,0.23747814,0.104040064,0.1575584,0.04245503,-0.010685795,0.09930216,0.15960251,0.076157756,0.1389812,0.055147655,0.033286,0.07202602,0.1757868,0.050084513,0.13046108,0.06906034,0.07289199,0.037182186,0.2856283,0.020488003,0.13573942,0.083096884,0.110410765,0.009515844,0.43641603,-0.0067744763,0.15987654,0.0007908538,0.0007908538
140,0.19080772,0.39826667,0.14696558,0.18470635,0.034272302,-0.029300027,0.13009168,0.23622467,0.10273507,0.15357973,0.046169203,-0.006017306,0.09860186,0.159313,0.07503206,0.13455589,0.0580129,0.03777506,0.071170196,0.1776269,0.04884097,0.12564668,0.07073484,0.07530944,0.037158962,0.29012746,0.020422777,0.1301695,0.08320468,0.110337235,0.011708486,0.44183475,-0.003568971,0.15296501,0.0007908538,0.0007908538
141,0.19448586,0.400807,0.14967336,0.18808267,0.03201415,-0.031616963,0.13232814,0.23871818,0.10492972,0.15743119,0.044602603,-0.007932362,0.10053472,0.16085413,0.07709914,0.1385,0.05722501,0.03666655,0.07281127,0.17824873,0.050688814,0.1297868,0.07090244,0.075489976,0.03793786,0.29033193,0.02141623,0.13496907,0.0843877,0.11108224,0.011494577,0.44201732,-0.0038126172,0.15906715,0.0007908538,0.0007908538
142,0.19108708,0.4019296,0.14774866,0.18776748,0.0364331,-0.026778078,0.1310981,0.23686603,0.103976175,0.15557542,0.04866007,-0.0035010166,0.10014644,0.15930128,0.07640874,0.13606706,0.060991008,0.04162124,0.07201694,0.1785594,0.049408935,0.12697507,0.0742036,0.07954665,0.036825098,0.29384202,0.019773388,0.1316519,0.0869425,0.112806074,0.010977674,0.44745147,-0.0044372375,0.15498285,0.0007908538,0.0007908538
143,0.19132711,0.4031619,0.14828548,0.1920447,0.0337107,-0.029907828,0.13119747,0.23708606,0.104450166,0.1602874,0.046829727,-0.0060342513,0.10032794,0.15847628,0.07670284,0.1408904,0.060203314,0.040279105,0.071659155,0.17674692,0.048952375,0.13207199,0.074749,0.08010358,0.034722757,0.29178482,0.01690452,0.13757458,0.08894498,0.11415506,0.0062063388,0.44591078,-0.01126818,0.16250382,0.0007908538,0.0007908538
144,0.19419852,0.40495995,0.15029687,0.1952765,0.030282484,-0.033637255,0.13261074,0.23912276,0.10594264,0.16435224,0.044134967,-0.009236577,0.101416044,0.15943387,0.07802827,0.14521615,0.058313288,0.03761269,0.07258052,0.17619751,0.05012173,0.13672177,0.07388108,0.07885609,0.03479969,0.28983656,0.017024986,0.14302517,0.08919551,0.11414841,0.0048486292,0.4437008,-0.013258634,0.16943467,0.0007908538,0.0007908538
145,0.18864234,0.4040754,0.14639287,0.189277,0.03830222,-0.024703063,0.12996347,0.23598175,0.10302141,0.15613084,0.050499503,-0.001988918,0.09946734,0.15832336,0.07541519,0.1362731,0.06281385,0.043462697,0.07081815,0.17876919,0.047723994,0.12707981,0.07583053,0.08099827,0.035041627,0.2964446,0.017251626,0.13184239,0.08802313,0.11299978,0.008977727,0.452364,-0.007370947,0.15545553,0.0007908538,0.0007908538
146,0.19184387,0.40847096,0.1489808,0.1909576,0.038521383,-0.024438767,0.13250872,0.23911121,0.105909236,0.15754431,0.05091156,-0.0013401313,0.102342814,0.1602902,0.078649774,0.13753062,0.06345942,0.04459918,0.073774695,0.18021491,0.051192604,0.12833673,0.07666119,0.08208014,0.038232986,0.29800233,0.021577358,0.13335676,0.08883889,0.1133194,0.013512805,0.45408362,-0.0007200858,0.1575261,0.0007908538,0.0007908538
147,0.1937229,0.41153592,0.15082473,0.19600004,0.035123013,-0.02830039,0.13376342,0.2408771,0.107628725,0.16308865,0.04850955,-0.0044778073,0.10367424,0.1605376,0.080222055,0.14320256,0.062195115,0.042718075,0.07460065,0.17913027,0.052144546,0.13434212,0.076795325,0.082186095,0.03743986,0.29648367,0.020507878,0.14037637,0.09039562,0.114268705,0.010545065,0.4530937,-0.004903683,0.16649526,0.0007908538,0.0007908538
148,0.18334398,0.4100683,0.14473131,0.19521366,0.040753577,-0.022597535,0.1287428,0.2347733,0.1034845,0.16016068,0.05356913,0.00056336814,0.10027476,0.15544452,0.076252885,0.1395625,0.0667107,0.048487253,0.07048828,0.17727296,0.04690563,0.13025065,0.08050818,0.086783305,0.032586183,0.29958493,0.013839328,0.13555187,0.09301125,0.11600227,0.0053351717,0.4596337,-0.012230748,0.16047724,0.0007908538,0.0007908538
149,0.18999541,0.41707698,0.15034229,0.20031509,0.037688714,-0.025801186,0.1337641,0.24070859,0.109727085,0.1659595,0.051638268,-0.0014236381,0.10604054,0.15819095,0.08318304,0.14545451,0.06617002,0.047906548,0.076522924,0.17692445,0.05417158,0.13642438,0.08174815,0.088208035,0.037819672,0.2971668,0.020849546,0.1427223,0.09614734,0.117903024,0.010413083,0.45702755,-0.004821956,0.16959313,0.0007908538,0.0007908538
150,0.1856805,0.4141761,0.14698201,0.20211196,0.03495538,-0.028894357,0.12994859,0.23732293,0.1053524,0.16810517,0.04921039,-0.0050141187,0.10147895,0.1558087,0.07783587,0.14784382,0.06401339,0.044025872,0.07111285,0.17527893,0.04777666,0.13911115,0.07990502,0.085121326,0.030941447,0.2962652,0.011788298,0.14596832,0.09455096,0.116233446,0.00038746445,0.4572901,-0.01911066,0.17380787,0.0007908538,0.0007908538
151,0.18697914,0.41542545,0.14694788,0.19453485,0.040806092,-0.022496335,0.13098207,0.23929784,0.10535259,0.15917055,0.0531135,0.00062200177,0.10221906,0.15980732,0.07818276,0.13855016,0.065465294,0.04680509,0.073166125,0.18199824,0.05020765,0.12931834,0.07797303,0.082124375,0.03831493,0.30418038,0.022023741,0.13477507,0.08865173,0.110842444,0.016399126,0.46534783,0.0041905725,0.15991014,0.0007908538,0.0007908538
152,0.18681428,0.41499037,0.14629768,0.19473109,0.03824991,-0.025185982,0.12989382,0.23931372,0.10373038,0.15990555,0.050516646,-0.0026182388,0.100395024,0.16026282,0.07601059,0.13958356,0.06264156,0.042250283,0.07150161,0.18221939,0.04832765,0.1306264,0.07475301,0.07703571,0.037386283,0.30341637,0.020926332,0.13648003,0.084849015,0.10720094,0.015787141,0.46535173,0.003275309,0.16222495,0.0007908538,0.0007908538
153,0.18801412,0.41358745,0.14613996,0.19758712,0.031691186,-0.03235514,0.12869565,0.23940584,0.10162113,0.1643074,0.044595364,-0.009461969,0.09766571,0.1604744,0.07279801,0.14464243,0.05723974,0.03485492,0.06833006,0.18120915,0.044716123,0.13630635,0.06994913,0.07073136,0.033476997,0.30040514,0.015867542,0.14329974,0.080573454,0.103591874,0.009565139,0.46234894,-0.005722415,0.17099199,0.0007908538,0.0007908538
154,0.18183623,0.4097528,0.14082372,0.19334792,0.035681278,-0.028226053,0.12424662,0.23482476,0.096071586,0.15885334,0.04744908,-0.005935556,0.092793,0.15839756,0.06673714,0.13890217,0.058764257,0.037307546,0.06293447,0.1824691,0.03804861,0.13023809,0.06970683,0.0705036,0.028719777,0.30498683,0.009461496,0.1363483,0.07823716,0.101637185,0.005637276,0.46869966,-0.011409666,0.16237989,0.0007908538,0.0007908538
155,0.19297741,0.4175933,0.14873832,0.19660571,0.032030407,-0.031891916,0.13159384,0.24381116,0.10389661,0.16332296,0.044567354,-0.007971108,0.100110546,0.16463575,0.07529444,0.14366359,0.05669657,0.035718244,0.071215376,0.18563081,0.04815679,0.13533832,0.06857907,0.06937498,0.038499076,0.30495673,0.022797506,0.14235874,0.078004554,0.10105458,0.018693935,0.46683308,0.0075255954,0.17006774,0.0007908538,0.0007908538
156,0.18388571,0.41689715,0.14347975,0.19530107,0.038104944,-0.025262596,0.12747575,0.2388054,0.10079328,0.16002415,0.05010561,-0.0022840174,0.097808875,0.16019884,0.07273253,0.13968366,0.061815612,0.041684322,0.068681136,0.18363582,0.04483295,0.13087262,0.0731774,0.07420972,0.035505883,0.30691284,0.018439202,0.1370505,0.08200436,0.1035219,0.015441302,0.47239566,0.002724668,0.16335194,0.0007908538,0.0007908538
157,0.17584604,0.41667286,0.13937077,0.20049885,0.036966447,-0.026432406,0.12320878,0.23437719,0.09809565,0.16484326,0.049909424,-0.0038781832,0.09500824,0.1546526,0.07000773,0.1443769,0.062813155,0.041210055,0.06519713,0.17765976,0.040622655,0.13577689,0.07568477,0.0757199,0.02942896,0.30193225,0.009993483,0.14271447,0.08606712,0.105458505,0.0050190897,0.4705416,-0.012486258,0.1705329,0.0007908538,0.0007908538
158,0.18249507,0.42507786,0.1453186,0.20472518,0.035204325,-0.027868776,0.1288322,0.24120773,0.10535547,0.16950412,0.049039125,-0.004387897,0.101918146,0.15815288,0.07835086,0.1490376,0.06303818,0.04139947,0.07304517,0.17813343,0.050070062,0.14063509,0.07726137,0.07675286,0.03794499,0.3000959,0.02135246,0.14834905,0.08902659,0.10654237,0.015625017,0.46861807,0.0028090957,0.17768957,0.0007908538,0.0007908538
159,0.17311484,0.4220593,0.13956462,0.20403683,0.038410705,-0.024321018,0.12353843,0.2353145,0.10049358,0.16758384,0.051916014,-0.0026008312,0.09749861,0.15352114,0.073341295,0.14676896,0.06560331,0.042834193,0.06817362,0.17576383,0.044165365,0.13816266,0.07941074,0.0778981,0.03216293,0.30085072,0.013537068,0.14546597,0.09068446,0.10701138,0.008104727,0.47239146,-0.007972535,0.17407283,0.0007908538,0.0007908538
160,0.17605032,0.4262335,0.14220203,0.20422329,0.039746042,-0.022658845,0.12637219,0.23859525,0.10394435,0.16743858,0.053240392,-0.0007589678,0.101037756,0.15574962,0.077413775,0.14644161,0.06697143,0.044660587,0.07229029,0.17749232,0.04898662,0.13772012,0.080808714,0.07910872,0.037313335,0.30248514,0.020380864,0.14493082,0.092073485,0.10741553,0.015626632,0.47432896,0.002948869,0.17342217,0.0007908538,0.0007908538
161,0.17543261,0.4269223,0.14200574,0.20536683,0.038790952,-0.023604587,0.126035,0.23863317,0.103864476,0.16871801,0.05250107,-0.0017243214,0.1008571,0.15542921,0.077283226,0.14777887,0.06647693,0.04358358,0.072123356,0.17684774,0.048802458,0.13916242,0.0806177,0.0782623,0.036964234,0.30173278,0.019901635,0.14662983,0.09217367,0.10696367,0.014881678,0.4744137,0.0018634566,0.17559968,0.0007908538,0.0007908538
162,0.1710968,0.42598128,0.13932681,0.20361656,0.042200454,-0.020063195,0.123963274,0.23618664,0.10194509,0.1659522,0.055408582,0.0011447233,0.09938437,0.15382074,0.07550276,0.14468805,0.068859816,0.046240628,0.0705767,0.17699847,0.046811346,0.1358046,0.08230243,0.07985314,0.035673328,0.30417904,0.018079353,0.14271815,0.0930598,0.10728092,0.014162751,0.47853336,0.00083772256,0.17068659,0.0007908538,0.0007908538
163,0.17865299,0.4314903,0.1447442,0.20799391,0.0382243,-0.023855682,0.1284951,0.24184361,0.10663985,0.171219,0.052334987,-0.0023896592,0.1035478,0.15745118,0.08021265,0.1501499,0.066820495,0.04303293,0.074846506,0.17804477,0.051853128,0.14156207,0.08153499,0.07841671,0.039351016,0.30286223,0.022977563,0.14940837,0.09353964,0.10735695,0.017396636,0.47627592,0.0055382214,0.17920864,0.0007908538,0.0007908538
164,0.16786987,0.42804652,0.13815348,0.20798679,0.04071077,-0.02126682,0.12226707,0.23518538,0.10100479,0.17007184,0.054624483,-0.0017307722,0.098295964,0.15192859,0.07432342,0.14868516,0.06894926,0.043377057,0.06903204,0.17459199,0.044830862,0.13994226,0.08344646,0.079032965,0.03212647,0.30249095,0.0131991375,0.14749423,0.095171236,0.10785161,0.007449285,0.4792984,-0.008722578,0.17679365,0.0007908538,0.0007908538
165,0.16867296,0.42970064,0.13893214,0.20819452,0.041411918,-0.020393169,0.123075776,0.23633257,0.1019526,0.17005089,0.055323366,-0.001304747,0.09930892,0.15283945,0.075412124,0.14855525,0.06967587,0.043629326,0.07017521,0.17551441,0.0460913,0.13974445,0.0841902,0.0792769,0.033387896,0.3037503,0.014818306,0.14724468,0.09590323,0.10802133,0.009141329,0.48115543,-0.0062522604,0.17648907,0.0007908538,0.0007908538
166,0.17212911,0.43187985,0.14125744,0.21008615,0.039662052,-0.021801447,0.12491258,0.23878121,0.10367821,0.1723796,0.05398517,-0.0031656479,0.10078363,0.15461004,0.077034496,0.1509843,0.06882257,0.041686837,0.071608506,0.17625536,0.047771454,0.14230467,0.08394954,0.07843983,0.03421364,0.30361935,0.015904361,0.15021762,0.09628517,0.1081658,0.009118413,0.48084933,-0.0062990226,0.18027522,0.0007908538,0.0007908538
167,0.17180783,0.4321204,0.14078158,0.20593226,0.043577883,-0.017350376,0.12502609,0.23911802,0.10334984,0.16734473,0.056911517,-9.419111e-05,0.10097588,0.1561078,0.07697979,0.14569247,0.07055252,0.043359026,0.0723417,0.17934762,0.048515875,0.1366852,0.08406814,0.07804794,0.036663067,0.30810478,0.019177884,0.14374043,0.094603695,0.1067529,0.014400415,0.48606896,0.0013319546,0.17213905,0.0007908538,0.0007908538
168,0.17642726,0.43318257,0.14305003,0.20815459,0.038695294,-0.022318231,0.12636158,0.24159619,0.10386117,0.17079058,0.05252324,-0.0051082354,0.10096738,0.15822531,0.076841764,0.14960448,0.066607855,0.03765226,0.07222522,0.17990018,0.048490882,0.14101018,0.080673434,0.07339809,0.036108054,0.30645046,0.018564,0.14888988,0.09171688,0.104394674,0.012572814,0.4836775,-0.0013489021,0.17876227,0.0007908538,0.0007908538
169,0.17194977,0.43032533,0.13959059,0.20597255,0.04098404,-0.020336172,0.12342121,0.23836751,0.10043926,0.16792695,0.054244906,-0.003392154,0.09794503,0.15646914,0.07316963,0.14657056,0.06765646,0.039025944,0.06889021,0.18012765,0.044401903,0.13779427,0.08082167,0.07356556,0.03290396,0.30878246,0.014247605,0.14518368,0.09083955,0.10367876,0.009381816,0.4872855,-0.005944025,0.17411801,0.0007908538,0.0007908538
170,0.17682774,0.4333035,0.14284857,0.20764056,0.038959414,-0.022478657,0.12632087,0.24187936,0.103321224,0.17013419,0.052578665,-0.004810907,0.10056784,0.15895692,0.076151535,0.14892647,0.06638029,0.037832133,0.07171479,0.18127048,0.0478001,0.140314,0.0800194,0.07275892,0.03601461,0.30847248,0.018462723,0.1481431,0.09048357,0.10332186,0.013245837,0.48613992,-0.00035676174,0.17790632,0.0007908538,0.0007908538
171,0.17473061,0.43408033,0.14191224,0.2071116,0.04186869,-0.019676372,0.12598549,0.24117109,0.10343528,0.16873297,0.05525806,-0.0017259435,0.10107209,0.15820307,0.07669068,0.14718677,0.06887694,0.041546088,0.072194144,0.18147834,0.048202652,0.13833597,0.082242094,0.075800024,0.036661062,0.31040803,0.01919035,0.14580137,0.092347845,0.10471458,0.014774686,0.4891711,0.0018473059,0.17497365,0.0007908538,0.0007908538
172,0.17119412,0.43351388,0.13980626,0.20706597,0.044135883,-0.017285435,0.124271385,0.2390717,0.10191023,0.16789813,0.05739076,0.00020764652,0.09987967,0.15646866,0.075241655,0.14605975,0.07093337,0.043881055,0.07065549,0.18091962,0.04619493,0.1370273,0.08416822,0.07803167,0.034512334,0.3118057,0.016165577,0.14424624,0.09405977,0.10593491,0.011967129,0.49196568,-0.002219668,0.1730432,0.0007908538,0.0007908538
173,0.17606282,0.43593776,0.1428708,0.21113701,0.040345185,-0.020973925,0.12650797,0.24190532,0.10375488,0.17276365,0.054437667,-0.0033640182,0.10126348,0.15834153,0.07665387,0.15113403,0.068956144,0.040836878,0.07156472,0.18128616,0.047222055,0.1423994,0.08341659,0.07692651,0.03401946,0.31089044,0.015487932,0.1505012,0.09450965,0.106242165,0.0094508855,0.49040455,-0.0058463225,0.1810078,0.0007908538,0.0007908538
174,0.17532104,0.4362862,0.14238684,0.20875598,0.043868996,-0.017302845,0.12663299,0.24186018,0.103715755,0.16946426,0.057331264,-9.6786476e-05,0.10168943,0.15901254,0.07690289,0.14750937,0.071132846,0.043858726,0.072157405,0.18343171,0.04775976,0.13845634,0.0846088,0.07842285,0.035646677,0.3147212,0.0176491,0.14589949,0.09458707,0.10621589,0.013191821,0.49485782,-0.0003459677,0.17522019,0.0007908538,0.0007908538
175,0.1725017,0.43510547,0.14045803,0.20859359,0.044110436,-0.016838606,0.12467183,0.24005607,0.1016458,0.16913241,0.057480577,-0.000716054,0.09970561,0.15776905,0.07458705,0.14715424,0.071161516,0.04269796,0.07000042,0.18281312,0.04514585,0.13810131,0.08446482,0.07735542,0.033071,0.3148931,0.014146201,0.14551309,0.09421785,0.1055653,0.009616418,0.4962017,-0.005552955,0.17476703,0.0007908538,0.0007908538
176,0.17538342,0.43705505,0.14239055,0.21039309,0.042069692,-0.018613338,0.126126,0.24215865,0.10303512,0.17141132,0.055828772,-0.0028154275,0.10083569,0.15921961,0.07586306,0.14958183,0.06995077,0.04040407,0.07117068,0.18321837,0.04656468,0.14070621,0.083813176,0.07591183,0.033922713,0.3142826,0.0153135415,0.14857313,0.09411625,0.1051379,0.00997147,0.49550942,-0.005031865,0.17867887,0.0007908538,0.0007908538
177,0.17839994,0.4387208,0.14413737,0.20926599,0.04312519,-0.01730479,0.12804766,0.2444071,0.10454864,0.17007291,0.056587666,-0.0015187986,0.10249429,0.16162023,0.077518314,0.14816102,0.070339106,0.041233867,0.07310999,0.18590786,0.048793435,0.13917507,0.08366879,0.07571302,0.03691757,0.31710497,0.019379282,0.14681919,0.093332574,0.10440353,0.01497896,0.49809468,0.0022596044,0.17651822,0.0007908538,0.0007908538
178,0.17292716,0.43594086,0.14043045,0.20969997,0.043244153,-0.017294696,0.12438396,0.24050125,0.100784436,0.17023633,0.056710977,-0.0020927934,0.098815076,0.15861014,0.07322993,0.14827713,0.070467144,0.040615067,0.068799466,0.18415512,0.043537825,0.13930675,0.083785735,0.075342506,0.031484626,0.3170392,0.01196454,0.14698444,0.093385905,0.104218744,0.007334778,0.49977437,-0.008799164,0.17675799,0.0007908538,0.0007908538
179,0.17509034,0.44010293,0.14276451,0.21060143,0.043813232,-0.016364427,0.12671871,0.24345832,0.10392686,0.17091344,0.05742024,-0.0014816755,0.10196094,0.16035752,0.07694513,0.14882715,0.07139687,0.04107892,0.07250458,0.18506235,0.0479293,0.13981628,0.08497988,0.07582072,0.035796035,0.31767455,0.01776173,0.14756112,0.09481249,0.10451186,0.0131983105,0.50132746,-0.00020181807,0.17751634,0.0007908538,0.0007908538
180,0.17557056,0.44280487,0.14380933,0.21315797,0.042285558,-0.017434621,0.12737153,0.24479094,0.10525329,0.1736698,0.056399312,-0.003210397,0.10307251,0.1605718,0.07838226,0.15162398,0.071002945,0.039243154,0.073735416,0.18419632,0.049420293,0.14277323,0.08538504,0.075092584,0.036433652,0.31631848,0.018613033,0.15101235,0.09600428,0.104632296,0.013038175,0.50105214,-0.0003599118,0.18192062,0.0007908538,0.0007908538
181,0.1647558,0.43858716,0.13701499,0.21215522,0.04537499,-0.014199254,0.12111396,0.23800401,0.09940398,0.17158653,0.059127312,-0.001778484,0.09769662,0.15520115,0.07229516,0.14920986,0.073363945,0.0404401,0.06776475,0.18127033,0.042176485,0.14015053,0.087245256,0.0762347,0.029165948,0.31678176,0.008700419,0.1479379,0.097286776,0.10518465,0.003276762,0.5045814,-0.014443564,0.17803301,0.0007908538,0.0007908538
182,0.16896276,0.4440069,0.14072958,0.21490882,0.044121496,-0.015282884,0.12452792,0.24234241,0.103810415,0.1745745,0.058452297,-0.0023981212,0.101861395,0.15745214,0.07731692,0.1521985,0.0734466,0.040219888,0.072472446,0.18147525,0.047839735,0.14326115,0.088314295,0.07672479,0.034147784,0.31542715,0.015380564,0.15154482,0.09936295,0.105833836,0.009329009,0.50326794,-0.0056840642,0.18263085,0.0007908538,0.0007908538
183,0.17098089,0.44681716,0.14240882,0.21384494,0.045445032,-0.014123019,0.12651679,0.24490297,0.10616872,0.17321737,0.059503276,-0.0007001997,0.10438862,0.1594756,0.08023072,0.15073851,0.07416863,0.04152189,0.07572225,0.1832592,0.051700227,0.14169875,0.088569455,0.07648349,0.03916559,0.3168942,0.02215012,0.14975408,0.09907774,0.10474164,0.017513609,0.50507677,0.0061572012,0.18039839,0.0007908538,0.0007908538
184,0.15784095,0.43962833,0.13352245,0.2140289,0.045208268,-0.014839541,0.11770912,0.23565976,0.09739074,0.173146,0.05922003,-0.002594574,0.095735475,0.15210222,0.07048763,0.15069684,0.073803045,0.039174806,0.06606659,0.17819478,0.040239923,0.14175758,0.08811049,0.07449029,0.027588308,0.31463394,0.0065737534,0.1498688,0.09849663,0.10358006,0.0015605441,0.5062915,-0.016852375,0.18056999,0.0007908538,0.0007908538
185,0.1615699,0.4450838,0.13673584,0.21502407,0.04350791,-0.016438508,0.120604545,0.24041323,0.101162076,0.17455147,0.05771084,-0.0040915012,0.09924724,0.15522882,0.07478365,0.15225044,0.072472125,0.036761884,0.070626736,0.17948192,0.0458376,0.14347811,0.08700369,0.07167959,0.0337419,0.31404412,0.014989363,0.15193824,0.09759078,0.10174106,0.010312322,0.50644624,-0.004105018,0.183255,0.0007908538,0.0007908538
186,0.16293567,0.4490663,0.13839155,0.21852154,0.04155679,-0.018237814,0.121819854,0.2428119,0.10315022,0.17828153,0.056394983,-0.0059959562,0.10095891,0.15608461,0.076961674,0.1560063,0.07194651,0.03510503,0.07245815,0.1788888,0.048100106,0.14743839,0.08746583,0.07116791,0.03505253,0.312607,0.016798772,0.15657423,0.09897169,0.10191176,0.011087224,0.50570893,-0.0029461377,0.18921137,0.0007908538,0.0007908538
187,0.16185771,0.4502725,0.13765684,0.2136518,0.048308745,-0.011573048,0.122446984,0.24346256,0.103603564,0.17177953,0.061946794,0.00081232283,0.10239294,0.15778549,0.07823392,0.1489534,0.0761134,0.041735355,0.07439866,0.18314454,0.050127268,0.1398537,0.089693554,0.07443225,0.039322626,0.31986737,0.02242742,0.14781506,0.09899131,0.101724096,0.019974252,0.5141028,0.009868644,0.17823386,0.0007908538,0.0007908538
188,0.15537483,0.4466766,0.13285457,0.21611635,0.045081016,-0.015351537,0.11713229,0.23858245,0.09802618,0.1747202,0.05910763,-0.003293238,0.09657936,0.15350485,0.0717054,0.15214299,0.07366268,0.03757468,0.06765873,0.17927742,0.042210344,0.14338306,0.08771719,0.07135857,0.030662473,0.31671566,0.010793039,0.15203086,0.097352795,0.10011276,0.0073120445,0.5130637,-0.008611021,0.18370841,0.0007908538,0.0007908538
189,0.16463147,0.45245796,0.13859317,0.22023779,0.038809013,-0.02127281,0.12159599,0.24509472,0.102139086,0.18034194,0.0536456,-0.009022076,0.09989412,0.158154,0.07547933,0.15827827,0.0690465,0.031200971,0.07118502,0.18080291,0.046543635,0.1500366,0.08415649,0.06643718,0.03400051,0.31473148,0.01536264,0.15989156,0.09470946,0.097785614,0.010328074,0.5100904,-0.004402331,0.19381768,0.0007908538,0.0007908538
190,0.16198418,0.4521236,0.13610911,0.21206343,0.04609813,-0.013787555,0.12054591,0.24477062,0.10028253,0.17056294,0.059036475,-0.0028349764,0.09916609,0.1600482,0.07417949,0.14807571,0.07210235,0.0353583,0.07120612,0.18610139,0.04633425,0.13927186,0.08403246,0.06599516,0.037124723,0.3234007,0.019502573,0.14755915,0.09107279,0.09474323,0.018566148,0.52098364,0.007313885,0.17840382,0.0007908538,0.0007908538
191,0.16340242,0.4479018,0.13441743,0.21397191,0.036234766,-0.023416912,0.11697247,0.24295093,0.09403635,0.174652,0.049437065,-0.013902937,0.091860056,0.16010848,0.06534997,0.15319924,0.062360745,0.02130212,0.06277495,0.18585874,0.036547303,0.14523862,0.07401913,0.052543912,0.027476177,0.32117367,0.0069607194,0.15487483,0.08047452,0.08642959,0.0049557565,0.5189336,-0.012423711,0.1880203,0.0007908538,0.0007908538
192,0.17092185,0.45236382,0.13812388,0.20573646,0.03925981,-0.019748993,0.12121856,0.24957846,0.096924484,0.16615932,0.05068878,-0.011419929,0.095201716,0.16793473,0.068698205,0.14479835,0.061327256,0.020225659,0.067480385,0.19493563,0.04227743,0.13655351,0.06995216,0.04691551,0.036446158,0.3306774,0.019507512,0.145038,0.073076345,0.08047329,0.021121118,0.52860343,0.011301367,0.17581853,0.0007908538,0.0007908538
193,0.16065727,0.44837528,0.13131526,0.20300019,0.0405235,-0.018068621,0.114516355,0.24355301,0.090419024,0.16286798,0.051258065,-0.012583882,0.08887151,0.16341214,0.061626922,0.14144793,0.060982537,0.016651936,0.061081503,0.19213502,0.034677994,0.13313513,0.0684048,0.0421503,0.029936146,0.329808,0.010668425,0.14120612,0.0701979,0.07685412,0.013168001,0.5317611,-0.0005675785,0.1710954,0.0007908538,0.0007908538
194,0.161105,0.45107093,0.13266058,0.21007659,0.03298503,-0.025649063,0.1144496,0.24439599,0.09159668,0.17133662,0.045009114,-0.020113828,0.0889983,0.16219532,0.06239987,0.15041488,0.05600867,0.009197359,0.061354697,0.18806307,0.03536189,0.14283442,0.064918056,0.036924668,0.029688671,0.32260162,0.010441315,0.15263389,0.0679877,0.07458102,0.011334656,0.52469283,-0.0033760394,0.18578838,0.0007908538,0.0007908538
195,0.16345376,0.45447773,0.13460332,0.2097269,0.03311091,-0.025314637,0.11633089,0.24719638,0.09387281,0.17102563,0.045038328,-0.020161303,0.091253586,0.1642578,0.06507683,0.15013401,0.055915833,0.008647816,0.064140856,0.18953371,0.038728464,0.1425786,0.06464053,0.036041673,0.03330345,0.32366621,0.0153029505,0.1524084,0.06743671,0.073840976,0.016519869,0.52606964,0.0041086483,0.18559653,0.0007908538,0.0007908538
196,0.15487318,0.4533034,0.12875864,0.20213357,0.04388615,-0.014590495,0.112481155,0.24377929,0.09010072,0.16099714,0.054253217,-0.01086247,0.08914646,0.1623456,0.0624371,0.13927203,0.06365574,0.017355293,0.06235569,0.1909704,0.036177635,0.13086157,0.07060035,0.04195209,0.03198085,0.3301304,0.013084754,0.13877428,0.07164853,0.076252006,0.016428938,0.536831,0.0037109198,0.16833612,0.0007908538,0.0007908538
197,0.16237932,0.45935723,0.13425916,0.20832036,0.037104767,-0.021007463,0.11666138,0.24913192,0.09475367,0.16851859,0.048559718,-0.01683366,0.092849,0.16543947,0.066880666,0.14725487,0.059057135,0.0115551585,0.066300645,0.19107884,0.04108536,0.13945214,0.067292534,0.038040034,0.03598149,0.32690373,0.01861885,0.14887346,0.069410555,0.07466725,0.020606525,0.53199,0.009843466,0.18135683,0.0007908538,0.0007908538
198,0.15544152,0.4572815,0.12993039,0.2097667,0.037298605,-0.021252267,0.11237945,0.24487199,0.090833195,0.16948366,0.04888969,-0.017650511,0.089069806,0.16147257,0.06267218,0.14806768,0.0595686,0.010946468,0.062062234,0.18783459,0.035981085,0.14029717,0.06801264,0.03803238,0.030528957,0.32511416,0.011214692,0.14989807,0.070248805,0.0749296,0.012794589,0.5327696,-0.0014781011,0.18275037,0.0007908538,0.0007908538
199,0.15618959,0.46034488,0.13085064,0.20985107,0.03915221,-0.019542158,0.113642626,0.24673761,0.09251929,0.16904017,0.05068711,-0.015855953,0.09106996,0.16269387,0.06494463,0.14741549,0.061407197,0.012989819,0.064421184,0.18895438,0.038672958,0.13952686,0.069901854,0.039859965,0.033242192,0.3267787,0.014756096,0.14900798,0.07213519,0.07596986,0.016568203,0.535302,0.004079754,0.18168706,0.0007908538,0.0007908538
200,0.15659864,0.46205762,0.13150409,0.21210949,0.038434938,-0.02063454,0.114195324,0.24753629,0.09346263,0.17130484,0.05034864,-0.016442468,0.09196728,0.16275752,0.06604163,0.14964685,0.061548665,0.013018662,0.06535447,0.18841983,0.039752997,0.14185105,0.070637554,0.04052116,0.033926014,0.32598412,0.015610253,0.1517053,0.07341311,0.07667087,0.016997643,0.5348979,0.0047129192,0.18515575,0.0007908538,0.0007908538
201,0.15496515,0.46201319,0.13025986,0.2102098,0.042030312,-0.01709733,0.113654934,0.24700484,0.092719205,0.16857746,0.053541433,-0.013013246,0.09181594,0.16274537,0.0656391,0.14662114,0.064401634,0.016589008,0.06519644,0.189622,0.039331447,0.13855223,0.07306932,0.043259636,0.033830497,0.32903153,0.01530059,0.14786041,0.07541822,0.07796965,0.01734856,0.5391916,0.005196072,0.18029888,0.0007908538,0.0007908538
202,0.15941097,0.46431893,0.1331373,0.2129718,0.0390336,-0.020060746,0.11603214,0.24964485,0.094992094,0.17200015,0.0510622,-0.015039759,0.093702085,0.16453558,0.06774857,0.15025839,0.062472764,0.014962361,0.0670355,0.19021381,0.041535016,0.14244315,0.07181499,0.042330395,0.035611942,0.32822135,0.017711718,0.15240303,0.074770555,0.07771021,0.019193932,0.53737086,0.007876998,0.18612131,0.0007908538,0.0007908538
203,0.15891704,0.4650646,0.13263066,0.20994647,0.043934505,-0.014994372,0.11645677,0.25005803,0.09512873,0.1679304,0.05534703,-0.010272774,0.09461581,0.16551195,0.06846052,0.145809,0.06620259,0.019697908,0.06813661,0.19258712,0.042527515,0.13760278,0.074854,0.045762196,0.03719703,0.33267188,0.019585775,0.14675167,0.07712555,0.079230286,0.022114431,0.54298335,0.012047528,0.1789642,0.0007908538,0.0007908538
204,0.1594042,0.46506506,0.13270287,0.2095327,0.04405289,-0.014496532,0.11653192,0.2501464,0.094844475,0.16750368,0.055367053,-0.010305317,0.09436836,0.16588877,0.06798901,0.14540023,0.066100955,0.019064173,0.06782144,0.19326496,0.04203857,0.13718979,0.07459143,0.04482869,0.036885973,0.33366165,0.019086221,0.14630054,0.0766676,0.07846722,0.02175519,0.5443408,0.01146785,0.17843412,0.0007908538,0.0007908538
205,0.15345828,0.46074456,0.12859155,0.21214184,0.040122338,-0.018202625,0.111630395,0.24493323,0.08978752,0.1707649,0.05188843,-0.015267653,0.08875952,0.1613219,0.06167505,0.14894773,0.063012116,0.01328707,0.061359003,0.18891044,0.034397263,0.14109273,0.07197971,0.0402023,0.028730895,0.3294151,0.008078524,0.15091494,0.07445775,0.076054566,0.009705364,0.5418138,-0.006257094,0.18436332,0.0007908538,0.0007908538
206,0.1629603,0.4668645,0.13506646,0.21331732,0.03703021,-0.020436179,0.11739903,0.2520043,0.09554948,0.1728638,0.04906269,-0.017796565,0.09391938,0.16711795,0.06752168,0.1513864,0.060391024,0.009755541,0.067175366,0.19296612,0.041419085,0.14377566,0.06959166,0.036818545,0.035856307,0.33131114,0.017790344,0.15408814,0.07224251,0.0740825,0.019316636,0.5423013,0.0077982238,0.18845044,0.0007908538,0.0007908538
207,0.15272379,0.46364155,0.12853701,0.21103601,0.042415716,-0.0150345545,0.1118338,0.2464562,0.0903009,0.16908272,0.053906363,-0.013880067,0.08952499,0.16275713,0.0624507,0.14705758,0.06479091,0.013549112,0.06251442,0.1909703,0.035580724,0.13902912,0.07345251,0.03999899,0.030268978,0.33301356,0.0099551,0.14852022,0.075579956,0.07586877,0.011980167,0.5480439,-0.003014698,0.18134971,0.0007908538,0.0007908538
208,0.15302967,0.4685662,0.13013843,0.21773757,0.040087193,-0.017349971,0.11295744,0.24842572,0.09302739,0.1759298,0.052786168,-0.015475558,0.09196427,0.16222392,0.06572472,0.153827,0.06522089,0.013392871,0.06528905,0.18811145,0.038933862,0.14608102,0.07587166,0.04183526,0.032373928,0.32857534,0.012598764,0.15667753,0.079952106,0.078005634,0.013140222,0.5443315,-0.0014462192,0.19178432,0.0007908538,0.0007908538
209,0.15329134,0.4730616,0.13120875,0.21625553,0.044179656,-0.013614179,0.11487649,0.25143623,0.09598079,0.17352334,0.056550894,-0.011461487,0.09556268,0.16429098,0.069999084,0.15105389,0.06876085,0.017461106,0.06989326,0.1901372,0.044331703,0.14302294,0.079110906,0.04455279,0.038451325,0.33144608,0.020627933,0.15311643,0.08285616,0.078957416,0.022333147,0.548737,0.011930293,0.18728738,0.0007908538,0.0007908538
210,0.1454227,0.47123292,0.12664959,0.21729745,0.04464374,-0.013475771,0.11041672,0.2472583,0.09237285,0.17417589,0.05712492,-0.01210858,0.09205531,0.16014487,0.06631826,0.151558,0.06950712,0.016602132,0.06623207,0.18652043,0.040019307,0.1435314,0.08008133,0.043974023,0.033965845,0.32911378,0.0145196235,0.15371515,0.08401683,0.07873285,0.01597802,0.5492941,0.0025672251,0.18808523,0.0007908538,0.0007908538
211,0.14850542,0.47317943,0.12846756,0.22086133,0.04075685,-0.016814202,0.11142602,0.24881186,0.09304097,0.17838375,0.053798024,-0.015845878,0.09216095,0.16112421,0.06631489,0.15600297,0.06676021,0.012368488,0.06600072,0.18650295,0.039736804,0.14829509,0.07805085,0.040767808,0.03306883,0.32792398,0.013353253,0.15929872,0.082567446,0.07725809,0.013828964,0.5478472,-0.00054268184,0.19530055,0.0007908538,0.0007908538
212,0.14765917,0.47395414,0.12767869,0.21786451,0.0449734,-0.012803794,0.11147809,0.24935341,0.09277437,0.17442274,0.057372175,-0.012118185,0.09261228,0.16235851,0.06653591,0.15172555,0.06967754,0.015901424,0.06664245,0.18920606,0.04027342,0.1437003,0.08009112,0.042893134,0.034311086,0.332742,0.014926626,0.15399787,0.08364304,0.077749394,0.016580569,0.5539875,0.003564089,0.18863295,0.0007908538,0.0007908538
213,0.15262924,0.47736472,0.13083224,0.21776032,0.044762377,-0.013004671,0.11458979,0.2531929,0.095630035,0.1744028,0.05711241,-0.012071332,0.09546536,0.16579399,0.06959179,0.15175685,0.069348015,0.015698057,0.069794744,0.19222975,0.04393842,0.14375174,0.07965073,0.042233236,0.038237907,0.3353257,0.020205952,0.1540995,0.08302152,0.077007845,0.022234723,0.55609006,0.011881547,0.18883425,0.0007908538,0.0007908538
214,0.1483985,0.47460845,0.12777157,0.21884778,0.04241603,-0.0156264,0.11108848,0.24979107,0.09190776,0.17582369,0.05490642,-0.015307258,0.091477774,0.16298147,0.065068476,0.15335174,0.067198,0.011937423,0.06522617,0.18984565,0.03855839,0.14555168,0.07756099,0.038895886,0.03268224,0.33340317,0.012785416,0.15627058,0.08091697,0.07500227,0.0144111905,0.5556058,0.00039295433,0.1916822,0.0007908538,0.0007908538
215,0.14678833,0.47459698,0.12642007,0.21583043,0.04628462,-0.012425347,0.11058692,0.24965002,0.09110128,0.17195769,0.058152873,-0.011911415,0.09141157,0.16356932,0.06473527,0.14921242,0.06980164,0.015405085,0.06528291,0.19186321,0.038406435,0.14111747,0.07932261,0.041012216,0.03318459,0.337506,0.013336125,0.15114602,0.08178647,0.07547472,0.016085181,0.5612033,0.002875876,0.18521367,0.0007908538,0.0007908538
216,0.15223928,0.4787698,0.13007471,0.21827027,0.045263976,-0.013370261,0.114030994,0.25361097,0.09444533,0.17451961,0.05752075,-0.012348043,0.0946738,0.16652547,0.06827873,0.15178238,0.069678575,0.015531782,0.06868683,0.19377396,0.042323533,0.14378989,0.079833105,0.041844074,0.03667561,0.33853838,0.017944355,0.15425669,0.08282835,0.07634722,0.020257343,0.5615028,0.00902299,0.18926145,0.0007908538,0.0007908538
217,0.15082707,0.47931027,0.12882774,0.21647644,0.04927485,-0.0098394845,0.11365684,0.25352877,0.09376635,0.17173946,0.06110583,-0.008499348,0.09483309,0.16683877,0.068172894,0.14864314,0.0729169,0.020008827,0.06892264,0.19520254,0.042308796,0.14035061,0.08262145,0.045578577,0.03695394,0.34189484,0.018072918,0.15025693,0.08511886,0.07823242,0.02108064,0.5661936,0.010159984,0.18423118,0.0007908538,0.0007908538
218,0.14758474,0.4768832,0.12616797,0.21885538,0.045329217,-0.014134127,0.11031028,0.2504189,0.090069115,0.17477396,0.057525184,-0.012743556,0.09073031,0.16397506,0.06353573,0.15197448,0.069630936,0.015605088,0.0641111,0.19218667,0.036666792,0.14403391,0.07970767,0.042057317,0.030836072,0.33865076,0.009861412,0.15465061,0.08245858,0.07634896,0.012067834,0.56386656,-0.0032121015,0.18995559,0.0007908538,0.0007908538
219,0.14915577,0.47876474,0.12738544,0.22205931,0.042748686,-0.016847955,0.111071974,0.25160202,0.0911023,0.1784336,0.05551564,-0.01473428,0.09145842,0.16419537,0.064484894,0.15577343,0.06829529,0.014128291,0.06477985,0.19124855,0.03751049,0.14808106,0.07924535,0.041479845,0.03109373,0.3366364,0.010187877,0.15938194,0.08280481,0.07634207,0.011658035,0.56171507,-0.0038661873,0.19604498,0.0007908538,0.0007908538
220,0.15633214,0.4842731,0.13210252,0.2194775,0.045616183,-0.013902294,0.116417386,0.2578912,0.09635701,0.17545708,0.0579002,-0.011152065,0.09717082,0.16991435,0.070781596,0.15265368,0.070177115,0.017479433,0.07142454,0.19675295,0.04529449,0.14472166,0.080453984,0.043183222,0.03974302,0.34204638,0.021825705,0.15548338,0.0833157,0.0765081,0.024604,0.56642157,0.015221688,0.19110836,0.0007908538,0.0007908538
221,0.14163108,0.47956157,0.123297736,0.2190105,0.047971714,-0.011844655,0.10807073,0.24977374,0.08929584,0.1741465,0.060074493,-0.010724157,0.09049523,0.16241045,0.06365994,0.15104243,0.07221676,0.017478112,0.06446915,0.19079472,0.037022267,0.14297526,0.08233204,0.04322349,0.031451046,0.33886585,0.010388557,0.15345408,0.085030675,0.07661292,0.013143686,0.56796706,-0.0019314507,0.18853529,0.0007908538,0.0007908538
222,0.14798917,0.48605356,0.12826724,0.22157027,0.04504014,-0.014664634,0.112492435,0.25552532,0.09457044,0.17731915,0.057595074,-0.012806052,0.09532223,0.16618663,0.06941326,0.15442772,0.070225395,0.015220114,0.07006691,0.1923033,0.043794673,0.14660531,0.080968685,0.041208994,0.038134012,0.33802822,0.019431425,0.15770507,0.08422662,0.07553003,0.022001244,0.56643534,0.011107177,0.19401415,0.0007908538,0.0007908538
223,0.14054564,0.4843428,0.1239463,0.22143815,0.046008106,-0.014588694,0.10845393,0.2518941,0.091416694,0.17675911,0.058486413,-0.012594758,0.09244407,0.1625781,0.06648156,0.15372655,0.07105087,0.015823077,0.06717992,0.18927228,0.040431883,0.14586197,0.08171179,0.0417435,0.034823023,0.336365,0.014935988,0.15686677,0.08487651,0.0757482,0.01769208,0.5673684,0.004755373,0.19297385,0.0007908538,0.0007908538
224,0.14137334,0.4851783,0.124002606,0.21832415,0.049190566,-0.011731375,0.10922751,0.25300476,0.09159489,0.17301205,0.06104855,-0.009631204,0.09327383,0.16439192,0.067039505,0.14980222,0.07291839,0.018634506,0.06817875,0.19233017,0.04134221,0.14169738,0.08264843,0.043123987,0.036515314,0.34109718,0.017033402,0.1520895,0.08482315,0.075743265,0.020979721,0.5730957,0.009506899,0.1869779,0.0007908538,0.0007908538
225,0.1465022,0.48663676,0.12674533,0.22038993,0.04501712,-0.01554706,0.11116833,0.25523913,0.092741325,0.17595313,0.057191484,-0.013304314,0.09385561,0.16640857,0.06745507,0.1531094,0.06928445,0.014330201,0.06847465,0.19346642,0.041687947,0.1453289,0.079277605,0.039188415,0.03667464,0.34080625,0.017320395,0.1563916,0.081574745,0.07340535,0.020817237,0.5718374,0.009261837,0.19257174,0.0007908538,0.0007908538
226,0.13979751,0.4840496,0.12225714,0.21774271,0.049598463,-0.011632184,0.10768369,0.25159743,0.08931728,0.17223488,0.06124577,-0.009364365,0.09131082,0.16369683,0.06445179,0.14900671,0.07285991,0.018882632,0.06579293,0.19263236,0.038240105,0.14088476,0.08224096,0.042917274,0.0336007,0.34286767,0.012863124,0.15120912,0.08396151,0.07526641,0.01713361,0.57660705,0.0036363017,0.18597305,0.0007908538,0.0007908538
227,0.14591709,0.4894517,0.12683511,0.22310188,0.044011623,-0.016926961,0.111166984,0.25619504,0.09337915,0.17866401,0.056576386,-0.013794814,0.09456155,0.16622485,0.06839007,0.15578899,0.069208816,0.0148049295,0.06923788,0.19246018,0.0424814,0.14813073,0.07990826,0.040393032,0.036959935,0.33983085,0.01744225,0.15966189,0.08279786,0.074476734,0.020514833,0.57250357,0.0085851485,0.19683479,0.0007908538,0.0007908538
228,0.13945912,0.4911707,0.12386915,0.22465014,0.048172183,-0.013451895,0.10908238,0.25454178,0.09270783,0.17886783,0.06089682,-0.009984937,0.09470993,0.16368505,0.068785734,0.15540496,0.074011415,0.020516288,0.0696119,0.19037414,0.042671174,0.147472,0.085336514,0.046924517,0.036667887,0.33998993,0.016653536,0.15881014,0.08882003,0.07903712,0.019622942,0.5757429,0.007192791,0.19576205,0.0007908538,0.0007908538
229,0.13113599,0.4923771,0.11936407,0.22652268,0.053749222,-0.0085671125,0.10569047,0.25161272,0.090474315,0.17886585,0.06660713,-0.0049527404,0.093577795,0.16008756,0.06757812,0.15459797,0.08030399,0.027811142,0.0683561,0.18771781,0.04077103,0.1462631,0.09241992,0.055338837,0.03386299,0.34051245,0.012346456,0.15729487,0.09663964,0.08498215,0.014890503,0.5799797,0.00010420135,0.1938952,0.0007908538,0.0007908538
230,0.14361537,0.50323546,0.12820655,0.23432404,0.04850865,-0.013257323,0.113443926,0.26097202,0.098725684,0.1873558,0.06261426,-0.007873366,0.101125926,0.1660899,0.07613396,0.16322353,0.07792895,0.02622719,0.07619724,0.189763,0.04995274,0.15526454,0.09220642,0.056019153,0.041402977,0.33878264,0.022374118,0.16769995,0.098399185,0.086714394,0.023099566,0.5760987,0.012298634,0.20727499,0.0007908538,0.0007908538
231,0.121703215,0.49560338,0.114853606,0.23305927,0.050233085,-0.012466759,0.10043134,0.24895239,0.0871683,0.18513796,0.06391204,-0.009578381,0.08997222,0.15554564,0.064102575,0.1608052,0.078644074,0.02322555,0.06459969,0.1819281,0.036455885,0.15284383,0.092110716,0.05265573,0.028291738,0.33503944,0.0048837704,0.16503456,0.09738149,0.084326304,0.0058739055,0.5788262,-0.012827426,0.20398991,0.0007908538,0.0007908538
232,0.12343141,0.5016597,0.11679567,0.2318437,0.05194352,-0.010579352,0.10271331,0.25362363,0.09035111,0.18348263,0.06530388,-0.008286674,0.093396924,0.15938225,0.06814554,0.15902172,0.07965243,0.023499597,0.0690737,0.18545675,0.04174354,0.1509669,0.092553556,0.051578704,0.034501854,0.33863074,0.01322966,0.16293916,0.0971552,0.08293087,0.015286606,0.5836198,0.001134177,0.20143159,0.0007908538,0.0007908538
233,0.13392563,0.5107927,0.12421028,0.23316161,0.05196569,-0.00994453,0.11011818,0.26263645,0.0981248,0.18483283,0.065527126,-0.006849117,0.101126246,0.1666167,0.076780535,0.16032265,0.080209136,0.025190366,0.077673435,0.19096543,0.05172725,0.15224391,0.09353518,0.053053837,0.044558484,0.34249684,0.02657998,0.16439383,0.098498486,0.083768636,0.02888291,0.58607316,0.021185135,0.20332795,0.0007908538,0.0007908538
234,0.11676126,0.50732553,0.1146813,0.2335186,0.053327505,-0.009353694,0.100863814,0.25489628,0.09123639,0.1845688,0.06686966,-0.007683143,0.09448972,0.15855698,0.07024085,0.15983479,0.081592195,0.024139993,0.07118401,0.18363325,0.04437892,0.15174784,0.0949955,0.05246326,0.037004076,0.33743155,0.016410088,0.16384631,0.10003577,0.0836282,0.018500166,0.586154,0.005655719,0.20264004,0.0007908538,0.0007908538
235,0.118050255,0.5104668,0.115972884,0.23697728,0.049134623,-0.013337945,0.101281814,0.25670213,0.09233917,0.18876676,0.06322205,-0.01154799,0.09494596,0.15897475,0.07108788,0.16430354,0.0785469,0.019832239,0.07175928,0.18217748,0.045221154,0.15653725,0.09280282,0.04898501,0.037266754,0.33401433,0.01678436,0.16941535,0.09863775,0.08197155,0.017950175,0.5828989,0.004748486,0.2098038,0.0007908538,0.0007908538
236,0.11717751,0.5135364,0.11612941,0.2351813,0.051740848,-0.010774896,0.10202086,0.25868738,0.09392107,0.1864742,0.065504275,-0.009267745,0.09697857,0.16044994,0.073547594,0.16183683,0.08049337,0.02179233,0.07457321,0.18370013,0.048448347,0.15391311,0.09427172,0.049777083,0.04124035,0.3360763,0.021897128,0.16640577,0.09961274,0.08173396,0.024088658,0.58615226,0.01363188,0.20597866,0.0007908538,0.0007908538
237,0.10164097,0.5079581,0.106865264,0.23520835,0.052063636,-0.0105582075,0.092769235,0.25025412,0.086024255,0.18615101,0.0657669,-0.011272069,0.08911097,0.15257713,0.065330766,0.1614203,0.08066113,0.01832223,0.06657243,0.17698722,0.039359014,0.15354797,0.09432865,0.046266794,0.032189287,0.3313453,0.009929986,0.16603775,0.09955092,0.079572454,0.011894161,0.5857867,-0.0043876152,0.20553154,0.0007908538,0.0007908538
238,0.110686705,0.5148285,0.11282431,0.23539428,0.050558247,-0.01140459,0.09841842,0.2574958,0.091508456,0.18672837,0.06426733,-0.011952851,0.09430168,0.1589719,0.07095538,0.16219081,0.07908404,0.01658198,0.07235877,0.18227822,0.045997098,0.15441352,0.092631035,0.04355261,0.039394464,0.33504084,0.019437445,0.1670783,0.09766915,0.07745356,0.021905096,0.58827174,0.010363702,0.20691893,0.0007908538,0.0007908538
239,0.11385206,0.51772356,0.11500922,0.23737153,0.048559573,-0.013226102,0.10017576,0.26000008,0.09326526,0.18901971,0.06254701,-0.013504931,0.09572999,0.16086702,0.0724874,0.16459057,0.07768938,0.014826634,0.073769145,0.18343729,0.047577154,0.15694076,0.09168755,0.042014737,0.04080182,0.33541715,0.021241313,0.16999151,0.0971263,0.07666903,0.023407718,0.5885553,0.012532977,0.21067335,0.0007908538,0.0007908538
240,0.11840983,0.51878417,0.117190264,0.23505053,0.05195275,-0.00964798,0.10310176,0.2621317,0.09481611,0.18610463,0.06552653,-0.009807998,0.09799608,0.16399531,0.07418032,0.16148293,0.080279075,0.018847505,0.07594564,0.1880266,0.049500275,0.15358585,0.09371842,0.04506498,0.043376736,0.34178475,0.02417746,0.16611071,0.09856064,0.07791475,0.02734046,0.59536695,0.018123038,0.20574208,0.0007908538,0.0007908538
241,0.11335983,0.51318604,0.113032244,0.23447081,0.051060993,-0.010116858,0.098697364,0.25659737,0.08919419,0.18556705,0.06445835,-0.012290715,0.0922747,0.16035655,0.06718716,0.16105977,0.078887396,0.014209748,0.06940727,0.18626682,0.04152354,0.15323776,0.09188975,0.03963984,0.035819236,0.34180385,0.013878397,0.16577001,0.09622713,0.07402024,0.017088024,0.5979868,0.0028004816,0.20536119,0.0007908538,0.0007908538
242,0.11615493,0.51438594,0.11450572,0.23199287,0.05410468,-0.0072282506,0.10082701,0.25847703,0.090554066,0.18252973,0.06706125,-0.00959957,0.09420151,0.16298734,0.06879587,0.15785725,0.081020124,0.016535077,0.07151631,0.19004573,0.04358124,0.14980955,0.09335806,0.04064497,0.03866216,0.34693137,0.017383147,0.16180317,0.09700888,0.07382901,0.021630123,0.60381734,0.009513856,0.20029463,0.0007908538,0.0007908538
243,0.11997017,0.5145136,0.11621642,0.23380144,0.050397273,-0.010509516,0.10178896,0.2591872,0.090485275,0.18503852,0.06359631,-0.012928664,0.09360039,0.16394064,0.06773687,0.1606898,0.07771267,0.012354449,0.07037346,0.19072896,0.042119663,0.15291566,0.090269536,0.036534533,0.037075587,0.3468473,0.015230895,0.1654711,0.0940307,0.071266755,0.019087091,0.60339576,0.0056711715,0.20510316,0.0007908538,0.0007908538
244,0.12428932,0.51558644,0.11822303,0.23249127,0.051712733,-0.008860904,0.1041241,0.26129127,0.09164628,0.18348546,0.06464443,-0.0112658385,0.0950925,0.1667249,0.068818405,0.15909229,0.07845926,0.013734854,0.07176562,0.19429621,0.04342285,0.15121658,0.09058833,0.037089754,0.038784586,0.3511572,0.017352164,0.16352767,0.09386429,0.071126066,0.021764193,0.607546,0.009661569,0.20266771,0.0007908538,0.0007908538
245,0.12476822,0.5155735,0.11819335,0.2330174,0.051817253,-0.00880186,0.1041566,0.26117942,0.09120052,0.18388943,0.06478366,-0.010870186,0.094793126,0.1668178,0.06820998,0.15945502,0.07868089,0.01448962,0.07119939,0.19472492,0.04254775,0.15157466,0.0909203,0.03796029,0.037807498,0.3521715,0.015858272,0.16395043,0.09425418,0.07172323,0.020212399,0.60908955,0.007243121,0.203257,0.0007908538,0.0007908538
246,0.12338429,0.5134885,0.11650078,0.23465337,0.04847606,-0.012177019,0.10183,0.25887966,0.08810876,0.18603088,0.061616205,-0.014126623,0.09134237,0.1650035,0.06412677,0.16185266,0.075587355,0.010886678,0.0669916,0.19312759,0.037569694,0.15423968,0.08793164,0.03465375,0.032547154,0.35067698,0.008809016,0.16714251,0.09123725,0.069726616,0.012705905,0.6082063,-0.0040576113,0.20748681,0.0007908538,0.0007908538
247,0.130293,0.51841587,0.120872416,0.2336312,0.049167015,-0.011317837,0.106416106,0.264371,0.09241532,0.18497865,0.062099777,-0.012786961,0.09584146,0.16998293,0.06901993,0.16081685,0.07582541,0.011995823,0.07209355,0.19758016,0.043521885,0.15314971,0.087820515,0.03475625,0.038977847,0.35452646,0.01749411,0.16591077,0.09072116,0.06919733,0.022096576,0.61141026,0.0100421775,0.20596485,0.0007908538,0.0007908538
248,0.1210059,0.5146001,0.11488384,0.23137428,0.05233994,-0.008730965,0.101101086,0.2592804,0.08735423,0.18191758,0.064820595,-0.0110680405,0.09140555,0.16599022,0.06400966,0.15747666,0.07805123,0.013483517,0.067463234,0.19552766,0.037887357,0.1495829,0.0893642,0.035469037,0.03377864,0.35537016,0.010255866,0.16178761,0.09158525,0.06918112,0.015504657,0.61568946,-3.0875904e-05,0.20070031,0.0007908538,0.0007908538
249,0.12423475,0.5180652,0.1173446,0.23494579,0.04978719,-0.010972888,0.103025876,0.2618164,0.0896098,0.18586054,0.06282862,-0.01275279,0.093283966,0.16729867,0.0662267,0.16152269,0.076780416,0.012214,0.069372535,0.19542517,0.04016125,0.15385099,0.08907944,0.03512406,0.035479546,0.3539444,0.012515589,0.16675931,0.092183925,0.069450475,0.01705769,0.6139312,0.002281384,0.20716661,0.0007908538,0.0007908538
250,0.11954825,0.51720613,0.114460595,0.23253228,0.05281759,-0.008345209,0.100807145,0.26019976,0.08773091,0.18278895,0.06540077,-0.01063271,0.09197664,0.16617922,0.06482161,0.1582256,0.07883906,0.014121138,0.06832039,0.1954155,0.038870513,0.15034014,0.09041851,0.03602618,0.034730293,0.35564047,0.011428948,0.16270931,0.092795186,0.06938314,0.016786732,0.6174947,0.0018101836,0.20200041,0.0007908538,0.0007908538
