Epoch,Layer0_theta_1,Layer0_r,Layer0_theta_2,Layer0_bx,Layer0_bp,Layer0_gamma,Layer1_theta_1,Layer1_r,Layer1_theta_2,Layer1_bx,Layer1_bp,Layer1_gamma,Layer2_theta_1,Layer2_r,Layer2_theta_2,Layer2_bx,Layer2_bp,Layer2_gamma,Layer3_theta_1,Layer3_r,Layer3_theta_2,Layer3_bx,Layer3_bp,Layer3_gamma,Layer4_theta_1,Layer4_r,Layer4_theta_2,Layer4_bx,Layer4_bp,Layer4_gamma,Layer5_theta_1,Layer5_r,Layer5_theta_2,Layer5_bx,Layer5_bp,Layer5_gamma
1,0.068946674,0.073996976,0.069006026,0.032809652,-0.046112046,0.06842608,0.06901228,0.07637249,0.06910294,0.034557052,-0.045014523,0.068722434,0.06912909,0.07340439,0.0692271,0.03578745,-0.044031147,0.06944901,0.06927433,0.07313897,0.069357105,0.03667,-0.04297102,0.06958014,0.06942464,0.07307648,0.069491774,0.03728265,-0.04137815,0.06912881,0.069576286,0.074174486,0.06964191,0.037771422,-0.034350295,0.06849567
2,0.047644585,0.14723977,0.04730598,0.085471615,-0.067807995,0.04366049,0.04738295,0.117539294,0.047205143,0.083662905,-0.05733667,0.044535704,0.047332056,0.054784037,0.047377028,0.08089432,-0.04966655,0.046128392,0.04755633,0.05444565,0.047751483,0.07809364,-0.042487495,0.0463891,0.047981646,0.054143224,0.048327554,0.07597461,-0.033558138,0.04535563,0.04860224,0.07903259,0.049177293,0.07546443,-0.00881138,0.043950193
3,0.06246487,0.19256355,0.059620168,0.12818693,-0.051458824,0.05446008,0.060296964,0.15667823,0.054773014,0.11901675,-0.03507574,0.05602538,0.055647086,0.057913683,0.054340206,0.10832962,-0.022428602,0.05844762,0.055119604,0.061051734,0.055154998,0.09837638,-0.010952549,0.058865078,0.055826057,0.05997148,0.057309765,0.09074895,0.0029801764,0.057505842,0.05787638,0.09995593,0.062065247,0.08685304,0.038573124,0.055914693
4,0.054169856,0.22961012,0.05401626,0.15985094,-0.031716276,0.037455224,0.055401426,0.17548142,0.05140293,0.14449503,-0.012412038,0.045046914,0.053159755,0.052532278,0.052256007,0.127157,0.0030818905,0.049423426,0.0537048,0.055125453,0.053915422,0.111388244,0.016943268,0.050196543,0.05504254,0.055934444,0.056490954,0.09944131,0.03395157,0.04791104,0.057320405,0.10878495,0.061479434,0.09300325,0.07746401,0.043633435
5,0.059954498,0.25185153,0.05774245,0.18833148,-0.019048227,0.03475396,0.059759755,0.19060116,0.05563155,0.16990446,0.003341288,0.044541396,0.058070637,0.053828288,0.05734269,0.14744225,0.021976221,0.05123571,0.059300426,0.05614097,0.059613887,0.12677155,0.03859463,0.05316601,0.061063364,0.057828624,0.0626104,0.11109829,0.05911988,0.05170811,0.06357181,0.11680659,0.06841711,0.1027382,0.11209057,0.050196458
6,0.057462126,0.26735076,0.05629191,0.20944281,-0.01577254,0.022942405,0.058548473,0.19833434,0.055751823,0.19050579,0.009377442,0.03779517,0.058453664,0.052229356,0.058099616,0.16516472,0.030335689,0.047128435,0.060214438,0.053294413,0.06067425,0.14155251,0.048995834,0.050237197,0.062158007,0.055517107,0.06362231,0.12369456,0.07224689,0.04940088,0.06447094,0.11796487,0.06909323,0.11462497,0.1338342,0.050184287
7,0.056894086,0.27672157,0.05615165,0.22680369,-0.014281514,0.0127418665,0.05855404,0.20309393,0.05655434,0.20832263,0.013257825,0.03361887,0.059392948,0.05130056,0.059253287,0.18080574,0.036274873,0.04564794,0.061417755,0.051408228,0.06193528,0.15481035,0.05671056,0.05019306,0.06336242,0.053827308,0.06474254,0.13520898,0.082311854,0.050268985,0.06539862,0.11760653,0.06983757,0.12576294,0.15165769,0.053066593
8,0.056439843,0.28152934,0.055972464,0.23966968,-0.0056168563,0.0047027348,0.059000988,0.20451982,0.057275295,0.22117889,0.022778973,0.03196904,0.060623854,0.05017533,0.060503144,0.19110799,0.04742491,0.04711224,0.06303879,0.05037987,0.06344586,0.16236399,0.06922363,0.05356118,0.0650984,0.053600073,0.06630541,0.14071625,0.096525915,0.05511785,0.06704464,0.11852891,0.07133131,0.13037427,0.17095265,0.06126779
9,0.055867158,0.2854469,0.05574021,0.24883306,-0.005747902,-0.0041564847,0.05878725,0.20616661,0.05753869,0.23161975,0.024035122,0.029143754,0.06088682,0.049126364,0.060876295,0.20048425,0.04973038,0.046694342,0.06335462,0.04852736,0.06376432,0.17042787,0.07230109,0.054507054,0.06528904,0.05175066,0.066376396,0.1478811,0.10060787,0.056764144,0.06689362,0.11692757,0.07083178,0.1375331,0.17922702,0.06577804
10,0.05420721,0.28808483,0.054796576,0.2551922,-0.0060279835,-0.014172274,0.057844423,0.20746739,0.057166867,0.23926695,0.024827795,0.025545157,0.06050102,0.048109107,0.0606115,0.20737326,0.051200703,0.04535053,0.06302842,0.04652071,0.06346731,0.17636746,0.074136995,0.05444788,0.064872086,0.04954268,0.06586551,0.15322568,0.1029087,0.057272624,0.066187695,0.11476704,0.069753684,0.14297584,0.18421383,0.06737418
11,0.053980064,0.28901646,0.054685522,0.25982374,-0.00466541,-0.021189524,0.0578476,0.20770639,0.05727472,0.24523067,0.026938878,0.023950985,0.060698047,0.047217816,0.060816217,0.21250702,0.053875588,0.04590389,0.06326822,0.045223452,0.06365804,0.18046509,0.07707018,0.056255054,0.0650365,0.048304792,0.065916546,0.15664579,0.106117144,0.05973041,0.06614488,0.113568425,0.069437474,0.14632398,0.1892028,0.070793636
12,0.055471204,0.28882048,0.05561469,0.2639454,-0.004689346,-0.025585575,0.058774408,0.20714499,0.057910558,0.25123057,0.027860112,0.024037134,0.06133213,0.046288583,0.061374504,0.21783003,0.055401456,0.04795934,0.063788176,0.04423744,0.06407366,0.1848315,0.078889646,0.05941831,0.06536856,0.047454145,0.066122204,0.16039182,0.10822181,0.06347448,0.066209264,0.11245551,0.06927402,0.15006736,0.19305491,0.07538104
13,0.055510756,0.28813872,0.055609744,0.26557463,-0.0021070028,-0.030539468,0.058982007,0.2063341,0.057947047,0.2541499,0.030811712,0.023511633,0.06156324,0.04540616,0.061544195,0.22001207,0.058562227,0.04925458,0.064095885,0.04337182,0.06429603,0.1861463,0.081948675,0.06174877,0.06566986,0.046825334,0.066308565,0.16117439,0.111090586,0.06630157,0.06642475,0.11201669,0.06926902,0.15071483,0.19619884,0.078628905
14,0.056422018,0.28847152,0.056210607,0.26706818,-0.0048453338,-0.035934858,0.059353217,0.20748964,0.05819427,0.25718307,0.028984237,0.022023924,0.061627958,0.045430746,0.06161809,0.22299491,0.056759696,0.049068853,0.06398408,0.042538106,0.06420108,0.18902318,0.07982097,0.06223311,0.065377235,0.045382123,0.06598347,0.1641647,0.1085792,0.0668837,0.06587741,0.11011083,0.06848997,0.15413192,0.19405341,0.07864049
15,0.05770101,0.2880724,0.057012912,0.26717743,-0.002293909,-0.040579267,0.060359586,0.20821925,0.058789786,0.2584909,0.031846315,0.021345178,0.062432393,0.04576066,0.062354185,0.22373815,0.059601013,0.049973093,0.06487471,0.04263239,0.06504257,0.18914762,0.082330905,0.06407986,0.06631616,0.045377605,0.066856995,0.16395617,0.110686526,0.06914001,0.06680706,0.11031246,0.06929659,0.15383406,0.19590516,0.08094722
16,0.05867419,0.28801623,0.05764369,0.26689234,-0.0037354124,-0.04570305,0.060859606,0.20958966,0.059014764,0.25961372,0.031105064,0.019908486,0.062581025,0.04620246,0.062487084,0.22479348,0.05861808,0.049766958,0.064916976,0.042235494,0.06510483,0.19019288,0.080710836,0.06450622,0.06626562,0.044303495,0.06678664,0.16523826,0.1083526,0.06961326,0.06660299,0.10898023,0.06888701,0.15553291,0.19312418,0.082667686
17,0.060919035,0.28760707,0.05908793,0.26620552,-0.003250863,-0.048857722,0.062322956,0.21048242,0.059868213,0.2605004,0.032120474,0.019855553,0.063498594,0.046778012,0.06331188,0.22540778,0.05947971,0.050971154,0.065774985,0.04250481,0.065921575,0.19051588,0.08107918,0.0663929,0.067079455,0.044261802,0.06755312,0.1655297,0.10817683,0.071669355,0.06733932,0.10893418,0.06949393,0.15597644,0.19258006,0.08545889
18,0.060897924,0.28698167,0.05905185,0.26424617,-0.0048372727,-0.053221926,0.06214912,0.21111386,0.059460238,0.25982052,0.03112514,0.018567692,0.063023426,0.04690872,0.06281494,0.22476959,0.05794421,0.050613075,0.06520083,0.04185249,0.065375514,0.19014716,0.07856949,0.0664223,0.066437826,0.04289612,0.066900074,0.1657042,0.10458236,0.071540356,0.06658042,0.107369676,0.068490066,0.15673962,0.18772177,0.08476952
19,0.06270387,0.28602147,0.060192958,0.26234573,-0.0064783324,-0.05466177,0.063128516,0.2108009,0.05983645,0.2596439,0.03013279,0.019198243,0.063316554,0.04682823,0.06300177,0.2246112,0.056551065,0.05203668,0.06529916,0.0415667,0.06543196,0.19013025,0.07640004,0.06812765,0.06639302,0.04227273,0.06680989,0.16609368,0.10155679,0.07307271,0.06638004,0.10660254,0.068090655,0.15763146,0.18379965,0.08575307
20,0.062047683,0.28419355,0.0596671,0.2592245,-0.0044659693,-0.059193656,0.06277571,0.21024421,0.05912919,0.2581887,0.032520525,0.01827382,0.06284002,0.046511743,0.062436286,0.22276022,0.058395334,0.05244869,0.0649093,0.04098653,0.06500652,0.18806154,0.07720718,0.06919743,0.066079065,0.041435406,0.066441014,0.16421852,0.10116831,0.074214764,0.06608472,0.105995126,0.06754426,0.1560491,0.18176764,0.086387135
21,0.065030076,0.2838137,0.061638713,0.2580522,-0.008851941,-0.060883995,0.06433081,0.21138102,0.059886385,0.25890225,0.029148268,0.018367568,0.06328922,0.047323596,0.06277572,0.22378336,0.05469477,0.053149987,0.064968966,0.041129775,0.0650537,0.18955818,0.072780676,0.070074454,0.06586187,0.040653076,0.066217236,0.16641271,0.096012376,0.074825965,0.065603204,0.1045081,0.06690246,0.15903363,0.17621808,0.08614119
22,0.06617857,0.28195876,0.062303707,0.25574708,-0.007923749,-0.06378092,0.065053456,0.21096005,0.05989075,0.2585045,0.030685943,0.018218676,0.06343027,0.047420193,0.06275963,0.22303222,0.055870667,0.054101743,0.06505005,0.041189957,0.06505688,0.18857333,0.073129736,0.071538895,0.065911755,0.040413495,0.06621267,0.16558261,0.09543628,0.076325834,0.06561323,0.10413609,0.06676119,0.158515,0.17455357,0.08727362
23,0.06535267,0.27948985,0.06160776,0.25240296,-0.00800594,-0.067536265,0.06435665,0.20966089,0.058757212,0.2569851,0.031245446,0.017352343,0.06238406,0.046776235,0.061591096,0.22128996,0.05580425,0.054215133,0.06393718,0.040319957,0.06389184,0.1869211,0.071886174,0.0720071,0.0647563,0.039117206,0.06500879,0.16447131,0.09287896,0.07664468,0.06439367,0.102651685,0.065288454,0.15802315,0.17028792,0.086878635
24,0.06916997,0.27899492,0.06416931,0.25091633,-0.009903994,-0.06816097,0.06670311,0.21080278,0.05998341,0.25723654,0.030189987,0.018048989,0.06349747,0.04805441,0.06251689,0.22156093,0.054431006,0.055527844,0.06475009,0.041338976,0.06464136,0.18737972,0.069789134,0.073561944,0.06538014,0.039407022,0.06560918,0.16539444,0.09008651,0.078059986,0.06486065,0.10243945,0.06568182,0.1594999,0.16700934,0.08775321
25,0.068874344,0.27644593,0.0638269,0.24743104,-0.009527383,-0.07106809,0.06638523,0.20931798,0.059063755,0.2556732,0.031219166,0.017603304,0.06270082,0.047491327,0.061557423,0.21972008,0.054863818,0.05599469,0.063877046,0.040749587,0.06368941,0.18555203,0.06906918,0.07436378,0.06446215,0.038476255,0.06463487,0.16405046,0.088079125,0.07872319,0.06389039,0.101343215,0.06448708,0.15873745,0.16332057,0.08779374
26,0.07174571,0.27546966,0.06574499,0.24474078,-0.010288306,-0.07184583,0.06818982,0.20968474,0.05981112,0.25491083,0.031236734,0.018326875,0.06344769,0.04830051,0.062105846,0.21888141,0.054405157,0.05743177,0.06440609,0.04141358,0.06414753,0.18485935,0.06765584,0.07608797,0.06486665,0.03856005,0.06500126,0.16386722,0.08569152,0.08029387,0.064183265,0.10118958,0.06464101,0.1591352,0.15994915,0.08872911
27,0.073571175,0.27461043,0.0669604,0.2415032,-0.009406579,-0.07454027,0.069439046,0.21118726,0.060108908,0.25309592,0.03276824,0.017716527,0.06389575,0.04977456,0.062384784,0.21683548,0.055304576,0.057699,0.06478963,0.042362798,0.06449907,0.18292952,0.0673774,0.07680399,0.06525787,0.038629666,0.06537805,0.16247796,0.08422524,0.08095702,0.064563155,0.101135075,0.06488966,0.15829043,0.15714332,0.08877147
28,0.074883506,0.27359116,0.067810714,0.23850702,-0.011648906,-0.07715963,0.07007349,0.21229677,0.059916437,0.25155705,0.03144378,0.016807573,0.06361345,0.05082455,0.06195781,0.21541446,0.05330959,0.057372805,0.064267494,0.042638723,0.06396647,0.18209177,0.064140216,0.0766727,0.06460173,0.037754074,0.064722605,0.1626161,0.0797529,0.08055056,0.06377258,0.099699415,0.06392473,0.15936401,0.15142776,0.08748713
29,0.07499457,0.2709881,0.06772557,0.23501123,-0.0111465445,-0.08032363,0.070018,0.21142134,0.059071988,0.25031197,0.032823905,0.016082693,0.062919594,0.050749503,0.06105961,0.21385072,0.054146856,0.057634786,0.063477315,0.042408817,0.06308794,0.18049474,0.0637899,0.07736008,0.06376581,0.036944054,0.063837685,0.16151617,0.078111194,0.081153505,0.06288965,0.09853059,0.06284434,0.158896,0.14828733,0.0875691
30,0.07728388,0.26892725,0.06918986,0.23294249,-0.013963179,-0.0811097,0.07121175,0.21036172,0.05919134,0.25115117,0.031250745,0.016753027,0.06289021,0.050614975,0.060777023,0.21471223,0.052329503,0.058963228,0.06305541,0.042284857,0.06254388,0.18150726,0.061177876,0.07887955,0.06307268,0.03624098,0.06308814,0.16307822,0.07465403,0.08244969,0.061982695,0.09701899,0.06177259,0.1612221,0.14421536,0.08832796
31,0.07629164,0.2674719,0.06839711,0.22883059,-0.013954297,-0.086381204,0.07042132,0.21219824,0.057795588,0.24780917,0.03207308,0.013947209,0.06163911,0.052029207,0.05941663,0.21124151,0.052192044,0.05699269,0.061791066,0.042452853,0.06131269,0.17863654,0.05932514,0.077309266,0.06185278,0.034915954,0.061884712,0.16135986,0.07107385,0.080687165,0.060746133,0.095351316,0.06031891,0.16052704,0.13866961,0.085686445
32,0.07791497,0.26769528,0.069562085,0.22522302,-0.018236263,-0.088097334,0.07120642,0.2140845,0.057744958,0.24634175,0.028995696,0.013438296,0.06134435,0.053131536,0.05900662,0.21028939,0.048380446,0.057034403,0.061149728,0.04223787,0.06070443,0.17873102,0.05416835,0.07750742,0.060998093,0.033339866,0.061018653,0.16286981,0.06465371,0.08044551,0.059633113,0.09354564,0.05887918,0.16332911,0.13129167,0.08618817
33,0.080056034,0.26682943,0.071064115,0.21902497,-0.014371006,-0.08799256,0.07295104,0.21289898,0.058313083,0.243518,0.03346491,0.015703367,0.06233388,0.052926533,0.059706956,0.20704806,0.05206632,0.060394093,0.062168814,0.04239812,0.06159334,0.17518489,0.056490663,0.08141339,0.062080048,0.033764165,0.061978836,0.15961888,0.06558413,0.0842401,0.060699303,0.09530817,0.059546176,0.16049007,0.1307398,0.08751851
34,0.08192304,0.2664619,0.07240386,0.21462132,-0.014853011,-0.089719154,0.07419662,0.21387544,0.05855996,0.24229929,0.03411394,0.01612051,0.06265376,0.05366474,0.05983004,0.20586331,0.052080773,0.061793968,0.06232156,0.042426113,0.061713535,0.17427891,0.055210836,0.08327058,0.062157873,0.033023182,0.06200344,0.15949523,0.063036196,0.085875385,0.06063275,0.09488738,0.059127096,0.16121891,0.12720165,0.087436624
35,0.08392372,0.26598725,0.07385375,0.21026759,-0.013912571,-0.09156725,0.07565874,0.2149474,0.05893734,0.24142857,0.036180325,0.01651048,0.06321076,0.054539327,0.060160197,0.2048393,0.05359224,0.06332776,0.062768534,0.042687695,0.062108677,0.17322844,0.05549438,0.08539041,0.06258166,0.0325879,0.06236803,0.15895003,0.062106967,0.08788435,0.06096619,0.09482216,0.05914237,0.16131952,0.1253033,0.08831389
36,0.08547805,0.26677966,0.075067386,0.20600647,-0.017109264,-0.09250278,0.07657959,0.2166408,0.059018757,0.24002548,0.034185067,0.016641216,0.063141175,0.05530741,0.05996138,0.20394157,0.05090009,0.0641188,0.062411513,0.042123374,0.06178423,0.17324112,0.051515803,0.086430125,0.062063415,0.030937882,0.061816204,0.16027097,0.05696339,0.08861844,0.06020431,0.09354652,0.057957318,0.16383807,0.11945904,0.08745486
37,0.087703995,0.26862776,0.07690018,0.19971873,-0.013935784,-0.08986079,0.078550115,0.21959774,0.059923556,0.23661606,0.038084097,0.017386934,0.064408384,0.057074144,0.061059732,0.20039693,0.05376583,0.06597031,0.06375996,0.042724818,0.063175105,0.169863,0.052723203,0.088918306,0.06356181,0.030867487,0.06325467,0.15765138,0.05665606,0.09147188,0.061658617,0.09521047,0.058928523,0.16189118,0.11786574,0.09280339
38,0.08965779,0.26851213,0.07840303,0.19417743,-0.012145804,-0.088141166,0.08009669,0.21894266,0.06040573,0.23563093,0.040932182,0.019250438,0.06513959,0.0566489,0.061531466,0.19925778,0.055991862,0.068896025,0.064401686,0.042175487,0.06374363,0.16850466,0.053679112,0.09234569,0.0641966,0.030357735,0.06379177,0.15668932,0.05636147,0.094908774,0.062184528,0.09588491,0.058973506,0.16154262,0.11663367,0.09677949
39,0.08922309,0.26870003,0.0781822,0.18785907,-0.013189064,-0.09003277,0.07976658,0.21926302,0.059496794,0.23380828,0.0411732,0.019157294,0.064303055,0.056038376,0.06058889,0.19773024,0.05540123,0.069965206,0.06347545,0.040255353,0.062854774,0.1675424,0.0515039,0.093885995,0.06323514,0.02786919,0.06275578,0.15693462,0.052677654,0.0961481,0.061018176,0.09469237,0.057140213,0.16300574,0.111907,0.098627515
40,0.08868414,0.27022427,0.07795166,0.18286523,-0.01833765,-0.09283337,0.07915248,0.22171454,0.05858503,0.23230132,0.03740097,0.018091146,0.06311297,0.056300834,0.059428435,0.19716209,0.05089888,0.06971743,0.062044762,0.038160022,0.061564766,0.16843577,0.045624003,0.09388796,0.061650306,0.024453724,0.061152156,0.15967298,0.045580562,0.09566994,0.059116464,0.092120364,0.05460036,0.16733304,0.10424657,0.09734287
41,0.087814584,0.2697717,0.07731549,0.17778915,-0.015749114,-0.09791148,0.07867756,0.22439896,0.057535227,0.23114896,0.04120239,0.016273119,0.06244282,0.057444733,0.058660507,0.19568117,0.054015335,0.069518656,0.061547253,0.037580825,0.061121583,0.16676661,0.047190864,0.094499186,0.06133035,0.02273288,0.060803033,0.15857905,0.045658104,0.0962397,0.05878731,0.09122377,0.05380706,0.16697568,0.10331744,0.09735395
42,0.08717226,0.26951277,0.0768336,0.1744912,-0.018845374,-0.10269337,0.077994436,0.22795634,0.056258544,0.23010552,0.039572243,0.013666669,0.061081145,0.0592539,0.05722869,0.19500495,0.051801015,0.06789003,0.060015358,0.037036587,0.059674826,0.16712248,0.043547127,0.0932411,0.059720453,0.020115063,0.059209675,0.16051011,0.04073208,0.09467276,0.05700134,0.08825297,0.051671904,0.17032398,0.09774356,0.09494332
43,0.08946518,0.26900458,0.078562774,0.17133427,-0.01904328,-0.10391549,0.079633236,0.22904591,0.05665943,0.23138966,0.040831227,0.014088597,0.061559763,0.06011043,0.057413287,0.196252,0.05281785,0.0693358,0.060239904,0.037178475,0.059841927,0.16823259,0.04357744,0.09516403,0.05986179,0.019331016,0.059317,0.16201945,0.039824836,0.09641699,0.057034105,0.087392874,0.051406033,0.17251818,0.09650271,0.096036986
44,0.092031635,0.2679856,0.08047743,0.16756664,-0.016607707,-0.10490304,0.081614815,0.22974004,0.057179395,0.23195371,0.04458704,0.014766012,0.06238484,0.06117389,0.05785644,0.19637057,0.056216832,0.07112509,0.060909394,0.037989847,0.060413294,0.16779575,0.04580696,0.09750757,0.060544565,0.019369597,0.05995908,0.1617331,0.040923707,0.098642245,0.057701297,0.08742429,0.05182574,0.17274475,0.09695826,0.097744495
45,0.09417958,0.26709777,0.08207884,0.16411442,-0.016649572,-0.10637209,0.08313873,0.23127073,0.05728019,0.23179191,0.045958925,0.014616877,0.062607445,0.06276488,0.057723947,0.1960714,0.057167396,0.07184654,0.060856055,0.038794156,0.060294446,0.1676356,0.045486275,0.09860045,0.060414363,0.018803775,0.05981292,0.16238604,0.039425705,0.09946982,0.05748443,0.08638814,0.05139106,0.17434898,0.094828226,0.09794436
46,0.09495637,0.26595256,0.08261042,0.16026807,-0.018813273,-0.10826366,0.083501294,0.2322359,0.056490794,0.23058881,0.04523091,0.013848684,0.061802197,0.063736066,0.056624576,0.19501978,0.055919457,0.07173346,0.05972486,0.03869279,0.059120346,0.167363,0.04286995,0.09866188,0.059135143,0.017228544,0.05852715,0.16355301,0.035577103,0.09911676,0.05605458,0.08430578,0.049702264,0.17687105,0.090279214,0.096796334
47,0.09568303,0.26369283,0.08301649,0.15529686,-0.017478235,-0.10904653,0.08394279,0.23084994,0.05556156,0.22848228,0.04774158,0.014015442,0.06116441,0.06375503,0.055552267,0.19247934,0.057770886,0.07255949,0.058873974,0.038772643,0.05812388,0.1649276,0.043208238,0.09967817,0.05822568,0.016591892,0.057583977,0.16214497,0.034504913,0.099771135,0.05510836,0.08346986,0.04852982,0.17656918,0.08811478,0.09686503
48,0.09790057,0.2631465,0.084734686,0.15201975,-0.017168464,-0.110492475,0.08560307,0.23293136,0.05570107,0.22798975,0.049474474,0.013742083,0.061458204,0.06580793,0.055455696,0.19179638,0.059022095,0.07313407,0.058881342,0.039925218,0.05806271,0.16449642,0.0430504,0.100593604,0.058161825,0.016213097,0.057504766,0.16269161,0.033082694,0.10035161,0.05496134,0.082652,0.048179924,0.1781603,0.08603588,0.096806414
49,0.09799175,0.2614896,0.084700756,0.14842665,-0.018855259,-0.113683745,0.0854546,0.23407976,0.0544785,0.22824927,0.04950505,0.01245016,0.06027626,0.06659,0.053973116,0.1921201,0.058673292,0.07286199,0.057411592,0.039422363,0.056537293,0.16527063,0.041361365,0.100675754,0.056570496,0.014236835,0.055900272,0.1646299,0.030159926,0.10006445,0.05324262,0.080197625,0.04617429,0.18135312,0.08256869,0.095756344
50,0.099461816,0.26021627,0.08583985,0.14265116,-0.016603606,-0.11503461,0.08665401,0.23229705,0.05431412,0.2290183,0.053310677,0.013954648,0.060439102,0.06558343,0.053679686,0.19258404,0.062073074,0.07550586,0.05735722,0.03863065,0.05632097,0.16508369,0.04350681,0.1038006,0.056476597,0.0134980865,0.055744126,0.16461796,0.031083446,0.10292844,0.053115986,0.08019296,0.045631044,0.18197343,0.08282485,0.09776724
51,0.10219138,0.26109588,0.08812461,0.13765621,-0.017768968,-0.11396077,0.08876102,0.23211731,0.054937106,0.22750242,0.05345167,0.01575768,0.061087396,0.0658621,0.053926304,0.19128546,0.061589018,0.07769109,0.057596788,0.03855609,0.0564803,0.16448733,0.041669585,0.106024854,0.056542948,0.012832971,0.055774666,0.16537374,0.02810915,0.10459752,0.053006604,0.08014093,0.045141026,0.18394719,0.079296224,0.09833402
52,0.10262671,0.26104617,0.08851321,0.1334673,-0.0189506,-0.11655084,0.08905405,0.23487315,0.054086022,0.22459038,0.053633813,0.014454511,0.060343932,0.06791474,0.052919216,0.18846121,0.06094635,0.07710985,0.056645572,0.03879226,0.05554085,0.16283652,0.039224017,0.10560789,0.055525463,0.011187117,0.05475511,0.16571586,0.024153767,0.10363697,0.051843975,0.078511946,0.04368555,0.18590197,0.074519746,0.09644267
53,0.10439721,0.26051155,0.08990354,0.12911099,-0.016360039,-0.11847979,0.090503626,0.23762056,0.053999133,0.2223666,0.057518806,0.0139152175,0.060654737,0.070561804,0.052819896,0.18575224,0.064049,0.077582195,0.05684037,0.040296488,0.055690456,0.16029172,0.04050766,0.10649945,0.05578413,0.011002928,0.0550048,0.16432367,0.02384482,0.10416044,0.052084364,0.07827847,0.04370737,0.1856246,0.07327375,0.09629969
54,0.10802008,0.26025248,0.092781365,0.12624866,-0.01504664,-0.11795374,0.09332701,0.23887849,0.05503002,0.22325063,0.06030836,0.015137047,0.06187497,0.07236525,0.053504568,0.1863744,0.06652537,0.079539835,0.057662122,0.041867577,0.056381896,0.16069494,0.04178479,0.10877859,0.0565172,0.0114304125,0.055716805,0.1651864,0.024045585,0.10609688,0.05277217,0.078196056,0.04423378,0.18721287,0.07306229,0.09768843
55,0.109239325,0.25797674,0.09363491,0.12274459,-0.017214645,-0.11798266,0.09402893,0.2364427,0.054304823,0.22525519,0.060123026,0.016061535,0.061102565,0.07119691,0.052201558,0.18851373,0.06621506,0.081094235,0.05631233,0.040849194,0.054821882,0.16301024,0.040425666,0.11044316,0.054880925,0.009869982,0.0540496,0.16831806,0.021710135,0.10726144,0.051010277,0.07593117,0.042215686,0.19145758,0.070430204,0.09813656
56,0.11230488,0.25625217,0.095998675,0.11817042,-0.015194605,-0.116022706,0.0963692,0.23356147,0.054778937,0.22623536,0.06374083,0.01858666,0.061863124,0.07043694,0.05228158,0.18906486,0.069515094,0.084273286,0.05661444,0.041161504,0.0548727,0.16291365,0.04253831,0.11386361,0.055046983,0.010143151,0.05417833,0.16844475,0.02269252,0.11028527,0.051163834,0.07604348,0.042125322,0.19229627,0.07086942,0.100500226
57,0.11167359,0.25465566,0.09542721,0.11353506,-0.015484583,-0.1183832,0.095783435,0.23357221,0.05320415,0.22459961,0.0649728,0.017720876,0.060495373,0.07052977,0.050586432,0.18732834,0.07008939,0.08429073,0.05506237,0.040222056,0.053247236,0.16179202,0.04147461,0.114082225,0.053428452,0.008176619,0.052546427,0.16884084,0.020206576,0.109989,0.049458403,0.07425763,0.040110152,0.19408563,0.06763634,0.099372566
58,0.112067774,0.2550104,0.095814265,0.11073086,-0.015777364,-0.12264124,0.096126184,0.23967142,0.052542947,0.22222568,0.06606224,0.015237905,0.060013134,0.074562654,0.04992975,0.184965,0.07042612,0.0829492,0.054514028,0.041340597,0.052793574,0.16056286,0.03998857,0.1131091,0.05292326,0.0066748005,0.0520494,0.16950561,0.017238827,0.1085201,0.048833888,0.07265461,0.039266188,0.19619045,0.06406095,0.09716356
59,0.113526165,0.25414377,0.096946865,0.10710875,-0.013951903,-0.12408368,0.097278155,0.24188481,0.05213107,0.21982199,0.069271326,0.014691314,0.05996479,0.07701142,0.049406473,0.18211485,0.072860084,0.083248,0.05426131,0.042676114,0.05246423,0.15820852,0.040535893,0.113663375,0.052671634,0.0062251035,0.051792957,0.16866113,0.016181223,0.108539075,0.048541393,0.0718592,0.038807128,0.196684,0.06214402,0.096547425
60,0.11411416,0.25271484,0.097336166,0.10433068,-0.0143069755,-0.12601054,0.09762745,0.24341393,0.051086232,0.21838316,0.070470676,0.013683712,0.059101976,0.07872218,0.048093364,0.18050037,0.07345639,0.08301465,0.05307836,0.043158576,0.05118832,0.15741216,0.039422587,0.1135953,0.051384922,0.0049240226,0.05050557,0.16955106,0.013628036,0.107876934,0.047170743,0.06990158,0.03727783,0.19905496,0.05891106,0.09523721
61,0.11694361,0.25140533,0.099549845,0.10111641,-0.013312062,-0.12408909,0.09978666,0.24154718,0.0512808,0.21855171,0.072997235,0.015548473,0.059508238,0.078831255,0.047749415,0.18031539,0.07557543,0.08525292,0.05289919,0.04389354,0.050747897,0.15720244,0.040177096,0.11588702,0.051001146,0.004971595,0.050106585,0.17017946,0.013179742,0.10960326,0.04675705,0.069224514,0.036723793,0.20073654,0.05786743,0.09634883
62,0.11876898,0.24927576,0.10088628,0.098739356,-0.013540918,-0.124039605,0.10105398,0.2405094,0.050856434,0.22003551,0.07460199,0.016298028,0.059199058,0.07906442,0.04678558,0.1816185,0.07693197,0.08666543,0.052021857,0.044107284,0.049644914,0.15856506,0.04025798,0.11745738,0.04991189,0.0041325665,0.049009904,0.17234209,0.012133781,0.11063077,0.04563026,0.067305796,0.0354656,0.20394765,0.056385137,0.096792124
63,0.12085165,0.24823555,0.10253296,0.09569098,-0.01155263,-0.12507349,0.102703854,0.24275696,0.050735064,0.21837254,0.07801424,0.0161579,0.059433114,0.081708804,0.046431396,0.17948267,0.07966067,0.08743668,0.051936015,0.045770038,0.049441304,0.15677501,0.041184038,0.11852499,0.049793802,0.0039827856,0.04888475,0.17188774,0.011537581,0.111122765,0.045483127,0.066553555,0.035189234,0.20474477,0.055029534,0.096687704
64,0.123674646,0.2479866,0.10486529,0.0939661,-0.011144262,-0.12583104,0.10495821,0.24605604,0.05115805,0.21820775,0.08003323,0.016162707,0.0600213,0.08484333,0.046428233,0.17916204,0.081184074,0.08831208,0.05204673,0.047586314,0.04944913,0.15700947,0.041076932,0.11967605,0.049790874,0.0037233187,0.04887614,0.17342497,0.010078529,0.11165044,0.04540346,0.065413244,0.034987208,0.20749497,0.053061582,0.096562184
65,0.12574203,0.24741569,0.10657319,0.09032953,-0.009608679,-0.12607802,0.10664124,0.24715155,0.05106394,0.2169719,0.08307962,0.016678762,0.060234677,0.08645343,0.04599597,0.17762719,0.08358106,0.089659296,0.051841866,0.048493005,0.04908615,0.15582195,0.041729927,0.12127017,0.049490806,0.0033064398,0.04857054,0.17353387,0.009250565,0.11261656,0.04506144,0.06480143,0.03444794,0.20885451,0.051550813,0.09675656
66,0.12578794,0.24533638,0.10654336,0.0860041,-0.010902252,-0.12547822,0.10656301,0.24276276,0.04960085,0.2177034,0.08365333,0.017934933,0.058852267,0.083851874,0.043938305,0.17840646,0.08380606,0.09138406,0.049841143,0.04648758,0.046770517,0.15695028,0.04065684,0.12294778,0.047167074,0.0014454684,0.046244975,0.17580934,0.0070612812,0.113627814,0.042686954,0.06297802,0.031798583,0.2124005,0.048872367,0.096846476
67,0.12542543,0.2442277,0.10624162,0.083073296,-0.013174813,-0.12695082,0.10618372,0.24245133,0.048058826,0.21669969,0.08307112,0.017391749,0.05734609,0.0836617,0.04197705,0.17758599,0.08268855,0.091529995,0.047891572,0.045199104,0.04466831,0.15738039,0.037972137,0.12307045,0.044972237,-0.0007937774,0.04405368,0.17822085,0.0031560722,0.112991095,0.04036614,0.060816966,0.029237581,0.21641839,0.04451968,0.09530962
68,0.12521307,0.24265552,0.10598485,0.07965219,-0.009556456,-0.13088937,0.10604272,0.2461537,0.04672386,0.21294585,0.08790254,0.015412252,0.056609694,0.0867328,0.04086343,0.17313418,0.08651139,0.09101222,0.047229458,0.04623156,0.043981396,0.15349334,0.039538722,0.12300172,0.04445359,-0.001720465,0.043532442,0.17611681,0.0028522376,0.11233019,0.039845277,0.06008559,0.02854931,0.21575281,0.043246534,0.09403291
69,0.12659523,0.24303879,0.10721711,0.07935756,-0.010027565,-0.13383661,0.1072148,0.2522585,0.046639428,0.21154095,0.08877492,0.013733107,0.05665253,0.09104676,0.040587924,0.1717793,0.086769626,0.09050759,0.04702715,0.047767006,0.043815024,0.15349022,0.038009506,0.122786656,0.04420915,-0.002721576,0.04328365,0.17808115,-4.300801e-05,0.1114089,0.039466336,0.05873191,0.028034203,0.21912724,0.039939854,0.092428826
70,0.13018669,0.24351937,0.11031656,0.07727005,-0.009644371,-0.13229105,0.11021388,0.25355306,0.047537852,0.21159543,0.0907379,0.015375176,0.05768576,0.092933305,0.040809445,0.17178065,0.08825772,0.092726946,0.047341295,0.04914041,0.043912597,0.15404029,0.037951462,0.12510931,0.044289388,-0.0026629153,0.0433627,0.17989579,-0.0013359943,0.112974055,0.039476108,0.05831409,0.027878474,0.22213064,0.038228665,0.09315146
71,0.13153751,0.24164861,0.1113334,0.07339851,-0.0067820987,-0.13277173,0.11127004,0.25329927,0.046770446,0.20990862,0.09506294,0.015830208,0.057379775,0.093889445,0.039716903,0.16952026,0.09183525,0.09413004,0.046605,0.049749896,0.04293709,0.15191904,0.039614234,0.12676956,0.0434635,-0.0031646695,0.042547543,0.17908768,-0.0012963372,0.11394759,0.038676552,0.057518676,0.026924638,0.22264683,0.037453793,0.09338232
72,0.13406622,0.24119546,0.113477506,0.07236966,-0.008753192,-0.13225867,0.113281384,0.25428212,0.046928275,0.21133073,0.094886154,0.016693592,0.05745622,0.09517536,0.039036546,0.1712221,0.091426946,0.09558751,0.045849588,0.050218377,0.04195871,0.15447673,0.03794535,0.12828296,0.042377725,-0.004110288,0.041474734,0.1829524,-0.003921938,0.11469102,0.037507106,0.055643853,0.025626704,0.22770506,0.03460715,0.09332558
73,0.1347268,0.23754384,0.11377385,0.06711529,-0.0038461362,-0.13249665,0.11368992,0.25069177,0.045484874,0.21076441,0.101463675,0.01779764,0.05666479,0.09412024,0.037281077,0.16972679,0.09728141,0.097724125,0.044607915,0.05005031,0.04033326,0.15215988,0.041904896,0.13075359,0.041051876,-0.0045640324,0.040176045,0.18124264,-0.0016876952,0.11656805,0.036333952,0.054893486,0.024296924,0.2271005,0.035892952,0.09447045
74,0.13632236,0.23774852,0.11517114,0.06785227,-0.008113295,-0.1331284,0.11493516,0.25395006,0.045225143,0.2098795,0.09867256,0.017244158,0.056210555,0.09659536,0.036304273,0.1693939,0.0941058,0.097721085,0.043465536,0.050394274,0.039095543,0.1540773,0.03727581,0.13062795,0.039571512,-0.006229837,0.038711894,0.18569659,-0.007252352,0.11549882,0.034646466,0.052608903,0.022492675,0.23324102,0.030212734,0.09254932
75,0.13714835,0.23553748,0.11572574,0.06440402,-0.0028524422,-0.13480574,0.11560682,0.25510412,0.044202086,0.20635004,0.104943715,0.016906219,0.055901464,0.09871827,0.03524852,0.16486093,0.099319,0.09862051,0.042961493,0.051731106,0.03839481,0.1496793,0.04021566,0.13187142,0.039111935,-0.006308233,0.038267907,0.18287309,-0.0062062317,0.11602945,0.03424011,0.052488554,0.021974964,0.23185717,0.03026893,0.092413396
76,0.1400776,0.23583925,0.11826821,0.06449634,-0.003589125,-0.13447547,0.11804529,0.25844926,0.044684302,0.20551561,0.10553415,0.017341752,0.056451347,0.101887085,0.035044365,0.1640887,0.09939238,0.09973471,0.042799428,0.053348865,0.038078126,0.1502616,0.038668867,0.13304222,0.03871115,-0.0067195115,0.037878342,0.1853606,-0.008922378,0.11630866,0.03373223,0.05128701,0.02137619,0.23575862,0.027202923,0.09189654
77,0.13977724,0.2341467,0.11795066,0.061807506,-0.00164627,-0.13803923,0.11778971,0.26116168,0.04332404,0.20284626,0.10875971,0.01579879,0.055525858,0.10384082,0.0336927,0.16116947,0.101830974,0.099776566,0.041767642,0.05329916,0.03696942,0.14822237,0.03909165,0.13346335,0.03768909,-0.008182184,0.036873672,0.18515535,-0.010099504,0.116021834,0.03268764,0.050253477,0.020155383,0.23693871,0.025374679,0.09085766
78,0.14305624,0.2346461,0.12086079,0.0604621,-0.0025874996,-0.1356411,0.12057473,0.26079136,0.04412989,0.20442873,0.1094936,0.018056355,0.05630054,0.10427207,0.03355193,0.16304585,0.10233296,0.10239533,0.041591436,0.05364125,0.03649118,0.1506675,0.038421944,0.13605691,0.03715231,-0.008592715,0.036362823,0.18856631,-0.011651781,0.117835455,0.032125935,0.049278338,0.01944243,0.24129179,0.023582589,0.09176796
79,0.14369842,0.23317935,0.12137904,0.056997098,0.00019014615,-0.13662145,0.12113853,0.26066962,0.043125317,0.20225197,0.113623865,0.018267259,0.05577631,0.10485666,0.03228178,0.1604568,0.10566793,0.10374577,0.040686034,0.05352025,0.0353514,0.1485349,0.039786346,0.1376311,0.036153268,-0.009524063,0.035396427,0.18797205,-0.011863474,0.11865005,0.03116719,0.04863158,0.018312998,0.24202144,0.022653751,0.09174173
80,0.14496084,0.23306233,0.12255593,0.05506714,-0.0007473388,-0.13612376,0.12225423,0.26047847,0.042655855,0.2006924,0.11404982,0.019056935,0.055426314,0.105129436,0.031206172,0.15905686,0.105553806,0.10515151,0.039695896,0.05302478,0.034122474,0.14844422,0.038136184,0.13895534,0.034876183,-0.010713102,0.0341599,0.18980174,-0.014575699,0.119123444,0.02983942,0.047648504,0.01682016,0.24524185,0.01957883,0.091299295
81,0.14486241,0.23245096,0.122372754,0.052847862,-0.0006030458,-0.137843,0.122079566,0.26290002,0.04144316,0.19861363,0.11554468,0.017908342,0.054477103,0.10632982,0.0298534,0.15706725,0.106367946,0.10547437,0.038526002,0.05213734,0.032853696,0.14774927,0.037167557,0.1394804,0.033608213,-0.012497088,0.032929346,0.19110245,-0.016800484,0.11888884,0.028537638,0.04679777,0.015305154,0.24790016,0.01694898,0.09019852
82,0.14322926,0.23192124,0.120157674,0.050989836,-0.00054058596,-0.13858505,0.119941875,0.26967436,0.03914466,0.1921289,0.116433166,0.0136991665,0.052623697,0.109397665,0.028192246,0.15074125,0.10620211,0.10364345,0.0371748,0.050703112,0.03167657,0.14405955,0.034653544,0.13797732,0.032390203,-0.015277798,0.03173636,0.19082023,-0.020875422,0.11659324,0.027166167,0.0464702,0.013652954,0.24944992,0.01246546,0.08708393
83,0.14319946,0.23275971,0.11998204,0.050542537,-0.0013192163,-0.13934404,0.11975756,0.2743083,0.038299214,0.18883575,0.11671568,0.011975731,0.051978808,0.111537844,0.027396573,0.14787315,0.10580802,0.103581235,0.036501914,0.049771003,0.031018026,0.1434345,0.03230437,0.13802502,0.03163943,-0.017163545,0.031018393,0.19286433,-0.024528205,0.11580569,0.026298176,0.04626489,0.012517441,0.252985,0.0085315835,0.08537621
84,0.14302436,0.23175678,0.11975997,0.04720408,0.002620744,-0.14066279,0.11962354,0.2746565,0.037119173,0.18795918,0.122048326,0.011737507,0.051312808,0.11151355,0.026147384,0.1467868,0.11041928,0.105058365,0.035624642,0.048712317,0.029927265,0.14247522,0.034818802,0.13983919,0.030730058,-0.018387688,0.030169316,0.19304526,-0.023752991,0.1169249,0.025509398,0.046276838,0.011463024,0.25422534,0.008559408,0.08556184
85,0.1454538,0.23345542,0.12211634,0.047570657,-0.00020321959,-0.13950346,0.12185619,0.27603155,0.037931502,0.19222745,0.12117808,0.013222895,0.051810104,0.111717336,0.025911365,0.15215181,0.10962114,0.107371375,0.035098672,0.04788531,0.029136822,0.14878555,0.03300757,0.14213142,0.029765362,-0.019594643,0.02927199,0.20005497,-0.026241846,0.1184383,0.02456226,0.045226064,0.010279345,0.26187825,0.0060275905,0.08605537
86,0.14643556,0.23213819,0.122939676,0.04306597,0.0048459205,-0.13957974,0.122753195,0.2748638,0.03719858,0.18941508,0.12729816,0.01423881,0.051741183,0.11173689,0.02496339,0.14871289,0.1149129,0.10966447,0.034669805,0.047780626,0.02843388,0.145256,0.036213655,0.14466517,0.02930889,-0.01990252,0.028882446,0.19780359,-0.024765208,0.120225824,0.024225222,0.045763105,0.009732853,0.26083764,0.0067081247,0.08693165
87,0.14827807,0.2326228,0.12464141,0.04336114,0.004767813,-0.13949005,0.124401644,0.27749628,0.037378576,0.18703644,0.12811476,0.014669971,0.05209295,0.11392546,0.02468388,0.14642766,0.11522688,0.111025155,0.034520607,0.048338976,0.028152408,0.14466289,0.034850042,0.14594612,0.02896873,-0.02051874,0.028585102,0.19941707,-0.027218893,0.120604336,0.023813456,0.04538597,0.009177274,0.2638264,0.003993815,0.08646002
88,0.14936617,0.23212864,0.1255772,0.04399515,0.002527193,-0.13923447,0.1252759,0.2781379,0.03676632,0.18506768,0.12687622,0.014883845,0.051504333,0.11476495,0.023389868,0.1447273,0.11364311,0.11184294,0.03325562,0.047935177,0.026683835,0.14495867,0.031883225,0.14654313,0.027387919,-0.021885017,0.027082782,0.20204234,-0.030949147,0.12032503,0.022181652,0.043883808,0.007448058,0.26790264,0.00012698653,0.085368395
89,0.1499918,0.22970791,0.12595427,0.04190588,0.007902138,-0.14142947,0.12574519,0.28004614,0.035789244,0.18168993,0.1329324,0.014473717,0.051213562,0.11706632,0.02238263,0.14048177,0.11879933,0.11304838,0.03278687,0.048892975,0.026061406,0.14095633,0.03486976,0.14806548,0.026997298,-0.02225874,0.026737897,0.1996377,-0.029704394,0.12106354,0.021872029,0.0435912,0.007038163,0.26681963,0.0005773495,0.08539044
90,0.15220276,0.2306831,0.12799256,0.04560131,0.003556475,-0.14074917,0.12764017,0.28344434,0.036107987,0.18035196,0.1294847,0.014739175,0.051318597,0.119569756,0.021833487,0.13980803,0.11517527,0.11383001,0.032077953,0.049262546,0.025213096,0.1431817,0.030024316,0.1484904,0.025892291,-0.023412442,0.02570006,0.20456213,-0.035015646,0.120494336,0.02063655,0.042022444,0.005729072,0.2731971,-0.004601435,0.08399022
91,0.15403718,0.22830829,0.12942615,0.04230738,0.010023552,-0.14046364,0.12915678,0.28244892,0.035474233,0.17880295,0.1369434,0.016109264,0.051375747,0.12048083,0.020673916,0.13732886,0.121777214,0.116397776,0.03146421,0.050230917,0.024262315,0.14005505,0.034506135,0.15136898,0.025250558,-0.023421824,0.025142489,0.2023169,-0.032349642,0.12253462,0.020197587,0.041542422,0.0051981728,0.27211112,-0.0029030642,0.08516193
92,0.15410912,0.22669478,0.12938201,0.043849528,0.009349414,-0.14213641,0.1291073,0.28399506,0.034157652,0.17639849,0.13709219,0.01522885,0.050243326,0.12181093,0.018923173,0.13498442,0.12143932,0.116639994,0.029863726,0.0496922,0.022490967,0.13974363,0.032491826,0.15151109,0.023434313,-0.025135776,0.023425076,0.20443645,-0.03536511,0.12180504,0.018387897,0.039753255,0.0033241434,0.27569827,-0.006186556,0.08367351
93,0.15328005,0.22443238,0.12849994,0.04588917,0.0069918283,-0.144176,0.1282093,0.2839457,0.03215116,0.17513177,0.13582067,0.0139822075,0.04828354,0.12170779,0.016345307,0.13406934,0.119841754,0.116450824,0.027328229,0.04793932,0.019716633,0.14107089,0.029378464,0.15113197,0.02057039,-0.027656438,0.020707699,0.20816442,-0.039264698,0.12059671,0.015585231,0.03712715,0.00047404855,0.28084564,-0.010267834,0.08170482
94,0.15568049,0.2252387,0.13080701,0.04260178,0.011823388,-0.14131404,0.13054948,0.28123048,0.03258322,0.17271702,0.14140461,0.016831236,0.049259573,0.12093328,0.016213533,0.13118681,0.12466301,0.119821414,0.027620472,0.04798988,0.019665956,0.13812152,0.03238513,0.15446898,0.02072096,-0.02724017,0.020971145,0.20626424,-0.037701473,0.12320597,0.015888678,0.038352497,0.0006005503,0.2799096,-0.009413522,0.083378986
95,0.16013798,0.22986959,0.13534841,0.044277724,0.0143421,-0.13978644,0.13499825,0.28817454,0.03553396,0.17140244,0.14439884,0.018983953,0.052385475,0.12552494,0.01876036,0.13021259,0.12705694,0.12323978,0.030258447,0.050315112,0.0222686,0.13850103,0.033008177,0.1578608,0.023262182,-0.025838422,0.023516508,0.20815861,-0.038268037,0.12569956,0.01834831,0.040950656,0.0028117793,0.2825616,-0.010343625,0.08493971
96,0.1567217,0.22906393,0.13257392,0.043194883,0.013923729,-0.14296384,0.13231207,0.28851187,0.03322208,0.16784364,0.14478599,0.016631695,0.05037935,0.123776495,0.016905384,0.12716852,0.12691198,0.12284181,0.028607871,0.046516597,0.020519046,0.13760811,0.031162238,0.15733904,0.02148891,-0.028219614,0.02192222,0.20961778,-0.0410382,0.1247489,0.016662722,0.04186295,0.0008503342,0.28508228,-0.013258446,0.0832669
97,0.15505202,0.22874491,0.13129936,0.04702104,0.010512648,-0.14667425,0.13100193,0.2926094,0.031837586,0.16736718,0.14241405,0.014239791,0.048893925,0.12469536,0.015432103,0.12772758,0.1243108,0.122344814,0.027011165,0.044119712,0.018856393,0.14112954,0.027065855,0.15664457,0.019622043,-0.030766651,0.020206029,0.21556854,-0.04573385,0.12338664,0.014830527,0.04085744,-0.0011755009,0.29209957,-0.017916884,0.08114021
98,0.15362513,0.2267318,0.13006172,0.044419084,0.013889846,-0.14952753,0.1298806,0.2931622,0.029900104,0.16299699,0.14647765,0.01298966,0.047569122,0.12469119,0.013645526,0.12304207,0.12757485,0.12305813,0.025699276,0.04246366,0.017383318,0.13751261,0.028234279,0.15747309,0.018307447,-0.03223569,0.019045072,0.2140468,-0.045992278,0.12357487,0.013653264,0.041265897,-0.0025599212,0.29186946,-0.018702561,0.08050704
99,0.15519983,0.22878829,0.131864,0.04452862,0.014289187,-0.14867999,0.131639,0.29489154,0.030428208,0.1613792,0.14770862,0.014086489,0.048247572,0.12541306,0.013678617,0.12189531,0.12837148,0.12527187,0.025826534,0.04191624,0.017329983,0.13797581,0.027452452,0.15949078,0.018205103,-0.03256988,0.019079607,0.21628211,-0.047663145,0.12484568,0.01362159,0.042416558,-0.002826547,0.29507345,-0.020618327,0.08083836
100,0.15920332,0.23249748,0.13588753,0.04396616,0.015545051,-0.1442127,0.13557543,0.29516163,0.032341853,0.1596071,0.1495974,0.017558806,0.050318416,0.12625295,0.014664761,0.12028895,0.1297979,0.12899108,0.026936341,0.04284177,0.018193843,0.13745005,0.027497876,0.16289724,0.019049006,-0.031551603,0.020031242,0.21725829,-0.048394646,0.12739621,0.014515323,0.044210497,-0.0021275845,0.2970053,-0.021643227,0.08240648
101,0.15846069,0.23022158,0.13517565,0.04096942,0.018687539,-0.1448901,0.1349556,0.2916639,0.030288251,0.15613787,0.15354419,0.01780235,0.04881061,0.124450214,0.012204445,0.116290264,0.13301909,0.13032033,0.024926458,0.041105513,0.015866438,0.1340326,0.02888006,0.16415548,0.016911902,-0.032891624,0.018102776,0.21565191,-0.04821791,0.12795708,0.012616638,0.043778952,-0.004172202,0.2967627,-0.022016691,0.08208795
102,0.15773208,0.22989574,0.13462983,0.045140024,0.0140433675,-0.1470602,0.13433546,0.2936132,0.029132456,0.15508892,0.14974745,0.016556777,0.047493104,0.12462606,0.010621771,0.11622334,0.12909132,0.130174,0.023202054,0.038951248,0.014006688,0.13720073,0.023829335,0.1635681,0.014821132,-0.035102215,0.016198296,0.2213631,-0.05341481,0.1267312,0.010578583,0.04237939,-0.0063471417,0.30359316,-0.027020197,0.08014753
103,0.15886928,0.22933911,0.13572297,0.043647107,0.02246108,-0.14848328,0.13556452,0.29636595,0.029265165,0.15159127,0.15834583,0.0170508,0.04840224,0.12719376,0.01096877,0.11179895,0.13666649,0.13255963,0.024139805,0.040111694,0.014875599,0.13250881,0.028971871,0.16620766,0.015973859,-0.03457991,0.017404659,0.21784994,-0.050287273,0.12865461,0.011847619,0.043926727,-0.0052445424,0.30100468,-0.024862148,0.081336685
104,0.16163717,0.23150524,0.13842873,0.050199162,0.019508852,-0.14738414,0.13811365,0.300222,0.03062406,0.15553333,0.15643547,0.018214643,0.04935276,0.12936403,0.011278511,0.11691992,0.13477166,0.13437946,0.024078492,0.040473875,0.014665016,0.13962257,0.026110034,0.16770333,0.01554085,-0.035158888,0.017088575,0.22595008,-0.05346891,0.1293764,0.01151765,0.042676657,-0.0056798146,0.3096225,-0.028166683,0.0812898
105,0.16165419,0.22909077,0.13833606,0.046930503,0.02552165,-0.14771198,0.1381673,0.29715008,0.02925238,0.15367356,0.16316138,0.019039154,0.048613824,0.1283607,0.00954355,0.11421862,0.14070693,0.13631766,0.02285365,0.03993751,0.013163788,0.13623747,0.030198026,0.16979045,0.014351382,-0.035660725,0.016065383,0.22336724,-0.050855447,0.13083677,0.0106238015,0.042475395,-0.006684197,0.30804467,-0.026389135,0.081960686
106,0.16289349,0.22973634,0.1395609,0.048891045,0.023024123,-0.14685293,0.1393061,0.29813758,0.02896019,0.14790359,0.16088676,0.019591017,0.04850836,0.12924165,0.008774894,0.108607,0.1380108,0.13745493,0.022272538,0.03935562,0.012440406,0.13385089,0.026198205,0.1703721,0.013469233,-0.036450297,0.015334721,0.22429033,-0.055093493,0.13060999,0.009670055,0.042539034,-0.0077470276,0.31053898,-0.030395258,0.08094932
107,0.16302043,0.22851793,0.13961884,0.050591674,0.022604443,-0.14800508,0.13935079,0.2993301,0.027961444,0.14342901,0.16079763,0.0191445,0.047793627,0.13016003,0.0075612967,0.104116865,0.13743334,0.13811046,0.021303084,0.038536977,0.01135443,0.13171765,0.024142448,0.17072234,0.012334492,-0.037698567,0.01434333,0.22479326,-0.0577293,0.13026552,0.008554034,0.041829057,-0.008950599,0.31237128,-0.0330764,0.07994018
108,0.16372694,0.22711776,0.14016108,0.05340843,0.024365084,-0.149905,0.13990244,0.3026615,0.027586006,0.14302991,0.16315503,0.018685974,0.047608223,0.13250728,0.006906647,0.10381835,0.1393331,0.13913421,0.02077476,0.038736966,0.010746148,0.13254197,0.024488445,0.17173381,0.01175891,-0.03867073,0.013858914,0.22690074,-0.05832996,0.13060223,0.008098476,0.040504824,-0.009474253,0.31526417,-0.034129634,0.07968055
109,0.16453722,0.22552454,0.14077076,0.055538543,0.025775341,-0.15126707,0.14051685,0.30515724,0.026900709,0.14095981,0.16502663,0.018418198,0.047190964,0.1345989,0.005809602,0.10164169,0.14068663,0.14018151,0.01989353,0.038908217,0.009741599,0.13176951,0.024275284,0.17269443,0.010787517,-0.039673828,0.013001403,0.22792746,-0.059389684,0.13080664,0.007226483,0.039145995,-0.010396573,0.31738606,-0.035529476,0.07921854
110,0.1655165,0.22475235,0.14160974,0.05798682,0.023388818,-0.1502793,0.14126949,0.3037723,0.026076647,0.14168908,0.16356637,0.019183168,0.046259552,0.13398099,0.0038440374,0.10283128,0.13906457,0.14121726,0.017855642,0.037929166,0.0074129454,0.13450354,0.021838687,0.17339431,0.008387603,-0.041043643,0.010823631,0.23202924,-0.06189276,0.13083939,0.0050596492,0.03701008,-0.012587539,0.32241455,-0.038139835,0.07851563
111,0.16600162,0.22217308,0.14185269,0.055183046,0.03115742,-0.15101981,0.14172356,0.303376,0.024871228,0.13567418,0.17126149,0.019594207,0.04594191,0.1352834,0.0025748143,0.09537103,0.14568616,0.14302278,0.017323187,0.038623657,0.0067194514,0.12692808,0.02623236,0.17533268,0.008009896,-0.04111866,0.010551694,0.22629163,-0.05924776,0.13197938,0.004797959,0.03734706,-0.012910576,0.31812415,-0.036277924,0.07888778
112,0.16930497,0.22625874,0.1451949,0.06688102,0.023191923,-0.14904965,0.14472094,0.30972582,0.02668352,0.13584472,0.16339599,0.020523243,0.047203086,0.1387769,0.003366805,0.09706513,0.13801654,0.14414881,0.017682638,0.039385956,0.0069995644,0.13354737,0.018027991,0.17558461,0.0078091766,-0.041137945,0.010486431,0.23583865,-0.06674584,0.1313876,0.004500479,0.03720707,-0.013267565,0.32865614,-0.04317588,0.07756265
113,0.16660942,0.22014272,0.14230259,0.06311079,0.033192288,-0.15445283,0.14223075,0.30944678,0.023301536,0.12924384,0.17313914,0.0183165,0.04495404,0.13959979,0.0005034241,0.08858672,0.14646137,0.1443481,0.01574233,0.038868416,0.004912199,0.1244845,0.02391443,0.17616825,0.006172005,-0.04214539,0.009011831,0.2286232,-0.062970236,0.13133809,0.0030886417,0.037378095,-0.014727844,0.322996,-0.04037901,0.076809384
114,0.16897886,0.2218964,0.14463423,0.06817595,0.028807411,-0.15145957,0.14436086,0.30856648,0.023678211,0.13273306,0.1697234,0.020193657,0.04489734,0.13906461,-0.00075676234,0.09312504,0.1431331,0.14590155,0.014137005,0.03835682,0.0029686757,0.13082527,0.020204287,0.1772165,0.004050469,-0.042780917,0.007145983,0.23586226,-0.06628664,0.13174416,0.0012564856,0.03584939,-0.016589245,0.3308348,-0.043677837,0.076429166
115,0.17048056,0.2216062,0.14602362,0.06744005,0.033286165,-0.1499199,0.14585267,0.30717233,0.023404652,0.12962353,0.17438279,0.021761404,0.045114245,0.13930473,-0.0016492645,0.089414194,0.14708275,0.1481174,0.013650883,0.03869554,0.002250527,0.12745379,0.022529546,0.1793468,0.003507384,-0.042668723,0.006762699,0.23381087,-0.06505525,0.13318084,0.0008969812,0.036161598,-0.017018616,0.32979158,-0.043008033,0.077104285
116,0.16944008,0.21913466,0.14494306,0.07182053,0.032440864,-0.15362772,0.14475171,0.30975807,0.021757131,0.12813005,0.17394878,0.019934818,0.043599058,0.1403634,-0.0034826456,0.088328294,0.14629917,0.14798759,0.011911871,0.037296586,0.0003828975,0.12864722,0.0204333,0.17900822,0.0015913013,-0.04443118,0.005055657,0.23694815,-0.06750865,0.13232912,-0.0008300932,0.034692053,-0.018791338,0.3338377,-0.045584176,0.07570699
117,0.17269157,0.22107878,0.14815845,0.072538674,0.0373573,-0.15252423,0.14802337,0.3135971,0.023375075,0.12334222,0.17860569,0.021975705,0.045724005,0.14384533,-0.0021556132,0.083058454,0.15019849,0.15115961,0.013642688,0.039349854,0.0020543858,0.12439932,0.022529459,0.18204674,0.0033423149,-0.043133352,0.006841301,0.23447771,-0.06657209,0.1345415,0.0008810875,0.036565367,-0.017204955,0.33234188,-0.045097135,0.07718257
118,0.17522779,0.2252426,0.15108864,0.0715545,0.03731475,-0.15351401,0.15089162,0.30978966,0.024881463,0.1259056,0.17968607,0.025466844,0.047076095,0.14106368,-0.0019342663,0.0866178,0.151144,0.15442868,0.013696959,0.038240038,0.0017476126,0.12811667,0.022788981,0.18493791,0.003034411,-0.042339638,0.0068320236,0.23800753,-0.06645349,0.13713197,0.0009782044,0.03852281,-0.017305093,0.33584827,-0.04536331,0.07903914
119,0.17022155,0.22585219,0.14786176,0.070156716,0.03338257,-0.15688157,0.14766446,0.30296364,0.022253156,0.12149111,0.176453,0.024419034,0.044624213,0.13362429,-0.0044111023,0.08349669,0.14779557,0.15426698,0.01134297,0.031784013,-0.0009636987,0.12814887,0.018538972,0.18401422,0.0002056337,-0.043780383,0.004538621,0.24032807,-0.070330456,0.13646424,-0.0014403882,0.042183936,-0.020038188,0.33873102,-0.04882051,0.07781851
120,0.1682336,0.22855109,0.14764081,0.07193674,0.0318585,-0.15823449,0.14740282,0.3047013,0.022446003,0.11781508,0.17524253,0.024200782,0.04495806,0.13222982,-0.0038356741,0.08109475,0.14631046,0.15561788,0.011970958,0.028986188,-0.00044243404,0.12885098,0.015762625,0.18477656,0.0005589781,-0.043612357,0.0051872744,0.24314094,-0.07323559,0.1371314,-0.0009337353,0.04649476,-0.019858798,0.3419374,-0.051573765,0.077929884
121,0.16715062,0.22811252,0.147238,0.07240076,0.034289967,-0.16004418,0.14708714,0.3055717,0.021884415,0.11632812,0.17818311,0.023886224,0.044668686,0.131932,-0.00433577,0.07994799,0.14877379,0.15685515,0.011644017,0.02751661,-0.0008821991,0.12861311,0.016730513,0.18587159,0.0001887136,-0.04411289,0.0050190175,0.24391407,-0.07306442,0.13793564,-0.0010685418,0.047700867,-0.020189837,0.34313053,-0.051838014,0.078202575
122,0.16824783,0.22898705,0.14857106,0.072825015,0.0352855,-0.15845758,0.1484139,0.30440453,0.022066232,0.113687485,0.17952277,0.025333349,0.04507812,0.13144575,-0.0046355166,0.077411875,0.14969435,0.15880015,0.0115303425,0.027019318,-0.001140334,0.12731868,0.016523253,0.18751036,-6.0483057e-05,-0.044096235,0.004942315,0.24403214,-0.073688306,0.13910665,-0.0011848046,0.048411023,-0.020434158,0.34396955,-0.052651305,0.078776695
123,0.1688054,0.22875538,0.149209,0.075255565,0.03583107,-0.15833184,0.14903337,0.3041685,0.021725714,0.112903945,0.18060704,0.025936387,0.04485483,0.1313204,-0.00548576,0.07695895,0.15037063,0.16020896,0.010757335,0.026232285,-0.0020541393,0.12822703,0.015961805,0.18863818,-0.0009739532,-0.04479,0.00421605,0.24619012,-0.07471668,0.13974112,-0.0018898833,0.047855012,-0.021252554,0.34680614,-0.053986013,0.07881652
124,0.17000985,0.22822897,0.15030684,0.07724309,0.04036706,-0.15872319,0.15022844,0.30663773,0.021982532,0.1112408,0.18534929,0.026520202,0.0454548,0.13359912,-0.005371568,0.07502801,0.15445925,0.16207008,0.011121647,0.027049525,-0.0017294581,0.12680241,0.018301995,0.1904392,-0.0005313993,-0.044874232,0.0047158822,0.2458051,-0.07357836,0.14092636,-0.001342413,0.047583908,-0.020777011,0.34704444,-0.053508654,0.07949218
125,0.16903979,0.22642857,0.14935724,0.08371846,0.037996884,-0.16214725,0.1491678,0.3100526,0.020730939,0.1111042,0.1834923,0.024774702,0.04415995,0.13468288,-0.0067424565,0.07581396,0.15236914,0.1618247,0.009675637,0.02545935,-0.0032451162,0.13034055,0.015050705,0.18983832,-0.0021839563,-0.046725664,0.003260026,0.25108668,-0.07697569,0.13993187,-0.0028189814,0.045834415,-0.022345942,0.35299695,-0.05697914,0.07804516
126,0.1699233,0.22564664,0.15014328,0.08373948,0.041171674,-0.1620936,0.15004285,0.3103229,0.02040464,0.106844366,0.1867899,0.025479753,0.04428821,0.13553226,-0.0072735506,0.07110192,0.1550404,0.16351698,0.009527596,0.025510779,-0.003478701,0.1266053,0.016187932,0.19135742,-0.0023248391,-0.0469306,0.0032392256,0.24906173,-0.076663546,0.14087556,-0.0028872099,0.046016246,-0.022501485,0.35193107,-0.056974363,0.07840118
127,0.17148578,0.22680804,0.15173067,0.08524944,0.040326778,-0.15974782,0.1515514,0.30820408,0.020333095,0.10139531,0.18607077,0.027115185,0.044516116,0.13462473,-0.007951419,0.06573782,0.15389495,0.1653616,0.009130045,0.024718238,-0.004025163,0.12387774,0.0138358,0.19264665,-0.0029635662,-0.04712845,0.0028203093,0.24893469,-0.07917927,0.1415803,-0.0034824715,0.04655936,-0.02320735,0.35298195,-0.05933165,0.07841817
128,0.17206106,0.22639649,0.15228179,0.08735438,0.040192544,-0.15963736,0.15207453,0.30753133,0.019781385,0.10056482,0.18648721,0.027606267,0.044060502,0.13420232,-0.0091170855,0.06530539,0.15396138,0.16651857,0.0080334,0.023801649,-0.0052655246,0.124867104,0.012820683,0.19352064,-0.0042104106,-0.047862254,0.0017910027,0.2511491,-0.0804742,0.14201939,-0.004498568,0.045963615,-0.024322674,0.35584977,-0.060844034,0.07829185
129,0.17016579,0.22331125,0.15040043,0.09070751,0.04164702,-0.16334374,0.15027446,0.30781958,0.017847037,0.102627166,0.18868628,0.025915159,0.042175855,0.13365243,-0.01124637,0.06782673,0.15575285,0.16635679,0.005889857,0.02184612,-0.0075346185,0.12795003,0.013316159,0.19331518,-0.0063798926,-0.04970888,-0.0001367369,0.2546294,-0.080604255,0.14157577,-0.006253152,0.044191245,-0.026172671,0.3596639,-0.061587274,0.07741899
130,0.17342716,0.22618678,0.1536848,0.09332704,0.04366526,-0.1613984,0.15352485,0.31158823,0.020060772,0.10130562,0.19078194,0.028143909,0.044496533,0.13642322,-0.00942431,0.06680916,0.15744253,0.1693284,0.0077680773,0.023495423,-0.0056657214,0.12807581,0.013815537,0.19600163,-0.004556814,-0.048249453,0.0017399765,0.25575387,-0.08065833,0.14368412,-0.0044142655,0.04605585,-0.0244511,0.36118892,-0.06195869,0.07900679
131,0.17227297,0.22428577,0.15263829,0.09152028,0.04635862,-0.16310368,0.15263394,0.30946395,0.01862099,0.09771566,0.19382495,0.027803712,0.04348372,0.13478698,-0.010850879,0.06295776,0.15995865,0.170137,0.006689787,0.021657784,-0.0068588625,0.12480259,0.015040997,0.19669157,-0.0056238254,-0.048979573,0.00091489684,0.25373006,-0.079991005,0.14416717,-0.0052416376,0.046793394,-0.025423337,0.35983205,-0.061527416,0.0790016
132,0.17223158,0.22395846,0.15267384,0.096034706,0.04259161,-0.1637781,0.15248835,0.3090522,0.017823245,0.09849417,0.19076449,0.027684612,0.042516503,0.1336368,-0.012333799,0.06480573,0.15680206,0.17058176,0.0050463914,0.01980342,-0.008650005,0.12898755,0.011275741,0.19668877,-0.0075656944,-0.050189883,-0.00074216,0.25916684,-0.08337083,0.14388113,-0.0069010737,0.045727078,-0.027192099,0.3658037,-0.06485619,0.07820243
133,0.17272243,0.22253372,0.15307091,0.094555795,0.046496052,-0.1640593,0.1530432,0.30840826,0.017188186,0.09360051,0.19484192,0.028337184,0.04241308,0.13388854,-0.01312366,0.05927243,0.1602164,0.17231049,0.0047115777,0.01952234,-0.009067755,0.124051325,0.013129104,0.1982826,-0.007847071,-0.050439913,-0.0008722338,0.25587347,-0.0823426,0.14495844,-0.0070742723,0.04609481,-0.027462045,0.3634841,-0.06412009,0.07867508
134,0.17512795,0.22517812,0.15557577,0.098309115,0.04354679,-0.16136104,0.15533784,0.3082676,0.018190704,0.08966057,0.19198553,0.030419422,0.04351408,0.13376068,-0.012741644,0.05598682,0.15713136,0.17450947,0.005194307,0.01926088,-0.00867148,0.12403616,0.009208716,0.1998207,-0.007661086,-0.049906656,-0.0004801472,0.25827217,-0.085951254,0.14598103,-0.006872171,0.04732075,-0.027382754,0.36679137,-0.06739539,0.07907362
135,0.17444703,0.22303057,0.15487345,0.097539455,0.04887998,-0.1630387,0.15487501,0.30742115,0.017134912,0.09009216,0.19786923,0.030235928,0.042716414,0.13351972,-0.014033145,0.056006797,0.16239634,0.17553692,0.0040807757,0.018585205,-0.009874044,0.12305695,0.012995786,0.20095618,-0.008622065,-0.050627436,-0.0012775781,0.25729507,-0.08327303,0.14679846,-0.007487292,0.046750486,-0.028090026,0.36617106,-0.06553815,0.0794115
136,0.17410785,0.22214782,0.15455486,0.10197962,0.047193952,-0.16442499,0.1544608,0.308004,0.016366169,0.090986684,0.19670877,0.029759863,0.04186644,0.13319196,-0.015178524,0.057663128,0.16103147,0.17586268,0.0028380512,0.017247073,-0.011206916,0.12642941,0.010840274,0.20097265,-0.010027272,-0.051676426,-0.0024670146,0.26160803,-0.08538552,0.14656214,-0.008636484,0.04570592,-0.02932326,0.37088835,-0.06779713,0.078777246
137,0.1745184,0.2215184,0.15491293,0.106436834,0.047803592,-0.16627248,0.15478575,0.3122309,0.016349187,0.08925551,0.19739497,0.029287213,0.041998144,0.13549799,-0.015120779,0.056301292,0.16133823,0.17672174,0.0029871222,0.017276129,-0.0110586705,0.12695469,0.009895266,0.20155473,-0.009935639,-0.05207724,-0.0022860197,0.26359698,-0.08678131,0.14673103,-0.008496003,0.045482453,-0.029250829,0.3734195,-0.0693853,0.07859453
138,0.17739026,0.22284748,0.15769383,0.104287244,0.05264877,-0.16414976,0.15772344,0.31182396,0.01764488,0.0855495,0.20236292,0.031982645,0.043698054,0.13670683,-0.014357338,0.05187452,0.16566335,0.17981613,0.004100534,0.018727759,-0.009981848,0.12236141,0.012844599,0.20452893,-0.008733848,-0.05096256,-0.0010249944,0.26002547,-0.08471729,0.14907497,-0.00726594,0.04667338,-0.028093945,0.37058625,-0.06772777,0.08033636
139,0.1764628,0.22387742,0.15688698,0.106619395,0.047999214,-0.16407137,0.15673478,0.3073194,0.0165543,0.08147214,0.19802304,0.03193295,0.04273847,0.13198428,-0.015481115,0.04897469,0.161256,0.18012823,0.0030784565,0.014867708,-0.011117611,0.1231806,0.0077977646,0.20419739,-0.010082103,-0.051526226,-0.0019419679,0.26309752,-0.08907416,0.1488941,-0.008366755,0.048882112,-0.029419152,0.37413132,-0.07151125,0.07978225
140,0.17333756,0.22072504,0.15261692,0.108986616,0.04760157,-0.16480064,0.1525526,0.3085278,0.013547245,0.08068876,0.19826427,0.028169151,0.039893188,0.12932007,-0.017722923,0.049274568,0.16113244,0.17882156,0.0008837975,0.010070158,-0.01338952,0.12560853,0.0062290276,0.20265245,-0.0123524135,-0.053439505,-0.0037769116,0.2667362,-0.09084976,0.14766686,-0.010140651,0.050439402,-0.031491112,0.3779232,-0.07344256,0.07822895
141,0.17573279,0.2221154,0.15447125,0.10853922,0.05319413,-0.16277996,0.15460932,0.31328157,0.015314548,0.083630726,0.2045522,0.029321205,0.041644786,0.13189723,-0.016153408,0.05254444,0.16690867,0.18158107,0.002344797,0.011095865,-0.0119049605,0.12748463,0.010574504,0.20549452,-0.010706202,-0.052156005,-0.0020306178,0.26772743,-0.08754912,0.15022247,-0.008178581,0.052674845,-0.0297066,0.3786125,-0.07112903,0.08038197
142,0.17498086,0.22038478,0.15352018,0.10948441,0.05272403,-0.16465227,0.15366298,0.3149146,0.014086211,0.08172441,0.20461884,0.02818782,0.040587284,0.13164257,-0.017368527,0.051110007,0.16665429,0.18190749,0.0012479934,0.009179274,-0.013048657,0.12764975,0.009259939,0.20557758,-0.0118733095,-0.05319028,-0.0029425216,0.26920983,-0.08895844,0.1501704,-0.009114351,0.05295031,-0.030817421,0.38060665,-0.07256194,0.07989754
143,0.17681442,0.22135735,0.15525545,0.109104134,0.05336874,-0.16269639,0.15538484,0.31461853,0.014690803,0.077997714,0.20544831,0.029820051,0.04145026,0.13165554,-0.017125336,0.047311947,0.16712575,0.18401027,0.0017232997,0.00913539,-0.012589575,0.12513654,0.008813368,0.20737442,-0.0114483815,-0.052637678,-0.0023603137,0.2682065,-0.089527845,0.15158345,-0.008637711,0.054231405,-0.030453542,0.3803066,-0.07307487,0.08080093
144,0.17790033,0.22144698,0.15628287,0.109660536,0.053771947,-0.16199361,0.15639822,0.31451398,0.014762369,0.0772574,0.20631208,0.0307633,0.04159918,0.13167217,-0.0175864,0.04672265,0.16768788,0.1854669,0.0013237237,0.008884104,-0.013029293,0.12525336,0.008576021,0.20862122,-0.011883322,-0.052706294,-0.0026329893,0.2691142,-0.08990706,0.15249556,-0.008896678,0.054247476,-0.03081174,0.38170758,-0.07361393,0.081250906
145,0.17418292,0.21742259,0.15271498,0.11036322,0.053020496,-0.16724248,0.15290046,0.31571427,0.011818022,0.07332779,0.20583439,0.027507214,0.03899875,0.13030615,-0.019828072,0.04314726,0.16690668,0.18414688,-0.0006497926,0.005326895,-0.015046796,0.12385787,0.006674736,0.20708245,-0.013913087,-0.054749608,-0.0043676253,0.26955777,-0.09185298,0.15109943,-0.010704652,0.054503176,-0.032828946,0.3826985,-0.07535887,0.07958066
146,0.1770426,0.22222331,0.1559797,0.1131028,0.050577752,-0.16393812,0.15595344,0.3177885,0.014571157,0.07474553,0.2038391,0.0300146,0.041491654,0.13041422,-0.017543957,0.04597798,0.16487637,0.18696682,0.0013519577,0.0055062724,-0.012997099,0.12850292,0.0042324737,0.20946863,-0.01208106,-0.052552678,-0.0023091878,0.27457222,-0.09387048,0.15338197,-0.008688202,0.05843203,-0.031024417,0.38754112,-0.07738187,0.08151141
147,0.1766544,0.22237773,0.15596344,0.10484978,0.058150373,-0.16644546,0.15637685,0.3128579,0.014752558,0.077899344,0.21237476,0.03129509,0.04176183,0.12711069,-0.01774035,0.048890203,0.1729754,0.18906541,0.0011682805,0.004176022,-0.013179081,0.12750693,0.011478571,0.21202552,-0.011857072,-0.051488124,-0.0017920306,0.2713582,-0.08738802,0.15621434,-0.007822447,0.061859872,-0.030434346,0.38359714,-0.07187306,0.08401403
148,0.17680117,0.2248431,0.15654437,0.1092282,0.05105931,-0.16694403,0.15662035,0.3114783,0.014958895,0.078667015,0.20592716,0.03174391,0.041649893,0.12390943,-0.017995352,0.05156498,0.1665851,0.18968806,0.0005901882,0.0012516088,-0.013758412,0.13378967,0.004917445,0.21204238,-0.012794096,-0.051566128,-0.0023139587,0.27895302,-0.09292891,0.15634228,-0.008482152,0.06390325,-0.031386774,0.39139038,-0.07703705,0.083704986
149,0.17226969,0.22002518,0.15228239,0.10212875,0.055464637,-0.17091033,0.15277036,0.30994055,0.011383896,0.06793425,0.21029732,0.028670734,0.039061796,0.121134445,-0.02023352,0.039940417,0.1703378,0.18888052,-0.00079079915,-0.0030438371,-0.015142677,0.12338767,0.006894533,0.21121734,-0.013985346,-0.05328691,-0.0031866273,0.27116355,-0.09166377,0.15577672,-0.009546531,0.066864975,-0.032809444,0.38431266,-0.075469546,0.08272561
150,0.17479536,0.22433983,0.15518318,0.109709,0.050728507,-0.169057,0.15532963,0.31738907,0.014071018,0.07218906,0.20618908,0.029894236,0.04122276,0.123540014,-0.017934173,0.046372384,0.16617216,0.1910962,0.00094926805,-0.0028890446,-0.01329896,0.13278803,0.002115054,0.21286316,-0.012503113,-0.051694557,-0.0014542844,0.2810961,-0.0959671,0.1572361,-0.007847042,0.06995349,-0.031349376,0.3941978,-0.07990256,0.08375841
151,0.17450581,0.22305974,0.15498967,0.10363802,0.058122545,-0.16868873,0.15554653,0.31414267,0.013359416,0.07160919,0.21417962,0.030581005,0.04086131,0.122007966,-0.018960007,0.04502747,0.17356111,0.19287203,0.00021289795,-0.0037363775,-0.014002264,0.1290305,0.008055184,0.21492763,-0.012827486,-0.051561624,-0.0015546529,0.27685887,-0.09109278,0.15919478,-0.0077367267,0.07166195,-0.03147281,0.3900505,-0.07580691,0.08518458
152,0.17615527,0.22421737,0.1566769,0.10585148,0.056231838,-0.16753712,0.15709889,0.31522143,0.014001854,0.07347051,0.21299404,0.031721395,0.041314196,0.12228696,-0.019095708,0.047665004,0.17218637,0.19439739,-0.00011179957,-0.0039088284,-0.014295904,0.13273604,0.006096631,0.21617348,-0.013225377,-0.051392194,-0.0017538406,0.28103524,-0.09292164,0.16013385,-0.007922432,0.071885094,-0.03181663,0.39464307,-0.07780174,0.08562375
153,0.17570703,0.22162415,0.1561187,0.10389533,0.056636386,-0.16943622,0.15660734,0.31614485,0.012546888,0.06836279,0.21381237,0.031129962,0.040284853,0.12255369,-0.02057695,0.042264104,0.17260043,0.1949807,-0.0012026341,-0.005154731,-0.015395895,0.1287496,0.0053605386,0.21650752,-0.014310473,-0.052568614,-0.002669414,0.27908835,-0.093901694,0.16013946,-0.008968747,0.071548894,-0.033042356,0.39368373,-0.07859503,0.08508572
154,0.17550716,0.22017856,0.15586808,0.104738094,0.05544527,-0.17087708,0.1563184,0.31732112,0.011626119,0.06527678,0.21297975,0.030698955,0.039572034,0.12270557,-0.02158563,0.03935967,0.17148516,0.19543816,-0.0020275777,-0.0063186376,-0.016222429,0.12774749,0.0033209529,0.21663883,-0.015214098,-0.053503335,-0.0034043055,0.2798675,-0.09599745,0.15998735,-0.0098231565,0.07121984,-0.034054894,0.39526102,-0.080536164,0.084477104
155,0.17734103,0.22113463,0.15768515,0.10743627,0.054641616,-0.17054142,0.15803242,0.3203916,0.012731971,0.067467995,0.21277331,0.031772118,0.040485274,0.124295846,-0.02102771,0.042238906,0.17108981,0.19714157,-0.0016713445,-0.005839146,-0.015821815,0.13133816,0.002283013,0.21809018,-0.014890722,-0.053049788,-0.002951451,0.28370014,-0.09705527,0.16110814,-0.009326436,0.071475714,-0.033665128,0.39936998,-0.0818661,0.0852114
156,0.17686024,0.21839392,0.1570854,0.10241509,0.059654564,-0.1717874,0.15773048,0.3188184,0.01145547,0.06524804,0.21827984,0.031721864,0.039587263,0.12393591,-0.022532728,0.039158706,0.17613341,0.1980775,-0.0028311464,-0.0064571626,-0.016982209,0.12675248,0.006205904,0.21917762,-0.015771022,-0.05378905,-0.0037076916,0.27939653,-0.09387884,0.16196615,-0.009979963,0.07120664,-0.03445982,0.39552686,-0.07905463,0.085620396
157,0.17839673,0.21958475,0.15861857,0.10808464,0.053496417,-0.17084584,0.15891497,0.31982896,0.011869013,0.06531437,0.21260941,0.03258978,0.039801188,0.12375526,-0.022786133,0.040407926,0.17044733,0.19898523,-0.0032645776,-0.007138947,-0.01739236,0.13137437,0.00024866188,0.21951647,-0.016498378,-0.053976286,-0.0042220196,0.2857011,-0.09917093,0.161966,-0.010656713,0.07076946,-0.035262015,0.402595,-0.08405702,0.08515256
158,0.17737252,0.21634945,0.1574383,0.10511891,0.0561275,-0.17282443,0.15793203,0.3188346,0.010114707,0.06439732,0.21582203,0.031840533,0.038272105,0.12332322,-0.024840493,0.038924024,0.17330708,0.19909155,-0.0051045804,-0.0081611695,-0.019263659,0.12897132,0.0022738427,0.21969661,-0.018169431,-0.055304043,-0.005758592,0.28365344,-0.09756705,0.16193904,-0.012098497,0.06949779,-0.03683052,0.40109754,-0.082697526,0.08467387
159,0.17884335,0.2165161,0.15883243,0.106555745,0.056107,-0.17212747,0.15927745,0.31969875,0.010580082,0.062502585,0.21609643,0.032962494,0.03886388,0.1240845,-0.024714708,0.037143454,0.17329386,0.20075396,-0.0048686694,-0.00794626,-0.018993704,0.12851031,0.0013330326,0.22104532,-0.0179607,-0.055127546,-0.005438827,0.28452393,-0.0987115,0.16285704,-0.011855512,0.069586866,-0.03666607,0.40263897,-0.08390074,0.08516384
160,0.18027912,0.21622637,0.16015516,0.10564672,0.059348177,-0.17157242,0.1607165,0.3208594,0.011127217,0.061052114,0.21955687,0.034146532,0.039604038,0.12559927,-0.024446558,0.035273418,0.17637385,0.20261364,-0.0044311383,-0.0070382277,-0.018523384,0.1263197,0.0033917413,0.22280388,-0.01739223,-0.054733016,-0.004833739,0.2829304,-0.09725147,0.1641857,-0.011224724,0.06973349,-0.036073614,0.40153143,-0.08275339,0.08612333
161,0.18048637,0.215807,0.1603568,0.1097233,0.05490891,-0.17242113,0.16068576,0.3220839,0.010666824,0.059573725,0.21547543,0.03399243,0.039139226,0.12532234,-0.025140483,0.03463178,0.172205,0.20295358,-0.005135383,-0.008288734,-0.01921559,0.12867765,-0.0012566416,0.22268505,-0.018311378,-0.05540737,-0.0055494867,0.2870531,-0.10145726,0.16385101,-0.012090226,0.06929032,-0.0370734,0.40635893,-0.08665218,0.08540527
162,0.17984091,0.21311325,0.15958126,0.10600069,0.058817405,-0.1741028,0.16015376,0.32180342,0.009455916,0.057708506,0.21976872,0.033570692,0.03822251,0.12547353,-0.026460148,0.032061826,0.1761132,0.2034763,-0.0061878962,-0.008862823,-0.020275582,0.124977686,0.0017275006,0.22330162,-0.01915861,-0.056250796,-0.0063030785,0.28368193,-0.0990454,0.164282,-0.012767012,0.06875077,-0.03785343,0.40340167,-0.08448507,0.08548214
163,0.18006335,0.21270189,0.15980704,0.11076988,0.055281546,-0.17535226,0.16017601,0.3241259,0.009188117,0.059243746,0.21681808,0.033293977,0.037768196,0.12585622,-0.02712846,0.034651577,0.1730548,0.20385152,-0.0070516975,-0.009780731,-0.021131499,0.12965177,-0.0018823036,0.2233077,-0.020178039,-0.056934025,-0.0071268445,0.28923866,-0.10238817,0.16407269,-0.013604005,0.06788382,-0.038824935,0.40940383,-0.08788986,0.08490565
164,0.18018013,0.21102764,0.15984419,0.1034397,0.06072594,-0.17447338,0.16054013,0.3186272,0.0084114,0.06113316,0.22308727,0.034314275,0.037079785,0.123685256,-0.028744476,0.035582364,0.17898138,0.20495665,-0.0085653365,-0.010164013,-0.022621132,0.12692128,0.0037009476,0.22485596,-0.021280507,-0.05718739,-0.008090111,0.28506282,-0.09722364,0.16558279,-0.014279297,0.06744107,-0.039606653,0.4052133,-0.08326134,0.08604853
165,0.18308713,0.21397853,0.16283168,0.10621702,0.057381332,-0.17181957,0.16328065,0.32023555,0.0102753835,0.058954835,0.21981159,0.036519762,0.03892943,0.124555856,-0.027296524,0.03402835,0.1756429,0.2070399,-0.007128481,-0.009381044,-0.021100463,0.12803157,4.949479e-05,0.22644787,-0.02003335,-0.0558094,-0.0067332545,0.28780442,-0.10049952,0.16681191,-0.013142472,0.06908636,-0.038522318,0.40851653,-0.08621918,0.086942635
166,0.18223903,0.21217126,0.16197443,0.10692434,0.05917881,-0.17481232,0.16252999,0.32407436,0.009632332,0.05738586,0.22179411,0.035441153,0.038473833,0.12612815,-0.027587157,0.03251281,0.1773248,0.20733741,-0.0072847265,-0.010000894,-0.021259509,0.12718096,0.0006358448,0.22657989,-0.020150047,-0.056339484,-0.0067523555,0.2878342,-0.10041621,0.16679895,-0.013161643,0.069492966,-0.038660556,0.4088572,-0.08632626,0.0866753
167,0.18077174,0.21015099,0.16050884,0.10855151,0.057521228,-0.17730038,0.16103923,0.3242453,0.008141743,0.055520117,0.22043878,0.034170445,0.037122138,0.12508145,-0.02895114,0.031054199,0.1758228,0.20689294,-0.008537665,-0.0119927265,-0.022521155,0.12752795,-0.0015137566,0.22590525,-0.021473693,-0.057481885,-0.007862032,0.2894438,-0.102479726,0.16612151,-0.0143434275,0.06934683,-0.040011145,0.41090414,-0.08825711,0.08570362
168,0.18213817,0.21218121,0.16208266,0.106260724,0.056930255,-0.17840101,0.16257922,0.3185495,0.008800373,0.05435726,0.22023307,0.03637312,0.03783745,0.12181121,-0.028901106,0.029996261,0.1755182,0.20861183,-0.00842406,-0.012687267,-0.022300098,0.12692969,-0.0019832521,0.22755809,-0.021284826,-0.05636582,-0.007446331,0.2892807,-0.10267569,0.1677448,-0.0139740715,0.071495876,-0.039797865,0.4109525,-0.08829326,0.086978585
169,0.182937,0.21300732,0.16299632,0.10516752,0.05795705,-0.17894618,0.16352634,0.3147251,0.00918193,0.057060998,0.22188953,0.037817046,0.03806553,0.11976522,-0.029229173,0.032854322,0.17701872,0.20993483,-0.008897803,-0.013081229,-0.02270307,0.12880008,-0.0007277735,0.22895102,-0.021594973,-0.05583728,-0.0075766738,0.29043612,-0.10140871,0.16910182,-0.013942365,0.07212866,-0.039894074,0.41203278,-0.0873805,0.08804854
170,0.18301302,0.21308897,0.16314709,0.105059214,0.05861078,-0.17992131,0.16370884,0.3139707,0.009299868,0.05857164,0.22286049,0.03821422,0.038097963,0.11905615,-0.029324459,0.03459761,0.17787822,0.21058173,-0.0090893805,-0.013513122,-0.02285772,0.13024446,-0.00017098745,0.22959778,-0.021710707,-0.055623807,-0.007577637,0.2915862,-0.10092671,0.16975331,-0.013856724,0.07272865,-0.039907236,0.41311663,-0.08710636,0.088533066
171,0.18278028,0.21206167,0.16288494,0.10501384,0.05854708,-0.18172376,0.16345924,0.3163237,0.008873386,0.052819848,0.22262749,0.037856758,0.038076267,0.11995957,-0.029235682,0.028742535,0.17741376,0.21107776,-0.008642776,-0.014071404,-0.02240411,0.12658639,-0.0015270323,0.2297628,-0.021358805,-0.055856112,-0.007166385,0.29008996,-0.102514915,0.16970204,-0.013670518,0.07360195,-0.039798256,0.41229278,-0.088322066,0.08824798
172,0.18332994,0.21221417,0.16343266,0.10841536,0.05492438,-0.18164097,0.16380543,0.31603205,0.008700811,0.050815854,0.2192556,0.0382739,0.03796389,0.11922849,-0.029634062,0.02746774,0.17390715,0.2117054,-0.008995869,-0.014971212,-0.022719488,0.1281711,-0.0055787396,0.2299725,-0.021884218,-0.056150213,-0.0075206365,0.29343185,-0.10630859,0.16966665,-0.014188679,0.07339691,-0.040419735,0.41631493,-0.091868766,0.08788928
173,0.18461713,0.21153527,0.16460106,0.10195975,0.06276195,-0.18041912,0.16534898,0.31416017,0.009213362,0.053780023,0.22779508,0.039842553,0.038489748,0.120002374,-0.029840235,0.029176436,0.1820701,0.21358399,-0.009173574,-0.013435433,-0.02285332,0.12538916,0.0019761645,0.23228325,-0.02157919,-0.055549804,-0.0072416826,0.28881282,-0.09965147,0.17173645,-0.013557972,0.07322538,-0.03979588,0.4115324,-0.08602157,0.089688286
174,0.18418403,0.21172641,0.16429274,0.10997092,0.057757724,-0.18207255,0.16476357,0.32005787,0.009263911,0.053508334,0.22285104,0.03875609,0.038419545,0.121301495,-0.029406864,0.030512558,0.17701711,0.21355934,-0.008915439,-0.014729705,-0.022572095,0.13085365,-0.003845709,0.23166953,-0.021636045,-0.05584242,-0.007100576,0.29612905,-0.10518981,0.17100407,-0.013585596,0.07398955,-0.039986286,0.41928992,-0.091461875,0.0887053
175,0.18377529,0.21014312,0.16386686,0.10541182,0.058403693,-0.18230525,0.164453,0.31810963,0.008163352,0.050055724,0.22389175,0.03873296,0.03762254,0.11993159,-0.030651852,0.02662761,0.17783277,0.21395618,-0.009862648,-0.015906407,-0.023480443,0.12715293,-0.0034643007,0.23205902,-0.022482593,-0.05627372,-0.007784822,0.29340807,-0.10478378,0.17133756,-0.014343652,0.07468611,-0.040901966,0.41709763,-0.09077252,0.08865067
176,0.18349329,0.20881325,0.16355103,0.10255007,0.059425004,-0.18264522,0.16424339,0.3164763,0.007303308,0.04832115,0.2253093,0.03875652,0.036935836,0.11887083,-0.03174134,0.024581566,0.1790283,0.21437024,-0.010781796,-0.016833086,-0.02436955,0.12501234,-0.002769605,0.23246159,-0.023296446,-0.05668263,-0.008449834,0.29185525,-0.10419827,0.17165217,-0.015021141,0.07501792,-0.041715514,0.4159477,-0.090129696,0.088595174
177,0.18570492,0.21097778,0.16583985,0.10333897,0.059101608,-0.17970125,0.16646256,0.31385446,0.008598271,0.05812228,0.22613606,0.040835377,0.03749929,0.11794346,-0.03208418,0.03506553,0.17978202,0.21578953,-0.0117944125,-0.016061464,-0.025279474,0.1329965,-0.0017235697,0.23404045,-0.024101557,-0.055930085,-0.009089763,0.2973612,-0.10291222,0.17311941,-0.0152892545,0.07428357,-0.042067625,0.42106438,-0.08970383,0.08975312
178,0.1852883,0.20965664,0.1654114,0.1031182,0.060423467,-0.18191262,0.16611776,0.31793356,0.008138755,0.052827727,0.2273946,0.040143706,0.03746844,0.11971534,-0.031924337,0.029653985,0.18071362,0.21638303,-0.011269171,-0.016568828,-0.02474653,0.12941007,-0.0020037058,0.23431617,-0.023608059,-0.056191258,-0.008521416,0.29577056,-0.10367426,0.17317621,-0.0148903,0.075464524,-0.04177772,0.42005733,-0.09028948,0.08955126
179,0.18433695,0.20791467,0.16443145,0.104415536,0.057933085,-0.18418495,0.16505906,0.31993112,0.007008012,0.047080584,0.22491817,0.03911978,0.036712527,0.11962427,-0.03253831,0.024222996,0.17805237,0.21628061,-0.011555479,-0.018279027,-0.025027463,0.12721822,-0.005458641,0.23378316,-0.024079693,-0.05709011,-0.008833946,0.29613724,-0.10702594,0.17251366,-0.015475462,0.07591222,-0.042514056,0.42121542,-0.09310558,0.08858841
180,0.18564366,0.20878196,0.16575588,0.10467619,0.057463124,-0.18269546,0.1663281,0.3183122,0.0076682973,0.05242609,0.22524232,0.0403323,0.036971953,0.11894803,-0.032848164,0.030029994,0.17830981,0.21722822,-0.01223552,-0.018086316,-0.025634661,0.13171403,-0.005057963,0.2348007,-0.024631137,-0.05683671,-0.0092621315,0.29932198,-0.10639075,0.17347223,-0.015687311,0.07522867,-0.042796597,0.42421055,-0.09290851,0.089360416
181,0.18440913,0.20633702,0.16442561,0.10327905,0.05886954,-0.18522872,0.16512176,0.32030687,0.0065243305,0.04974701,0.226743,0.039147947,0.03609738,0.11962215,-0.033586577,0.027053295,0.17963028,0.21695639,-0.012734472,-0.018942837,-0.026166946,0.12904057,-0.004329069,0.23446259,-0.025096178,-0.057694975,-0.009678362,0.29746854,-0.1059103,0.17310634,-0.01613297,0.07513103,-0.043326426,0.42263958,-0.0923174,0.08885012
182,0.18620981,0.20794302,0.166302,0.1021561,0.058974028,-0.18300152,0.16696244,0.31845778,0.007672497,0.046924364,0.22691998,0.04104834,0.037415076,0.11891879,-0.032617062,0.024188904,0.17966399,0.2188104,-0.011608368,-0.018647812,-0.02492616,0.12711072,-0.004672959,0.23615858,-0.023933586,-0.056478515,-0.008415281,0.29649875,-0.10619456,0.17462796,-0.0149943745,0.07696016,-0.042240605,0.42196864,-0.092396185,0.09017803
183,0.18624762,0.2082355,0.16646229,0.10289674,0.059987016,-0.18307514,0.16715688,0.31741107,0.0079838615,0.045766406,0.22805686,0.04158733,0.0378237,0.11793298,-0.032144755,0.02328819,0.18057398,0.21989189,-0.011081527,-0.019332275,-0.024318734,0.12707338,-0.00457693,0.23710501,-0.023346065,-0.055960648,-0.0076846112,0.29711184,-0.10634899,0.17552541,-0.014279912,0.07853667,-0.041650474,0.42265952,-0.09268541,0.09092236
184,0.18453887,0.20632154,0.1648037,0.10420094,0.059679355,-0.18604785,0.1655336,0.3187879,0.006717562,0.04788195,0.22827697,0.040105287,0.03644245,0.11736837,-0.03338256,0.02602942,0.18060373,0.21931955,-0.012464181,-0.02115829,-0.025697999,0.13010642,-0.0051446445,0.23647405,-0.024686402,-0.05714408,-0.008837731,0.3000457,-0.10701773,0.17501767,-0.015311176,0.078091055,-0.042885147,0.42554548,-0.09365446,0.090225816
185,0.18359406,0.20502122,0.16389306,0.10516888,0.056931928,-0.18749265,0.1645367,0.31762308,0.0055555925,0.04627314,0.22596948,0.0394337,0.03536498,0.11540518,-0.03457061,0.025069775,0.17814915,0.21915017,-0.013595964,-0.02335371,-0.026779123,0.13117017,-0.008111753,0.23607491,-0.025893122,-0.058160953,-0.00980451,0.3023368,-0.10976261,0.17464945,-0.016384916,0.077980354,-0.044165477,0.42822814,-0.096202545,0.08958029
186,0.18452293,0.2062099,0.16501953,0.096418396,0.06414111,-0.18576998,0.16602999,0.31403947,0.0067267935,0.04722515,0.2334073,0.041148577,0.036613997,0.114317454,-0.03355106,0.024952084,0.18544126,0.22094032,-0.012497246,-0.022590414,-0.025536463,0.12700842,-0.0008972357,0.23842528,-0.024280598,-0.056328397,-0.008158317,0.29625213,-0.102948725,0.17725787,-0.014478133,0.08134519,-0.042331856,0.42133263,-0.08966389,0.092231125
187,0.18715791,0.21097726,0.1680639,0.10143278,0.058709748,-0.18420193,0.168741,0.31821144,0.009455865,0.04824113,0.22818789,0.0429952,0.039060887,0.11494799,-0.030935016,0.027849982,0.18017209,0.22307691,-0.010208941,-0.022511484,-0.023011738,0.13358599,-0.006516366,0.24007276,-0.022180734,-0.053916223,-0.00578293,0.30393785,-0.108062305,0.1788486,-0.012323236,0.085805275,-0.040385105,0.429042,-0.09471598,0.09360117
188,0.18399632,0.2088219,0.16522388,0.0973263,0.060951836,-0.18756916,0.16616084,0.3152825,0.0071917893,0.047413856,0.23093417,0.041381605,0.036969144,0.11134721,-0.032955296,0.026842758,0.1825654,0.22254987,-0.012086992,-0.025862789,-0.024778415,0.13224378,-0.0050882357,0.23971425,-0.02378382,-0.05478613,-0.0070392927,0.30296218,-0.1069434,0.17876624,-0.013497311,0.08844156,-0.042011414,0.4282427,-0.09375616,0.0928916
189,0.18176214,0.20751089,0.16325985,0.09385837,0.06295783,-0.18989606,0.16443923,0.31254163,0.005762357,0.044295833,0.2331222,0.04046933,0.03585936,0.1080375,-0.03387837,0.023616979,0.18443622,0.22268403,-0.012729181,-0.028798496,-0.025283063,0.12972602,-0.0042472444,0.23994157,-0.02418838,-0.054862406,-0.007105088,0.30144647,-0.10635784,0.17925179,-0.013605789,0.092322305,-0.042544793,0.4268379,-0.09313852,0.09281768
190,0.18246232,0.21080695,0.16441137,0.09843011,0.058343884,-0.18910964,0.16537729,0.31197754,0.0069085434,0.050840765,0.22905375,0.041461077,0.036364153,0.10573732,-0.03347869,0.031721845,0.18023044,0.2235543,-0.012967753,-0.030041803,-0.025250224,0.13924985,-0.008471386,0.2407021,-0.024414683,-0.053401876,-0.0069508674,0.31049848,-0.10998455,0.18009764,-0.013418025,0.095735714,-0.042711977,0.43602028,-0.09719982,0.09306439
191,0.18165277,0.20913064,0.16366543,0.091013975,0.06408442,-0.19153666,0.16500331,0.3160503,0.006330313,0.042603508,0.23453465,0.040930875,0.036534,0.10778762,-0.033061657,0.022128874,0.18533395,0.22450328,-0.011847602,-0.030204864,-0.024129413,0.12954448,-0.0046132496,0.24160409,-0.023117216,-0.052868947,-0.005608852,0.30267206,-0.10681025,0.18089247,-0.012240651,0.099748164,-0.04170556,0.4286214,-0.09362001,0.09340388
192,0.1827585,0.21055056,0.16488408,0.09476621,0.059525874,-0.1911335,0.16599825,0.31784773,0.006905881,0.044556957,0.23045912,0.041616406,0.03687156,0.10783035,-0.032990634,0.025035895,0.18115313,0.22526348,-0.012006194,-0.030489141,-0.024155064,0.13454059,-0.008989127,0.24205612,-0.023383282,-0.05231678,-0.005685366,0.30853906,-0.11082125,0.18111445,-0.012421893,0.10070801,-0.042066935,0.4351911,-0.09764272,0.09312443
193,0.18342696,0.20974278,0.16547412,0.09012289,0.06259879,-0.1905551,0.166761,0.31601328,0.006634574,0.052202955,0.23467231,0.042276397,0.03614577,0.10775602,-0.034568533,0.032116022,0.18525581,0.22580239,-0.013957848,-0.029837487,-0.026024345,0.13712503,-0.0045954483,0.2430263,-0.024878921,-0.052522313,-0.007130361,0.30847338,-0.10640807,0.18205939,-0.013404131,0.09928599,-0.0431681,0.43488657,-0.093853585,0.09374166
194,0.1832085,0.2083358,0.16519108,0.08744615,0.06132377,-0.19141756,0.16648197,0.31642526,0.005617191,0.04666792,0.23362422,0.042061467,0.03552532,0.107552044,-0.03543953,0.02627779,0.18402524,0.22604884,-0.014443535,-0.03086561,-0.026487797,0.1330885,-0.0063749226,0.24298769,-0.025445184,-0.05327773,-0.0076053888,0.30659273,-0.10820045,0.18178703,-0.014128165,0.09950226,-0.044061776,0.43388537,-0.09509417,0.09301627
195,0.18437195,0.20914042,0.16637538,0.088854335,0.056881372,-0.19053501,0.16747119,0.3165284,0.0058855894,0.04305797,0.2293998,0.04297289,0.035958726,0.10704774,-0.035295554,0.023220751,0.17967522,0.22698927,-0.01414817,-0.031345915,-0.026080774,0.13333355,-0.011124513,0.24349056,-0.02534313,-0.052977666,-0.0073662167,0.30912903,-0.11270155,0.18197241,-0.014203244,0.10026966,-0.04425249,0.43737212,-0.09912925,0.09282161
196,0.18481809,0.20815407,0.16674758,0.08355781,0.0638112,-0.19157156,0.16815153,0.3209505,0.0063118422,0.042785965,0.2364631,0.043178875,0.03655527,0.11061927,-0.03469513,0.021787604,0.18646121,0.22814067,-0.013382171,-0.029657051,-0.025364969,0.12901662,-0.0051321294,0.24476455,-0.024299072,-0.05241292,-0.0064361254,0.3041835,-0.10754642,0.18305652,-0.013076312,0.1012271,-0.043070856,0.4322787,-0.09431649,0.09381725
197,0.1857553,0.20947537,0.16778313,0.08666236,0.058432776,-0.1903119,0.16895455,0.31861204,0.00662603,0.04946353,0.23200837,0.044018064,0.036262475,0.10842777,-0.035544764,0.029666467,0.1820466,0.22839077,-0.014793535,-0.030498479,-0.026593814,0.13733141,-0.009000409,0.24499312,-0.025682405,-0.052296307,-0.007587779,0.3115978,-0.11062757,0.18331248,-0.014121166,0.10073341,-0.044341616,0.43985227,-0.09762251,0.09373646
198,0.18321487,0.20577939,0.16520642,0.08266656,0.06085299,-0.19377498,0.16661093,0.31819445,0.0043241405,0.044900853,0.23469923,0.04230271,0.034424014,0.10713078,-0.037278447,0.0246273,0.18443249,0.22789538,-0.016105138,-0.032986708,-0.02791951,0.13264237,-0.0077099614,0.24447154,-0.026870316,-0.053914685,-0.0086191865,0.30818877,-0.10981618,0.18285921,-0.015211288,0.101291016,-0.045767907,0.43677998,-0.096631505,0.09286006
199,0.18512915,0.2077374,0.16726646,0.08357312,0.059947647,-0.19283666,0.16858418,0.32076582,0.0059626712,0.04342376,0.23401198,0.04386283,0.03611124,0.108144864,-0.03560806,0.02366291,0.18351156,0.23000985,-0.014424443,-0.03256423,-0.026064748,0.13346052,-0.009419417,0.24627753,-0.025204115,-0.052420307,-0.006817598,0.3102733,-0.11166249,0.18439612,-0.013575759,0.10398721,-0.044240408,0.4392834,-0.09848162,0.09410688
200,0.1863967,0.20907359,0.16863178,0.08243072,0.05931995,-0.19119199,0.16991632,0.31839845,0.0067150644,0.044808615,0.23379382,0.045266166,0.0367406,0.106874116,-0.035362735,0.025222512,0.18319954,0.2312363,-0.014289053,-0.0325224,-0.025747698,0.13494295,-0.009784674,0.24755143,-0.024913345,-0.051458895,-0.0063979933,0.31162885,-0.11186767,0.18561172,-0.013134391,0.10530062,-0.043907315,0.4407586,-0.09873575,0.095113285
201,0.18479607,0.20641972,0.16699523,0.07828379,0.062218495,-0.19364665,0.16848525,0.31913313,0.005166713,0.043192167,0.23698632,0.044107493,0.035420734,0.10687594,-0.036716774,0.022957135,0.18617865,0.23090386,-0.015420439,-0.033665463,-0.026910413,0.13161637,-0.007384478,0.24730344,-0.025880238,-0.05255494,-0.0073062708,0.30852118,-0.10978118,0.18539579,-0.013967169,0.1053339,-0.044952005,0.4378006,-0.09661973,0.09457008
202,0.18605156,0.20774661,0.168315,0.08105471,0.05832995,-0.19291267,0.16961902,0.32072422,0.005802924,0.04568868,0.23361154,0.04485718,0.035775706,0.10722869,-0.036666587,0.026276458,0.18273655,0.23155616,-0.01564036,-0.033573233,-0.027019532,0.13630305,-0.010864426,0.24770957,-0.02618743,-0.052232288,-0.0074998597,0.31360766,-0.11296535,0.18559033,-0.014215772,0.105269365,-0.045312613,0.44337118,-0.09988323,0.0944654
203,0.18538772,0.20571059,0.16755971,0.07635966,0.060695775,-0.19384181,0.16902901,0.31940347,0.0046562008,0.043597605,0.23632467,0.04457539,0.034878958,0.10668909,-0.037859805,0.023414088,0.18526724,0.23169997,-0.01657389,-0.03421857,-0.027941544,0.13248573,-0.0087477155,0.24793881,-0.026941184,-0.052928433,-0.008210689,0.31016982,-0.11107257,0.18575592,-0.014891126,0.10508017,-0.04612196,0.44020703,-0.09783547,0.09434437
204,0.18656114,0.20634428,0.16872661,0.07757806,0.059329033,-0.19336271,0.1701101,0.32132134,0.0053002443,0.046469662,0.23544785,0.04527169,0.03527638,0.107772335,-0.037739843,0.026643855,0.18429813,0.23244901,-0.016684204,-0.033612907,-0.027981073,0.13567431,-0.009751301,0.2485774,-0.027029179,-0.052583415,-0.008250955,0.3131414,-0.11193099,0.18621202,-0.014869436,0.104748696,-0.046140004,0.4434221,-0.09889381,0.09461668
205,0.18617184,0.20541081,0.16830856,0.07649679,0.058153197,-0.1941289,0.16968699,0.32163602,0.00458319,0.043132372,0.23440044,0.044986043,0.034802623,0.10751437,-0.03828576,0.023277579,0.18315047,0.23246484,-0.017001975,-0.03434918,-0.028298909,0.13379407,-0.0113276085,0.2483856,-0.027437845,-0.053067952,-0.008606385,0.3127217,-0.113576874,0.18587756,-0.0153941605,0.104874894,-0.046773497,0.44354704,-0.100181,0.094037205
206,0.18567377,0.20385134,0.16774395,0.07153406,0.05958694,-0.19419716,0.16925159,0.3175685,0.0035663883,0.045779727,0.23657985,0.044967357,0.033672336,0.10549197,-0.039940197,0.025432354,0.18530625,0.23230916,-0.018722842,-0.03508897,-0.029946735,0.13349101,-0.00886508,0.2485886,-0.028842287,-0.053661622,-0.009932617,0.31111467,-0.11091157,0.18623921,-0.016489433,0.10415848,-0.04803719,0.4417463,-0.09754687,0.09423155
207,0.18680453,0.20485021,0.16891856,0.07348183,0.057813425,-0.19376996,0.17033109,0.31977975,0.0045063365,0.04340271,0.23482145,0.045821592,0.034726255,0.10633738,-0.03881595,0.023598608,0.1834124,0.23353831,-0.01752295,-0.034926172,-0.028670002,0.13400234,-0.011397527,0.24945243,-0.027778463,-0.052873187,-0.008790032,0.31318286,-0.11357348,0.18684739,-0.015557967,0.105561234,-0.0471484,0.4442818,-0.10011217,0.094677694
208,0.18854202,0.20658483,0.17081891,0.07233148,0.062292825,-0.19344048,0.17233534,0.32409465,0.0069707045,0.038616437,0.23901552,0.047509134,0.03756042,0.10893571,-0.035368778,0.018740393,0.18726857,0.23653701,-0.013804002,-0.033663124,-0.024843246,0.1302804,-0.009193481,0.25213602,-0.024013665,-0.05047103,-0.0050013885,0.31099597,-0.112323746,0.18924466,-0.011939607,0.11020629,-0.04347742,0.44206202,-0.09899253,0.09713787
209,0.18610354,0.20743705,0.16897412,0.06987358,0.06070093,-0.19106644,0.17056648,0.31301054,0.006686448,0.046825014,0.23803371,0.047419652,0.036647424,0.09943847,-0.03591769,0.028241234,0.18652225,0.23623924,-0.014981283,-0.038429655,-0.025484059,0.13794307,-0.008818789,0.25279808,-0.024546186,-0.049349148,-0.0049730777,0.31524906,-0.11067653,0.1911764,-0.011544105,0.11596634,-0.04381712,0.44457144,-0.09761717,0.09901207
210,0.18201959,0.20681536,0.1654664,0.06869827,0.061086316,-0.19398336,0.16721277,0.3126549,0.0053006797,0.05160438,0.23876654,0.045095522,0.034930784,0.09529195,-0.036712553,0.033981666,0.18722792,0.23495871,-0.016152773,-0.043003153,-0.026473328,0.14293283,-0.008307856,0.25192836,-0.025438406,-0.050070137,-0.0054725157,0.3186124,-0.10994919,0.19117442,-0.011794115,0.12030707,-0.044843562,0.4469007,-0.0973155,0.098576404
211,0.18132494,0.20678958,0.16499484,0.06789128,0.061129995,-0.19588415,0.16677973,0.31901726,0.005382094,0.047508784,0.23895739,0.044487767,0.03530979,0.097031474,-0.035740886,0.030285379,0.18714689,0.23574218,-0.014960437,-0.044284433,-0.025263654,0.14145625,-0.009697429,0.25226212,-0.02438573,-0.05015902,-0.0042663487,0.3191181,-0.111870736,0.1914052,-0.0108186,0.12330246,-0.044209637,0.44776937,-0.099180974,0.098350145
212,0.18122098,0.20631285,0.16495496,0.06531503,0.060951322,-0.19734485,0.16677287,0.3246184,0.005231786,0.044656463,0.23906754,0.04406225,0.03537206,0.09925833,-0.035519276,0.027390162,0.18709172,0.23616418,-0.014552441,-0.04465773,-0.024880683,0.1394435,-0.010334582,0.25237504,-0.024071807,-0.050505962,-0.0039030502,0.3183647,-0.11268043,0.19138665,-0.010594762,0.12443735,-0.044191957,0.4474118,-0.09975646,0.097976126
213,0.18091689,0.20573871,0.16470563,0.062120643,0.05855477,-0.1971733,0.16650957,0.32125914,0.004322284,0.046478976,0.23746856,0.044093315,0.03429536,0.09666908,-0.037082672,0.029300654,0.18546462,0.23595409,-0.016247276,-0.046190143,-0.026395457,0.14092563,-0.011563059,0.2523181,-0.025595628,-0.05128192,-0.005270713,0.31955054,-0.11339739,0.19143578,-0.011918096,0.12398539,-0.045852266,0.44883597,-0.10030213,0.09762865
214,0.18165463,0.20573564,0.16547583,0.057763413,0.0594621,-0.19721065,0.16733219,0.32300898,0.0045948867,0.04541681,0.23877034,0.044617902,0.03467131,0.097575754,-0.0368611,0.027944619,0.18667929,0.23687276,-0.015920302,-0.046043307,-0.025972359,0.13898829,-0.010504725,0.25323498,-0.02512654,-0.050971426,-0.0047555836,0.31779945,-0.11233319,0.19231775,-0.011409532,0.12515621,-0.045476142,0.44714054,-0.099043734,0.09833571
215,0.18212822,0.20610595,0.16601801,0.055221234,0.05806649,-0.19645804,0.16785993,0.3203935,0.004663709,0.046418034,0.23784895,0.04526215,0.034634475,0.09566183,-0.03718284,0.029116133,0.18573676,0.23735873,-0.016334292,-0.046932414,-0.026186332,0.14001037,-0.0112158125,0.25386357,-0.025372686,-0.050857816,-0.0048631583,0.31859905,-0.11269711,0.19306737,-0.01151206,0.12586968,-0.045792203,0.44793218,-0.09927495,0.09891622
216,0.18240009,0.20602213,0.16630358,0.055819094,0.05645397,-0.19756179,0.16809909,0.32555288,0.004733218,0.046308562,0.23658144,0.04503103,0.034674294,0.09784402,-0.037102945,0.029368874,0.18434319,0.2376344,-0.01629964,-0.046997026,-0.026180513,0.14130317,-0.013029515,0.25379822,-0.025485624,-0.051299836,-0.0049389713,0.32071987,-0.114623256,0.19281264,-0.011676098,0.12565342,-0.046097305,0.45050627,-0.1012222,0.09837443
217,0.18146402,0.2037917,0.16528064,0.051235743,0.059916276,-0.19969954,0.16724157,0.32874298,0.0037026973,0.04429948,0.24027428,0.04419181,0.033907425,0.09969912,-0.037851375,0.026592651,0.18785188,0.23765008,-0.016784582,-0.04714821,-0.026795546,0.13734588,-0.010202698,0.25373733,-0.025892017,-0.05224141,-0.0053867283,0.31713197,-0.11230519,0.19265027,-0.012055414,0.12534244,-0.046602637,0.44703612,-0.098872654,0.09795567
218,0.18306199,0.2057417,0.16696952,0.053707305,0.056068473,-0.19797872,0.16878003,0.32805824,0.0048303013,0.044148494,0.23670995,0.045617156,0.03494074,0.09894817,-0.0369964,0.02712752,0.18420802,0.23887211,-0.016034637,-0.04706512,-0.025839284,0.1401995,-0.014086001,0.254712,-0.02522546,-0.051186934,-0.004596108,0.32125077,-0.11607144,0.19334793,-0.0114769135,0.1265194,-0.046078056,0.45186362,-0.102590896,0.09840831
219,0.18316536,0.20450662,0.16700163,0.046200696,0.060453914,-0.19794643,0.16898918,0.32635403,0.0042241006,0.047905754,0.2417208,0.045769546,0.034188308,0.099019244,-0.03830113,0.029865159,0.18922725,0.23900037,-0.017416814,-0.046500854,-0.027173514,0.1385186,-0.00858504,0.2553333,-0.02612303,-0.051424205,-0.0055331737,0.31729046,-0.110474356,0.1941432,-0.012008062,0.12583788,-0.046688072,0.44732386,-0.09710187,0.09916478
220,0.18400913,0.205518,0.1679027,0.04975462,0.05601652,-0.19831523,0.1697505,0.33162293,0.0047910153,0.048867255,0.23762047,0.045927584,0.03455562,0.10094511,-0.037931576,0.031705257,0.18503997,0.23936185,-0.017259441,-0.04644312,-0.026979646,0.14259465,-0.013024665,0.25523686,-0.026226286,-0.051435094,-0.0055578365,0.32250968,-0.1148108,0.19374946,-0.012219958,0.12581138,-0.047036074,0.45333067,-0.10150692,0.09837547
221,0.18424352,0.20393997,0.16801323,0.043054283,0.059358228,-0.19871433,0.17000563,0.33199176,0.004085776,0.045588773,0.24125239,0.046071317,0.034209177,0.101960234,-0.03865844,0.027322838,0.18851821,0.2399632,-0.017607044,-0.046096794,-0.027347345,0.13675942,-0.009919413,0.25586936,-0.026382288,-0.051818855,-0.005756904,0.3171721,-0.111988045,0.19421716,-0.012399979,0.12575358,-0.047270603,0.44825095,-0.09838504,0.098599136
222,0.18578614,0.2055897,0.16961008,0.045374453,0.054477207,-0.19709878,0.17145361,0.33154762,0.004785177,0.04452101,0.23676857,0.04726006,0.03486925,0.101299934,-0.038328115,0.026937881,0.18395044,0.24090238,-0.017320234,-0.046212636,-0.026870819,0.13915297,-0.014707652,0.25646982,-0.026232682,-0.051289137,-0.005480367,0.32125545,-0.11660822,0.19447719,-0.012400195,0.1261878,-0.047365174,0.45325884,-0.102858365,0.0985167
223,0.18409508,0.20321436,0.16787419,0.04042757,0.057222683,-0.19860007,0.16988504,0.32888287,0.0030003903,0.048391443,0.2400901,0.046194866,0.032905728,0.09983865,-0.040648844,0.030115722,0.18726553,0.23988087,-0.019758955,-0.04722952,-0.0293175,0.13899925,-0.011070492,0.25587004,-0.028311089,-0.05263494,-0.007528974,0.31926507,-0.11290896,0.19410823,-0.014087712,0.1248277,-0.049307264,0.45092404,-0.099364735,0.09786639
224,0.18534124,0.20416251,0.16913556,0.040715307,0.05654182,-0.19800857,0.1711066,0.33143437,0.0038020504,0.046506904,0.23950563,0.047046784,0.033817194,0.10135076,-0.039792087,0.028326668,0.1865513,0.24101263,-0.018809106,-0.046528604,-0.028322088,0.13851942,-0.012338792,0.2566976,-0.027448755,-0.051935382,-0.006645523,0.32006013,-0.11442452,0.19460908,-0.013368311,0.12581871,-0.048578065,0.45228642,-0.100824125,0.09815306
225,0.18453193,0.20323564,0.16833003,0.04327751,0.05319045,-0.19943246,0.17025378,0.33301568,0.0029700499,0.043804843,0.2363128,0.046353456,0.03313147,0.10098765,-0.040397923,0.02618173,0.18322104,0.24074727,-0.019299138,-0.04802227,-0.028805016,0.1392274,-0.016278138,0.25604194,-0.028166205,-0.05288027,-0.007236304,0.32272822,-0.11842741,0.19376765,-0.01420884,0.12562636,-0.049664643,0.45575988,-0.10468181,0.09686466
226,0.18487146,0.20284224,0.16865483,0.03898971,0.05610958,-0.19914086,0.17067605,0.33169964,0.0028992216,0.047202226,0.23967981,0.04672946,0.032887157,0.10088651,-0.041004375,0.02906617,0.18655404,0.24113514,-0.020037478,-0.047639016,-0.029454658,0.13917105,-0.012693693,0.25676703,-0.028532844,-0.05273821,-0.007590658,0.3209915,-0.114780255,0.19460937,-0.014266426,0.12560377,-0.04979969,0.45359,-0.10126333,0.09767273
227,0.18553457,0.20327106,0.16934678,0.039057113,0.057837598,-0.19902816,0.17138168,0.33331943,0.0036806292,0.044523448,0.24130158,0.047453947,0.033896428,0.10199253,-0.039789356,0.026307564,0.18798757,0.24246328,-0.018635532,-0.04716094,-0.02803563,0.13736592,-0.012230567,0.25785202,-0.027157469,-0.05193244,-0.0062028007,0.32040897,-0.11489573,0.19542657,-0.012988372,0.12715414,-0.048481975,0.45329532,-0.10144886,0.09841493
228,0.18575674,0.20378125,0.16965576,0.037805263,0.056793284,-0.19804794,0.17168376,0.3291781,0.0037869052,0.04255878,0.24041808,0.048239384,0.034126077,0.099415064,-0.039669238,0.02445663,0.18706442,0.24316072,-0.018405471,-0.048017178,-0.02761479,0.13671996,-0.013414697,0.2585739,-0.026839348,-0.051373098,-0.005754514,0.32066613,-0.116067536,0.1961215,-0.012672044,0.12866843,-0.04829793,0.45378658,-0.10241483,0.09897338
229,0.18454382,0.20314169,0.16852921,0.040942825,0.05591175,-0.20032758,0.17054743,0.33337772,0.0033539853,0.047570627,0.23993646,0.04710134,0.033301428,0.1005125,-0.040224876,0.030175334,0.18649796,0.24253838,-0.019358229,-0.04877783,-0.028622463,0.14218651,-0.014287248,0.2578307,-0.027833419,-0.052213885,-0.006679321,0.3253485,-0.117078066,0.19541283,-0.013417958,0.12796123,-0.04928533,0.45844203,-0.10402115,0.09800571
230,0.18406206,0.20147483,0.16798161,0.034429386,0.058182158,-0.20104161,0.1701302,0.33213893,0.002467182,0.042138223,0.24225579,0.04698674,0.032896608,0.09992803,-0.04072569,0.023792818,0.18875071,0.24284682,-0.019377742,-0.049465597,-0.028639425,0.13554986,-0.012322444,0.25818324,-0.02774693,-0.05253586,-0.0065754508,0.31981185,-0.11519851,0.19576798,-0.013421912,0.12905495,-0.049415313,0.45307434,-0.10152047,0.098163396
231,0.18456392,0.20322329,0.16866706,0.037690137,0.053033683,-0.1998887,0.17069887,0.3294329,0.0030705086,0.0444519,0.23749131,0.04774692,0.033195693,0.09723905,-0.040518142,0.027191723,0.18399304,0.24319056,-0.019478098,-0.050533876,-0.02846171,0.14111151,-0.016916377,0.25849324,-0.027859377,-0.051823158,-0.0064744246,0.32580578,-0.11933942,0.19608548,-0.013447611,0.13033217,-0.049657553,0.4594458,-0.10573549,0.0982449
232,0.1849347,0.20286228,0.16902848,0.034831867,0.057437286,-0.2003706,0.17115745,0.33162382,0.0035631452,0.04623361,0.24207652,0.048068494,0.033659007,0.09903641,-0.039998528,0.028440405,0.18847424,0.24408744,-0.018980535,-0.049601488,-0.027973786,0.14004263,-0.012812972,0.25951904,-0.027107548,-0.051203273,-0.005752226,0.3237174,-0.11559845,0.19710505,-0.012484591,0.13131557,-0.04867224,0.4569476,-0.102300964,0.099302076
233,0.18449636,0.20229714,0.16860127,0.035788774,0.05540296,-0.20159365,0.170711,0.33431235,0.003265521,0.04222757,0.24010415,0.047751844,0.033624966,0.099597044,-0.039786465,0.024746742,0.18634927,0.244332,-0.018547602,-0.05040218,-0.027586898,0.13912202,-0.015813727,0.25930876,-0.026949657,-0.051567808,-0.0055321446,0.3250828,-0.11895875,0.19661735,-0.012558445,0.13193369,-0.048881683,0.45909277,-0.105422966,0.098481394
234,0.18300214,0.19979584,0.16702087,0.030551134,0.057897247,-0.20340201,0.16927554,0.3337953,0.0016515153,0.04590033,0.24315949,0.04658275,0.03183816,0.099327244,-0.041853294,0.02773578,0.18941866,0.24328618,-0.020727001,-0.051035497,-0.029827552,0.13877988,-0.012298847,0.25861663,-0.028832527,-0.052926943,-0.0074322647,0.32289,-0.11527172,0.19617194,-0.01410049,0.13035461,-0.050635904,0.4564787,-0.10181427,0.09787044
235,0.18430007,0.20201404,0.16846721,0.032256998,0.052103158,-0.20109792,0.17060411,0.32972926,0.0024087422,0.047644693,0.23788036,0.04791881,0.0322954,0.09638377,-0.041805338,0.030355148,0.18417497,0.24383473,-0.020963099,-0.051693287,-0.029742705,0.14341721,-0.017131465,0.25913593,-0.029071895,-0.05211311,-0.0074847373,0.3280845,-0.11953223,0.19660419,-0.014337541,0.13116951,-0.051036347,0.46224532,-0.10596563,0.098035686
236,0.18411362,0.20059744,0.16821447,0.025491552,0.0574438,-0.20226023,0.17050712,0.33220673,0.0019951067,0.040983245,0.24303322,0.047794282,0.032528244,0.09839226,-0.041438885,0.022473233,0.18918833,0.2446453,-0.019977111,-0.05130467,-0.028891243,0.13480654,-0.012993507,0.25985005,-0.028015679,-0.05206817,-0.006500626,0.3207111,-0.11602862,0.19720942,-0.013434129,0.13295376,-0.050139472,0.45486814,-0.10198801,0.09853134
237,0.18564843,0.20261513,0.16985776,0.029221393,0.05401861,-0.20142062,0.1720349,0.3356342,0.0032356968,0.04666812,0.2402661,0.048657466,0.0332418,0.09987051,-0.040925078,0.029157026,0.18635269,0.24539848,-0.019979574,-0.050491937,-0.028746597,0.1420036,-0.01582698,0.26040086,-0.028031033,-0.05130576,-0.006429639,0.32741165,-0.118700944,0.19755171,-0.013299458,0.13296208,-0.050087858,0.46191853,-0.105177514,0.098676145
238,0.1857229,0.20165983,0.16987646,0.024152571,0.056391213,-0.20071295,0.17214605,0.33056825,0.0026462413,0.047708604,0.2431473,0.049174868,0.03266024,0.097786754,-0.042015765,0.02948853,0.18916614,0.24580576,-0.021019222,-0.05083352,-0.029630654,0.14015833,-0.012895633,0.26116297,-0.028666902,-0.0513937,-0.0070102853,0.3247022,-0.11569798,0.19838323,-0.01368388,0.13285415,-0.05059418,0.45905632,-0.10217584,0.099380225
239,0.18457876,0.20035136,0.16873416,0.02554631,0.05494588,-0.20302853,0.17101786,0.3348562,0.0020436863,0.041476,0.24149594,0.048336282,0.032494143,0.09881282,-0.04166142,0.023525916,0.18733549,0.24591802,-0.020295173,-0.052185886,-0.029032761,0.13763526,-0.015910434,0.2606843,-0.028324323,-0.052107774,-0.0065933745,0.3251395,-0.119217046,0.1976295,-0.01364152,0.13394694,-0.050750155,0.46034056,-0.105380975,0.098178
240,0.1853035,0.20185444,0.16958652,0.025995182,0.05527614,-0.20214684,0.17184944,0.33463925,0.003008382,0.04823496,0.24211836,0.048991796,0.032926846,0.098724015,-0.041321643,0.030595874,0.18805026,0.24624711,-0.020452593,-0.051570337,-0.029044222,0.1426336,-0.014580272,0.26132318,-0.028214682,-0.051157158,-0.0064380616,0.32791954,-0.117546506,0.19846745,-0.013169875,0.13461506,-0.050307147,0.46254867,-0.10418416,0.09910956
241,0.1849919,0.20140675,0.16935122,0.019729635,0.05773812,-0.2019886,0.17171068,0.33111024,0.0026333265,0.048965514,0.24480562,0.049231645,0.032574706,0.096910805,-0.04188149,0.030593613,0.1908259,0.24638015,-0.020951312,-0.051971298,-0.029397683,0.14030384,-0.011245516,0.26194364,-0.028323907,-0.050709568,-0.00649519,0.32438478,-0.11383094,0.1993965,-0.013017479,0.13616626,-0.050293125,0.4585204,-0.100202516,0.10000636
242,0.1859321,0.20398518,0.17055447,0.023689933,0.05477847,-0.20203349,0.17282185,0.3368815,0.004412015,0.044761386,0.2414547,0.050048247,0.034551546,0.098698705,-0.03921107,0.027343458,0.1873656,0.24785505,-0.01816864,-0.05188081,-0.026533801,0.14132538,-0.015681261,0.26285055,-0.025906384,-0.04899206,-0.0039580404,0.32808736,-0.118581794,0.2000006,-0.010914723,0.14026025,-0.048253685,0.4629272,-0.10484432,0.10036098
243,0.18205135,0.20159633,0.16697237,0.01969258,0.055369332,-0.20516956,0.1694064,0.33589402,0.002157061,0.0444038,0.24229002,0.04776474,0.03237032,0.09519199,-0.040839043,0.027110552,0.18812475,0.24652539,-0.01974437,-0.056073006,-0.028008586,0.1410361,-0.015317152,0.26181594,-0.027279345,-0.050747573,-0.0050672283,0.32770544,-0.118217334,0.19951488,-0.011959534,0.1426037,-0.050131835,0.46213332,-0.10446582,0.09918596
244,0.17913693,0.20105763,0.16449985,0.019109093,0.051495083,-0.20616142,0.1669984,0.3372838,0.0006879745,0.04258575,0.23882276,0.046005864,0.030955816,0.09209431,-0.041669127,0.026324004,0.18448271,0.24573405,-0.02058116,-0.060554437,-0.028622035,0.14322068,-0.019692253,0.26092207,-0.02816751,-0.052288827,-0.0055946824,0.33144823,-0.12259096,0.19891189,-0.0127455015,0.14557561,-0.05190318,0.4661955,-0.10883471,0.097613655
245,0.17939998,0.20280778,0.16519089,0.013829851,0.054619726,-0.20616804,0.16777533,0.34114763,0.0020918224,0.043822918,0.24210463,0.04644699,0.032295145,0.092605084,-0.039708193,0.027898094,0.1876785,0.24731192,-0.018734759,-0.061537687,-0.026467822,0.14355685,-0.016955735,0.26278824,-0.025913984,-0.050968803,-0.0031203846,0.33068332,-0.1200069,0.20125818,-0.010166319,0.15131626,-0.049847145,0.46427056,-0.10654536,0.099832155
246,0.17920592,0.20428032,0.16544373,0.0070645777,0.05608855,-0.20659281,0.1681145,0.34240434,0.0025445283,0.04847881,0.24405816,0.04651516,0.032403603,0.09156915,-0.03945424,0.032860953,0.1896508,0.24786574,-0.018820673,-0.06304644,-0.026165975,0.14600739,-0.0145437475,0.26390758,-0.025433777,-0.050469466,-0.0024034171,0.33077297,-0.11716699,0.20303892,-0.009177979,0.15541449,-0.04954578,0.46316016,-0.10394037,0.10130469
247,0.18085359,0.20652497,0.1673693,0.0030841106,0.05538302,-0.20520267,0.17003849,0.3419882,0.0038196463,0.0501307,0.24401058,0.04796389,0.033510778,0.0905381,-0.038500115,0.034835394,0.18945551,0.2496119,-0.018041767,-0.06365546,-0.024907555,0.14764205,-0.014833821,0.26585156,-0.024249967,-0.04936695,-0.0009876714,0.33209196,-0.11727298,0.20509394,-0.007782674,0.1586598,-0.04855308,0.46436307,-0.10418434,0.10303884
248,0.18095052,0.20620225,0.167541,-0.00057677465,0.054403655,-0.20597391,0.17025283,0.34439686,0.0033822278,0.047325797,0.24361464,0.047957253,0.033276275,0.091058,-0.03884957,0.031980116,0.18884015,0.25023794,-0.0182038,-0.06471689,-0.024980014,0.14575168,-0.016136294,0.26617807,-0.024426471,-0.05023021,-0.0010547221,0.33171868,-0.118844114,0.20522806,-0.0080485195,0.15919751,-0.049239706,0.46459877,-0.10561803,0.10255884
249,0.18072745,0.20557846,0.16733757,-0.0045058033,0.053935636,-0.20635495,0.17009991,0.3440985,0.0024253,0.04712455,0.24372418,0.04769506,0.032347225,0.09066564,-0.040161762,0.0315641,0.18886706,0.25007787,-0.019466577,-0.065490425,-0.026170306,0.14480124,-0.0161406,0.2659998,-0.025562026,-0.051310513,-0.0021419728,0.33090967,-0.11882199,0.20501807,-0.009128522,0.15840943,-0.050656132,0.46404728,-0.10548721,0.101923384
250,0.18232448,0.20700473,0.16896865,-0.00613089,0.05189442,-0.2045546,0.17170964,0.34252506,0.0029905664,0.05160285,0.24244782,0.04875331,0.032518256,0.09010797,-0.040584136,0.036247347,0.18759695,0.25061303,-0.020238472,-0.06491786,-0.026648276,0.14833383,-0.01677151,0.26672813,-0.026041413,-0.050850753,-0.0025654514,0.33329704,-0.11899687,0.20571706,-0.009424847,0.1578734,-0.05103941,0.4665575,-0.10579229,0.10255543
