Epoch,Layer0_theta_1,Layer0_r,Layer0_theta_2,Layer0_bx,Layer0_bp,Layer0_gamma,Layer1_theta_1,Layer1_r,Layer1_theta_2,Layer1_bx,Layer1_bp,Layer1_gamma,Layer2_theta_1,Layer2_r,Layer2_theta_2,Layer2_bx,Layer2_bp,Layer2_gamma,Layer3_theta_1,Layer3_r,Layer3_theta_2,Layer3_bx,Layer3_bp,Layer3_gamma,Layer4_theta_1,Layer4_r,Layer4_theta_2,Layer4_bx,Layer4_bp,Layer4_gamma,Layer5_theta_1,Layer5_r,Layer5_theta_2,Layer5_bx,Layer5_bp,Layer5_gamma
1,0.063331366,0.07603797,0.06313265,0.06520461,-0.051940612,0.065867454,0.06303445,0.07595155,0.062894486,0.069519,-0.05001339,0.065414965,0.0628175,0.068298325,0.062759966,0.07205089,-0.049474716,0.065160386,0.06271216,0.06794566,0.06274269,0.0734416,-0.04904214,0.06510629,0.062728174,0.067647286,0.062838815,0.07416794,-0.048457466,0.06524052,0.062858276,0.06908777,0.06302997,0.074556306,-0.04626598,0.06554052
2,0.039172363,0.14835873,0.03808553,0.07810638,-0.09491491,0.04173852,0.037984587,0.11628176,0.037701204,0.09421834,-0.09473413,0.040928815,0.037684735,0.048362892,0.03780228,0.106474966,-0.09523527,0.040448494,0.037782926,0.04714806,0.037865967,0.1140531,-0.09532194,0.040191494,0.037825447,0.04739228,0.037869845,0.11825438,-0.09469516,0.04021875,0.0378005,0.05912019,0.037879936,0.12057435,-0.091157734,0.040555775
3,0.057879355,0.19560747,0.05208073,0.0770254,-0.08135811,0.059089713,0.052536126,0.15953894,0.04757922,0.08800214,-0.08503778,0.05831726,0.048037603,0.059323438,0.04730864,0.09913107,-0.08728357,0.05777798,0.047402546,0.060724556,0.047133394,0.106531106,-0.08864208,0.057027612,0.046731863,0.06331743,0.047046326,0.11071655,-0.08896718,0.056464385,0.046093084,0.084198534,0.047652736,0.1124367,-0.08725831,0.056263775
4,0.045236457,0.23399273,0.041262973,0.078526154,-0.054112602,0.039569378,0.042680044,0.17805098,0.04066565,0.079127744,-0.061458483,0.043258365,0.041832235,0.055890992,0.041732747,0.085604854,-0.06505288,0.0443319,0.0421444,0.05704902,0.0417461,0.09072745,-0.067405395,0.042909566,0.041143212,0.064145125,0.04059885,0.0938088,-0.06833879,0.03988534,0.03887281,0.0976196,0.03900154,0.09446345,-0.067435786,0.035665642
5,0.05966684,0.2603084,0.050185397,0.08643014,-0.05356752,0.046043806,0.051779248,0.20230496,0.049287625,0.08518741,-0.06060553,0.04592519,0.050701134,0.06596601,0.050936613,0.089988336,-0.06417624,0.04744633,0.05152257,0.06622497,0.051470358,0.093934484,-0.06646832,0.046126887,0.05092982,0.0741075,0.050854225,0.0962615,-0.06717397,0.04337949,0.049060583,0.11192069,0.05053824,0.09657838,-0.06548205,0.041232653
6,0.054193005,0.27988675,0.04641403,0.094255514,-0.06482037,0.029127054,0.047746513,0.21315493,0.04795828,0.09548526,-0.07001892,0.03265067,0.049307507,0.06697076,0.0503669,0.100646034,-0.07311121,0.035454065,0.050961137,0.06540694,0.051371958,0.104541466,-0.07496416,0.034226723,0.050914176,0.073792584,0.050941918,0.10676394,-0.075077154,0.030529417,0.049305495,0.11496789,0.050688155,0.107441805,-0.0716068,0.027354322
7,0.062650606,0.29421642,0.05210327,0.098008,-0.06322024,0.026866913,0.053594075,0.22707208,0.053826317,0.097971596,-0.06857289,0.031029249,0.055329002,0.07417375,0.056703385,0.10198417,-0.07170923,0.034571063,0.057405185,0.07176853,0.058152318,0.10500454,-0.073683366,0.03339175,0.057738468,0.08041363,0.058190588,0.106634565,-0.07400981,0.029169554,0.056529913,0.12353727,0.05892979,0.106881194,-0.07110633,0.025636692
8,0.06264009,0.30334002,0.052376706,0.10055767,-0.055095628,0.016757498,0.054251276,0.23377472,0.05534108,0.09754935,-0.06158573,0.025181493,0.057128552,0.076886326,0.05878795,0.099647574,-0.064975515,0.029641172,0.059672154,0.074105,0.060551047,0.10138656,-0.06727202,0.028131362,0.060186084,0.08359418,0.060665686,0.10222897,-0.06806334,0.022345915,0.05891258,0.12913196,0.061455138,0.10179142,-0.066345096,0.01563371
9,0.066712156,0.30981362,0.055216447,0.105279066,-0.055566505,0.011544243,0.057156138,0.2404118,0.058346976,0.10194386,-0.061684422,0.022445694,0.06024047,0.08049575,0.062126383,0.10314378,-0.06482901,0.027533136,0.06312125,0.07711172,0.06427345,0.104093544,-0.06693522,0.026031293,0.064011745,0.08644166,0.06485811,0.1044219,-0.06746391,0.019677652,0.063195996,0.1323146,0.066514015,0.10378847,-0.06462589,0.011664077
10,0.06780096,0.31369674,0.056099962,0.10959506,-0.057539947,0.004724349,0.058031924,0.24401481,0.059591267,0.10660163,-0.063054785,0.018633526,0.061540112,0.082172096,0.06364041,0.10724057,-0.06589522,0.024290668,0.06471542,0.07829346,0.06607753,0.107615404,-0.06775779,0.022722423,0.065912895,0.0874769,0.06699406,0.10757239,-0.067955926,0.015683196,0.06544257,0.1334543,0.069199674,0.10689216,-0.063740194,0.005953128
11,0.0700304,0.31651506,0.057641007,0.11099369,-0.054627966,0.0010337436,0.05973484,0.24722336,0.061242733,0.1073232,-0.060492303,0.016899012,0.06332798,0.08410598,0.065503664,0.10709817,-0.06339415,0.022947071,0.06667826,0.08008905,0.06814455,0.10680552,-0.065442145,0.021174042,0.068028174,0.08937034,0.069279134,0.10635912,-0.06600521,0.013343878,0.06772326,0.1356833,0.07190038,0.105408564,-0.06267133,0.0019119678
12,0.071834624,0.3184844,0.058874764,0.11213844,-0.052156284,-0.0022478218,0.061103985,0.24962148,0.06254939,0.10804478,-0.058294583,0.015384737,0.06475241,0.08558597,0.06698369,0.1070697,-0.061248157,0.021757213,0.068245314,0.081483826,0.06979497,0.10618293,-0.06348728,0.019733919,0.06972117,0.09084732,0.07111585,0.105387375,-0.06443259,0.01108299,0.06955742,0.13737197,0.07409159,0.10422415,-0.061962724,-0.0020895877
13,0.07306434,0.31979436,0.059717547,0.11429165,-0.053016763,-0.0055408804,0.061942957,0.25128624,0.06341855,0.11064964,-0.05881053,0.01371832,0.06565735,0.0865166,0.06797239,0.10931259,-0.061601635,0.0203671,0.069282725,0.082221165,0.07094368,0.10804121,-0.063783504,0.018154884,0.07092372,0.09146792,0.07247906,0.10702164,-0.06470761,0.008855102,0.07097854,0.13782394,0.07583921,0.10585568,-0.06172984,-0.0057565114
14,0.07437932,0.3208593,0.060595647,0.11532751,-0.052304298,-0.007924741,0.06287363,0.25275666,0.064291775,0.11188016,-0.05806485,0.012655863,0.066594325,0.08743877,0.06895195,0.110079415,-0.06084909,0.01951558,0.07031576,0.083077654,0.07204908,0.10839251,-0.063194565,0.01701852,0.07206175,0.09232554,0.07374476,0.107148185,-0.064483345,0.006940639,0.07225664,0.13865612,0.07741073,0.10591779,-0.0621922,-0.009255769
15,0.07607289,0.32179126,0.061693728,0.116026945,-0.051781144,-0.009200274,0.06400996,0.25422028,0.06527892,0.1128449,-0.05749386,0.012239496,0.067631334,0.088438205,0.070013076,0.110663764,-0.060291305,0.019241545,0.07141765,0.08402948,0.07322239,0.10862954,-0.06283314,0.016474854,0.073257096,0.09323848,0.07508313,0.10720765,-0.06454824,0.0057188254,0.07359965,0.13945621,0.07907899,0.10594014,-0.06312855,-0.011795157
16,0.0771439,0.32235548,0.06238625,0.11643832,-0.05118812,-0.010334206,0.06473877,0.25512597,0.06591353,0.1135718,-0.05686635,0.011891834,0.06831248,0.08906448,0.07070693,0.1110168,-0.059718784,0.018992657,0.07214575,0.08467157,0.07399329,0.1086486,-0.06254504,0.015877694,0.07403953,0.093913354,0.075961255,0.10707191,-0.06485176,0.0043245316,0.07446907,0.14009476,0.08017636,0.1057829,-0.06473826,-0.0146924425
17,0.07797301,0.32274425,0.062918864,0.11710543,-0.051674202,-0.0113935415,0.06525929,0.25578693,0.06637757,0.11475961,-0.057130568,0.011501834,0.06879043,0.089499295,0.07120521,0.11198381,-0.059974022,0.018669007,0.07266013,0.08508963,0.074554086,0.10938209,-0.06299398,0.015239117,0.07461102,0.094312385,0.076623194,0.10770891,-0.06573194,0.0029866484,0.07513874,0.14036864,0.08104223,0.10646592,-0.06641261,-0.017345713
18,0.0787589,0.32310274,0.06342416,0.1169816,-0.051072095,-0.012221967,0.06579281,0.2563967,0.06682668,0.11497117,-0.056521226,0.011299153,0.069274135,0.08995851,0.07168687,0.11187099,-0.05949674,0.018496284,0.07315945,0.0856273,0.07507389,0.10899404,-0.062941626,0.014630731,0.075120986,0.09494679,0.07720024,0.10722214,-0.06652929,0.0014685375,0.07568288,0.14103729,0.08176035,0.10598611,-0.069238394,-0.020514399
19,0.0796541,0.32343817,0.06399301,0.118128635,-0.053210046,-0.012618175,0.06627654,0.2569925,0.06725773,0.11701373,-0.058125794,0.011249624,0.069672294,0.090333186,0.07211995,0.113876216,-0.061000064,0.018456642,0.07358351,0.085919134,0.075571485,0.11087334,-0.06454538,0.014301697,0.075629085,0.0950981,0.07783411,0.10907634,-0.0684123,0.00054977107,0.07635062,0.14086461,0.08266103,0.10799434,-0.0713075,-0.022495925
20,0.08083072,0.3238305,0.06473662,0.11706932,-0.05194363,-0.01207263,0.06706626,0.25771552,0.06785566,0.11612929,-0.05701826,0.011901267,0.07030643,0.09098976,0.072722845,0.11264387,-0.06019346,0.019034572,0.07418823,0.08673627,0.07618726,0.10939632,-0.064448975,0.014356289,0.07619972,0.09605604,0.078486085,0.107550025,-0.06968365,-0.00038579092,0.07691722,0.14191172,0.08344128,0.10646852,-0.076118045,-0.02511389
21,0.0808796,0.32375002,0.06476017,0.116982475,-0.052662984,-0.012281325,0.06705353,0.2576219,0.067832135,0.116570905,-0.057521593,0.011927897,0.0702679,0.090962514,0.07267698,0.11296623,-0.06081153,0.018983174,0.074124806,0.08680995,0.07612287,0.10960311,-0.06549437,0.013848014,0.076108254,0.0962271,0.078416005,0.10776717,-0.07159048,-0.0017533076,0.07681704,0.14209105,0.08339553,0.10678586,-0.07998496,-0.027986301
22,0.0820999,0.32413235,0.065528475,0.116914295,-0.053600043,-0.011428844,0.06777609,0.25834295,0.068399,0.117044605,-0.058213297,0.012645268,0.07081221,0.09155147,0.07322464,0.113349,-0.0616191,0.019612467,0.07464974,0.0874145,0.07670659,0.10989118,-0.0667327,0.014111592,0.076663144,0.09676665,0.07910247,0.10807933,-0.073689856,-0.0021492783,0.077475496,0.14242703,0.08431265,0.10721333,-0.08401707,-0.029490523
23,0.082206205,0.32406887,0.06558777,0.116780736,-0.05470746,-0.01089686,0.06777897,0.2582661,0.068378486,0.117420845,-0.05906555,0.013087107,0.07075791,0.09155572,0.07316659,0.1136788,-0.06260654,0.019927261,0.0745585,0.087498225,0.07662859,0.11017526,-0.068180636,0.014006486,0.07654735,0.09689393,0.07902964,0.108421974,-0.07605355,-0.0029988447,0.07736757,0.14250372,0.08428238,0.107684314,-0.08846939,-0.031613544
24,0.0834659,0.32446724,0.06638163,0.1159274,-0.05471883,-0.0093171075,0.06855884,0.2590115,0.06896276,0.11678714,-0.059062086,0.0142491795,0.071329236,0.09223659,0.073723346,0.11290033,-0.062882416,0.020940775,0.07508281,0.08826187,0.07719941,0.109318584,-0.069127895,0.014609136,0.07705849,0.097656995,0.079667576,0.10761956,-0.07828365,-0.0031015086,0.07792608,0.1431847,0.08509591,0.106961176,-0.09391854,-0.0328733
25,0.08271293,0.32404763,0.06589263,0.116343334,-0.057004865,-0.009541138,0.06796528,0.25831315,0.06847242,0.11791207,-0.060874943,0.014097866,0.07077398,0.09173831,0.073172286,0.11411773,-0.064728364,0.020645404,0.0744867,0.08784038,0.0765928,0.11057298,-0.071281366,0.013880202,0.0764258,0.09730647,0.07901732,0.10897398,-0.081077024,-0.0045929663,0.077277966,0.14279306,0.08439274,0.108504,-0.09791443,-0.035713043
26,0.08404086,0.32450193,0.06673275,0.11551304,-0.057054322,-0.007852141,0.06878947,0.25915486,0.06909906,0.11719285,-0.06093275,0.015279504,0.071382344,0.09248358,0.07377232,0.11329776,-0.06505876,0.021671858,0.0750501,0.08863928,0.07721314,0.10971927,-0.07223505,0.014558277,0.07698501,0.098069794,0.07971532,0.10819206,-0.08321107,-0.0044921758,0.077897064,0.14345346,0.085280344,0.107796684,-0.10303329,-0.036550596
27,0.08367679,0.32423854,0.06649104,0.115811616,-0.059234068,-0.007500352,0.06844714,0.25874132,0.06880668,0.11809482,-0.06268699,0.015479888,0.0710235,0.09221403,0.073420845,0.11430527,-0.06687545,0.021709932,0.07464983,0.08841915,0.07682478,0.11078933,-0.07438907,0.014208712,0.07656558,0.09786309,0.07931938,0.10937784,-0.086050905,-0.005498166,0.07749781,0.14314787,0.08489829,0.10916467,-0.10723941,-0.038700957
28,0.08474819,0.3245057,0.06716015,0.11466963,-0.059137933,-0.0058291894,0.0691008,0.2593271,0.069268614,0.116942786,-0.062666714,0.016593948,0.07145995,0.09282193,0.07383251,0.11304274,-0.06722739,0.022601265,0.075009525,0.08915431,0.07721672,0.109517716,-0.07553982,0.014626064,0.07687174,0.09864934,0.079733126,0.10821388,-0.08869906,-0.005865516,0.07779964,0.14393339,0.085412584,0.10808154,-0.11373964,-0.040390816
29,0.083693266,0.32391292,0.066472486,0.1142394,-0.06014042,-0.0061163898,0.06835653,0.25835302,0.06860516,0.11674381,-0.06351868,0.016298095,0.07074898,0.092212014,0.073083006,0.11287915,-0.06828378,0.022084408,0.07420926,0.088766135,0.07634304,0.1094178,-0.07711108,0.013574738,0.075941704,0.09852342,0.078706674,0.10823793,-0.09126029,-0.007828049,0.076719895,0.14403665,0.08416181,0.108224064,-0.118696176,-0.04397394
30,0.086231746,0.32539728,0.06813909,0.11495445,-0.062467907,-0.0031659456,0.06992738,0.26066488,0.07000309,0.118096754,-0.065375425,0.018404359,0.07209055,0.0938158,0.07454303,0.11434889,-0.0701117,0.024143543,0.07563965,0.09000294,0.07803216,0.110934764,-0.07909093,0.015681181,0.07763196,0.099187925,0.08080541,0.10984059,-0.09355546,-0.0055674263,0.07886234,0.1439889,0.086991414,0.110015646,-0.121277995,-0.04130338
31,0.08439463,0.32476598,0.066980876,0.11410227,-0.06278188,-0.0036907487,0.0687357,0.2593971,0.06900285,0.11721905,-0.065714516,0.017940266,0.07104975,0.092978135,0.07346017,0.11347603,-0.07075341,0.023420377,0.074499436,0.08945586,0.07678284,0.110144354,-0.080371045,0.014345703,0.076304264,0.09904718,0.07931939,0.10919335,-0.09603937,-0.007942463,0.07728334,0.14433537,0.08513375,0.109455466,-0.1268712,-0.04552096
32,0.08484953,0.3251811,0.06729608,0.11345193,-0.06275339,-0.002689276,0.06904032,0.25995442,0.06926814,0.11650356,-0.0657459,0.018608289,0.07129644,0.093431495,0.073718786,0.11273496,-0.07099689,0.023955509,0.07472502,0.0899357,0.077049844,0.10943615,-0.0810496,0.014632091,0.07652068,0.099536605,0.07962093,0.108567186,-0.09752787,-0.008049349,0.077521,0.14486507,0.08552606,0.108878046,-0.13045043,-0.046261795
33,0.084804244,0.32537046,0.06728836,0.114517026,-0.065372676,-0.0022988268,0.06892902,0.2601282,0.06925321,0.118244916,-0.067831896,0.018826004,0.07122244,0.093456574,0.07370794,0.114698835,-0.072919145,0.024111426,0.07469497,0.08980817,0.0771037,0.11150665,-0.08284801,0.01472231,0.07660326,0.0992026,0.07981052,0.11072077,-0.09915244,-0.008025434,0.07779862,0.14421846,0.08595324,0.111198954,-0.13114671,-0.04629216
34,0.08571048,0.32581007,0.06787535,0.113284186,-0.06424637,-0.00073921424,0.06954589,0.26088887,0.06973203,0.116609655,-0.06701542,0.019858222,0.07170072,0.09413688,0.07417943,0.11293259,-0.072456725,0.024984276,0.07512938,0.09055354,0.07758051,0.10974074,-0.08301888,0.015330538,0.076999165,0.09997473,0.08031153,0.10902952,-0.10048117,-0.007830852,0.07817601,0.14508128,0.086528815,0.10950166,-0.13567969,-0.046763323
35,0.08457679,0.3253848,0.06715578,0.113510944,-0.06562953,-0.0011587613,0.06876446,0.26007906,0.06909943,0.117135346,-0.068155065,0.019455202,0.07102453,0.0935369,0.073502034,0.11360563,-0.073594645,0.024457753,0.074424334,0.09002747,0.07683839,0.11051983,-0.084250875,0.014563568,0.07624888,0.09955937,0.07949258,0.10990068,-0.10192997,-0.008982855,0.077375665,0.1447577,0.08558792,0.11046822,-0.13750763,-0.048579425
36,0.085721865,0.3262033,0.067921266,0.113417745,-0.06587605,0.00058779656,0.06951741,0.2613257,0.069799304,0.11707622,-0.06837188,0.020693583,0.07171338,0.09438949,0.07426436,0.11358914,-0.0738409,0.0257053,0.07517704,0.090660706,0.07773458,0.11054289,-0.08457506,0.015954673,0.07713767,0.09988334,0.08059488,0.1099602,-0.102413975,-0.007308452,0.07847469,0.14479336,0.08703185,0.11055303,-0.13838269,-0.046325617
37,0.08504077,0.3262001,0.067514285,0.113466285,-0.06683464,0.00065052183,0.0690654,0.26110092,0.06947954,0.11730872,-0.06917716,0.02068438,0.071359456,0.09419027,0.07393483,0.11391855,-0.07469475,0.025589582,0.07482147,0.090472564,0.07738969,0.11095723,-0.08559449,0.015637573,0.07677687,0.099733554,0.08023937,0.11046175,-0.10376637,-0.007941947,0.078119524,0.14470315,0.08666589,0.11113624,-0.14044423,-0.047482233
38,0.084009215,0.3259604,0.06687498,0.11260671,-0.066178136,0.0001622433,0.06843888,0.26049817,0.06895463,0.11617824,-0.06872291,0.020249488,0.07082669,0.09380821,0.073366515,0.11276503,-0.07445769,0.024995007,0.07422372,0.09029467,0.07671035,0.10985582,-0.08573356,0.014690258,0.07604226,0.09985993,0.07939258,0.10943453,-0.10460714,-0.009470067,0.07719111,0.14523894,0.08555666,0.11010021,-0.14328772,-0.05000753
39,0.08449508,0.32661462,0.067229204,0.113454655,-0.067600906,0.0009415254,0.06874409,0.2613454,0.069335826,0.11744426,-0.069827266,0.020844053,0.07118751,0.09426512,0.07382228,0.114177905,-0.075368784,0.025658142,0.07468875,0.09047777,0.07731231,0.11132117,-0.08637545,0.015565841,0.07668988,0.09970642,0.08021751,0.11091676,-0.10479001,-0.00820318,0.078104146,0.14472026,0.0867408,0.11165889,-0.1420222,-0.047970206
40,0.083460055,0.32637915,0.06658695,0.112346195,-0.06637216,0.00090191734,0.06813615,0.26077482,0.068831764,0.11591212,-0.0689196,0.020759055,0.07068685,0.09390037,0.07329461,0.11259954,-0.074696034,0.02547339,0.0741353,0.090272546,0.07669123,0.10978822,-0.08606703,0.015182573,0.076008074,0.09975058,0.079434805,0.109441206,-0.10516543,-0.008922375,0.0772217,0.14517292,0.08568239,0.110129796,-0.14452086,-0.049269624
41,0.08351527,0.3267563,0.0666577,0.11203877,-0.0666274,0.0016548813,0.06818914,0.26119184,0.0689375,0.115617394,-0.06916594,0.021261023,0.07077334,0.09417222,0.0734197,0.11236558,-0.07502545,0.02591249,0.07423892,0.09048583,0.07685072,0.10962445,-0.086574025,0.015553858,0.076144144,0.09990104,0.079650976,0.109345905,-0.106016934,-0.008633711,0.07741573,0.1453181,0.08599908,0.110069916,-0.14625914,-0.04906614
42,0.08387584,0.32750553,0.06694636,0.11278111,-0.06810055,0.002389344,0.06842525,0.2620675,0.06927655,0.11680431,-0.07031369,0.021816352,0.07108868,0.094639406,0.07383059,0.11373182,-0.075978816,0.026518874,0.07465591,0.09069635,0.0773961,0.11106793,-0.08725304,0.01634207,0.07673276,0.09981548,0.0804024,0.110820316,-0.106227085,-0.0074941847,0.07825501,0.14493543,0.08708794,0.11162611,-0.1450039,-0.04720617
43,0.08378829,0.3278161,0.06692515,0.111948445,-0.06682568,0.0024824212,0.068447925,0.26233,0.06931835,0.11559897,-0.06933359,0.021844849,0.071147054,0.094859235,0.07387992,0.11243103,-0.07519084,0.026440762,0.07469352,0.09101777,0.07741798,0.109760724,-0.086766884,0.016039193,0.07670927,0.10030534,0.08037515,0.109542765,-0.106300466,-0.008145331,0.07814771,0.14571604,0.08700226,0.110311925,-0.1467791,-0.048367273
44,0.083450876,0.32792953,0.06673438,0.112747416,-0.06817741,0.0018012547,0.068210796,0.26231143,0.0691906,0.11680263,-0.07038404,0.021294728,0.07100001,0.09474418,0.07376515,0.113791004,-0.07604976,0.025856134,0.07458783,0.090840474,0.07733357,0.111182526,-0.08735649,0.015398157,0.07666895,0.10008323,0.080354005,0.11098758,-0.106439255,-0.008831774,0.07821266,0.1453953,0.087098494,0.11182831,-0.14553912,-0.049032334
45,0.082945175,0.32789132,0.06642762,0.112489946,-0.06807276,0.0016978744,0.06790357,0.26211348,0.06896212,0.11649016,-0.07032492,0.021160208,0.07076586,0.09458353,0.07353506,0.113528356,-0.07602031,0.02567524,0.07434923,0.090705976,0.07708201,0.11097233,-0.087374546,0.015152708,0.076405935,0.10001088,0.08006514,0.110811904,-0.10657337,-0.00916443,0.07790938,0.1454435,0.08674405,0.11164486,-0.14609371,-0.049469512
46,0.08310116,0.32808557,0.06653987,0.11191214,-0.067482375,0.0021984896,0.06803219,0.2623798,0.06907765,0.115719795,-0.0698877,0.02145195,0.07088272,0.09479652,0.073656976,0.11276373,-0.075678006,0.02591999,0.0744595,0.09092138,0.07720767,0.11024484,-0.08717182,0.015364298,0.076504685,0.10023199,0.08019287,0.110114135,-0.10664386,-0.008982403,0.07799309,0.14573655,0.086877115,0.110916466,-0.14706852,-0.04928976
47,0.08332537,0.32835445,0.0667002,0.112600416,-0.06874391,0.0020265267,0.06814848,0.26271796,0.06922998,0.116793476,-0.07086598,0.021267062,0.07101644,0.09495516,0.07382981,0.11399923,-0.07646101,0.025735611,0.07464126,0.090961665,0.07744148,0.111542806,-0.08766295,0.015232325,0.076781385,0.100128844,0.08053716,0.111426085,-0.106634334,-0.008976934,0.07841961,0.14542307,0.08741298,0.112283744,-0.14558284,-0.04895896
48,0.08450741,0.3290275,0.06747491,0.111363836,-0.0670612,0.003177933,0.06897759,0.26381,0.069906116,0.11503226,-0.069587134,0.022007653,0.07170919,0.09583865,0.07452201,0.11210794,-0.07546822,0.026364509,0.07531169,0.09187092,0.07816152,0.10964114,-0.08711799,0.015703106,0.07743341,0.101046965,0.0813031,0.109558456,-0.10690059,-0.008729497,0.07906685,0.14644589,0.088284224,0.11035365,-0.14825518,-0.049017515
49,0.08161934,0.32803726,0.06565012,0.11203153,-0.06909022,0.00083435816,0.06706985,0.2618103,0.06838019,0.11624322,-0.07121097,0.020213472,0.07013416,0.09427699,0.07292763,0.11362963,-0.076877646,0.024473798,0.07370652,0.09047459,0.07641416,0.111339085,-0.088226855,0.013574681,0.075722635,0.09997351,0.07933426,0.111339144,-0.10752748,-0.011228103,0.07718965,0.14570326,0.08593938,0.11222115,-0.14745045,-0.052125983
50,0.08363614,0.32956156,0.06700604,0.11183281,-0.068241574,0.0027189422,0.06846342,0.264047,0.06967154,0.11589244,-0.07050674,0.021651,0.07145278,0.09578128,0.074352875,0.11324179,-0.0761448,0.026033154,0.07515185,0.09163964,0.07806141,0.11092011,-0.08738509,0.015492014,0.07738152,0.100713745,0.08129217,0.11087983,-0.106478475,-0.008674637,0.079146236,0.14610504,0.08840499,0.11171143,-0.14602087,-0.04836243
51,0.082707584,0.32973054,0.066465884,0.111745164,-0.0676435,0.0019803362,0.0679492,0.26388565,0.06934519,0.11571314,-0.07000713,0.021158516,0.0711455,0.09554019,0.074069366,0.11311018,-0.07555163,0.025596568,0.07488775,0.09137626,0.07777658,0.11081198,-0.08655992,0.015158079,0.07711664,0.10052895,0.0809684,0.110745855,-0.10525661,-0.008826124,0.07883771,0.14613582,0.08799416,0.111515254,-0.14404626,-0.048133068
52,0.08123747,0.32959074,0.06557263,0.11193733,-0.06782925,0.0008324753,0.0670507,0.26323646,0.06869169,0.11597805,-0.07014891,0.020344384,0.07049129,0.09495842,0.073429435,0.11344643,-0.07562332,0.024757376,0.0742547,0.09084153,0.07709677,0.111191064,-0.08651068,0.014221156,0.07645332,0.10015771,0.0802092,0.111140616,-0.10501998,-0.009914619,0.0781057,0.14601833,0.08709389,0.111917555,-0.14337407,-0.049421243
53,0.081723414,0.33023182,0.06592548,0.11157638,-0.0670411,0.0015412046,0.06743383,0.26405057,0.06907829,0.11540425,-0.06953261,0.02085406,0.07089347,0.09550858,0.07386996,0.11282108,-0.075084746,0.02525015,0.074697465,0.091312386,0.07760447,0.11055587,-0.086079426,0.014724812,0.07694736,0.10055303,0.0808045,0.110508494,-0.10479442,-0.00936469,0.07866925,0.14642657,0.08783763,0.111255705,-0.14383923,-0.04871395
54,0.081489064,0.3303944,0.06580071,0.11161266,-0.06744428,0.0017108017,0.06729112,0.26415163,0.06901497,0.115526,-0.0698715,0.020928271,0.07081698,0.09553116,0.073823206,0.113023095,-0.07540875,0.025290877,0.074643634,0.09128454,0.07758049,0.11081627,-0.08640331,0.01474143,0.07692421,0.10048356,0.0808154,0.11080825,-0.10514857,-0.009362505,0.07869132,0.14634736,0.08790426,0.11158049,-0.144257,-0.048683032
55,0.08074535,0.33032417,0.065348364,0.11151778,-0.06766218,0.0017116757,0.06682629,0.26385522,0.06868049,0.11546131,-0.07006699,0.02088391,0.07047072,0.095267,0.07349669,0.113040626,-0.07560216,0.025217809,0.07430848,0.09100915,0.07724458,0.11090106,-0.08660298,0.014649669,0.07658407,0.10023151,0.08045508,0.11093385,-0.105394185,-0.009469002,0.07833237,0.1461839,0.08748857,0.111714385,-0.14468107,-0.048775602
56,0.08162014,0.33090064,0.06592654,0.11106007,-0.06723288,0.003017073,0.067416176,0.26476508,0.0692024,0.11484524,-0.06975929,0.021746105,0.0709922,0.09593275,0.07405634,0.11242183,-0.07539594,0.026037443,0.07485648,0.09156861,0.0778813,0.11031207,-0.086569175,0.015494973,0.077196166,0.100632176,0.08120918,0.11037862,-0.105696544,-0.0085406955,0.07904849,0.14647457,0.08844164,0.11114678,-0.1459776,-0.047631808
57,0.08037877,0.33046085,0.065142035,0.11153705,-0.06827961,0.0013776473,0.06659202,0.2638769,0.06854067,0.11562563,-0.07058354,0.020476809,0.07031034,0.095229134,0.07335749,0.11337202,-0.07605988,0.02470435,0.074160546,0.0909583,0.07710787,0.1113453,-0.08698493,0.014005239,0.07645386,0.10019808,0.080337375,0.11143761,-0.10569832,-0.010256471,0.07823929,0.14618418,0.08741386,0.1122405,-0.14483328,-0.04968146
58,0.0811131,0.330984,0.065631576,0.110763155,-0.06710798,0.0020545044,0.06712103,0.26465428,0.0689915,0.11452335,-0.06967562,0.020900406,0.07077662,0.09581651,0.0738323,0.11222722,-0.07526854,0.025094502,0.07463034,0.09152282,0.07761435,0.110207915,-0.08633704,0.014396436,0.07693057,0.100736134,0.080885194,0.110305,-0.10532199,-0.009830944,0.078727044,0.14677781,0.08803811,0.111039475,-0.1454545,-0.049132004
59,0.08104888,0.33126175,0.065618746,0.110782064,-0.06720529,0.0022814744,0.06710434,0.26493195,0.069044836,0.11458861,-0.069750965,0.021011487,0.070828274,0.09594094,0.07392234,0.112392634,-0.075263046,0.025221577,0.074726194,0.091544986,0.07775253,0.110432036,-0.08617189,0.014636941,0.0770841,0.100659154,0.08108455,0.11053801,-0.10490145,-0.0093649,0.07894977,0.14665067,0.08832316,0.11125385,-0.14450729,-0.04821081
60,0.080102,0.33117533,0.065043256,0.11108136,-0.06777339,0.0017061266,0.066508226,0.2645359,0.068626806,0.1150733,-0.070191935,0.02056775,0.07040135,0.09554464,0.07352274,0.11302707,-0.07555543,0.024801163,0.074334964,0.091099866,0.077352755,0.11114359,-0.08619994,0.014297471,0.076714106,0.100216076,0.0806694,0.11126122,-0.104486786,-0.009546369,0.07858581,0.14625697,0.087858915,0.11197741,-0.14301223,-0.048073355
61,0.08013789,0.3314268,0.065088324,0.11070115,-0.06718729,0.0020202096,0.06657316,0.2648132,0.06871639,0.11453914,-0.069735356,0.020755863,0.0704991,0.09572084,0.07363696,0.112507656,-0.07512598,0.0249868,0.07444963,0.09124047,0.077487566,0.11065052,-0.08578001,0.014531055,0.07684023,0.100335754,0.08082132,0.11077459,-0.10410479,-0.009211078,0.07871673,0.14643429,0.088030785,0.11144782,-0.14293677,-0.04750978
62,0.080476634,0.3316391,0.06531151,0.110230386,-0.06685268,0.0026303222,0.066802755,0.26515767,0.06890598,0.113932215,-0.06950494,0.021100698,0.07068417,0.096003935,0.07382708,0.11190874,-0.07499543,0.025259066,0.07462514,0.091523275,0.077687494,0.1100883,-0.08582193,0.014725765,0.077013694,0.10060382,0.081042714,0.11025034,-0.10447957,-0.009113142,0.07889942,0.14672093,0.08829706,0.11091351,-0.14427005,-0.04753087
63,0.07981805,0.33157972,0.06491084,0.110604085,-0.06796918,0.0025482539,0.06635762,0.26491094,0.068605706,0.1146033,-0.07040117,0.020961467,0.07035817,0.0957308,0.07354048,0.1127805,-0.07574842,0.025117185,0.07433588,0.09115746,0.07742313,0.11107215,-0.08635968,0.0146589,0.07677532,0.10015045,0.08081104,0.1112778,-0.10467735,-0.009022117,0.07872542,0.14618748,0.08809952,0.11197773,-0.1435464,-0.04712017
64,0.0789423,0.33114007,0.06434638,0.11004414,-0.067920454,0.001858204,0.06578294,0.26417086,0.068087734,0.113935195,-0.07042691,0.020300655,0.06982005,0.09526832,0.072954915,0.11215615,-0.075919054,0.024272539,0.07372043,0.09089889,0.07672016,0.110523954,-0.08680578,0.013448167,0.07603096,0.10016489,0.07995216,0.1108066,-0.10565449,-0.01080836,0.07781503,0.14649941,0.08700562,0.111517705,-0.14594038,-0.04985801
65,0.08073959,0.33247995,0.06554751,0.110386744,-0.068319894,0.0039463807,0.06697433,0.2661765,0.06922057,0.11444241,-0.07071835,0.021837512,0.07095428,0.0965782,0.07421861,0.112745896,-0.07608202,0.025927044,0.07499938,0.09179864,0.078228936,0.1111398,-0.08675006,0.015501703,0.07757236,0.10052691,0.08181728,0.11141387,-0.10521866,-0.008044038,0.07973094,0.14634569,0.0894435,0.11213663,-0.14449975,-0.045771584
66,0.07945053,0.33222702,0.06475271,0.10987401,-0.06785008,0.00293118,0.06618985,0.26547423,0.068598635,0.11377387,-0.07037567,0.021070987,0.07032981,0.09605512,0.073571116,0.11209853,-0.07582258,0.025070073,0.07433887,0.09143351,0.07748614,0.110540405,-0.08661956,0.014411333,0.07680396,0.1004401,0.08092153,0.110853374,-0.105349,-0.009512842,0.078795604,0.14664215,0.08829878,0.11155424,-0.14546677,-0.047847115
67,0.0791493,0.33245212,0.064593226,0.10979989,-0.06783667,0.0028321396,0.066029556,0.2656084,0.06853362,0.11371816,-0.07036541,0.020971943,0.070263796,0.09607797,0.07353439,0.11212559,-0.07575852,0.02497613,0.07430543,0.091400415,0.07747254,0.110620186,-0.086445294,0.014365466,0.07679906,0.10038334,0.080930576,0.110945955,-0.10500549,-0.009453625,0.07881734,0.14662674,0.088334925,0.111629225,-0.14481223,-0.047545042
68,0.078409925,0.33239692,0.064145386,0.10919028,-0.06706066,0.0025367439,0.065604515,0.26531672,0.0682122,0.112887986,-0.06977291,0.020703897,0.06994809,0.09584679,0.07321364,0.1113245,-0.07522719,0.024670137,0.07397886,0.09122876,0.0771086,0.10986861,-0.08596969,0.014009166,0.076415434,0.100343846,0.08048236,0.110214226,-0.10466277,-0.009877682,0.07833068,0.14683573,0.08773454,0.110839084,-0.14510974,-0.048045605
69,0.07828569,0.33254933,0.06408578,0.10945374,-0.06816258,0.0026862677,0.06549973,0.26544696,0.06817672,0.11341157,-0.07067536,0.020705016,0.06988357,0.09589404,0.07318316,0.1119947,-0.07607899,0.024589881,0.07393557,0.09121702,0.07710653,0.110631585,-0.0867971,0.013835425,0.07642103,0.10026158,0.08054222,0.11104012,-0.1054828,-0.010157123,0.07842432,0.14665672,0.087906085,0.11173069,-0.14574175,-0.0484392
70,0.0795522,0.33340108,0.064923175,0.10960607,-0.06846381,0.0037693044,0.06632755,0.26674473,0.06893269,0.11366809,-0.07090898,0.021439336,0.07063655,0.09677243,0.07400239,0.112316675,-0.07624815,0.025342269,0.07476005,0.091883734,0.07806029,0.11098322,-0.08686745,0.0147292465,0.077390306,0.10064105,0.081705205,0.11140033,-0.10539194,-0.008979708,0.079613954,0.14673929,0.08942139,0.112103224,-0.14520961,-0.046687186
71,0.079049475,0.33341128,0.064623356,0.10923729,-0.06792288,0.003333893,0.06604509,0.2665776,0.068720154,0.113147795,-0.070495725,0.021054499,0.070429616,0.09664126,0.0737861,0.11180982,-0.0758802,0.02488782,0.07454096,0.09182395,0.07780697,0.11050689,-0.08655269,0.014146958,0.0771241,0.10071658,0.08139044,0.11094083,-0.10520429,-0.009745093,0.07927392,0.14702265,0.08900959,0.111610115,-0.14555158,-0.047701683
72,0.07900756,0.33365855,0.06462203,0.10938998,-0.068450175,0.003266912,0.06602342,0.2668104,0.068748996,0.113419175,-0.07093368,0.020917218,0.070444964,0.09677716,0.07382376,0.112145126,-0.07631453,0.024648912,0.07457089,0.09194794,0.077864714,0.110889345,-0.08702979,0.013736141,0.07718192,0.10084245,0.08149538,0.1113687,-0.105790995,-0.010387733,0.0793923,0.14714825,0.08921531,0.11208661,-0.14632133,-0.04863157
73,0.0776752,0.33349913,0.06381057,0.109328285,-0.06888702,0.002238316,0.065191105,0.26617536,0.06812185,0.11349374,-0.07129312,0.02012114,0.06980248,0.096244805,0.073181234,0.11236119,-0.07661571,0.023786817,0.073921435,0.09149856,0.07715645,0.1111994,-0.087240994,0.012727634,0.07647778,0.10058292,0.0806858,0.11172474,-0.10588048,-0.011606695,0.07860076,0.14715376,0.08824123,0.1124578,-0.14615515,-0.050127618
74,0.07739926,0.33408177,0.0637002,0.10869962,-0.067317575,0.00232246,0.0651416,0.2666457,0.06818133,0.11251734,-0.07002933,0.02021083,0.0698972,0.096505076,0.073304385,0.11132117,-0.07540291,0.023882257,0.07405955,0.09174149,0.07730801,0.110142164,-0.08602999,0.012850693,0.07662009,0.10089812,0.08084005,0.110641494,-0.104696,-0.011406182,0.078715876,0.14773177,0.08839092,0.111284696,-0.14546703,-0.049674828
75,0.077347144,0.33484814,0.0637399,0.10957717,-0.068580166,0.0027398383,0.06514267,0.26741156,0.06836608,0.113810755,-0.07099617,0.020559097,0.0700711,0.096855454,0.07358809,0.11276002,-0.07615786,0.024278143,0.074360125,0.09183657,0.07773783,0.11163269,-0.086473085,0.013396283,0.07710172,0.10073211,0.0814773,0.11214691,-0.104602724,-0.01056219,0.079447754,0.14733824,0.08936082,0.11286652,-0.14378995,-0.04818631
76,0.077930264,0.33573273,0.06417235,0.10890749,-0.06774001,0.0035046497,0.06560183,0.26844928,0.06882293,0.1129505,-0.0703376,0.021094643,0.07053755,0.097571164,0.07408879,0.11189456,-0.07557896,0.024775367,0.074854836,0.09250306,0.07828775,0.110791415,-0.08599467,0.013869692,0.07762743,0.101384684,0.08209265,0.1113254,-0.10431584,-0.010083682,0.080019854,0.14811052,0.09010496,0.112016045,-0.1441973,-0.047587663
77,0.07550222,0.33529484,0.06268073,0.108757935,-0.06813174,0.0018770958,0.06409014,0.26715747,0.06766298,0.112943724,-0.0706588,0.019900626,0.06936183,0.096521854,0.072903395,0.11206794,-0.075817786,0.023525886,0.07366228,0.09160665,0.076976396,0.11108667,-0.0860822,0.012460436,0.07632053,0.10082709,0.08057089,0.11167311,-0.104176834,-0.011737868,0.07851679,0.14804417,0.088223904,0.112371065,-0.14362234,-0.04958622
78,0.075917326,0.33615592,0.06300886,0.108177565,-0.06667781,0.002612554,0.06447655,0.26812312,0.06806946,0.112031445,-0.06949149,0.020440828,0.0698017,0.0971754,0.07337759,0.111056946,-0.074743405,0.024038287,0.07414636,0.09221832,0.07751194,0.110040404,-0.08511465,0.012954157,0.0768384,0.10144697,0.081173755,0.110612996,-0.10342442,-0.011232322,0.07907332,0.14883828,0.08895126,0.11125589,-0.14374535,-0.04891338
79,0.0776795,0.33755112,0.06418933,0.10893087,-0.06761166,0.004507104,0.065632954,0.2701264,0.0691742,0.11309597,-0.07020199,0.02178423,0.07090353,0.09848989,0.074607484,0.112202294,-0.075302616,0.025415443,0.07539245,0.093161516,0.07898614,0.11120224,-0.08547135,0.014551787,0.07835343,0.101901256,0.08302111,0.11178262,-0.10344136,-0.009194368,0.08099445,0.1487873,0.091427036,0.11250112,-0.14269634,-0.04596217
80,0.07747451,0.33825997,0.06413386,0.108429834,-0.06753838,0.005206595,0.06557111,0.27075863,0.06924488,0.11255109,-0.07018279,0.022252137,0.070960514,0.09887111,0.07472,0.111724876,-0.075372405,0.025798898,0.07548414,0.09348921,0.07913534,0.11080538,-0.08570632,0.014828444,0.07847442,0.102232784,0.08321715,0.11145568,-0.10399645,-0.009046466,0.081158035,0.14927389,0.09171272,0.11219779,-0.14409283,-0.045922857
81,0.07439812,0.33776885,0.06225419,0.10873001,-0.0689779,0.0023700797,0.06363183,0.269144,0.06776745,0.11327461,-0.07133841,0.020192102,0.06944656,0.09754087,0.07319151,0.11270384,-0.076383896,0.023606133,0.073943555,0.09238977,0.07743565,0.11193895,-0.08652145,0.012236066,0.07679359,0.10161382,0.081263155,0.11267478,-0.10449489,-0.012258889,0.07926246,0.14924128,0.08935732,0.11349866,-0.14361593,-0.0500686
82,0.075389355,0.33901265,0.0629602,0.10862479,-0.068559796,0.003356041,0.06435682,0.27069154,0.06850873,0.11316496,-0.07097151,0.020927686,0.070204124,0.0985292,0.07403645,0.11264872,-0.07592398,0.024408698,0.0748066,0.09314309,0.07843062,0.11190501,-0.08585447,0.013265472,0.0778092,0.10212365,0.08246139,0.11262215,-0.10346759,-0.01080235,0.08048142,0.14962015,0.090888575,0.11341082,-0.1418664,-0.0477617
83,0.07577296,0.339775,0.063260846,0.10779556,-0.067628026,0.004088064,0.064683534,0.27156687,0.06884389,0.11202838,-0.07028158,0.021378571,0.07054193,0.09917104,0.07439988,0.1114463,-0.07545618,0.024707295,0.07514826,0.09380674,0.07881887,0.11072237,-0.085766695,0.0133072585,0.07814674,0.10285112,0.08288881,0.11149518,-0.10407424,-0.011123852,0.08082941,0.15053463,0.09141128,0.11227338,-0.14432791,-0.048575595
84,0.0752401,0.34026507,0.06298777,0.10790927,-0.06834394,0.0042430595,0.06438024,0.27189317,0.06873224,0.11233906,-0.07086644,0.021460576,0.07041089,0.09927627,0.074337475,0.11190057,-0.07598499,0.024751883,0.075078934,0.093804725,0.078809455,0.111270644,-0.08623181,0.013328357,0.07814634,0.10278532,0.082949854,0.112099044,-0.10445406,-0.0110980505,0.08091915,0.15049069,0.09158272,0.11292101,-0.14439599,-0.04844941
85,0.07396416,0.34013256,0.0622152,0.10720104,-0.068312906,0.0042508855,0.06359345,0.2713797,0.06814333,0.11153151,-0.07091496,0.021370936,0.0697966,0.09887888,0.07373358,0.11118906,-0.07617546,0.024543537,0.07444067,0.09348766,0.078140154,0.110675655,-0.086683,0.012924126,0.07743267,0.102635756,0.0821729,0.1115974,-0.105419494,-0.011804637,0.08008904,0.1506496,0.090620205,0.11242497,-0.14674364,-0.049624432
86,0.073281676,0.34040922,0.061831202,0.10790564,-0.06994161,0.00449478,0.063150525,0.2714902,0.06793078,0.11271439,-0.07220284,0.02150484,0.069555566,0.098776035,0.07358691,0.112628706,-0.07724037,0.024713812,0.07429934,0.09316479,0.07808914,0.112245016,-0.087415144,0.013270368,0.077429295,0.1020866,0.08225193,0.113213144,-0.10559989,-0.011125127,0.080263875,0.14990126,0.0908794,0.1141057,-0.14536496,-0.048308015
87,0.07229568,0.34016258,0.061222646,0.107132636,-0.069249585,0.0034724078,0.062556975,0.27088344,0.067426264,0.11172438,-0.071697675,0.020630602,0.069047324,0.09837317,0.07302868,0.11167141,-0.07685923,0.023683365,0.07372233,0.09297566,0.07740709,0.111351885,-0.08722534,0.011916665,0.0767102,0.10222898,0.081391744,0.112367794,-0.10579462,-0.012971593,0.07934586,0.15046728,0.08974747,0.11321894,-0.14676808,-0.0509052
88,0.07327568,0.341148,0.06189612,0.107280426,-0.06942166,0.004328073,0.063226745,0.2721968,0.06808846,0.11199018,-0.07181349,0.021213386,0.06971245,0.099221535,0.07377239,0.112022795,-0.07687193,0.024294486,0.07447878,0.093602546,0.07829097,0.11173928,-0.08705336,0.012686896,0.077618755,0.10259467,0.08248046,0.11275423,-0.10530694,-0.011882983,0.08047048,0.15060785,0.09117404,0.1136047,-0.14551847,-0.049176693
89,0.071457684,0.34071854,0.06077416,0.10663891,-0.06936421,0.003344456,0.062093016,0.27117425,0.067189984,0.111262806,-0.07183266,0.020400483,0.068792,0.09846235,0.07282787,0.11139763,-0.07700478,0.023330899,0.0735052,0.09303134,0.077217095,0.11122799,-0.0873893,0.011412288,0.07650786,0.10234963,0.08120902,0.11232612,-0.10605459,-0.013643365,0.079154335,0.15081184,0.089576975,0.11317275,-0.14741462,-0.051707752
90,0.073684566,0.34259424,0.06226799,0.10702229,-0.0687228,0.005102317,0.06362706,0.2737641,0.068625286,0.11163581,-0.07124666,0.021737361,0.07026855,0.10018239,0.074434,0.1117209,-0.07627945,0.024786092,0.07515608,0.09435871,0.07910065,0.111480884,-0.086382,0.013216468,0.078440025,0.10319804,0.08348232,0.112507105,-0.10454093,-0.011203878,0.08147708,0.15124358,0.09249123,0.11332156,-0.14476533,-0.048049387
91,0.07315422,0.34307578,0.061993785,0.107363164,-0.06919753,0.0050602155,0.063339494,0.27407926,0.06852402,0.112129726,-0.071619056,0.021701593,0.070163675,0.10028137,0.07439351,0.11228317,-0.07659119,0.02470458,0.07512152,0.094368696,0.07912211,0.112082586,-0.08662545,0.013063323,0.07847998,0.103167124,0.08358493,0.11313838,-0.10468975,-0.011427339,0.081615895,0.1512422,0.092726275,0.11399816,-0.14457819,-0.048270594
92,0.070179306,0.34242967,0.06016354,0.106888086,-0.06822592,0.003076141,0.06154325,0.27245978,0.06713996,0.11142725,-0.07085546,0.020300372,0.06879533,0.09899848,0.0730022,0.11159179,-0.07587439,0.023239193,0.07373339,0.09330798,0.07758249,0.11142808,-0.08594393,0.011360587,0.076928556,0.10256481,0.081775114,0.112496376,-0.10413541,-0.013523785,0.07977652,0.15132727,0.0904441,0.11329032,-0.14473873,-0.050944835
93,0.0714194,0.34391993,0.06103198,0.10752661,-0.06889752,0.0045716027,0.06239626,0.27439493,0.06805241,0.1123758,-0.07133493,0.021419318,0.06971196,0.10018572,0.074072994,0.112674624,-0.076128736,0.024476368,0.07483031,0.09406934,0.078911394,0.11255092,-0.08581876,0.012972305,0.07831112,0.10282696,0.083467,0.11360753,-0.103346676,-0.011236028,0.081552856,0.15115732,0.092717566,0.114431225,-0.14223267,-0.047366407
94,0.071937315,0.34470314,0.061411813,0.10593963,-0.06728678,0.005778777,0.06281746,0.27531663,0.06841717,0.11025663,-0.07014157,0.022143649,0.0700759,0.10094233,0.07443221,0.11046275,-0.07530711,0.024980884,0.075145535,0.09494149,0.07924402,0.11038168,-0.08561573,0.013121806,0.07854841,0.103876226,0.08376723,0.11152535,-0.104275055,-0.011605306,0.08170597,0.15257245,0.09301031,0.11231268,-0.14623766,-0.048476823
95,0.072182976,0.34626457,0.061694648,0.10710133,-0.06945882,0.006641918,0.06302922,0.27694952,0.06888579,0.112099566,-0.07183507,0.022820285,0.07051716,0.101831056,0.07505387,0.11255187,-0.076732494,0.02568327,0.07578058,0.09543962,0.080100134,0.112578794,-0.086677395,0.013961718,0.07946983,0.10397525,0.0849659,0.11378253,-0.10468989,-0.010458045,0.08303597,0.15233053,0.094774455,0.11472397,-0.14452446,-0.046633653
96,0.0694214,0.3465882,0.060078003,0.10661376,-0.06829288,0.004760615,0.06145484,0.27629316,0.06780775,0.1113674,-0.070912056,0.021573093,0.06946121,0.10115154,0.0740246,0.11179118,-0.07589135,0.02432866,0.07475671,0.09492941,0.07897966,0.111837864,-0.085928865,0.012254082,0.07833505,0.10393503,0.083657354,0.11306157,-0.10413843,-0.012705945,0.08169204,0.15308559,0.093159504,0.11396309,-0.14476787,-0.049602166
97,0.06944917,0.3474343,0.060168337,0.10653503,-0.06717779,0.0042825956,0.061597623,0.27705452,0.0680272,0.11112481,-0.0699813,0.021217428,0.06972001,0.10161327,0.07430573,0.11148398,-0.074935734,0.02391048,0.07506636,0.095395975,0.0793011,0.11148518,-0.08488233,0.0117049,0.07867231,0.10451005,0.08402566,0.11267076,-0.102954105,-0.013393109,0.082063265,0.15390316,0.09363712,0.11352798,-0.14354189,-0.05030611
98,0.06816739,0.34749353,0.05941129,0.10641237,-0.066858195,0.0035532617,0.06085489,0.27667844,0.067499176,0.11092326,-0.0697429,0.020604871,0.069198176,0.10127856,0.07378753,0.11129216,-0.07474986,0.0231401,0.07454648,0.095178,0.07873429,0.11132455,-0.08480049,0.010620881,0.07809607,0.10453973,0.08338041,0.11254675,-0.10310929,-0.014917853,0.08140662,0.15430723,0.092884704,0.11341557,-0.1443864,-0.05237043
99,0.06640882,0.3478958,0.05840121,0.107677475,-0.06873206,0.0028503987,0.059786778,0.2765395,0.06687951,0.11277354,-0.07119997,0.020148784,0.068559386,0.1008855,0.07326977,0.11335848,-0.07593472,0.02268284,0.07404785,0.09459886,0.078309245,0.113480754,-0.08559718,0.010165068,0.077738784,0.10386993,0.08306852,0.114742614,-0.10324562,-0.015312713,0.081223615,0.15363309,0.09273854,0.11573212,-0.14254308,-0.052493904
100,0.06771249,0.34993398,0.059348576,0.10706221,-0.066320114,0.004891253,0.06083406,0.27897054,0.06795592,0.11165337,-0.06923948,0.021701152,0.06970096,0.1024975,0.07453657,0.11204218,-0.074074894,0.024286143,0.07534897,0.09593058,0.07980311,0.11206214,-0.08380438,0.011975998,0.079229005,0.10495005,0.08483625,0.113256246,-0.101584755,-0.01310862,0.08294108,0.1547522,0.09494495,0.11413633,-0.14175197,-0.04947761
101,0.067089535,0.35094854,0.059061557,0.10757585,-0.06682667,0.0052723303,0.06053512,0.27979094,0.067948356,0.11237944,-0.06962087,0.02201129,0.06969516,0.10285784,0.07465368,0.11286719,-0.07433299,0.024601411,0.075482994,0.09606661,0.08005454,0.11293455,-0.0838661,0.012360738,0.079516664,0.10492619,0.08525224,0.11414688,-0.101311296,-0.012550788,0.08341623,0.15472631,0.0956123,0.11506824,-0.14056368,-0.04848563
102,0.06567682,0.35106057,0.05823248,0.10722332,-0.06640459,0.004611567,0.05971794,0.27945226,0.06738897,0.1119356,-0.06930338,0.021506106,0.06913844,0.102507666,0.07411899,0.11248227,-0.074045084,0.024032036,0.07494628,0.09576525,0.0794818,0.11260754,-0.08360646,0.011662185,0.07893636,0.10480739,0.08459592,0.11384676,-0.10114408,-0.013430725,0.08274495,0.154961,0.094807625,0.11473601,-0.14083377,-0.049577016
103,0.065262645,0.35119495,0.057998527,0.107497565,-0.067844115,0.0045371014,0.059423964,0.2794764,0.0672147,0.112555586,-0.07048524,0.02129141,0.06892455,0.1024599,0.07394327,0.11332189,-0.07515129,0.02370972,0.07475204,0.09566478,0.07932015,0.11358392,-0.08465213,0.011217033,0.07878297,0.10466201,0.08447767,0.11490688,-0.102115266,-0.014013361,0.0826685,0.15475456,0.09477105,0.1158752,-0.14134476,-0.05029857
104,0.067152195,0.3519033,0.059181634,0.10559615,-0.06521171,0.006184642,0.060689323,0.28075424,0.068136476,0.109861754,-0.0684723,0.022208596,0.06987031,0.103610516,0.07483227,0.110438704,-0.07356025,0.02441621,0.07560969,0.09695029,0.080189995,0.11067837,-0.083713405,0.011659953,0.07955388,0.10605847,0.08534212,0.112029,-0.102379575,-0.0139344875,0.08335748,0.15636916,0.09568096,0.11287022,-0.14511432,-0.05073127
105,0.06558964,0.35143125,0.058215477,0.10709738,-0.06988123,0.005579428,0.059543267,0.27985254,0.067304164,0.11250606,-0.07224327,0.021549882,0.068931945,0.102817945,0.07396441,0.113593295,-0.07704141,0.023588786,0.07470382,0.0960669,0.07932139,0.11412068,-0.08691791,0.010608028,0.07873422,0.105062015,0.08453131,0.11566089,-0.105111614,-0.015257924,0.08270813,0.15508556,0.09497626,0.11678086,-0.14559245,-0.05240775
106,0.06705611,0.35269192,0.05919089,0.10601561,-0.06767594,0.007353773,0.060598023,0.28159302,0.068245865,0.11096804,-0.07046681,0.022746792,0.06991668,0.10404817,0.07500972,0.11198942,-0.07534363,0.024831496,0.07576391,0.0971071,0.08050649,0.112494715,-0.085236914,0.012110717,0.07989813,0.10589683,0.08588239,0.11398422,-0.10351205,-0.013288851,0.08398924,0.15592723,0.09658353,0.114951156,-0.14493778,-0.049575135
107,0.06477169,0.35272226,0.057835076,0.106355086,-0.068083696,0.0058739185,0.059230655,0.28088966,0.067329496,0.11163809,-0.070729025,0.021737512,0.06900537,0.10326604,0.07416478,0.112903856,-0.07530864,0.023914069,0.07494997,0.096239544,0.07966204,0.11351128,-0.08464041,0.011370173,0.07911553,0.10510915,0.084980845,0.11497718,-0.10197068,-0.013712911,0.08317628,0.15540767,0.095531635,0.11589674,-0.14140597,-0.049385656
108,0.06458025,0.35348183,0.057782065,0.10618241,-0.06744018,0.006277506,0.059204143,0.28159213,0.067454554,0.11146317,-0.07017339,0.022010243,0.06915254,0.1036193,0.07438704,0.112820014,-0.07462546,0.024252348,0.07519787,0.09641799,0.07998173,0.113463245,-0.08366972,0.011937253,0.07946426,0.105163425,0.08540067,0.11489386,-0.10053619,-0.012731417,0.083621874,0.15551044,0.09608248,0.11573468,-0.13927428,-0.047624882
109,0.063220575,0.3535843,0.056981385,0.10625808,-0.06688937,0.0054517253,0.05843101,0.28124478,0.06693752,0.1115187,-0.06969919,0.021430606,0.06865899,0.10322552,0.07392009,0.1129124,-0.07405173,0.023684418,0.07475512,0.09602442,0.07950695,0.11356204,-0.08288364,0.011379042,0.07901436,0.10489647,0.08487415,0.11496212,-0.09942544,-0.013247703,0.08311917,0.1555324,0.09544957,0.11575186,-0.13772893,-0.047952905
110,0.06405583,0.35410306,0.057520546,0.10628417,-0.06753633,0.0065995743,0.058943726,0.28203487,0.06736948,0.11164111,-0.07026305,0.022029003,0.06906898,0.10383934,0.07435801,0.11308832,-0.07469618,0.024096793,0.07517145,0.09659397,0.08000272,0.1137967,-0.0837435,0.011570726,0.079491265,0.10536563,0.08549373,0.11527365,-0.10069476,-0.013324402,0.08373253,0.15586528,0.09631565,0.11614449,-0.13971278,-0.048331477
111,0.06486369,0.35463867,0.058046326,0.10553817,-0.067113355,0.0072800885,0.059475195,0.28279033,0.0677797,0.1107228,-0.06998413,0.022298478,0.06946827,0.10447625,0.07474346,0.112178735,-0.07460016,0.02415612,0.075528495,0.09730655,0.08037942,0.11294213,-0.083981626,0.011322847,0.07981964,0.10615863,0.08589365,0.11448787,-0.101555884,-0.013983868,0.084067866,0.15677182,0.09680997,0.1153684,-0.1420951,-0.049524564
112,0.0647098,0.3549428,0.057981603,0.10516965,-0.06783013,0.007442145,0.05937152,0.28302717,0.06772701,0.110502675,-0.07061297,0.02221201,0.069379985,0.104649626,0.074665055,0.11212714,-0.075283445,0.023888925,0.0754176,0.097521976,0.08027555,0.11302652,-0.084807076,0.010798886,0.079688765,0.106451444,0.085782,0.11467248,-0.10266199,-0.0148406895,0.083941504,0.157179,0.09671989,0.11560733,-0.14370161,-0.05079972
113,0.06356739,0.35507765,0.057313353,0.10534068,-0.068936326,0.007396673,0.058658298,0.28284532,0.067279465,0.11106846,-0.07148987,0.02207312,0.06890705,0.10436272,0.07426049,0.11296913,-0.075978465,0.02373346,0.07501154,0.097119935,0.079903975,0.11401985,-0.08520916,0.010725347,0.07934577,0.105985984,0.08544015,0.115714505,-0.102596864,-0.014724163,0.08366182,0.15674171,0.09639551,0.11667482,-0.14251836,-0.05028442
114,0.063012645,0.35502818,0.056981053,0.10517432,-0.06936205,0.0070468574,0.05830558,0.28259906,0.067003645,0.11105279,-0.07184872,0.02163397,0.0686149,0.10417529,0.07395811,0.113101274,-0.07630817,0.023161024,0.07469862,0.09700316,0.07955566,0.11425017,-0.08551238,0.009968933,0.07899513,0.10598963,0.08504047,0.11599657,-0.102901064,-0.015706224,0.08327268,0.1568941,0.095929936,0.11697262,-0.14284879,-0.051516056
115,0.063408054,0.35538617,0.057244424,0.10348346,-0.06587447,0.0075860987,0.058696598,0.2830065,0.06725767,0.10854387,-0.06905944,0.021893423,0.06893421,0.1045929,0.074205734,0.11036097,-0.07378544,0.023317212,0.074955136,0.097625785,0.07973548,0.11142026,-0.08331953,0.009976403,0.07911472,0.106920406,0.085094206,0.11310869,-0.10138709,-0.015898304,0.083188206,0.15837237,0.09580384,0.113892585,-0.1439901,-0.05188402
116,0.062196188,0.35611978,0.056578103,0.10685231,-0.06979704,0.007319129,0.057929076,0.28338942,0.06698797,0.11339021,-0.07198421,0.02181927,0.068659335,0.10437975,0.07415638,0.11562437,-0.07582854,0.023480788,0.07499094,0.09684611,0.07998947,0.116756715,-0.08396366,0.010703809,0.07956846,0.10555085,0.085754216,0.1183982,-0.09957494,-0.014158487,0.08419097,0.15638693,0.097079195,0.119403385,-0.13582548,-0.048165806
117,0.06280129,0.35662365,0.05697909,0.10360046,-0.06360012,0.008759924,0.05855552,0.2839954,0.06736637,0.10853599,-0.06706953,0.022680644,0.06914278,0.10510874,0.07450726,0.110255666,-0.07158029,0.024087362,0.07533044,0.098020986,0.0801984,0.111211546,-0.08067837,0.010861696,0.07962688,0.10735354,0.08571979,0.1128027,-0.09813576,-0.014668759,0.083861,0.15925048,0.09672185,0.11353481,-0.14035673,-0.049502335
118,0.05990884,0.3563407,0.055239525,0.1060077,-0.068833515,0.006620861,0.05663531,0.28272152,0.066031136,0.11259207,-0.0711685,0.021127557,0.067725405,0.10382638,0.07318892,0.11495285,-0.07497516,0.022533815,0.074021235,0.096598625,0.07887799,0.1161872,-0.08304076,0.009303963,0.0784328,0.105901904,0.08441492,0.11789683,-0.09866288,-0.01612675,0.08283381,0.15770254,0.09544186,0.11892957,-0.13554141,-0.050544214
119,0.059187427,0.35660732,0.05483757,0.103291824,-0.066141255,0.0070369192,0.056305476,0.28264388,0.06570028,0.10908336,-0.069132134,0.021204874,0.06739663,0.10395387,0.072756596,0.111358345,-0.07345561,0.022282284,0.07352269,0.09716418,0.07822136,0.112678334,-0.08234878,0.008450032,0.0776303,0.107121594,0.08343599,0.11449868,-0.0995201,-0.017882796,0.081632525,0.15991798,0.09401213,0.11543265,-0.14069355,-0.053586833
120,0.059272278,0.35856354,0.055039123,0.10474863,-0.06631942,0.007498834,0.05653419,0.28457928,0.06623581,0.11095219,-0.06911619,0.021685002,0.06798689,0.10498532,0.07353976,0.11326566,-0.0730373,0.022883775,0.074387856,0.09776714,0.07930345,0.11451934,-0.08122309,0.009347369,0.078828126,0.10735377,0.08489804,0.116250195,-0.097152226,-0.016404277,0.08324992,0.15996361,0.0960776,0.11721834,-0.1355447,-0.050859813
121,0.06030497,0.36080575,0.055820428,0.10606106,-0.066695265,0.0089424085,0.057327017,0.28712723,0.06720693,0.11258616,-0.06931015,0.022822954,0.06899378,0.106523015,0.07475706,0.11490252,-0.07295838,0.024103861,0.07566274,0.098816805,0.08086513,0.11609724,-0.08069071,0.010832938,0.08047436,0.10789481,0.08692668,0.11777827,-0.09580283,-0.014390281,0.08539571,0.1601322,0.09886422,0.11881405,-0.13215594,-0.04772755
122,0.05918723,0.3614332,0.055207055,0.10474465,-0.06468538,0.009243464,0.056780078,0.28739843,0.066875294,0.11065729,-0.06777523,0.022997689,0.068683214,0.10669964,0.07446173,0.112814926,-0.07178913,0.024082605,0.07534406,0.099148646,0.0805222,0.11400443,-0.08011948,0.010420991,0.08005568,0.1085605,0.08648089,0.115736835,-0.09633707,-0.015387583,0.084821925,0.16144307,0.09826927,0.11671085,-0.13560109,-0.04952048
123,0.05663293,0.36130878,0.053688627,0.1048731,-0.06595925,0.0075034117,0.05520759,0.28642416,0.06574338,0.111174986,-0.06881557,0.021726375,0.067515455,0.105821684,0.07331536,0.11357572,-0.07273877,0.02268811,0.0741806,0.0983852,0.07926892,0.114919946,-0.08096463,0.008723056,0.0788101,0.108106755,0.08506264,0.116744556,-0.097014144,-0.017524054,0.083445445,0.16143253,0.096583724,0.11779516,-0.13560116,-0.052234303
124,0.056768384,0.3618935,0.053814273,0.10394628,-0.065709114,0.008468992,0.0553268,0.28704777,0.06587247,0.11008318,-0.068707414,0.022196779,0.067620285,0.10631765,0.073432215,0.11254102,-0.072859414,0.022942107,0.07425551,0.09893862,0.079370156,0.11398576,-0.08150268,0.00868606,0.078849725,0.10875966,0.08516106,0.115908116,-0.09832554,-0.01795168,0.08346639,0.16230245,0.09671423,0.11697216,-0.13866986,-0.053185675
125,0.058282845,0.3638732,0.054859854,0.10541405,-0.06759167,0.00988544,0.056318518,0.2894823,0.06693139,0.11221629,-0.07014729,0.023187896,0.06867032,0.10783815,0.07467371,0.11484818,-0.073982835,0.02396678,0.075529054,0.099975795,0.080930695,0.116332896,-0.08215221,0.009934199,0.08049317,0.109223194,0.08719759,0.11826887,-0.09809093,-0.016235318,0.08564668,0.16217901,0.099544376,0.11948248,-0.13581537,-0.050522543
126,0.057662796,0.36548582,0.05461208,0.1048597,-0.06618272,0.01037709,0.056124203,0.29086652,0.06704273,0.111466035,-0.06899481,0.023633989,0.06881568,0.108618245,0.07494156,0.11406833,-0.07286715,0.024417952,0.07581531,0.100593485,0.08132524,0.11554723,-0.08103562,0.010416393,0.080886655,0.10983838,0.08771547,0.11746639,-0.097004406,-0.015654944,0.08613982,0.16314824,0.10025362,0.118615344,-0.13524017,-0.04960476
127,0.05624188,0.36611998,0.05381927,0.104145594,-0.06570273,0.010122122,0.055339433,0.29104877,0.06656386,0.11061287,-0.06866493,0.023408016,0.068328775,0.108645335,0.07449974,0.11325542,-0.07269959,0.024027912,0.07535042,0.100692235,0.0808538,0.11481394,-0.081153646,0.009705182,0.08037546,0.11017922,0.08718059,0.11680986,-0.09765667,-0.016819606,0.08555211,0.16397615,0.099628836,0.117962316,-0.1371572,-0.051338304
128,0.05513644,0.3666433,0.05320362,0.10462782,-0.06749815,0.010400491,0.054653317,0.29130787,0.06620581,0.11155903,-0.07013741,0.023523517,0.06792692,0.10865102,0.074212804,0.11444387,-0.074083775,0.024057582,0.07504496,0.10053297,0.08064746,0.116155796,-0.082471006,0.009657403,0.08018401,0.10989635,0.087084815,0.11825722,-0.09885627,-0.01692574,0.08551603,0.16364916,0.0996985,0.11953322,-0.13754646,-0.0514246
129,0.053127106,0.36660007,0.05201494,0.10337828,-0.06562975,0.009595086,0.05352447,0.2906499,0.06537228,0.10981942,-0.06870008,0.022896528,0.06711367,0.10813139,0.073378846,0.11263117,-0.07290433,0.023281572,0.07419681,0.10023468,0.07969016,0.11436084,-0.08168623,0.008547019,0.07917037,0.11003688,0.08590593,0.11648418,-0.09885796,-0.018553121,0.08423395,0.16452034,0.09815227,0.11764839,-0.13991642,-0.05377179
130,0.052268744,0.3674656,0.051570058,0.10375725,-0.06748152,0.01026536,0.053004712,0.2913444,0.065192915,0.110723816,-0.0702151,0.023290657,0.06688741,0.108415194,0.07330359,0.11382617,-0.074304655,0.023622828,0.07410231,0.10026125,0.07974823,0.115732856,-0.08296718,0.0089138625,0.07924549,0.10983634,0.0861455,0.117963284,-0.09993235,-0.018074512,0.08453753,0.16420928,0.09866713,0.1192437,-0.14002182,-0.052988745
131,0.052583233,0.36863315,0.05183736,0.10378059,-0.06813548,0.01134329,0.05324469,0.292654,0.06557371,0.11112676,-0.07070772,0.023989689,0.06725662,0.10918663,0.07380423,0.11446104,-0.07461593,0.02436905,0.07461029,0.10072603,0.08042286,0.11648037,-0.08296603,0.009915131,0.079950474,0.10998699,0.08705006,0.118734516,-0.09940372,-0.016600033,0.08549611,0.16417985,0.09992253,0.12002666,-0.13833256,-0.05063373
132,0.05290086,0.36916986,0.05206337,0.10200507,-0.065923356,0.012272411,0.053535603,0.29327497,0.065787986,0.108791366,-0.06899659,0.024440281,0.06748762,0.10973594,0.07400394,0.11205878,-0.07321022,0.024642922,0.07478283,0.10141472,0.08057327,0.11410705,-0.082023434,0.009964,0.08001993,0.110902555,0.087123066,0.11638837,-0.0993708,-0.01685377,0.08542891,0.16555299,0.09989937,0.11755295,-0.14104608,-0.05124491
133,0.052313205,0.36957172,0.05174619,0.10143858,-0.06594941,0.012140207,0.053207304,0.29345867,0.065588586,0.10834327,-0.06903399,0.024203297,0.06727377,0.10981804,0.07380501,0.11176632,-0.073252894,0.02428276,0.07456805,0.10153528,0.08034774,0.11392371,-0.0820775,0.009439408,0.079778016,0.11115572,0.08686279,0.11625954,-0.09948783,-0.017564539,0.08515558,0.1660724,0.09960441,0.11742153,-0.1414159,-0.052097138
134,0.049401984,0.3694807,0.050022464,0.102131054,-0.0685132,0.009665023,0.051389292,0.29234007,0.064306155,0.110066004,-0.07101854,0.022436842,0.06594696,0.10871952,0.07251952,0.11398774,-0.07478989,0.022494286,0.073289745,0.1004594,0.07897145,0.11638217,-0.08289467,0.0075578815,0.07847404,0.110306665,0.085343644,0.11879524,-0.099041864,-0.01951258,0.08378702,0.1655474,0.097842306,0.12007133,-0.13778096,-0.05396193
135,0.05146194,0.37119037,0.051358633,0.100589536,-0.064877644,0.010775171,0.05286303,0.2944128,0.06544995,0.10787545,-0.06804309,0.023052558,0.06717571,0.11032715,0.073689505,0.11158748,-0.071962625,0.022975238,0.07449594,0.10217313,0.0801656,0.11386701,-0.08017012,0.007911625,0.079642564,0.11222268,0.08657418,0.11617992,-0.0965797,-0.019240629,0.084919535,0.16792545,0.09921296,0.1172534,-0.13711531,-0.05356519
136,0.053741626,0.3740624,0.052897956,0.10224972,-0.06700726,0.013501251,0.054347124,0.2979686,0.066969275,0.11029409,-0.06967759,0.024919476,0.0686882,0.112634026,0.07546517,0.11419467,-0.07326103,0.024851406,0.07630551,0.1038437,0.08238789,0.1165255,-0.08097432,0.0100750495,0.08195162,0.11312796,0.089455225,0.11887556,-0.09644294,-0.016459607,0.0879571,0.16810296,0.103194214,0.12016037,-0.13412951,-0.04952654
137,0.048369322,0.37420827,0.04974247,0.10167091,-0.0659205,0.010541904,0.051230475,0.2963923,0.06483447,0.1097868,-0.068762966,0.02309934,0.06658198,0.11105036,0.07343918,0.11382089,-0.07225042,0.023085888,0.07430585,0.10238058,0.08022743,0.11622251,-0.07971262,0.008184227,0.079813555,0.11225564,0.08696552,0.1185524,-0.09481899,-0.018570766,0.08548139,0.1683892,0.10009041,0.11972773,-0.13239151,-0.051842436
138,0.04871239,0.3756493,0.050043136,0.100551985,-0.06402311,0.011368773,0.0515944,0.2978154,0.06523791,0.10830787,-0.067252815,0.02361835,0.067017116,0.112032756,0.07391197,0.11226754,-0.07091009,0.02350706,0.07478158,0.10334993,0.080749586,0.114656344,-0.07859329,0.008492761,0.0803026,0.11333725,0.087537766,0.1169756,-0.0941307,-0.018377343,0.085978724,0.16987671,0.10077719,0.11805306,-0.1332183,-0.051678825
139,0.044623587,0.37540728,0.047627382,0.102298945,-0.06811534,0.0075909556,0.049032662,0.29623634,0.0634751,0.11148299,-0.07045004,0.021048207,0.065187596,0.11043939,0.07217835,0.116050355,-0.07349378,0.02095164,0.073061936,0.10168857,0.07894343,0.11870929,-0.08022042,0.005817082,0.07861082,0.11184623,0.08560925,0.1211233,-0.09402148,-0.021175252,0.084280625,0.16860329,0.09861984,0.12240907,-0.12834011,-0.054483585
140,0.047422495,0.3779392,0.049447715,0.10019539,-0.06449017,0.008970333,0.050976068,0.29912615,0.06495341,0.108696796,-0.06752162,0.021797318,0.06673249,0.11270867,0.0736244,0.11306234,-0.07083988,0.021435702,0.07451999,0.104171,0.08035699,0.11564657,-0.07788778,0.005928121,0.079967394,0.11468537,0.08702038,0.11801563,-0.09227287,-0.021497475,0.08555468,0.172105,0.100178674,0.11913153,-0.12887947,-0.055237193
141,0.048767537,0.38025862,0.050396744,0.10121917,-0.06656818,0.009924677,0.051857643,0.30159253,0.065858066,0.110577784,-0.069107436,0.022313684,0.0676157,0.11429771,0.074636355,0.11526009,-0.07205389,0.021861063,0.075552665,0.1054462,0.08157443,0.11797411,-0.07850589,0.0063810972,0.08125855,0.115653485,0.08857458,0.12040033,-0.09175789,-0.020822003,0.0872472,0.17282462,0.10235094,0.121695,-0.12523313,-0.053938333
142,0.04880069,0.38179326,0.050515976,0.100919455,-0.06563733,0.011174733,0.052014966,0.30308983,0.066179514,0.11025668,-0.06832846,0.02308712,0.06796636,0.11522902,0.07509544,0.11496879,-0.071240865,0.022576977,0.07603432,0.106192894,0.08217894,0.11769321,-0.077576414,0.0071632527,0.08187725,0.11630498,0.089348175,0.12009617,-0.09065461,-0.019830676,0.0880247,0.17365952,0.10339734,0.121342346,-0.124152936,-0.052419547
143,0.04486829,0.3814762,0.048194297,0.100025654,-0.06550925,0.010118713,0.049682114,0.30171794,0.064546674,0.10940599,-0.0682824,0.022280173,0.06631128,0.11400634,0.07350506,0.11432347,-0.07127218,0.021654451,0.074417256,0.10507483,0.080469936,0.117210574,-0.07772601,0.006025331,0.0801377,0.11556867,0.08738456,0.119685024,-0.09109131,-0.021284038,0.08602819,0.17367835,0.10094791,0.12087612,-0.12547728,-0.054277983
144,0.045154974,0.38247484,0.048427247,0.10045722,-0.06839021,0.011838092,0.049800057,0.3029033,0.06481307,0.110581994,-0.070643105,0.023235759,0.06650034,0.1147414,0.07384765,0.11589181,-0.07350074,0.022498969,0.07471818,0.105503395,0.0809812,0.119021095,-0.07984618,0.0069213845,0.08065535,0.115613386,0.08816598,0.12165702,-0.09297936,-0.020195832,0.08687938,0.17333996,0.10217135,0.123047605,-0.12592499,-0.052768204
145,0.044096258,0.38240567,0.04780473,0.09835491,-0.065795444,0.011920537,0.049251,0.30249065,0.06434203,0.107847564,-0.06863521,0.023102345,0.06604907,0.11452435,0.073321074,0.11308999,-0.07183923,0.022180814,0.07416323,0.10557231,0.08028763,0.11624957,-0.0786949,0.00630778,0.079874225,0.11615802,0.08720216,0.11889266,-0.09285086,-0.021249522,0.08576292,0.17467408,0.10077732,0.120089464,-0.1289882,-0.05443566
146,0.045544088,0.38323975,0.048705295,0.09948355,-0.06844634,0.01289075,0.050061155,0.3037437,0.065037586,0.10976288,-0.07074375,0.023558931,0.066699594,0.11537911,0.07405404,0.11530116,-0.07367447,0.022574916,0.0748926,0.106161736,0.081183225,0.118591696,-0.080167934,0.0067776795,0.08081907,0.11634665,0.08839358,0.12131561,-0.0936398,-0.020556943,0.0870695,0.17429732,0.102492556,0.12270566,-0.12744054,-0.05325793
147,0.04571148,0.383497,0.04882097,0.09828415,-0.067226656,0.01339085,0.050206404,0.30403918,0.06511379,0.10827939,-0.06982282,0.023649462,0.066778176,0.11567773,0.0740931,0.11382943,-0.072953135,0.02247769,0.07491011,0.10658734,0.081162624,0.11716674,-0.0797583,0.006451197,0.0807472,0.116961956,0.08829831,0.119913206,-0.09385398,-0.021178585,0.086889915,0.17523228,0.10230442,0.12120757,-0.12946069,-0.054245934
148,0.04466752,0.38342622,0.048205726,0.09789788,-0.06843723,0.013534282,0.049531203,0.30376688,0.06464666,0.10817495,-0.07087001,0.023549085,0.06625824,0.11543093,0.07361513,0.11397342,-0.074043274,0.022241393,0.07438798,0.10633522,0.080657244,0.11748988,-0.08098877,0.0060591367,0.08021059,0.11674645,0.087758906,0.12035144,-0.09536514,-0.021771945,0.08633942,0.17511857,0.10169885,0.12170408,-0.13125019,-0.05509536
149,0.0453712,0.38362187,0.04863121,0.0967659,-0.066608995,0.013888117,0.050013285,0.30409965,0.064921394,0.10664702,-0.069434896,0.023505464,0.06655757,0.11581517,0.073828526,0.112368934,-0.072802566,0.021988958,0.074596785,0.10690513,0.08079216,0.11586693,-0.08002426,0.005537811,0.08030367,0.11755043,0.08780542,0.118704714,-0.0949637,-0.022628624,0.08630104,0.17624396,0.101650484,0.119923696,-0.13270645,-0.056345258
150,0.044319462,0.38423607,0.048050303,0.09916729,-0.07011966,0.013476834,0.04933323,0.30450177,0.06469207,0.11052287,-0.0720611,0.02325479,0.06631399,0.11568468,0.07380991,0.11672097,-0.074651316,0.021961028,0.07464797,0.10622799,0.081061825,0.120346434,-0.08062058,0.0060509453,0.08074511,0.1162669,0.08844309,0.12316695,-0.09332834,-0.021182893,0.08722127,0.17428699,0.1027965,0.12456511,-0.12556154,-0.05326347
151,0.046501312,0.38523272,0.049390696,0.09665329,-0.065956354,0.015774418,0.050804958,0.3060919,0.06574158,0.10704857,-0.06875577,0.024559503,0.06742301,0.11707161,0.07484563,0.11299821,-0.071759515,0.023096755,0.0756752,0.10775376,0.082095034,0.11653631,-0.07830007,0.007095481,0.08168444,0.117969364,0.08947338,0.11928733,-0.09215781,-0.02020619,0.088060826,0.17644244,0.10388006,0.12041103,-0.12832387,-0.05224334
152,0.04463058,0.3854943,0.048313633,0.09610096,-0.06699467,0.015212776,0.04967485,0.30575433,0.064985685,0.10712878,-0.06956102,0.024034137,0.06663183,0.1166504,0.07410526,0.11346757,-0.07236787,0.022518706,0.07492057,0.10731768,0.081306815,0.11721558,-0.078585625,0.0065007894,0.08090864,0.117673256,0.08858855,0.12003622,-0.09192339,-0.020761764,0.08722089,0.17649618,0.10281448,0.12117372,-0.12698631,-0.052601725
153,0.043628637,0.3862283,0.047769897,0.09765624,-0.07088935,0.01511334,0.049003694,0.30621505,0.06469262,0.1100276,-0.07261749,0.023871116,0.066280015,0.116695516,0.07392068,0.116882324,-0.07491529,0.02236696,0.07474276,0.107027195,0.08128543,0.120861344,-0.0803894,0.0065003424,0.08097887,0.11703586,0.088806964,0.123794645,-0.09236345,-0.020418042,0.08763653,0.17547953,0.1034063,0.1251911,-0.12345142,-0.051523287
154,0.04355767,0.38613048,0.047725838,0.09500246,-0.06669531,0.01524238,0.049088597,0.30593848,0.0645477,0.1061912,-0.069369,0.023600558,0.06617936,0.116799176,0.07361175,0.11273249,-0.07228327,0.021669358,0.07439476,0.10771647,0.08068706,0.11663735,-0.07871477,0.0050511723,0.08024122,0.11852733,0.08782284,0.119561255,-0.09253018,-0.022958187,0.08641328,0.1780603,0.10190776,0.12072114,-0.12881945,-0.055558912
155,0.042807944,0.38638356,0.047301922,0.09676518,-0.070309825,0.014736604,0.04855181,0.3060017,0.06427082,0.109167,-0.07221091,0.023074804,0.06585509,0.11663727,0.07339799,0.116136,-0.07466118,0.021083511,0.07419521,0.10731444,0.08059348,0.12021774,-0.08043003,0.0044747503,0.08024111,0.11784312,0.0879312,0.123230636,-0.09303506,-0.023401404,0.08671393,0.17695399,0.102347195,0.12463551,-0.12569568,-0.05559344
156,0.042909354,0.38710013,0.04740418,0.096063115,-0.06795469,0.014810671,0.04874287,0.30666992,0.064485095,0.10831945,-0.07020928,0.023099622,0.0661401,0.11703645,0.07369624,0.11522523,-0.07256378,0.0211764,0.0745489,0.107658625,0.080949664,0.11921743,-0.07805461,0.004754754,0.08062768,0.11823442,0.08831498,0.122095436,-0.09028476,-0.022792988,0.08708933,0.17763674,0.1027538,0.12329891,-0.12329737,-0.054330017
157,0.042846657,0.38784418,0.047410425,0.09507654,-0.06606128,0.015712945,0.048811242,0.30743873,0.06464117,0.10719174,-0.06863948,0.02360066,0.06633943,0.1175112,0.07395086,0.11410759,-0.070992984,0.021680798,0.07483211,0.10802801,0.08128986,0.118085206,-0.07639274,0.005425771,0.080973856,0.118575886,0.08871976,0.120885454,-0.0885747,-0.021807358,0.08746534,0.17820996,0.10322221,0.12190798,-0.12242663,-0.05273987
158,0.04095277,0.38767046,0.04629051,0.09730486,-0.07117731,0.014335301,0.047525145,0.30676395,0.06381762,0.11103245,-0.07269233,0.022528674,0.06543518,0.11672223,0.07318019,0.11854447,-0.07444968,0.020600917,0.07406336,0.10697198,0.08060265,0.12278481,-0.07900963,0.0043886686,0.08039415,0.11722794,0.08817079,0.12572098,-0.08964051,-0.02269365,0.08715151,0.17639062,0.10286426,0.12706292,-0.11869535,-0.053254344
159,0.04260036,0.38822025,0.04728836,0.093729585,-0.065075375,0.016245611,0.04871685,0.30766478,0.064526774,0.10592939,-0.067853756,0.023529269,0.066232026,0.11773844,0.07378454,0.11301527,-0.07026858,0.021319658,0.074650995,0.10844698,0.081027344,0.11710622,-0.075766765,0.004739684,0.080672815,0.11932587,0.08833747,0.11994739,-0.08826737,-0.022851022,0.08703362,0.1795248,0.10270886,0.120903336,-0.12342037,-0.05402452
160,0.043175083,0.38897356,0.04766775,0.09622613,-0.06981967,0.016595643,0.0489543,0.30861148,0.06486449,0.10998627,-0.07157052,0.023539081,0.06651251,0.11821979,0.07421499,0.11757466,-0.073361255,0.021277942,0.07510188,0.1085242,0.08169059,0.12186068,-0.0779596,0.004823541,0.0814568,0.11884733,0.08939142,0.124810554,-0.08877781,-0.02240479,0.088333994,0.1782333,0.10441754,0.12611681,-0.11890083,-0.052768156
161,0.04222222,0.38879332,0.04709943,0.09522716,-0.068263955,0.016152011,0.048439387,0.30808577,0.06440166,0.10871185,-0.07034565,0.02300384,0.066073544,0.117907226,0.07369023,0.11625097,-0.07230842,0.02051382,0.07457025,0.10849392,0.08101808,0.120536506,-0.0771796,0.0036630775,0.08074218,0.11925504,0.08850972,0.123487175,-0.088588715,-0.02410731,0.08738343,0.17926317,0.1032419,0.12470439,-0.120573476,-0.055095654
162,0.042476017,0.3893575,0.0472798,0.09409713,-0.06559893,0.017028136,0.048716523,0.30872446,0.06463901,0.10718041,-0.06816062,0.02346128,0.06637417,0.118389174,0.07398324,0.11458882,-0.07023136,0.020902965,0.07489288,0.10901915,0.081341155,0.11879209,-0.07519755,0.004049154,0.08105163,0.119918145,0.08883858,0.12165326,-0.08690916,-0.023661463,0.08765195,0.18031897,0.10358833,0.12268731,-0.12066556,-0.054367386
163,0.039926603,0.3892543,0.045778774,0.09530756,-0.068538785,0.016312445,0.04712064,0.3080243,0.06362664,0.109448135,-0.070484675,0.022887127,0.065316334,0.11757332,0.07307709,0.11726711,-0.072176024,0.02032052,0.07399043,0.10797691,0.08051648,0.12165562,-0.07659234,0.0035301498,0.08029389,0.11870888,0.08808751,0.12459645,-0.08732835,-0.024010446,0.08704522,0.17898664,0.10288166,0.12579677,-0.11829055,-0.054308787
164,0.0413689,0.39011362,0.046672124,0.09328529,-0.06625911,0.018897532,0.048070792,0.30943474,0.06434251,0.10673044,-0.06877778,0.024316229,0.066037,0.118774824,0.07379457,0.11444793,-0.07092673,0.02149181,0.074662,0.109239094,0.08126381,0.1188642,-0.076080345,0.0044987844,0.080934696,0.120046616,0.08888982,0.12184057,-0.08821582,-0.023265934,0.087679334,0.18062177,0.10381602,0.12289934,-0.12277243,-0.053793963
165,0.040967196,0.39089525,0.046479702,0.09451649,-0.06907655,0.019122226,0.047787733,0.31018528,0.06432888,0.10904437,-0.07098649,0.024335466,0.065985166,0.11908068,0.07390467,0.117148295,-0.0727398,0.021503333,0.07478494,0.10919717,0.081567906,0.12172346,-0.07730707,0.0046614045,0.0813158,0.11961524,0.08947141,0.12476514,-0.08837153,-0.022760784,0.08841282,0.17976382,0.10482115,0.12599821,-0.119893484,-0.052584324
166,0.039973788,0.39081076,0.045895692,0.092336595,-0.067327216,0.019257024,0.0472335,0.30982202,0.063826986,0.10629534,-0.06973407,0.024109658,0.0654633,0.11896138,0.07329286,0.11438978,-0.07195603,0.020931955,0.074106276,0.10943724,0.080747515,0.119061895,-0.07730342,0.0035232822,0.08037392,0.12039223,0.08836773,0.12218599,-0.089839384,-0.024714999,0.08713614,0.181329,0.10330659,0.12329502,-0.12491655,-0.05568916
167,0.039485987,0.3916453,0.045654617,0.0932198,-0.07013259,0.020313105,0.046896264,0.31074136,0.063821055,0.108185045,-0.07197191,0.024685204,0.065407366,0.11938307,0.07344796,0.11668165,-0.07388738,0.02149937,0.074257016,0.109445244,0.08114325,0.121546164,-0.07880833,0.0043022097,0.08082412,0.119926654,0.08908897,0.12476378,-0.090564504,-0.023503998,0.087982066,0.18039985,0.10450242,0.12604275,-0.12319404,-0.053668875
168,0.039327715,0.3914777,0.045555,0.09129991,-0.06696442,0.019557059,0.046889175,0.31033453,0.06364235,0.10569648,-0.0694385,0.023878977,0.06527651,0.11925484,0.073141724,0.1140631,-0.07161777,0.020453112,0.073955856,0.10971537,0.08061296,0.11887225,-0.07688402,0.0028457534,0.080240816,0.12076692,0.08824999,0.12201214,-0.08939582,-0.025533652,0.08701856,0.18200618,0.10321403,0.12302907,-0.1248579,-0.05646616
169,0.039218273,0.39211833,0.045524467,0.09199179,-0.06855082,0.0200695,0.046809126,0.31107342,0.0637521,0.1072022,-0.07065569,0.0240802,0.065372825,0.119600825,0.07337954,0.1158542,-0.07253453,0.020663934,0.07421544,0.10974347,0.081043296,0.12076533,-0.07733481,0.0032602248,0.080735296,0.12043506,0.08893871,0.123920426,-0.08903971,-0.024711842,0.087817214,0.1813182,0.10428105,0.12500955,-0.12250622,-0.054868475
170,0.0406043,0.39286494,0.04637681,0.090879805,-0.06631082,0.020749602,0.047731787,0.31212458,0.06439472,0.105718374,-0.06885711,0.02429295,0.06605846,0.12048432,0.074001,0.11424952,-0.070906594,0.020709446,0.07485149,0.110729575,0.08165966,0.119091995,-0.07592945,0.0031287984,0.08132712,0.12156482,0.08957165,0.12218115,-0.08811901,-0.025034364,0.08837763,0.18270434,0.10499713,0.12311147,-0.12341569,-0.05534893
171,0.039703857,0.3938836,0.04590009,0.0937472,-0.06965087,0.020472111,0.047183648,0.31292683,0.064297535,0.11014586,-0.071325935,0.02415276,0.06597308,0.12063596,0.0741564,0.11902648,-0.07258841,0.020738943,0.075095154,0.110334,0.08214996,0.1239096,-0.07636178,0.0035762517,0.08200019,0.12057569,0.09049611,0.12696932,-0.08630115,-0.02382606,0.089596145,0.1810632,0.106564656,0.12814572,-0.116189,-0.05269228
172,0.038554855,0.39445633,0.04525719,0.091679536,-0.06447286,0.020176213,0.046721168,0.31303576,0.063943915,0.107052945,-0.06713354,0.023844555,0.06573187,0.120749295,0.073827945,0.11556234,-0.068758026,0.02024008,0.07480861,0.11078754,0.08170054,0.120253146,-0.072982185,0.0027105557,0.081502214,0.12167631,0.089810304,0.12316047,-0.08392498,-0.025194861,0.088763595,0.18330437,0.105531074,0.1240055,-0.1178505,-0.054563526
173,0.03924504,0.3960944,0.04574252,0.09341078,-0.06700126,0.021148503,0.047140956,0.31491008,0.06451744,0.10993957,-0.06904801,0.024357535,0.06629693,0.1218485,0.07459298,0.11876403,-0.07017414,0.020741269,0.0756174,0.11141344,0.08278005,0.12354159,-0.073615916,0.0034306906,0.08269029,0.12175576,0.09134152,0.12647046,-0.08311555,-0.02397058,0.090479694,0.18280882,0.107787594,0.1275142,-0.11334042,-0.05229498
174,0.03707435,0.39647987,0.044493876,0.09170008,-0.06423675,0.020422364,0.045976438,0.3145759,0.06366743,0.10763286,-0.066887476,0.02372031,0.06548601,0.12158037,0.07373249,0.11632919,-0.06835812,0.019850269,0.07475167,0.111461036,0.081754334,0.12108645,-0.07230533,0.0020468503,0.08160443,0.12241908,0.09003584,0.12399389,-0.082807474,-0.026058607,0.089056775,0.1845015,0.10604592,0.12484998,-0.116032675,-0.0553005
175,0.03594918,0.39742044,0.043888457,0.09196282,-0.06578694,0.01990571,0.04531314,0.31509897,0.06327664,0.10848862,-0.06817126,0.023129558,0.065057114,0.12182913,0.07335329,0.11744227,-0.06956044,0.019005163,0.07435389,0.111704744,0.08136458,0.12234912,-0.07342617,0.00082164357,0.08122327,0.122778535,0.089659914,0.12535644,-0.08373281,-0.027734846,0.088728115,0.18508548,0.105736606,0.12633984,-0.115889266,-0.05745497
176,0.035497416,0.3983866,0.04367621,0.09305345,-0.068403214,0.019698916,0.045017045,0.31587154,0.063215084,0.11064662,-0.07020617,0.022878155,0.06495895,0.122179195,0.07336959,0.119957216,-0.071209684,0.01870545,0.074379176,0.11181948,0.08149918,0.12501407,-0.07449407,0.0005322974,0.08142459,0.12267286,0.089975275,0.12809771,-0.08369243,-0.027897952,0.089179285,0.18476179,0.106349416,0.1292753,-0.112714544,-0.057241615
177,0.037658755,0.39989752,0.04501673,0.09029382,-0.06392696,0.022242555,0.046490766,0.3179751,0.06431548,0.10709754,-0.06659966,0.024272788,0.06613454,0.12387712,0.074503586,0.11622159,-0.06795424,0.019916043,0.07552733,0.11359728,0.08268352,0.12119699,-0.07167543,0.0017119991,0.08254221,0.124631345,0.09121351,0.12417063,-0.08182692,-0.026651697,0.09025515,0.18729325,0.1077241,0.1250137,-0.114605166,-0.05570791
178,0.034299713,0.39968824,0.04304625,0.09047847,-0.06661143,0.020935653,0.04441779,0.31686515,0.062927976,0.108536884,-0.068715215,0.023250692,0.06468649,0.12275473,0.073172554,0.11819725,-0.06970497,0.018862031,0.07418124,0.112363644,0.08131917,0.12343003,-0.0728832,0.00065682386,0.08121972,0.123443045,0.08974267,0.1264961,-0.08208794,-0.027652584,0.088891596,0.18631376,0.10599344,0.12743707,-0.112350285,-0.056512464
179,0.033167247,0.40012604,0.04240799,0.08893016,-0.06676673,0.022047566,0.043744702,0.3171894,0.06253516,0.10712828,-0.06896012,0.023724766,0.064243875,0.122937195,0.07281483,0.117035665,-0.070161276,0.019146245,0.07376273,0.11252327,0.080962904,0.12246548,-0.073722646,0.0007985082,0.08079237,0.12368135,0.0893609,0.12563734,-0.08366301,-0.027664132,0.08843279,0.18688184,0.10553869,0.12653545,-0.11540358,-0.056686778
180,0.035092108,0.40135148,0.04359194,0.088020824,-0.06663997,0.024303164,0.044914097,0.31907767,0.06345532,0.10626944,-0.06892599,0.024876097,0.0651407,0.124400966,0.073758654,0.116291456,-0.07026932,0.020070577,0.074673735,0.11387184,0.08202714,0.12181661,-0.07408025,0.001627539,0.08181317,0.12485919,0.090640955,0.12504768,-0.084473275,-0.026843375,0.089660615,0.18795407,0.10721849,0.12594028,-0.11708903,-0.055734795
181,0.033092253,0.40112826,0.042417347,0.08778523,-0.068428785,0.022808421,0.04366756,0.318141,0.06251231,0.1070603,-0.07032581,0.023594039,0.064155,0.12360288,0.07274684,0.11751782,-0.07140649,0.018620115,0.073649906,0.113182135,0.0808709,0.123253435,-0.07482412,-7.036573e-05,0.08068335,0.12441351,0.08928836,0.12656072,-0.084536016,-0.028823381,0.088380806,0.18782361,0.10554618,0.1275149,-0.115399435,-0.057993773
182,0.03205016,0.4018479,0.041846585,0.08719421,-0.06860071,0.022415917,0.043083034,0.3184628,0.06218304,0.10718062,-0.07036119,0.023236193,0.063828535,0.12366582,0.07247247,0.117916666,-0.071196474,0.01825391,0.07339354,0.11317415,0.08061021,0.123760015,-0.074180916,-0.00037830466,0.080455765,0.12447159,0.08900601,0.12706287,-0.08317662,-0.02897204,0.08814501,0.1881786,0.10519839,0.12797841,-0.11288334,-0.05774043
183,0.034750428,0.4037333,0.043512672,0.086308144,-0.06739095,0.025027297,0.044779744,0.32114103,0.063536085,0.10636184,-0.069352105,0.024682237,0.06520716,0.12566899,0.07391095,0.11713442,-0.07020742,0.01955058,0.074847005,0.11497929,0.08225302,0.12298419,-0.07317233,0.0009946745,0.082097046,0.12603782,0.090963095,0.12625943,-0.08216869,-0.02732079,0.090079576,0.18965018,0.10771557,0.12710476,-0.11237386,-0.055460554
184,0.032970384,0.40427026,0.04249726,0.08713052,-0.06913495,0.024123082,0.04371737,0.32116127,0.06290886,0.10827139,-0.07066399,0.023926048,0.064573616,0.12541778,0.07339004,0.11936041,-0.07114506,0.018730646,0.07435886,0.11455455,0.08181724,0.12531291,-0.07352766,0.00013204553,0.08174069,0.12552775,0.090616666,0.12860616,-0.08149359,-0.028142057,0.08986485,0.18913625,0.10747161,0.12955214,-0.109225415,-0.05601002
185,0.031056264,0.40410805,0.0413754,0.08507289,-0.065715365,0.023483044,0.042691883,0.32041496,0.062090766,0.10556731,-0.06796366,0.023277435,0.06380716,0.124917336,0.072525956,0.116492644,-0.06881009,0.017836304,0.07349742,0.11442305,0.08075133,0.122384176,-0.071718395,-0.0012083406,0.08061388,0.12603652,0.08921882,0.12560247,-0.08079178,-0.030119052,0.08833795,0.19066453,0.105544284,0.12626754,-0.112098426,-0.058803566
186,0.028940955,0.4050398,0.04018423,0.08703002,-0.06781483,0.022278016,0.04146079,0.32075968,0.061480917,0.10894639,-0.06943235,0.022510266,0.06322174,0.124716245,0.07215764,0.12017957,-0.069609344,0.017182989,0.07321487,0.113806136,0.08062397,0.126101,-0.071420334,-0.001621881,0.08064231,0.12507325,0.0893527,0.1292666,-0.07853047,-0.030066,0.088698305,0.18943611,0.10600355,0.13006595,-0.10551735,-0.057791922
187,0.031009534,0.4066333,0.041457005,0.0838864,-0.06288199,0.025136465,0.042867847,0.322907,0.062468108,0.104647346,-0.06554816,0.023996904,0.064276494,0.12653907,0.0731201,0.11559832,-0.066315554,0.018311014,0.07416952,0.115872055,0.08155765,0.1214331,-0.06897411,-0.0008207905,0.08147171,0.12753221,0.09025388,0.12452073,-0.07775626,-0.029623391,0.08938968,0.192721,0.10693998,0.12497542,-0.10984056,-0.057715427
188,0.032754485,0.41106015,0.0426427,0.08747098,-0.065119736,0.026207758,0.044049907,0.32745796,0.06380973,0.11014281,-0.06690647,0.024814406,0.065716214,0.12933114,0.07487778,0.12133641,-0.06656244,0.019290369,0.07611112,0.117846906,0.08392715,0.12707858,-0.067323975,0.00066861795,0.08412234,0.12867188,0.09345601,0.13005212,-0.072596356,-0.027097236,0.09297419,0.19313753,0.111486346,0.13081975,-0.0972223,-0.053145844
189,0.030228188,0.41395375,0.041277777,0.08863191,-0.06358693,0.024485068,0.042777847,0.32912907,0.06309928,0.11150026,-0.065514125,0.023672521,0.06510975,0.13021873,0.074328505,0.122522995,-0.06495821,0.017861549,0.07566255,0.11881757,0.08341334,0.12811196,-0.06528134,-0.0014104962,0.0837038,0.1301398,0.09295375,0.1310106,-0.0697335,-0.029963236,0.09257475,0.1956115,0.111082666,0.13186117,-0.09317477,-0.056706384
190,0.024667956,0.4153041,0.038114395,0.08737099,-0.060402762,0.022174438,0.03973152,0.3287708,0.061046567,0.10950397,-0.06306283,0.022154316,0.06312692,0.12971193,0.07235858,0.1202756,-0.062957846,0.015958,0.07370799,0.11875515,0.08121951,0.12578987,-0.063957945,-0.004263302,0.08146518,0.13111977,0.090350136,0.12866515,-0.06968411,-0.034159686,0.08988572,0.19841439,0.1078585,0.12935299,-0.09656142,-0.06253796
191,0.023983132,0.41830495,0.03784082,0.089274734,-0.06685775,0.023751656,0.03924341,0.33179253,0.06116221,0.113272965,-0.0683001,0.023008702,0.06308967,0.13150011,0.072728,0.12477789,-0.06774978,0.016638098,0.07399581,0.119879946,0.081990875,0.13072352,-0.068206035,-0.0036020866,0.082258984,0.13155447,0.09172553,0.13394515,-0.07265949,-0.03329352,0.09142563,0.1982422,0.11022254,0.13524184,-0.09420129,-0.06100527
192,0.02878337,0.42118523,0.040716253,0.08422273,-0.061200168,0.029275846,0.042245068,0.33600646,0.06321402,0.10628988,-0.06407106,0.025984613,0.06515258,0.13514584,0.07464092,0.117446825,-0.064670995,0.018998675,0.07579412,0.12391157,0.08385446,0.123399585,-0.06692606,-0.0018051033,0.0838634,0.13611554,0.09363768,0.12666258,-0.074702375,-0.032127973,0.09294718,0.2039225,0.112458214,0.12758535,-0.10446113,-0.060533375
193,0.02212433,0.42145294,0.036881547,0.08693921,-0.068019405,0.02544965,0.0382136,0.33414954,0.06058996,0.11240713,-0.06919577,0.023474094,0.062455557,0.13303477,0.07217566,0.12460146,-0.06846846,0.01658536,0.07338635,0.121478215,0.08136822,0.13094607,-0.06864322,-0.0041430593,0.08159599,0.13363388,0.09099809,0.13436127,-0.07258445,-0.034248937,0.09070994,0.20155185,0.10940763,0.13577037,-0.09299907,-0.062065784
194,0.022680433,0.42264512,0.037245054,0.08444517,-0.065014206,0.026626552,0.038660277,0.33519626,0.060798142,0.109882206,-0.06671613,0.023805374,0.06272049,0.1339385,0.072287045,0.12210868,-0.066111736,0.016601497,0.073515154,0.12269895,0.0813138,0.12845927,-0.06638602,-0.004439399,0.081509046,0.13542095,0.09071837,0.13180535,-0.07065964,-0.034858786,0.09035431,0.2043595,0.1088578,0.13297391,-0.09320735,-0.06287824
195,0.021548867,0.42314076,0.036613233,0.081994094,-0.06416318,0.027782336,0.03802176,0.33549103,0.06030611,0.10709714,-0.066239804,0.024171619,0.062173594,0.13427362,0.0716979,0.11944366,-0.06612829,0.016566936,0.07282187,0.123348355,0.08053297,0.12597328,-0.06726167,-0.0050223735,0.08057695,0.13661374,0.08968732,0.12945126,-0.07313595,-0.036159635,0.08915358,0.20649773,0.10749989,0.13054653,-0.0989239,-0.06503678
196,0.02414999,0.4259278,0.038195413,0.084369056,-0.06667956,0.030459262,0.039562423,0.3392245,0.061780736,0.11056661,-0.068144985,0.025776504,0.06365427,0.13677152,0.073505595,0.123097554,-0.06756037,0.018154738,0.07467682,0.12514,0.08294096,0.12965746,-0.067959055,-0.0030991014,0.08308876,0.1375072,0.09298069,0.13321029,-0.07237586,-0.03349108,0.09263013,0.20640165,0.11227663,0.13471735,-0.09424884,-0.060824566
197,0.021504903,0.42609838,0.03668036,0.08357489,-0.065582134,0.029791592,0.03808226,0.33874956,0.06077127,0.10981851,-0.06731562,0.025143487,0.06266583,0.13631524,0.072536625,0.1223629,-0.06687918,0.017304102,0.07370979,0.12484398,0.081882164,0.1289279,-0.06751097,-0.0043288157,0.08201039,0.13760823,0.091743834,0.13246077,-0.07243914,-0.035228092,0.09136244,0.20721403,0.110740736,0.1338739,-0.095783666,-0.0631283
198,0.018869285,0.4261226,0.035172466,0.08331836,-0.06633046,0.028858265,0.03654536,0.33813936,0.059723917,0.11010898,-0.067972064,0.024298454,0.06159514,0.13573045,0.07150657,0.12285381,-0.06754033,0.016240831,0.07266296,0.124337964,0.08077026,0.12952739,-0.06822485,-0.005761594,0.08089272,0.13734539,0.09049123,0.1331163,-0.07326095,-0.03714518,0.09012573,0.20736504,0.10923891,0.13456267,-0.09650679,-0.06561183
199,0.02112918,0.42850375,0.03653749,0.08355448,-0.065356664,0.03095834,0.03795212,0.34121716,0.060920198,0.11077077,-0.067070685,0.025404437,0.062853605,0.13789369,0.072910324,0.12350881,-0.06645518,0.017241884,0.074136615,0.12613997,0.08253859,0.13010433,-0.066762716,-0.004614123,0.082732975,0.13874793,0.09278228,0.13361195,-0.07112354,-0.035577502,0.09248407,0.2084921,0.112406336,0.13506025,-0.09349082,-0.0631257
200,0.020027963,0.4298385,0.035940435,0.08400655,-0.06562876,0.031561404,0.03735916,0.34250295,0.060757242,0.11188316,-0.06722871,0.025677491,0.06271457,0.13857287,0.07299253,0.12474187,-0.06642783,0.017470323,0.074257426,0.12650122,0.082891956,0.13134803,-0.06642098,-0.004308926,0.08314172,0.13885751,0.09345284,0.13483912,-0.07023112,-0.035036318,0.093231924,0.20854177,0.113534376,0.13634892,-0.09154564,-0.06197397
201,0.019041086,0.43019745,0.035384186,0.08322705,-0.06422476,0.031603917,0.03684706,0.3426765,0.060383353,0.11099,-0.06616184,0.02541107,0.062369198,0.13871656,0.072623394,0.12378919,-0.06556322,0.01692889,0.07389332,0.12680684,0.08247102,0.13036709,-0.06587294,-0.005252595,0.08269919,0.13946979,0.09296055,0.13383198,-0.07031976,-0.03647897,0.092701785,0.20966147,0.11296709,0.13524912,-0.093327194,-0.06394004
202,0.015591478,0.43000624,0.03341256,0.08295088,-0.064352155,0.029939858,0.034870625,0.34157318,0.059033774,0.111560814,-0.06620619,0.024121637,0.061033424,0.13768886,0.07132179,0.124574654,-0.06543432,0.015487544,0.07262042,0.12585796,0.08107202,0.13120686,-0.065459386,-0.006979843,0.08134397,0.13881706,0.0913549,0.13464355,-0.069477215,-0.038574617,0.091158316,0.20952536,0.110966116,0.13601506,-0.091881715,-0.06640606
203,0.015849369,0.43184638,0.033610515,0.08297814,-0.06667032,0.031399544,0.034987226,0.34367713,0.05936567,0.11292056,-0.06801805,0.02481991,0.06131372,0.13901666,0.071836226,0.12638707,-0.0669298,0.01611721,0.07311671,0.1267754,0.081875905,0.13323548,-0.066479474,-0.006172367,0.08217515,0.13931768,0.092562206,0.13679154,-0.06955399,-0.03733766,0.09245225,0.20974183,0.112814374,0.13837615,-0.089320146,-0.0642663
204,0.018726021,0.43365613,0.03529302,0.078857526,-0.061297636,0.03542115,0.03679644,0.34638467,0.0605782,0.107634835,-0.06380727,0.026882028,0.06258866,0.14133534,0.073006876,0.12086409,-0.06339784,0.017802626,0.0742611,0.12935448,0.08303634,0.1276433,-0.063932486,-0.004683045,0.08319969,0.14234231,0.0937303,0.13109085,-0.06900013,-0.035970278,0.0933785,0.21379201,0.11412261,0.13222271,-0.09472502,-0.06284569
205,0.014995703,0.43422288,0.033173937,0.08155213,-0.0684325,0.03361542,0.03447711,0.34593967,0.059215333,0.1136344,-0.06928997,0.025581,0.061127186,0.14042038,0.071840495,0.12781866,-0.06774255,0.01656653,0.073116906,0.12789188,0.08205761,0.1349816,-0.066549666,-0.005716606,0.08239415,0.14033905,0.09294863,0.13864048,-0.06831702,-0.036577325,0.09293661,0.21113613,0.11350749,0.14034793,-0.08545605,-0.06261432
206,0.013541502,0.43405414,0.032341573,0.07714461,-0.060997944,0.03386298,0.03384933,0.3452179,0.058518164,0.10774819,-0.06340228,0.025363851,0.06056577,0.14016822,0.070971206,0.12148051,-0.06263513,0.015966352,0.07227698,0.12841642,0.08075724,0.12841508,-0.062558696,-0.0069608046,0.08098637,0.14210416,0.09098248,0.13182461,-0.06672721,-0.038765635,0.09072957,0.21486737,0.11054181,0.13284704,-0.09161055,-0.06605435
207,0.018564252,0.43661284,0.035251424,0.078554586,-0.06366555,0.037602924,0.036695026,0.34919676,0.06055278,0.11043427,-0.06546104,0.027091635,0.06257621,0.14319338,0.07304023,0.12447504,-0.06427225,0.017333457,0.074358426,0.13104635,0.08318283,0.13152878,-0.06353826,-0.005596638,0.08347564,0.14409645,0.09408459,0.13505796,-0.066342145,-0.037047584,0.09396792,0.21600762,0.11491251,0.13647544,-0.0875032,-0.06340601
208,0.014607834,0.4368374,0.03299807,0.0795171,-0.0669137,0.03548721,0.034352724,0.34819898,0.05896046,0.113114975,-0.067993954,0.025541075,0.060935237,0.14215007,0.07146334,0.12764424,-0.0663377,0.015609316,0.072782665,0.12999482,0.08148824,0.13491087,-0.064917535,-0.007688202,0.0818474,0.1432268,0.09218855,0.13856831,-0.066393904,-0.039612554,0.092220195,0.21543817,0.11263908,0.14026259,-0.08391443,-0.06650619
209,0.015475802,0.43736568,0.033499677,0.076087564,-0.05977013,0.036584478,0.03506204,0.3487676,0.059209205,0.108252965,-0.062297653,0.025839452,0.06134122,0.14290635,0.07156572,0.12225146,-0.061308574,0.015534204,0.07294604,0.13137926,0.08131969,0.12921888,-0.06080762,-0.008296206,0.08161511,0.14556386,0.091647975,0.13260199,-0.06427684,-0.040924452,0.091495864,0.21928465,0.11164915,0.13369659,-0.088573426,-0.068617776
210,0.014836727,0.43944457,0.0331805,0.080962874,-0.06478051,0.03638693,0.034660544,0.35078216,0.059440937,0.116077855,-0.065859996,0.025854148,0.06160286,0.14368437,0.07230761,0.13055299,-0.063481085,0.015870765,0.07383255,0.13112316,0.08276362,0.13754605,-0.060722925,-0.0072394023,0.08333798,0.14409842,0.09399036,0.14096199,-0.05995435,-0.038603097,0.09426044,0.21638988,0.11532375,0.14271364,-0.07494099,-0.063920856
211,0.012338102,0.4385047,0.031744488,0.076860115,-0.060703345,0.03670969,0.03331074,0.34943312,0.058287192,0.11047445,-0.06295745,0.025635147,0.060446396,0.14302269,0.07094414,0.12472619,-0.061637074,0.015154647,0.07236397,0.13123111,0.08095167,0.13174394,-0.060629036,-0.008805999,0.081313916,0.1453324,0.09155219,0.13516557,-0.0632315,-0.041406933,0.09154167,0.21927767,0.11197809,0.13649382,-0.0857136,-0.06839575
212,0.016273186,0.44049948,0.034012537,0.07859368,-0.062141515,0.039565083,0.03556133,0.35272864,0.060050037,0.113357194,-0.063955106,0.027094947,0.062238403,0.14537369,0.0729281,0.12775275,-0.06216233,0.016542103,0.07441596,0.13300298,0.0834602,0.13474749,-0.060367994,-0.0070610377,0.08393597,0.14626236,0.09487544,0.13817343,-0.061464027,-0.038864024,0.09502971,0.21912862,0.1166892,0.13979088,-0.08064125,-0.06429246
213,0.0104980925,0.4388954,0.03070185,0.07693397,-0.0631651,0.036625035,0.03219152,0.34951285,0.0575271,0.11242875,-0.06494772,0.024906844,0.0596424,0.14293438,0.07020106,0.12717685,-0.06334723,0.014021557,0.07161203,0.13108331,0.08021047,0.13439737,-0.061966278,-0.010354673,0.08061317,0.14520575,0.090841115,0.13792537,-0.06385643,-0.04334786,0.090945184,0.2192197,0.111327834,0.13946013,-0.084044635,-0.070543036
214,0.011868386,0.4417723,0.03152515,0.07607901,-0.060589284,0.039214917,0.033093844,0.35317487,0.05847747,0.11136664,-0.06285754,0.026433809,0.060671613,0.14549391,0.071492486,0.1259567,-0.06140358,0.015487223,0.07295882,0.13326584,0.08197185,0.1330606,-0.060155515,-0.0087001445,0.082394786,0.1470746,0.09320578,0.13647823,-0.06233868,-0.041245043,0.09328915,0.22113231,0.11465069,0.13786872,-0.084089525,-0.06752315
215,0.012561829,0.44350132,0.031938635,0.07752124,-0.063572414,0.040151794,0.03342942,0.35531658,0.058917183,0.11425877,-0.06520006,0.026748937,0.06107246,0.14685765,0.07211941,0.1291984,-0.06334235,0.015684562,0.07359517,0.13416833,0.082949735,0.1364409,-0.061486542,-0.008447832,0.08344362,0.14740747,0.0947152,0.13997771,-0.06239884,-0.040730033,0.094938956,0.22077395,0.117019124,0.141724,-0.08045011,-0.066392146
216,0.01017844,0.4439849,0.03059484,0.07589307,-0.06234758,0.04022581,0.032104738,0.35546616,0.058062337,0.11279526,-0.06433387,0.026469424,0.06022339,0.14689426,0.071332365,0.1278012,-0.06275,0.0151367495,0.07279098,0.1343175,0.0821237,0.13508253,-0.061339457,-0.009362588,0.08257343,0.14788733,0.09377812,0.13859712,-0.063144565,-0.042112876,0.09393804,0.22193247,0.11586668,0.14017493,-0.083302654,-0.06832335
217,0.006902499,0.44440877,0.028752236,0.07494539,-0.06215714,0.039418913,0.030257288,0.3552379,0.056935556,0.11259963,-0.06419356,0.02582067,0.059099965,0.14648007,0.070351064,0.12779993,-0.06259796,0.014403171,0.07181641,0.1338521,0.08116342,0.13514444,-0.06116756,-0.010237297,0.08162089,0.14758019,0.09273927,0.13863659,-0.06300658,-0.043172285,0.0929084,0.22209683,0.11459252,0.14012186,-0.08345199,-0.06955829
218,0.01037655,0.4462221,0.03072719,0.07392331,-0.059737127,0.0418938,0.032296684,0.35803428,0.058352843,0.11164157,-0.06218967,0.027017597,0.060593862,0.14865382,0.071835734,0.12672855,-0.060652398,0.015450392,0.07336114,0.13589768,0.08288247,0.13395023,-0.05922167,-0.009092112,0.08336916,0.1494679,0.094840564,0.137317,-0.061140135,-0.041714724,0.09499834,0.22395243,0.11739771,0.13864495,-0.082805075,-0.067423336
219,0.009939645,0.446831,0.030482572,0.07499202,-0.06425096,0.041683633,0.031919017,0.35860437,0.058162954,0.11464635,-0.06579624,0.02656682,0.06030663,0.14889297,0.07167582,0.13030745,-0.063809,0.014874642,0.07316442,0.13584685,0.0828379,0.1378068,-0.061768834,-0.0097232675,0.08336816,0.14903925,0.09501006,0.14137954,-0.06238829,-0.04232277,0.09530364,0.22295192,0.11789618,0.14311504,-0.079684936,-0.06790159
220,0.008073216,0.44673616,0.029423974,0.07306112,-0.061483312,0.04059573,0.030927729,0.3577662,0.05729664,0.1128768,-0.06356625,0.02558061,0.05950796,0.14832385,0.07067775,0.12848105,-0.061756045,0.013635256,0.07220559,0.13569902,0.081527665,0.13589498,-0.059943024,-0.011446296,0.08205374,0.14961258,0.0932342,0.1393287,-0.061161872,-0.04475091,0.093479134,0.22462046,0.11539567,0.1407538,-0.080944896,-0.07128428
221,0.008843453,0.44756022,0.02986454,0.07150376,-0.061534204,0.041916505,0.031337816,0.35902256,0.057580385,0.11160875,-0.06376153,0.026023425,0.059747085,0.14933392,0.07093713,0.12736978,-0.06220544,0.013836911,0.07240452,0.1367288,0.08181387,0.13489857,-0.060851354,-0.011438178,0.082265206,0.15070462,0.093609706,0.13839346,-0.0628967,-0.044934373,0.09377532,0.22591119,0.11596937,0.13978018,-0.08397642,-0.07165099
222,0.011362825,0.4491054,0.03129964,0.07038577,-0.062347308,0.044487122,0.032721125,0.36165377,0.05864887,0.110964894,-0.0645573,0.02722148,0.06075582,0.15133516,0.07208679,0.12694071,-0.06317093,0.014842627,0.07348907,0.13847928,0.083234705,0.13461447,-0.06214236,-0.010377593,0.083620206,0.15211311,0.09548561,0.13820831,-0.06470364,-0.043634214,0.09559354,0.22700003,0.11863823,0.139669,-0.086101286,-0.069843516
223,0.0053794086,0.4486303,0.027928501,0.06939531,-0.064726174,0.04177468,0.029256172,0.3596529,0.056376368,0.111810915,-0.066459276,0.025420966,0.05841051,0.14948332,0.06987603,0.12835227,-0.06482033,0.012993647,0.071239986,0.13664855,0.08083682,0.1362859,-0.063474506,-0.012473929,0.08122677,0.15058447,0.09268829,0.13997072,-0.065483496,-0.046138085,0.09285018,0.22608711,0.11502573,0.14146203,-0.08515293,-0.072904855
224,0.004144593,0.45117822,0.02726683,0.07022335,-0.061995354,0.040821925,0.02870207,0.36164695,0.056358464,0.113882124,-0.063783176,0.025187302,0.05858001,0.15041007,0.07031748,0.13033755,-0.061444763,0.013152072,0.07189885,0.13704814,0.08173165,0.13799635,-0.058743484,-0.011727141,0.08234348,0.15063858,0.09401176,0.14139386,-0.05843726,-0.044472203,0.09436927,0.22621493,0.11688221,0.14275894,-0.07578055,-0.069561854
225,0.010829368,0.45461082,0.03103946,0.06916708,-0.05938322,0.04515163,0.03253195,0.36681268,0.058889147,0.11231664,-0.06166964,0.027331144,0.061170124,0.15454783,0.07281251,0.1285829,-0.059541915,0.014912972,0.07442161,0.14109884,0.084518,0.13615897,-0.057069626,-0.010080171,0.08511547,0.15452515,0.09740664,0.13952956,-0.057102073,-0.042675357,0.097711734,0.23008263,0.12152587,0.14086896,-0.07579631,-0.067175545
226,0.007730545,0.45410746,0.029283745,0.06644304,-0.061241604,0.043265745,0.030665157,0.36494675,0.05702838,0.11048947,-0.063354455,0.025331363,0.05916635,0.15345883,0.07029903,0.12730402,-0.061452273,0.012074267,0.07175128,0.14094298,0.08106003,0.13528676,-0.059465025,-0.014398245,0.0815022,0.15573242,0.09278855,0.13889822,-0.060246356,-0.04905682,0.09297991,0.2330893,0.115228735,0.14023183,-0.07924602,-0.07646858
227,0.007252415,0.4570071,0.029054044,0.071353756,-0.066449955,0.042849187,0.03036863,0.3675245,0.057269566,0.118856005,-0.06689953,0.025194958,0.059451748,0.15464148,0.071026646,0.13625716,-0.06336686,0.012213768,0.072651066,0.14110884,0.0824693,0.14434548,-0.058687884,-0.013640024,0.083227634,0.1547366,0.095064074,0.14809223,-0.054284036,-0.047169928,0.095710956,0.2307443,0.11877443,0.15027934,-0.062247455,-0.07248135
228,0.0076567805,0.45755902,0.029280778,0.06495717,-0.054661475,0.04463277,0.030888267,0.36795273,0.057294693,0.109624766,-0.057547025,0.026012799,0.059728306,0.15548205,0.07084691,0.12614955,-0.055254284,0.012662585,0.07255669,0.14302586,0.08181307,0.13377784,-0.052342944,-0.0137805035,0.08244973,0.15835316,0.09369464,0.1370591,-0.05177826,-0.04813434,0.094050094,0.2371836,0.11649009,0.13811965,-0.07200116,-0.074336775
229,0.0045359875,0.4586858,0.027544461,0.07001821,-0.06401188,0.043894332,0.028962899,0.36852506,0.056437038,0.11923407,-0.0646011,0.025399787,0.058756944,0.15512404,0.07040479,0.13681948,-0.060606573,0.012175416,0.0721479,0.14164276,0.0818989,0.14485106,-0.055065483,-0.013803338,0.08275732,0.15575096,0.09442133,0.14848602,-0.04936233,-0.047247924,0.09520824,0.23300055,0.118048415,0.15066217,-0.056975562,-0.071650125
230,0.004284528,0.45743024,0.027386254,0.06365614,-0.058768075,0.04558103,0.028876858,0.36735323,0.05586585,0.11106634,-0.06089839,0.025616307,0.05816941,0.15496224,0.06930626,0.12843712,-0.058281064,0.011647308,0.070900664,0.14266872,0.08002908,0.13650349,-0.055023804,-0.015404518,0.08060298,0.1583903,0.091590956,0.14007078,-0.053803008,-0.050358806,0.09202015,0.23791783,0.11392834,0.14152673,-0.07129863,-0.07685214
231,0.006536521,0.46079165,0.02864628,0.06678894,-0.0628157,0.048109762,0.03007797,0.37191364,0.05719308,0.11638734,-0.06393462,0.02702363,0.05948692,0.15789637,0.07118152,0.13415468,-0.060513515,0.013155405,0.0728372,0.1445534,0.08283346,0.14234495,-0.0559665,-0.013265074,0.08356051,0.15894264,0.09570965,0.14609767,-0.052127164,-0.046978056,0.096397825,0.23689125,0.12014932,0.14827679,-0.063204624,-0.071138225
232,0.0023976737,0.46053338,0.026331943,0.06265008,-0.06087737,0.047859944,0.02775666,0.37102452,0.055546947,0.111600146,-0.06280764,0.02648019,0.057768855,0.15737799,0.06941171,0.12942694,-0.060310844,0.012181203,0.07092197,0.14461006,0.080673434,0.13776541,-0.057356093,-0.015009612,0.08118634,0.15997882,0.09296546,0.14155385,-0.056547593,-0.04985392,0.09341271,0.2395358,0.116483435,0.1433317,-0.07340607,-0.07557163
233,0.0028176515,0.46253154,0.026566695,0.063678235,-0.06193598,0.048854884,0.027982451,0.37347382,0.05602801,0.113895185,-0.06352309,0.027053231,0.058276746,0.15888816,0.070261106,0.13189553,-0.060643066,0.012863309,0.07183036,0.14555565,0.082057044,0.14024776,-0.05704228,-0.013938921,0.08266577,0.16028301,0.095056094,0.14406504,-0.054981902,-0.048061997,0.095639855,0.23919693,0.11967443,0.1461041,-0.069241375,-0.072407074
234,-0.00071314984,0.46230757,0.024607163,0.06389767,-0.065111205,0.04741703,0.02594113,0.3724619,0.054758985,0.116448216,-0.06599662,0.025916012,0.056949656,0.1578257,0.0690878,0.13499203,-0.06263652,0.011655103,0.07064857,0.14431325,0.080882385,0.14355339,-0.058344666,-0.015242234,0.08154597,0.15893425,0.09380423,0.14748305,-0.054970313,-0.04946404,0.09451676,0.23775594,0.11817603,0.14977348,-0.065791994,-0.07381245
235,0.0039637857,0.4635011,0.027203755,0.0609942,-0.060346797,0.050403416,0.02862478,0.37485087,0.056325715,0.11292321,-0.062205415,0.027146691,0.058614463,0.15999946,0.07048015,0.13118123,-0.059296727,0.012521915,0.07207793,0.14680436,0.08223296,0.13955417,-0.05562687,-0.014594648,0.08285027,0.16183539,0.09523466,0.1432924,-0.0536024,-0.048955053,0.09582652,0.24135041,0.119979344,0.14518525,-0.06888521,-0.073228516
236,0.0012874624,0.46289194,0.02571596,0.059651457,-0.061474487,0.049360503,0.027084867,0.37350145,0.055169035,0.1129823,-0.06311976,0.026131274,0.057412446,0.15895134,0.06919058,0.13160506,-0.060097516,0.01127207,0.07075538,0.14597197,0.0806528,0.1401372,-0.05631109,-0.016227717,0.08125532,0.16139644,0.09322463,0.14392497,-0.05410445,-0.051129792,0.09383347,0.24148533,0.117241554,0.14580403,-0.06875152,-0.07613934
237,0.0019294197,0.4635939,0.026073944,0.060745806,-0.06405305,0.050035343,0.02739018,0.3744916,0.055449385,0.11588553,-0.0650351,0.026214143,0.057671674,0.15953094,0.06956435,0.1348706,-0.061468318,0.011258346,0.07115845,0.14621489,0.08124368,0.14352052,-0.05682304,-0.016142815,0.081935264,0.16118547,0.09414889,0.14740531,-0.052927498,-0.050744463,0.09490653,0.24063843,0.11869406,0.14962572,-0.063668214,-0.07512885
238,0.004431527,0.46515512,0.027465168,0.057281025,-0.060201008,0.052814294,0.028821746,0.37702632,0.056420553,0.111976236,-0.06203893,0.027499735,0.05868613,0.1616084,0.07056144,0.13083403,-0.058976904,0.012321558,0.07214167,0.1484126,0.08234996,0.13940623,-0.055079643,-0.015094769,0.08295345,0.16365744,0.09543877,0.14314768,-0.052746713,-0.04957562,0.09604396,0.24382047,0.12039504,0.14495736,-0.06788369,-0.073560156
239,-0.0014860597,0.46455207,0.024182692,0.057189867,-0.064483896,0.050044145,0.025429394,0.37482846,0.054186553,0.11487779,-0.065349035,0.025574783,0.056362532,0.15958473,0.06834536,0.13448547,-0.061643917,0.010295131,0.06990206,0.14632645,0.07991252,0.14337656,-0.0568223,-0.017402729,0.080575645,0.1616937,0.09256107,0.14727882,-0.052710213,-0.052314796,0.093315154,0.24210258,0.1165944,0.14935756,-0.063267425,-0.07693058
240,0.0007751089,0.46661723,0.025429962,0.05578976,-0.062468562,0.052241765,0.0267068,0.37769186,0.055141445,0.11408266,-0.063597806,0.026611859,0.057385482,0.16168611,0.06945589,0.13371116,-0.059816405,0.011235576,0.071073174,0.14823052,0.081318304,0.1425354,-0.05476963,-0.016274085,0.08202054,0.16345683,0.09437857,0.1463283,-0.050332185,-0.050733436,0.09514544,0.2439789,0.11911504,0.14827839,-0.06146018,-0.07444882
241,-0.00065151526,0.4669682,0.02463625,0.052987542,-0.058865804,0.052365046,0.025966851,0.37763163,0.054591965,0.111618966,-0.060621608,0.026450694,0.05692877,0.16164076,0.068907015,0.13119231,-0.056988515,0.010948698,0.07058447,0.14845946,0.08061386,0.13989829,-0.052100144,-0.01671531,0.081323646,0.16427259,0.093363054,0.14348587,-0.04824005,-0.05137939,0.094092295,0.24590759,0.11758687,0.1450113,-0.062406056,-0.075250484
242,0.00089378294,0.46780986,0.025484817,0.05347996,-0.06353465,0.053865988,0.026708284,0.37921613,0.055160522,0.114581205,-0.064347446,0.026825245,0.05738504,0.16271095,0.06951938,0.1347865,-0.06021552,0.011138804,0.07113537,0.149118,0.08147255,0.14379461,-0.054644458,-0.016423132,0.08219389,0.16433483,0.09466048,0.14762464,-0.049319427,-0.050739586,0.09548693,0.2451171,0.1196162,0.14964744,-0.058863528,-0.07388517
243,-0.000790647,0.4669381,0.024548808,0.051340245,-0.06406974,0.053747438,0.025726648,0.3780481,0.054318123,0.11346198,-0.064923465,0.026201952,0.056484453,0.1619524,0.06847477,0.13395199,-0.060962334,0.01015247,0.070022926,0.14867915,0.080099635,0.1431035,-0.055763334,-0.017899701,0.08074879,0.16436061,0.09285168,0.146973,-0.051183008,-0.052892473,0.093620904,0.24575941,0.117115416,0.14888932,-0.06174957,-0.076988705
244,-0.0016987012,0.4680058,0.024042236,0.05000787,-0.058714107,0.053689282,0.025340805,0.3788096,0.05419027,0.11230248,-0.06037279,0.026190253,0.05657227,0.16234076,0.068619594,0.13244875,-0.05638061,0.010240531,0.07036224,0.1490529,0.080439165,0.14124346,-0.050931517,-0.017629858,0.0812261,0.16496141,0.093303785,0.14475773,-0.046250228,-0.052323714,0.09414111,0.24702723,0.117692,0.14624096,-0.059627146,-0.07575471
245,-0.00042626204,0.46850184,0.024740327,0.050940324,-0.061720096,0.053988088,0.02598284,0.37961453,0.05458212,0.11513742,-0.06270621,0.0260076,0.056916855,0.16287307,0.06898056,0.13565393,-0.058258176,0.009923691,0.07071896,0.14935622,0.08090557,0.1445926,-0.052137125,-0.017982826,0.08174361,0.16490044,0.09401208,0.14825064,-0.046064347,-0.05260751,0.094960526,0.24635,0.1188402,0.15012453,-0.055720337,-0.07578403
246,-4.461521e-05,0.46897846,0.02494932,0.049806684,-0.06248581,0.054971267,0.02615594,0.3805159,0.054748166,0.11515098,-0.063381515,0.026208732,0.057047557,0.1635233,0.06919483,0.13591088,-0.05892079,0.009962004,0.07090283,0.14989759,0.08123582,0.14494483,-0.052829225,-0.017970538,0.08205254,0.16532601,0.09453084,0.14864129,-0.046807256,-0.05252224,0.095476,0.2466815,0.11967867,0.15055607,-0.056175288,-0.07544222
247,-0.0010858288,0.46765226,0.024366999,0.04738883,-0.06536644,0.05489008,0.025462303,0.37907705,0.05399788,0.11399726,-0.06602024,0.02549065,0.056125082,0.16269228,0.068068095,0.13524614,-0.06184364,0.008796998,0.06959717,0.14946257,0.079647094,0.14460456,-0.056437127,-0.01977104,0.08030065,0.16534528,0.09242293,0.14850272,-0.05159081,-0.05522303,0.09325325,0.24714671,0.1168062,0.15046057,-0.061294496,-0.07948555
248,0.0033069663,0.47144663,0.02677837,0.045706738,-0.057241745,0.058078464,0.028028565,0.38412812,0.05596694,0.1110748,-0.059183408,0.02752715,0.058373127,0.16640097,0.0704639,0.13165665,-0.055186674,0.010994274,0.07221895,0.15291306,0.08268033,0.14052373,-0.04973407,-0.01700325,0.08345612,0.16870931,0.09627191,0.14398834,-0.045157228,-0.051421724,0.09710192,0.2510164,0.122075796,0.1454103,-0.05943983,-0.07374084
249,-0.0034910217,0.47171438,0.02301636,0.045511387,-0.06339204,0.05554105,0.024136197,0.38257787,0.053498458,0.11403054,-0.06404304,0.02587535,0.055728562,0.16478336,0.06802373,0.13555576,-0.059373572,0.00924734,0.0696638,0.15116644,0.07999272,0.14492938,-0.05300464,-0.019054577,0.08074918,0.16708791,0.09308386,0.14872698,-0.046473704,-0.053936876,0.0940161,0.24984345,0.117839076,0.15060231,-0.054904997,-0.07692162
250,-0.002490359,0.4736646,0.023554338,0.04506145,-0.065577604,0.057533175,0.02463341,0.385142,0.054011807,0.11516808,-0.06572815,0.026754381,0.056191254,0.16655204,0.068713374,0.13711716,-0.060742836,0.010011713,0.07032308,0.1525801,0.08101171,0.14671063,-0.053899053,-0.01810576,0.08177422,0.16813429,0.094582535,0.1506803,-0.04635301,-0.052503772,0.09557878,0.25063977,0.12013793,0.15288019,-0.052155152,-0.07448838
