Epoch,Layer0_theta_1,Layer0_r,Layer0_theta_2,Layer0_bx,Layer0_bp,Layer0_gamma,Layer1_theta_1,Layer1_r,Layer1_theta_2,Layer1_bx,Layer1_bp,Layer1_gamma,Layer2_theta_1,Layer2_r,Layer2_theta_2,Layer2_bx,Layer2_bp,Layer2_gamma,Layer3_theta_1,Layer3_r,Layer3_theta_2,Layer3_bx,Layer3_bp,Layer3_gamma,Layer4_theta_1,Layer4_r,Layer4_theta_2,Layer4_bx,Layer4_bp,Layer4_gamma,Layer5_theta_1,Layer5_r,Layer5_theta_2,Layer5_bx,Layer5_bp,Layer5_gamma
1,0.063519165,0.07569363,0.06331829,0.028338682,-0.027272623,0.06647659,0.06330292,0.07488006,0.06351157,0.029934898,-0.0276755,0.06618328,0.06353283,0.06963702,0.06394747,0.03123116,-0.028150525,0.066007115,0.0639599,0.06846785,0.06411514,0.03214279,-0.028753245,0.065964654,0.064116865,0.069012016,0.06400183,0.03270901,-0.029715534,0.0660611,0.06399177,0.07071152,0.06368508,0.033034682,-0.032648295,0.066293426
2,0.038618002,0.14900124,0.037967347,0.021117812,-0.013654351,0.04037668,0.037905395,0.11529667,0.03811669,0.017344357,-0.017489085,0.04024288,0.03809675,0.05089152,0.03910227,0.017202018,-0.020621238,0.04001051,0.039079424,0.047513157,0.03953687,0.019164126,-0.023266288,0.03995939,0.03950879,0.049034018,0.039364655,0.021039335,-0.026224662,0.040107105,0.03933219,0.06189756,0.038762607,0.02230293,-0.03428204,0.040483054
3,0.057848904,0.19934934,0.05439744,0.0043364572,-0.01825023,0.05399478,0.054217182,0.16433041,0.049808905,0.0020141085,-0.023181079,0.054165546,0.049700465,0.06493513,0.050640423,0.006021235,-0.02807354,0.054055065,0.050543707,0.060985584,0.05135963,0.012081061,-0.032438137,0.054103374,0.051275313,0.062474895,0.05189545,0.01665968,-0.03763602,0.05445427,0.05183706,0.081567936,0.053079516,0.019519335,-0.05190395,0.054930635
4,0.046017036,0.23873948,0.047633525,-0.023569282,-0.041770395,0.030110862,0.047268506,0.1884928,0.04571001,-0.016870394,-0.046617415,0.036449067,0.045464955,0.0654523,0.047532983,-0.0015524542,-0.052859128,0.038544267,0.04732918,0.05901293,0.04864975,0.013005011,-0.058671184,0.038817886,0.048495002,0.061930805,0.049032655,0.022503627,-0.06593817,0.037734386,0.0489696,0.0892498,0.049769495,0.028018972,-0.08597447,0.03453531
5,0.05852998,0.26657712,0.056364886,-0.052854907,-0.05636612,0.030574664,0.055818245,0.21495251,0.053806122,-0.043573186,-0.061954416,0.03558346,0.053368915,0.07658346,0.05598558,-0.020084161,-0.069858976,0.038541615,0.05556966,0.06839327,0.0573454,0.0019456883,-0.07747266,0.039354566,0.05697043,0.07171444,0.057891216,0.016139366,-0.08729454,0.038837936,0.05762353,0.103304945,0.0592975,0.023895524,-0.114555396,0.03723224
6,0.055825137,0.2845896,0.055235192,-0.07786007,-0.05964989,0.01656194,0.05441167,0.22751336,0.054146223,-0.07042486,-0.06692696,0.025019592,0.053398773,0.07980687,0.05664269,-0.04238861,-0.0764235,0.029497577,0.055896137,0.07017687,0.05790761,-0.0151590295,-0.08566193,0.03067432,0.05717927,0.07428363,0.05798436,0.0025271405,-0.097780295,0.02969389,0.057337996,0.1099498,0.058655243,0.011748935,-0.13201998,0.026770398
7,0.06006262,0.29573166,0.05837588,-0.09238749,-0.074814685,0.010068676,0.05771716,0.23831806,0.057557683,-0.0824611,-0.08107096,0.021292217,0.056936428,0.08517794,0.06045561,-0.048976846,-0.09113829,0.027559036,0.059766617,0.07486155,0.0620072,-0.017090788,-0.10111667,0.0301717,0.06129983,0.07914938,0.06233722,0.0034982036,-0.11429694,0.03090581,0.0617342,0.116205595,0.06359544,0.014344947,-0.15148774,0.0313268
8,0.056696653,0.30165464,0.056505933,-0.10429549,-0.08485333,-0.0039394354,0.05591986,0.24220069,0.05679329,-0.09381372,-0.09060376,0.013590351,0.05619992,0.086097956,0.059986047,-0.056462202,-0.1012347,0.021976927,0.05926774,0.075301796,0.061589465,-0.020925716,-0.11187446,0.026024792,0.06081836,0.07989958,0.06179342,0.0020169842,-0.12598807,0.02811382,0.061133794,0.11819942,0.06281285,0.014133523,-0.16595241,0.030635023
9,0.059482057,0.30603936,0.05846445,-0.11672109,-0.089347556,-0.010849491,0.05778879,0.24692063,0.058486573,-0.108810775,-0.09552443,0.010691486,0.057738665,0.08861325,0.06153708,-0.068922825,-0.10710322,0.020859092,0.06061241,0.077505626,0.062923916,-0.030113015,-0.11877378,0.026474217,0.06190568,0.08218534,0.06286901,-0.0048645725,-0.13432398,0.030523637,0.061940443,0.120951645,0.06367391,0.008358798,-0.17856976,0.03662896
10,0.059949204,0.30802834,0.058855202,-0.12586352,-0.093382835,-0.018916462,0.058157846,0.24909677,0.058895648,-0.12111363,-0.09992054,0.0074214735,0.058055818,0.08961788,0.061840262,-0.07929323,-0.11236997,0.0195297,0.060767557,0.07837738,0.063014425,-0.037712242,-0.12500153,0.026786054,0.061804906,0.083193585,0.06267671,-0.010428203,-0.14188604,0.032798555,0.061538562,0.12224446,0.06315343,0.003866013,-0.18994257,0.04235365
11,0.05760136,0.30790752,0.057381973,-0.13147181,-0.09932422,-0.028848944,0.056790292,0.249019,0.057927888,-0.12969682,-0.105816245,0.0034122802,0.057115898,0.089197166,0.06090967,-0.08601548,-0.118958846,0.017773353,0.05979912,0.0779688,0.06196351,-0.04189808,-0.13238296,0.026854612,0.060672335,0.08296332,0.06140187,-0.012721654,-0.15032847,0.034949735,0.06017965,0.122126654,0.061541557,0.0027446083,-0.20111126,0.04800534
12,0.05950519,0.30833456,0.05858967,-0.13884929,-0.099838026,-0.034280427,0.057876587,0.2501442,0.058670666,-0.1424526,-0.10728373,0.0019211874,0.05764486,0.08977415,0.061290286,-0.09790585,-0.12147388,0.018057946,0.05991896,0.07855407,0.061908036,-0.05148171,-0.13599624,0.02866341,0.06031449,0.0837103,0.060856137,-0.020410784,-0.15538761,0.038611855,0.059299227,0.12294546,0.060423113,-0.003924779,-0.21009056,0.05496669
13,0.058425315,0.3070421,0.057839476,-0.14174876,-0.103215516,-0.041290544,0.05720491,0.24939242,0.058116224,-0.14954911,-0.11098766,-0.00038120273,0.057092812,0.0891457,0.060669277,-0.104071,-0.12588125,0.017670527,0.05924436,0.07805954,0.06109845,-0.055731673,-0.14115992,0.029802017,0.059410986,0.083414964,0.05977945,-0.023080988,-0.16149741,0.041459054,0.058121886,0.12260718,0.058991652,-0.0055459943,-0.21846119,0.060669947
14,0.057678528,0.30552933,0.057283603,-0.14463544,-0.103507765,-0.04734977,0.05660249,0.2483637,0.057595156,-0.15720208,-0.1120493,-0.002351353,0.056445286,0.08825043,0.059945416,-0.11135202,-0.12764764,0.01733893,0.058359306,0.077223286,0.06006397,-0.061465688,-0.14357734,0.030711954,0.058188286,0.08272852,0.058347527,-0.027464688,-0.16461474,0.04366633,0.056487072,0.12189335,0.057007745,-0.00908522,-0.2232268,0.06489481
15,0.05829448,0.30389553,0.057573996,-0.14645204,-0.10427106,-0.051465753,0.056888245,0.24728014,0.057685427,-0.16437769,-0.1135718,-0.0030559804,0.05644323,0.08748559,0.059792012,-0.1182306,-0.12990148,0.018176485,0.05807168,0.076675184,0.05957424,-0.06675007,-0.14652833,0.032730307,0.05753329,0.082438335,0.057461876,-0.03130647,-0.16830383,0.04698346,0.055424586,0.12154141,0.05564999,-0.011957707,-0.22850713,0.07040605
16,0.057828102,0.30132926,0.057136342,-0.14612004,-0.10636411,-0.0559524,0.056543864,0.24512328,0.057309628,-0.16945882,-0.11622676,-0.003799775,0.056075994,0.08603869,0.05929013,-0.122961484,-0.13317478,0.019071622,0.057529174,0.07556855,0.05882467,-0.06992047,-0.15037802,0.034810808,0.056711067,0.08167333,0.056393523,-0.033048138,-0.17268662,0.05030789,0.05428532,0.12068464,0.054197736,-0.012631255,-0.23377223,0.07580226
17,0.058801644,0.29965523,0.057657838,-0.14796105,-0.104385726,-0.058768373,0.056946967,0.24373841,0.057499558,-0.17699458,-0.115354985,-0.0040530576,0.056051604,0.08496583,0.059117284,-0.13065529,-0.13298507,0.019982973,0.05712089,0.07465207,0.05820708,-0.07634419,-0.15073615,0.03652239,0.055842783,0.080993466,0.05526583,-0.03823991,-0.17346542,0.05280269,0.052891966,0.11999186,0.05243492,-0.017041253,-0.23530461,0.079521835
18,0.057551373,0.29713905,0.056718122,-0.14680643,-0.106765606,-0.06332515,0.05613052,0.24185793,0.056877986,-0.17961828,-0.118050896,-0.0053072255,0.055509683,0.083675705,0.058540598,-0.13298905,-0.13609916,0.020088041,0.056582127,0.07357258,0.05756374,-0.07755442,-0.15423872,0.03760167,0.055207945,0.08012364,0.054484706,-0.038398582,-0.17727077,0.054827705,0.052124307,0.11897417,0.051468037,-0.01634671,-0.23942652,0.08295146
19,0.05794209,0.29552242,0.056878757,-0.14802827,-0.10543326,-0.06626318,0.056211416,0.2406534,0.056916945,-0.18531002,-0.11756227,-0.0059307995,0.055389307,0.0826945,0.058346067,-0.1388092,-0.13613743,0.020466987,0.056208942,0.07265921,0.05705442,-0.08235294,-0.15468866,0.038671557,0.054506745,0.07936239,0.053593915,-0.042177945,-0.17795172,0.056521468,0.051032074,0.118159115,0.050089266,-0.019433655,-0.240299,0.08549264
20,0.05831707,0.29384294,0.057025127,-0.14841859,-0.105409406,-0.06886187,0.056349736,0.23941122,0.057020895,-0.18985815,-0.11817839,-0.0063377544,0.055420876,0.081758924,0.058310334,-0.14337374,-0.1372432,0.021055738,0.05607306,0.071857795,0.056793205,-0.085882545,-0.15622126,0.0399651,0.054125454,0.078758605,0.053045373,-0.044673186,-0.17976734,0.058476187,0.05035844,0.11749128,0.049194764,-0.021167057,-0.24238805,0.08840771
21,0.05791612,0.2920178,0.05666508,-0.14803258,-0.106332816,-0.071474925,0.05603693,0.23793045,0.05683092,-0.1929261,-0.119516246,-0.0068650357,0.05523235,0.0806639,0.058100116,-0.14637186,-0.1389707,0.02144033,0.05583432,0.070905514,0.056468107,-0.087963335,-0.15831506,0.040993992,0.053750444,0.078002654,0.052538615,-0.045834035,-0.18209486,0.060107674,0.049801975,0.116668664,0.0484588,-0.021597104,-0.24483165,0.09090484
22,0.058036182,0.29063976,0.056667354,-0.14871773,-0.10599059,-0.07347552,0.056011148,0.23683068,0.056864165,-0.19693398,-0.11971449,-0.007244716,0.05518162,0.079770066,0.058025822,-0.15043063,-0.1395719,0.021784894,0.055655386,0.07007571,0.056206707,-0.09118737,-0.15927696,0.04185361,0.05336997,0.077319235,0.052028395,-0.048196785,-0.18325785,0.061434105,0.049168326,0.11593701,0.04763553,-0.023320608,-0.24605237,0.09285685
23,0.058088474,0.28935763,0.056630854,-0.14949125,-0.10622787,-0.07550312,0.05596946,0.23593935,0.056913685,-0.20061506,-0.12037062,-0.007715483,0.055181354,0.07903307,0.05802001,-0.15408507,-0.14062184,0.022010101,0.055575635,0.06938565,0.05606537,-0.09401289,-0.16072154,0.04260653,0.053135652,0.076757565,0.051689938,-0.05016593,-0.18497343,0.06268833,0.048731703,0.11530893,0.047052182,-0.02463118,-0.24797776,0.09479494
24,0.058020182,0.2883301,0.056530338,-0.15036304,-0.1068793,-0.07725958,0.05587945,0.23528232,0.056946464,-0.20362599,-0.12128522,-0.008212846,0.055195346,0.07846934,0.058047786,-0.15701108,-0.14187567,0.022084797,0.055560775,0.06884637,0.05601387,-0.09622078,-0.1623488,0.043155257,0.053020913,0.07632055,0.05150097,-0.051622573,-0.18688037,0.063706495,0.04847396,0.114812,0.046690475,-0.025486538,-0.25014114,0.0964464
25,0.05747281,0.28725561,0.056114614,-0.1509325,-0.10771114,-0.07896029,0.05548813,0.23447186,0.05677371,-0.2058589,-0.12228642,-0.008782385,0.05502808,0.07778831,0.05792148,-0.15914431,-0.14314596,0.02199999,0.05541839,0.06817844,0.05585821,-0.09775657,-0.16392939,0.043482,0.052830413,0.0757398,0.05125523,-0.05252103,-0.18866864,0.06443592,0.048190176,0.114178106,0.04631446,-0.025850613,-0.25202653,0.09768435
26,0.057693206,0.28683427,0.056236073,-0.15288657,-0.10762204,-0.07989021,0.05556738,0.23420976,0.056953255,-0.2092383,-0.12243012,-0.009120148,0.055135977,0.07744019,0.05805343,-0.16248585,-0.14359707,0.021966895,0.05546233,0.06778408,0.05587954,-0.10052432,-0.16473626,0.043771368,0.052747525,0.07541008,0.05110845,-0.054650746,-0.18972409,0.065064855,0.04792917,0.11384726,0.04594923,-0.027475236,-0.25327012,0.098723225
27,0.05690053,0.28593746,0.055669505,-0.1534298,-0.10875885,-0.08103077,0.055039965,0.23331837,0.056697555,-0.21078914,-0.12358583,-0.009541711,0.054912943,0.07670048,0.05788839,-0.16389322,-0.14495297,0.021859603,0.05530923,0.067072466,0.05572739,-0.101448886,-0.16636655,0.043978166,0.05258811,0.07480836,0.05090529,-0.05503547,-0.19153115,0.065597035,0.047716055,0.11325026,0.04565693,-0.027368098,-0.25510454,0.09965753
28,0.057230074,0.2851711,0.055847026,-0.15457347,-0.10862993,-0.08127939,0.05518852,0.23230739,0.056927707,-0.21418779,-0.12376149,-0.009264049,0.05507005,0.07584155,0.058049228,-0.16730785,-0.14544101,0.022447344,0.055378143,0.066292465,0.05573947,-0.10419655,-0.16721839,0.04483203,0.052494533,0.07423084,0.050705884,-0.057032213,-0.19260064,0.066714086,0.047406994,0.11274007,0.045204375,-0.02876062,-0.25619745,0.10114477
29,0.056741852,0.28446645,0.055488948,-0.15549618,-0.109174274,-0.081769414,0.05483666,0.23136453,0.05681602,-0.21626806,-0.12439276,-0.00935014,0.05494786,0.07502296,0.057979953,-0.16932006,-0.14628734,0.022570495,0.055280786,0.06549972,0.05563376,-0.1057338,-0.16835727,0.045190614,0.052344956,0.07357637,0.05049605,-0.058009584,-0.19390823,0.0673191,0.0471493,0.112145446,0.044841055,-0.029240109,-0.25746948,0.10203997
30,0.05596906,0.2841688,0.054964844,-0.15720473,-0.10958004,-0.082474515,0.054296546,0.2309371,0.0565933,-0.21818504,-0.12478502,-0.009852837,0.054703478,0.074503385,0.05782542,-0.171145,-0.14685157,0.0221498,0.055091765,0.06487514,0.055477526,-0.10723805,-0.1691801,0.044977915,0.052139312,0.07297251,0.05026742,-0.059097223,-0.19486442,0.06734519,0.046863448,0.11158363,0.044468205,-0.029930951,-0.2583288,0.102249935
31,0.05611002,0.28403732,0.055053473,-0.15873462,-0.11015169,-0.08196122,0.054379284,0.23031555,0.056802213,-0.2205247,-0.12537105,-0.009486059,0.054891,0.07391675,0.058044452,-0.17339414,-0.1476574,0.022569073,0.0552711,0.064339586,0.055634215,-0.109019,-0.17032172,0.045552563,0.052238844,0.07262566,0.05029803,-0.060308684,-0.19625743,0.06811914,0.046830375,0.11138561,0.044339657,-0.030629504,-0.25988647,0.10330788
32,0.05563692,0.284041,0.054743562,-0.16038951,-0.11137743,-0.08204233,0.054094683,0.23005311,0.056768738,-0.22202544,-0.12643656,-0.009660927,0.054891583,0.07356777,0.058119737,-0.17471217,-0.14889252,0.022417292,0.055360883,0.063952155,0.055746816,-0.109999165,-0.17187107,0.04560092,0.052342784,0.07233156,0.050377686,-0.060849003,-0.19806358,0.0684362,0.046891317,0.111207925,0.044344336,-0.03071812,-0.26190388,0.10392803
33,0.054755032,0.28390726,0.05415601,-0.16206703,-0.11218731,-0.0824094,0.053509917,0.22962575,0.0565239,-0.22335795,-0.12710632,-0.010080053,0.054657176,0.07305704,0.057983134,-0.17589854,-0.14968725,0.021996168,0.055220723,0.063350186,0.055646848,-0.11093441,-0.1728984,0.04535797,0.05222162,0.071772106,0.05024027,-0.061424885,-0.19921002,0.06841054,0.046724588,0.11074574,0.044102225,-0.030909192,-0.26294973,0.10404804
34,0.054421604,0.28396228,0.053939823,-0.16446742,-0.111865915,-0.0823916,0.053228434,0.22929065,0.056491446,-0.2257879,-0.12681381,-0.010295722,0.05454478,0.07256471,0.05794717,-0.1782896,-0.14955609,0.021725634,0.055097584,0.0627363,0.05554451,-0.11304487,-0.17299539,0.045212302,0.05202273,0.07118897,0.050003514,-0.06313499,-0.19937405,0.068406835,0.04638328,0.11026374,0.04365073,-0.032252327,-0.26287818,0.10406564
35,0.053707235,0.28383124,0.05346155,-0.16625562,-0.113480315,-0.0830348,0.052790154,0.22916318,0.05635771,-0.22713582,-0.12821506,-0.010833371,0.054470558,0.072323784,0.057964474,-0.17937766,-0.15113561,0.021285467,0.055153172,0.062417988,0.055641633,-0.11377435,-0.17490023,0.045077145,0.0521315,0.070905715,0.050110545,-0.06340799,-0.2015433,0.068642914,0.046492066,0.110015936,0.0437322,-0.032053977,-0.26528245,0.10469179
36,0.05375868,0.2840411,0.053507,-0.16913535,-0.11305665,-0.082805306,0.05275184,0.22900467,0.056506388,-0.23009855,-0.12783565,-0.010945673,0.05451678,0.07195561,0.05807458,-0.18228452,-0.15095349,0.021102132,0.055152893,0.061923623,0.055652812,-0.11633922,-0.17499523,0.045033958,0.052021902,0.07044436,0.04995708,-0.06550492,-0.2017569,0.06877258,0.046208546,0.10964902,0.043341402,-0.033735853,-0.26534572,0.10489531
37,0.05296783,0.28398636,0.052981623,-0.17106964,-0.11426604,-0.08304922,0.052245826,0.22870769,0.056324385,-0.23143473,-0.12883231,-0.011357312,0.054369394,0.07156729,0.05802257,-0.1833949,-0.15209177,0.02067317,0.055118736,0.061453518,0.05566031,-0.117163874,-0.17641021,0.04483234,0.052025244,0.070015736,0.04995253,-0.06593098,-0.20335446,0.06885889,0.046190754,0.10929441,0.04327468,-0.03373593,-0.26698852,0.10522888
38,0.05275588,0.28410417,0.05284794,-0.17274544,-0.11591891,-0.08243762,0.05215868,0.22836691,0.056427736,-0.23278396,-0.1302329,-0.011176449,0.054533914,0.071216315,0.058243625,-0.1844846,-0.15365969,0.02080098,0.05537869,0.06113783,0.05592844,-0.1178882,-0.1783233,0.045157604,0.052305892,0.069861226,0.05020147,-0.066174105,-0.20557359,0.06947049,0.046443418,0.1092885,0.043489233,-0.033476565,-0.26953274,0.106207564
39,0.052364446,0.2841192,0.05259003,-0.17507148,-0.11537778,-0.08177493,0.05182232,0.22763124,0.05636022,-0.23509802,-0.12970997,-0.011068866,0.05437028,0.07042964,0.058157142,-0.18677464,-0.15326037,0.020737791,0.05519209,0.060266566,0.055757362,-0.11993567,-0.17810977,0.045138452,0.05203028,0.0690676,0.049877696,-0.06783955,-0.20534632,0.06950353,0.046011657,0.108638,0.042931106,-0.0347843,-0.26886928,0.10613345
40,0.051827904,0.28428072,0.05224309,-0.17637959,-0.11885777,-0.08122874,0.051626254,0.22747116,0.0563992,-0.23531458,-0.13265893,-0.010987919,0.054608867,0.070305064,0.058465336,-0.18652372,-0.15637983,0.020809392,0.055664957,0.060241308,0.056255274,-0.119291246,-0.18166679,0.04551653,0.05264997,0.06924367,0.050494604,-0.0666971,-0.20941621,0.07033309,0.046738308,0.10896479,0.043692823,-0.03306182,-0.27376038,0.10763471
41,0.051254336,0.2846017,0.051878862,-0.17962323,-0.11734676,-0.081528,0.05111205,0.22744974,0.05621616,-0.23790404,-0.13123606,-0.011710696,0.054259226,0.06991333,0.05822722,-0.18916698,-0.15504928,0.019909143,0.055267047,0.059529696,0.055915296,-0.12186606,-0.18042019,0.044726957,0.052152067,0.06837417,0.049984597,-0.06904885,-0.2079756,0.06962882,0.04606249,0.10813931,0.04287974,-0.035199903,-0.27153543,0.10662646
42,0.0499998,0.28425017,0.051031794,-0.1805186,-0.119010694,-0.08185212,0.050333876,0.22672294,0.05584312,-0.23824893,-0.13264433,-0.012070861,0.053977184,0.06923287,0.05805505,-0.18930288,-0.15654777,0.019597916,0.05516684,0.05880054,0.055864807,-0.12178345,-0.18213707,0.04469253,0.05215049,0.06772038,0.04997697,-0.068609424,-0.20979515,0.06988633,0.046099223,0.107594475,0.042863738,-0.03433346,-0.27324477,0.10707825
43,0.050552785,0.2848974,0.051432014,-0.18348959,-0.11908671,-0.08061374,0.050673045,0.22667621,0.056260742,-0.24089916,-0.1326417,-0.011701637,0.054325745,0.068983346,0.058441628,-0.19183633,-0.15672794,0.019799232,0.055472746,0.05849426,0.05616154,-0.12398911,-0.18261367,0.045035668,0.052350685,0.06753764,0.050116293,-0.0703277,-0.21043842,0.07040847,0.04613206,0.10762775,0.04279442,-0.03558338,-0.2738885,0.10769686
44,0.04986044,0.28501,0.05097948,-0.1859955,-0.1190213,-0.08069766,0.0501596,0.22637495,0.05607023,-0.24268252,-0.13249128,-0.012183775,0.05407674,0.068504885,0.058291066,-0.19350816,-0.15667456,0.019200772,0.055258818,0.057838917,0.055992074,-0.12549,-0.18271488,0.044612896,0.052108143,0.0668478,0.04985934,-0.07151561,-0.21049573,0.07016289,0.04579619,0.10701765,0.04236452,-0.036442045,-0.27351823,0.10739348
45,0.048675995,0.28475812,0.05018399,-0.18702255,-0.12205764,-0.08104185,0.049510267,0.22593763,0.055791724,-0.24262035,-0.13508871,-0.012602518,0.05398924,0.068133414,0.05830471,-0.19303787,-0.15940413,0.018885186,0.055433106,0.057488058,0.0562146,-0.12470492,-0.18577647,0.044694252,0.052453037,0.06661659,0.050212674,-0.070292294,-0.21386465,0.07070821,0.04626245,0.10688247,0.042842425,-0.034690883,-0.27725077,0.10844556
46,0.049088735,0.2854685,0.050494015,-0.1901936,-0.11985041,-0.07936941,0.049625076,0.22544807,0.056041695,-0.24558672,-0.13302466,-0.012133848,0.05401007,0.067402445,0.058379143,-0.19616646,-0.15740195,0.018978022,0.05528871,0.05657411,0.056067877,-0.12776662,-0.18382134,0.04470694,0.05209687,0.06574514,0.04977757,-0.07308984,-0.21167,0.070578195,0.045614745,0.10630009,0.04199078,-0.03724067,-0.27422744,0.1077864
47,0.047676567,0.2852069,0.04954564,-0.19125064,-0.12185681,-0.0800973,0.04876781,0.22496581,0.055623997,-0.24551499,-0.13471553,-0.012845131,0.05372007,0.06689457,0.058212318,-0.19583954,-0.15917031,0.018376593,0.055228516,0.05596266,0.056072887,-0.12727512,-0.18578672,0.044503815,0.052179515,0.06515274,0.04986926,-0.07227618,-0.21370426,0.07076323,0.045775723,0.10581371,0.0421107,-0.036000963,-0.27613103,0.108185336
48,0.048144,0.28595692,0.049893793,-0.19417997,-0.12285977,-0.07938793,0.04910813,0.22532825,0.05605473,-0.24754053,-0.13551672,-0.012864558,0.054156862,0.06697228,0.058697022,-0.1976479,-0.16016278,0.018319273,0.05570099,0.055948187,0.056552503,-0.12876447,-0.18710195,0.04478777,0.052619576,0.06521316,0.050269634,-0.07326686,-0.21523371,0.071411185,0.046122476,0.10606761,0.042390384,-0.036471143,-0.27781183,0.109086536
49,0.047798377,0.28622502,0.04967912,-0.19716941,-0.12179525,-0.07960449,0.04876145,0.22520244,0.055993695,-0.24988145,-0.13450907,-0.013480708,0.053956293,0.06653889,0.0585927,-0.20000407,-0.15925367,0.017633501,0.05545997,0.05523251,0.05635526,-0.13099782,-0.18628085,0.044331864,0.052283566,0.06438139,0.04991094,-0.07519555,-0.21422869,0.07110517,0.045621056,0.10531715,0.041755192,-0.03810159,-0.27614313,0.108530484
50,0.047313254,0.2863326,0.049365886,-0.19818541,-0.1254593,-0.07885341,0.04864371,0.22476164,0.056110602,-0.24986145,-0.1376721,-0.01319202,0.05431325,0.06620483,0.05901683,-0.19953929,-0.1625858,0.018029138,0.056083642,0.055034194,0.056992132,-0.13013054,-0.1900334,0.04517485,0.05307123,0.06447479,0.050668634,-0.07375027,-0.21840824,0.072448745,0.04651675,0.10569299,0.042649616,-0.035974044,-0.28088343,0.11047761
51,0.046276737,0.28697303,0.04870521,-0.20151009,-0.12370505,-0.079324365,0.04780319,0.22495168,0.055702835,-0.2515363,-0.13592544,-0.014352089,0.053729344,0.065882124,0.058579084,-0.20128512,-0.16081762,0.01659153,0.0554856,0.054237038,0.056488745,-0.13206176,-0.18818551,0.04387614,0.052414853,0.0633648,0.050030004,-0.0756803,-0.2161543,0.07121156,0.04571957,0.104648076,0.041700486,-0.03783432,-0.27760398,0.10868862
52,0.045827884,0.28733292,0.0484262,-0.20240879,-0.12592264,-0.077841505,0.047641166,0.22430217,0.055789895,-0.25152463,-0.13777706,-0.013732805,0.05395947,0.06527832,0.05888574,-0.20105658,-0.16275057,0.017123839,0.05590862,0.053686615,0.056930944,-0.13165362,-0.19038539,0.044670325,0.05294163,0.06306943,0.050515458,-0.07487849,-0.21855089,0.07227001,0.04628114,0.10473202,0.042192616,-0.03651435,-0.28010187,0.109928705
53,0.044936698,0.287598,0.047846086,-0.20469174,-0.1268902,-0.07801011,0.047070395,0.22420569,0.055578902,-0.25241235,-0.13851269,-0.014373093,0.053782724,0.06497752,0.05882181,-0.20172773,-0.16356897,0.016438188,0.055866994,0.053196102,0.056950193,-0.13219848,-0.19137394,0.044325743,0.05296218,0.06253186,0.05053983,-0.07512115,-0.219535,0.07224951,0.04629779,0.104311734,0.042144623,-0.03637817,-0.28081715,0.109965794
54,0.04517401,0.28809294,0.048027962,-0.20787278,-0.12701403,-0.07720481,0.047185455,0.22408676,0.055846434,-0.25474736,-0.13853979,-0.014385018,0.053988785,0.06466284,0.05908667,-0.20388913,-0.16374858,0.016332136,0.0560614,0.052765556,0.05715493,-0.13407515,-0.19178253,0.04448962,0.053080585,0.062164824,0.050613865,-0.07652599,-0.21999069,0.07264641,0.046278592,0.10413148,0.04202828,-0.03731449,-0.28108278,0.11038349
55,0.044904936,0.28800052,0.04784618,-0.21053103,-0.12652627,-0.07709544,0.046909153,0.2234665,0.055828873,-0.25697222,-0.13808185,-0.014666869,0.05387385,0.06395998,0.05904981,-0.20603946,-0.1634129,0.016060282,0.055924416,0.051908527,0.057040676,-0.13597822,-0.19158134,0.04449553,0.052859817,0.06131662,0.050356597,-0.07799551,-0.2196762,0.07282053,0.04591543,0.10338991,0.041552052,-0.03838123,-0.2802768,0.110420756
56,0.04406016,0.28755584,0.047264352,-0.21236153,-0.12828939,-0.077841766,0.046398614,0.22295071,0.05565291,-0.25798455,-0.13964762,-0.015316857,0.053794395,0.06348062,0.059062105,-0.20673867,-0.16514862,0.015664132,0.056010734,0.051369905,0.057164744,-0.13631223,-0.19359037,0.044626106,0.053027596,0.060832154,0.050517023,-0.07779586,-0.22180188,0.0734141,0.046113007,0.10294732,0.04172249,-0.037633497,-0.28234512,0.111337334
57,0.044610877,0.2880984,0.047656007,-0.21604571,-0.12808725,-0.07722958,0.04668738,0.22306179,0.056037053,-0.26091924,-0.13941336,-0.01545967,0.05407755,0.06333074,0.05939213,-0.2094826,-0.16510211,0.01547063,0.05623337,0.051072087,0.05739216,-0.13870724,-0.19379261,0.044745427,0.05313379,0.060552917,0.050580114,-0.07966181,-0.22206181,0.07379475,0.046049066,0.10278944,0.04156964,-0.039013922,-0.28243786,0.11176366
58,0.04374391,0.2878334,0.047066383,-0.21837445,-0.1287168,-0.07768436,0.04608278,0.2225106,0.05578723,-0.26234448,-0.13992122,-0.016127603,0.05382832,0.06273858,0.05924305,-0.21067822,-0.1657279,0.014882482,0.056075092,0.050331865,0.057280067,-0.13964821,-0.19459052,0.044546824,0.052996207,0.059787676,0.050438255,-0.08017929,-0.22282028,0.07390562,0.04587986,0.10205957,0.041341297,-0.039104793,-0.28285465,0.111930765
59,0.042846266,0.28732824,0.046446163,-0.21984407,-0.13004653,-0.07748741,0.045517,0.22141308,0.055567235,-0.26319537,-0.14107618,-0.016202692,0.05367839,0.06181917,0.05918177,-0.21128596,-0.16699903,0.014909442,0.056065936,0.04941029,0.0572993,-0.13995898,-0.19607802,0.044934873,0.053045735,0.05901573,0.05046405,-0.08000798,-0.2243613,0.07456508,0.045935508,0.10144043,0.041343037,-0.038434424,-0.2842239,0.11271214
60,0.042523336,0.28774565,0.046247825,-0.22330806,-0.13039093,-0.07735353,0.045257993,0.2214633,0.055567756,-0.26525995,-0.1412659,-0.01681023,0.053636655,0.061624188,0.05922733,-0.21305841,-0.16732141,0.0142081175,0.056062967,0.049013596,0.057337586,-0.14148386,-0.19660252,0.044584688,0.053019002,0.058550626,0.05043054,-0.08111374,-0.22487962,0.07453065,0.045830518,0.10103892,0.041175768,-0.039115254,-0.28447953,0.11272433
61,0.042744525,0.28840393,0.046422545,-0.22678901,-0.13064359,-0.076200224,0.04536292,0.22140452,0.055823013,-0.26756054,-0.141363,-0.016776374,0.05383394,0.06135794,0.059484508,-0.21508867,-0.16755493,0.014055137,0.056254987,0.048624836,0.05754505,-0.14323641,-0.19706663,0.044684812,0.05314589,0.058216024,0.050523456,-0.08240541,-0.22540589,0.0748515,0.045837764,0.100893244,0.04110472,-0.039945975,-0.28486794,0.113061905
62,0.042195063,0.2883359,0.046053294,-0.22918752,-0.13129799,-0.0759104,0.044979673,0.22077958,0.05572917,-0.26901698,-0.14186577,-0.017050503,0.05374006,0.060723197,0.059474323,-0.2162989,-0.16816945,0.013782525,0.056234654,0.047889274,0.057556055,-0.1441963,-0.19786829,0.044767316,0.05312994,0.057529278,0.05048781,-0.08292289,-0.22620001,0.07519763,0.04577359,0.10033675,0.0409731,-0.0400104,-0.28539786,0.11343399
63,0.040788583,0.28792474,0.04509671,-0.23103435,-0.1328026,-0.07644811,0.044085458,0.22006421,0.055280324,-0.26953056,-0.14312303,-0.017826337,0.0533824,0.06006263,0.059235457,-0.21648203,-0.16952099,0.01310421,0.056071714,0.04710675,0.057455245,-0.14417368,-0.19940585,0.044554148,0.05308065,0.05673108,0.050452404,-0.08251299,-0.22773315,0.07536755,0.04578504,0.09958537,0.040954757,-0.039163332,-0.28667998,0.11374442
64,0.041053087,0.28809363,0.045281857,-0.23429976,-0.13227035,-0.07587372,0.044150546,0.2196068,0.055520073,-0.2722066,-0.14261289,-0.017919404,0.0535025,0.059471507,0.059418403,-0.21903385,-0.16916093,0.0130291805,0.056132454,0.046350636,0.057527952,-0.14642805,-0.19922686,0.044826888,0.05302305,0.05600322,0.050349385,-0.08424061,-0.22749178,0.075832605,0.045553584,0.09902113,0.0406101,-0.04040607,-0.2860566,0.11407717
65,0.0409908,0.28867024,0.045264926,-0.23676293,-0.13564378,-0.076277904,0.044319272,0.22045843,0.05584471,-0.27292386,-0.14557806,-0.018617291,0.05405766,0.060071725,0.060040213,-0.21921465,-0.17238565,0.012632971,0.05694627,0.046886396,0.058375765,-0.14620839,-0.20293358,0.04521847,0.054005392,0.05657084,0.05133561,-0.08340433,-0.23163018,0.077006385,0.046648253,0.099680796,0.041738816,-0.038872268,-0.29075143,0.11596052
66,0.040302075,0.2889446,0.044816118,-0.23848446,-0.13384208,-0.07534723,0.043696694,0.21949951,0.055616055,-0.27398303,-0.14387581,-0.018560447,0.0536541,0.058903094,0.059763134,-0.22051491,-0.17061861,0.01250914,0.05650868,0.045335945,0.058003,-0.14771402,-0.20103931,0.04520813,0.053485636,0.054898195,0.050796416,-0.084834896,-0.22931087,0.076855995,0.04597269,0.09833919,0.040868383,-0.040157173,-0.28750756,0.11501884
67,0.039134927,0.28927302,0.044046,-0.24037202,-0.13435139,-0.07536089,0.042920258,0.21924697,0.055281524,-0.27424055,-0.1442109,-0.019211248,0.053341974,0.0584111,0.059589934,-0.22064665,-0.17096964,0.01183834,0.0563532,0.04451918,0.057932083,-0.1479129,-0.20144704,0.044939674,0.053417534,0.053922147,0.050749302,-0.08486001,-0.22955534,0.07684206,0.04592357,0.097548164,0.040730573,-0.0398974,-0.28730413,0.11478212
68,0.038998026,0.29017758,0.043989725,-0.24348943,-0.13521032,-0.07463207,0.042851564,0.21961133,0.055434532,-0.2755416,-0.14483929,-0.01955306,0.053511698,0.058439765,0.059848513,-0.22164083,-0.17170456,0.01140049,0.056618962,0.044323392,0.058245532,-0.1487718,-0.20238635,0.04490866,0.053715266,0.05366472,0.051044233,-0.08536828,-0.23053758,0.0771475,0.046192013,0.09749233,0.04093709,-0.03998511,-0.28818145,0.11511469
69,0.039458506,0.2908293,0.044324383,-0.24685591,-0.13571455,-0.073633105,0.043137982,0.21963017,0.055836745,-0.2777614,-0.14521325,-0.01952487,0.05388085,0.058238886,0.06027423,-0.22358765,-0.17224346,0.011420767,0.05700073,0.04398634,0.058640987,-0.1504168,-0.2031886,0.045350153,0.054045767,0.053393696,0.051336706,-0.08646404,-0.23142965,0.07789194,0.046414316,0.09746253,0.041078676,-0.040526066,-0.289005,0.11589844
70,0.037655167,0.2909935,0.04312135,-0.24917443,-0.13756445,-0.07491522,0.042026207,0.21994606,0.055214927,-0.2775801,-0.14671674,-0.02116675,0.05339945,0.05834183,0.059934918,-0.2229154,-0.17380232,0.00982402,0.056790587,0.043813035,0.058531594,-0.14969835,-0.20487949,0.044299617,0.05403662,0.0529447,0.051396735,-0.08557627,-0.23306826,0.0773625,0.04655936,0.09691273,0.041245997,-0.039368667,-0.2904136,0.11559025
71,0.037429694,0.29110488,0.04297595,-0.2521412,-0.13700819,-0.07452837,0.04176287,0.21936704,0.055201825,-0.2795539,-0.14614375,-0.021507498,0.053280298,0.057659674,0.059896145,-0.22473052,-0.17330737,0.009452861,0.056649085,0.04291982,0.05842132,-0.15135331,-0.20447268,0.044250675,0.053819515,0.052011263,0.051156875,-0.08684769,-0.23250285,0.07745694,0.046217132,0.096142165,0.040799506,-0.040265538,-0.28939795,0.115441106
72,0.038119834,0.29150337,0.043456655,-0.25505605,-0.13628517,-0.0726058,0.042108864,0.21852566,0.055635303,-0.28202343,-0.14542548,-0.020779146,0.0535766,0.056762118,0.060235888,-0.22712663,-0.17268527,0.010069141,0.05685141,0.041920204,0.05861737,-0.15352611,-0.20399703,0.045088798,0.05387485,0.051195707,0.051141996,-0.088512085,-0.23197645,0.07830713,0.046070114,0.095732674,0.04050866,-0.04143939,-0.28858835,0.115971364
73,0.037193228,0.29107934,0.04282196,-0.25632453,-0.13917696,-0.07341267,0.041678883,0.21814841,0.055512752,-0.28204834,-0.148032,-0.021455986,0.05368752,0.05650552,0.0604323,-0.22672142,-0.17548089,0.009825891,0.057247307,0.04166208,0.059052706,-0.15279257,-0.20713511,0.045598738,0.054463066,0.051030748,0.051733147,-0.08720668,-0.23532224,0.07942846,0.04679944,0.09566422,0.041253507,-0.03951271,-0.29206887,0.11755178
74,0.036388982,0.2912053,0.042287756,-0.25907513,-0.13929804,-0.074820474,0.041089777,0.21837594,0.05526413,-0.2832002,-0.14809321,-0.022975305,0.05341449,0.056453813,0.060267717,-0.22764628,-0.1756377,0.0085327225,0.057058997,0.041254494,0.058933467,-0.15364279,-0.20737228,0.044911366,0.05430579,0.050310794,0.05160448,-0.08777017,-0.23536116,0.07915794,0.046627905,0.094886184,0.04102392,-0.0397629,-0.29164764,0.11720824
75,0.03768379,0.29227334,0.04320268,-0.2633079,-0.1368812,-0.07412888,0.041689206,0.21874985,0.055859033,-0.2866225,-0.14585422,-0.02329576,0.05370272,0.056312103,0.06059521,-0.23111433,-0.17349191,0.008145972,0.05710154,0.040711008,0.058985397,-0.15703227,-0.20525481,0.044829126,0.05408463,0.04956467,0.05133637,-0.09080417,-0.232991,0.079131275,0.046096575,0.0943569,0.04031382,-0.042469703,-0.2887621,0.11665102
76,0.036936082,0.29128674,0.042671815,-0.26357478,-0.13773653,-0.073793866,0.04122916,0.21688786,0.05571502,-0.28681675,-0.14664724,-0.022940269,0.053628873,0.054830037,0.06059978,-0.23130305,-0.17434557,0.008842811,0.05715742,0.039237887,0.05905872,-0.15707384,-0.2062316,0.04598647,0.05419055,0.048356056,0.051398404,-0.09036655,-0.23391202,0.08043865,0.04619846,0.09353936,0.040316556,-0.041521963,-0.2894101,0.11778712
77,0.03470552,0.29062432,0.041149,-0.26444137,-0.14080752,-0.07545366,0.03995912,0.21633427,0.054961592,-0.2855174,-0.14933139,-0.024420332,0.05317166,0.054470666,0.060268875,-0.22945876,-0.17709953,0.0077071986,0.057094708,0.038801152,0.05907192,-0.1551233,-0.20916247,0.045578428,0.05442614,0.047840115,0.05167766,-0.08812938,-0.23683265,0.080633335,0.046679307,0.09303662,0.040827047,-0.03888444,-0.2921812,0.11833452
78,0.036038116,0.29189464,0.0421016,-0.26963845,-0.13976271,-0.07477294,0.040688124,0.2170255,0.055640016,-0.28904474,-0.14827234,-0.02496037,0.05365033,0.054696828,0.060772758,-0.23264623,-0.17619269,0.0071031153,0.05740844,0.03875739,0.059383586,-0.15803446,-0.20841837,0.045402292,0.054540273,0.047687158,0.05174282,-0.09052575,-0.23600155,0.08070428,0.046545774,0.09309983,0.040568203,-0.040794138,-0.29109752,0.11822529
79,0.0369824,0.29141608,0.04273752,-0.2717493,-0.13826744,-0.072940424,0.041140713,0.21490571,0.05614748,-0.2916183,-0.14693296,-0.023756882,0.05395852,0.052855685,0.061104473,-0.23538344,-0.17491882,0.008460923,0.05754125,0.036905896,0.05948078,-0.16053301,-0.20721059,0.046996195,0.054443777,0.046251815,0.051532134,-0.09238643,-0.23464713,0.08211678,0.046166793,0.09232682,0.039980598,-0.04207119,-0.2893448,0.1190371
80,0.035678245,0.29072693,0.041840754,-0.2733032,-0.13941212,-0.073766135,0.040311437,0.21377033,0.055720545,-0.29181933,-0.14791152,-0.024605228,0.053624053,0.051930264,0.06087076,-0.23528153,-0.17596017,0.007916209,0.05738732,0.03586286,0.059371997,-0.16029935,-0.20835388,0.04703642,0.054390755,0.045218784,0.05147632,-0.09176018,-0.23565196,0.08248863,0.046164576,0.09148231,0.03991812,-0.041005377,-0.28998697,0.11936506
81,0.03495962,0.29158434,0.04139032,-0.27708074,-0.14179893,-0.074535474,0.039983016,0.21474785,0.055650756,-0.2926468,-0.14992015,-0.02611642,0.053726424,0.052605957,0.06106201,-0.23533347,-0.17813599,0.0065092067,0.057731833,0.036348894,0.059771482,-0.16009156,-0.21082872,0.046346694,0.054897618,0.04550493,0.052010067,-0.09113153,-0.23822802,0.082478344,0.046777196,0.09177324,0.040546443,-0.039870057,-0.29257804,0.11978204
82,0.035669442,0.2927928,0.041915376,-0.28190616,-0.1409573,-0.073210016,0.040301364,0.21500927,0.056063697,-0.2956773,-0.14900339,-0.026347933,0.05396007,0.052459396,0.061356705,-0.23797455,-0.17731477,0.0060492777,0.057858743,0.035900082,0.059920732,-0.16252694,-0.21014224,0.046198033,0.05487555,0.044959698,0.051959213,-0.09312748,-0.23744577,0.08247923,0.04655908,0.0915061,0.04021268,-0.041426856,-0.29151145,0.11951695
83,0.034387395,0.29280335,0.041050624,-0.2840409,-0.1431295,-0.073165044,0.039584573,0.21456952,0.05572616,-0.29571062,-0.15084857,-0.02698852,0.053802647,0.05208223,0.061305173,-0.23745431,-0.1792524,0.0055040377,0.057967793,0.035430804,0.06008651,-0.16183522,-0.21230319,0.046193395,0.055166822,0.044500165,0.0522695,-0.09206426,-0.2396725,0.08289988,0.046980377,0.09121359,0.040634606,-0.03991685,-0.2936753,0.12014603
84,0.033958394,0.2926404,0.040756665,-0.28684598,-0.14276767,-0.07333874,0.039184038,0.21390311,0.05560979,-0.2974382,-0.15047652,-0.027637122,0.05360003,0.051386986,0.061188806,-0.23894973,-0.17896865,0.004980386,0.05777072,0.0344939,0.059928954,-0.16317539,-0.21211538,0.04611568,0.054923613,0.043454364,0.052023508,-0.092996635,-0.23932606,0.08302496,0.046657026,0.09027507,0.040236156,-0.040463466,-0.2929316,0.120068066
85,0.03386475,0.29310274,0.040709395,-0.29018992,-0.1426359,-0.07297848,0.039034028,0.21380916,0.0556706,-0.29933167,-0.15025683,-0.028201677,0.053581733,0.05109474,0.061247833,-0.24049161,-0.17884338,0.004408818,0.057756264,0.033943985,0.05995259,-0.16456,-0.21212436,0.045974925,0.054865487,0.042770214,0.051963903,-0.09399293,-0.23924197,0.083130494,0.046518598,0.08972151,0.04002849,-0.041069012,-0.2925646,0.12003877
86,0.033675704,0.29347107,0.040593907,-0.29313067,-0.14362249,-0.07256173,0.03893293,0.21371964,0.055773776,-0.30070817,-0.15106988,-0.028618513,0.053722065,0.050901018,0.0614622,-0.24143013,-0.1797979,0.0040934733,0.057999145,0.03359902,0.060230035,-0.16527252,-0.21332125,0.0461936,0.05514784,0.042402793,0.05224282,-0.09423,-0.240499,0.08371448,0.04679653,0.08952011,0.040270343,-0.040812165,-0.2937479,0.12070607
87,0.0320191,0.2933653,0.039470542,-0.29506487,-0.14543802,-0.072976805,0.037938893,0.21333794,0.055217747,-0.3005635,-0.15259686,-0.029625583,0.053325485,0.050572935,0.06118259,-0.24071972,-0.18138541,0.003146303,0.057867616,0.033114158,0.060168456,-0.16447085,-0.21507105,0.045770444,0.055206716,0.041780166,0.052343275,-0.09317688,-0.24222144,0.08371067,0.047004227,0.08892379,0.040492225,-0.03943734,-0.2952851,0.12086617
88,0.032258324,0.29382873,0.0396498,-0.2982302,-0.1450982,-0.071598,0.037999876,0.212758,0.055426355,-0.30254546,-0.15218374,-0.029467748,0.05343318,0.04989878,0.06135165,-0.2423944,-0.18103608,0.0032021182,0.057940952,0.032262325,0.060261738,-0.1659852,-0.21484208,0.046122815,0.055199623,0.040979333,0.052309062,-0.09427754,-0.24193172,0.08414767,0.04687808,0.08846627,0.04027184,-0.040122434,-0.2947776,0.121046446
89,0.032686908,0.2939496,0.03994735,-0.30132967,-0.14494441,-0.070705146,0.03819718,0.21203181,0.05574373,-0.30479485,-0.15200017,-0.029406145,0.053663068,0.049166795,0.06163441,-0.2443699,-0.18098477,0.0033927322,0.058135778,0.031393416,0.06046707,-0.16770302,-0.21498469,0.046779145,0.055306226,0.040212862,0.05237783,-0.09540951,-0.24206291,0.08498211,0.04685774,0.088029005,0.04015879,-0.040700044,-0.2947338,0.12170512
90,0.031894792,0.29362926,0.039404087,-0.30379283,-0.14490692,-0.071033776,0.03758529,0.21119034,0.05546756,-0.3059743,-0.15190955,-0.03019254,0.05334368,0.048389886,0.061409835,-0.24525654,-0.18096736,0.002779195,0.057873994,0.030382337,0.060251873,-0.16848461,-0.2150463,0.04665143,0.055046983,0.039071605,0.05212898,-0.095832214,-0.24195234,0.08507183,0.046572898,0.08699655,0.03981722,-0.0407738,-0.2942417,0.12160831
91,0.030859532,0.29347733,0.038699113,-0.305961,-0.14693183,-0.07180167,0.03702951,0.21102376,0.055243153,-0.30632097,-0.15371741,-0.031233303,0.053294018,0.04828175,0.06145566,-0.24507292,-0.18295412,0.0020913223,0.058076315,0.03015089,0.060505573,-0.16809227,-0.21732505,0.04671438,0.055419568,0.03874226,0.052523628,-0.09496891,-0.24431196,0.08569095,0.047069922,0.086699545,0.040325496,-0.0394044,-0.2965483,0.12250914
92,0.031055477,0.29413503,0.03885369,-0.3098872,-0.14615169,-0.07145383,0.036996488,0.21109457,0.055385157,-0.30867156,-0.15291645,-0.03193566,0.053281963,0.048078384,0.061517734,-0.24704884,-0.18224701,0.0013738247,0.05800166,0.029613588,0.060468238,-0.16993268,-0.216715,0.046419278,0.055245295,0.037970413,0.052351706,-0.09644206,-0.24354489,0.08559874,0.046769466,0.086045526,0.03994556,-0.040523794,-0.2954468,0.122177325
93,0.031808976,0.2949626,0.039391555,-0.313475,-0.14600824,-0.07026587,0.03741706,0.21113133,0.055859163,-0.31094673,-0.1527023,-0.031950083,0.053661022,0.047874484,0.06194571,-0.24896584,-0.18216284,0.0013854435,0.058338884,0.02919689,0.06082202,-0.17165692,-0.21683125,0.04688452,0.055496767,0.037541736,0.052577242,-0.09767098,-0.24367712,0.086284116,0.046896767,0.0859406,0.03998344,-0.041249767,-0.2954846,0.12270687
94,0.030338166,0.2941934,0.038374316,-0.31495243,-0.1468863,-0.071394786,0.03645578,0.2101794,0.055326495,-0.3110725,-0.1534856,-0.03305462,0.05320903,0.047139943,0.06160238,-0.24878223,-0.18303725,0.000640193,0.058072288,0.028269444,0.060613297,-0.1714103,-0.21782148,0.046750862,0.055346515,0.036450222,0.052457605,-0.097099625,-0.24454036,0.086493544,0.046834968,0.08486822,0.039907526,-0.040341757,-0.2960311,0.12289596
95,0.02961679,0.29429442,0.03789045,-0.31772813,-0.14738718,-0.072200626,0.035951324,0.21012606,0.055117205,-0.31208113,-0.1538813,-0.034317654,0.053012222,0.04701318,0.061496347,-0.24934235,-0.18355414,-0.00038204965,0.057983562,0.02787535,0.06057567,-0.17187375,-0.21848434,0.046354342,0.055309758,0.03577463,0.05244678,-0.09722656,-0.24508846,0.08649106,0.046821106,0.08418356,0.039864276,-0.04011717,-0.29630768,0.12288282
96,0.02912436,0.29497725,0.03758253,-0.31994686,-0.14910752,-0.072086625,0.035777673,0.21034497,0.05517327,-0.3121201,-0.15535532,-0.035019085,0.053228352,0.047081474,0.06179771,-0.24890883,-0.1851473,-0.00082026183,0.05842918,0.027728172,0.06106837,-0.17144398,-0.22030126,0.04667442,0.05590714,0.035492126,0.053051967,-0.09645436,-0.2469087,0.08732385,0.047509175,0.08421312,0.04049178,-0.038868167,-0.29803964,0.123753026
97,0.02987928,0.29610538,0.03813797,-0.32135522,-0.14760822,-0.06948425,0.036132604,0.20966549,0.05562952,-0.3126365,-0.15384214,-0.034004826,0.05350765,0.04604589,0.06214735,-0.24964564,-0.18352458,3.4591474e-05,0.058618754,0.02624072,0.061289627,-0.17260931,-0.21857205,0.047745038,0.05597519,0.0339726,0.0530883,-0.097599655,-0.24494427,0.08825398,0.047408838,0.08358366,0.040157814,-0.03978893,-0.2957974,0.12378152
98,0.029779967,0.29810858,0.038132433,-0.3245689,-0.14559773,-0.06919537,0.035815537,0.21093567,0.055583853,-0.31326216,-0.15179673,-0.0352767,0.05322482,0.046473294,0.061985847,-0.25012898,-0.18138236,-0.0014702354,0.05826959,0.025853094,0.061028708,-0.17365852,-0.21624057,0.046575785,0.055544227,0.03273241,0.052714393,-0.09900659,-0.24216877,0.08721128,0.046868462,0.082560115,0.039448097,-0.04132115,-0.2925435,0.12200791
99,0.026229959,0.29941088,0.0357342,-0.32217467,-0.14822322,-0.073314756,0.03382244,0.21370101,0.054306008,-0.30697852,-0.15405391,-0.038914904,0.052407075,0.04849903,0.06137574,-0.24376653,-0.1835349,-0.004498752,0.05811344,0.02698717,0.061049934,-0.16854241,-0.21822853,0.0447132,0.055966515,0.03234313,0.053312954,-0.094968416,-0.24366526,0.0863604,0.047792125,0.081838936,0.040327534,-0.03780934,-0.2935663,0.12255133
100,0.027620524,0.30328354,0.036822114,-0.31597382,-0.14415836,-0.07248759,0.03461112,0.21552515,0.055202596,-0.3004766,-0.15020517,-0.03768536,0.053063955,0.048437264,0.06218092,-0.23978533,-0.17927167,-0.0029862123,0.058717206,0.025127053,0.061778884,-0.1673161,-0.21339872,0.04664456,0.056507442,0.029300414,0.053882938,-0.09549379,-0.23835127,0.08803186,0.04817456,0.080882296,0.040043134,-0.039020512,-0.28826007,0.118873455
101,0.03070086,0.307683,0.039149877,-0.30725512,-0.14164914,-0.069849,0.0368338,0.21773496,0.05725862,-0.2927748,-0.14787407,-0.03488078,0.05504855,0.048629425,0.064275555,-0.23532051,-0.17666411,0.00049079256,0.060735054,0.023672018,0.0639115,-0.16578321,-0.21049844,0.050808385,0.058542322,0.0272255,0.055909947,-0.09536876,-0.23532909,0.092101514,0.05009039,0.08163109,0.041197944,-0.039051455,-0.28564337,0.11478495
102,0.03279252,0.31240827,0.04078726,-0.30113235,-0.14243968,-0.069644615,0.03869044,0.2222927,0.059017286,-0.28544122,-0.14860998,-0.034421343,0.057061426,0.05113487,0.06640778,-0.22995001,-0.17729813,0.0018394098,0.063086554,0.024765514,0.06640145,-0.16264766,-0.21101981,0.05332481,0.06118623,0.027237976,0.058613013,-0.0932857,-0.23563112,0.09525642,0.052883293,0.083304554,0.0435021,-0.036975153,-0.28590852,0.11438614
103,0.031242948,0.31401846,0.039772045,-0.2971775,-0.14277917,-0.072035715,0.037861593,0.22429371,0.05867928,-0.27953398,-0.14887618,-0.036056772,0.0569335,0.05210625,0.06647012,-0.22503723,-0.17740288,0.00092193286,0.06334968,0.024559293,0.066808574,-0.15934469,-0.21087421,0.053292394,0.061759032,0.025857456,0.059279807,-0.09102761,-0.23504156,0.09572071,0.053674273,0.0826605,0.0440176,-0.035089005,-0.28493696,0.11307918
104,0.030766383,0.31484166,0.03947828,-0.29715905,-0.14133689,-0.07334341,0.03741893,0.22490355,0.058570825,-0.27849936,-0.14752677,-0.037172865,0.05671388,0.052060843,0.06638299,-0.22459376,-0.17604224,0.0002069335,0.06317247,0.023643984,0.06671169,-0.1597283,-0.20945115,0.053123802,0.06157129,0.02425028,0.059129912,-0.09170677,-0.23338842,0.09576314,0.05343573,0.08163774,0.04355111,-0.03571245,-0.28310284,0.11201891
105,0.030516068,0.31541592,0.039329052,-0.29783267,-0.14024374,-0.07276751,0.037136864,0.2242905,0.05858523,-0.27846068,-0.14646357,-0.037104223,0.05661579,0.051086333,0.06640085,-0.22491778,-0.17494676,0.00035626517,0.063088804,0.02208027,0.06668072,-0.16056551,-0.20835494,0.053574726,0.06143968,0.022568861,0.059003327,-0.09253105,-0.2321861,0.09626833,0.05322199,0.08081631,0.043130707,-0.036263783,-0.28178278,0.111729965
106,0.031685267,0.31559587,0.040166207,-0.29814574,-0.14075552,-0.070563935,0.03800427,0.22276507,0.05947925,-0.27934912,-0.1469803,-0.03541535,0.057517987,0.049575742,0.06735468,-0.22620782,-0.17555375,0.0022960436,0.06402047,0.020487685,0.06762539,-0.16182522,-0.20916864,0.055930763,0.06234007,0.021713102,0.059859235,-0.09293705,-0.23309377,0.09874519,0.05405063,0.08113413,0.04377235,-0.03575097,-0.2825877,0.1137459
107,0.030565947,0.31666824,0.039417196,-0.3005659,-0.1416814,-0.07242604,0.03733519,0.22446339,0.05917629,-0.27924508,-0.14777876,-0.037351076,0.05731494,0.050673664,0.06728326,-0.22562551,-0.17641968,0.0007110225,0.064046144,0.02095867,0.06772503,-0.16141818,-0.21008866,0.05501856,0.06250921,0.021361237,0.060078345,-0.0924632,-0.23376533,0.098356694,0.054313123,0.08071739,0.043985378,-0.035052117,-0.2828788,0.1133681
108,0.030619571,0.31731418,0.039477136,-0.3041885,-0.14044034,-0.07405813,0.03715498,0.2254751,0.059236288,-0.28161138,-0.14665622,-0.038959343,0.057181217,0.051131252,0.06725064,-0.22788046,-0.1754744,-0.00053072505,0.06384726,0.020745445,0.06757405,-0.16373014,-0.20929028,0.05433831,0.062193982,0.020454857,0.059788413,-0.09439098,-0.23284753,0.098001264,0.053870015,0.0798186,0.0434398,-0.03652551,-0.28177494,0.112804495
109,0.029964577,0.31734,0.03902094,-0.30535558,-0.14243239,-0.07408982,0.036932778,0.22525793,0.059270054,-0.28147653,-0.14847817,-0.03921353,0.057422996,0.050930306,0.067582496,-0.22734478,-0.17736661,-0.000466865,0.06435321,0.020421483,0.068117686,-0.16305695,-0.21132207,0.054987937,0.062873475,0.020201199,0.060473427,-0.0931821,-0.23478042,0.099073045,0.05467202,0.07987069,0.044211082,-0.034768477,-0.28336495,0.11399329
110,0.02972414,0.31709453,0.038849413,-0.3074601,-0.142086,-0.07405393,0.03667649,0.22431897,0.059266206,-0.28304625,-0.14815259,-0.039437674,0.05734076,0.049987223,0.06758615,-0.22881907,-0.17712389,-0.0005057335,0.06428093,0.019186247,0.0680708,-0.16447431,-0.21120553,0.05532347,0.062745824,0.019014759,0.060341947,-0.09406804,-0.23461342,0.099575676,0.054476004,0.07912613,0.043918837,-0.03510834,-0.28302285,0.11428027
111,0.031396918,0.3168886,0.040031377,-0.31122223,-0.1397428,-0.07304793,0.03743935,0.22276175,0.06003154,-0.28759205,-0.14604786,-0.038831003,0.05772061,0.048392516,0.06800148,-0.23365162,-0.17522737,0.00027496,0.064336956,0.017317813,0.068120316,-0.16903768,-0.20957303,0.056371912,0.062457,0.017539257,0.060014162,-0.09757889,-0.23312701,0.10058544,0.05386792,0.07840082,0.04313829,-0.03764334,-0.28161094,0.11481059
112,0.028619336,0.31653252,0.0380693,-0.31296703,-0.14244671,-0.07549407,0.035845045,0.22323285,0.05900155,-0.28612804,-0.14847532,-0.041044597,0.057045836,0.04896307,0.06746961,-0.23118478,-0.17767178,-0.0015310739,0.06413315,0.017624574,0.067974746,-0.16651009,-0.2120253,0.05525374,0.06259198,0.01723918,0.06019111,-0.094985485,-0.23523504,0.10006063,0.054276634,0.07780005,0.043605052,-0.03494975,-0.28314668,0.114670165
113,0.029407794,0.3174315,0.038656745,-0.3174488,-0.14279053,-0.07514295,0.0363487,0.22364737,0.059561692,-0.2891871,-0.14876102,-0.04139705,0.057539694,0.049097005,0.06801922,-0.23365588,-0.17814068,-0.0017202848,0.064616024,0.017527927,0.06847421,-0.16860533,-0.21276134,0.055571746,0.06300816,0.017111788,0.06059592,-0.09621423,-0.23599742,0.100718886,0.05460222,0.07796426,0.043863676,-0.03534255,-0.28375414,0.11535749
114,0.029334623,0.31766704,0.038615238,-0.32034382,-0.14314403,-0.07418027,0.036283728,0.22283751,0.059704795,-0.2910273,-0.14901996,-0.041238714,0.05765794,0.048259094,0.0682178,-0.23505247,-0.17846192,-0.0015551925,0.06478441,0.016498841,0.06866319,-0.16979966,-0.21324353,0.05606511,0.063155204,0.016282065,0.06073415,-0.09677992,-0.23648113,0.101401,0.05470814,0.077662975,0.043896824,-0.03527446,-0.28407896,0.11593169
115,0.028670214,0.3173694,0.038141843,-0.32311514,-0.1427368,-0.07476138,0.03570524,0.22218123,0.059456255,-0.29264247,-0.14862193,-0.04203772,0.057324864,0.04759795,0.06798541,-0.23636167,-0.1781507,-0.0021601375,0.06447992,0.015471708,0.06838708,-0.17103904,-0.21303478,0.055842374,0.062805474,0.015053864,0.060394265,-0.09759165,-0.23617196,0.10137474,0.054308876,0.07664339,0.04344,-0.03566452,-0.2835653,0.11576533
116,0.027279118,0.31706288,0.03715589,-0.32488117,-0.14409219,-0.07517272,0.03488914,0.22157495,0.059032176,-0.2927325,-0.14982502,-0.042716485,0.057053994,0.047117304,0.067825444,-0.23587067,-0.1793859,-0.002637838,0.06445535,0.01478481,0.068397015,-0.17044674,-0.21435337,0.05582681,0.06292469,0.014278313,0.06052616,-0.096637905,-0.23734923,0.1016884,0.0545362,0.0760804,0.04365251,-0.034341328,-0.28441104,0.116146296
117,0.027375566,0.31783423,0.037247896,-0.32872754,-0.14475247,-0.07493521,0.034969956,0.22193332,0.059263874,-0.29487222,-0.15037556,-0.043226454,0.05728351,0.047259107,0.06812689,-0.23731521,-0.18006445,-0.003039876,0.064753436,0.014690873,0.06871854,-0.17160672,-0.21523443,0.055881515,0.06322592,0.014057273,0.06082866,-0.097159706,-0.23820509,0.10207297,0.054815486,0.076049715,0.04389461,-0.034240995,-0.28507093,0.11659519
118,0.02719173,0.318188,0.03713063,-0.33181497,-0.14568907,-0.07442744,0.03490559,0.22165424,0.059389193,-0.2964569,-0.15118365,-0.04342915,0.057456855,0.04694733,0.06837489,-0.23826608,-0.18096691,-0.0031399203,0.06503944,0.014231163,0.069025494,-0.17229012,-0.2163155,0.056201313,0.06355107,0.01366431,0.061151274,-0.097217426,-0.23926833,0.10268029,0.055153385,0.07596817,0.0442001,-0.033701546,-0.2859344,0.117250845
119,0.027977062,0.31865144,0.037699662,-0.3360994,-0.14392558,-0.073448464,0.03510849,0.22087826,0.05971495,-0.30006287,-0.1494859,-0.043403506,0.057466615,0.045963027,0.0684504,-0.24162157,-0.1793714,-0.0031924783,0.064836204,0.012854031,0.06883287,-0.17550182,-0.21487798,0.056330062,0.06310023,0.012314111,0.060693387,-0.09980473,-0.23787919,0.102811344,0.054481503,0.075159125,0.04341416,-0.0356659,-0.28456813,0.1170193
120,0.026354175,0.3189164,0.036566015,-0.33869138,-0.14594963,-0.07434366,0.03422559,0.22129321,0.059221465,-0.29995316,-0.1512754,-0.044724446,0.05720903,0.04637901,0.06830595,-0.24051997,-0.18121564,-0.004296952,0.06490984,0.013048253,0.06894322,-0.17425925,-0.21681984,0.05578761,0.06339275,0.012106694,0.06100493,-0.09829387,-0.23962572,0.10273543,0.054940205,0.07487729,0.043897793,-0.03387139,-0.28591818,0.117200516
121,0.024629127,0.31844175,0.035342216,-0.33972025,-0.1468715,-0.07402927,0.033150632,0.21988687,0.058604278,-0.29944116,-0.15202962,-0.04495644,0.056721106,0.045198377,0.067939386,-0.23953933,-0.18190621,-0.004505252,0.06465939,0.011621736,0.06872039,-0.17337194,-0.2175074,0.055862516,0.06326813,0.010720367,0.060889736,-0.097267725,-0.24017097,0.102982566,0.054916758,0.0740085,0.043830376,-0.032629427,-0.2861987,0.117321044
122,0.025845978,0.31949818,0.036233302,-0.3441565,-0.14557724,-0.07222563,0.03371971,0.21930596,0.05919924,-0.30300224,-0.15073049,-0.044460133,0.05704017,0.04431684,0.06831073,-0.24272552,-0.18068238,-0.0041885483,0.06478394,0.010407461,0.06885332,-0.17639054,-0.21645439,0.05633548,0.06316697,0.009692622,0.060777806,-0.09962135,-0.23921433,0.10346868,0.054608848,0.07377368,0.04339107,-0.034270335,-0.28531006,0.117442526
123,0.025653217,0.32052502,0.036125973,-0.34791335,-0.1469999,-0.07270028,0.033720326,0.22044495,0.059351895,-0.30440542,-0.15199883,-0.045537274,0.05730428,0.045216057,0.068646625,-0.24320914,-0.18211043,-0.0050125616,0.06522436,0.011085033,0.06931856,-0.17660597,-0.21808827,0.05610049,0.06370693,0.0099804355,0.06132523,-0.09929588,-0.24076143,0.10369403,0.055206563,0.07401136,0.043985426,-0.033416793,-0.28658497,0.11789325
124,0.024859773,0.32045355,0.03556979,-0.3502883,-0.1480818,-0.073373005,0.03327926,0.22031885,0.059195817,-0.30513462,-0.15298577,-0.046401117,0.057255603,0.045159806,0.068688,-0.2433641,-0.18321575,-0.0055411463,0.06536266,0.0108114425,0.06948074,-0.17660911,-0.21934,0.056113977,0.06394132,0.009495371,0.061568417,-0.09880937,-0.2419078,0.10407034,0.055509623,0.073630355,0.0442752,-0.03246826,-0.2874506,0.11835595
125,0.025075153,0.32031098,0.03572097,-0.35325074,-0.14789364,-0.07346648,0.033323582,0.21967146,0.059410375,-0.3073097,-0.15282573,-0.046755064,0.0573817,0.044551615,0.06888323,-0.24526602,-0.18321589,-0.005590867,0.06547718,0.009949077,0.06960898,-0.17831661,-0.21953367,0.056521904,0.06398219,0.008626844,0.061608814,-0.09979438,-0.2420992,0.10469968,0.055481184,0.07309922,0.04418597,-0.032789163,-0.2875101,0.118864074
126,0.025075335,0.32032463,0.0357244,-0.35627118,-0.14742656,-0.073247515,0.033181176,0.21894887,0.0594759,-0.30939087,-0.15235968,-0.047063645,0.05732601,0.043819804,0.068904586,-0.24699835,-0.18285133,-0.0057590404,0.06539387,0.008911579,0.069540076,-0.1799264,-0.21930677,0.056689247,0.06380966,0.007541391,0.06143991,-0.10085309,-0.24185175,0.105014205,0.055231187,0.072389945,0.043873485,-0.03331926,-0.28715554,0.11899905
127,0.02398675,0.32047102,0.03496209,-0.35916173,-0.14848979,-0.07433938,0.032525774,0.21934155,0.05912447,-0.3101558,-0.15330388,-0.048457664,0.057081748,0.04422742,0.068749055,-0.2469373,-0.1839158,-0.006870675,0.065346144,0.00907999,0.069513306,-0.17970318,-0.22049986,0.0561025,0.06386976,0.007236067,0.061511744,-0.10028189,-0.24288541,0.104811005,0.055371236,0.071882315,0.04403267,-0.03244114,-0.28787148,0.118980706
128,0.025471972,0.31981432,0.03600728,-0.36250323,-0.14621693,-0.07366033,0.033118125,0.21735606,0.05977307,-0.3141103,-0.15124105,-0.047983848,0.057337284,0.042374104,0.06905348,-0.25118476,-0.18203898,-0.0061138296,0.06529382,0.0069078975,0.06946171,-0.18377464,-0.21883312,0.057144914,0.063484184,0.005444171,0.061117187,-0.103357576,-0.24135762,0.10580569,0.054714885,0.07092529,0.04323852,-0.034605213,-0.28645423,0.11946746
129,0.024013497,0.31919822,0.034966785,-0.3643923,-0.14824896,-0.07562433,0.032370355,0.2174328,0.05935913,-0.3139337,-0.15316115,-0.049582087,0.057191215,0.042783387,0.068992816,-0.25027558,-0.18414195,-0.0070984494,0.06547779,0.0072349543,0.06966284,-0.1826578,-0.2211081,0.056888085,0.063888356,0.005391115,0.061524604,-0.10175113,-0.24345374,0.106059216,0.05528766,0.07060847,0.043849282,-0.03259851,-0.2881338,0.12004438
130,0.023035476,0.31928673,0.034283377,-0.36720034,-0.14983033,-0.076510124,0.03188142,0.21767102,0.059134636,-0.31457257,-0.15459442,-0.05074346,0.057144698,0.0431497,0.06902577,-0.25004134,-0.18571469,-0.0079224175,0.065676,0.0074797235,0.06987709,-0.18219268,-0.22285095,0.056636427,0.064236656,0.0053289696,0.061874762,-0.10081495,-0.2450788,0.10622828,0.05574375,0.070450805,0.04432322,-0.031241361,-0.28944296,0.120451644
131,0.024484344,0.31989643,0.035328917,-0.37140182,-0.14828148,-0.07474713,0.03254802,0.21657236,0.059815876,-0.31832865,-0.15309119,-0.050070617,0.0575025,0.041891932,0.069433786,-0.25355121,-0.18430702,-0.007330606,0.065794595,0.005906005,0.06999927,-0.18550816,-0.2216243,0.057377536,0.06408724,0.00405697,0.061718892,-0.103351586,-0.24399795,0.106940255,0.055370376,0.07005901,0.043828502,-0.03299795,-0.28849027,0.12075512
132,0.023124771,0.31970575,0.034365132,-0.37344873,-0.1500355,-0.0752453,0.031833585,0.21623649,0.059452776,-0.31830448,-0.15468176,-0.05087356,0.057359774,0.04178941,0.069391005,-0.25273982,-0.18598366,-0.0078378,0.06595133,0.0056632874,0.07017285,-0.18455471,-0.22343145,0.057384856,0.06442735,0.0036262262,0.062061686,-0.1020096,-0.24569081,0.10732137,0.055851605,0.06974402,0.04432108,-0.03128938,-0.28987038,0.12129639
133,0.023465117,0.32073867,0.034630127,-0.37740856,-0.1503003,-0.07459632,0.03202665,0.21659951,0.059760623,-0.3203862,-0.15485027,-0.051216498,0.05761849,0.04194191,0.06971905,-0.25406975,-0.18627597,-0.008106814,0.06624425,0.005537252,0.07047965,-0.18570548,-0.22390488,0.057488084,0.06469006,0.003295117,0.062327024,-0.10264222,-0.24616587,0.1076694,0.05607539,0.069705345,0.04450188,-0.031395696,-0.29024738,0.12160849
134,0.021852758,0.32011992,0.033477798,-0.37835544,-0.1508557,-0.07456692,0.030977596,0.21522556,0.05917711,-0.31984568,-0.15530016,-0.05155548,0.05712834,0.040836185,0.06935435,-0.25315788,-0.18669626,-0.00829821,0.06596884,0.004082688,0.07021797,-0.18496832,-0.22431469,0.05759329,0.06450413,0.0017020799,0.062153645,-0.10181546,-0.24643564,0.10793849,0.055975527,0.068619125,0.044364046,-0.030408159,-0.29030117,0.12169008
135,0.021268897,0.32102707,0.033089127,-0.38193864,-0.15158416,-0.07462672,0.030626649,0.2157769,0.059065446,-0.3209325,-0.15587746,-0.052503623,0.05706659,0.04125454,0.069380775,-0.253306,-0.18736784,-0.009132334,0.06605672,0.0041893055,0.070319586,-0.18503886,-0.22510937,0.05718164,0.06465177,0.0013359109,0.062307708,-0.10160649,-0.24711262,0.10784017,0.056160256,0.068335176,0.044529617,-0.029881446,-0.2907577,0.12164211
136,0.02252185,0.32217622,0.034004238,-0.38717976,-0.1504779,-0.07415316,0.0311971,0.21615593,0.059651725,-0.32465076,-0.15480037,-0.05300158,0.057382658,0.041327048,0.069748454,-0.25641397,-0.1864898,-0.009517076,0.066200145,0.003879775,0.070469715,-0.18791506,-0.22445542,0.057148453,0.0645885,0.0007454315,0.062247664,-0.10377474,-0.24649985,0.107971005,0.055919886,0.068034194,0.04421745,-0.03136692,-0.29014564,0.12160293
137,0.022436317,0.3222462,0.03395103,-0.39023623,-0.14988975,-0.0735464,0.030970909,0.2151327,0.05965103,-0.32646224,-0.1541749,-0.05315931,0.057246257,0.04036794,0.06969402,-0.2577708,-0.18591739,-0.009624873,0.06603599,0.0025929292,0.07030987,-0.18923302,-0.2239654,0.057266064,0.06432399,-0.0005808582,0.061988268,-0.10468619,-0.24599205,0.10816596,0.055582445,0.06725794,0.043819085,-0.0318545,-0.28959057,0.121554494
138,0.02141021,0.32239386,0.033233188,-0.39255348,-0.15127523,-0.07347152,0.030442137,0.2147877,0.059401534,-0.32675254,-0.15538523,-0.05374111,0.05716092,0.040198017,0.06969397,-0.2572091,-0.1871935,-0.01003714,0.06618917,0.002288283,0.070471294,-0.18856515,-0.22535905,0.057274234,0.0646127,-0.0010302438,0.062275454,-0.103680626,-0.24729958,0.108477704,0.05597476,0.067035094,0.04420681,-0.030506415,-0.2906596,0.121957116
139,0.019956553,0.3225248,0.032217253,-0.39489028,-0.15399775,-0.074441575,0.029849764,0.21522553,0.05909449,-0.32646397,-0.15788192,-0.054999135,0.05721383,0.040913876,0.06982863,-0.25584266,-0.1898616,-0.010837367,0.06664789,0.00301517,0.07094238,-0.18695396,-0.22823718,0.057162575,0.065357946,-0.00063157023,0.06301334,-0.1015957,-0.25004923,0.10889321,0.05693058,0.067238465,0.04520678,-0.028013647,-0.29301104,0.12276522
140,0.020487819,0.32230544,0.03259335,-0.39678982,-0.1531187,-0.073253185,0.03002571,0.21356018,0.059417766,-0.3279513,-0.15702823,-0.05441573,0.05737344,0.039370973,0.07005815,-0.2573381,-0.18905334,-0.010144094,0.0667322,0.0011584049,0.07102904,-0.18855152,-0.22751322,0.05806676,0.06530276,-0.0022193366,0.06296287,-0.10271193,-0.2493872,0.109815046,0.056775324,0.06662091,0.04493997,-0.028584309,-0.29241168,0.12325685
141,0.021943294,0.32366636,0.033663932,-0.4007286,-0.15158047,-0.07425846,0.030703897,0.21507637,0.060019255,-0.3305984,-0.1556028,-0.055781294,0.057687182,0.04041942,0.07038842,-0.2597532,-0.18788394,-0.011134193,0.06683773,0.0017253024,0.07113923,-0.19106402,-0.22651927,0.057564378,0.06519828,-0.0024753073,0.062875114,-0.10481393,-0.24829835,0.109547645,0.056497566,0.066215456,0.044575043,-0.030224934,-0.2912694,0.12281054
142,0.02162074,0.32385322,0.03344579,-0.40223914,-0.15153162,-0.07480979,0.03044815,0.21507773,0.05993465,-0.33095995,-0.15552945,-0.05659893,0.05758727,0.040412035,0.07034419,-0.25981575,-0.18789841,-0.011692248,0.066795886,0.0014143558,0.07109992,-0.19128796,-0.22659397,0.057384554,0.06515266,-0.0031986292,0.06283863,-0.104868434,-0.2482447,0.10957638,0.05645511,0.065613165,0.04448546,-0.03005381,-0.2910629,0.1227278
143,0.019878065,0.32231992,0.032183494,-0.40168056,-0.15193066,-0.074818246,0.029316766,0.21267958,0.05926858,-0.32985306,-0.155865,-0.05660684,0.057025183,0.038570184,0.06989402,-0.25866964,-0.18817736,-0.011482564,0.06643808,-0.0006876354,0.07073959,-0.19039825,-0.226825,0.05783279,0.06487133,-0.0051787416,0.062562585,-0.10389005,-0.24836612,0.11011353,0.056264,0.0643172,0.044253156,-0.028930815,-0.2910171,0.12300593
144,0.020499986,0.3226234,0.032634344,-0.40528268,-0.15122512,-0.07481429,0.029535856,0.21243942,0.059589446,-0.33241072,-0.15519372,-0.057113577,0.057165932,0.038307086,0.0700925,-0.26081103,-0.1876931,-0.011731122,0.06649123,-0.0012593912,0.070795126,-0.1923998,-0.22652714,0.057954386,0.06478629,-0.0059716883,0.062481478,-0.10525869,-0.24807864,0.11039548,0.056071386,0.06376292,0.044012886,-0.029716454,-0.290679,0.12314629
145,0.019974854,0.32334945,0.032278575,-0.4088042,-0.15267865,-0.07577661,0.029345477,0.21359222,0.059556585,-0.3335912,-0.15652692,-0.05854687,0.057283133,0.039473537,0.07026897,-0.26090637,-0.189255,-0.012795912,0.06681885,-0.0001952813,0.071128406,-0.19222224,-0.22833079,0.057494815,0.06524355,-0.005494449,0.06292762,-0.10457332,-0.24976909,0.11037303,0.05660715,0.0638162,0.04457828,-0.028608866,-0.2920548,0.12344279
146,0.01930513,0.32332367,0.031804834,-0.4109004,-0.15310878,-0.07523037,0.028907094,0.21272737,0.05937567,-0.33434796,-0.15684637,-0.058719277,0.05713037,0.03876874,0.07019809,-0.26103842,-0.18960169,-0.0129169375,0.06678102,-0.0011153384,0.071088456,-0.19231893,-0.22875474,0.057627253,0.06522816,-0.0064665843,0.0629105,-0.10437163,-0.25015178,0.11066459,0.056616876,0.06325612,0.04456327,-0.028091274,-0.2923126,0.12365178
147,0.020107986,0.3236233,0.032382727,-0.41433066,-0.15234709,-0.07476841,0.02923975,0.2122201,0.05978425,-0.33689827,-0.1561128,-0.058872774,0.05734542,0.038244415,0.070466995,-0.26324177,-0.1890288,-0.012873046,0.06688937,-0.0019282803,0.07119839,-0.19439724,-0.22835843,0.05798345,0.06518364,-0.00734473,0.06287257,-0.10580938,-0.24980924,0.11114404,0.05645887,0.062788315,0.044350073,-0.028923541,-0.29197523,0.12393895
148,0.020265955,0.32405782,0.03250494,-0.41777742,-0.15234667,-0.07487236,0.029262846,0.21227813,0.059929546,-0.33880308,-0.15607399,-0.059590824,0.057422012,0.038322996,0.07059859,-0.26448303,-0.18916166,-0.013361099,0.06697791,-0.002070128,0.071286164,-0.19548745,-0.22866803,0.057884254,0.06522442,-0.007784911,0.06291203,-0.10638925,-0.25008798,0.11126403,0.056460045,0.062407725,0.044333015,-0.02904147,-0.2921331,0.1240578
149,0.019589743,0.32354912,0.032019183,-0.41979712,-0.15257046,-0.07504335,0.028779794,0.21124361,0.059724282,-0.3396005,-0.1562497,-0.060075093,0.057225112,0.037610423,0.07048333,-0.26480395,-0.18943086,-0.013591529,0.06688161,-0.0029983136,0.07118376,-0.19577546,-0.22903669,0.057990063,0.065133065,-0.008842952,0.062818326,-0.106300086,-0.250403,0.111545034,0.05638428,0.061640322,0.044242207,-0.028604144,-0.2923073,0.12426617
150,0.018506577,0.3233687,0.031250205,-0.42187816,-0.15379104,-0.075311,0.028200055,0.21074499,0.059428852,-0.3397479,-0.15734187,-0.0607879,0.057092402,0.037434902,0.070431545,-0.26418534,-0.19062993,-0.014027892,0.06698524,-0.0032905147,0.07128234,-0.19508594,-0.23036379,0.057985984,0.06536348,-0.009349162,0.06303831,-0.10528314,-0.2516411,0.11183324,0.056713197,0.061255183,0.044575695,-0.027282791,-0.29330766,0.12465231
151,0.018829104,0.32393482,0.031493176,-0.42526525,-0.15388723,-0.07447777,0.02835953,0.21033983,0.05969597,-0.34167597,-0.15735704,-0.060881943,0.057294473,0.037041195,0.070694566,-0.2654361,-0.19076036,-0.014018556,0.067201115,-0.0038917628,0.07149869,-0.19619365,-0.23065785,0.058304183,0.06552761,-0.009978933,0.06320546,-0.10585083,-0.25197265,0.11233237,0.056841146,0.061076626,0.044663362,-0.027316932,-0.2935939,0.12505823
152,0.01819741,0.32374474,0.031043248,-0.42792004,-0.1541931,-0.07526056,0.027908498,0.21008174,0.059500247,-0.34260926,-0.15762776,-0.061949063,0.05711549,0.037050445,0.0705907,-0.26574564,-0.19121063,-0.014712903,0.067134656,-0.0041105025,0.071422495,-0.19644687,-0.23125257,0.05805103,0.06547941,-0.010640648,0.06314836,-0.10572792,-0.252463,0.11232705,0.056809187,0.06033969,0.044635206,-0.026876513,-0.29387584,0.1250942
153,0.016791362,0.32378373,0.03005048,-0.43024495,-0.15583071,-0.07615244,0.02718775,0.21032603,0.0590772,-0.34254405,-0.1591144,-0.06323603,0.056924894,0.037615128,0.07048041,-0.26467195,-0.19285661,-0.01564242,0.06724958,-0.0036260257,0.071530275,-0.1952644,-0.23305549,0.05764074,0.06578378,-0.010671754,0.06343226,-0.10428464,-0.25411335,0.11228871,0.057247385,0.060025968,0.045108456,-0.025225554,-0.29519236,0.12531622
154,0.017947553,0.32369432,0.03087655,-0.4323183,-0.15603161,-0.074492835,0.027971994,0.20876163,0.05986318,-0.34447524,-0.15929823,-0.062148377,0.05765802,0.036210798,0.07126082,-0.26654053,-0.19316961,-0.014311677,0.06796266,-0.005117627,0.07225555,-0.19698685,-0.23359859,0.059325002,0.066424586,-0.011489974,0.06408921,-0.105070196,-0.25489137,0.11413784,0.057847314,0.06032982,0.04561707,-0.025080668,-0.29608476,0.12690072
155,0.019689724,0.32545388,0.0321563,-0.43435752,-0.15498917,-0.07410239,0.0289621,0.21003589,0.060739987,-0.34545004,-0.15828872,-0.062429536,0.05833241,0.036942955,0.07195548,-0.26759472,-0.19232893,-0.01430295,0.06850368,-0.0049146395,0.07279817,-0.19851065,-0.23286118,0.059740197,0.06680988,-0.011940429,0.0645055,-0.106414095,-0.25408688,0.11476775,0.058121815,0.060336195,0.045748703,-0.026007181,-0.29531705,0.12714605
156,0.016451059,0.326911,0.029872997,-0.42872858,-0.15421218,-0.07733619,0.02679879,0.21321008,0.059197485,-0.3366306,-0.15744685,-0.06534548,0.056994867,0.03947671,0.070743814,-0.2595318,-0.19129068,-0.01677948,0.067563154,-0.0038506673,0.071798,-0.1928261,-0.2312132,0.057603028,0.06605992,-0.014138357,0.063777454,-0.10342747,-0.25147474,0.11292158,0.0575597,0.057686675,0.045029934,-0.024879213,-0.2922465,0.12468163
157,0.018577494,0.32987756,0.031463746,-0.42699537,-0.1510308,-0.07795195,0.027776217,0.21632598,0.06005426,-0.33425754,-0.1544638,-0.06617057,0.05745172,0.041228037,0.07121645,-0.2586693,-0.18839078,-0.017196609,0.067740485,-0.0034620874,0.07196403,-0.1937659,-0.22812842,0.05752702,0.06593992,-0.015727187,0.063737385,-0.10543507,-0.24806982,0.11299743,0.057260975,0.05665288,0.044449285,-0.02718562,-0.2889725,0.123814486
158,0.019267436,0.33077395,0.03199442,-0.41980165,-0.1488812,-0.07564487,0.028081601,0.21507171,0.060612023,-0.32819232,-0.15240338,-0.06393896,0.057867214,0.039113034,0.07175691,-0.25531182,-0.18600574,-0.014849554,0.06814195,-0.007131518,0.0723475,-0.19273049,-0.22532196,0.05981429,0.06616573,-0.019887442,0.06408065,-0.10571825,-0.24517635,0.11528576,0.05748232,0.05541158,0.04428856,-0.027729472,-0.2864447,0.12447312
159,0.019402198,0.3353402,0.03219031,-0.41376537,-0.1495112,-0.07641285,0.028553385,0.22063102,0.06118142,-0.319379,-0.15295431,-0.06477463,0.058743905,0.042934604,0.072723225,-0.24811892,-0.18649706,-0.015003166,0.069409676,-0.004910678,0.07360509,-0.18804948,-0.22546652,0.06030955,0.06765366,-0.02054567,0.06563442,-0.10305715,-0.2447199,0.11632687,0.059161924,0.055545103,0.04563319,-0.026004223,-0.285807,0.1240305
160,0.022333223,0.33888578,0.034380376,-0.4115252,-0.147659,-0.07610747,0.030333547,0.22402962,0.062733345,-0.3169279,-0.15126461,-0.064638995,0.06004497,0.044785023,0.07403891,-0.24750538,-0.18495567,-0.014339099,0.07052558,-0.0043661254,0.07472918,-0.1891541,-0.2239106,0.061455324,0.0685602,-0.021550784,0.066649176,-0.10470433,-0.24304989,0.11778409,0.05997274,0.055664588,0.04612522,-0.027352551,-0.28431457,0.12432384
161,0.02022851,0.3396719,0.032898128,-0.40396345,-0.14903584,-0.076314375,0.029395355,0.2245929,0.062279727,-0.30824003,-0.15248801,-0.06452212,0.060027298,0.04488891,0.07417728,-0.2403271,-0.18590423,-0.013781901,0.071036205,-0.005396329,0.07522106,-0.1838694,-0.2244423,0.062363904,0.069358796,-0.023788808,0.06749604,-0.10098791,-0.24313071,0.11906089,0.06104932,0.05493259,0.04696664,-0.024496375,-0.28418458,0.12479556
162,0.02110916,0.34333003,0.033622514,-0.40050426,-0.14601354,-0.07645182,0.029609213,0.22775157,0.06269809,-0.30339047,-0.14955874,-0.065033525,0.06014198,0.046370354,0.074425675,-0.23725656,-0.18286225,-0.014059543,0.071069665,-0.005924803,0.075230114,-0.18325496,-0.2211046,0.062229205,0.069152944,-0.026725046,0.06737759,-0.10228744,-0.23952232,0.11909735,0.060728915,0.053621456,0.04629767,-0.026410403,-0.28081068,0.12368358
163,0.02034948,0.34589708,0.033143517,-0.39769495,-0.14480075,-0.07713385,0.029017415,0.2301537,0.06248382,-0.29855895,-0.14831369,-0.06594033,0.05989533,0.0476624,0.07433683,-0.2333368,-0.18148313,-0.014691367,0.07098917,-0.0062238267,0.07511763,-0.18117972,-0.21944134,0.06181819,0.06903064,-0.029122606,0.067288235,-0.10184323,-0.23749809,0.11891968,0.060606968,0.05236533,0.04593678,-0.026667904,-0.27877343,0.12277713
164,0.022226322,0.34781203,0.034544755,-0.3977152,-0.14417467,-0.07769579,0.030209618,0.23223908,0.063608564,-0.29838777,-0.14781842,-0.06624105,0.060888615,0.048944563,0.07537434,-0.2341101,-0.18122762,-0.014369966,0.071914755,-0.005792997,0.07605094,-0.18273884,-0.21933843,0.06268278,0.06983397,-0.029712971,0.06815735,-0.10306622,-0.23734201,0.120122045,0.061358575,0.05246369,0.046503063,-0.027150802,-0.27859834,0.12355645
165,0.021961018,0.34729168,0.034349646,-0.39573705,-0.14503917,-0.07754111,0.030240951,0.2311352,0.06387078,-0.29658842,-0.14866024,-0.065798536,0.061299898,0.047939517,0.07588102,-0.23301937,-0.182088,-0.013507544,0.072525844,-0.0072361566,0.07666238,-0.18213406,-0.220221,0.06393867,0.07051784,-0.031018673,0.0688892,-0.102132216,-0.23816957,0.1216892,0.06215439,0.052286834,0.047178216,-0.025743518,-0.279301,0.12481567
166,0.0218957,0.34716195,0.034303624,-0.3966443,-0.1451576,-0.077818014,0.030202564,0.2306816,0.06403703,-0.29692295,-0.14878426,-0.0660467,0.061463766,0.04752705,0.07613295,-0.23339239,-0.18231915,-0.013397338,0.07277355,-0.008076554,0.076904364,-0.18272749,-0.22055466,0.06441333,0.07074365,-0.032059997,0.06913456,-0.102284074,-0.23845801,0.12240552,0.062391356,0.051835343,0.047342107,-0.025372658,-0.2794766,0.12536092
167,0.020709006,0.34678018,0.03344433,-0.39780724,-0.1455022,-0.07898475,0.0294442,0.23052762,0.06361769,-0.29676524,-0.14909431,-0.06708787,0.061114494,0.04752695,0.075886674,-0.23284714,-0.18270761,-0.014069289,0.07259888,-0.008507599,0.07670781,-0.1823651,-0.22098441,0.06412535,0.0706059,-0.033098478,0.0689741,-0.10178166,-0.23869976,0.122351214,0.06227937,0.050894838,0.047202278,-0.024704264,-0.2794719,0.1252828
168,0.020361178,0.34700495,0.033201907,-0.40087053,-0.14489333,-0.07992096,0.029036054,0.23077056,0.06343611,-0.2984571,-0.14850321,-0.06817999,0.060815684,0.047736418,0.075669214,-0.23394765,-0.18225412,-0.014904565,0.072302096,-0.008770081,0.07638875,-0.18354578,-0.2206433,0.06358391,0.07021237,-0.034050636,0.06856351,-0.10267632,-0.23825805,0.12196397,0.06181078,0.04995746,0.046708696,-0.02523876,-0.27890047,0.12485422
169,0.020775793,0.34816796,0.033529345,-0.4048262,-0.14457917,-0.079505295,0.029187951,0.23107202,0.063698865,-0.30079618,-0.1481324,-0.06855222,0.06094759,0.047783002,0.07587701,-0.23548573,-0.18197887,-0.015217419,0.072411455,-0.009156626,0.07648485,-0.18508744,-0.2205131,0.06350496,0.07021381,-0.034784857,0.06857261,-0.103750676,-0.2381264,0.12207288,0.061744474,0.049673006,0.046588488,-0.025715576,-0.27872223,0.12486699
170,0.020947283,0.34848297,0.033664774,-0.40756607,-0.1443801,-0.079301864,0.029212484,0.23061219,0.06388799,-0.30258524,-0.14791071,-0.0687775,0.061045706,0.0472844,0.07605659,-0.23682557,-0.1818515,-0.015287771,0.072516404,-0.010050094,0.076577656,-0.1864628,-0.22052287,0.06370368,0.07023078,-0.035795026,0.06860718,-0.10456918,-0.23814341,0.12247489,0.061724566,0.049242493,0.04651342,-0.025889441,-0.27867797,0.12514237
171,0.020163218,0.34882694,0.033110548,-0.40956542,-0.14586589,-0.07912993,0.028936798,0.23049891,0.063841596,-0.30286232,-0.14923148,-0.06907656,0.061181217,0.04727043,0.076286055,-0.23621772,-0.18319632,-0.015401899,0.07290033,-0.010247638,0.07694839,-0.18574825,-0.22194725,0.063950986,0.070733614,-0.036136817,0.06909194,-0.10343301,-0.23945399,0.123021506,0.062312864,0.049243294,0.047074854,-0.024388844,-0.27974018,0.12574463
172,0.019439904,0.3480645,0.032578222,-0.410872,-0.14674848,-0.07915624,0.028584007,0.22919588,0.06376418,-0.30343205,-0.15004681,-0.06917177,0.061208777,0.04633251,0.07641156,-0.23639232,-0.18406966,-0.015232559,0.07310499,-0.011375506,0.07713948,-0.18582931,-0.22292571,0.06444819,0.07098768,-0.0370694,0.06934778,-0.10289284,-0.24040219,0.12377104,0.06262836,0.04887536,0.047362562,-0.023305982,-0.28051075,0.12646283
173,0.020952534,0.34914422,0.033695925,-0.41651082,-0.14483598,-0.07896118,0.029120747,0.2293849,0.06431474,-0.3080309,-0.14823034,-0.06966585,0.061345637,0.04622823,0.07660227,-0.24035381,-0.18247905,-0.01564204,0.07296521,-0.0120009845,0.07698752,-0.18973362,-0.2215923,0.06421231,0.07053371,-0.038068365,0.06892223,-0.10601684,-0.23920101,0.12362022,0.061969914,0.048267618,0.04665277,-0.025477115,-0.27942663,0.12614067
174,0.020579396,0.35000455,0.033447593,-0.42016977,-0.14646614,-0.079502635,0.029123308,0.23047458,0.06441746,-0.3092927,-0.14971305,-0.07062599,0.061623864,0.04739545,0.07693367,-0.24032342,-0.18412992,-0.016266275,0.0734608,-0.010835285,0.077473246,-0.18936346,-0.22342062,0.06407497,0.07116307,-0.037419494,0.06950233,-0.10502287,-0.24087842,0.12378029,0.06265402,0.04855537,0.04734316,-0.024048975,-0.28077498,0.12654829
175,0.018307379,0.34907365,0.03180075,-0.4207944,-0.14778176,-0.07986873,0.027844315,0.22915229,0.063584924,-0.30821964,-0.1508469,-0.07122639,0.06103717,0.046583895,0.07647104,-0.23839061,-0.18518318,-0.016733192,0.0732133,-0.011835579,0.07718816,-0.18745938,-0.22442043,0.063837335,0.0710721,-0.038536157,0.06936211,-0.10317355,-0.2416844,0.12374534,0.062672794,0.047764115,0.047367685,-0.022310255,-0.281306,0.12657504
176,0.017866334,0.34841523,0.031472802,-0.4227404,-0.14670049,-0.07938852,0.027284909,0.22714496,0.06334264,-0.30955175,-0.14976786,-0.07121119,0.060620636,0.04480383,0.076167785,-0.23948054,-0.18409356,-0.016733494,0.0727693,-0.014139296,0.07670598,-0.18878192,-0.22336778,0.06386534,0.07046014,-0.040697914,0.06876687,-0.10429026,-0.24068525,0.12385012,0.061991755,0.04661871,0.046635963,-0.023016373,-0.2803772,0.12641637
177,0.01798844,0.350389,0.031600304,-0.426992,-0.14624484,-0.08109318,0.027211957,0.23009019,0.06336112,-0.3108151,-0.14931212,-0.073267676,0.06053638,0.047319923,0.076136485,-0.23976186,-0.18390821,-0.018351149,0.072707936,-0.012170952,0.07660995,-0.18930767,-0.22331752,0.062702075,0.070336394,-0.040551297,0.068569764,-0.10486831,-0.24035864,0.122868925,0.061753836,0.04594375,0.046372596,-0.023516819,-0.27980527,0.12552918
178,0.019409167,0.35254857,0.03267466,-0.42676342,-0.14661378,-0.0815833,0.028294446,0.23272566,0.0643094,-0.30957696,-0.14969681,-0.07380056,0.061516646,0.049213085,0.077120185,-0.23909485,-0.18451314,-0.018327257,0.07372942,-0.010810205,0.07763757,-0.18936424,-0.22403534,0.06331858,0.07137196,-0.04026542,0.06964617,-0.10479172,-0.24092118,0.12384995,0.062815264,0.04640599,0.04728908,-0.023005813,-0.2802363,0.12630668
179,0.017797094,0.35077965,0.031482726,-0.42083484,-0.14665292,-0.08044954,0.027353708,0.22915341,0.0638599,-0.30480486,-0.14967969,-0.07252846,0.06122333,0.04589208,0.076981455,-0.2358794,-0.18419662,-0.017015487,0.07368827,-0.0149452,0.07755079,-0.18734221,-0.22344875,0.064625494,0.07134968,-0.04374986,0.06970753,-0.103400946,-0.2402926,0.12537375,0.06294582,0.045281857,0.047255754,-0.021741949,-0.27969968,0.1271813
180,0.01646396,0.35112342,0.030536322,-0.4205322,-0.14761047,-0.0812722,0.026691101,0.22966965,0.0634853,-0.30268338,-0.15052888,-0.07339431,0.06105696,0.046431556,0.07691046,-0.2334799,-0.18505794,-0.01753469,0.07380937,-0.0148461955,0.077631526,-0.18540797,-0.22425172,0.064453825,0.0715951,-0.044501573,0.06990503,-0.10177611,-0.24081749,0.12543716,0.06326384,0.044728305,0.047514904,-0.020303644,-0.27996007,0.1271924
181,0.019336877,0.3541995,0.032689396,-0.42668024,-0.1461224,-0.081823505,0.028242046,0.23289438,0.06468539,-0.30722752,-0.14915422,-0.07456392,0.061866023,0.048818164,0.077671625,-0.2373669,-0.18409564,-0.01837238,0.07427991,-0.012813555,0.07811976,-0.18931179,-0.22363484,0.064043835,0.07181051,-0.04365665,0.070149034,-0.10483384,-0.24022645,0.1251648,0.06327753,0.045065686,0.0474585,-0.022335444,-0.2793855,0.1268954
182,0.018899748,0.35316217,0.03236382,-0.42598018,-0.14599283,-0.08111912,0.027943784,0.2304335,0.06465428,-0.30677113,-0.14900355,-0.07397959,0.061835535,0.04665497,0.07774111,-0.23730142,-0.18388686,-0.017699273,0.074331425,-0.015398013,0.07814565,-0.18963465,-0.22342402,0.06482941,0.07180565,-0.045676086,0.07020345,-0.10489025,-0.24007574,0.12614135,0.06332286,0.04448755,0.047416665,-0.021914402,-0.27928355,0.12755364
183,0.018478893,0.35290396,0.032061037,-0.42745635,-0.14604512,-0.0808882,0.027645577,0.2292891,0.06460091,-0.30745643,-0.14901094,-0.07404892,0.061770707,0.04567952,0.07777487,-0.23766859,-0.18392146,-0.017630009,0.074354686,-0.016752705,0.07814228,-0.1901363,-0.22352284,0.06509271,0.07178542,-0.046993814,0.07019598,-0.10503352,-0.24016568,0.12659314,0.063310854,0.04394528,0.047355343,-0.021601828,-0.27931485,0.12786369
184,0.018940708,0.35372722,0.032415297,-0.4319896,-0.14611253,-0.082179315,0.02787871,0.23074856,0.06489039,-0.31013775,-0.14911142,-0.07540616,0.061982553,0.0471169,0.07802972,-0.2394492,-0.18435143,-0.01848764,0.074571446,-0.015534839,0.0783452,-0.19169496,-0.22421552,0.064727664,0.0719515,-0.046704054,0.070314646,-0.105789274,-0.24075009,0.12642089,0.06339654,0.043631874,0.04743914,-0.021687374,-0.27965915,0.12783816
185,0.018185819,0.354104,0.03187944,-0.43467364,-0.14728959,-0.08352951,0.027563652,0.231948,0.064741544,-0.31076512,-0.15021516,-0.07675594,0.061987035,0.048467897,0.07808958,-0.23909639,-0.18565822,-0.019368943,0.07478279,-0.014279735,0.07853457,-0.19116132,-0.22566184,0.06434466,0.07227666,-0.046316423,0.070564464,-0.104822546,-0.24196967,0.12626675,0.06374515,0.043352693,0.04780077,-0.02049646,-0.28051552,0.12790567
186,0.018765206,0.35306907,0.032285128,-0.43566808,-0.14625601,-0.08267224,0.027700944,0.22930437,0.06507354,-0.31259602,-0.14925644,-0.07605854,0.062105455,0.046043098,0.078298405,-0.24134974,-0.18475199,-0.01858049,0.07479129,-0.017184874,0.07852521,-0.19362514,-0.22488444,0.065232426,0.072072305,-0.048487782,0.07044929,-0.10650831,-0.24139991,0.12731503,0.06350239,0.042645417,0.047482874,-0.021211307,-0.28010377,0.1286007
187,0.019260138,0.3535014,0.032662213,-0.43910182,-0.14598003,-0.082779855,0.027914992,0.22919941,0.06535977,-0.31487712,-0.14897832,-0.07653619,0.062274154,0.04597295,0.07851659,-0.2430399,-0.18465288,-0.018828563,0.07492344,-0.017509794,0.078643784,-0.1952632,-0.22497004,0.06527326,0.072107375,-0.04902236,0.07049316,-0.10747515,-0.24150303,0.12751952,0.06348536,0.04235627,0.047434695,-0.021482375,-0.28014532,0.12876737
188,0.018880235,0.3537766,0.03240005,-0.44204098,-0.14642332,-0.08349352,0.027700031,0.2294761,0.06529029,-0.3159471,-0.14936398,-0.07748344,0.062242333,0.04643838,0.07854016,-0.24328966,-0.18520492,-0.019452214,0.075001195,-0.017207203,0.0786958,-0.19545113,-0.22565147,0.065004386,0.0722061,-0.049227864,0.07055085,-0.10725424,-0.24206541,0.12742381,0.0635778,0.04200404,0.047519147,-0.020922184,-0.2805024,0.12875919
189,0.017341122,0.35408676,0.031296443,-0.44313905,-0.14801659,-0.08329773,0.027002508,0.22916871,0.06488273,-0.31477785,-0.15073054,-0.07787708,0.062105723,0.046373717,0.07850626,-0.2411259,-0.18650487,-0.019733453,0.07520593,-0.01745619,0.078853466,-0.19338146,-0.22691159,0.06496261,0.07257701,-0.04977994,0.07086508,-0.10528469,-0.24313529,0.1276198,0.06405231,0.04184581,0.04796636,-0.01905617,-0.28133246,0.12900105
190,0.01791467,0.35447803,0.03172601,-0.44548336,-0.1466403,-0.08258101,0.02705485,0.22816972,0.06506926,-0.31655732,-0.14936133,-0.07781429,0.06202797,0.045251235,0.07850276,-0.24271224,-0.18516737,-0.019714192,0.074993804,-0.019150073,0.07860749,-0.19530915,-0.22564302,0.0650086,0.07213613,-0.05151479,0.07046747,-0.10700728,-0.24195461,0.12775362,0.06351454,0.041084066,0.047363542,-0.020248728,-0.28029948,0.12885387
191,0.0185694,0.35569456,0.032226637,-0.44923773,-0.14711004,-0.08288732,0.027529633,0.22939548,0.06553044,-0.3185405,-0.14978933,-0.078547195,0.062471844,0.04637038,0.078975484,-0.24383402,-0.18583481,-0.020114891,0.07547212,-0.018158399,0.07907868,-0.19629695,-0.22653253,0.06502927,0.07260785,-0.051108222,0.07091639,-0.10730539,-0.24278417,0.12798539,0.06395711,0.04124576,0.047779165,-0.019918406,-0.28095135,0.12917383
192,0.017095694,0.3552982,0.031157488,-0.45026264,-0.14821503,-0.082700446,0.026763797,0.2283095,0.06509052,-0.31794614,-0.15072441,-0.07878663,0.062222745,0.045656953,0.078836784,-0.2424606,-0.18671408,-0.020251624,0.07549758,-0.019078946,0.07905952,-0.19496582,-0.22739148,0.06508137,0.072735816,-0.05206344,0.07100455,-0.10592636,-0.2435269,0.12824276,0.06416308,0.040811885,0.047969796,-0.018510208,-0.28151727,0.12943512
193,0.014775581,0.3541423,0.02946315,-0.4505476,-0.14953291,-0.08328291,0.025494711,0.22688477,0.064257756,-0.31636855,-0.1518778,-0.07946373,0.061675057,0.044925578,0.07841198,-0.24010293,-0.18781702,-0.02069669,0.0753233,-0.019986391,0.078819826,-0.19271861,-0.22843572,0.064872235,0.07272342,-0.05316964,0.070912816,-0.1038276,-0.24436253,0.12822883,0.06425038,0.040046025,0.048056524,-0.016619738,-0.2820836,0.12948279
194,0.014720172,0.35486186,0.029453604,-0.45395002,-0.15019085,-0.083597004,0.02557345,0.22722696,0.06440934,-0.31742668,-0.15244812,-0.080201775,0.06189786,0.04549976,0.07868226,-0.24023099,-0.18856268,-0.021113496,0.07567534,-0.019488059,0.07914642,-0.19279478,-0.22932638,0.06480313,0.07311895,-0.053099234,0.071276456,-0.10346322,-0.24516979,0.12835594,0.06465903,0.040179815,0.048436712,-0.015840434,-0.2827266,0.12968323
195,0.01592992,0.3560263,0.030371197,-0.45810443,-0.14960483,-0.083108634,0.026209075,0.22717755,0.065013655,-0.31996894,-0.15184619,-0.08039465,0.062317986,0.045399535,0.07913896,-0.24217509,-0.18813941,-0.021150002,0.07599587,-0.019874921,0.07944706,-0.19481015,-0.22909513,0.064973176,0.07328715,-0.05364604,0.071481206,-0.10484913,-0.24502467,0.1286839,0.064760454,0.040274512,0.048475195,-0.016414825,-0.28264114,0.12988503
196,0.017270062,0.35689077,0.031371344,-0.46134505,-0.1493408,-0.08287986,0.02700643,0.22729738,0.065739445,-0.32216373,-0.15159851,-0.08054588,0.06291021,0.045500223,0.07974981,-0.2440403,-0.18812038,-0.021017872,0.07650589,-0.0199565,0.07995267,-0.19670942,-0.22929762,0.065406814,0.07368999,-0.05383506,0.071925655,-0.10597017,-0.24531043,0.12930101,0.0651245,0.040527645,0.0487797,-0.016668327,-0.2829418,0.13040741
197,0.016524566,0.3558764,0.030821731,-0.458923,-0.14937721,-0.082507834,0.026577638,0.22532184,0.065631546,-0.3198857,-0.15160039,-0.0800473,0.06287802,0.04380848,0.07983216,-0.24249437,-0.1880279,-0.020329325,0.07663885,-0.022260379,0.08001788,-0.19587424,-0.22909312,0.06617284,0.07378286,-0.05607022,0.07205166,-0.10534466,-0.2450602,0.13028067,0.06527986,0.039784454,0.048840098,-0.01593769,-0.28273588,0.13101336
198,0.017732406,0.35770538,0.031740062,-0.46060458,-0.1481649,-0.0831121,0.027116688,0.22729121,0.06615581,-0.32038024,-0.15046051,-0.08086056,0.06317676,0.045259904,0.080159836,-0.24310927,-0.18710884,-0.020784445,0.07681795,-0.021518253,0.080140255,-0.19715461,-0.22825265,0.06596054,0.0737576,-0.05678588,0.07200723,-0.10670562,-0.24407649,0.13016616,0.06511156,0.03914262,0.048587345,-0.017012775,-0.2817486,0.13067466
199,0.017153235,0.35835493,0.031336077,-0.46157125,-0.14842422,-0.08398489,0.02678793,0.22831285,0.066009425,-0.31957978,-0.15067501,-0.081850015,0.06309791,0.04627858,0.08014781,-0.24192625,-0.18744233,-0.021416802,0.07689316,-0.020908961,0.080155216,-0.19634405,-0.22859989,0.065626375,0.07384636,-0.057286553,0.07201879,-0.10606513,-0.24418579,0.12997271,0.06517144,0.0384975,0.048611384,-0.01644922,-0.28165936,0.13046321
200,0.015770297,0.35689905,0.030313006,-0.46075925,-0.14911391,-0.08411756,0.02603447,0.22623704,0.065616034,-0.31814188,-0.15129237,-0.08188893,0.0628755,0.044820864,0.080040425,-0.24049273,-0.18803376,-0.021195693,0.07692352,-0.022673389,0.08012797,-0.19519962,-0.22915603,0.06603977,0.07393536,-0.058874782,0.072094515,-0.10485733,-0.24466805,0.13059944,0.06534555,0.037828654,0.04874614,-0.01512861,-0.28203648,0.13096067
201,0.016266285,0.3570221,0.030685626,-0.46371397,-0.14881188,-0.08497367,0.026246248,0.22649619,0.06586282,-0.3199924,-0.15103881,-0.08277532,0.06302231,0.045271896,0.08020877,-0.24189912,-0.18806267,-0.021666449,0.0770338,-0.022363286,0.080226906,-0.19659582,-0.22939363,0.06594428,0.073977664,-0.059007376,0.07212413,-0.10561131,-0.24487244,0.13062376,0.06533354,0.037478533,0.048718937,-0.015281217,-0.28212208,0.13101669
202,0.017215066,0.35803694,0.031401712,-0.4683732,-0.1481779,-0.08555302,0.026651582,0.22743993,0.066236496,-0.32302183,-0.15043586,-0.083781466,0.06319518,0.04616442,0.08039491,-0.2440548,-0.18776141,-0.02236702,0.07708934,-0.02164855,0.08027322,-0.19864874,-0.22933856,0.06558392,0.0739058,-0.05893142,0.07203369,-0.10698876,-0.24479823,0.13035314,0.06515302,0.037168834,0.048531592,-0.015994543,-0.28195477,0.13080621
203,0.015985562,0.35694772,0.030488834,-0.46919796,-0.14879549,-0.08586794,0.025937883,0.22599177,0.065830804,-0.32293162,-0.15097925,-0.08416866,0.06290678,0.045242716,0.08020178,-0.2434675,-0.18833469,-0.022532765,0.07699814,-0.022766953,0.08013545,-0.1980837,-0.22994535,0.06564857,0.07385922,-0.06001228,0.07195184,-0.10617506,-0.24532731,0.13059552,0.06515063,0.036478244,0.048525676,-0.014997397,-0.2823258,0.13104984
204,0.016610721,0.35758787,0.030959042,-0.47303852,-0.14839707,-0.08528586,0.02618541,0.22552879,0.06615276,-0.3255941,-0.1505357,-0.08429568,0.06306208,0.044780392,0.08041833,-0.24532782,-0.18801206,-0.022595733,0.07708929,-0.023514485,0.080204636,-0.19986266,-0.22978869,0.06574799,0.073813304,-0.06077406,0.071925916,-0.107331745,-0.24525185,0.13084097,0.06504546,0.036211133,0.04839809,-0.015457327,-0.28226882,0.13122518
205,0.017049378,0.35868183,0.031299703,-0.4773937,-0.14839312,-0.08525417,0.026390558,0.22612305,0.06639263,-0.328056,-0.15047099,-0.084963806,0.06320589,0.045346927,0.080602095,-0.24666916,-0.18813463,-0.02309841,0.07722175,-0.023105705,0.08031682,-0.20104785,-0.23009847,0.065514825,0.073881336,-0.06081045,0.07196506,-0.107965104,-0.24553621,0.13073488,0.06505139,0.03604588,0.048397835,-0.015566052,-0.2824434,0.13118686
206,0.01620699,0.35793504,0.030678717,-0.47886768,-0.14857623,-0.08535303,0.025830796,0.22474422,0.06609331,-0.32852155,-0.15058625,-0.085302584,0.06293537,0.044406757,0.0804193,-0.24657069,-0.18828283,-0.023283567,0.07707349,-0.024287952,0.08012186,-0.20100273,-0.2302882,0.06549875,0.073716916,-0.06197235,0.07177931,-0.107694186,-0.24568704,0.1308669,0.06489911,0.035367426,0.048238285,-0.0150584,-0.28250778,0.13128299
207,0.015162125,0.35776109,0.029917331,-0.48008907,-0.15020524,-0.08561822,0.025487173,0.22454345,0.06593658,-0.3282004,-0.15208724,-0.085748665,0.06304231,0.04461928,0.08059223,-0.24543785,-0.18986431,-0.023426998,0.07746901,-0.024027279,0.080486745,-0.19972421,-0.23194842,0.065705545,0.074282624,-0.061884705,0.072283685,-0.10604368,-0.24721794,0.13129216,0.065553516,0.03542238,0.048886538,-0.013238978,-0.28376982,0.13184015
208,0.0149055375,0.3573034,0.02972598,-0.48184106,-0.15006489,-0.085601255,0.025238005,0.2234216,0.06590807,-0.32916018,-0.15192471,-0.085941255,0.06296366,0.043828964,0.08060351,-0.24600959,-0.18978463,-0.023426948,0.07744774,-0.025151018,0.08041594,-0.2003832,-0.23195098,0.06585395,0.07417932,-0.063095175,0.07216631,-0.10634367,-0.24722691,0.13157533,0.065422,0.034780335,0.048736304,-0.013122487,-0.2837465,0.13203242
209,0.015343344,0.3577835,0.030056613,-0.48516724,-0.15033066,-0.085984424,0.025524378,0.2238609,0.06622652,-0.33118033,-0.15218246,-0.08660063,0.06324554,0.044404276,0.08091611,-0.24728209,-0.19029681,-0.023744596,0.07774906,-0.024633825,0.080708995,-0.201484,-0.23268653,0.06591017,0.07446108,-0.0629232,0.07242388,-0.10670148,-0.24794134,0.1317806,0.06567194,0.03470284,0.048979294,-0.012856546,-0.28430817,0.13232197
210,0.015002466,0.3573411,0.029802602,-0.4872778,-0.14967233,-0.086585864,0.025083303,0.22320005,0.066007696,-0.33223376,-0.15153582,-0.08736391,0.06290595,0.04405525,0.0806509,-0.24786836,-0.1897892,-0.024268912,0.07741471,-0.025363643,0.080316484,-0.20223138,-0.23225628,0.06556009,0.07400696,-0.06411961,0.07192404,-0.10728115,-0.24744117,0.13149685,0.06513565,0.033630643,0.048444033,-0.013203781,-0.2837405,0.13199139
211,0.015177232,0.35775515,0.029938737,-0.48977208,-0.15013225,-0.08658464,0.025257587,0.22326446,0.066236824,-0.33348778,-0.15194239,-0.087773606,0.06314952,0.044219766,0.080928735,-0.24848637,-0.19037004,-0.024428282,0.077717826,-0.02528714,0.080605365,-0.20277466,-0.2329923,0.06572825,0.07431568,-0.06419407,0.072221614,-0.10725998,-0.24815005,0.13184346,0.06544938,0.033569526,0.048741736,-0.012694393,-0.28432015,0.1323753
212,0.014556462,0.35773754,0.029485209,-0.49140424,-0.1509622,-0.08640699,0.025000416,0.22270691,0.066155575,-0.33384785,-0.15266414,-0.08802617,0.06318025,0.043911766,0.08102888,-0.24813198,-0.19115065,-0.024512704,0.07791756,-0.02572941,0.08076625,-0.20237805,-0.2338409,0.06588653,0.07456559,-0.06469302,0.072438926,-0.10653508,-0.24893713,0.13219456,0.06573729,0.03334466,0.04901777,-0.011712679,-0.2849618,0.13275205
213,0.01415112,0.35757545,0.029186867,-0.49323502,-0.15114014,-0.08648398,0.024724139,0.22208472,0.06606615,-0.3346156,-0.15278912,-0.08843351,0.06309382,0.0435414,0.08101276,-0.2483158,-0.19137248,-0.024727244,0.07791923,-0.026349647,0.080720626,-0.2026051,-0.23414302,0.06588549,0.07453498,-0.06551659,0.072374895,-0.106453665,-0.24918656,0.13233733,0.06569133,0.032770146,0.04896323,-0.011329819,-0.28510737,0.13287853
214,0.01377058,0.357863,0.028914647,-0.4954628,-0.15084709,-0.08751547,0.024348464,0.22274938,0.06579758,-0.33533,-0.1524876,-0.089706145,0.06277228,0.044331413,0.08071169,-0.24833252,-0.19126856,-0.025720559,0.07762116,-0.025752647,0.08038139,-0.20274134,-0.23412469,0.06518171,0.074201904,-0.06576314,0.07196167,-0.106543936,-0.24898113,0.13166367,0.06528253,0.03190126,0.048567306,-0.011405248,-0.28470784,0.13229531
215,0.015435662,0.35735628,0.030158743,-0.49704212,-0.14975825,-0.08652134,0.02520317,0.220461,0.06667618,-0.33768576,-0.15147774,-0.088784836,0.06336991,0.042193092,0.081366986,-0.25127968,-0.19038284,-0.02463447,0.07801857,-0.028313693,0.08077938,-0.2059068,-0.23341192,0.06636066,0.074343055,-0.06749301,0.072270505,-0.10872718,-0.24858376,0.13306208,0.06541599,0.031860415,0.04862667,-0.01230864,-0.28459728,0.13332346
216,0.018163925,0.36165833,0.032239005,-0.50340724,-0.15055642,-0.08497973,0.027163193,0.22324182,0.068200864,-0.3411612,-0.1521516,-0.08877395,0.064818,0.044186335,0.08275855,-0.25342274,-0.19137982,-0.02447739,0.07937032,-0.026205806,0.08216752,-0.20788135,-0.23475803,0.06693862,0.075681746,-0.06576866,0.07366618,-0.10961986,-0.2500111,0.13388322,0.06675002,0.03359569,0.04987328,-0.012034445,-0.2859729,0.13419226
217,0.016984725,0.36300284,0.031441648,-0.4978241,-0.14818378,-0.084710106,0.026013283,0.22329204,0.067392826,-0.3345436,-0.14970794,-0.088968255,0.0638688,0.04367292,0.08192171,-0.24814476,-0.18854766,-0.024885856,0.078483805,-0.028370231,0.08104129,-0.2048728,-0.23131672,0.06603127,0.074477494,-0.070080295,0.07239417,-0.109397314,-0.24613236,0.13292634,0.065405756,0.031257004,0.048379254,-0.013313374,-0.28236902,0.13267659
218,0.016099013,0.3632268,0.030840958,-0.49040025,-0.14861219,-0.084054776,0.025812123,0.22244155,0.06744833,-0.32647455,-0.15003778,-0.088034876,0.06425193,0.042891562,0.08242017,-0.24210787,-0.18859664,-0.023700407,0.07924904,-0.030171547,0.08162983,-0.20071605,-0.23092794,0.06711051,0.07526038,-0.07286933,0.07317745,-0.10691353,-0.2454684,0.13428476,0.06630842,0.030990487,0.049070884,-0.011635787,-0.2818687,0.1335241
219,0.016874403,0.36756375,0.031521503,-0.4881684,-0.14990075,-0.08562865,0.026854573,0.2285078,0.06821859,-0.32047454,-0.15127282,-0.089549065,0.06537495,0.048310462,0.083470844,-0.23674034,-0.19014022,-0.024393521,0.08066844,-0.02500316,0.082931906,-0.19670944,-0.23237695,0.06692667,0.07686727,-0.07102478,0.07456356,-0.10410604,-0.2462676,0.13414554,0.067857094,0.031764958,0.05045271,-0.0097073065,-0.28230584,0.1334079
220,0.014947669,0.3679713,0.030153327,-0.48012102,-0.1497821,-0.0855631,0.02583149,0.22797048,0.06761154,-0.31105003,-0.15101027,-0.089292035,0.06507834,0.047829486,0.08334476,-0.22928864,-0.18949394,-0.023926329,0.08082705,-0.026862537,0.082870714,-0.19141851,-0.23113911,0.06716158,0.077021636,-0.07460601,0.07464926,-0.101256065,-0.24460039,0.13457783,0.068073995,0.030756114,0.05045841,-0.008320653,-0.28077853,0.13320248
221,0.015557061,0.36993805,0.0306743,-0.4766588,-0.14791082,-0.08583822,0.025968041,0.22943825,0.067799896,-0.30702955,-0.14916848,-0.08958825,0.06509987,0.048657816,0.083414726,-0.226651,-0.18759649,-0.024036884,0.08081101,-0.027234334,0.082723774,-0.19050963,-0.2290097,0.06695544,0.07676114,-0.07689357,0.0743862,-0.10186489,-0.2422548,0.13441278,0.067703545,0.02986464,0.049920633,-0.009410428,-0.27865735,0.13251117
222,0.017324172,0.37218556,0.032039873,-0.4764443,-0.14652494,-0.086720906,0.026894815,0.23212934,0.06856681,-0.30618715,-0.1479009,-0.09037847,0.06564589,0.05067805,0.08392744,-0.22664213,-0.1866119,-0.024369957,0.08119008,-0.025868686,0.08304974,-0.19153139,-0.22810462,0.066896364,0.07693967,-0.077286884,0.07455982,-0.10320238,-0.24119586,0.13438922,0.06774871,0.029515637,0.049851958,-0.010463403,-0.27763408,0.13223904
223,0.01793973,0.3723402,0.032507814,-0.47566172,-0.14659718,-0.08699871,0.027366666,0.23224306,0.06903559,-0.30560198,-0.14801171,-0.090491824,0.066119045,0.050723113,0.084406465,-0.22664909,-0.18688406,-0.02412949,0.08167274,-0.026110917,0.083513044,-0.19198303,-0.22846717,0.06746545,0.07738809,-0.077795886,0.07505603,-0.10330961,-0.24151534,0.13515194,0.06823106,0.029445563,0.050260372,-0.01004659,-0.27789757,0.1328565
224,0.017044647,0.37113303,0.031831373,-0.47495845,-0.14671813,-0.08791256,0.02680678,0.23131372,0.06870827,-0.30471247,-0.14814758,-0.091084845,0.06586551,0.050208308,0.08421609,-0.2259321,-0.18711366,-0.024377879,0.081551306,-0.02693055,0.08334334,-0.19155647,-0.22871651,0.06748914,0.07727409,-0.078881696,0.07491282,-0.10278751,-0.24164255,0.13531092,0.0681352,0.028611297,0.050142422,-0.009412199,-0.27788246,0.13296673
225,0.018148014,0.37105927,0.032651573,-0.4773679,-0.14566715,-0.08798522,0.027241,0.23064645,0.06914336,-0.3073193,-0.147188,-0.09127978,0.06604528,0.049535975,0.08441009,-0.22847342,-0.18637082,-0.0243931,0.08154127,-0.027898643,0.0833362,-0.19422713,-0.22819817,0.06769338,0.07707286,-0.0797197,0.07480021,-0.104723066,-0.24126363,0.13563794,0.06789068,0.028191876,0.049872175,-0.010373329,-0.2775668,0.1331814
226,0.019323912,0.37207904,0.033544146,-0.48134935,-0.14541401,-0.088411346,0.027895262,0.23169522,0.069690675,-0.31027383,-0.14698051,-0.09198426,0.0664357,0.050453562,0.084777586,-0.23069866,-0.18647514,-0.024813328,0.0818019,-0.026977802,0.08361379,-0.19630878,-0.22858629,0.06765133,0.07725386,-0.079185225,0.07498729,-0.105940074,-0.24167007,0.13567527,0.068008006,0.028208282,0.049980752,-0.010736901,-0.2778548,0.13330084
227,0.018971724,0.37133813,0.03327874,-0.48231712,-0.14585291,-0.08812372,0.027745718,0.23008245,0.069682986,-0.3111395,-0.14736846,-0.091913424,0.06647018,0.049139354,0.08486737,-0.23120077,-0.18688491,-0.024655895,0.08191418,-0.028426738,0.08371331,-0.19678399,-0.22908618,0.068024226,0.07736896,-0.08006887,0.075160004,-0.105847485,-0.24222244,0.13627225,0.06820252,0.028027253,0.05015401,-0.01006894,-0.2783509,0.13385275
228,0.017531859,0.37016228,0.03220048,-0.4815774,-0.14675789,-0.08849552,0.027015388,0.22866292,0.06921585,-0.30990952,-0.14819473,-0.09222142,0.066208564,0.048217893,0.08468447,-0.2297881,-0.18768495,-0.024760423,0.081896685,-0.029530833,0.0836448,-0.19550084,-0.22985153,0.068144456,0.077446654,-0.08107778,0.07520985,-0.104470156,-0.24286084,0.1365835,0.06836545,0.027512496,0.05029773,-0.008685907,-0.27881494,0.13415378
229,0.017994456,0.37149575,0.032574162,-0.48475972,-0.14719796,-0.089931674,0.027394392,0.231204,0.06951249,-0.31118354,-0.14865716,-0.09367365,0.06652294,0.050682686,0.084964536,-0.23026057,-0.18852882,-0.025679518,0.08223529,-0.026963096,0.083975695,-0.19590265,-0.23092403,0.067760594,0.0778346,-0.079805516,0.075478084,-0.10433351,-0.2437033,0.13621542,0.06866535,0.027415283,0.050592612,-0.008220821,-0.27932465,0.13399328
230,0.01781289,0.3700972,0.03241834,-0.48389706,-0.14713563,-0.09025156,0.027263146,0.2295997,0.06952989,-0.31119943,-0.14864479,-0.09371852,0.066537805,0.04938314,0.0850187,-0.23072188,-0.18861115,-0.025479557,0.08227464,-0.028523682,0.08400046,-0.19660202,-0.23109157,0.068225935,0.07783325,-0.08097695,0.07554551,-0.1045488,-0.24390231,0.13687733,0.06872511,0.026877351,0.05062081,-0.007866045,-0.2794859,0.13453911
231,0.018192532,0.37045965,0.032714155,-0.48540044,-0.14641,-0.0893458,0.027319478,0.22839798,0.0697022,-0.312573,-0.1478721,-0.09343009,0.06653376,0.04802094,0.085087396,-0.23182023,-0.18780315,-0.025297947,0.08219811,-0.030440718,0.08388282,-0.19801162,-0.23033336,0.06841913,0.07757269,-0.082664676,0.07537004,-0.10576738,-0.24325421,0.13726215,0.0684548,0.026392272,0.050308917,-0.0084944805,-0.27897525,0.1347153
232,0.018614382,0.37266847,0.03306661,-0.48921406,-0.14628674,-0.08953967,0.027518768,0.23045664,0.06985076,-0.3142056,-0.1476764,-0.09439367,0.06659261,0.049674783,0.08514715,-0.23221007,-0.1877694,-0.026155801,0.08223344,-0.028969005,0.08388034,-0.19848298,-0.23042317,0.06779982,0.07755193,-0.0823206,0.07525662,-0.106167816,-0.24318583,0.13665684,0.06831981,0.02612437,0.050162055,-0.0087359045,-0.27875277,0.13419971
233,0.017350497,0.37210348,0.032124527,-0.4893502,-0.1470109,-0.089394934,0.026850568,0.22923978,0.06943321,-0.3136006,-0.1482774,-0.09456011,0.06632378,0.04877137,0.08496857,-0.23105055,-0.18828979,-0.026273927,0.08217836,-0.030133104,0.08376388,-0.19742976,-0.23090091,0.06781425,0.077546686,-0.08343155,0.07521647,-0.10511708,-0.24356678,0.13685317,0.06836631,0.025622878,0.050192498,-0.0076999515,-0.27901825,0.13437384
234,0.016561527,0.37201545,0.03154028,-0.49131137,-0.14710577,-0.08976793,0.026301745,0.22889328,0.06908277,-0.31425038,-0.14830235,-0.09527773,0.06598586,0.048678108,0.08470095,-0.23082699,-0.18837933,-0.026846455,0.081947565,-0.03048462,0.08347393,-0.19726616,-0.23104042,0.06742995,0.07729431,-0.08421326,0.074889906,-0.1048746,-0.24359086,0.13655534,0.06807289,0.024873484,0.04990244,-0.0073789293,-0.2789011,0.1341168
235,0.017003618,0.3724788,0.03188139,-0.49395537,-0.14731406,-0.08988201,0.026602091,0.22907515,0.06935671,-0.3161427,-0.14848773,-0.09575076,0.06621502,0.048849747,0.08492463,-0.23202814,-0.1887601,-0.02712745,0.08214782,-0.030301815,0.083687216,-0.19836505,-0.23161311,0.06750109,0.07748577,-0.084044494,0.075102806,-0.10528371,-0.24416073,0.13676374,0.06827292,0.024844943,0.050091926,-0.007149913,-0.27934512,0.13438176
236,0.016251678,0.37120983,0.031307243,-0.49434814,-0.14789055,-0.090550356,0.026225315,0.22795755,0.069143414,-0.3162402,-0.14905582,-0.09625326,0.066111244,0.048229344,0.0848574,-0.23192026,-0.18945882,-0.02732786,0.08217131,-0.03094285,0.08369609,-0.19823018,-0.23240829,0.06764525,0.07757606,-0.0844956,0.07518494,-0.10466242,-0.24489474,0.1370672,0.06842234,0.024418479,0.050238553,-0.0062016225,-0.27989978,0.13473389
237,0.01476949,0.37006825,0.030198762,-0.49473485,-0.14890698,-0.09163733,0.025487162,0.22735874,0.06860097,-0.315538,-0.15001155,-0.097191215,0.06579858,0.04825238,0.08457989,-0.23064904,-0.1905247,-0.027924772,0.08209806,-0.030822571,0.083593085,-0.19690295,-0.23351625,0.06742584,0.077663295,-0.08456854,0.07518798,-0.10313066,-0.24580945,0.13696006,0.068565734,0.023943525,0.050389815,-0.0047456706,-0.28052232,0.13477403
238,0.01533996,0.37029842,0.03063878,-0.49724978,-0.14679956,-0.09243366,0.025302127,0.22728653,0.06847661,-0.31722552,-0.14800125,-0.098205276,0.0653161,0.04819434,0.08411126,-0.2320425,-0.18870677,-0.028804595,0.08139322,-0.03142384,0.08282796,-0.1988129,-0.23180233,0.066622265,0.07667595,-0.08597963,0.074190885,-0.1052147,-0.24407378,0.1361014,0.06741431,0.022631068,0.049235865,-0.006535961,-0.2788704,0.13380414
239,0.014658561,0.375957,0.030237604,-0.49676278,-0.14524806,-0.09527869,0.024577834,0.2357463,0.06774029,-0.31154966,-0.14641191,-0.10161306,0.06454336,0.055233557,0.08331318,-0.22604668,-0.18734539,-0.03169749,0.08075511,-0.025434762,0.08196129,-0.19455673,-0.23014145,0.0639962,0.07594311,-0.08581266,0.07295736,-0.10393253,-0.24142839,0.13329792,0.06622266,0.020441338,0.047972754,-0.0076328632,-0.2758552,0.13589884
240,0.016428117,0.3887958,0.03323437,-0.45302802,-0.14293021,-0.09605008,0.02781101,0.2363077,0.071243785,-0.27822328,-0.14359628,-0.09333612,0.068237126,0.048671767,0.08748759,-0.20828125,-0.18193442,-0.02593194,0.08480585,-0.04139896,0.084793836,-0.18600342,-0.22235098,0.06304629,0.078290634,-0.1061475,0.07582843,-0.104071975,-0.23405007,0.126456,0.068635345,0.019680565,0.049384303,-0.009379623,-0.2714783,0.12851816
241,0.027163656,0.41876206,0.043522812,-0.40167317,-0.14665915,-0.091610774,0.038577586,0.2544655,0.080918856,-0.23922479,-0.1465734,-0.08388671,0.078327075,0.055053093,0.09775857,-0.18705396,-0.18281427,-0.018185265,0.09529625,-0.043297533,0.094237104,-0.17376618,-0.22106875,0.06911283,0.08758917,-0.11667084,0.08558963,-0.099405125,-0.23255132,0.13460769,0.07808646,0.02593591,0.057508662,-0.005954419,-0.2724316,0.137662
242,0.024409845,0.4439072,0.042954657,-0.37161535,-0.13183668,-0.10200249,0.035572108,0.28361428,0.0789452,-0.2043728,-0.132024,-0.09042414,0.07551154,0.07290998,0.09552337,-0.16420709,-0.16732758,-0.024427177,0.09260814,-0.036961645,0.09012211,-0.162678,-0.20376071,0.060938064,0.0827026,-0.13206615,0.07951499,-0.10612809,-0.21391284,0.13170652,0.07126624,0.017078381,0.049914557,-0.020002456,-0.25556132,0.14144118
243,0.02730683,0.45597324,0.0457926,-0.33045387,-0.13135967,-0.09911015,0.03863808,0.28889674,0.08218383,-0.17584454,-0.13122019,-0.08686132,0.07890914,0.0728414,0.099251464,-0.1484508,-0.16524757,-0.021092284,0.09644357,-0.042786207,0.09355362,-0.15324053,-0.20054191,0.06399803,0.0860363,-0.14106049,0.08371349,-0.103248686,-0.21069565,0.13997379,0.075276524,0.01920503,0.05310417,-0.018684627,-0.2538402,0.15189457
244,0.030709267,0.46245137,0.04861054,-0.30923298,-0.12626594,-0.0965765,0.040472586,0.2880687,0.0843351,-0.16579944,-0.1264327,-0.08432902,0.080519736,0.06861217,0.10117876,-0.14670816,-0.16001116,-0.018944256,0.09781724,-0.05188104,0.09478731,-0.1567085,-0.19525243,0.06586712,0.08659371,-0.15000676,0.08554059,-0.10997072,-0.2061957,0.14519067,0.07655844,0.020005167,0.053830076,-0.022629412,-0.25085974,0.15719384
245,0.030015409,0.47052786,0.048495945,-0.3052697,-0.12319512,-0.10002992,0.039925553,0.29799393,0.08436657,-0.15865633,-0.12339027,-0.086424716,0.08038763,0.0748977,0.10144223,-0.1415925,-0.15680486,-0.020481836,0.09797748,-0.04906234,0.09448922,-0.15439904,-0.1917992,0.0640415,0.08612843,-0.1532094,0.08443343,-0.11166788,-0.20225808,0.14353253,0.07528778,0.01810834,0.052345067,-0.025760906,-0.247076,0.15584376
246,0.029178746,0.47372273,0.048089717,-0.30304024,-0.12390246,-0.102874435,0.039743435,0.30375257,0.084549256,-0.15522352,-0.12400375,-0.08790221,0.08066252,0.07909371,0.10194451,-0.13872783,-0.15738621,-0.02131715,0.098583385,-0.046250474,0.09485332,-0.15217204,-0.192314,0.06341425,0.086599134,-0.15375549,0.084435895,-0.110389955,-0.20238118,0.14301316,0.07536576,0.017455764,0.052313447,-0.025075894,-0.2469078,0.15568791
247,0.029437806,0.47250548,0.048257288,-0.30143717,-0.123696424,-0.10343241,0.039888207,0.30212462,0.08490533,-0.15782067,-0.12398782,-0.08786696,0.0809143,0.07747868,0.10226677,-0.14219694,-0.15754704,-0.021103946,0.09875521,-0.048524167,0.09504027,-0.1559747,-0.19283669,0.063967705,0.086651064,-0.15529262,0.08487865,-0.112765335,-0.2032037,0.14435107,0.075733535,0.01751757,0.05259396,-0.025077935,-0.24774954,0.15708461
248,0.027958658,0.47195926,0.047238234,-0.30211556,-0.12512824,-0.10434675,0.03925801,0.30204263,0.08461774,-0.15863618,-0.1252764,-0.08838052,0.080748536,0.077341154,0.10222234,-0.14237458,-0.15873106,-0.021480782,0.09879594,-0.049079522,0.09501515,-0.15585887,-0.19408993,0.063862875,0.08673242,-0.15595737,0.08493836,-0.11199195,-0.20441145,0.1446135,0.07588645,0.017253788,0.05271659,-0.023742132,-0.248706,0.15754078
249,0.027654264,0.47111994,0.047009397,-0.30476564,-0.12579304,-0.1052366,0.0391367,0.30176753,0.08470452,-0.16242848,-0.12598242,-0.088825956,0.08080233,0.077093795,0.10234449,-0.14542669,-0.15957405,-0.0217554,0.09885648,-0.04959313,0.09505911,-0.15858482,-0.19524793,0.06393047,0.08674938,-0.15634532,0.085044384,-0.1132128,-0.20570454,0.14504686,0.07600144,0.017085457,0.052811712,-0.023249684,-0.24979463,0.15815336
250,0.02569511,0.47041252,0.04564262,-0.30716357,-0.12756197,-0.10663637,0.038250666,0.30237067,0.08418606,-0.16347928,-0.12756184,-0.08971779,0.080464356,0.077715576,0.10212923,-0.14520717,-0.16106604,-0.022429857,0.09878827,-0.049205404,0.09490328,-0.15780424,-0.19678643,0.0635567,0.08676845,-0.15647964,0.0848717,-0.11178927,-0.2070909,0.14479907,0.07597324,0.016590605,0.052785553,-0.021649048,-0.250794,0.15816854
