Epoch,Layer0_theta_1,Layer0_r,Layer0_theta_2,Layer0_bx,Layer0_bp,Layer0_gamma,Layer1_theta_1,Layer1_r,Layer1_theta_2,Layer1_bx,Layer1_bp,Layer1_gamma,Layer2_theta_1,Layer2_r,Layer2_theta_2,Layer2_bx,Layer2_bp,Layer2_gamma,Layer3_theta_1,Layer3_r,Layer3_theta_2,Layer3_bx,Layer3_bp,Layer3_gamma,Layer4_theta_1,Layer4_r,Layer4_theta_2,Layer4_bx,Layer4_bp,Layer4_gamma,Layer5_theta_1,Layer5_r,Layer5_theta_2,Layer5_bx,Layer5_bp,Layer5_gamma
1,0.06340648,0.07472584,0.06319346,0.03009183,-0.05103516,0.066318385,0.06316367,0.0762603,0.06341292,0.035712235,-0.050950628,0.065963656,0.06333549,0.06993935,0.06397844,0.039551068,-0.050801225,0.06578674,0.06395509,0.06821795,0.06423091,0.041941963,-0.05061093,0.065815926,0.064267136,0.0683919,0.0641435,0.043428104,-0.05032866,0.06605004,0.06423866,0.07050183,0.06386379,0.044313844,-0.049347308,0.066455856
2,0.03554686,0.14790638,0.035620756,0.032721926,-0.10730623,0.03786129,0.035622533,0.12064045,0.037410617,0.05581708,-0.10806046,0.037446715,0.03726331,0.05220376,0.039902583,0.073845886,-0.1081801,0.037213765,0.03985501,0.04547414,0.040816393,0.08494466,-0.107972234,0.03723515,0.040885877,0.047120113,0.04002423,0.091471925,-0.107412264,0.037529264,0.040208556,0.065164916,0.038215376,0.09495204,-0.10533049,0.038168676
3,0.051847387,0.20346293,0.050114878,0.02650383,-0.1135983,0.049022023,0.050211743,0.17267248,0.048631996,0.050811466,-0.11744147,0.048407216,0.048174046,0.068582065,0.051496666,0.07203457,-0.11897135,0.04784528,0.050972033,0.05985617,0.052273214,0.08567227,-0.1198693,0.047358572,0.051642038,0.06345356,0.050716277,0.0933894,-0.12053461,0.046832222,0.049956735,0.094672106,0.04870121,0.09690486,-0.12162866,0.046297997
4,0.04622645,0.2444813,0.047979303,0.022404313,-0.07905377,0.03461344,0.04848743,0.19955388,0.04906934,0.034080647,-0.08875542,0.038632587,0.048505265,0.07317326,0.05267043,0.04974076,-0.09239207,0.03842534,0.051615592,0.063328646,0.052621372,0.060941458,-0.09479833,0.035425186,0.05083298,0.07207143,0.048542563,0.06686202,-0.09694793,0.029849445,0.045915086,0.1193398,0.042454403,0.06843439,-0.10179687,0.025491789
5,0.055420008,0.27341026,0.05460885,0.027395112,-0.07013674,0.032466404,0.055455416,0.2242123,0.05649733,0.034370355,-0.08087558,0.03572705,0.056120664,0.083518445,0.06113489,0.04729809,-0.08479388,0.036159903,0.060109068,0.07188272,0.061531473,0.056919698,-0.08724372,0.032666963,0.059519544,0.08239642,0.057358913,0.061809685,-0.08926552,0.026444472,0.054217722,0.13734931,0.05157867,0.062793136,-0.09426489,0.0267738
6,0.052960157,0.2913307,0.053715635,0.03706842,-0.08225065,0.016199818,0.054683626,0.2367534,0.05783794,0.046615146,-0.090549976,0.025051022,0.057732172,0.087461635,0.06372836,0.059898805,-0.09339823,0.027141757,0.063034154,0.07415102,0.065022655,0.069231786,-0.09475068,0.02405619,0.06339476,0.08509472,0.061538234,0.07407475,-0.09529402,0.017700274,0.058832992,0.14325742,0.0567746,0.075795166,-0.09688027,0.019018054
7,0.056522325,0.30366856,0.056436926,0.04347603,-0.09289493,0.0054397173,0.05744665,0.24765562,0.06132253,0.05550757,-0.099193595,0.018230928,0.06138234,0.092781514,0.06804511,0.06936654,-0.1012455,0.02155879,0.06758008,0.07811673,0.07013065,0.078667834,-0.101849005,0.019013919,0.06880202,0.0887918,0.067525305,0.08359109,-0.1014363,0.012955742,0.065192126,0.1479156,0.06435953,0.08590733,-0.10086474,0.015126908
8,0.061369877,0.3119393,0.059843853,0.043018226,-0.089006566,-0.003823337,0.060947374,0.25590724,0.06480581,0.053792313,-0.096025094,0.01257657,0.06489755,0.09745638,0.071817435,0.066757634,-0.09839091,0.0164776,0.07131276,0.08218767,0.074048005,0.07554063,-0.09935782,0.01359139,0.07258466,0.093271956,0.07148842,0.0800941,-0.09953492,0.0064239004,0.06892469,0.15404348,0.068645105,0.0819963,-0.10106216,0.0061112167
9,0.06692803,0.31731504,0.06354854,0.042618528,-0.087115526,-0.011013456,0.06469899,0.26241976,0.068207115,0.052760355,-0.0944983,0.00838052,0.06831054,0.10161515,0.075406104,0.065265894,-0.097032964,0.012834621,0.07487587,0.085830115,0.077821955,0.07378111,-0.09818852,0.009940353,0.07628419,0.09691279,0.07548577,0.07813814,-0.09867008,0.002340154,0.072797306,0.15822692,0.07327828,0.07981586,-0.10139384,0.00077309995
10,0.07021401,0.32018745,0.06572258,0.043121334,-0.08777516,-0.01950246,0.06688681,0.26644534,0.070275664,0.053369936,-0.09502397,0.0034636746,0.07039734,0.104180954,0.07766784,0.06581041,-0.0974983,0.008593033,0.07715536,0.087965,0.080306515,0.07424352,-0.098574825,0.005877077,0.07878434,0.098865286,0.07826358,0.07855082,-0.0989304,-0.0018953586,0.075587526,0.16011973,0.07669601,0.08023352,-0.10147091,-0.004486272
11,0.07366154,0.3219638,0.067918025,0.044871986,-0.09098095,-0.026666934,0.06908147,0.2697934,0.07227615,0.055875473,-0.09759183,-0.0005594371,0.072437555,0.106470205,0.07990038,0.06859145,-0.09975573,0.005333325,0.079462245,0.08976581,0.08289214,0.07708543,-0.10044982,0.0031299524,0.08148549,0.10016441,0.08136749,0.08146248,-0.10018967,-0.0041957465,0.07884585,0.16068123,0.08078993,0.0833728,-0.10102052,-0.006525114
12,0.07686382,0.32291028,0.06990334,0.044796273,-0.09040767,-0.032995544,0.071084686,0.27221563,0.07396787,0.055675015,-0.09715324,-0.0041752686,0.07413807,0.10821629,0.08166948,0.06830304,-0.099339895,0.0022845902,0.08123432,0.09126021,0.084792405,0.07673594,-0.10000079,0.00035314573,0.083380595,0.10145791,0.0834699,0.08105838,-0.09966785,-0.00687635,0.08093235,0.16169566,0.083363526,0.08291751,-0.10058689,-0.009594006
13,0.079777,0.32331538,0.071671195,0.045087304,-0.08995891,-0.038667433,0.072878,0.2741366,0.075463,0.05579366,-0.09682127,-0.0073594265,0.07565105,0.1096536,0.0832474,0.06834761,-0.09899638,-0.0003065204,0.082828894,0.092463434,0.086516134,0.07672327,-0.099562734,-0.0018504906,0.08511865,0.10241234,0.085415065,0.08099723,-0.09904472,-0.008769344,0.08288586,0.16225731,0.08578368,0.08282802,-0.099689685,-0.011408399
14,0.08249245,0.32340565,0.07329496,0.0461412,-0.09026823,-0.044054095,0.07453454,0.27581453,0.07686339,0.05677073,-0.09709813,-0.01030609,0.07708707,0.1109314,0.08477685,0.0693136,-0.09916661,-0.0025794036,0.084404394,0.09346637,0.0882596,0.07764588,-0.09951143,-0.003575443,0.08691987,0.10305417,0.08747099,0.0818944,-0.09859016,-0.009922431,0.08500649,0.16229863,0.088434815,0.08376976,-0.09822792,-0.011958877
15,0.08431701,0.32292694,0.07433735,0.046889845,-0.089347124,-0.049550984,0.07562468,0.27674416,0.077790216,0.057047054,-0.09641796,-0.013315269,0.078046046,0.11166078,0.08579697,0.06943038,-0.09848717,-0.004920326,0.085453466,0.09402427,0.08940807,0.07766044,-0.09871675,-0.005402592,0.08809308,0.10339717,0.088788316,0.0818316,-0.09756266,-0.011251481,0.08633995,0.16228497,0.09007707,0.08365775,-0.0968031,-0.012833702
16,0.086487986,0.32256508,0.075595625,0.047507517,-0.087994725,-0.054058805,0.07693639,0.27779943,0.07887305,0.05709278,-0.09539643,-0.015731229,0.079161234,0.112512715,0.08696461,0.06926299,-0.09750717,-0.006729906,0.08664558,0.09470722,0.0907042,0.07736734,-0.09766948,-0.006710767,0.08940352,0.103856355,0.09025832,0.081444696,-0.09635843,-0.012038492,0.087809704,0.1623798,0.09188942,0.083194956,-0.09541935,-0.01303954
17,0.08747745,0.32160255,0.076093875,0.048688795,-0.08709511,-0.059116293,0.07749266,0.27813756,0.079394296,0.0576308,-0.09476102,-0.01843475,0.0797222,0.11280678,0.08760007,0.06960001,-0.09687256,-0.008755881,0.0873177,0.09486008,0.091469996,0.07758205,-0.09691792,-0.00818208,0.09020272,0.103808545,0.09117403,0.08157799,-0.09536453,-0.012942795,0.08875167,0.16199636,0.0930521,0.0832877,-0.09391685,-0.013322751
18,0.08939616,0.321223,0.077201545,0.050001066,-0.08618895,-0.06274232,0.07866513,0.27911046,0.080395564,0.05828842,-0.09412794,-0.020249661,0.080769315,0.11359522,0.08872826,0.07004338,-0.09623952,-0.009938692,0.08848914,0.09544939,0.092779346,0.07789264,-0.096165374,-0.0087459665,0.09155248,0.10410725,0.092722334,0.08180508,-0.094361424,-0.012764804,0.09033309,0.1618294,0.095023856,0.0834826,-0.09235155,-0.01205261
19,0.089946195,0.32006314,0.07741779,0.050499476,-0.084096014,-0.06731962,0.078945786,0.27910826,0.0806817,0.057922415,-0.09254226,-0.022696223,0.08108576,0.11364482,0.08909109,0.06934875,-0.0947794,-0.011814924,0.08886421,0.09543924,0.09319567,0.07702629,-0.09474489,-0.010219995,0.09195994,0.10402974,0.09316678,0.08081279,-0.09296531,-0.013905207,0.090745084,0.16165625,0.095506296,0.08235834,-0.09132969,-0.0129840495
20,0.091716714,0.3197397,0.07844367,0.052343387,-0.08364184,-0.0703534,0.08004031,0.28011248,0.08165313,0.05905131,-0.092300706,-0.024103738,0.08210955,0.11445209,0.09022342,0.07026866,-0.09450787,-0.01258383,0.09005042,0.09601779,0.09455202,0.07781519,-0.09432545,-0.010312857,0.09337315,0.10426347,0.09481672,0.08153398,-0.092243135,-0.013143631,0.09245077,0.16134265,0.09765379,0.083088204,-0.089773856,-0.010857353
21,0.092164956,0.31862116,0.07860362,0.05316556,-0.08190806,-0.074349254,0.080267295,0.28012767,0.0819203,0.058994588,-0.09102042,-0.026158625,0.082411155,0.114516675,0.09059201,0.06989619,-0.09333154,-0.014071021,0.090438366,0.09600214,0.09500695,0.07727737,-0.09317322,-0.011355758,0.093830764,0.10413725,0.09534323,0.0808844,-0.091090515,-0.013763713,0.0929614,0.16105305,0.09827885,0.08233751,-0.088848665,-0.0110395495
22,0.09335114,0.31807548,0.07925914,0.05409834,-0.08042482,-0.07709471,0.08098867,0.28068945,0.08256816,0.059100237,-0.08994397,-0.027463447,0.08309486,0.11500085,0.09134432,0.06970936,-0.09234218,-0.014872384,0.09121406,0.09636195,0.09588235,0.07693619,-0.09219496,-0.011686112,0.09471595,0.10431737,0.09636178,0.08044414,-0.09009002,-0.013556112,0.09397402,0.16096286,0.09954127,0.08181851,-0.08796308,-0.010053193
23,0.09361779,0.31714675,0.079327874,0.055487733,-0.07977543,-0.080201864,0.081112936,0.2807491,0.08277619,0.059713632,-0.08954913,-0.028983867,0.08333719,0.115088604,0.09167601,0.07009913,-0.091975726,-0.015872551,0.09157514,0.09634193,0.09633991,0.077209525,-0.09178714,-0.012221418,0.09519946,0.10412694,0.096952476,0.08065618,-0.08957349,-0.013581558,0.094585925,0.16050209,0.10032016,0.08201032,-0.08717373,-0.009385955
24,0.09415237,0.31644577,0.07957876,0.056484234,-0.07878859,-0.08268507,0.08141804,0.2809613,0.083105385,0.059958436,-0.08886892,-0.030160392,0.08369556,0.11530006,0.09210551,0.07010481,-0.09135891,-0.016604818,0.092024684,0.09646087,0.09687429,0.077094726,-0.091177896,-0.012550197,0.095745146,0.104101956,0.097599626,0.08047068,-0.08894413,-0.013462825,0.09523463,0.16025451,0.10113922,0.081776746,-0.0865856,-0.00863684
25,0.09492368,0.31599328,0.07999691,0.057120044,-0.07746623,-0.08453689,0.081889905,0.28130484,0.08354014,0.059853304,-0.087906465,-0.03099806,0.08415495,0.11561648,0.09261359,0.06974236,-0.09049383,-0.01707943,0.09254409,0.096706025,0.09746153,0.07660633,-0.09036662,-0.012685798,0.09632975,0.104238704,0.09827335,0.079901345,-0.088196345,-0.013214688,0.09589104,0.16022791,0.10195908,0.08113122,-0.08617959,-0.00782118
26,0.09466387,0.3150821,0.0797495,0.057977654,-0.076799534,-0.08691118,0.08168259,0.2810773,0.08347135,0.0600651,-0.08746638,-0.03215912,0.08410615,0.11547746,0.09263171,0.06976386,-0.09010295,-0.017869977,0.09257488,0.09652044,0.09754649,0.076537885,-0.089989536,-0.013177908,0.09642113,0.103978224,0.098409355,0.079782926,-0.087819524,-0.013415292,0.09602718,0.15985793,0.10214187,0.08097872,-0.0858615,-0.0076788063
27,0.095666096,0.31495896,0.08034061,0.05877813,-0.07626055,-0.08800329,0.08231188,0.2816383,0.08402749,0.060326647,-0.08711626,-0.032567117,0.0846832,0.11595534,0.09326139,0.06986455,-0.089792356,-0.01797778,0.09322014,0.09690343,0.098278925,0.07656111,-0.08968471,-0.012960877,0.0971646,0.10420397,0.0992774,0.07976634,-0.08750075,-0.012787899,0.09690098,0.15982492,0.1032463,0.08094337,-0.08553701,-0.0063659726
28,0.09529686,0.31418273,0.08004069,0.059255984,-0.075341985,-0.089889765,0.08204885,0.28136134,0.08390002,0.060206078,-0.08645207,-0.033477534,0.08457005,0.1157711,0.09319574,0.0695469,-0.089201,-0.018602649,0.09315807,0.096706375,0.098243974,0.07615242,-0.089145005,-0.013374844,0.09712268,0.10399258,0.09924542,0.0792997,-0.08703415,-0.013019157,0.09685183,0.15961143,0.10318807,0.080416985,-0.08539592,-0.0064128772
29,0.09593253,0.31408435,0.08041406,0.059651174,-0.0748067,-0.09061572,0.08244867,0.28170824,0.0842607,0.06021045,-0.08607001,-0.03372912,0.08494274,0.11607273,0.09360186,0.06942557,-0.08886173,-0.018651599,0.0935702,0.09695627,0.098708756,0.075973205,-0.088832155,-0.01321457,0.09758763,0.104156874,0.099784814,0.07908682,-0.08675344,-0.012605206,0.09738529,0.15963747,0.10386024,0.08017545,-0.085264735,-0.0055786367
30,0.09601183,0.31368583,0.08042257,0.060144596,-0.07487894,-0.09178277,0.08246808,0.2817471,0.08434735,0.06047813,-0.086155824,-0.034240212,0.08503668,0.116128966,0.09374771,0.06964666,-0.08894321,-0.018939337,0.093723625,0.09696159,0.09891704,0.07617592,-0.088898964,-0.013309207,0.09780493,0.104072794,0.100063205,0.079287075,-0.08678557,-0.012500718,0.09767414,0.15940574,0.10423892,0.08038816,-0.08515952,-0.0052084923
31,0.0961721,0.31338838,0.080489814,0.06041573,-0.074462995,-0.09270827,0.082554385,0.28181663,0.0844722,0.060440347,-0.08584913,-0.034619946,0.08516932,0.1162094,0.093916,0.06950902,-0.08867023,-0.0191276,0.093894586,0.09701255,0.09912516,0.07599364,-0.08865114,-0.013331382,0.09801076,0.10407503,0.10031081,0.07907818,-0.08657303,-0.012351846,0.09791454,0.1593342,0.10454554,0.0801537,-0.08509804,-0.0048188344
32,0.09619371,0.31306264,0.0804703,0.06034629,-0.073963605,-0.09355993,0.08254702,0.2817786,0.084513694,0.060186047,-0.085445,-0.034986634,0.08521349,0.11620436,0.09398536,0.06917781,-0.08830563,-0.019346233,0.09396066,0.0969988,0.099210635,0.07562802,-0.08832609,-0.013447592,0.098086335,0.104047865,0.10040253,0.0786861,-0.086314216,-0.012393663,0.09798985,0.15929359,0.104640834,0.079724535,-0.08511073,-0.004803629
33,0.096366614,0.3129578,0.08056436,0.060849495,-0.074353844,-0.093998745,0.08264353,0.28190258,0.0846443,0.060551323,-0.08577282,-0.03510916,0.08534802,0.1163162,0.0941586,0.06953842,-0.08860533,-0.019324992,0.09414104,0.09706819,0.099438064,0.07599271,-0.088593505,-0.013272695,0.09832577,0.10403718,0.1007009,0.079065114,-0.08652062,-0.012030487,0.09830512,0.15914235,0.10505139,0.08013494,-0.085059926,-0.0041233506
34,0.09622946,0.31269148,0.080454804,0.06048968,-0.073625974,-0.09458583,0.082544886,0.28176373,0.08460069,0.060052924,-0.08516368,-0.03535524,0.08530413,0.11622411,0.09412324,0.06895554,-0.08805081,-0.019482248,0.094096884,0.09699732,0.09938747,0.07537013,-0.08809981,-0.013393239,0.098256335,0.10400771,0.10061248,0.07840546,-0.0861357,-0.012162366,0.098187946,0.15919666,0.104895845,0.07941512,-0.085124254,-0.004334681
35,0.096162446,0.312529,0.080398016,0.06077943,-0.07396384,-0.09500804,0.082485884,0.2817406,0.08460559,0.06027453,-0.08543151,-0.03549126,0.08530924,0.116216056,0.09416016,0.069184914,-0.088293605,-0.019507319,0.09413659,0.096967496,0.09945686,0.07560948,-0.08831959,-0.013316033,0.098332234,0.103934795,0.10071944,0.07865856,-0.08631523,-0.011976024,0.09830533,0.15904891,0.10505506,0.07969063,-0.08512758,-0.0039812615
36,0.09632357,0.31251755,0.08049444,0.060820773,-0.073990144,-0.095167056,0.08258304,0.28183022,0.08471663,0.06026177,-0.08543903,-0.035483975,0.085419945,0.116297856,0.09428828,0.069159895,-0.08829781,-0.019422224,0.09426386,0.097036794,0.09960455,0.07558253,-0.088324904,-0.013155015,0.098478734,0.10397874,0.100892276,0.07863129,-0.086324774,-0.011731277,0.098476656,0.15904841,0.10527269,0.07966152,-0.085150115,-0.003592027
37,0.09609952,0.31234178,0.080341384,0.060533397,-0.073523164,-0.09549765,0.08243529,0.28166807,0.084631756,0.059886366,-0.08503564,-0.03559859,0.08533316,0.116178125,0.09420721,0.06872918,-0.08792751,-0.019481342,0.09417495,0.09694248,0.09950488,0.075127155,-0.08799601,-0.013196734,0.09836426,0.10393184,0.1007533,0.07815121,-0.08607351,-0.011793785,0.09831613,0.15909278,0.10506372,0.07913793,-0.0852187,-0.0037240386
38,0.09630297,0.31240875,0.08047128,0.060675163,-0.07391181,-0.09549267,0.08255837,0.28180027,0.084763326,0.06005628,-0.08532554,-0.035502613,0.085462846,0.11628974,0.09435723,0.06893075,-0.08818681,-0.01931939,0.094326414,0.09703225,0.09968396,0.075349145,-0.08823067,-0.012956144,0.098548904,0.10397615,0.10097602,0.07839167,-0.08626832,-0.011453597,0.09854855,0.15905225,0.10536292,0.079402715,-0.085238844,-0.0031975163
39,0.096010074,0.31221098,0.08027439,0.060466543,-0.07396947,-0.09584137,0.08235376,0.28161615,0.08464418,0.059916902,-0.08532282,-0.035625625,0.08533856,0.116149954,0.094249636,0.0688071,-0.088175885,-0.019382581,0.09421349,0.096903615,0.099572346,0.07523567,-0.088223375,-0.012997298,0.098431446,0.1038658,0.10084765,0.07828099,-0.0862756,-0.011511402,0.09841393,0.1589778,0.105196096,0.079285376,-0.08529987,-0.0033278407
40,0.09593214,0.31211388,0.080217674,0.060184717,-0.0740149,-0.096058734,0.08228826,0.28155315,0.08462702,0.059749223,-0.08530438,-0.035672884,0.085315965,0.11610732,0.09424045,0.06866372,-0.08814907,-0.019379513,0.09419889,0.09686485,0.09956347,0.07510514,-0.08820054,-0.012973937,0.09841658,0.103832215,0.10083364,0.07815384,-0.086268716,-0.011499787,0.09839325,0.15895535,0.105170906,0.0791514,-0.08535482,-0.003369529
41,0.09646949,0.31233916,0.08056575,0.059989933,-0.07396977,-0.09583761,0.082633846,0.28185153,0.0849159,0.059605762,-0.085231245,-0.03545162,0.08560268,0.11635448,0.0945326,0.068524465,-0.088075735,-0.019116966,0.0944881,0.097096026,0.099873334,0.074969254,-0.08813526,-0.012655287,0.09872213,0.104030915,0.10117751,0.07801685,-0.08622295,-0.01110719,0.098731086,0.1590928,0.10559168,0.07900595,-0.085387245,-0.0028206005
42,0.09593972,0.31197247,0.08020865,0.059940673,-0.07444865,-0.096496694,0.082260795,0.2815559,0.08468371,0.059701152,-0.08556624,-0.035741687,0.085363746,0.11612574,0.09432719,0.06868338,-0.08836984,-0.019315459,0.09428025,0.096865326,0.09967845,0.075162835,-0.08840075,-0.0128161125,0.09852962,0.10379465,0.10098108,0.07823456,-0.086447604,-0.011280233,0.09854205,0.158852,0.10536775,0.07924806,-0.08543301,-0.0030898151
43,0.096337594,0.31220433,0.08047305,0.059509765,-0.07426047,-0.096171185,0.082520194,0.2817587,0.08489616,0.059380237,-0.0853554,-0.035485685,0.08557143,0.11629238,0.09452964,0.0683687,-0.08816786,-0.019055042,0.09447568,0.09703672,0.099876225,0.07485084,-0.08822038,-0.01254742,0.09871683,0.10397198,0.101180345,0.07791556,-0.08631437,-0.0110066105,0.09872687,0.15903643,0.10559004,0.07890574,-0.08549377,-0.0027849895
44,0.09587637,0.31199372,0.08017305,0.05961769,-0.07446607,-0.096521944,0.082216226,0.28151876,0.08470847,0.059436116,-0.085500196,-0.035602503,0.085381135,0.116101846,0.094361566,0.06842489,-0.088294,-0.019101351,0.09430582,0.09685697,0.09970895,0.07491327,-0.08833562,-0.012549247,0.0985493,0.10381094,0.100999795,0.07798438,-0.0864161,-0.01098489,0.09854798,0.15891375,0.10537037,0.078980066,-0.085531995,-0.0027474842
45,0.096224464,0.31213143,0.080398045,0.05923274,-0.074373715,-0.0964043,0.08243454,0.28169554,0.08489966,0.059173957,-0.08536799,-0.03544609,0.08556732,0.11625195,0.0945513,0.068179145,-0.088163346,-0.018911,0.09448935,0.09700422,0.09990259,0.07467564,-0.088219084,-0.0123311905,0.098734476,0.10394995,0.10120414,0.07774473,-0.08633349,-0.010747875,0.09874123,0.15903597,0.105607845,0.078724615,-0.08558726,-0.0024729676
46,0.095755525,0.31177735,0.080078945,0.059298605,-0.074698225,-0.09708513,0.082107104,0.2814435,0.0847067,0.05926183,-0.085597925,-0.035726983,0.08537052,0.11606008,0.09438904,0.06829315,-0.088365704,-0.019078892,0.09432559,0.09680889,0.099754445,0.074807845,-0.08840258,-0.012431982,0.098587885,0.10374733,0.10105832,0.07789143,-0.08648985,-0.010817551,0.09860031,0.15882751,0.105442815,0.07888641,-0.08562185,-0.0025515617
47,0.095716156,0.3117291,0.0800505,0.058975145,-0.07468554,-0.09721319,0.082070455,0.28140455,0.08471081,0.059048954,-0.085528836,-0.03571492,0.08536907,0.11603609,0.09439773,0.068098724,-0.088291116,-0.019021165,0.09432811,0.09679255,0.099759966,0.0746231,-0.08833562,-0.012354879,0.09858579,0.10374274,0.101055086,0.07770667,-0.086446516,-0.0107501205,0.09858793,0.15884528,0.10542549,0.078689285,-0.08567437,-0.0025230048
48,0.09561756,0.31174296,0.07999228,0.05858863,-0.07477649,-0.09715313,0.08199946,0.28133467,0.08468158,0.05884103,-0.085531764,-0.03561618,0.08533239,0.11598142,0.09436551,0.06793037,-0.08827824,-0.018911881,0.094288915,0.0967534,0.09971607,0.07447387,-0.08832321,-0.012257744,0.09853458,0.1037285,0.10099291,0.077562846,-0.086448744,-0.010697099,0.098517954,0.15887423,0.10533428,0.07853777,-0.08573612,-0.002556754
49,0.09565143,0.31171912,0.08001059,0.058377143,-0.07501025,-0.09726164,0.08200596,0.28134882,0.08472299,0.058777936,-0.0856614,-0.035585213,0.0853681,0.1160005,0.09441712,0.06791217,-0.08838456,-0.018825362,0.09433681,0.096767396,0.09977778,0.07447912,-0.08841899,-0.012132938,0.09859429,0.10372862,0.10106751,0.07758082,-0.08653567,-0.010551143,0.098592155,0.15884832,0.10543087,0.07856265,-0.085780375,-0.0023915656
50,0.095773764,0.31178358,0.08009131,0.058047187,-0.07524079,-0.09718681,0.082072,0.28140533,0.08480152,0.058660075,-0.085776605,-0.035463206,0.08543944,0.11605142,0.09449736,0.06785216,-0.08847464,-0.018676242,0.094412066,0.09681681,0.0998625,0.07444726,-0.08849918,-0.0119695375,0.09867561,0.10376948,0.101161696,0.07756255,-0.086610995,-0.010391413,0.098684184,0.15886986,0.10554692,0.07854946,-0.085831665,-0.0022442767
51,0.095804766,0.31179616,0.0801115,0.057723418,-0.07539351,-0.097196944,0.082079746,0.28140962,0.08483904,0.058514226,-0.08582958,-0.035383802,0.085470505,0.11606085,0.09453867,0.06774966,-0.08850797,-0.018559989,0.094448105,0.09682917,0.09990521,0.074365735,-0.08852768,-0.0118350275,0.09871358,0.10378269,0.10120591,0.07748943,-0.086643174,-0.010261654,0.09872395,0.15888296,0.10559664,0.07847519,-0.08587743,-0.0021358717
52,0.09529423,0.3115153,0.079774275,0.057364494,-0.07562698,-0.0976441,0.08172559,0.2811121,0.08461131,0.058372226,-0.085939646,-0.035561483,0.085234106,0.115826525,0.09432287,0.06766531,-0.088590264,-0.018683903,0.09422561,0.096609995,0.099679895,0.07430895,-0.088599406,-0.011964856,0.09848294,0.10359139,0.10095261,0.07744453,-0.08671158,-0.010463149,0.09846667,0.15874757,0.10527824,0.07843157,-0.0859303,-0.0025282002
53,0.09587374,0.31188682,0.080162875,0.056749735,-0.0756589,-0.09706683,0.08209857,0.28141212,0.084904894,0.058059964,-0.08587077,-0.035164166,0.085519366,0.11606959,0.094598114,0.067413524,-0.08850881,-0.018310651,0.09449314,0.09685353,0.09995201,0.07408244,-0.08852375,-0.011605876,0.09874627,0.103828974,0.10123715,0.077223666,-0.08666158,-0.010123092,0.09874063,0.15896522,0.105612144,0.078199886,-0.08598722,-0.002187154
54,0.09552578,0.31167445,0.079931095,0.05654138,-0.07602639,-0.09744523,0.08185071,0.28121704,0.08476094,0.058035746,-0.08609793,-0.03529048,0.0853679,0.1159192,0.0944702,0.067451365,-0.08870045,-0.018370682,0.09436092,0.09670632,0.099827595,0.07415254,-0.08869528,-0.0116428,0.09862068,0.103685044,0.1011073,0.07731261,-0.086810574,-0.010181582,0.09861277,0.15883021,0.10545894,0.07830256,-0.08603636,-0.0023345826
55,0.095410086,0.31154755,0.07984858,0.056191616,-0.07619974,-0.09771894,0.08175419,0.2811368,0.084725484,0.057881657,-0.086166434,-0.035355248,0.08532508,0.115864195,0.094444074,0.06734754,-0.08874727,-0.018377593,0.09432886,0.096653186,0.09980345,0.07407334,-0.08873629,-0.011630313,0.09859134,0.10363261,0.10108019,0.077243865,-0.086854674,-0.0101904385,0.09858107,0.15878093,0.10542211,0.07823411,-0.086090036,-0.0024225917
56,0.09559734,0.3116935,0.07997683,0.05588592,-0.07648212,-0.09749156,0.08186735,0.28123486,0.08483744,0.05779418,-0.08631941,-0.03514626,0.08543004,0.11594633,0.09455481,0.067321695,-0.088870674,-0.018152047,0.09443523,0.09673444,0.09991873,0.074077524,-0.08884591,-0.01138973,0.09870432,0.10370481,0.101208195,0.07726364,-0.08695336,-0.009942843,0.09870854,0.15883061,0.1055813,0.07826242,-0.086138725,-0.0021524949
57,0.09564584,0.31174898,0.08001196,0.0557423,-0.076706,-0.097432695,0.08189305,0.28126663,0.08489179,0.057750493,-0.08644452,-0.03501733,0.0854796,0.11597637,0.09461623,0.0673106,-0.088972054,-0.01797971,0.09449343,0.096764565,0.099986896,0.074084826,-0.08893624,-0.01117981,0.09877072,0.10372924,0.10128633,0.077281214,-0.08703467,-0.009702179,0.09878629,0.15884238,0.105679676,0.07828534,-0.08617807,-0.0018535753
58,0.09554017,0.31159413,0.07993293,0.055445522,-0.07656541,-0.09781255,0.08180949,0.28119636,0.08487045,0.057505522,-0.08628101,-0.03512152,0.085453965,0.11593117,0.094606936,0.06706102,-0.08880997,-0.018003734,0.09447788,0.09672456,0.09997719,0.07383319,-0.08878746,-0.011164832,0.09875179,0.10370015,0.10126617,0.07702141,-0.08692019,-0.009686143,0.09875381,0.1588404,0.10563798,0.07800458,-0.086210035,-0.0018742977
59,0.095232435,0.31141186,0.07972844,0.055143952,-0.07662566,-0.09814218,0.08159478,0.28101632,0.08474743,0.057325885,-0.08626608,-0.035215687,0.08532469,0.11579279,0.09449399,0.06690603,-0.08878065,-0.01803779,0.0943587,0.09659907,0.09985742,0.07369056,-0.08875841,-0.01118283,0.098625086,0.10359823,0.10112557,0.07688096,-0.086904995,-0.009734196,0.09860552,0.15878615,0.10545254,0.077855125,-0.08625257,-0.002016836
60,0.09530438,0.3114396,0.079775035,0.05502136,-0.07684515,-0.09815949,0.08163267,0.28106102,0.084813125,0.057296403,-0.08639106,-0.03512334,0.085386135,0.11583588,0.09456959,0.06690733,-0.08888198,-0.017889764,0.09443165,0.09663803,0.09994393,0.07370917,-0.08884779,-0.0109864725,0.09871047,0.10362371,0.10122742,0.07690958,-0.08698334,-0.009495063,0.098707646,0.15878563,0.1055828,0.07788979,-0.0862816,-0.0017036677
61,0.09522444,0.31131572,0.07971437,0.054698966,-0.07690279,-0.09844527,0.08156164,0.28100187,0.08479981,0.05711763,-0.08636926,-0.03517951,0.085367,0.11579951,0.09456734,0.06675693,-0.088847175,-0.01787435,0.094423875,0.09660334,0.09994496,0.07357197,-0.08881408,-0.010935002,0.09870539,0.10358969,0.101226464,0.07677499,-0.08696364,-0.009443134,0.09869978,0.15875603,0.10557482,0.07774729,-0.08631837,-0.0016894612
62,0.094926536,0.31118238,0.07952043,0.054297015,-0.07720131,-0.09863498,0.08134853,0.28082466,0.0846738,0.056987733,-0.08651947,-0.03520913,0.085231945,0.11566077,0.09444733,0.066699214,-0.08896267,-0.017868593,0.09429768,0.09647565,0.0998186,0.07354734,-0.08891374,-0.010936791,0.09857493,0.10347923,0.10108409,0.076765545,-0.087053105,-0.009504184,0.09855516,0.15867771,0.10539636,0.07774323,-0.086363494,-0.0018962709
63,0.09504188,0.31129524,0.07960184,0.05382357,-0.07726694,-0.09845441,0.08141583,0.2808702,0.08474895,0.056746267,-0.08648309,-0.035025287,0.08529969,0.1157011,0.09451641,0.06650266,-0.08890957,-0.017671833,0.09435996,0.096526355,0.09988024,0.07336937,-0.0888617,-0.010741822,0.09862903,0.10354365,0.10113858,0.07659097,-0.08701896,-0.009336026,0.09860089,0.15876323,0.10544834,0.077558585,-0.086404264,-0.0017760888
64,0.09500155,0.31123775,0.079571925,0.05382615,-0.07753531,-0.09864191,0.081379145,0.2808658,0.08476737,0.05678967,-0.08665674,-0.035012804,0.08531505,0.115706004,0.09455333,0.066569135,-0.089056,-0.017576978,0.09439568,0.0965236,0.099933594,0.07345089,-0.08899109,-0.010577233,0.098683365,0.10352214,0.101210624,0.07668344,-0.087127194,-0.009107553,0.09867614,0.15870929,0.10554813,0.07766131,-0.08642125,-0.0014466124
65,0.09503953,0.31124142,0.079595536,0.053386845,-0.07754261,-0.098681964,0.081390776,0.2808688,0.084807284,0.056544524,-0.08658374,-0.034941353,0.08534831,0.11571604,0.09459399,0.06635684,-0.08896999,-0.017467787,0.09442969,0.09654083,0.09997022,0.07325143,-0.088908665,-0.010457293,0.098712035,0.103549205,0.10124026,0.076483816,-0.0870668,-0.009009369,0.098696075,0.15875436,0.105570085,0.07744824,-0.086454906,-0.0014043606
66,0.095437534,0.31140718,0.07985418,0.05339386,-0.07804688,-0.098565094,0.08163803,0.28111807,0.08503732,0.056692053,-0.086940624,-0.034747016,0.085574694,0.11592648,0.09483919,0.06656672,-0.08928199,-0.017203571,0.09467587,0.09672367,0.10024935,0.073494986,-0.089186825,-0.010109655,0.09899733,0.103671,0.10157639,0.07675246,-0.087294705,-0.008557356,0.09904328,0.15876022,0.10601274,0.07774601,-0.08646801,-0.0007496971
67,0.09523091,0.31124523,0.07971336,0.052758317,-0.0780479,-0.098923005,0.08147936,0.2809895,0.08495669,0.05636876,-0.086832814,-0.034850333,0.08548516,0.11582865,0.09476441,0.066297054,-0.08915831,-0.017249838,0.09459263,0.09663499,0.100165755,0.0732436,-0.08906662,-0.010160654,0.0989037,0.103603736,0.10147054,0.07650055,-0.08719975,-0.00868364,0.09892525,0.15874079,0.10586303,0.07747691,-0.08648498,-0.0010732822
68,0.09442158,0.31085035,0.07918336,0.052390438,-0.078357674,-0.09955863,0.08092989,0.28055587,0.084591225,0.05625702,-0.08698756,-0.03512402,0.0851106,0.1154779,0.09441758,0.0662519,-0.08927364,-0.017456608,0.09423954,0.09630308,0.09980573,0.07322791,-0.089161836,-0.010380999,0.098539524,0.10331407,0.10106908,0.076497644,-0.08727953,-0.009005659,0.09852169,0.15854104,0.10536249,0.07747762,-0.08650359,-0.0016620156
69,0.0946793,0.31109202,0.0793647,0.052128665,-0.07845214,-0.09922532,0.08110238,0.2807137,0.08474753,0.056138564,-0.08699046,-0.034842454,0.085263,0.115603246,0.09457047,0.06615908,-0.089256965,-0.017159523,0.094389275,0.096431345,0.09995983,0.07314471,-0.08913826,-0.010062842,0.098690316,0.10344397,0.10123146,0.07641574,-0.08725675,-0.008667427,0.09868016,0.15867159,0.10555379,0.07739038,-0.08649148,-0.0012615467
70,0.0951098,0.31141302,0.079658866,0.05188634,-0.07823376,-0.09879255,0.0813963,0.2809589,0.08499112,0.05590446,-0.08676361,-0.03449459,0.08550491,0.11580205,0.09480509,0.06590041,-0.089035265,-0.016796125,0.09461961,0.096637994,0.100191005,0.07287275,-0.088931724,-0.009666852,0.09891338,0.103660464,0.101466805,0.07612871,-0.08708721,-0.008225087,0.098903105,0.15890276,0.105819896,0.0770773,-0.086484745,-0.00068835774
71,0.09490048,0.31130502,0.079522125,0.051886544,-0.07889467,-0.09908746,0.08124321,0.28089538,0.08492927,0.056105025,-0.08723007,-0.0345444,0.085437775,0.11575264,0.09476855,0.06618439,-0.08944017,-0.016762774,0.09458387,0.09657227,0.10017778,0.073199175,-0.08928886,-0.009577287,0.09890776,0.103563905,0.10148007,0.076486014,-0.08737402,-0.008101869,0.09893071,0.1587557,0.105865486,0.07747113,-0.0864783,-0.000537944
72,0.09422102,0.31095862,0.07907594,0.05137815,-0.07859017,-0.0996963,0.08078878,0.28052,0.084629335,0.055710316,-0.086902834,-0.03479394,0.08513153,0.11544932,0.09447841,0.06577692,-0.08911721,-0.016945653,0.09428424,0.096300595,0.09985933,0.07277947,-0.088986784,-0.009774845,0.098574534,0.103364244,0.101097144,0.07604564,-0.08712741,-0.008402253,0.0985275,0.15870555,0.105353706,0.07699081,-0.08647625,-0.0010956319
73,0.09449279,0.31118685,0.07926423,0.0509181,-0.079046,-0.09935195,0.080954336,0.28067353,0.08478044,0.05564302,-0.087160364,-0.034510832,0.08527391,0.11557426,0.09462453,0.06581408,-0.089323886,-0.01666053,0.09442656,0.096421294,0.10001176,0.07286131,-0.0891628,-0.009493784,0.0987271,0.103468336,0.101269364,0.07615027,-0.08727024,-0.00814352,0.09870308,0.15877223,0.10557267,0.07711248,-0.086484306,-0.00086561043
74,0.09484452,0.3113357,0.079493366,0.050497584,-0.07953922,-0.09923912,0.081161015,0.28087366,0.08497289,0.055619437,-0.08744732,-0.034334198,0.085458495,0.1157437,0.09482238,0.0658983,-0.089559674,-0.01643844,0.094622,0.09657105,0.100230806,0.07299165,-0.08936587,-0.009237212,0.09894828,0.10357386,0.1015276,0.07630568,-0.0874338,-0.007868376,0.0989672,0.15879354,0.10590779,0.07728993,-0.08648487,-0.0005692532
75,0.09449892,0.3111185,0.07926244,0.04984703,-0.07945594,-0.09964993,0.080913216,0.28066474,0.08482588,0.055258304,-0.08726724,-0.034465447,0.085302845,0.11558037,0.09468094,0.0655762,-0.08936717,-0.016511353,0.09447151,0.096425205,0.10007336,0.07267938,-0.08918142,-0.009320937,0.09877904,0.10346621,0.101333804,0.0759863,-0.08728522,-0.008042051,0.0987583,0.15876591,0.10564255,0.07694561,-0.08649382,-0.00097088853
76,0.09408085,0.31090054,0.078987345,0.04953379,-0.07967012,-0.10004866,0.080623485,0.2804467,0.08465365,0.055145707,-0.08735205,-0.03458476,0.08512391,0.115407586,0.09452395,0.06551022,-0.0894209,-0.01655957,0.094309635,0.09626111,0.09991321,0.07263321,-0.089221194,-0.009350982,0.09861508,0.10332126,0.10115548,0.07594744,-0.0873182,-0.0081105605,0.09857702,0.1586648,0.10541837,0.07690631,-0.08650091,-0.00116229
77,0.09421111,0.3109913,0.07907595,0.049349096,-0.08001715,-0.0999797,0.0806992,0.2805378,0.084750354,0.055151545,-0.087556496,-0.034428958,0.08521574,0.11548649,0.09462948,0.06557094,-0.089585245,-0.01635259,0.09441349,0.0963323,0.10003251,0.07271912,-0.08936053,-0.009100296,0.098735556,0.10337157,0.101297095,0.076047726,-0.0874293,-0.007824125,0.09872229,0.15867591,0.105602525,0.077019095,-0.086497374,-0.0008096356
78,0.09429769,0.31109038,0.07913879,0.048905667,-0.08001012,-0.0998547,0.08075016,0.2805774,0.08481807,0.05491157,-0.08745876,-0.034256216,0.08527758,0.115522094,0.09469372,0.065359384,-0.089471474,-0.016152943,0.09447185,0.09637906,0.10008949,0.07251535,-0.08924754,-0.008893796,0.09878503,0.10343523,0.10134496,0.0758398,-0.08733609,-0.0076395255,0.09876038,0.15877031,0.105643466,0.07679501,-0.086494476,-0.00066493184
79,0.094281144,0.3110298,0.07912339,0.048621356,-0.08015165,-0.10007215,0.08072348,0.28057614,0.08484101,0.054793973,-0.087494545,-0.034256555,0.08529542,0.11553009,0.09472832,0.06527681,-0.08948296,-0.01607799,0.094502576,0.09638397,0.10013165,0.07244716,-0.08924968,-0.008774077,0.09882368,0.10343278,0.101393476,0.07577584,-0.087337315,-0.0075048655,0.09880534,0.15875918,0.1057012,0.07672838,-0.0864952,-0.00053307746
80,0.094354436,0.3110367,0.07916907,0.048435003,-0.080558255,-0.100156285,0.08075511,0.28063095,0.08490809,0.054819524,-0.08774148,-0.034180608,0.08535726,0.11558386,0.09480851,0.065367855,-0.08968688,-0.015931824,0.09458125,0.09642676,0.100229084,0.07256888,-0.08942549,-0.00857416,0.09892307,0.1034481,0.10151589,0.07591581,-0.08747893,-0.007266617,0.09893288,0.15872419,0.10586637,0.07688544,-0.08649497,-0.0002425565
81,0.093973234,0.31075582,0.07890994,0.048052084,-0.080733165,-0.10070369,0.08048043,0.2804282,0.08475283,0.054671388,-0.0877876,-0.034365635,0.08519505,0.11542856,0.09467237,0.065269105,-0.08970293,-0.016023217,0.094439894,0.09627384,0.10009475,0.07248907,-0.08942931,-0.008634749,0.0987841,0.10330379,0.10136902,0.0758412,-0.087480724,-0.0073600993,0.09878157,0.15860732,0.10568178,0.0768074,-0.08649315,-0.00046421902
82,0.09360585,0.31058,0.07866947,0.0474859,-0.08056003,-0.101003,0.080227025,0.2802105,0.08459857,0.05431072,-0.08754734,-0.03443236,0.085033566,0.11525633,0.094520606,0.06492201,-0.08945508,-0.016040418,0.09427942,0.096126385,0.09992174,0.07214023,-0.08919337,-0.008661853,0.09859861,0.10320672,0.10115254,0.07547843,-0.08728811,-0.0074660135,0.09854832,0.15861107,0.10538321,0.07641325,-0.08649075,-0.00075831497
83,0.09353506,0.31055325,0.07862448,0.047051426,-0.080863975,-0.10113274,0.080162816,0.28018612,0.084590614,0.054206684,-0.08768059,-0.034393735,0.08501838,0.1152397,0.09452092,0.06489373,-0.08954714,-0.015948068,0.094275914,0.09610795,0.09992665,0.072140716,-0.08926285,-0.008553424,0.098601766,0.103184864,0.10116073,0.07549036,-0.08733888,-0.0073861163,0.09855621,0.15858786,0.10539449,0.07643042,-0.086470135,-0.0007639294
84,0.09395346,0.31080407,0.07890476,0.046900377,-0.08097249,-0.10088428,0.0804375,0.2804437,0.08483375,0.054151125,-0.08770035,-0.034117676,0.08525967,0.1154534,0.09476756,0.06485279,-0.089544736,-0.015617372,0.094521545,0.096312225,0.10018823,0.07210439,-0.08924933,-0.008157051,0.09886247,0.10336473,0.10145189,0.07545405,-0.087318294,-0.0069112335,0.09884602,0.15872245,0.105753034,0.07639123,-0.08642963,-0.00012100994
85,0.09402193,0.31086782,0.07895396,0.046615362,-0.081502035,-0.10093245,0.08046743,0.2805299,0.084902436,0.05421037,-0.08802258,-0.034018625,0.08532247,0.11552341,0.094850115,0.065006375,-0.0898076,-0.015457468,0.094603755,0.09636577,0.10029021,0.07229671,-0.08947018,-0.007959236,0.09896902,0.10338745,0.1015823,0.07566846,-0.08748539,-0.0067008017,0.098985285,0.1586945,0.105931915,0.076628864,-0.0863823,9.3153096e-05
86,0.09373213,0.3106606,0.07875827,0.04586383,-0.08125565,-0.101407126,0.08025493,0.2803649,0.084784985,0.053766966,-0.08769778,-0.03416614,0.08519694,0.115393616,0.094737984,0.06458751,-0.08947739,-0.015532643,0.0944821,0.09625137,0.100161105,0.07187545,-0.089155264,-0.00803937,0.098825715,0.10331388,0.10141421,0.07522896,-0.08722249,-0.0068724304,0.09879743,0.15871218,0.10568979,0.076151595,-0.0863517,-0.00031539943
87,0.093549535,0.31051818,0.07863373,0.045568045,-0.08176361,-0.10175248,0.080110796,0.2802943,0.08473,0.053794134,-0.08799699,-0.034224648,0.08513522,0.115343705,0.09470376,0.06470561,-0.08972133,-0.015499001,0.094446145,0.09618966,0.10014358,0.07203238,-0.08936203,-0.007956753,0.09881094,0.10322981,0.10141312,0.07540757,-0.08738394,-0.006784522,0.09880311,0.1585949,0.10570556,0.07635091,-0.08632815,-0.00026977266
88,0.09413427,0.31086284,0.0790241,0.045113597,-0.08201407,-0.10127127,0.080484234,0.28059962,0.08503406,0.05366784,-0.08808822,-0.033837833,0.08543319,0.11560114,0.094997466,0.064650334,-0.089776516,-0.015096723,0.09473674,0.09644178,0.100446954,0.07200338,-0.08939958,-0.0075264573,0.09911263,0.1034551,0.10174768,0.07538813,-0.08741058,-0.006322098,0.09913647,0.15875916,0.10611798,0.076334625,-0.086314484,0.00028122848
89,0.09388563,0.3106552,0.07885299,0.04480916,-0.08193825,-0.10173814,0.08030542,0.28047568,0.084948964,0.053451613,-0.08795425,-0.03396229,0.085343435,0.11551078,0.09492755,0.06443506,-0.089630626,-0.015122898,0.09466121,0.09635708,0.10037562,0.07178574,-0.08925756,-0.0075046993,0.09903344,0.10338491,0.10166123,0.07516183,-0.08729351,-0.0062992857,0.09903954,0.15872772,0.10599643,0.07608883,-0.08630761,0.0002584165
90,0.09361971,0.31056663,0.07868278,0.044647913,-0.082443446,-0.10190069,0.080119535,0.28035855,0.08485471,0.053514387,-0.088273756,-0.033935912,0.085243165,0.11542041,0.09484802,0.064571194,-0.08989448,-0.015033734,0.094580114,0.09626753,0.100303516,0.071956635,-0.08948409,-0.0073820557,0.09896425,0.10329167,0.10159382,0.0753542,-0.087474816,-0.0061742924,0.09897933,0.15862982,0.10592687,0.07630226,-0.08630089,0.0003639114
91,0.093683876,0.31057167,0.0787228,0.04390593,-0.0823759,-0.10196743,0.08013978,0.28036603,0.08490215,0.05314288,-0.08808599,-0.03385695,0.08528199,0.11543611,0.0948907,0.06425022,-0.089687176,-0.014913318,0.09461457,0.09629435,0.10033592,0.07164607,-0.089280546,-0.0072653606,0.09898585,0.103336625,0.101610705,0.075035185,-0.087305546,-0.0061181295,0.09898174,0.15871039,0.10592332,0.0759581,-0.08628474,0.00027830404
92,0.09329508,0.3104139,0.07847061,0.04366106,-0.082961515,-0.10220536,0.0798677,0.2801776,0.084745795,0.053206284,-0.08845371,-0.03387303,0.08511828,0.11528808,0.09475114,0.06440775,-0.08999004,-0.014865982,0.09447314,0.0961482,0.10020269,0.07184559,-0.0895395,-0.007196058,0.09885606,0.10318947,0.10147787,0.07525957,-0.08751153,-0.006072801,0.098857366,0.15856467,0.10577568,0.076206796,-0.086271234,0.0002432475
93,0.093773626,0.31069311,0.07878986,0.043441083,-0.082896836,-0.101824105,0.08018304,0.28042498,0.08500901,0.05304354,-0.08833565,-0.033527568,0.085379265,0.11550207,0.09500678,0.06423898,-0.089860074,-0.0144850835,0.09472569,0.096366875,0.10046172,0.07167131,-0.089411125,-0.006762433,0.09910999,0.10339972,0.101753786,0.07507627,-0.08740178,-0.005569779,0.099125475,0.15875018,0.10610293,0.07600684,-0.086247616,0.0009138156
94,0.093752384,0.31079134,0.07878687,0.04331944,-0.0832918,-0.10166384,0.08016882,0.2804339,0.08503445,0.053102788,-0.08856702,-0.03332127,0.085401244,0.11551274,0.09503802,0.064349584,-0.09004121,-0.01424079,0.09475684,0.096382,0.10049851,0.07180334,-0.08955754,-0.00648608,0.099149786,0.103412785,0.101800114,0.07522063,-0.08750706,-0.00527145,0.09917752,0.15875658,0.10616771,0.076164685,-0.086194344,0.0012645856
95,0.09375397,0.31074312,0.078784294,0.04240931,-0.08300979,-0.10191405,0.080145605,0.28042525,0.08505264,0.052623346,-0.088189535,-0.03333705,0.08541155,0.11550905,0.095053606,0.06390687,-0.089652926,-0.014202704,0.09476367,0.09638823,0.10050002,0.071355164,-0.089180686,-0.0064625414,0.09913737,0.10344821,0.101774774,0.07474864,-0.08718118,-0.005343918,0.099131614,0.15886018,0.106099926,0.075650126,-0.08610852,0.0009650135
96,0.0935444,0.3106982,0.0786534,0.042093292,-0.08372665,-0.102072954,0.079990864,0.2803641,0.08498365,0.052740104,-0.088647954,-0.033306614,0.08533521,0.1154581,0.09500049,0.064148605,-0.090031385,-0.014117534,0.09471052,0.09632713,0.10046115,0.07164854,-0.08950057,-0.006363523,0.09910528,0.10336841,0.10175225,0.07507247,-0.08742541,-0.0052778143,0.09912209,0.15875259,0.106095,0.07600749,-0.086047746,0.00093835505
97,0.09269592,0.3103028,0.07809842,0.041838434,-0.08370051,-0.10274407,0.079427235,0.2799383,0.08461325,0.052566517,-0.088542864,-0.033562955,0.08496024,0.1151093,0.094650775,0.06397353,-0.089903586,-0.014281755,0.09435552,0.0960024,0.10009297,0.07146808,-0.08936675,-0.0065131444,0.098729834,0.10310435,0.1013302,0.07488168,-0.08730405,-0.0054925694,0.09869064,0.1586214,0.10555308,0.0757977,-0.08599412,0.0005373863
98,0.09253269,0.3103074,0.07800015,0.041310273,-0.08398325,-0.102753505,0.079307675,0.27985713,0.08455669,0.052432783,-0.08864458,-0.033466306,0.08489615,0.11504315,0.09459458,0.06391934,-0.089953765,-0.014162308,0.0942953,0.095947556,0.10002917,0.07143888,-0.08938859,-0.006412942,0.09866346,0.10306961,0.10125256,0.07485904,-0.08730696,-0.0054662605,0.09861107,0.15862648,0.10544989,0.07577536,-0.08593444,0.00041101628
99,0.09293996,0.31054175,0.078272425,0.040713772,-0.08390903,-0.10250904,0.07956503,0.28006744,0.08477611,0.052139997,-0.08846174,-0.033199657,0.08511008,0.1152223,0.09480317,0.06366035,-0.08975158,-0.01386365,0.094498634,0.09613214,0.10023427,0.0711821,-0.089186355,-0.0060969037,0.09886074,0.10325661,0.10146184,0.07459094,-0.08712965,-0.0051569156,0.09880879,0.15881622,0.10568652,0.07548427,-0.0858762,0.00071563694
100,0.09306956,0.3105552,0.07835402,0.040420365,-0.08469711,-0.10266844,0.07962334,0.2801873,0.08487108,0.052303255,-0.08897227,-0.03314235,0.08519866,0.11532874,0.09491752,0.06395911,-0.090182014,-0.013720109,0.09461462,0.096209176,0.100381255,0.07153768,-0.089556694,-0.0058949892,0.09901707,0.10327298,0.101658285,0.074981585,-0.08741811,-0.004924653,0.099021554,0.15872544,0.1059644,0.07591576,-0.08582705,0.0009662593
101,0.09344765,0.31076607,0.07860685,0.039864637,-0.084473245,-0.102500826,0.07986505,0.2803876,0.08508117,0.051967286,-0.08867807,-0.032909952,0.08540437,0.1154994,0.095117934,0.063628554,-0.08988055,-0.013442002,0.0948093,0.09638773,0.10057547,0.07119685,-0.08926556,-0.0055877445,0.09920131,0.103461556,0.101850234,0.07462124,-0.087168284,-0.004611811,0.09919812,0.15893452,0.10617255,0.07552284,-0.0857653,0.001294418
102,0.09341947,0.3109376,0.07860869,0.039447363,-0.08447593,-0.102288835,0.07985452,0.28039002,0.08509937,0.051744804,-0.08857838,-0.032683764,0.085416965,0.11549696,0.095125414,0.06342868,-0.089752324,-0.013206103,0.09481143,0.09641023,0.1005628,0.07100045,-0.08912954,-0.005363527,0.0991816,0.10352871,0.101809986,0.07441815,-0.08704564,-0.004432272,0.09914843,0.15908462,0.10609544,0.07530278,-0.08571047,0.0014090049
103,0.09287101,0.3107783,0.078260876,0.03937082,-0.0852808,-0.10263935,0.0794888,0.28018233,0.08488077,0.051967915,-0.08912782,-0.032752514,0.08519261,0.11532069,0.09493149,0.06376202,-0.09021654,-0.013198446,0.09461886,0.09622957,0.100379586,0.07138564,-0.08952818,-0.0053273905,0.09900744,0.10334658,0.10162918,0.074838914,-0.08735417,-0.004417214,0.098984376,0.15891288,0.105897285,0.07576586,-0.085649304,0.0013449409
104,0.09249952,0.31066608,0.07802503,0.038877375,-0.085315436,-0.102914274,0.07923711,0.28001225,0.084734015,0.051756762,-0.089033335,-0.03278265,0.08504016,0.1151779,0.0947916,0.063586265,-0.09008939,-0.01316845,0.094474226,0.09610278,0.100225925,0.07121347,-0.08938859,-0.0052950755,0.09884766,0.10326026,0.10144305,0.0746584,-0.087221205,-0.0044489615,0.098789945,0.15891595,0.10564676,0.0755685,-0.085562386,0.0011569228
105,0.092285015,0.31053624,0.07788258,0.038073715,-0.08466555,-0.1032446,0.07908203,0.2798734,0.084651396,0.05117231,-0.08838031,-0.032838754,0.08495195,0.11506771,0.0947036,0.062965736,-0.08945072,-0.013162896,0.09437598,0.09602268,0.10010637,0.07055403,-0.08878441,-0.0052994406,0.09870839,0.103250094,0.10126441,0.073952936,-0.08670879,-0.004545836,0.09858084,0.15905172,0.10536735,0.0747951,-0.08546165,0.00084563583
106,0.091931656,0.31020173,0.07763531,0.038385224,-0.0861754,-0.10403536,0.0788171,0.27982354,0.084540606,0.051854745,-0.08950418,-0.033088364,0.08483874,0.11503637,0.09465478,0.06382899,-0.09044418,-0.013228179,0.0943377,0.095927194,0.10012828,0.07150716,-0.08966086,-0.0052231024,0.098756775,0.103038274,0.10137452,0.07497736,-0.08739652,-0.004350845,0.09873355,0.15864812,0.10559385,0.075917765,-0.08537322,0.0011750769
107,0.09192629,0.31016877,0.077630445,0.03690366,-0.08491958,-0.10426718,0.07879038,0.27974546,0.084538214,0.050809894,-0.08830107,-0.033098914,0.08482752,0.11497305,0.094623774,0.062727675,-0.08928797,-0.013211262,0.09428948,0.095913604,0.100038454,0.07033753,-0.08857862,-0.0052752392,0.098632716,0.103139155,0.10118921,0.07372634,-0.08648799,-0.0045933635,0.09849458,0.15897854,0.105260015,0.0745477,-0.0852344,0.00053131743
108,0.09213918,0.31027874,0.077772915,0.037097286,-0.08625109,-0.10432787,0.07891647,0.27997848,0.08469518,0.051400397,-0.08927209,-0.032959335,0.08498313,0.115168124,0.0948155,0.06348436,-0.09013972,-0.012960965,0.09449168,0.09605573,0.10029092,0.07117199,-0.08932386,-0.004913138,0.09890961,0.10317266,0.10153543,0.0746209,-0.08706357,-0.0041088024,0.09887889,0.15881856,0.10576158,0.07552676,-0.08511798,0.0012264609
109,0.09225362,0.3103005,0.077846184,0.036388125,-0.086163595,-0.10447021,0.07897035,0.28004408,0.08477329,0.051090118,-0.08905619,-0.03289517,0.08505539,0.11522814,0.094893366,0.06321551,-0.08989621,-0.012832758,0.09456451,0.09611842,0.100365326,0.0709011,-0.08907512,-0.00477045,0.09897614,0.10324382,0.10160288,0.07433316,-0.08683835,-0.004009859,0.098934166,0.15891594,0.10582299,0.075211674,-0.08501438,0.0012123955
110,0.09235047,0.31031787,0.077907704,0.035956442,-0.08645657,-0.104565516,0.079014175,0.28011268,0.0848488,0.051013064,-0.08916556,-0.032798197,0.085125655,0.11529555,0.0949764,0.063208446,-0.08995543,-0.012661955,0.09464584,0.09617887,0.10045932,0.070914485,-0.08910544,-0.0045574596,0.09907019,0.10328477,0.10171344,0.07435188,-0.08684655,-0.0037896293,0.09904548,0.1589254,0.105963625,0.07523296,-0.084942125,0.001422315
111,0.09222124,0.3102908,0.07782636,0.03574449,-0.086681165,-0.10463545,0.07892252,0.28005812,0.084820926,0.050970178,-0.08924928,-0.03269868,0.085094154,0.115260474,0.0949562,0.06319851,-0.08999567,-0.012497873,0.094624005,0.09615091,0.1004403,0.07091453,-0.08912145,-0.0043529687,0.099050574,0.10326199,0.101692766,0.07435406,-0.08684576,-0.0035709327,0.09902466,0.15891495,0.10593728,0.07523488,-0.08488123,0.0016587913
112,0.092079274,0.31027478,0.07773818,0.035186585,-0.08627239,-0.10465396,0.07882396,0.2799469,0.08477335,0.050558347,-0.088805415,-0.03258798,0.085042045,0.11517758,0.09489889,0.06275824,-0.0895507,-0.012348767,0.09455923,0.0961018,0.10035493,0.070445746,-0.08869591,-0.0042034946,0.098951325,0.10327283,0.101561405,0.0738521,-0.08648438,-0.0034696602,0.09887192,0.1590395,0.10573146,0.0746838,-0.084805205,0.0016641802
113,0.09176974,0.31010348,0.07753264,0.034951277,-0.08684024,-0.104979746,0.078601256,0.27982077,0.084657565,0.050654527,-0.0891459,-0.032626364,0.08492134,0.11508303,0.09480397,0.06294461,-0.08982175,-0.012297064,0.09446483,0.09599915,0.100274384,0.07066697,-0.08891804,-0.0041048867,0.09887623,0.10315263,0.10149275,0.07409308,-0.08664827,-0.003367881,0.09881312,0.15889604,0.10566729,0.07494783,-0.08473398,0.0017288646
114,0.09192947,0.31018117,0.07763809,0.03476624,-0.08716742,-0.10492631,0.078696385,0.2799191,0.08476712,0.050671265,-0.08931146,-0.032444518,0.0850279,0.115179464,0.094919056,0.06300915,-0.08993916,-0.012043306,0.094579875,0.09609197,0.10040191,0.070748955,-0.08900502,-0.0037858693,0.099005945,0.10322208,0.101643026,0.07418336,-0.08670484,-0.0029893613,0.098967195,0.15891992,0.10586197,0.07504661,-0.08467176,0.0022185063
115,0.09230106,0.31043282,0.077889904,0.033915684,-0.086915106,-0.1045352,0.07892719,0.28005236,0.08495148,0.050243933,-0.08894942,-0.032108605,0.085205756,0.11530165,0.095077395,0.06261149,-0.08955807,-0.011707891,0.0947314,0.09624178,0.10053795,0.070339814,-0.088629745,-0.003470414,0.09913019,0.10340664,0.10175864,0.073747575,-0.086377084,-0.0027315111,0.099064305,0.15915833,0.105966136,0.074569315,-0.08456557,0.0023894755
116,0.09212515,0.3103561,0.07777599,0.033875495,-0.08781502,-0.10474873,0.07879782,0.28002432,0.08490613,0.050534904,-0.08957038,-0.03207973,0.08515628,0.11528765,0.095055,0.0630249,-0.09008615,-0.011590555,0.094712734,0.0962086,0.10054249,0.07080952,-0.089084394,-0.0032913475,0.09914719,0.10332911,0.10179948,0.074256614,-0.086728446,-0.0025148366,0.099126026,0.159004,0.10605635,0.075128056,-0.08449201,0.0026473347
117,0.09185073,0.31024384,0.0775985,0.033405382,-0.08784701,-0.1050264,0.07860508,0.2799008,0.08480212,0.05035313,-0.08946856,-0.0321006,0.08504782,0.115188725,0.09495795,0.06287516,-0.0899469,-0.011542222,0.0946125,0.09612046,0.10043704,0.07065855,-0.08892844,-0.0032283082,0.099037215,0.10326769,0.101671614,0.07409408,-0.08657523,-0.002498303,0.09899127,0.1590056,0.10588234,0.07494817,-0.08437204,0.002541245
118,0.09171177,0.310213,0.07751182,0.032951962,-0.08738598,-0.10518157,0.07851147,0.27982855,0.08476464,0.04997571,-0.08900107,-0.032052428,0.08500751,0.115133256,0.09491608,0.062450703,-0.089476034,-0.011439229,0.09456452,0.09609065,0.10037192,0.07019723,-0.088473685,-0.0031142528,0.09895928,0.10329108,0.10156491,0.073595695,-0.08617984,-0.0024224422,0.09886391,0.15913922,0.105707414,0.07439914,-0.08424992,0.0025375022
119,0.09148996,0.309999,0.077357516,0.032956142,-0.08822504,-0.10579165,0.07834407,0.27982533,0.0847064,0.050267797,-0.08958483,-0.032219253,0.08494608,0.11513748,0.09489517,0.06285191,-0.089971736,-0.011465137,0.09454773,0.09605639,0.10039026,0.0706492,-0.08890017,-0.0030449054,0.098990075,0.10319124,0.10162979,0.07408416,-0.08650819,-0.0022917408,0.09894926,0.15893978,0.1058316,0.074934915,-0.08417369,0.0027179376
120,0.09124006,0.30978745,0.07718594,0.03197435,-0.0880694,-0.10635831,0.07814418,0.2797173,0.08460254,0.049862966,-0.08927611,-0.03238918,0.08483441,0.11504881,0.09479905,0.062505685,-0.08962825,-0.01154762,0.09444534,0.09596957,0.10028474,0.07029699,-0.08854994,-0.0031349326,0.09887466,0.10313016,0.10149559,0.073706605,-0.0861902,-0.0024955634,0.09879958,0.15895243,0.10563749,0.07451951,-0.08401776,0.0022224304
121,0.09140717,0.30984765,0.07729525,0.03132975,-0.088287055,-0.10642324,0.078230835,0.27982455,0.08470329,0.0497188,-0.08929922,-0.032281887,0.0849296,0.11514492,0.09490116,0.062443025,-0.08959664,-0.01138197,0.09454584,0.096059225,0.10039379,0.07024936,-0.08848803,-0.0029516837,0.09898297,0.10320471,0.10161721,0.07365597,-0.086111784,-0.0023436153,0.09891975,0.15900563,0.105785236,0.07446247,-0.083889626,0.002291202
122,0.09156127,0.3100974,0.077414095,0.031176941,-0.089137,-0.105976954,0.07833317,0.27992663,0.084806405,0.049968857,-0.08985973,-0.03191371,0.08502902,0.11523789,0.09500301,0.06281722,-0.09006297,-0.01100253,0.09465187,0.09615162,0.100509875,0.070674576,-0.088882245,-0.0025497992,0.0991113,0.103267975,0.101767376,0.07411445,-0.08640955,-0.0019172211,0.09908957,0.15900055,0.10600121,0.07496392,-0.083791986,0.002796157
123,0.09161551,0.31028384,0.077465616,0.0303858,-0.08882715,-0.105624,0.07836488,0.2798979,0.08484038,0.049554106,-0.08945155,-0.031615026,0.08505743,0.1152194,0.09501167,0.06241316,-0.08963343,-0.010719369,0.09465434,0.09617461,0.100484096,0.07024798,-0.08845721,-0.0023107347,0.0990739,0.10335726,0.10169655,0.07365437,-0.08603406,-0.0017726909,0.09899995,0.15920551,0.10586836,0.07445684,-0.083648354,0.0027875246
124,0.09194342,0.3105634,0.07769393,0.030039368,-0.0891606,-0.10518541,0.07857856,0.28006005,0.085021235,0.049538493,-0.08959513,-0.031238798,0.08523485,0.115366384,0.09518057,0.06246216,-0.08971775,-0.010328047,0.09482359,0.09633162,0.10065414,0.07031414,-0.088504784,-0.0018980677,0.09924648,0.103506304,0.10188292,0.07372525,-0.08604945,-0.0013416883,0.09918988,0.15932643,0.1060999,0.074532874,-0.08354208,0.003288562
125,0.0916803,0.31076258,0.077553086,0.029990453,-0.089598514,-0.10472644,0.078429684,0.2799357,0.08492967,0.04966178,-0.089847215,-0.030891204,0.08514171,0.115260184,0.095081516,0.06263094,-0.089901276,-0.00999919,0.09472669,0.096258,0.10053846,0.07049841,-0.088639475,-0.0015843317,0.099136434,0.10347637,0.101746164,0.07391907,-0.086128764,-0.0010534449,0.09906174,0.15936778,0.10592949,0.07474154,-0.08340696,0.003580138
126,0.09140979,0.31087995,0.07740183,0.029604668,-0.09003749,-0.1046566,0.078260124,0.2798766,0.08483984,0.04975505,-0.090047926,-0.030734355,0.08505048,0.11519159,0.0949992,0.0628069,-0.09002043,-0.009820936,0.09464854,0.09619461,0.10045435,0.070686415,-0.088697664,-0.0014254984,0.09905983,0.10343504,0.10165307,0.07410715,-0.08611848,-0.0009695997,0.0989781,0.15938394,0.10581556,0.074938856,-0.08315235,0.003523059
127,0.09102358,0.31064335,0.07714662,0.028457891,-0.08965071,-0.10549998,0.07797352,0.27977967,0.08468366,0.049316302,-0.08951578,-0.031038102,0.08489023,0.11508531,0.09486256,0.06240494,-0.089455344,-0.010010161,0.09450895,0.09607729,0.100310616,0.07024638,-0.08812415,-0.0016320227,0.09890684,0.10335508,0.10147119,0.073615,-0.08558089,-0.0013384462,0.0987779,0.15942913,0.10555074,0.074387796,-0.08282442,0.0027435452
128,0.0912759,0.3104534,0.07728729,0.028639616,-0.09040875,-0.10648831,0.07811049,0.28012952,0.08487918,0.049714047,-0.090050705,-0.031324748,0.085088514,0.11537872,0.09511678,0.06288336,-0.089909606,-0.010048716,0.094772555,0.09628077,0.10064351,0.07075752,-0.088506535,-0.0014715565,0.09925682,0.103413954,0.10190785,0.07415263,-0.08585184,-0.0009965891,0.09923862,0.15926889,0.106150016,0.074970804,-0.08265725,0.0033261012
129,0.091553144,0.31052282,0.07746657,0.028057344,-0.089607134,-0.10672288,0.07828285,0.2802965,0.08504223,0.049216535,-0.089293644,-0.031280424,0.08525143,0.11552034,0.095273234,0.062301334,-0.08917129,-0.009910027,0.09492378,0.096432164,0.100785546,0.07010973,-0.08780248,-0.0012841158,0.09938323,0.10359624,0.10202537,0.07344402,-0.08523884,-0.00080651656,0.09932827,0.15953064,0.106241226,0.074187145,-0.082464635,0.0035034353
130,0.091048926,0.31015453,0.07712444,0.027900977,-0.09015608,-0.10764198,0.0779276,0.28017685,0.084852055,0.049381264,-0.08962097,-0.031603653,0.08505923,0.11541783,0.09512726,0.062544286,-0.08942044,-0.010067205,0.09478124,0.0962923,0.100670524,0.07037711,-0.08799356,-0.0013544345,0.09927648,0.10341507,0.10193192,0.073725216,-0.0853589,-0.0008582627,0.09924717,0.15931469,0.10615324,0.0744909,-0.08230776,0.0033940878
131,0.09104466,0.31027624,0.07713467,0.027397212,-0.090030335,-0.10750411,0.07792384,0.28016916,0.084873244,0.049157914,-0.08937743,-0.03139164,0.08507799,0.11541587,0.09513783,0.062327825,-0.08914352,-0.009821273,0.094789766,0.09631537,0.10066295,0.07014118,-0.08770509,-0.0011011666,0.09926375,0.10347788,0.10189906,0.07346397,-0.085087344,-0.0006359093,0.09920454,0.15945333,0.10608531,0.07419917,-0.08213409,0.0035688335
132,0.09010356,0.31004575,0.07653574,0.027326332,-0.090865895,-0.1077248,0.077310145,0.27973586,0.08446113,0.04943324,-0.089910306,-0.031399786,0.084662564,0.11505203,0.094747916,0.06270914,-0.08957366,-0.009778675,0.094403766,0.09596809,0.10026845,0.07056371,-0.0880564,-0.0010555013,0.098880775,0.103164166,0.10147939,0.07391417,-0.08533746,-0.0006453151,0.09880367,0.15921313,0.105589926,0.074688554,-0.081975065,0.0034313337
133,0.09041545,0.3102233,0.076744914,0.026274282,-0.09012836,-0.107537575,0.07749622,0.2798263,0.08461035,0.048804343,-0.08914014,-0.031163277,0.08480701,0.115138225,0.09486677,0.06205238,-0.08880268,-0.0095294,0.09451493,0.09609202,0.10035167,0.069853015,-0.087312646,-0.00083737285,0.09894604,0.10335192,0.1015168,0.073141865,-0.084691055,-0.00052136695,0.09881039,0.15951799,0.10557151,0.073836125,-0.08177105,0.0033892598
134,0.09045357,0.31019467,0.07676625,0.025947146,-0.0903208,-0.10770217,0.07750513,0.27986854,0.08465706,0.0487639,-0.089170136,-0.031087779,0.084851764,0.115188584,0.09492027,0.062052086,-0.088777766,-0.009365494,0.09456911,0.09613907,0.100413285,0.06985504,-0.087254055,-0.0006163869,0.09900882,0.103384286,0.10158955,0.073137864,-0.084608026,-0.00027481825,0.09888358,0.15953137,0.10566283,0.073827274,-0.08161033,0.0036663085
135,0.08990174,0.30990902,0.076400995,0.025602737,-0.091202244,-0.10821838,0.07711756,0.27965674,0.08442437,0.04899509,-0.08971534,-0.031221163,0.084614486,0.115017585,0.09471766,0.062430613,-0.0892138,-0.009394417,0.09437057,0.095949724,0.10023141,0.07028409,-0.08760741,-0.0006067591,0.098838866,0.10316813,0.10142269,0.07359578,-0.08485751,-0.0002954572,0.09873556,0.1592862,0.10549214,0.07432574,-0.081442885,0.003524068
136,0.09015269,0.3099769,0.07656316,0.02497428,-0.09188889,-0.10831998,0.07725275,0.27983585,0.08456563,0.049075246,-0.090086065,-0.031110393,0.08475064,0.11517784,0.0948666,0.06266135,-0.08948796,-0.009204627,0.09452256,0.09608503,0.10040593,0.0705573,-0.08781344,-0.00037836592,0.099022135,0.103247814,0.101641044,0.073886305,-0.08498808,-7.490867e-05,0.09896666,0.15926948,0.10578706,0.07464086,-0.08127448,0.0036968456
137,0.09049157,0.3102903,0.0768024,0.02392146,-0.091103196,-0.10787741,0.07746854,0.27992848,0.084727004,0.048459753,-0.089264505,-0.030743351,0.08490883,0.11526026,0.09498819,0.06200704,-0.088663444,-0.008856747,0.09463795,0.09621939,0.10048178,0.069838434,-0.08701357,-8.049559e-05,0.09908084,0.10346866,0.101659976,0.073098406,-0.08428416,0.00011786002,0.09895483,0.15964416,0.10573784,0.07376838,-0.081017904,0.0037318978
138,0.09019884,0.31016698,0.076612234,0.023721715,-0.091970384,-0.108206525,0.07726186,0.27986962,0.08462835,0.048754442,-0.089812085,-0.030755905,0.0848083,0.115214795,0.09491599,0.06242977,-0.089100085,-0.008768785,0.0945721,0.09615127,0.10043581,0.07030353,-0.087364614,6.254937e-05,0.09904895,0.10336012,0.101644196,0.07358941,-0.084525324,0.0002705183,0.09895984,0.1594795,0.10575534,0.07430075,-0.08082356,0.0038648678
139,0.08985304,0.31005254,0.07638967,0.022941569,-0.0918983,-0.10843598,0.07701445,0.2796901,0.08447732,0.04849407,-0.08956262,-0.030743241,0.084653065,0.11506805,0.09476494,0.06221025,-0.088798724,-0.008700499,0.09441905,0.09602492,0.10026649,0.07006625,-0.087041356,0.000118533964,0.09887479,0.10328025,0.10143712,0.07332273,-0.084215514,0.00023151998,0.0987431,0.15950091,0.10547407,0.074000895,-0.08059911,0.00361566
140,0.089748666,0.309889,0.07631098,0.022343228,-0.091967285,-0.10889624,0.076915585,0.2796766,0.08445056,0.04834319,-0.08945376,-0.030820753,0.084623195,0.115067154,0.094751075,0.062107038,-0.0886376,-0.008662712,0.09440491,0.096013755,0.10026037,0.069956124,-0.08685354,0.00020811899,0.09886749,0.1032578,0.10143324,0.07319454,-0.08402377,0.00030747146,0.09873534,0.15947972,0.10546458,0.07385392,-0.080413185,0.0036100326
141,0.089739636,0.30990276,0.076307654,0.021795796,-0.09233361,-0.10896642,0.076890886,0.27969536,0.08446687,0.048334032,-0.08957678,-0.03070982,0.084636405,0.115091935,0.09477136,0.062185615,-0.08868426,-0.008489967,0.0944274,0.09603567,0.1002875,0.07004682,-0.08685121,0.00040219753,0.09889909,0.10326786,0.1014705,0.07328218,-0.08398065,0.0004732886,0.098777644,0.15947507,0.10551666,0.073943354,-0.0802196,0.0037029362
142,0.0892889,0.30981258,0.07602321,0.02138782,-0.09250799,-0.10912326,0.07659057,0.27949116,0.08427745,0.048288252,-0.08956343,-0.03066875,0.08444513,0.114920415,0.094588086,0.062180612,-0.08860652,-0.0083995145,0.09424542,0.0958814,0.1000922,0.070036046,-0.086734414,0.0004918404,0.09870537,0.103151664,0.10124637,0.07325824,-0.083839305,0.00050020503,0.09855402,0.15944341,0.10522996,0.07390937,-0.080000214,0.0035959033
143,0.08912645,0.30968487,0.07591533,0.020943457,-0.09314304,-0.10978973,0.07646184,0.27958316,0.084247835,0.048467483,-0.08989247,-0.030835114,0.084414564,0.11498301,0.094592825,0.062478147,-0.08883855,-0.008413228,0.09425677,0.09589736,0.10013232,0.07035678,-0.08689238,0.00055414985,0.09875744,0.10311187,0.10132399,0.07358597,-0.08390905,0.0005648178,0.09864718,0.15934533,0.10535338,0.07425847,-0.079733856,0.0035837835
144,0.08947127,0.30993888,0.07615586,0.020315439,-0.09302894,-0.10973281,0.07668415,0.27981687,0.08444136,0.04827038,-0.08963082,-0.030631343,0.08460737,0.11517385,0.09477577,0.06230225,-0.08853256,-0.008145155,0.09444077,0.09609145,0.10031095,0.07015615,-0.08656555,0.00085281575,0.098934166,0.10331444,0.101502486,0.073354006,-0.083589025,0.00085123145,0.098818645,0.1595775,0.10554904,0.07399509,-0.0794765,0.0038461357
145,0.089303486,0.3098212,0.07604437,0.019923264,-0.09289193,-0.11021823,0.07656097,0.2798125,0.08439884,0.0481299,-0.089384,-0.030717328,0.08456533,0.11516742,0.09474723,0.062155347,-0.08824367,-0.008112352,0.09441343,0.096078634,0.10028407,0.06997936,-0.08625548,0.0009424152,0.09890545,0.103310116,0.10146497,0.07314651,-0.083282225,0.00093613984,0.09877459,0.15962192,0.105485655,0.07375813,-0.07922213,0.0038808405
146,0.08918704,0.3098795,0.07598061,0.020342935,-0.09333196,-0.110257104,0.07650667,0.2798434,0.08440068,0.04841837,-0.089687586,-0.030571781,0.084570944,0.11519927,0.09476238,0.062442888,-0.08847936,-0.007879144,0.09443463,0.09610751,0.10031136,0.070273764,-0.08643683,0.0012678144,0.09894256,0.1033215,0.10150958,0.073453225,-0.08338941,0.0013661156,0.098832645,0.1596119,0.105557844,0.07408897,-0.079042695,0.0045273164
147,0.08894518,0.30990607,0.07583698,0.019484252,-0.092821956,-0.11037672,0.07633951,0.27973017,0.0843001,0.048024464,-0.08908192,-0.030505091,0.08446952,0.115092844,0.09465169,0.062028926,-0.08784353,-0.0077752406,0.09432272,0.096032955,0.10016836,0.06980168,-0.08579711,0.0013408689,0.0987909,0.1033268,0.101308204,0.072920814,-0.082797766,0.0013217969,0.09861264,0.15978682,0.10525655,0.07349138,-0.07870298,0.004250917
148,0.08846429,0.30987808,0.07554067,0.019474195,-0.09340782,-0.11047442,0.07603664,0.27957052,0.0841141,0.04829907,-0.08943298,-0.030436706,0.08428518,0.11494924,0.094482265,0.06236682,-0.08809828,-0.007661188,0.09416044,0.09589177,0.10000272,0.07015307,-0.085977145,0.0014686206,0.09863743,0.10319694,0.10113766,0.073281236,-0.08288505,0.0014243993,0.0984584,0.15969563,0.10506131,0.073876545,-0.0784356,0.004308024
149,0.088546656,0.31016475,0.07562123,0.019131258,-0.09315874,-0.110095724,0.07610876,0.2796082,0.08417879,0.04815151,-0.089092985,-0.030100312,0.084352486,0.11497886,0.0945266,0.062186655,-0.08772078,-0.007319122,0.0942072,0.09595903,0.100020595,0.069928735,-0.08558131,0.0018081684,0.09865349,0.10332323,0.10112254,0.07301702,-0.08249752,0.0017383698,0.098435454,0.15993045,0.10500643,0.07357437,-0.07812843,0.0046214955
150,0.08888369,0.3103654,0.075849816,0.01905209,-0.094094776,-0.1099583,0.0763274,0.27986142,0.08437723,0.04853644,-0.08971281,-0.029860383,0.08455147,0.11520228,0.094733894,0.062699854,-0.08822767,-0.0070098457,0.09442348,0.096154206,0.100262694,0.070486486,-0.08599813,0.0021883165,0.09891327,0.10344228,0.10142883,0.07360482,-0.0827912,0.0021909701,0.09876694,0.15991008,0.10542908,0.07421149,-0.07792648,0.0052184416
151,0.08891943,0.31043607,0.07587956,0.017877903,-0.09347978,-0.109932885,0.07632429,0.27982214,0.084386684,0.04800935,-0.08898559,-0.029714834,0.084558256,0.115174405,0.09472066,0.062168337,-0.087472655,-0.0068413587,0.09440759,0.096162975,0.10021542,0.06989281,-0.085247666,0.002314788,0.098854534,0.1035227,0.10132975,0.072941646,-0.082112655,0.0021870271,0.098644465,0.16013075,0.105250135,0.07347012,-0.07759116,0.004960964
152,0.088933006,0.31034026,0.075879894,0.018028421,-0.095099546,-0.11025371,0.07631653,0.27996814,0.084441066,0.048717633,-0.09015366,-0.029697645,0.08461224,0.11531525,0.09481376,0.063088074,-0.08848553,-0.0066832313,0.094513096,0.09624109,0.10037411,0.07090575,-0.086127706,0.0025978114,0.09904153,0.10346552,0.10158769,0.0740242,-0.08279087,0.0025897422,0.098946124,0.15983741,0.105659276,0.074652016,-0.077433646,0.0055429926
153,0.089084476,0.31047314,0.075986095,0.016882299,-0.09431203,-0.110071175,0.07639236,0.27994743,0.0845005,0.048139255,-0.08929701,-0.029470293,0.084670305,0.115309134,0.094841376,0.06247613,-0.08761102,-0.006450415,0.09453784,0.09628362,0.100359984,0.07021736,-0.08526598,0.0027833264,0.0990136,0.10359264,0.101514995,0.07325627,-0.08201608,0.002650779,0.09884548,0.16012083,0.10550286,0.07379496,-0.07707624,0.005385314
154,0.0891478,0.3103484,0.07601453,0.015975863,-0.09493136,-0.110533774,0.076386556,0.28005245,0.08454382,0.048206463,-0.08954737,-0.0295334,0.08471062,0.115405805,0.09490368,0.06270421,-0.087753765,-0.006386197,0.09460613,0.096342586,0.100453906,0.07046713,-0.085332416,0.002900129,0.09911777,0.10358921,0.10165071,0.07350263,-0.0820071,0.0027399259,0.09899312,0.16002771,0.105697356,0.074051805,-0.07678429,0.005347541
155,0.08915536,0.31041414,0.07602613,0.015403385,-0.09478063,-0.1104545,0.07638064,0.2800232,0.08455674,0.048001643,-0.089257106,-0.029348379,0.08472275,0.115396544,0.094902426,0.06250625,-0.08741369,-0.0061626853,0.09460546,0.096360445,0.10043404,0.07023911,-0.084971026,0.0031308644,0.09909506,0.10364334,0.101606295,0.073240526,-0.08165953,0.0029333644,0.098940395,0.16014953,0.10561711,0.07375494,-0.07652235,0.0054818494
156,0.08916514,0.31038085,0.07603048,0.014580574,-0.09454069,-0.110658124,0.076359406,0.2800187,0.08456657,0.047703564,-0.08887043,-0.029305348,0.08473053,0.1154037,0.09490436,0.062227726,-0.08697797,-0.006051456,0.094607145,0.09638111,0.10042302,0.06992574,-0.084518515,0.0032520944,0.09907926,0.10369048,0.101573505,0.072884716,-0.081235446,0.0029948226,0.098895796,0.16025862,0.10554823,0.07335438,-0.07624587,0.0054084933
157,0.08920055,0.31046304,0.07606136,0.014416598,-0.09554549,-0.110582605,0.07637848,0.28008664,0.0846128,0.04808477,-0.089517824,-0.02910674,0.084776305,0.115477055,0.09495837,0.06275424,-0.08750111,-0.0057883295,0.09466954,0.09644043,0.10050059,0.070501074,-0.08494447,0.0035678511,0.099174045,0.103698395,0.101693794,0.073491484,-0.08153437,0.0033460963,0.09904095,0.16017054,0.1057382,0.07401256,-0.0760297,0.005827272
158,0.08841051,0.3101419,0.07554784,0.013949261,-0.09555468,-0.111385,0.07584788,0.27981895,0.08427395,0.048037145,-0.089347474,-0.029386308,0.084438816,0.11522796,0.094648086,0.06272548,-0.08726189,-0.0059428634,0.094363436,0.09618502,0.10018557,0.07044204,-0.084661305,0.0034378204,0.09886157,0.10348267,0.10134013,0.07340061,-0.08122662,0.0031341228,0.098686345,0.16008316,0.105286166,0.07389877,-0.0756648,0.0053904764
159,0.0880103,0.31023464,0.075314544,0.014155816,-0.095191404,-0.11144876,0.07562337,0.27969992,0.084134966,0.04801974,-0.08898605,-0.029289627,0.084307216,0.11510748,0.09450875,0.06260135,-0.08686884,-0.0057996702,0.094228856,0.096096404,0.10001868,0.07025642,-0.08425025,0.0036046342,0.09869457,0.10347156,0.1011207,0.07317384,-0.08081592,0.0032963753,0.098460965,0.16024238,0.10497648,0.07363716,-0.07531033,0.0055779163
160,0.08808103,0.31031373,0.07537,0.013903106,-0.0956905,-0.11170445,0.07566754,0.27987507,0.08421103,0.04824337,-0.08923083,-0.029252851,0.08438617,0.11524437,0.09460033,0.06290001,-0.08701684,-0.005660958,0.09432928,0.096204214,0.10013425,0.07055843,-0.08432465,0.0038040376,0.098822795,0.10353741,0.10126923,0.07347249,-0.08080524,0.0035136966,0.0986241,0.1602607,0.10517832,0.073950395,-0.07498255,0.005805091
161,0.08832067,0.31044918,0.07553403,0.013705237,-0.09629516,-0.11176464,0.07582201,0.28008968,0.084361166,0.0484856,-0.08956743,-0.029106544,0.084537946,0.11543172,0.09475683,0.063228495,-0.08725462,-0.0054231747,0.094493635,0.09636941,0.1003144,0.07090349,-0.084488556,0.0041157533,0.0990157,0.1036497,0.10149161,0.073824994,-0.08088102,0.0038811874,0.098862536,0.1602881,0.105477154,0.074326366,-0.07471422,0.006271058
162,0.08864068,0.31066084,0.075753324,0.012471572,-0.09541472,-0.11160194,0.07600656,0.28017914,0.08449929,0.047900353,-0.08861443,-0.0288742,0.08467691,0.11551289,0.094861224,0.06260106,-0.08628422,-0.0051698266,0.09459785,0.09649326,0.10038116,0.070184216,-0.08353094,0.0043352745,0.09907054,0.10385116,0.10150795,0.073013544,-0.080014504,0.0039885086,0.0988515,0.16063757,0.10542885,0.073416434,-0.07428728,0.006180223
163,0.08830384,0.3104658,0.075529374,0.012282639,-0.09643358,-0.112113096,0.075769916,0.28014567,0.08437972,0.04831929,-0.08925649,-0.028969774,0.0845578,0.115487106,0.09477431,0.06316717,-0.08679164,-0.0051323655,0.09452078,0.09642807,0.10032987,0.07079294,-0.08393199,0.0044523226,0.09903803,0.10372149,0.10149827,0.073648766,-0.08027702,0.0041334247,0.09886817,0.16042067,0.1054647,0.0741018,-0.073994905,0.006323201
164,0.0883688,0.31048596,0.07557282,0.011779314,-0.09650303,-0.112204224,0.07579648,0.28018895,0.08442515,0.048261743,-0.08913305,-0.028852478,0.08460415,0.11553952,0.09481558,0.06314215,-0.08659903,-0.0049371165,0.09456623,0.096486464,0.100370005,0.07074661,-0.08369814,0.004691009,0.09908133,0.10377929,0.1015389,0.07357603,-0.0800229,0.0043735104,0.09890877,0.16048637,0.105507895,0.074009344,-0.073686466,0.0065586837
165,0.087883785,0.31036565,0.07526254,0.011261889,-0.09648294,-0.11234732,0.075468004,0.27993262,0.08420506,0.048174974,-0.08892927,-0.02880303,0.084385,0.11533005,0.094595045,0.06307257,-0.08632424,-0.004842107,0.09434948,0.09630523,0.100128844,0.07064535,-0.083382286,0.00477921,0.09884204,0.10365262,0.10125603,0.07344106,-0.07969347,0.0043869363,0.09862378,0.16047351,0.10513929,0.073847346,-0.0733338,0.0064260657
166,0.08816362,0.31046596,0.075445615,0.010866419,-0.09690249,-0.11228593,0.07563647,0.28008518,0.0843537,0.048290808,-0.08909369,-0.028602522,0.08453455,0.115482755,0.09473958,0.06326412,-0.08639821,-0.004570106,0.09450043,0.09645171,0.1002872,0.07084001,-0.08339474,0.0051097316,0.09900954,0.103759244,0.10144592,0.07362939,-0.07964691,0.0047577284,0.09882356,0.16050564,0.10538967,0.0740417,-0.07306216,0.006875756
167,0.08828218,0.31064484,0.07553643,0.010423658,-0.09629483,-0.11195615,0.07571587,0.28005058,0.08441071,0.04796444,-0.08846055,-0.02829677,0.08459431,0.115476914,0.09476393,0.06285917,-0.08574276,-0.0042580627,0.09452554,0.096502274,0.10027205,0.070366465,-0.08274305,0.0054220306,0.09898737,0.10388496,0.10138189,0.07309667,-0.079051755,0.0050485423,0.09874255,0.16075763,0.10526061,0.0734454,-0.072737224,0.0071787112
168,0.0873471,0.31009498,0.074908964,0.010433818,-0.09694858,-0.11299114,0.07508351,0.2797394,0.084010154,0.048259728,-0.08885074,-0.028684966,0.08419463,0.11521236,0.09441131,0.06322589,-0.086025745,-0.0044702785,0.09417953,0.09620295,0.09994275,0.07075282,-0.08294596,0.005304769,0.09867024,0.103556275,0.10105506,0.07349717,-0.07915809,0.004953451,0.09843263,0.16042913,0.104889125,0.07387635,-0.07245813,0.007036397
169,0.08719212,0.30993685,0.07480083,0.009816628,-0.09648862,-0.113507114,0.07495661,0.27970812,0.083950296,0.04799308,-0.08830511,-0.028794447,0.08413747,0.11518831,0.09435494,0.06292039,-0.08543852,-0.004465476,0.09412604,0.096182846,0.09987676,0.070383996,-0.082345285,0.0053565684,0.09860069,0.10356312,0.10096227,0.07306948,-0.0785899,0.004980744,0.098327294,0.16051954,0.1047428,0.07339107,-0.07207074,0.0069799144
170,0.08687671,0.30977863,0.07459363,0.0103488555,-0.09750812,-0.11394154,0.07476235,0.27970746,0.08385914,0.048574086,-0.08905212,-0.028860006,0.084050335,0.11519494,0.09429582,0.06357952,-0.08606337,-0.004399687,0.09407718,0.096152075,0.09985315,0.071087845,-0.08286854,0.0055406257,0.098596804,0.103459895,0.100984596,0.07381579,-0.07896178,0.005280913,0.09837872,0.16031207,0.10482336,0.07420397,-0.07183047,0.0074778195
171,0.08745691,0.31020737,0.07499591,0.009976817,-0.09670237,-0.113401495,0.075157635,0.27990913,0.084138475,0.04821457,-0.08826904,-0.02842406,0.0843354,0.11538762,0.094526336,0.06310409,-0.085269935,-0.0039624614,0.09430986,0.09640539,0.10004141,0.07052593,-0.08208625,0.0059943446,0.098777264,0.103785954,0.101132974,0.07318263,-0.07824491,0.0057514077,0.09850696,0.16075307,0.104944065,0.07349524,-0.071439564,0.008058055
172,0.08715928,0.30999523,0.07479511,0.009747125,-0.09721417,-0.11403864,0.07494622,0.27990186,0.08403189,0.04844972,-0.088513516,-0.028588789,0.08423155,0.11537909,0.09444632,0.063411884,-0.085407905,-0.003983147,0.09423858,0.096363515,0.09998554,0.070836246,-0.08214454,0.006057254,0.09873398,0.10370183,0.10109913,0.073489465,-0.078212954,0.005839711,0.09848776,0.16063206,0.10492557,0.07381686,-0.0710671,0.008137811
173,0.08766404,0.31031728,0.07513922,0.009158712,-0.0976257,-0.11361467,0.07527026,0.28012386,0.08427461,0.048570786,-0.08862133,-0.028198482,0.0844769,0.11559247,0.094665624,0.06362365,-0.085412055,-0.003563088,0.09446708,0.09658944,0.10020774,0.07104072,-0.08207328,0.006506134,0.098967604,0.10390677,0.101348,0.07367554,-0.07806772,0.0063012782,0.09874755,0.16078117,0.10524032,0.07400149,-0.07065642,0.008657399
174,0.08766572,0.3103673,0.07514631,0.0077111465,-0.09704503,-0.11368152,0.075230874,0.28007597,0.084252775,0.048153613,-0.08784845,-0.028099915,0.084457695,0.11555041,0.09462521,0.06322539,-0.08457225,-0.0034350024,0.0944328,0.09657776,0.10014066,0.070554346,-0.08120369,0.0065817167,0.09889816,0.10396409,0.10123582,0.07309575,-0.07723402,0.0062151626,0.098620005,0.16098073,0.105052195,0.073334716,-0.07004739,0.008255962
175,0.08702351,0.3100848,0.07472353,0.007474043,-0.09855553,-0.114206776,0.07479369,0.27990547,0.08398295,0.048823673,-0.08883877,-0.028223235,0.0841888,0.115404904,0.09439713,0.0641182,-0.085376486,-0.0034381126,0.09421893,0.09638509,0.09995533,0.07151268,-0.081854604,0.0066377344,0.0987407,0.10369549,0.10109763,0.0740966,-0.077675365,0.006265074,0.098521695,0.16060685,0.10495256,0.07441481,-0.06964356,0.008233927
176,0.08766443,0.3105205,0.075161494,0.0062765377,-0.097817004,-0.11349845,0.075194865,0.28005105,0.08425348,0.048362743,-0.087984,-0.027711557,0.08446307,0.115558356,0.09461067,0.06362793,-0.084481806,-0.002962903,0.09443721,0.096607246,0.100125045,0.07092941,-0.08095266,0.007068478,0.09890518,0.103996985,0.10122746,0.07342141,-0.076835945,0.0066139055,0.09863229,0.16102181,0.10505215,0.07364854,-0.06912719,0.00850061
177,0.08744472,0.31040215,0.0750162,0.0052757394,-0.097905174,-0.113844864,0.075014845,0.2799702,0.08414695,0.048301145,-0.08778366,-0.027741766,0.08435872,0.11549106,0.09450858,0.063644946,-0.0841782,-0.0029095244,0.094343744,0.09653945,0.100022286,0.0709084,-0.08058164,0.0071262475,0.098809704,0.103942506,0.10111307,0.07335255,-0.076424934,0.006581012,0.098520376,0.16101734,0.10490241,0.07354774,-0.06860136,0.008259665
178,0.08655042,0.3100067,0.0744268,0.005215653,-0.09896003,-0.11453091,0.07441904,0.27966735,0.08375969,0.04880255,-0.08845222,-0.027965095,0.083973326,0.115230024,0.094162196,0.06428288,-0.084695205,-0.0030081733,0.09400833,0.09624732,0.09970027,0.07158401,-0.080978684,0.007087106,0.098507896,0.10361651,0.10080247,0.07405454,-0.07666579,0.006534512,0.09823796,0.16067246,0.10456485,0.07430423,-0.068214975,0.008141786
179,0.08660606,0.30993104,0.07445782,0.004985249,-0.09862114,-0.11498897,0.07444323,0.27976882,0.083806984,0.048676163,-0.08804539,-0.028028559,0.08402563,0.11532539,0.0942093,0.06409856,-0.08424645,-0.0029370545,0.09406023,0.09633946,0.0997454,0.07134526,-0.08051137,0.0072552133,0.0985531,0.103707686,0.10084114,0.07377103,-0.07620964,0.0067651123,0.09827003,0.16079228,0.10459293,0.07397947,-0.067844,0.008466186
180,0.08664958,0.3099823,0.074492425,0.00436419,-0.09858192,-0.11510567,0.07445687,0.27981317,0.08383438,0.048630677,-0.08780516,-0.027935486,0.08405703,0.11537017,0.094228625,0.06407586,-0.08392347,-0.0027734234,0.0940875,0.096393466,0.09975876,0.07127998,-0.08013716,0.007449238,0.098572336,0.103774585,0.10084649,0.07366241,-0.075808674,0.006937751,0.098276354,0.16089737,0.10458567,0.07383974,-0.067374684,0.00859711
181,0.08698914,0.31026584,0.07473134,0.0035090193,-0.09851638,-0.11472042,0.07466745,0.27991116,0.083984695,0.048539396,-0.08750609,-0.0275917,0.084211454,0.11547247,0.09434801,0.064024515,-0.08353344,-0.0024271451,0.09421584,0.09653069,0.09985995,0.07117997,-0.07969167,0.0077792564,0.09867974,0.10394412,0.10093636,0.07350987,-0.075339444,0.0072095757,0.09836623,0.16111231,0.104674235,0.07364823,-0.066855244,0.008802798
182,0.0869277,0.31030816,0.074698344,0.0031424183,-0.09906155,-0.114658,0.07462102,0.27988136,0.083965756,0.048791524,-0.08774283,-0.027418543,0.08419623,0.11546589,0.094325215,0.06436431,-0.08364716,-0.0022077954,0.094203606,0.09653123,0.099840656,0.07151748,-0.07971457,0.00802445,0.09867463,0.10393423,0.10092721,0.07383831,-0.075264215,0.0074472693,0.098372646,0.16108407,0.10467798,0.07398992,-0.06640886,0.0090425145
183,0.086452074,0.31011102,0.074386336,0.0028247072,-0.09922245,-0.11501518,0.074297145,0.27968165,0.083754614,0.04890876,-0.0876837,-0.027468348,0.08399023,0.11530326,0.09412426,0.06450348,-0.083490394,-0.0021707953,0.094011895,0.096375026,0.099635504,0.07162459,-0.07948982,0.008098726,0.0984786,0.103797026,0.10070236,0.073915884,-0.07498018,0.007500598,0.09815464,0.16100796,0.10439859,0.07405568,-0.06592537,0.009041837
184,0.086081885,0.3098487,0.074133754,0.00215969,-0.09898325,-0.11559772,0.07402132,0.27954102,0.083582096,0.048800174,-0.08727078,-0.027619725,0.08382306,0.115187846,0.09396204,0.0643888,-0.08300155,-0.0022017148,0.093858,0.09626001,0.09946873,0.07144695,-0.07895587,0.00811466,0.09831577,0.10370409,0.10051116,0.07367908,-0.07443474,0.0074829035,0.09796012,0.16099302,0.104145035,0.07377204,-0.065389484,0.008919994
185,0.08634002,0.31001243,0.07431065,0.0020108712,-0.099954866,-0.11539386,0.07419313,0.27969855,0.08372389,0.049279667,-0.08787146,-0.027359746,0.0839686,0.11534729,0.09409986,0.065001555,-0.083456494,-0.0018915252,0.09400829,0.09640662,0.09962961,0.07208865,-0.079296015,0.00848041,0.09849718,0.10378529,0.100723214,0.074338615,-0.07462664,0.007901068,0.09819882,0.16094735,0.10444876,0.07447818,-0.064991504,0.009462563
186,0.08646126,0.30996624,0.07438331,0.0007719536,-0.09923029,-0.11569356,0.07422393,0.27972904,0.08375878,0.048883226,-0.0870131,-0.027362041,0.08400941,0.11538151,0.094121285,0.06457903,-0.08253957,-0.0018126139,0.09403806,0.096458316,0.09963494,0.071562394,-0.07835765,0.008565263,0.098501265,0.10387936,0.10069903,0.07371228,-0.07373589,0.007900055,0.09815946,0.16114038,0.10437465,0.0737592,-0.06436661,0.009280162
187,0.08647587,0.31000492,0.074396946,0.0007293116,-0.10006684,-0.11563258,0.07423595,0.2797618,0.08378567,0.049326144,-0.0875223,-0.027185421,0.084040575,0.115435176,0.0941487,0.06512413,-0.08291127,-0.0015776885,0.09407715,0.09650515,0.09967878,0.072127685,-0.07862257,0.008857915,0.09856355,0.10387881,0.1007768,0.07429137,-0.073865466,0.008242801,0.09826076,0.16105217,0.10450613,0.07437859,-0.063960016,0.009738248
188,0.08662653,0.30993178,0.07448509,0.0006852186,-0.10017014,-0.11587725,0.07432305,0.27986217,0.08387157,0.049429476,-0.08747438,-0.027145283,0.08413161,0.11555338,0.09423158,0.065219544,-0.08278825,-0.0014224554,0.09416745,0.09661822,0.09976996,0.072198935,-0.07845022,0.0091193635,0.09866194,0.1039554,0.10088704,0.07434347,-0.0736498,0.008603322,0.09837627,0.1610726,0.104650065,0.07442264,-0.063593894,0.010282428
189,0.086326756,0.3098877,0.07429528,-0.00048141766,-0.09970185,-0.11593472,0.07409209,0.2796368,0.08370318,0.04918185,-0.086793534,-0.02705229,0.08396995,0.11536901,0.09404831,0.06497252,-0.08202093,-0.0013006114,0.093995154,0.09647742,0.09955592,0.071858004,-0.07763461,0.0092024645,0.09845183,0.10389901,0.10061747,0.07391157,-0.07284069,0.008554522,0.09809936,0.16118139,0.104275756,0.07391459,-0.06288433,0.009994522
190,0.08603271,0.30984503,0.07410958,-0.00053900434,-0.10071786,-0.115958214,0.07390434,0.27953592,0.08358622,0.049731396,-0.08741672,-0.026929192,0.083857805,0.11530015,0.09394089,0.06564892,-0.08248582,-0.0011185133,0.093901366,0.09640029,0.09946459,0.07255881,-0.077972576,0.009429568,0.0983825,0.10378423,0.10055087,0.07462916,-0.07301349,0.008802756,0.0980613,0.1610057,0.104234435,0.07468215,-0.062404573,0.010294729
191,0.0857133,0.3096122,0.07389115,-0.0008618571,-0.10098906,-0.11645961,0.07367437,0.279449,0.08344784,0.049910326,-0.08744831,-0.027046863,0.08372477,0.11523504,0.0938174,0.065869614,-0.08240916,-0.0011213764,0.09378835,0.09631991,0.0993519,0.07275493,-0.0778187,0.009491091,0.09828144,0.103683755,0.10044278,0.07480123,-0.072784394,0.008873723,0.097963676,0.16090052,0.10411254,0.07485048,-0.06190337,0.010353803
192,0.08600414,0.30978724,0.07408912,-0.0020618823,-0.09947169,-0.11622857,0.07383043,0.27940643,0.08353784,0.049203705,-0.08596306,-0.02678982,0.08382498,0.11522742,0.0938559,0.06500819,-0.08091947,-0.0008515797,0.093834415,0.09639763,0.099329606,0.0717311,-0.0763556,0.009736608,0.09824928,0.10389516,0.10033759,0.07363537,-0.071450315,0.009032646,0.09782677,0.16134436,0.1038903,0.07353907,-0.06119337,0.010401258
193,0.086445786,0.30997786,0.07438261,-0.0013601144,-0.100807525,-0.115906544,0.074150935,0.27965057,0.083783634,0.04996114,-0.08696341,-0.026460143,0.084075116,0.11548797,0.09409195,0.0658791,-0.081774764,-0.00045598115,0.0940815,0.096642114,0.09959556,0.072670795,-0.07708677,0.010258002,0.098538086,0.10403095,0.100679904,0.07463793,-0.071987264,0.009742085,0.09820347,0.16125931,0.10437749,0.07463429,-0.060935758,0.011516522
194,0.08635611,0.3099296,0.07432433,-0.0025519375,-0.099709794,-0.11612957,0.074050315,0.27952754,0.083707154,0.04946055,-0.0858063,-0.026449239,0.0840082,0.11538971,0.09399344,0.06528858,-0.08057605,-0.00039024343,0.093993,0.096591905,0.09945843,0.07194392,-0.07587978,0.010307318,0.09839782,0.104081415,0.10047554,0.07378859,-0.0708518,0.009682584,0.09797852,0.16151144,0.10405775,0.073668204,-0.060184166,0.011256764
195,0.0855351,0.30936906,0.07376407,-0.0019090867,-0.101877265,-0.11721497,0.07351399,0.27942717,0.083387084,0.05060772,-0.08742221,-0.02685347,0.08369011,0.11530065,0.09374474,0.066679396,-0.08197392,-0.00057710375,0.09375866,0.09639576,0.09928665,0.07345083,-0.077084504,0.010288287,0.09825983,0.10371566,0.100394644,0.07539237,-0.07175214,0.009798103,0.097950675,0.1609053,0.10407176,0.075418144,-0.059837945,0.011530719
196,0.08506704,0.30916405,0.07345591,-0.0027863616,-0.10071858,-0.11769389,0.07317387,0.2791591,0.08314421,0.050176587,-0.08624874,-0.026986644,0.083459586,0.11506613,0.093493566,0.066117816,-0.08076,-0.0006356378,0.093518496,0.09620724,0.09899335,0.072745256,-0.075858794,0.010221544,0.09796333,0.103647344,0.10001505,0.07456535,-0.070586145,0.009622496,0.09754993,0.16109562,0.10353125,0.07447865,-0.059028782,0.011148122
197,0.08607198,0.30951938,0.07412022,-0.003791432,-0.10030195,-0.11769908,0.07380509,0.27968162,0.083607614,0.050044846,-0.08564286,-0.026790343,0.08393441,0.11552157,0.09392725,0.06598267,-0.08007443,-0.000339063,0.09396748,0.09665816,0.09943367,0.07251475,-0.07512129,0.010582243,0.09841195,0.10407345,0.100486174,0.074243665,-0.069833755,0.010000418,0.09801782,0.16148534,0.104088515,0.074086025,-0.058310624,0.01156601
198,0.08654317,0.3098574,0.07445032,-0.004005258,-0.101105,-0.11742889,0.07413069,0.27995643,0.083847255,0.05049344,-0.086088896,-0.026500383,0.08418015,0.11577062,0.0941469,0.06654398,-0.08037065,-1.03973725e-05,0.09420115,0.09690364,0.09966473,0.07308588,-0.07529917,0.010955906,0.09866274,0.104274035,0.10075763,0.07481745,-0.069862545,0.010411762,0.0983122,0.16159771,0.10444624,0.07469363,-0.057762906,0.012089423
199,0.08644334,0.30999085,0.07440728,-0.0038607742,-0.1025405,-0.11751483,0.07409664,0.2800637,0.083844475,0.051309615,-0.087055795,-0.026396327,0.08418317,0.11585456,0.09415357,0.06753364,-0.081143774,0.00017248002,0.09422396,0.09695527,0.099698335,0.074125335,-0.075907096,0.011204861,0.09872439,0.10425817,0.10083734,0.07589635,-0.070234016,0.010705556,0.09843003,0.16148116,0.10459485,0.07585671,-0.05719623,0.012477929
200,0.0847049,0.30956545,0.07329013,-0.004632166,-0.100613125,-0.11836846,0.07294579,0.27921188,0.08300951,0.05063838,-0.085272886,-0.026803149,0.08336567,0.11506362,0.093324535,0.06659649,-0.07934527,-0.00020026873,0.09340718,0.09625916,0.09877491,0.07298061,-0.07412657,0.01073506,0.09779236,0.10384817,0.09970816,0.074590065,-0.06857503,0.009976904,0.09726791,0.16167423,0.10306782,0.07439256,-0.056165427,0.01126718
201,0.08579895,0.31061766,0.07408116,-0.0043074423,-0.10099291,-0.11709342,0.07375244,0.279705,0.08356058,0.05108078,-0.08545755,-0.02600874,0.08392985,0.1154932,0.09380322,0.067033224,-0.079411484,0.0004995665,0.093902156,0.09675398,0.09922118,0.07339264,-0.07409707,0.011422202,0.09825655,0.10438307,0.10016046,0.0749915,-0.06841997,0.010704651,0.09773783,0.16223401,0.10360215,0.07481412,-0.055553265,0.012242044
202,0.08588591,0.31101438,0.07418318,-0.0032004628,-0.1024283,-0.116887234,0.07389689,0.27993464,0.08367804,0.052041966,-0.08656306,-0.02576327,0.084054664,0.115679115,0.093913145,0.06808001,-0.08035499,0.0007970602,0.09402531,0.09692511,0.099343054,0.07450604,-0.07489596,0.011817917,0.09840445,0.10449982,0.10032068,0.0761767,-0.06898123,0.011239986,0.097936906,0.1622653,0.10384122,0.07611136,-0.05515435,0.0131004965
203,0.084937364,0.31065083,0.073564984,-0.003601638,-0.10166752,-0.11800668,0.073262446,0.2796625,0.08324845,0.051934272,-0.085736,-0.026216391,0.08364067,0.11539083,0.093511544,0.0678531,-0.079461195,0.0005084942,0.09363906,0.09663432,0.09892097,0.07415504,-0.07395774,0.011578236,0.097987875,0.104301244,0.09982144,0.07572925,-0.06803361,0.010926577,0.09743036,0.16233052,0.10317245,0.075588636,-0.054278903,0.012595396
204,0.08472729,0.3103899,0.07341878,-0.0038349277,-0.10071619,-0.11910925,0.07310719,0.2797427,0.083166204,0.051654793,-0.084826946,-0.026632527,0.08357117,0.11543451,0.093438,0.06742003,-0.07852366,0.00029225613,0.093575455,0.09666485,0.09883618,0.073611975,-0.07301522,0.011483772,0.09790205,0.104368,0.09969685,0.07510221,-0.06713231,0.010879195,0.09729143,0.16254072,0.102968715,0.07488162,-0.05362582,0.012577669
205,0.08536273,0.31089535,0.07386784,-0.0043334463,-0.10042407,-0.11850193,0.07354094,0.27994716,0.083455935,0.051701266,-0.084365234,-0.02617898,0.08387524,0.11563214,0.09367635,0.067430906,-0.077961646,0.0007249734,0.09383098,0.0969224,0.09904299,0.07353561,-0.072381765,0.011908904,0.098120354,0.10468449,0.09988423,0.074952915,-0.066445634,0.011285006,0.09748112,0.162938,0.10316116,0.07468433,-0.052812245,0.013049513
206,0.08521871,0.31079745,0.073772326,-0.004584508,-0.101250246,-0.11888233,0.07343858,0.27998796,0.08340462,0.05224121,-0.08480357,-0.026226418,0.0838322,0.11566864,0.09363876,0.06808512,-0.07823251,0.0007922892,0.09381015,0.09692669,0.09902981,0.07418564,-0.0725147,0.01205166,0.09812928,0.10463307,0.09990338,0.075595565,-0.06640291,0.01145803,0.097524926,0.16281798,0.103217594,0.07536049,-0.052110046,0.013269086
207,0.08547595,0.3110314,0.07395704,-0.004551277,-0.102479056,-0.11849758,0.07362865,0.28010067,0.0835395,0.05295532,-0.085595764,-0.025890308,0.08397277,0.11579976,0.09375582,0.06895086,-0.07884234,0.0011520591,0.093942255,0.09705889,0.09915976,0.07508572,-0.07297173,0.012461415,0.09828383,0.104706325,0.100077756,0.07652195,-0.066648416,0.011930177,0.097731136,0.16276444,0.10347573,0.07635543,-0.051523123,0.013920021
208,0.08487802,0.3106847,0.07355349,-0.005758492,-0.101601094,-0.119280264,0.07318004,0.27983704,0.08322724,0.052676633,-0.08456901,-0.02616773,0.08367586,0.11555668,0.09345559,0.06860777,-0.0777329,0.0010008464,0.09366047,0.09683061,0.09884124,0.07459767,-0.071811736,0.012325952,0.09797253,0.104560964,0.09969764,0.07590583,-0.065496236,0.0116858985,0.09734244,0.16282618,0.10295803,0.075632915,-0.050519414,0.013436316
209,0.0852196,0.31098035,0.073796,-0.00636352,-0.10181811,-0.118763484,0.07340305,0.27987647,0.083366774,0.05290371,-0.084475055,-0.025763137,0.08382623,0.1156296,0.09355705,0.0688857,-0.0775034,0.0014019458,0.09377938,0.09695071,0.09892461,0.07482276,-0.07147815,0.01273201,0.0980729,0.104706794,0.09977702,0.076081164,-0.06505782,0.012082604,0.09743476,0.16298792,0.10304844,0.075790636,-0.04972192,0.01389875
210,0.08557084,0.31120676,0.07403889,-0.0066766017,-0.101389505,-0.11840364,0.0736351,0.27991238,0.08351279,0.05287796,-0.08393284,-0.025445966,0.083985716,0.11570503,0.09366016,0.06878764,-0.07688292,0.0017339195,0.09389733,0.09708757,0.09899547,0.074637935,-0.070806116,0.0130956005,0.09815253,0.10489783,0.099820666,0.07582772,-0.06435753,0.012476579,0.09747816,0.16325293,0.10306974,0.07548581,-0.0489811,0.014434957
211,0.08497866,0.31097543,0.07365155,-0.007305457,-0.10116216,-0.11900413,0.07322402,0.27969015,0.08322776,0.05297892,-0.083483875,-0.02563748,0.08371504,0.11549673,0.09338744,0.06887049,-0.07631285,0.0016476763,0.09364377,0.096885584,0.09871262,0.07462729,-0.07014702,0.013038136,0.09788444,0.10474756,0.09949693,0.075738855,-0.06362491,0.01235755,0.09716114,0.16324556,0.102646545,0.07534991,-0.04803775,0.01419001
212,0.08349011,0.31067216,0.07269913,-0.006128046,-0.10250017,-0.119792424,0.07231656,0.2792786,0.08261469,0.054113753,-0.08449059,-0.026007853,0.08311458,0.11506692,0.09283476,0.07005945,-0.07711293,0.0013491915,0.093109556,0.09640722,0.09817575,0.075844325,-0.07076655,0.012763659,0.09737674,0.104268245,0.09893769,0.07700513,-0.06396478,0.012048086,0.09664127,0.16286282,0.10198922,0.07672482,-0.047285385,0.013814682
213,0.0842014,0.3115666,0.07323896,-0.0053549954,-0.102333054,-0.118693724,0.07288577,0.2795419,0.08299009,0.05445031,-0.08431866,-0.025375811,0.083507314,0.115294546,0.093140386,0.070265785,-0.076856434,0.0018520396,0.09343066,0.09672497,0.09842534,0.075991265,-0.07044774,0.013223322,0.09763823,0.10468834,0.09914445,0.07712785,-0.0635653,0.012518225,0.0968551,0.16343173,0.10218857,0.076848626,-0.046624187,0.014492664
214,0.08476403,0.31193238,0.07363601,-0.005061038,-0.10139696,-0.118642226,0.07329318,0.2798367,0.08327504,0.05429788,-0.083504036,-0.025239358,0.08380923,0.11555152,0.09338214,0.06991484,-0.076014794,0.0020260834,0.093685016,0.09702881,0.09863,0.07553755,-0.06960253,0.013457452,0.09784534,0.10505832,0.0993123,0.07660745,-0.06274693,0.012821812,0.097013585,0.1639318,0.10233468,0.07626554,-0.045981135,0.015003785
215,0.08400326,0.3112183,0.07310067,-0.0057013696,-0.10143658,-0.12056827,0.07273434,0.27986392,0.082939,0.054529518,-0.08327709,-0.026064351,0.08348632,0.11550972,0.093118,0.070172206,-0.07565848,0.0015190449,0.09344017,0.09687593,0.09841822,0.07571858,-0.06914381,0.013115751,0.097651005,0.10482841,0.0991231,0.076721504,-0.06218378,0.012506601,0.0968363,0.16369903,0.10211904,0.07634894,-0.045079995,0.014582419
216,0.084091306,0.3111731,0.07316093,-0.005710709,-0.10192565,-0.12130578,0.0727962,0.2801609,0.08301672,0.054980423,-0.08350606,-0.02629665,0.08357386,0.11573612,0.09321231,0.07066524,-0.07575197,0.001455517,0.09354998,0.09704171,0.09854379,0.07618996,-0.06912917,0.013177166,0.097795196,0.10491734,0.09928974,0.07717872,-0.0620302,0.012650264,0.09702209,0.1637112,0.102346115,0.07682579,-0.044404253,0.014843951
217,0.085018665,0.31191486,0.07382469,-0.004927213,-0.10271037,-0.12061925,0.07349165,0.28065825,0.08349937,0.05554448,-0.08409494,-0.02583176,0.08406167,0.11618062,0.09363647,0.07125251,-0.07622223,0.0019000878,0.093982406,0.097510844,0.09895327,0.07681402,-0.06950705,0.01368662,0.0982196,0.10535704,0.099729285,0.077847816,-0.062262848,0.01329256,0.0974824,0.16406792,0.10289269,0.07756272,-0.044035014,0.015842779
218,0.08466559,0.3120515,0.073621675,-0.0055267415,-0.101495214,-0.12063047,0.0732649,0.28040665,0.083309755,0.055232387,-0.082888335,-0.025766933,0.0838928,0.11594997,0.09341611,0.07076813,-0.07495858,0.0019602173,0.0937817,0.097366765,0.09866927,0.0761725,-0.06821644,0.013704231,0.09794172,0.10538844,0.09933791,0.077084154,-0.06100117,0.0132017415,0.09708028,0.16443375,0.102322,0.07669115,-0.043000966,0.015627176
219,0.084220886,0.31199723,0.07334201,-0.00569024,-0.100985005,-0.1208517,0.07297791,0.28017035,0.0830935,0.055243332,-0.08229497,-0.025804449,0.08369228,0.1157464,0.09318691,0.07067737,-0.07427598,0.0019617204,0.0935692,0.09721097,0.09840362,0.07598681,-0.06747601,0.013721241,0.09768639,0.10532734,0.099006355,0.07683015,-0.06022141,0.01319242,0.09675016,0.16456684,0.10186853,0.0763884,-0.04213428,0.015617934
220,0.083782434,0.31164098,0.07303858,-0.0041042003,-0.10294925,-0.12163142,0.072733656,0.28025034,0.08296325,0.056407478,-0.08389774,-0.026105901,0.08355889,0.11582493,0.09309295,0.07197288,-0.07570006,0.0018341864,0.09347827,0.09719557,0.09836148,0.077413574,-0.06874488,0.013795328,0.09766536,0.10513494,0.09904227,0.078386895,-0.061215658,0.013507847,0.09682592,0.16411255,0.10200589,0.07811379,-0.041966304,0.016346717
221,0.08429697,0.31153694,0.0733597,-0.0057584727,-0.10197619,-0.122480065,0.072997764,0.28060794,0.08317147,0.056092545,-0.082750864,-0.02634572,0.08378772,0.116116896,0.09330103,0.071621865,-0.07446582,0.0017990696,0.093711324,0.09746084,0.0985848,0.07689726,-0.06744895,0.013856419,0.09790067,0.10539483,0.09927675,0.0777159,-0.059912834,0.013554723,0.09705358,0.16441652,0.10225904,0.07731381,-0.040788718,0.016319426
222,0.08542313,0.31225765,0.07413867,-0.007189492,-0.10155495,-0.12138505,0.073729135,0.28086564,0.08364803,0.056099873,-0.082031295,-0.02562149,0.084285535,0.11638902,0.09369921,0.07165121,-0.07360177,0.0024499118,0.09413795,0.09782853,0.098944835,0.076790854,-0.066471435,0.014450856,0.09828096,0.105842724,0.09962451,0.077482246,-0.05884634,0.014075248,0.09740741,0.1649355,0.102641724,0.07699365,-0.039509702,0.01686452
223,0.084386416,0.31165725,0.07343445,-0.008039261,-0.10179507,-0.122682296,0.07299446,0.28057787,0.08315184,0.05643301,-0.08189325,-0.026159015,0.08380318,0.11609754,0.09325265,0.072054446,-0.073286705,0.0021222308,0.09371405,0.097484864,0.098519005,0.07711956,-0.06601194,0.014209205,0.09787732,0.10549332,0.09918031,0.07774303,-0.058228385,0.013792885,0.09698055,0.16467276,0.102099515,0.07723295,-0.038350094,0.016434511
224,0.08445442,0.31190345,0.07350247,-0.007838798,-0.10202244,-0.1221078,0.07307098,0.28043693,0.08317174,0.05678298,-0.0819067,-0.025763556,0.08383465,0.11603527,0.09322263,0.0723821,-0.07317077,0.0024907046,0.09369908,0.09750058,0.0984473,0.077412285,-0.06579568,0.014608202,0.09782143,0.10556478,0.09907436,0.078018226,-0.057888187,0.014257414,0.09688894,0.16480313,0.10195401,0.077518456,-0.037554532,0.017150823
225,0.083438195,0.3115537,0.07283119,-0.008412148,-0.10158009,-0.1226078,0.07237651,0.27990627,0.082662314,0.05685845,-0.08126899,-0.025942616,0.08334381,0.115574904,0.0927203,0.07239602,-0.07240204,0.0023815266,0.09321958,0.09708548,0.09791105,0.077311285,-0.06492899,0.01450869,0.09730204,0.10526092,0.098454915,0.07782731,-0.056936763,0.014088437,0.09627676,0.164738,0.101150505,0.07727015,-0.036360916,0.016887577
226,0.08487808,0.31245077,0.07383086,-0.008727291,-0.102504864,-0.121559285,0.073372565,0.28052777,0.08334954,0.057625003,-0.08174367,-0.02520409,0.0840459,0.11614667,0.0933398,0.07328646,-0.072682634,0.0031066195,0.09386341,0.097684406,0.09853284,0.07817007,-0.06503389,0.0152770365,0.09795326,0.10580463,0.09914281,0.0786564,-0.056804437,0.014936009,0.09699451,0.16512214,0.10201624,0.07812962,-0.035364512,0.018028738
227,0.08442004,0.31207818,0.073516555,-0.0090451315,-0.10190352,-0.12277163,0.073044315,0.2805316,0.08313728,0.057652388,-0.081049144,-0.025699168,0.0838533,0.11611308,0.09315203,0.07320971,-0.07189758,0.002826823,0.09369696,0.09761914,0.09835008,0.077977784,-0.0641816,0.015127274,0.097784474,0.105753064,0.09893495,0.078376755,-0.0558977,0.014831202,0.096790165,0.16518499,0.10173452,0.077787906,-0.03433919,0.017958507
228,0.08364431,0.3117034,0.07299552,-0.008691227,-0.10254605,-0.12345287,0.07253717,0.2802764,0.08278306,0.058227398,-0.08140184,-0.025960792,0.083507665,0.115895525,0.09281577,0.07381082,-0.072093874,0.002695392,0.09337441,0.097382285,0.09801636,0.07857148,-0.06424995,0.015104069,0.09746906,0.10549574,0.09858742,0.07897726,-0.055788923,0.014889463,0.096463546,0.16494204,0.10132414,0.078432314,-0.03354858,0.018168956
229,0.084755376,0.31247988,0.07377526,-0.008240862,-0.10250461,-0.12215535,0.07333508,0.28052643,0.08329807,0.058476944,-0.081265196,-0.025195813,0.08403612,0.11620255,0.09323115,0.07397829,-0.07186095,0.0033490923,0.09380404,0.09780509,0.09837513,0.078697115,-0.063949525,0.015773341,0.09784069,0.1059742,0.09893152,0.079084784,-0.055405807,0.015670465,0.09681715,0.16542238,0.1017183,0.078540064,-0.03286532,0.019358896
230,0.083951436,0.31236467,0.073264375,-0.008477427,-0.101857245,-0.122664705,0.07281217,0.28019583,0.08291167,0.05854848,-0.08052088,-0.02540289,0.08367184,0.11587947,0.09284662,0.0739268,-0.07100415,0.0032001082,0.0934437,0.09752232,0.0979528,0.07852048,-0.063010916,0.0156309,0.09743533,0.105815776,0.09842229,0.0788188,-0.05439525,0.015461381,0.09631458,0.16554187,0.10103416,0.07821447,-0.031661402,0.019068679
231,0.08381355,0.31212774,0.07316498,-0.008857403,-0.10137363,-0.123656444,0.07269802,0.28031945,0.08284499,0.058631584,-0.0799063,-0.02577966,0.08362502,0.11596261,0.0927905,0.07392964,-0.07028391,0.003021371,0.093410276,0.09757865,0.09790319,0.07841344,-0.062209953,0.015586259,0.09740229,0.105869114,0.09836379,0.078627,-0.053518753,0.015484821,0.09626309,0.16565944,0.10094245,0.07796602,-0.030580075,0.019190371
232,0.08426024,0.31236336,0.07347538,-0.008822433,-0.101815164,-0.12344071,0.07301306,0.2804885,0.083052516,0.059150927,-0.08005879,-0.025532497,0.08384634,0.11614932,0.09296037,0.074472874,-0.070282295,0.0033216132,0.09359926,0.09779061,0.098063484,0.07891827,-0.06207662,0.01597104,0.09758337,0.10606228,0.098538354,0.07910714,-0.053210475,0.015972879,0.09645692,0.16579972,0.10116243,0.078463204,-0.029639043,0.019959811
233,0.08360785,0.31218845,0.07304827,-0.008925413,-0.10183979,-0.12364254,0.07258168,0.2801165,0.082724825,0.05952021,-0.079846784,-0.025567465,0.083536,0.1158421,0.092626594,0.07481059,-0.06991526,0.0033283706,0.09328764,0.09752416,0.09770285,0.07917937,-0.061583705,0.01600608,0.09724338,0.10586226,0.09812474,0.07931628,-0.052567016,0.016004018,0.0960592,0.16573545,0.10063286,0.078660935,-0.028473785,0.020054655
234,0.084230796,0.31260595,0.07348484,-0.008943357,-0.10217532,-0.12288826,0.073020644,0.28021556,0.08300099,0.059981477,-0.07991168,-0.025075138,0.08382627,0.11599581,0.09284152,0.07528482,-0.06982194,0.0037774576,0.09352226,0.097746246,0.09788958,0.07960927,-0.061362218,0.01648082,0.09745107,0.10610062,0.098312736,0.07971706,-0.052181568,0.0165492,0.09626597,0.16594136,0.10085924,0.07907125,-0.027489424,0.020879926
235,0.083717436,0.3121498,0.07312257,-0.009649961,-0.10195034,-0.12399827,0.07263197,0.28013623,0.08273818,0.060189933,-0.07943916,-0.025524242,0.08358316,0.115903705,0.09260818,0.07547919,-0.06920622,0.00353328,0.0933147,0.09761516,0.09767408,0.07969494,-0.060628373,0.016356414,0.09725737,0.1059555,0.098091476,0.07971256,-0.05132201,0.016459491,0.09605828,0.16584504,0.10058446,0.07901646,-0.026236143,0.020816395
236,0.08373569,0.31230864,0.073154114,-0.008994791,-0.10312155,-0.12377534,0.0726919,0.28014132,0.08276642,0.06109289,-0.08024617,-0.025331775,0.08361748,0.11593814,0.09261068,0.07646023,-0.069820374,0.003740582,0.093329825,0.097657785,0.09767001,0.08070251,-0.06107869,0.016631993,0.09727498,0.10595479,0.0981013,0.080758944,-0.051524527,0.016839769,0.096096344,0.16575699,0.10062245,0.080151856,-0.025459792,0.021482337
237,0.08497546,0.31300288,0.07401268,-0.010146098,-0.10148525,-0.12295983,0.07350666,0.28044102,0.08329551,0.060763154,-0.07860872,-0.024766091,0.08418523,0.11624759,0.093056,0.07593574,-0.06810609,0.0042637163,0.093814805,0.09809592,0.09805998,0.07994464,-0.059306905,0.017134614,0.09768647,0.10653817,0.09844731,0.07980861,-0.049746703,0.01731518,0.096440546,0.16653085,0.100962915,0.07903725,-0.02385777,0.022091676
238,0.08341033,0.31237298,0.07296834,-0.009650172,-0.10181187,-0.12426674,0.072479285,0.27994588,0.08257189,0.06126125,-0.07872423,-0.025423441,0.08347293,0.11576112,0.0923778,0.07639586,-0.06807615,0.0037646452,0.09315062,0.097576156,0.097372256,0.080378,-0.0591605,0.016728245,0.09701392,0.106057815,0.097690806,0.08024254,-0.04943508,0.01692857,0.09569888,0.1662367,0.1000169,0.07950791,-0.02292164,0.021700382
239,0.08358646,0.31229296,0.073080935,-0.009728071,-0.10226318,-0.124807164,0.0725922,0.2801656,0.08265678,0.061766483,-0.078876995,-0.025576184,0.08357009,0.11595726,0.09245614,0.076938234,-0.06807038,0.003764074,0.093247056,0.09773987,0.097465396,0.08088445,-0.059020832,0.016867058,0.09712694,0.10615649,0.09781287,0.08072464,-0.049115255,0.01719084,0.09583916,0.1662531,0.100183144,0.08000695,-0.02194348,0.022203088
240,0.08394766,0.31243977,0.073328145,-0.010000813,-0.102292776,-0.12461737,0.07283133,0.2802214,0.082800165,0.062108047,-0.078660935,-0.025370317,0.08373131,0.11605548,0.09255933,0.077266574,-0.06770408,0.004005843,0.093373284,0.0978828,0.097549945,0.0811368,-0.05853116,0.017173246,0.09723274,0.10631286,0.09789326,0.08092012,-0.048475288,0.017574135,0.09593521,0.16640596,0.10027264,0.08018422,-0.020787537,0.022832368
241,0.08293635,0.31193036,0.07263939,-0.009971556,-0.10217907,-0.12533137,0.07214136,0.27974424,0.08229623,0.062436458,-0.078360654,-0.025699645,0.08324545,0.11565236,0.09207087,0.0775294,-0.067255735,0.003774812,0.092906706,0.09749637,0.09704427,0.08131973,-0.057966072,0.017015154,0.09674666,0.1059743,0.097331986,0.08105401,-0.047766984,0.017452018,0.09538848,0.16619912,0.09956764,0.08030579,-0.019580599,0.022810452
242,0.083387375,0.31230155,0.07296445,-0.009780045,-0.10175743,-0.124584444,0.07247236,0.27967468,0.08247669,0.06259047,-0.077861786,-0.025249701,0.083446264,0.115675494,0.09217654,0.07756016,-0.06665617,0.0041594957,0.09303366,0.09763747,0.09708952,0.081263766,-0.057291687,0.01742003,0.09680837,0.10621157,0.097327575,0.08094493,-0.04700641,0.017935526,0.09539335,0.16653731,0.09952062,0.08016681,-0.01854564,0.023615083
243,0.083705544,0.31244907,0.07318527,-0.0096516535,-0.1012116,-0.12434822,0.07269642,0.27966008,0.08259948,0.06270055,-0.077261426,-0.025053654,0.08359109,0.11572656,0.09224879,0.07753433,-0.06596283,0.004366676,0.09312848,0.09776762,0.09712147,0.08113898,-0.056528542,0.017689874,0.0968569,0.10640524,0.09732425,0.08075586,-0.046165798,0.018301142,0.09539824,0.16680928,0.09948343,0.079935804,-0.017477918,0.024279676
244,0.083461136,0.31190488,0.07298587,-0.009422165,-0.10121452,-0.12557222,0.07250496,0.27975497,0.08248136,0.063031934,-0.07711671,-0.025595736,0.083487794,0.11581924,0.09215044,0.077807084,-0.065695435,0.0040534385,0.09304757,0.09780382,0.09704766,0.0813582,-0.056165077,0.017580735,0.09679939,0.10635829,0.09727352,0.080946155,-0.04567411,0.018375821,0.095360234,0.16668351,0.09944173,0.08012559,-0.016532071,0.024652142
245,0.0838003,0.31184396,0.07320077,-0.0087597165,-0.10214445,-0.12569298,0.07274825,0.2799225,0.08264637,0.0637911,-0.07775072,-0.025577102,0.08365833,0.11602786,0.092285715,0.078612104,-0.06615308,0.0041533345,0.093193315,0.098001674,0.09718808,0.08218556,-0.056477457,0.017824346,0.09695677,0.10645849,0.09745393,0.0818097,-0.045764305,0.018815782,0.09556142,0.16659945,0.09969963,0.08106678,-0.015747698,0.02551949
246,0.082931325,0.31131643,0.07259962,-0.008567714,-0.10200003,-0.12643193,0.07215186,0.27950746,0.082205236,0.06411638,-0.07744314,-0.025918728,0.083235666,0.11569381,0.09185302,0.078853175,-0.06570847,0.0039273957,0.09278174,0.09768601,0.09673712,0.08235064,-0.05592148,0.01770347,0.09652427,0.10617798,0.09695308,0.081931815,-0.04506347,0.01878018,0.09507387,0.1664219,0.0990718,0.0811809,-0.014549107,0.025675835
247,0.08390589,0.31195787,0.07328387,-0.008236455,-0.10215842,-0.12510283,0.072850585,0.27955866,0.082630984,0.06457224,-0.07740306,-0.02515987,0.083678156,0.11586278,0.09217007,0.079262026,-0.065517515,0.0045567853,0.0931189,0.09799544,0.09698712,0.08271092,-0.05560706,0.018341616,0.09679415,0.106556125,0.09717636,0.082270026,-0.04457832,0.01953102,0.09531371,0.166798,0.099319026,0.0815336,-0.013445981,0.026872203
248,0.08293122,0.31135705,0.07261095,-0.008622338,-0.102245845,-0.12626481,0.07216355,0.2792427,0.082140274,0.06511818,-0.07716328,-0.025663687,0.08321061,0.115563944,0.091715686,0.07980378,-0.06508647,0.004257937,0.09269445,0.097663425,0.09654265,0.08314644,-0.054999013,0.01817192,0.09637774,0.106224574,0.09670445,0.082626134,-0.043737374,0.019414693,0.09486337,0.16654845,0.09873749,0.081870824,-0.011823722,0.026847193
249,0.08373051,0.3116274,0.07315855,-0.009606642,-0.10151527,-0.12644218,0.072676495,0.2796157,0.08248305,0.06529002,-0.07622986,-0.025593873,0.0835886,0.11589465,0.09202202,0.07990448,-0.06400076,0.00444887,0.09304169,0.09802399,0.09684226,0.08306717,-0.053771358,0.018459242,0.096708916,0.106614575,0.09700965,0.08239579,-0.042350262,0.019763075,0.09518514,0.16698633,0.09907883,0.0815391,-0.010001702,0.027393265
250,0.084079914,0.31177163,0.0734089,-0.009536561,-0.100437,-0.1267764,0.072926626,0.27979508,0.08263103,0.065235734,-0.07519722,-0.025700035,0.08376786,0.116064735,0.092128046,0.07963648,-0.0628911,0.0044281716,0.09317782,0.098251976,0.09691047,0.08265571,-0.052605823,0.018540833,0.09679655,0.10692377,0.09703289,0.081887886,-0.04113085,0.01994399,0.09521483,0.16745171,0.09905125,0.08095504,-0.008683729,0.027833158
