Epoch,Layer0_theta_1,Layer0_r,Layer0_theta_2,Layer0_bx,Layer0_bp,Layer0_gamma,Layer1_theta_1,Layer1_r,Layer1_theta_2,Layer1_bx,Layer1_bp,Layer1_gamma,Layer2_theta_1,Layer2_r,Layer2_theta_2,Layer2_bx,Layer2_bp,Layer2_gamma,Layer3_theta_1,Layer3_r,Layer3_theta_2,Layer3_bx,Layer3_bp,Layer3_gamma,Layer4_theta_1,Layer4_r,Layer4_theta_2,Layer4_bx,Layer4_bp,Layer4_gamma,Layer5_theta_1,Layer5_r,Layer5_theta_2,Layer5_bx,Layer5_bp,Layer5_gamma
1,0.06070193,0.07367028,0.060722273,0.06584864,-0.062879115,0.06309334,0.060623422,0.07182797,0.060653307,0.06728604,-0.06270372,0.06293317,0.060579993,0.06597165,0.060614754,0.06846123,-0.0625005,0.06289286,0.060570758,0.06594881,0.060602535,0.069374815,-0.06217331,0.06294025,0.06058971,0.06579746,0.06061031,0.07009562,-0.06149594,0.06305312,0.060628667,0.06732542,0.060630508,0.07062344,-0.058499545,0.06321128
2,0.038025998,0.14066428,0.037344486,0.08451575,-0.07848581,0.041900326,0.037297204,0.09948988,0.036971603,0.08759084,-0.08124334,0.041681834,0.036907908,0.0462231,0.036842316,0.091160454,-0.08303155,0.041400418,0.03677206,0.04684723,0.036752462,0.09433801,-0.083836384,0.04126532,0.036674127,0.046884302,0.036701865,0.096864425,-0.08338656,0.041266415,0.036615126,0.058906168,0.03672125,0.098774694,-0.07904856,0.041332234
3,0.053379375,0.17678542,0.04980105,0.08821296,-0.047313128,0.06125153,0.0501582,0.12998416,0.046853963,0.085499324,-0.053394143,0.06109197,0.0471246,0.053719696,0.045787316,0.08545554,-0.05696154,0.0603735,0.045761183,0.05858458,0.04524732,0.0859157,-0.05911579,0.059762433,0.044889625,0.059531238,0.045340583,0.086274974,-0.05966378,0.05932079,0.044646744,0.07914555,0.04646603,0.08637426,-0.05748833,0.058793508
4,0.041952148,0.20321108,0.04008451,0.088544525,-0.031020634,0.05050515,0.040616877,0.13965863,0.03950741,0.08276844,-0.038914878,0.05203763,0.039925575,0.047928456,0.03887729,0.08109021,-0.04371361,0.05186554,0.038821362,0.05267288,0.038267113,0.080506206,-0.046776153,0.050867923,0.03769263,0.055478316,0.037723813,0.0801257,-0.047957204,0.049046144,0.036629006,0.08284722,0.0376755,0.0797151,-0.046991188,0.046802767
5,0.050105598,0.21559337,0.045359977,0.08935167,-0.045439545,0.060435977,0.04540814,0.15120362,0.043833554,0.086558,-0.052586697,0.058302976,0.04392046,0.051630754,0.042834662,0.08696585,-0.057580195,0.057379693,0.042528145,0.056347035,0.042061392,0.08801826,-0.06070697,0.05614019,0.04132897,0.05885229,0.04157528,0.088838324,-0.061970554,0.054598525,0.040415403,0.08786591,0.04206438,0.08948061,-0.061327465,0.054143935
6,0.04659003,0.22326402,0.042628713,0.085650094,-0.05389018,0.056838933,0.042315662,0.15397869,0.041665357,0.08505298,-0.061313793,0.055055246,0.04145521,0.04996295,0.040570427,0.08733345,-0.06691998,0.05390389,0.04000507,0.054142416,0.03960959,0.089910075,-0.07048086,0.052444186,0.038674187,0.05687738,0.038816426,0.09185391,-0.07223675,0.05059681,0.037515786,0.087665476,0.03885017,0.09333947,-0.07298513,0.04981198
7,0.046779722,0.22554919,0.042621866,0.08135867,-0.04456331,0.059451792,0.042429905,0.15512097,0.04178049,0.0792007,-0.05349691,0.056977775,0.041582838,0.04993706,0.040653512,0.08092259,-0.059821043,0.05565473,0.040011175,0.05452942,0.039506495,0.08314943,-0.06394904,0.05388968,0.038403153,0.05793053,0.038383454,0.0848137,-0.06625255,0.051597096,0.03682667,0.09041813,0.03793844,0.085894935,-0.06849277,0.050341696
8,0.04746044,0.22567755,0.043005932,0.07841028,-0.044634476,0.06219414,0.042747397,0.15519315,0.041987777,0.0766414,-0.05406413,0.05876298,0.041704435,0.049837813,0.040738717,0.07886559,-0.060734853,0.05719506,0.040000726,0.054616023,0.03944699,0.08150624,-0.06510977,0.055302642,0.038244244,0.058151513,0.03816699,0.0834591,-0.06768834,0.05299394,0.036510497,0.09101951,0.037554167,0.08469432,-0.07083496,0.052001286
9,0.04601442,0.22542594,0.04192176,0.076136395,-0.05022694,0.06201629,0.041480675,0.15392973,0.0409185,0.07594423,-0.05962195,0.0582756,0.04048861,0.0486232,0.039551966,0.07933868,-0.06646849,0.056518286,0.038702853,0.053298898,0.03814798,0.0828849,-0.070933364,0.054597747,0.036881052,0.05676553,0.036758065,0.08549466,-0.07364538,0.052391704,0.035088632,0.089517675,0.035987128,0.08723777,-0.07735483,0.051672563
10,0.045994136,0.2244076,0.04184967,0.074648775,-0.049180105,0.06362472,0.041398954,0.15292835,0.040752735,0.07444797,-0.058897015,0.059344236,0.040295452,0.04813258,0.039321348,0.07796772,-0.06590851,0.057453115,0.038434304,0.052972335,0.03783372,0.08162753,-0.07047587,0.055455454,0.036520183,0.056520328,0.036346406,0.0843142,-0.07327007,0.05322484,0.034622516,0.08932503,0.035441127,0.086073875,-0.077229954,0.052594338
11,0.046125375,0.22341527,0.04190152,0.073998,-0.047174327,0.06506742,0.04148237,0.15202254,0.04074171,0.073490255,-0.057159547,0.060412,0.04029516,0.047742743,0.039284207,0.07688202,-0.06425877,0.058445513,0.03839246,0.052750804,0.0377485,0.080457255,-0.06887018,0.056374338,0.036413833,0.056394678,0.036196247,0.08307965,-0.07166669,0.054074693,0.034434237,0.08926288,0.03519619,0.08476117,-0.075612664,0.053421244
12,0.04562943,0.22277676,0.041521315,0.07363005,-0.050268047,0.065191366,0.04102447,0.151034,0.040339846,0.073975116,-0.060133334,0.06040635,0.039841402,0.047025986,0.038839117,0.07791426,-0.06723735,0.058368284,0.03791902,0.051983304,0.037277278,0.08190071,-0.07181388,0.056299493,0.035942685,0.055544555,0.03571526,0.08482063,-0.0745756,0.054065842,0.033982944,0.08817123,0.034703754,0.08675328,-0.07851138,0.05356406
13,0.045111485,0.22235648,0.041133717,0.07387819,-0.048386477,0.06520422,0.040683605,0.1501742,0.04004458,0.07384394,-0.058393158,0.060524352,0.039579995,0.046421293,0.038574085,0.0775429,-0.06550811,0.058503486,0.03767542,0.05143965,0.03701158,0.08135543,-0.07006997,0.05638145,0.0356835,0.055109803,0.03541697,0.084151454,-0.07275908,0.054022584,0.033674892,0.08786432,0.03432486,0.085984014,-0.07641465,0.053294364
14,0.045219112,0.22186978,0.041193683,0.07357894,-0.04802072,0.06575627,0.040745866,0.14967805,0.04007867,0.07357861,-0.058158815,0.06096897,0.039611768,0.046153415,0.038596716,0.07731992,-0.065332,0.05891647,0.03769377,0.051216695,0.037017375,0.08116493,-0.069917515,0.056766145,0.0356837,0.05491365,0.035402652,0.083977774,-0.07260603,0.054381117,0.033653654,0.08765715,0.034284625,0.085808225,-0.07624216,0.05364229
15,0.04521622,0.22169694,0.041185346,0.07379328,-0.048988767,0.06579492,0.040719956,0.14935105,0.04007473,0.074072726,-0.059087563,0.061046474,0.039600626,0.04587771,0.038593505,0.077965245,-0.06625235,0.0589875,0.037692282,0.05090753,0.037020985,0.08191838,-0.0708084,0.056833133,0.035699125,0.05458197,0.035418883,0.08480588,-0.07345049,0.054443162,0.0336917,0.087252796,0.03432176,0.086704135,-0.076960474,0.053699844
16,0.04525264,0.2217966,0.04121438,0.07365687,-0.047741886,0.06563567,0.040774345,0.149258,0.04015316,0.07370873,-0.05798533,0.061062794,0.039693054,0.045739613,0.03869014,0.07747453,-0.065195814,0.05903215,0.037794072,0.050780635,0.03711583,0.08133401,-0.069777325,0.056848314,0.035789322,0.05453951,0.0354925,0.08414817,-0.07242024,0.054368995,0.033750404,0.08737231,0.034357242,0.08597128,-0.07589229,0.053454205
17,0.046193045,0.22164541,0.041885436,0.07284092,-0.048805736,0.066480584,0.0414065,0.14951907,0.040699154,0.07330834,-0.05916901,0.061722577,0.040202647,0.045988936,0.039195094,0.077377915,-0.06648448,0.059637483,0.038270313,0.051025543,0.03759715,0.08145894,-0.07113004,0.05744958,0.036253255,0.054744788,0.03597276,0.084415555,-0.07384741,0.05501512,0.034225855,0.08751104,0.03488093,0.0863191,-0.07756749,0.054237954
18,0.045769874,0.22171497,0.041583102,0.07265625,-0.047533866,0.065998904,0.041128326,0.14911363,0.040506016,0.072934374,-0.058098074,0.061483383,0.04002244,0.045569498,0.039028153,0.07690701,-0.06549347,0.05942279,0.03810752,0.05059798,0.037427858,0.08091886,-0.070183925,0.05719647,0.036078908,0.05441702,0.0357713,0.0838187,-0.07291177,0.054654844,0.03400983,0.08736591,0.034609266,0.085657105,-0.07659973,0.053657886
19,0.045719665,0.22178228,0.04154891,0.072560765,-0.048822924,0.0657147,0.041063633,0.1489195,0.040498152,0.07323334,-0.0593839,0.061335254,0.03999477,0.04529813,0.03901853,0.07745077,-0.0668069,0.059271835,0.038088776,0.050256193,0.03741991,0.08164119,-0.07149426,0.057042375,0.036074985,0.054060254,0.035768073,0.08466241,-0.07420873,0.054490842,0.034024198,0.086983405,0.034617342,0.086595185,-0.07787933,0.05346639
20,0.045524966,0.221866,0.041411202,0.07270419,-0.047316685,0.06535333,0.040961973,0.14860944,0.040456392,0.073083624,-0.058020227,0.061239514,0.039978217,0.044960663,0.0390119,0.07711409,-0.0654752,0.059219845,0.038097575,0.049921505,0.037421778,0.08116619,-0.070172064,0.05695241,0.03608079,0.053830363,0.035750795,0.084083855,-0.07285648,0.054278083,0.033998404,0.08694027,0.03455207,0.0859244,-0.07637559,0.05300702
21,0.046301607,0.2217891,0.04196796,0.07274337,-0.048111092,0.06592765,0.04150257,0.1487745,0.040938247,0.07337321,-0.058813524,0.061768178,0.040450208,0.045092568,0.039483916,0.077546366,-0.06628064,0.059736464,0.038567036,0.050039455,0.037897795,0.08169623,-0.07096674,0.05746497,0.036562882,0.05391995,0.03624794,0.08467445,-0.073629215,0.054795597,0.034510214,0.08697203,0.03511037,0.08655856,-0.07710074,0.053566884
22,0.046133287,0.2220143,0.041853826,0.07185232,-0.04804769,0.06541064,0.04137234,0.14863972,0.04088758,0.07266527,-0.058989055,0.06146599,0.04037689,0.044819552,0.039429553,0.077017546,-0.066604204,0.059430033,0.038488906,0.049713165,0.037822835,0.08130363,-0.0713844,0.057132646,0.036465917,0.05365551,0.03613576,0.084363885,-0.07412985,0.054405745,0.034378882,0.086855434,0.034942083,0.086272076,-0.0778233,0.053052824
23,0.047233514,0.222249,0.042653523,0.07175517,-0.04794117,0.066037856,0.04217363,0.14922318,0.041616168,0.07261774,-0.058977548,0.062097583,0.04110408,0.045212988,0.040159103,0.07699946,-0.06664555,0.060065154,0.03921716,0.050097954,0.038559325,0.081299365,-0.07145579,0.057754107,0.037201796,0.054051384,0.036889277,0.08435535,-0.07422211,0.05499922,0.03513238,0.08731459,0.035757244,0.08623997,-0.077958435,0.05362901
24,0.045643408,0.22276574,0.04152315,0.071186736,-0.046677325,0.06414836,0.041058168,0.14843184,0.0407739,0.07192235,-0.05798381,0.06081979,0.040264577,0.044230767,0.039363857,0.07628225,-0.065781325,0.05884451,0.03841514,0.04902332,0.0377554,0.0805778,-0.070669934,0.056482755,0.036382325,0.053152055,0.03601426,0.08362442,-0.073477395,0.053551804,0.03423332,0.08677502,0.034714192,0.08547249,-0.07726273,0.051764086
25,0.046235997,0.22273272,0.04194896,0.07093993,-0.048255783,0.06474862,0.041445225,0.14850497,0.04114233,0.07216885,-0.059586693,0.061339997,0.04060498,0.044249523,0.039715,0.07684336,-0.06743851,0.059331745,0.038750954,0.049000245,0.03810229,0.08136628,-0.07233975,0.05696417,0.036730006,0.053091902,0.036373135,0.08456385,-0.07514983,0.054054275,0.034609884,0.086650275,0.035121586,0.086521745,-0.078969195,0.052349143
26,0.045374542,0.22281024,0.041326165,0.07269765,-0.044534143,0.0642546,0.04093597,0.14765725,0.040776897,0.07298569,-0.055964675,0.06129131,0.040337224,0.043454286,0.03946711,0.07695712,-0.06373827,0.05939392,0.038578052,0.048241362,0.037913747,0.08095803,-0.06855866,0.056939825,0.03658538,0.05254897,0.036178023,0.08379161,-0.07118694,0.053746417,0.034423456,0.08646271,0.034842897,0.085492834,-0.074280754,0.05147767
27,0.046478406,0.22270237,0.042120256,0.0728369,-0.04767639,0.06528536,0.04166385,0.1479552,0.041429687,0.07392594,-0.058950298,0.06211992,0.040949084,0.043684553,0.04008703,0.078370914,-0.06670514,0.060170963,0.039182108,0.048406653,0.03853861,0.08270993,-0.07147145,0.057726208,0.037223794,0.052591093,0.036850266,0.08577382,-0.07403483,0.05460505,0.035139203,0.08627575,0.035639655,0.087667465,-0.0770171,0.05253456
28,0.0465261,0.22245693,0.04214629,0.071746506,-0.046301026,0.065501675,0.041698847,0.14753094,0.04147299,0.072720304,-0.05788939,0.062389564,0.040982515,0.043381725,0.040118195,0.077182464,-0.06579715,0.06042197,0.039192013,0.048152246,0.038531084,0.08154419,-0.0706627,0.05792408,0.037184913,0.052451346,0.03678018,0.0846117,-0.07330411,0.054710314,0.035028297,0.08632032,0.035477865,0.086459465,-0.07648088,0.05249705
29,0.046688754,0.22250275,0.04226533,0.0712041,-0.046758268,0.06545667,0.041798145,0.14740951,0.041602753,0.07243815,-0.058483552,0.06245035,0.041091807,0.043191914,0.04023933,0.077101685,-0.06648607,0.06046988,0.039295804,0.04792599,0.03863783,0.08161187,-0.071398035,0.057948705,0.03728005,0.052257203,0.03686841,0.08477169,-0.07406804,0.054695677,0.035111345,0.08619157,0.035549328,0.08666686,-0.07733051,0.052417602
30,0.04601867,0.22281183,0.04178963,0.071309306,-0.046141185,0.06445697,0.04133739,0.1469549,0.041288074,0.07247115,-0.057963014,0.061863065,0.04078868,0.04259674,0.03996227,0.07708716,-0.06599859,0.059929583,0.039026372,0.04727188,0.038368326,0.08156453,-0.070915006,0.057369236,0.03701367,0.05171666,0.036573008,0.084698334,-0.07355496,0.053982485,0.034813955,0.085869476,0.035183948,0.086570226,-0.076690465,0.0514125
31,0.04613043,0.22289343,0.041872587,0.07132426,-0.045509715,0.064386085,0.041434504,0.14676607,0.041422848,0.07243344,-0.057454117,0.06198072,0.040931784,0.04234438,0.040116105,0.07701809,-0.065535046,0.060063597,0.039184045,0.047007825,0.03852302,0.08147113,-0.070459776,0.05745708,0.037167173,0.05153846,0.036710322,0.08457906,-0.073068626,0.053957675,0.03494428,0.0858494,0.035291426,0.08641905,-0.07608081,0.05118162
32,0.046126198,0.2235875,0.041893497,0.070768565,-0.0469826,0.063492015,0.04141233,0.14701551,0.041514415,0.072355464,-0.058992606,0.061429042,0.04098577,0.04218298,0.040203225,0.0772825,-0.06715772,0.059513006,0.03924189,0.046715595,0.03859675,0.08198962,-0.072115414,0.056875225,0.03722347,0.05128988,0.03676198,0.08526552,-0.074744746,0.05330123,0.034991156,0.08576787,0.0353204,0.08721967,-0.07787423,0.050360695
33,0.04632976,0.22359145,0.04204081,0.07019805,-0.044255864,0.06366199,0.04160878,0.14682487,0.04171746,0.071317405,-0.056621186,0.061754968,0.041210122,0.041999985,0.040425867,0.07600392,-0.06492294,0.059847374,0.039463487,0.046598643,0.038798317,0.08054023,-0.069969475,0.057124503,0.03739937,0.05135556,0.03690317,0.08368171,-0.07264777,0.05336847,0.03508116,0.08617323,0.03536406,0.08548682,-0.07584269,0.050113335
34,0.045941554,0.22360542,0.04175907,0.070727386,-0.046665538,0.06311339,0.041284196,0.14627461,0.041500982,0.07245336,-0.05886531,0.061426867,0.040974244,0.041393876,0.040215526,0.07747661,-0.06710972,0.0595216,0.039253395,0.045884673,0.03860062,0.0822542,-0.07206246,0.056788698,0.037224002,0.05061717,0.036722947,0.08556594,-0.074606106,0.05300431,0.034945037,0.085358396,0.03520343,0.08753578,-0.07747418,0.049682964
35,0.04587232,0.22332308,0.041697506,0.07045497,-0.04515293,0.06333721,0.041250456,0.14568245,0.041488074,0.071930155,-0.05752596,0.061757155,0.040975466,0.040961534,0.04021571,0.07682593,-0.06582301,0.0598624,0.039256603,0.045509968,0.038585402,0.08151703,-0.070798755,0.05707232,0.037199493,0.050371163,0.03666451,0.08476469,-0.07333314,0.053162105,0.034864344,0.085293844,0.035068896,0.08666777,-0.07613693,0.04963637
36,0.0465046,0.2233734,0.042156413,0.070398144,-0.045230776,0.06398778,0.041707013,0.14576612,0.041930195,0.07199679,-0.057703733,0.062411886,0.041414607,0.04097508,0.040664684,0.076973274,-0.0660582,0.060510263,0.039704345,0.045518916,0.039035406,0.08172029,-0.07105189,0.05768801,0.037651096,0.050421394,0.037113182,0.08499661,-0.07357535,0.053723443,0.035317328,0.08542433,0.035537172,0.08691005,-0.07633354,0.050145824
37,0.04713888,0.22354236,0.042622324,0.06998918,-0.044984967,0.06452677,0.042171486,0.14595209,0.04238717,0.071656905,-0.05760811,0.06298834,0.041864038,0.04103963,0.04112438,0.07671378,-0.06604488,0.061079077,0.04015491,0.04558284,0.039485015,0.08151966,-0.07107851,0.058218263,0.038091335,0.050553363,0.037544493,0.084825166,-0.0736192,0.054186836,0.035739217,0.085704975,0.035965115,0.08673823,-0.07643489,0.050536066
38,0.04631557,0.22353795,0.042022698,0.06998439,-0.045286193,0.06379205,0.041564364,0.14514057,0.04192959,0.071840756,-0.057990126,0.06253978,0.041402925,0.04023213,0.040688165,0.07702446,-0.066476315,0.060640775,0.039719,0.04471307,0.039048545,0.08192694,-0.071512096,0.057744496,0.03766051,0.049761694,0.037083264,0.08529675,-0.07401145,0.053624164,0.035288975,0.08502254,0.035437085,0.08725898,-0.07668575,0.049783997
39,0.04600552,0.22388676,0.041807704,0.069262825,-0.046243344,0.06316966,0.041315358,0.14492807,0.041806858,0.07153479,-0.05911385,0.06217231,0.041248124,0.039802436,0.040563755,0.07704389,-0.06773472,0.06026284,0.03956938,0.04418501,0.038907867,0.08219015,-0.07283532,0.057339273,0.03750616,0.04929114,0.03691251,0.08571662,-0.07536884,0.053166736,0.035117544,0.08468958,0.035220787,0.08777121,-0.07814736,0.049214613
40,0.046480738,0.2244429,0.042171896,0.06860508,-0.044856537,0.063160524,0.041697375,0.14533234,0.04223145,0.07072928,-0.058039736,0.062387355,0.04167375,0.039890073,0.041009862,0.07620067,-0.06682641,0.060494266,0.04000579,0.04424742,0.039346937,0.0813216,-0.07204106,0.057520162,0.03792562,0.049486525,0.03731828,0.08481023,-0.07466633,0.053226948,0.03549415,0.08520383,0.035587776,0.08678581,-0.07763508,0.04905808
41,0.047190934,0.22457895,0.04269273,0.068180315,-0.045440786,0.06361607,0.042199165,0.14550717,0.042721547,0.07055941,-0.058708534,0.062909506,0.04214485,0.03993508,0.04149215,0.076226085,-0.067559145,0.06101184,0.040473584,0.044271704,0.039817877,0.08148893,-0.07279376,0.05801286,0.038389184,0.049549885,0.037779488,0.08506513,-0.07541709,0.053676788,0.035955656,0.08534923,0.03606572,0.08709006,-0.07840871,0.04947329
42,0.04716391,0.22460286,0.042673282,0.06871886,-0.04577023,0.063479975,0.042182636,0.14516172,0.042763688,0.07121288,-0.05901109,0.06298033,0.04219739,0.039546102,0.0415607,0.07690712,-0.0678368,0.061109032,0.04055771,0.043844085,0.039905146,0.08218327,-0.07302188,0.05808488,0.038496837,0.049168725,0.037877016,0.085765615,-0.075555936,0.05367056,0.03607738,0.08502302,0.036171764,0.08781002,-0.07827369,0.049321316
43,0.046999637,0.2242153,0.042539917,0.068136685,-0.04418689,0.063697055,0.042071886,0.14449725,0.04267269,0.07043679,-0.057707064,0.063254446,0.042112872,0.039085295,0.041473426,0.076061815,-0.066660576,0.061370715,0.04046517,0.043442525,0.03979487,0.081294455,-0.07192496,0.05829289,0.03836956,0.048886567,0.037717853,0.08483597,-0.074508466,0.053781092,0.03588956,0.08490046,0.03592818,0.08681423,-0.077308506,0.0492775
44,0.04714044,0.22410756,0.0426386,0.06818341,-0.04473853,0.063838154,0.04215995,0.14419004,0.042787217,0.070707805,-0.058300357,0.063488305,0.04222143,0.03878888,0.041592453,0.07646958,-0.06728494,0.061601423,0.040583666,0.043122422,0.039914995,0.08179903,-0.072539516,0.058499277,0.03849599,0.04859562,0.037836827,0.085400194,-0.07507746,0.05394073,0.03602153,0.08463053,0.036050852,0.08742167,-0.07774254,0.04936718
45,0.04734142,0.22455922,0.042800132,0.06861936,-0.043792598,0.06342781,0.042349197,0.14431413,0.043035783,0.07094509,-0.057415612,0.063425444,0.042493634,0.038652197,0.041882873,0.07654604,-0.06640302,0.061593223,0.040892165,0.04294755,0.040226415,0.081751704,-0.071645506,0.058451336,0.03881757,0.04853394,0.038147204,0.085259326,-0.07413894,0.0537554,0.036332715,0.08480265,0.036352932,0.0872069,-0.07661965,0.04890681
46,0.047066633,0.22423385,0.042587712,0.068245225,-0.044470735,0.06331314,0.04211499,0.14357743,0.04285527,0.07087015,-0.05817171,0.0634173,0.0422938,0.038048316,0.041689944,0.076698154,-0.06721542,0.061563395,0.040684875,0.042326573,0.040012904,0.08207375,-0.072457135,0.058387656,0.038597208,0.047960866,0.037905503,0.08569306,-0.074908264,0.053640623,0.036092054,0.08425242,0.03606442,0.08771703,-0.07729629,0.048711196
47,0.047837973,0.22423345,0.043150775,0.06768457,-0.044536766,0.06389796,0.04266764,0.14373851,0.043364972,0.0704699,-0.058395866,0.06400104,0.04278637,0.038151007,0.042184014,0.07644916,-0.067537345,0.06212237,0.04116048,0.04244193,0.04048514,0.08193465,-0.072822414,0.05890747,0.039051622,0.04812859,0.03835564,0.08561504,-0.07528959,0.054109424,0.036525503,0.08451932,0.03651463,0.087658666,-0.07775502,0.049141537
48,0.047558278,0.22454026,0.04295654,0.067456454,-0.04325224,0.06327411,0.042495947,0.14349227,0.043294176,0.070077084,-0.057347484,0.06370782,0.042726148,0.037734635,0.042142093,0.075978555,-0.06660554,0.06184944,0.041119065,0.04199466,0.040440064,0.08141198,-0.071960405,0.058576703,0.038996503,0.04783127,0.038273863,0.08504457,-0.074461944,0.05363585,0.036422882,0.08451118,0.036359355,0.08702476,-0.07695535,0.048381694
49,0.047489557,0.22481288,0.04291528,0.067409895,-0.043594405,0.06275698,0.042446543,0.1433207,0.04333008,0.070215784,-0.057773184,0.06348126,0.042755835,0.03737473,0.042192437,0.07624229,-0.06708826,0.061637394,0.04116646,0.04156579,0.04049225,0.08176511,-0.072453275,0.058333714,0.03905052,0.04747488,0.038315617,0.08544964,-0.07492669,0.053311404,0.036471244,0.08429188,0.036383256,0.08746047,-0.07733258,0.04788976
50,0.048089013,0.22484376,0.043354254,0.06655285,-0.045168582,0.06303774,0.042838313,0.14338739,0.043717097,0.06990943,-0.059452053,0.06380377,0.04309918,0.03733451,0.042546965,0.076360956,-0.068875246,0.061925475,0.041488353,0.041474238,0.040820498,0.08219465,-0.07427619,0.05860893,0.03936304,0.047378942,0.03863032,0.0860776,-0.07675496,0.05359466,0.0367888,0.08418715,0.036716126,0.08821047,-0.079249345,0.048222646
51,0.047283903,0.2248837,0.04276414,0.06613654,-0.04347541,0.06246731,0.042275432,0.14256264,0.043300536,0.06927867,-0.058052156,0.06353947,0.04269549,0.036511693,0.04216323,0.07564052,-0.06761639,0.061675258,0.04110545,0.040643122,0.040425822,0.08141989,-0.073103175,0.05828897,0.03895696,0.046738025,0.03817748,0.0852565,-0.07562644,0.05311312,0.036312208,0.08386459,0.036137372,0.08732313,-0.07815975,0.047428645
52,0.04735082,0.22484672,0.042810284,0.06577713,-0.044017855,0.06262733,0.042304106,0.14224169,0.043382302,0.06924502,-0.058766164,0.063779324,0.04276112,0.03615436,0.04224612,0.07584859,-0.06845175,0.061888758,0.04117774,0.04024089,0.040502008,0.081803136,-0.07398292,0.058468755,0.0390316,0.04637636,0.038241606,0.08574363,-0.07649763,0.053249627,0.03638442,0.08356324,0.036191374,0.08786506,-0.078990586,0.04750421
53,0.047141194,0.22489402,0.042656522,0.06490099,-0.043426216,0.06251189,0.042146847,0.14187439,0.04330138,0.068453014,-0.05847767,0.063795984,0.042665258,0.035742316,0.042165462,0.07519456,-0.06834937,0.061883725,0.041077156,0.039809637,0.040397417,0.08125912,-0.073991776,0.058418877,0.038905293,0.046052076,0.038090263,0.08525884,-0.07658126,0.05312679,0.036210783,0.0834324,0.035965644,0.087379664,-0.07924535,0.04725385
54,0.04676985,0.22527084,0.04239389,0.06495411,-0.042496044,0.06206309,0.04190356,0.14154471,0.043197177,0.06844107,-0.057779822,0.0636627,0.042575043,0.035202473,0.0421057,0.07514396,-0.06777881,0.061770063,0.041026693,0.039210252,0.040350113,0.08118122,-0.07348857,0.058249656,0.03886274,0.045599233,0.03802121,0.08514792,-0.076092765,0.05282161,0.036141593,0.08326177,0.035841584,0.0872217,-0.078691095,0.046680547
55,0.047996834,0.22555001,0.04330077,0.06526381,-0.04352581,0.063234724,0.042796038,0.14207521,0.04405587,0.069073126,-0.05883503,0.06480734,0.04342755,0.035508897,0.042979922,0.075952746,-0.06887207,0.06291691,0.041905086,0.03948488,0.041241888,0.082105055,-0.07456769,0.05937454,0.03977117,0.045883343,0.03893942,0.086134605,-0.07710857,0.053910155,0.03708868,0.083588354,0.03684639,0.0882538,-0.079516016,0.047779027
56,0.04844299,0.22619464,0.043648485,0.06537183,-0.042571697,0.06336209,0.04316559,0.14247741,0.04448965,0.06904619,-0.058056813,0.06516392,0.043876212,0.03555409,0.043456204,0.07583529,-0.06818704,0.06330256,0.042390283,0.039493416,0.04173276,0.081919394,-0.07393875,0.059709653,0.040264267,0.046026096,0.03941873,0.08588816,-0.076503925,0.05411725,0.03756299,0.08403734,0.03731639,0.08794234,-0.0789059,0.047772273
57,0.047911264,0.22639175,0.04326259,0.065736756,-0.0409045,0.063059464,0.042819392,0.14191988,0.044269625,0.06905962,-0.05650284,0.065157026,0.04368865,0.034934327,0.043289684,0.07560569,-0.06665224,0.06333871,0.0422461,0.038878385,0.041578647,0.08151704,-0.07240963,0.059682246,0.04011905,0.04559937,0.03923196,0.085367985,-0.07494983,0.05391771,0.037370123,0.08393093,0.037044767,0.087336,-0.07720686,0.047261495
58,0.0481304,0.22638392,0.043422215,0.06518198,-0.042714484,0.06333143,0.04293332,0.14172044,0.04442226,0.06906473,-0.05835567,0.06545694,0.043802653,0.034681305,0.04342015,0.076033205,-0.068578534,0.06360298,0.04235102,0.038573302,0.041687638,0.08225406,-0.07433706,0.059926756,0.04022138,0.045300413,0.039325874,0.08630722,-0.076830655,0.054161046,0.037477687,0.08362534,0.03714079,0.08841745,-0.07903806,0.047547758
59,0.047624208,0.22657149,0.043055773,0.06501726,-0.04259532,0.06272032,0.042565994,0.14126539,0.0441745,0.06899919,-0.05839241,0.0651091,0.04355177,0.03410783,0.043188903,0.0760576,-0.06871482,0.063254714,0.04211597,0.037944935,0.04145153,0.08234671,-0.07451571,0.0595371,0.03998232,0.044779953,0.039062254,0.086436614,-0.0770064,0.053683277,0.037212253,0.0832905,0.03681668,0.08855974,-0.07917408,0.046889063
60,0.048092596,0.2266999,0.043404143,0.064623885,-0.040631678,0.06289334,0.04294788,0.1413082,0.044558913,0.068288974,-0.056716915,0.06546668,0.043951474,0.034048975,0.04359468,0.07517875,-0.067178786,0.063626744,0.04252188,0.037919804,0.041850474,0.081349514,-0.07308083,0.05985294,0.040364902,0.044907283,0.039427586,0.085342586,-0.07565499,0.053869937,0.037544504,0.08369481,0.037137415,0.08735123,-0.07797315,0.046853065
61,0.048268218,0.22668931,0.04353279,0.064682975,-0.043391254,0.06280381,0.04302151,0.14110342,0.04467161,0.069090046,-0.05939335,0.065469936,0.04402784,0.03375443,0.043686252,0.07645708,-0.06986229,0.063600905,0.042598628,0.03752859,0.0419384,0.08296286,-0.075698785,0.059826482,0.040465005,0.044463675,0.03953397,0.08717332,-0.078141086,0.05387123,0.037690733,0.083124466,0.03729486,0.08935724,-0.08017919,0.04691522
62,0.047612946,0.22803059,0.043095473,0.06370879,-0.040412933,0.061194845,0.042626645,0.14144862,0.044504263,0.067641266,-0.056923836,0.06449083,0.043872036,0.03340577,0.043572105,0.07479879,-0.06767891,0.06266382,0.042469393,0.037084788,0.041810784,0.0811712,-0.07373731,0.05880136,0.040295072,0.044340607,0.039320566,0.08526744,-0.07638232,0.052607886,0.037408806,0.08372535,0.03691288,0.08728893,-0.078821965,0.0451197
63,0.046438865,0.22924177,0.04226982,0.061999027,-0.043033388,0.05983067,0.04171976,0.1412139,0.043937225,0.06690995,-0.059850372,0.06357037,0.043225147,0.032506987,0.042995352,0.074891396,-0.07089842,0.06169514,0.04182806,0.035948478,0.041186344,0.081883706,-0.077075325,0.05777167,0.039634537,0.043372832,0.038614225,0.08637921,-0.079728335,0.05149483,0.036699418,0.083179586,0.03607227,0.088647656,-0.08224964,0.04382343
64,0.046325453,0.2299747,0.04219933,0.06193914,-0.042330302,0.060830973,0.041661713,0.14109224,0.044060804,0.06679389,-0.05931181,0.064682305,0.043355446,0.032087155,0.043180037,0.07478016,-0.07044849,0.06282955,0.042015433,0.03551943,0.0413704,0.08179332,-0.076653875,0.058805514,0.039817866,0.043201547,0.038736735,0.086304,-0.0792696,0.05231587,0.036817707,0.08353456,0.036092322,0.0885824,-0.08162696,0.044372797
65,0.046588935,0.23085083,0.042413495,0.061085995,-0.041977767,0.061964173,0.041868277,0.14123331,0.044439904,0.06607007,-0.05923899,0.065925784,0.043715846,0.031825468,0.04360059,0.07425935,-0.070558004,0.06407615,0.042414527,0.035233174,0.041769296,0.08144181,-0.07684931,0.059952054,0.04019699,0.043177415,0.039057083,0.086057365,-0.07947888,0.05327208,0.03712139,0.08407139,0.0363108,0.088380955,-0.08185936,0.04511344
66,0.046874385,0.2318339,0.04265257,0.062192917,-0.03998836,0.06289001,0.042163648,0.14151827,0.04489618,0.06671463,-0.057357673,0.06710282,0.044225868,0.03166714,0.044167176,0.07452336,-0.06868934,0.06532845,0.043025784,0.035068717,0.042381983,0.08142943,-0.074979685,0.06110655,0.040839557,0.04329081,0.039649826,0.0858576,-0.07755919,0.054165762,0.037726395,0.08476626,0.036859903,0.08806039,-0.079659075,0.045619626
67,0.047096007,0.23281643,0.042843565,0.06272314,-0.040768072,0.06320386,0.04234837,0.14185522,0.045246948,0.067522004,-0.05819765,0.06766331,0.04457988,0.03147435,0.04457716,0.07548265,-0.069592826,0.06591436,0.043448605,0.03476256,0.04281979,0.08249059,-0.07587398,0.061638206,0.041301638,0.04312509,0.040087245,0.086974524,-0.07836101,0.054569088,0.038198903,0.0849346,0.03730608,0.08922873,-0.0801735,0.04583402
68,0.04700003,0.23311451,0.042779256,0.062385626,-0.03976087,0.063607834,0.0422984,0.14154874,0.045317844,0.067139335,-0.05746908,0.0682236,0.0446556,0.031020299,0.044685937,0.075123824,-0.069029205,0.066476375,0.043556094,0.03429918,0.042924736,0.08215927,-0.07539829,0.062127613,0.041400645,0.042850368,0.040147338,0.08664708,-0.07791306,0.054913025,0.038248654,0.085011706,0.037290275,0.088872544,-0.07972476,0.045958668
69,0.04650173,0.23388487,0.042431235,0.062137354,-0.03913248,0.06310658,0.041957855,0.1413169,0.045179743,0.066858865,-0.057014838,0.06811884,0.04451918,0.030395277,0.044591937,0.07487168,-0.06867841,0.06640378,0.043459944,0.033603277,0.042828,0.081941225,-0.07509594,0.061988153,0.04129922,0.042393304,0.03999912,0.08644678,-0.07761087,0.054603055,0.038093492,0.085016206,0.03704078,0.08866925,-0.079381056,0.04534
70,0.046041783,0.23429161,0.04210074,0.06291819,-0.039688908,0.06264745,0.04162768,0.14089864,0.045007028,0.06779385,-0.057525825,0.06798322,0.04435896,0.029743416,0.044463824,0.07584755,-0.0691635,0.06629832,0.043352686,0.032867964,0.042724874,0.0829393,-0.07551807,0.061842978,0.041224815,0.041778732,0.039898403,0.08745871,-0.07790581,0.05434464,0.03802795,0.08459862,0.036919672,0.0897203,-0.079296,0.04486343
71,0.045946173,0.23451073,0.042034715,0.06178014,-0.037380517,0.06253394,0.041588053,0.14067703,0.04504519,0.066343345,-0.05565678,0.068078466,0.04439754,0.029397635,0.04451654,0.07431825,-0.06754635,0.06638451,0.04338638,0.03254707,0.042748414,0.08137577,-0.074085094,0.06186092,0.04121131,0.041678667,0.03984897,0.085853115,-0.07663771,0.05422848,0.03792493,0.084905855,0.036750298,0.08801152,-0.07839973,0.04450858
72,0.046339385,0.23499763,0.04234237,0.06232871,-0.04082302,0.06275314,0.04183675,0.14082403,0.045388166,0.06779088,-0.058977917,0.06841828,0.044706248,0.029196767,0.044861615,0.07632774,-0.070865415,0.066693,0.043725293,0.032202806,0.04310304,0.08377094,-0.07729327,0.062143315,0.041594252,0.04131599,0.040230427,0.088494755,-0.07960755,0.05449891,0.038369272,0.0845242,0.03721055,0.090873435,-0.08084335,0.04480734
73,0.04709607,0.235436,0.042917486,0.061002746,-0.038273472,0.06336114,0.042441223,0.14125015,0.04600689,0.06613305,-0.056942582,0.06913777,0.045322105,0.029369477,0.045494705,0.07459593,-0.06913042,0.06739488,0.0443319,0.032425087,0.043702185,0.08200725,-0.075776055,0.0627605,0.04214474,0.04177212,0.040752504,0.08668165,-0.07828663,0.05496357,0.038822345,0.0854627,0.03764289,0.08893558,-0.07999524,0.045050215
74,0.04747067,0.2364163,0.04322444,0.060967587,-0.039192844,0.06291439,0.04273086,0.14178172,0.046414357,0.06640795,-0.057923403,0.06905081,0.045715913,0.029306015,0.04592507,0.07508961,-0.07018089,0.06732549,0.04475559,0.032234747,0.0441381,0.08265259,-0.07683009,0.062657885,0.04258406,0.041705072,0.04118127,0.08741263,-0.079283156,0.054772124,0.039264936,0.08568025,0.03808238,0.08972171,-0.08086361,0.04468465
75,0.047115825,0.23667504,0.042967804,0.061826613,-0.039745353,0.062523626,0.042475488,0.14129956,0.046291593,0.067427866,-0.058445852,0.068956316,0.04560684,0.028647952,0.04584159,0.07614518,-0.07068777,0.06724963,0.044693973,0.031504147,0.04407913,0.08372167,-0.0772774,0.06254075,0.042554215,0.041085098,0.04112947,0.088486776,-0.07960066,0.054550044,0.039247878,0.085216664,0.03802145,0.09082948,-0.08080128,0.044264175
76,0.045771748,0.23687497,0.041974444,0.06221007,-0.03769543,0.061347935,0.041525554,0.1401871,0.045555,0.067406125,-0.056572083,0.06824743,0.044907052,0.027448716,0.045161434,0.07583678,-0.06887344,0.06657315,0.044037484,0.030280743,0.04340991,0.083217986,-0.07550004,0.061786775,0.04189107,0.04013718,0.040413015,0.087854005,-0.07783024,0.05359195,0.038518343,0.08470312,0.03715708,0.090100296,-0.07894115,0.042878408
77,0.045346197,0.23667052,0.041647494,0.06010842,-0.037880212,0.061275568,0.041164037,0.13942903,0.045284342,0.065702006,-0.0571788,0.06824126,0.04458141,0.02675259,0.0448473,0.074639305,-0.06978996,0.066487774,0.04366432,0.02957096,0.04302784,0.08241899,-0.076578066,0.061642125,0.04145653,0.039560363,0.03994377,0.087297596,-0.07898684,0.053404536,0.03800749,0.08432804,0.03655848,0.08963938,-0.08037135,0.04263801
78,0.04554797,0.23734024,0.041817944,0.061404046,-0.03522266,0.06129876,0.04140568,0.13954544,0.04563215,0.066354305,-0.054628942,0.06866007,0.04499749,0.026514182,0.045293465,0.0747323,-0.067240305,0.0669924,0.044163942,0.02933959,0.043525983,0.082099676,-0.07405077,0.062079072,0.04198375,0.03959714,0.04043915,0.086699,-0.07648234,0.0536098,0.03850398,0.0848551,0.03702268,0.0888482,-0.07775259,0.04241579
79,0.047913577,0.23775683,0.043590263,0.061433,-0.039011575,0.06305299,0.043108366,0.14084707,0.04722773,0.06743918,-0.05839091,0.07028145,0.046540983,0.027419893,0.04686739,0.07652491,-0.071086004,0.0685683,0.04571528,0.030151837,0.04510228,0.08436936,-0.07783353,0.063651055,0.04357672,0.040283542,0.04206621,0.089248724,-0.080055885,0.05523869,0.04018795,0.08536386,0.03885423,0.09160207,-0.080882944,0.04426336
80,0.047669217,0.2385931,0.043434054,0.056987245,-0.037930775,0.0624993,0.042906363,0.14106977,0.04718595,0.06335018,-0.05821746,0.0699186,0.046398014,0.027142575,0.046753805,0.07317669,-0.071567856,0.06808619,0.045477655,0.02980511,0.044858105,0.081624515,-0.07873621,0.063081175,0.04320462,0.040223565,0.041645736,0.08685552,-0.0812974,0.054603096,0.039645195,0.08594935,0.038196184,0.08927241,-0.083130844,0.043512426
81,0.04639519,0.23830467,0.042474117,0.05784973,-0.037350513,0.061991785,0.04196694,0.13959673,0.04642805,0.06414994,-0.057699688,0.06968583,0.045669626,0.025826126,0.046043288,0.07386379,-0.0710708,0.06786037,0.04479836,0.02847255,0.044169962,0.08223091,-0.07821787,0.06279066,0.042546533,0.03906751,0.040943526,0.08741169,-0.080689676,0.054166194,0.038969852,0.084990494,0.03740355,0.08981923,-0.082170926,0.04279127
82,0.045665316,0.23824807,0.041926127,0.059728935,-0.035165388,0.06169606,0.04148433,0.13860972,0.046081077,0.0654568,-0.05549373,0.06974541,0.04539852,0.0248802,0.045789387,0.07459402,-0.06877752,0.06798864,0.044613604,0.027547825,0.04397743,0.08253181,-0.07587299,0.06285545,0.042405058,0.038361102,0.04076458,0.087434225,-0.07828121,0.054021005,0.038818743,0.08457376,0.03717549,0.08968449,-0.0793912,0.042237356
83,0.046770092,0.23822947,0.04274911,0.059136502,-0.036643837,0.06258696,0.042273488,0.13889183,0.0468342,0.065423116,-0.057151098,0.070614435,0.04611763,0.025052452,0.046524588,0.075007655,-0.07061013,0.068808466,0.04532522,0.027689653,0.04469692,0.08325969,-0.077753164,0.06364895,0.04311906,0.0384968,0.041484516,0.088338695,-0.0801047,0.05481875,0.03955295,0.08467854,0.037959334,0.09068195,-0.08110478,0.043103922
84,0.04617664,0.23848507,0.04231418,0.059120987,-0.037463278,0.06186076,0.041822158,0.13834852,0.04652918,0.065744765,-0.05809238,0.07016609,0.045800213,0.024302088,0.04622639,0.075578585,-0.07166407,0.068328485,0.045020785,0.02684402,0.04439368,0.084009,-0.07882167,0.06312006,0.042819362,0.037769135,0.04116323,0.08919117,-0.081088476,0.054213144,0.03924545,0.08412835,0.037590247,0.09160351,-0.08184821,0.042322394
85,0.046066288,0.2388637,0.042243987,0.057551187,-0.033213925,0.061472964,0.04180657,0.13823453,0.0465924,0.063427836,-0.054440577,0.07008409,0.045874905,0.02397623,0.04630907,0.0729381,-0.06834545,0.068234146,0.045075107,0.026592132,0.044431906,0.08117977,-0.07578294,0.062917165,0.04278726,0.03788437,0.041085735,0.08621557,-0.078352004,0.053783298,0.03905785,0.08492365,0.037312202,0.08841364,-0.07980212,0.04145989
86,0.04626038,0.23969027,0.04241745,0.057686754,-0.038138743,0.060791902,0.04189176,0.13867198,0.04679971,0.064897776,-0.05929131,0.06961307,0.046018757,0.02381038,0.0464836,0.07531168,-0.073277146,0.067687,0.045221295,0.026187515,0.0445983,0.084168,-0.08060891,0.06236327,0.042972628,0.037421834,0.04128355,0.089578055,-0.08286876,0.05329113,0.039323922,0.08439637,0.03760472,0.09207351,-0.083649725,0.041051444
87,0.04690177,0.23910248,0.042875145,0.056669123,-0.0343545,0.06191802,0.042404067,0.13821295,0.04724211,0.06322167,-0.055993725,0.070727475,0.046480685,0.02366527,0.04693979,0.073306076,-0.07022851,0.068787545,0.045663703,0.026236426,0.04502067,0.08195754,-0.07776478,0.063364394,0.043344513,0.03772294,0.04162153,0.087214895,-0.08024304,0.05410386,0.039575633,0.08507456,0.03782032,0.08952006,-0.08151055,0.041604463
88,0.04634822,0.2386247,0.04244431,0.057011772,-0.034671076,0.06182877,0.04197198,0.13713768,0.046876702,0.0637436,-0.05637298,0.07075262,0.046119284,0.022808587,0.046580464,0.07392408,-0.07065333,0.06878851,0.04531151,0.025394417,0.044660628,0.08263921,-0.07816642,0.06331873,0.04299484,0.036979586,0.041248895,0.08793186,-0.08054428,0.05398319,0.039216068,0.084384836,0.03739988,0.09027625,-0.08152341,0.041356243
89,0.047133192,0.23886359,0.04303942,0.056010842,-0.036738876,0.062090207,0.042519126,0.13747014,0.04742946,0.06346404,-0.058614887,0.071084745,0.04662084,0.02288943,0.04709712,0.07425118,-0.07307887,0.069061264,0.045788057,0.025406383,0.04514383,0.08339515,-0.08062855,0.06357173,0.043459665,0.037007775,0.041716576,0.08893709,-0.08292604,0.054259032,0.03969012,0.084435165,0.037903875,0.091422774,-0.08380608,0.04170298
90,0.047668945,0.23969363,0.043465864,0.057173565,-0.033358335,0.06183926,0.043022964,0.1380406,0.047988404,0.063735835,-0.055330075,0.0712663,0.04725034,0.022994902,0.04774543,0.07378417,-0.06978382,0.06933147,0.04648471,0.02553929,0.045838885,0.08239335,-0.0773965,0.063783064,0.04416778,0.037424877,0.042404782,0.087580465,-0.07982379,0.054241586,0.04035237,0.085378096,0.0385646,0.08980851,-0.08085518,0.041235458
91,0.046905406,0.23971038,0.042895816,0.0581246,-0.033890113,0.061187778,0.0424551,0.13717382,0.047557082,0.06480565,-0.055776365,0.070922084,0.04683598,0.02207969,0.047344502,0.07483818,-0.07017609,0.06900664,0.04610881,0.02457485,0.045461114,0.083424434,-0.07771066,0.0634261,0.04382083,0.036587927,0.042033814,0.088599905,-0.08000195,0.05378611,0.04001609,0.08466934,0.038159646,0.09086017,-0.08060778,0.040559843
92,0.047018543,0.23959963,0.04297596,0.05815329,-0.033735737,0.061297428,0.04253839,0.13682736,0.047666565,0.06486124,-0.055695485,0.07117179,0.046947397,0.021746373,0.04746244,0.074915424,-0.07014291,0.06925906,0.046227735,0.024258465,0.045576617,0.08351648,-0.07768617,0.06364797,0.0439366,0.036373448,0.042135168,0.08869407,-0.07995011,0.053938072,0.040116824,0.08456577,0.038239572,0.09095077,-0.08045958,0.04059717
93,0.04704295,0.24008663,0.04300968,0.056160253,-0.035509218,0.060742106,0.042515106,0.13692698,0.047743913,0.06361913,-0.057807367,0.07080154,0.046952877,0.02145906,0.047486354,0.07442933,-0.07256512,0.06880137,0.046185855,0.023848392,0.045539834,0.08358858,-0.08023063,0.063162364,0.04385565,0.036046725,0.042043764,0.089094326,-0.08248223,0.053477097,0.04000822,0.0844074,0.038099702,0.091507636,-0.0830737,0.04015341
94,0.046636127,0.24018754,0.042709146,0.056608405,-0.032190975,0.06030771,0.042279772,0.1363693,0.047601633,0.06332676,-0.054713134,0.07071721,0.046864446,0.020832105,0.047405615,0.07358362,-0.06955443,0.0687564,0.046136588,0.023274586,0.045480475,0.0823576,-0.077327095,0.06304779,0.04379628,0.035755683,0.041950274,0.08760601,-0.079723746,0.05315935,0.03988094,0.084555954,0.037901398,0.08981081,-0.080524854,0.0394234
95,0.046888407,0.23918863,0.04286196,0.055924304,-0.035964042,0.06127648,0.04235703,0.13537446,0.04764884,0.06379288,-0.058549773,0.071488306,0.046846922,0.020260299,0.04738998,0.07493274,-0.073524795,0.06943038,0.04608359,0.022686368,0.045428313,0.084323935,-0.08123311,0.063710526,0.043748464,0.035045277,0.041903477,0.08994887,-0.08336719,0.053914525,0.039882824,0.08347529,0.037907775,0.09241971,-0.08360894,0.0404351
96,0.047117475,0.239001,0.043025747,0.054621473,-0.032746136,0.061819606,0.04256056,0.13504894,0.04786127,0.06198725,-0.05584854,0.07210961,0.047066048,0.02001898,0.04761493,0.07293753,-0.071140185,0.07003138,0.04628603,0.022556653,0.045619834,0.08222926,-0.079095796,0.06423379,0.043888334,0.035165343,0.04201214,0.08776443,-0.08147603,0.054291394,0.039912894,0.084007196,0.03788549,0.090075314,-0.08224716,0.040573552
97,0.046788555,0.24017924,0.042817995,0.056674358,-0.029916324,0.060682446,0.04243075,0.13532336,0.04790864,0.06322198,-0.05299492,0.07158578,0.047200546,0.019632857,0.04777572,0.07337734,-0.068210684,0.069604404,0.0465197,0.022112917,0.045854703,0.08208446,-0.0761757,0.06375276,0.044165723,0.035052408,0.042261206,0.08724136,-0.078619435,0.053566787,0.04016874,0.08449536,0.038094908,0.08931823,-0.07932971,0.039300818
98,0.046581607,0.24118318,0.04269769,0.05665371,-0.036246706,0.05952077,0.042194206,0.13559255,0.047857407,0.06486051,-0.05916375,0.070706055,0.04706213,0.019173015,0.047668193,0.07619425,-0.07442086,0.06862287,0.04637077,0.021348089,0.045723792,0.085702896,-0.08219866,0.062765986,0.044056363,0.034232195,0.04215751,0.091351986,-0.08417673,0.052665588,0.0401521,0.08359599,0.038074724,0.09382142,-0.08385831,0.03849998
99,0.047425434,0.24136499,0.043333832,0.05368652,-0.030356634,0.060312115,0.042894647,0.13592811,0.048519388,0.060812455,-0.054046426,0.07160353,0.047719005,0.019440979,0.048330236,0.071757235,-0.06974427,0.06950604,0.0469674,0.021834804,0.046300445,0.081071556,-0.07792421,0.06352508,0.044506833,0.03515894,0.04255915,0.086570784,-0.08039955,0.05317276,0.040372327,0.08534596,0.038226265,0.08876285,-0.08133383,0.038617663
100,0.04776084,0.24126945,0.043580517,0.05354406,-0.03660415,0.060566317,0.043036297,0.13567558,0.04870302,0.06235477,-0.06015816,0.071828626,0.04782355,0.01908925,0.048452303,0.07449388,-0.075907186,0.06963643,0.04705439,0.021330534,0.046400588,0.08461769,-0.08390493,0.06366594,0.044633742,0.03450615,0.042699233,0.090613335,-0.08592197,0.05344393,0.040604126,0.08434636,0.03849097,0.09319952,-0.085839204,0.039166126
101,0.047670238,0.24088779,0.043498147,0.055839434,-0.032352045,0.06095043,0.043053478,0.13480625,0.048739944,0.063482456,-0.05588706,0.07248081,0.047964137,0.018458819,0.048594005,0.07454562,-0.07150839,0.070370704,0.04727289,0.020878505,0.046604104,0.083899416,-0.079494424,0.064286895,0.044863872,0.034384623,0.042892095,0.089413285,-0.081579044,0.05372831,0.040766787,0.084677055,0.03859669,0.09170632,-0.081393175,0.03886109
102,0.047255177,0.24118368,0.043194693,0.057253912,-0.02853504,0.06062711,0.04283981,0.13416848,0.048655853,0.063967295,-0.05220093,0.072628774,0.047965605,0.017666858,0.0486119,0.07422836,-0.06783055,0.07059206,0.047349025,0.02017978,0.04666925,0.08301732,-0.0758747,0.06440502,0.04494352,0.03411629,0.042923465,0.08816833,-0.07806239,0.053527582,0.04076519,0.08507962,0.038503513,0.090217136,-0.077917546,0.038046114
103,0.048118588,0.24180791,0.043862257,0.05473683,-0.035510838,0.060800873,0.043353084,0.13483837,0.049231835,0.06360651,-0.059429765,0.07274138,0.048384678,0.017778486,0.049059972,0.07569547,-0.07542738,0.070509106,0.047679804,0.020050814,0.04701636,0.08576868,-0.08344426,0.06430298,0.045246188,0.033871368,0.043237552,0.09168394,-0.08522508,0.05359833,0.041116763,0.084675,0.038892023,0.094215445,-0.08434633,0.038474057
104,0.046784826,0.24254985,0.042884234,0.05210695,-0.03007246,0.059515707,0.04243481,0.13423884,0.04853745,0.060007736,-0.054754175,0.0718999,0.047690034,0.016814653,0.048376128,0.07177185,-0.071217634,0.06962439,0.04693899,0.019158265,0.04625427,0.081707284,-0.079632685,0.0632752,0.044370618,0.03356611,0.04228618,0.087518275,-0.08186444,0.05227921,0.040001534,0.08544956,0.03756819,0.089825846,-0.08207502,0.036549114
105,0.046108887,0.24164608,0.042337727,0.052217897,-0.03325584,0.060757533,0.041835815,0.13268816,0.048015352,0.061052963,-0.0579305,0.072910905,0.04713189,0.015785072,0.04783434,0.07350059,-0.07445303,0.070578106,0.046386965,0.018145265,0.045696624,0.08391015,-0.08274822,0.064193614,0.043838818,0.03252395,0.041723114,0.090022,-0.08464185,0.053214993,0.039501492,0.08422121,0.036991216,0.09258826,-0.0840565,0.03766517
106,0.047715057,0.24243951,0.043572936,0.053935148,-0.03121381,0.06261472,0.04313097,0.13378729,0.049314123,0.062163483,-0.05587188,0.074880615,0.048498094,0.016500829,0.04924849,0.074006975,-0.07233974,0.07265783,0.047859844,0.018945796,0.047172662,0.08397146,-0.08062757,0.06621625,0.045351632,0.033545446,0.043208834,0.08979641,-0.08253476,0.055017892,0.040997393,0.08569239,0.038537856,0.09219589,-0.08184412,0.03921111
107,0.047159553,0.24494042,0.04323458,0.05063277,-0.031269483,0.061137136,0.042749226,0.13502285,0.04927606,0.059371628,-0.056640755,0.0738947,0.048373792,0.01630237,0.04917847,0.072018795,-0.07368693,0.071568824,0.04768919,0.018490976,0.047006708,0.08261214,-0.082285054,0.06504749,0.045091987,0.033505715,0.04289627,0.08878949,-0.08433151,0.05375867,0.040607605,0.086632974,0.038020693,0.091287516,-0.08411721,0.03769377
108,0.04741309,0.24620335,0.043465428,0.050286934,-0.030519277,0.06094262,0.04298854,0.13574696,0.049675763,0.059037615,-0.056215897,0.07402414,0.04877239,0.016276935,0.0496157,0.071752936,-0.0735219,0.07168603,0.04811837,0.01836785,0.047441404,0.082402125,-0.0822686,0.06510907,0.045514293,0.033645976,0.043291114,0.0885845,-0.08438005,0.053697497,0.040987093,0.08732351,0.038368724,0.091037534,-0.084254324,0.0373769
109,0.046756484,0.24758188,0.043015745,0.054679304,-0.029770086,0.059788674,0.042598817,0.1356826,0.04955841,0.06289529,-0.05501149,0.07359674,0.04876839,0.015420158,0.049651638,0.07471884,-0.071955726,0.07138221,0.04828305,0.01737749,0.04761072,0.08467528,-0.08046964,0.06474745,0.045802936,0.03298414,0.043544173,0.09043946,-0.08235605,0.053045213,0.041338354,0.08718549,0.038666703,0.092756435,-0.08138374,0.036101256
110,0.046499074,0.24744417,0.042813987,0.055796087,-0.028826362,0.060101595,0.042425822,0.13489543,0.049473226,0.06376541,-0.054063134,0.07411115,0.048722222,0.014700775,0.049621478,0.0753072,-0.0709776,0.07192884,0.048291333,0.016705016,0.04761301,0.085058175,-0.07945945,0.06523857,0.045836005,0.032508675,0.043544352,0.09069561,-0.081287324,0.053381506,0.041358367,0.08694454,0.038629983,0.09295801,-0.080076165,0.036198802
111,0.046219446,0.24721509,0.042591594,0.05308438,-0.028753143,0.060350526,0.04217274,0.13418582,0.04928994,0.061374407,-0.05442444,0.07437565,0.04847341,0.014084874,0.049381208,0.07352299,-0.071664505,0.07210493,0.047973868,0.016129566,0.04728556,0.08375763,-0.08029595,0.065349676,0.045435693,0.032121222,0.04310682,0.0896812,-0.08216315,0.053452037,0.04085916,0.08683645,0.038035724,0.092043094,-0.081214674,0.03626277
112,0.045770198,0.24902552,0.04230694,0.052080028,-0.032287277,0.059271384,0.041816812,0.13479489,0.049229316,0.061456773,-0.058103338,0.073722586,0.048343245,0.013594535,0.049298048,0.074536026,-0.0755646,0.071390525,0.04784386,0.0153616825,0.047165107,0.0854256,-0.084188856,0.06461116,0.04530946,0.031554915,0.042949248,0.09173793,-0.08580299,0.052703325,0.040741194,0.08670658,0.037845284,0.094357714,-0.08430646,0.03543106
113,0.048590995,0.24922863,0.04443826,0.051840924,-0.026540196,0.06260597,0.044046476,0.1359913,0.051318705,0.059852537,-0.05270908,0.07706172,0.050497014,0.01478409,0.051503245,0.07201277,-0.070296034,0.07486977,0.05006726,0.016883483,0.049382474,0.082298644,-0.07913756,0.06797977,0.04748391,0.03347738,0.045077167,0.0882221,-0.081133105,0.055717785,0.042764075,0.08935186,0.03993309,0.09049402,-0.08048844,0.038088866
114,0.046984725,0.25152978,0.04328607,0.053746272,-0.030772235,0.06180078,0.042839844,0.13571496,0.050628167,0.062743224,-0.056645494,0.07688157,0.04979458,0.013285984,0.050882705,0.07543998,-0.07410685,0.07473715,0.049475368,0.0150928395,0.04879529,0.08607063,-0.082671,0.067776985,0.04697009,0.032098267,0.044476014,0.092231564,-0.08410643,0.05529392,0.042278122,0.08872833,0.03925155,0.09481233,-0.082022086,0.03727527
115,0.044270307,0.25357896,0.041287065,0.054345224,-0.027539348,0.06001624,0.040897716,0.13473794,0.049217213,0.062536,-0.053563524,0.075890094,0.048435986,0.011331964,0.04957502,0.074672975,-0.07106094,0.07382103,0.048196968,0.013052221,0.04750135,0.08496899,-0.07968804,0.066729225,0.04567211,0.03082594,0.043059886,0.09095724,-0.08120665,0.053839874,0.04082385,0.088852584,0.037482318,0.09344528,-0.07922197,0.035030305
116,0.044016782,0.2552961,0.04114216,0.051516507,-0.028289916,0.06008585,0.0407093,0.13517605,0.049329806,0.06027653,-0.054805677,0.076287635,0.048470188,0.010828538,0.049669433,0.07326342,-0.072711214,0.07416377,0.04820624,0.012430131,0.047507916,0.08422479,-0.08149098,0.06697652,0.0456079,0.030643012,0.042921264,0.090609044,-0.082951084,0.053934958,0.04063717,0.089553095,0.03715215,0.09327491,-0.08100807,0.034927133
117,0.04554111,0.2556014,0.042297546,0.049443435,-0.030893497,0.062027395,0.041804563,0.13584957,0.05042853,0.059226103,-0.05779723,0.07807948,0.049488537,0.01128632,0.050734937,0.07326128,-0.07608727,0.075887196,0.04920226,0.01287535,0.048508547,0.08497224,-0.08495013,0.068657435,0.04657258,0.031126969,0.04386513,0.09177868,-0.08621215,0.055634603,0.041585013,0.09013089,0.03814206,0.09466495,-0.083956175,0.036854673
118,0.044681784,0.2550758,0.041628096,0.048827913,-0.030402435,0.062241994,0.041135244,0.13441634,0.049877644,0.05875907,-0.057631455,0.07837348,0.048928566,0.010121777,0.05018367,0.073024884,-0.07617036,0.07612419,0.048637666,0.011757799,0.04793496,0.08492248,-0.08513048,0.06882257,0.04598676,0.030210113,0.043238625,0.09182942,-0.08635772,0.05570467,0.040949073,0.08944294,0.0373912,0.09475136,-0.084008336,0.036788337
119,0.04518387,0.2569564,0.042066645,0.05116331,-0.025791356,0.06172565,0.041672558,0.13569897,0.050577633,0.059781604,-0.053074814,0.07846015,0.04973604,0.010357513,0.051027052,0.07281032,-0.07156908,0.07632243,0.049561802,0.0119883455,0.048860203,0.08382763,-0.08063758,0.06896221,0.046939597,0.03094876,0.044154156,0.09017801,-0.08214222,0.0555371,0.041832633,0.09114624,0.03825928,0.09272989,-0.080232136,0.035981573
120,0.043486036,0.25787622,0.040812615,0.052902933,-0.028342841,0.059993703,0.04038911,0.13483287,0.04960667,0.062153626,-0.05547955,0.07721738,0.048770253,0.0088651525,0.050073586,0.07544215,-0.0739476,0.07503497,0.048641644,0.010269848,0.04794027,0.08660065,-0.08287353,0.067645654,0.046081305,0.029438034,0.043265317,0.093038775,-0.084031515,0.054152828,0.04103037,0.08990981,0.037330303,0.09574962,-0.08115683,0.0343234
121,0.043605495,0.25846776,0.040919777,0.05127672,-0.0285565,0.060124055,0.040477306,0.1349884,0.049807355,0.06087234,-0.056085218,0.07750369,0.048929006,0.00863306,0.050256703,0.07465081,-0.07490012,0.07526785,0.04877589,0.010001327,0.04807503,0.08618092,-0.08398656,0.06783757,0.046173397,0.02938951,0.04332902,0.09281543,-0.08516111,0.054295003,0.04106309,0.09025329,0.037310902,0.09558198,-0.0823519,0.034377974
122,0.0433782,0.25888336,0.040758006,0.04836192,-0.026496572,0.060159065,0.040317867,0.13480805,0.04977106,0.05786964,-0.054698717,0.07769498,0.048847117,0.008187731,0.05019369,0.0720016,-0.07403299,0.07538915,0.048637547,0.009588608,0.04793293,0.08385563,-0.08345471,0.067889795,0.04594058,0.029322142,0.043054186,0.09064965,-0.084886916,0.054247856,0.04069073,0.09080628,0.036830045,0.093362935,-0.08272848,0.034138694
123,0.045744166,0.25871903,0.042536236,0.0495206,-0.028326115,0.062824816,0.042083554,0.13557117,0.05142859,0.059523646,-0.056482352,0.080251865,0.050510745,0.00900072,0.05190776,0.07384598,-0.07585114,0.078012995,0.050378058,0.010480305,0.04968406,0.08578292,-0.08521255,0.07051013,0.04773913,0.030171199,0.044850543,0.092602395,-0.086446755,0.05681499,0.042552624,0.091498375,0.038831558,0.09537615,-0.08370486,0.036810234
124,0.04363237,0.25990638,0.040966436,0.05100163,-0.025113042,0.061470892,0.040573955,0.13453865,0.05029162,0.06020011,-0.053397246,0.07949782,0.049444623,0.0073501,0.050864905,0.073783934,-0.072809905,0.07731429,0.04939089,0.008772582,0.04868882,0.08523156,-0.082263656,0.06973383,0.046768963,0.029027306,0.0438052,0.091765195,-0.08364095,0.05574219,0.04149772,0.09131462,0.03755121,0.09437089,-0.0810174,0.035075977
125,0.043849837,0.26131287,0.04116922,0.051736485,-0.025810989,0.06142541,0.040772207,0.13518354,0.05068629,0.061170347,-0.054150958,0.07981274,0.04984579,0.0071581244,0.05130778,0.0748623,-0.07364715,0.077643536,0.049850393,0.008461485,0.049151316,0.08636709,-0.08308345,0.070031546,0.04725888,0.028990133,0.044258844,0.092918426,-0.084313296,0.055921774,0.041987892,0.09177734,0.038008705,0.095560394,-0.08129007,0.035028234
126,0.044363864,0.26176286,0.041570153,0.049770694,-0.025471598,0.061834205,0.04116156,0.1355709,0.051125374,0.059393913,-0.05422575,0.080296926,0.05024289,0.0072494075,0.051726446,0.07352607,-0.074065246,0.07807664,0.050214477,0.008556949,0.049515054,0.08538283,-0.08367892,0.0704266,0.047569193,0.02926669,0.044546455,0.09211941,-0.08497505,0.056282815,0.042229414,0.09239075,0.038228486,0.09478793,-0.08220267,0.035367217
127,0.04411384,0.26279333,0.04141308,0.048049066,-0.02919288,0.06101518,0.040931854,0.13595921,0.051066056,0.058901206,-0.05820885,0.07966798,0.05009951,0.0069135497,0.05159728,0.07420013,-0.07838897,0.07731816,0.050020438,0.00799928,0.049323548,0.08687272,-0.088037975,0.069663934,0.04735779,0.02877198,0.04432543,0.094074845,-0.089045286,0.055625834,0.042040195,0.092026785,0.038005088,0.097023726,-0.085705996,0.034832135
128,0.043074735,0.262096,0.040603213,0.0495292,-0.022425914,0.060940385,0.040241037,0.13426921,0.0504524,0.0586121,-0.051599175,0.07991571,0.04960233,0.0056761745,0.05109546,0.0724365,-0.07172533,0.07765789,0.049590897,0.0070288186,0.048882652,0.084124096,-0.08153567,0.06990964,0.046914272,0.028301802,0.043829057,0.09073745,-0.08298933,0.05552026,0.041460745,0.09225058,0.037275173,0.09326308,-0.08050397,0.0340745
129,0.043059237,0.26186934,0.040583726,0.04856517,-0.026673457,0.061039932,0.040144872,0.1337393,0.050408486,0.05895194,-0.05595941,0.0799986,0.049481966,0.0051364116,0.050979696,0.073890805,-0.07629702,0.07761822,0.049424853,0.0063955495,0.048716746,0.08633869,-0.08603359,0.06984915,0.046745706,0.027613038,0.043657385,0.09339541,-0.087077655,0.05554856,0.04133843,0.091351,0.03714033,0.096235394,-0.083716035,0.034294974
130,0.04420648,0.26263082,0.041476518,0.044058345,-0.027177243,0.061499834,0.040992294,0.13490513,0.05126307,0.05507027,-0.057181496,0.08045433,0.050225534,0.0057885014,0.051746137,0.07111485,-0.07814181,0.0779534,0.050057173,0.0070318202,0.049350932,0.08441376,-0.08819233,0.07015356,0.047255173,0.028419299,0.044152103,0.09193527,-0.08934915,0.05591005,0.04173276,0.09254176,0.03753937,0.09489184,-0.086502135,0.034805782
131,0.044558533,0.26359105,0.04177241,0.047557868,-0.023025969,0.061283913,0.041384827,0.1353251,0.05176523,0.057202794,-0.05279967,0.08077234,0.050857954,0.00565156,0.052402806,0.07175619,-0.07348422,0.07840813,0.050830048,0.0069598407,0.05012468,0.0839876,-0.08352442,0.07056287,0.048094764,0.028774336,0.044960164,0.09087288,-0.08492066,0.056000628,0.042545315,0.09357406,0.03834247,0.093474545,-0.082365505,0.034260496
132,0.042793144,0.26312315,0.040419143,0.05008891,-0.026311597,0.060359087,0.039995812,0.1332722,0.050573584,0.060457073,-0.055722836,0.080107704,0.049680002,0.0037621853,0.051215034,0.0752213,-0.076195255,0.07770136,0.049695794,0.0049774176,0.04898491,0.08753569,-0.08594963,0.069824785,0.04704386,0.02686792,0.043885577,0.09449901,-0.08684927,0.055206355,0.041588392,0.09154726,0.037262727,0.09732609,-0.08297507,0.033311427
133,0.044708084,0.26366398,0.041879877,0.050049827,-0.024620771,0.062347956,0.04148821,0.13440302,0.052025225,0.06004313,-0.05420121,0.08212772,0.051151253,0.004652417,0.05273926,0.07456018,-0.07478111,0.07980647,0.051223136,0.006013621,0.05051597,0.086718015,-0.08463032,0.071885385,0.04855689,0.028146323,0.045366663,0.093570836,-0.08563701,0.05708622,0.04303116,0.093276195,0.038764976,0.09629037,-0.08199733,0.03504557
134,0.043852307,0.2653154,0.041275196,0.04672764,-0.024987623,0.061857164,0.040847633,0.13484322,0.051664006,0.057222813,-0.055163175,0.08182113,0.05070714,0.004198607,0.052326944,0.07265848,-0.07626678,0.07939995,0.050711345,0.0054246066,0.050000366,0.08554353,-0.08634969,0.071412936,0.047951873,0.027928984,0.04470349,0.09281531,-0.087353684,0.05655565,0.042300675,0.09387931,0.03787383,0.09569219,-0.08386975,0.03440357
135,0.043203693,0.26599726,0.040798977,0.04361571,-0.022583568,0.062009294,0.04037535,0.13451011,0.051396456,0.053965405,-0.053490486,0.08214658,0.05039174,0.0035002383,0.05204073,0.069799274,-0.07516079,0.079657994,0.050343994,0.0047531743,0.049628545,0.08306773,-0.08558775,0.07158193,0.047482386,0.027706256,0.04417063,0.09053864,-0.08681887,0.056574844,0.041663468,0.094498135,0.03706972,0.09337838,-0.08392913,0.034165133
136,0.042882647,0.26739582,0.04059705,0.04510539,-0.02547693,0.061465178,0.040144823,0.13495377,0.051393658,0.056231856,-0.056322206,0.08193409,0.05038941,0.0030749817,0.052065883,0.07243386,-0.07807211,0.07942402,0.050397698,0.0041266615,0.04968602,0.08590263,-0.088423066,0.07134688,0.04759927,0.027246967,0.044265103,0.09347852,-0.08933876,0.056304406,0.041845858,0.094331734,0.037217617,0.096475855,-0.08554111,0.03373034
137,0.04254131,0.267468,0.0403385,0.046238907,-0.02568988,0.061543394,0.039889466,0.13442953,0.051233314,0.057483885,-0.056590077,0.082156844,0.05024797,0.0024705299,0.051935088,0.07362192,-0.078424096,0.07963595,0.05029285,0.003519916,0.04958102,0.08702275,-0.08878197,0.07152825,0.04752268,0.026797425,0.044168033,0.094542734,-0.08960233,0.056399874,0.04177718,0.09406899,0.03710204,0.09754026,-0.08544016,0.033649452
138,0.043098442,0.26708665,0.040747736,0.046287756,-0.023569716,0.062388442,0.040331516,0.13412426,0.051650263,0.05712023,-0.054723945,0.083061546,0.050688773,0.002359285,0.05239067,0.07295326,-0.07673814,0.08055426,0.050754026,0.0035580092,0.05004294,0.086157985,-0.087240934,0.072403684,0.047965813,0.027045634,0.044592094,0.09353414,-0.08821956,0.057147246,0.042158525,0.09458521,0.037476234,0.09638808,-0.08435207,0.03421437
139,0.042720538,0.2666526,0.040446572,0.04665372,-0.02243444,0.062532544,0.040049527,0.13317962,0.051423706,0.057331413,-0.053788528,0.08332368,0.050482776,0.0016049823,0.052186936,0.073016234,-0.07596751,0.080794945,0.050564658,0.0028720796,0.04985184,0.086122096,-0.08656492,0.07260683,0.047779188,0.026539734,0.044385575,0.09341864,-0.087585144,0.057263084,0.041945767,0.094260246,0.037205428,0.096202865,-0.08371276,0.034157276
140,0.041290447,0.26879457,0.039425578,0.04653373,-0.022021538,0.060237534,0.039032355,0.13356997,0.05075329,0.05720283,-0.05355536,0.08165548,0.0498138,0.0006547448,0.051518515,0.0729363,-0.075907156,0.0790555,0.04989287,0.0016815737,0.04917745,0.08609457,-0.08658849,0.07084129,0.04709868,0.02581389,0.043667458,0.09340828,-0.08760763,0.055398975,0.04122012,0.09439232,0.036331743,0.09618286,-0.08369464,0.031858657
141,0.042275406,0.27049628,0.04022043,0.050466612,-0.023449332,0.060783632,0.0398324,0.13482931,0.05172091,0.061188206,-0.054571085,0.08258917,0.05084575,0.0009228772,0.052604314,0.0764266,-0.07665937,0.08008859,0.05107726,0.0018280189,0.05036615,0.0891413,-0.08711919,0.0718714,0.04839973,0.026180578,0.044937413,0.096190006,-0.087827355,0.05626244,0.04260421,0.095128104,0.037769575,0.09895607,-0.082934074,0.032450378
142,0.04301114,0.27019304,0.040761247,0.04368768,-0.020861011,0.06275951,0.04035608,0.13457733,0.052273996,0.05452991,-0.053175826,0.08433756,0.051271904,0.0008934612,0.053075507,0.070968345,-0.07621068,0.08169421,0.05136357,0.002006039,0.05065046,0.08470336,-0.08719845,0.073341966,0.048484124,0.026742142,0.044959478,0.09230408,-0.088191785,0.05763449,0.042433698,0.0964239,0.037483785,0.095105864,-0.08426419,0.033886794
143,0.04393969,0.2705554,0.041472968,0.04088897,-0.025960615,0.06437581,0.040979158,0.13490744,0.05297841,0.053441267,-0.058619093,0.08582329,0.051858537,0.0010160486,0.053714585,0.07162016,-0.08209308,0.08310077,0.051906522,0.002081901,0.05119443,0.0865712,-0.0930861,0.07473101,0.048994645,0.026831977,0.045434307,0.094873264,-0.093595,0.05910993,0.042948805,0.0965171,0.037993956,0.09810957,-0.08869768,0.03572074
144,0.041253738,0.27395013,0.039522972,0.041420892,-0.015989445,0.06193542,0.039153993,0.13526118,0.051712062,0.051256265,-0.0490133,0.08433141,0.050697565,-0.00039515225,0.052578297,0.06740728,-0.07257653,0.08171206,0.050799824,0.0006445066,0.050084274,0.081118,-0.083973624,0.073211506,0.047800016,0.026610307,0.04412062,0.08871211,-0.08535933,0.056996882,0.041436195,0.09865857,0.036096115,0.091360144,-0.08224552,0.032269657
145,0.039321203,0.27672264,0.038132988,0.049277224,-0.022690756,0.05975946,0.03772194,0.13531674,0.050773166,0.060195602,-0.054546624,0.0829271,0.049850903,-0.0019618091,0.051749617,0.076017365,-0.0773297,0.08036963,0.05015438,-0.0013284276,0.049436387,0.08928024,-0.08800313,0.07188356,0.047393225,0.024935931,0.043670163,0.096680455,-0.088367976,0.055499006,0.041262925,0.09740886,0.035812482,0.099689886,-0.08251203,0.030267138
146,0.041181628,0.2790157,0.039603632,0.05015011,-0.02327045,0.06104311,0.0391936,0.13752249,0.05239421,0.06114036,-0.05506282,0.084515214,0.051480163,-0.0009861379,0.053458076,0.07693878,-0.07783744,0.08204036,0.051871106,-0.00036029995,0.051159795,0.09016807,-0.0884399,0.07350075,0.04911872,0.026365485,0.045339998,0.09754194,-0.088603996,0.056853265,0.04292855,0.09975261,0.037516598,0.10058676,-0.082217336,0.031278837
147,0.0412757,0.2785492,0.039651394,0.04545477,-0.018744454,0.062529124,0.039276097,0.13660313,0.05252582,0.055772323,-0.05141584,0.08596757,0.051559575,-0.0015173971,0.053573214,0.07187681,-0.074800484,0.08345801,0.05186543,-0.0005629218,0.05115477,0.0855027,-0.085819416,0.0747834,0.04894265,0.026745621,0.045088988,0.09308586,-0.0863873,0.057874493,0.042473685,0.101122744,0.036884375,0.0960088,-0.081185795,0.032040443
148,0.04009003,0.2777661,0.038722474,0.0441857,-0.020079233,0.0627296,0.038315065,0.13468993,0.05168891,0.05515775,-0.053045306,0.086179584,0.050675105,-0.00300888,0.05268892,0.0720058,-0.07673186,0.083576135,0.050934445,-0.001987506,0.050221004,0.08618091,-0.087793514,0.07483444,0.047979586,0.02551586,0.044087995,0.094087645,-0.088119484,0.05786919,0.04146706,0.1000582,0.0357193,0.09721703,-0.08236978,0.031987753
149,0.039397996,0.2786586,0.038222227,0.042568993,-0.022684695,0.061879344,0.037767883,0.13456716,0.05133903,0.054547302,-0.055964433,0.085556895,0.050259884,-0.0037686771,0.052273314,0.0724253,-0.08002839,0.08281798,0.050460324,-0.002896208,0.049745183,0.08732293,-0.09116447,0.0740543,0.047476113,0.024821311,0.04356236,0.09563287,-0.091227494,0.057123076,0.04095254,0.09969516,0.035110995,0.0990039,-0.08489648,0.031192387
150,0.041380186,0.2782514,0.03971177,0.04709822,-0.019218147,0.064010374,0.039341383,0.1349159,0.052792773,0.057762157,-0.052104678,0.087825194,0.0518516,-0.0031047175,0.05391815,0.073940165,-0.075752184,0.08531671,0.05224133,-0.0019360228,0.051534466,0.08759948,-0.0867836,0.07654066,0.049351923,0.02600851,0.04541557,0.09518516,-0.08704938,0.05930273,0.04282694,0.101108104,0.03710919,0.098199055,-0.08093106,0.03300201
151,0.04003731,0.28044698,0.038746666,0.04296214,-0.021427758,0.062428877,0.038306627,0.13514477,0.05216241,0.054753404,-0.05496992,0.08670111,0.051096275,-0.0043108095,0.05317014,0.07248814,-0.07928333,0.083988026,0.051360168,-0.0034220465,0.050650626,0.0873136,-0.09054457,0.075156756,0.048369944,0.025041904,0.04437495,0.095553815,-0.090611525,0.057896852,0.04173919,0.10109793,0.03579986,0.098859966,-0.084147975,0.031371966
152,0.03898593,0.2817057,0.03797698,0.041446052,-0.01894859,0.061864726,0.037557974,0.13484389,0.05170197,0.052828327,-0.05293355,0.08654021,0.050627973,-0.0053409818,0.05272086,0.07055048,-0.07759729,0.08379689,0.050875008,-0.004464122,0.05016576,0.08546063,-0.08910344,0.07490432,0.04782675,0.024591044,0.043765765,0.093738504,-0.089378744,0.057439484,0.04105553,0.10167872,0.034917954,0.09696295,-0.083363086,0.03046676
153,0.041246537,0.28262362,0.039712362,0.04507891,-0.021159789,0.06365198,0.03929027,0.136237,0.05345663,0.056857012,-0.054797385,0.088531174,0.052436497,-0.004515747,0.054597795,0.07429566,-0.079269305,0.085908204,0.052845817,-0.003650734,0.05214234,0.08887767,-0.09057206,0.07704251,0.049919892,0.025494,0.04583986,0.09694054,-0.09051278,0.05946335,0.043256182,0.10262561,0.037293017,0.100190535,-0.08349542,0.032410994
154,0.040529266,0.28733712,0.03929696,0.043367025,-0.01620065,0.063185036,0.038932867,0.13825814,0.05375205,0.054130536,-0.050550394,0.08897167,0.05274959,-0.005075269,0.0549961,0.07120792,-0.0755855,0.086418815,0.053212937,-0.0043646074,0.05251044,0.08568791,-0.08733029,0.07748401,0.050210427,0.026021851,0.045982763,0.0936617,-0.08770302,0.05946339,0.04328374,0.10560288,0.037028108,0.096674085,-0.08158441,0.03149678
155,0.03704293,0.29422653,0.03679674,0.0444127,-0.018904272,0.06054706,0.03639642,0.13953952,0.052343823,0.055922844,-0.053261537,0.08766339,0.05132993,-0.007604225,0.053649664,0.073592864,-0.07844734,0.08514636,0.05188372,-0.00747629,0.051169787,0.08850502,-0.090079226,0.076169506,0.04892631,0.024249095,0.04450611,0.096795626,-0.08986429,0.05773766,0.04190353,0.10643647,0.03514914,0.10018753,-0.08219111,0.028788019
156,0.035988107,0.29560563,0.036008723,0.045115683,-0.016235722,0.06160157,0.035650164,0.13853365,0.052015875,0.05602145,-0.05081746,0.089157365,0.05104828,-0.009157395,0.05344201,0.07327935,-0.07612558,0.08676317,0.05171064,-0.008909688,0.05099742,0.087975375,-0.08780413,0.0777006,0.048767827,0.02360311,0.044219494,0.09616187,-0.087548405,0.05886609,0.041608397,0.10712193,0.034592766,0.09949889,-0.079699196,0.029360283
157,0.037180442,0.29446116,0.03686363,0.042755283,-0.020374052,0.06445896,0.036434557,0.13738854,0.05280583,0.05517519,-0.055290107,0.09177547,0.051739443,-0.009551788,0.054206118,0.0740639,-0.08103044,0.08936642,0.05239573,-0.009125287,0.051684283,0.0898955,-0.0926888,0.080246344,0.04943429,0.023385433,0.044832837,0.09873767,-0.09184165,0.06138553,0.04226882,0.10668312,0.035253182,0.10250874,-0.08271086,0.032227743
158,0.036825757,0.29581553,0.03662339,0.038959872,-0.01774184,0.06428164,0.036204197,0.13779722,0.05278906,0.05109987,-0.05339274,0.09184686,0.051666584,-0.009924853,0.05415467,0.070484295,-0.07973766,0.08936051,0.052242607,-0.009485096,0.05153491,0.08680395,-0.091769,0.08018635,0.049161047,0.023587974,0.044501662,0.09588965,-0.091185644,0.0612023,0.041807115,0.10795591,0.03462915,0.09958794,-0.08278138,0.03179194
159,0.034294028,0.29779008,0.03475277,0.04117642,-0.019085977,0.061852757,0.034324836,0.13712114,0.05134865,0.05354756,-0.054503463,0.09008686,0.050257716,-0.0118827205,0.052711893,0.072777055,-0.080714,0.08754097,0.05085613,-0.011718385,0.050141934,0.088954434,-0.09260715,0.07837488,0.04783942,0.021829886,0.04313505,0.09800126,-0.09177206,0.05927884,0.040520534,0.10693969,0.033104718,0.101837635,-0.08261783,0.029358119
160,0.033562075,0.30048415,0.034261968,0.04507802,-0.015401543,0.06125239,0.03390374,0.13781863,0.051337052,0.05613805,-0.05054824,0.09026843,0.050367475,-0.012678745,0.052860938,0.07375914,-0.07643397,0.08789627,0.051122967,-0.012541138,0.05041382,0.08882543,-0.0882836,0.07873903,0.048181698,0.02186514,0.04338427,0.09725956,-0.08768897,0.059232138,0.040779676,0.108463414,0.033183366,0.10081156,-0.07880728,0.028425237
161,0.0368871,0.30423898,0.03685878,0.04463925,-0.016221281,0.06359579,0.036493067,0.14169917,0.054149885,0.05580891,-0.051333677,0.09302887,0.05316047,-0.010746256,0.05579586,0.07367318,-0.07720149,0.09087083,0.054036535,-0.0105807865,0.0533371,0.08893098,-0.088990025,0.08173025,0.051088177,0.02452634,0.046184503,0.09749857,-0.0882187,0.061917506,0.04357167,0.112492055,0.03607654,0.101161554,-0.07900438,0.030892327
162,0.036710676,0.307841,0.036797095,0.043400295,-0.017803831,0.06427411,0.036403637,0.14305371,0.054586858,0.055047877,-0.053028084,0.094275124,0.05355269,-0.011231221,0.056281347,0.073615655,-0.079086244,0.092246875,0.05447878,-0.011161442,0.05378367,0.089432195,-0.09088537,0.08309918,0.0515122,0.024786286,0.046470672,0.0983809,-0.08982647,0.06297218,0.04386428,0.114332594,0.03614352,0.10234125,-0.079875626,0.031522647
163,0.035308663,0.30843353,0.035730746,0.04179678,-0.01602993,0.06501846,0.03534822,0.14159782,0.05384955,0.05313101,-0.051573,0.095248275,0.052798945,-0.012765903,0.0555769,0.07183423,-0.07787051,0.093320765,0.053734884,-0.01252958,0.05305071,0.08787308,-0.089821026,0.08412706,0.0507262,0.024033783,0.04558192,0.09699139,-0.08885441,0.06371384,0.04291709,0.11460765,0.03490383,0.101003416,-0.079046175,0.03190979
164,0.032813217,0.3074064,0.033800803,0.039140265,-0.021303542,0.06519001,0.033327043,0.13845962,0.052081518,0.05233849,-0.057196956,0.09531831,0.050913658,-0.015248384,0.053683322,0.07303635,-0.084049955,0.09325402,0.051748905,-0.015054586,0.051059872,0.09049976,-0.09602336,0.083994694,0.048716474,0.021502048,0.043521285,0.100489385,-0.09435538,0.06362211,0.040923916,0.111879826,0.032621477,0.10514063,-0.08291839,0.03199207
165,0.03188312,0.3076359,0.033092543,0.03920203,-0.01498692,0.06527106,0.032692067,0.13759032,0.05158951,0.050752982,-0.051227562,0.095621355,0.050481945,-0.016139513,0.053265102,0.07024312,-0.07819501,0.09362274,0.051343147,-0.015723858,0.05066913,0.08699411,-0.09041518,0.08431917,0.048265975,0.02146342,0.043012958,0.09655244,-0.0893098,0.06365397,0.040284373,0.1129339,0.03177808,0.100776166,-0.07906678,0.03146793
166,0.033148017,0.30892438,0.034082018,0.040683758,-0.015905745,0.065772675,0.033683356,0.13892855,0.052649394,0.05236274,-0.052010868,0.09635918,0.051562812,-0.015562344,0.05438548,0.07170288,-0.078903034,0.094413996,0.052492145,-0.015125365,0.051824573,0.088298835,-0.09103809,0.08513734,0.04944757,0.022374703,0.044165052,0.09776645,-0.08978461,0.06436305,0.041457366,0.1143256,0.033012178,0.10202438,-0.07918368,0.032007437
167,0.032959655,0.3098376,0.03396065,0.04147855,-0.02058873,0.06530486,0.033503845,0.13902362,0.052630246,0.054430366,-0.056530178,0.096116565,0.051505227,-0.016128985,0.05432404,0.07463851,-0.08346428,0.09408892,0.05242682,-0.015850872,0.051755197,0.09175697,-0.09542106,0.08482111,0.049421124,0.021758137,0.04412156,0.10155714,-0.09357071,0.06406813,0.04150375,0.11376271,0.033026613,0.10621526,-0.08158343,0.031688537
168,0.032582637,0.3105215,0.033690307,0.040955365,-0.013517185,0.064905666,0.033324536,0.13887866,0.05257059,0.052039046,-0.049788844,0.09610776,0.0515115,-0.016650934,0.054338634,0.070954904,-0.076758295,0.09413297,0.052445896,-0.01613832,0.0517945,0.08731897,-0.08894922,0.08483406,0.049377527,0.022242952,0.044027932,0.09665606,-0.08776239,0.06377576,0.041242592,0.115560465,0.03260304,0.10081754,-0.07736335,0.030755714
169,0.03394553,0.31186208,0.034753125,0.041688103,-0.016180731,0.065146856,0.03435856,0.14051926,0.053639553,0.053421825,-0.052308414,0.096520185,0.05256316,-0.015859429,0.055417694,0.07271074,-0.07925303,0.094541654,0.053525,-0.015419573,0.052874956,0.0892681,-0.091326915,0.08527233,0.05047847,0.023103956,0.045117963,0.09871676,-0.08983079,0.06420745,0.04237319,0.11662955,0.03383586,0.10305462,-0.078763686,0.031195145
170,0.034397464,0.3107045,0.03506377,0.040718634,-0.016335405,0.06632682,0.034661446,0.13934155,0.05390816,0.052694082,-0.05267042,0.09766189,0.0528078,-0.016346851,0.055693854,0.07237504,-0.079814866,0.09569073,0.053771377,-0.01567969,0.053132962,0.089227036,-0.09193138,0.08639776,0.050710388,0.022985084,0.045322474,0.09883189,-0.09031488,0.06525993,0.042559262,0.116519555,0.03398952,0.10324142,-0.07902594,0.032273546
171,0.031985786,0.31351182,0.033299077,0.040371824,-0.0146345105,0.06431637,0.03291262,0.1392063,0.052681644,0.052016396,-0.051270366,0.09635119,0.05158891,-0.018226095,0.054446153,0.07164362,-0.07867816,0.094283044,0.052515008,-0.017776795,0.05187645,0.08855092,-0.09093272,0.0849691,0.04943027,0.021745533,0.04395609,0.09821057,-0.089310564,0.063613474,0.0411592,0.11681594,0.032235563,0.102633104,-0.07797993,0.02993303
172,0.029859206,0.31561297,0.031732704,0.040950987,-0.0144194225,0.06273542,0.03134795,0.13872834,0.05154771,0.052549385,-0.05111424,0.09533693,0.05046595,-0.019997668,0.053297848,0.072164126,-0.07858442,0.093205385,0.051379297,-0.019722084,0.05073998,0.089103885,-0.09081098,0.08387786,0.048306346,0.020447996,0.04276113,0.098827966,-0.08899287,0.06234632,0.03997742,0.11661927,0.030763833,0.10336696,-0.07722489,0.028156681
173,0.03122412,0.31599244,0.032761462,0.04069644,-0.015437804,0.06465823,0.03236509,0.1390866,0.052621577,0.052661557,-0.052249417,0.09727597,0.05152203,-0.019682499,0.054435175,0.072706684,-0.07986866,0.09524309,0.052503437,-0.019225359,0.05187417,0.08994316,-0.09206074,0.08590775,0.049440797,0.021214778,0.043832786,0.09984521,-0.089940146,0.0642376,0.041065432,0.117745355,0.031876393,0.104541436,-0.07757008,0.03012249
174,0.031461395,0.31423515,0.032876536,0.038544726,-0.016307276,0.06690248,0.032457605,0.136974,0.052698754,0.05103151,-0.053441327,0.09928295,0.05154403,-0.020536838,0.054522265,0.07199411,-0.08137835,0.09730712,0.05253029,-0.019733924,0.051916387,0.089926235,-0.093603894,0.08791257,0.049442746,0.020808352,0.04377699,0.10024449,-0.09116573,0.06613047,0.040998157,0.117264494,0.031718805,0.10517833,-0.07820474,0.032238983
175,0.031951685,0.3153436,0.033260252,0.0365448,-0.015347871,0.0680419,0.032844268,0.13741805,0.05326332,0.04902982,-0.05293926,0.10052801,0.052075926,-0.020604135,0.05511447,0.07050965,-0.08130901,0.09857131,0.053068914,-0.019703988,0.052464884,0.08889236,-0.09370993,0.089138106,0.0499341,0.021320231,0.044192117,0.09945582,-0.09117005,0.06718783,0.04136274,0.11865063,0.0319881,0.104444504,-0.07807212,0.033178918
176,0.030406816,0.31817076,0.03213368,0.036726147,-0.014421933,0.06709625,0.031724926,0.13803211,0.05257375,0.049042124,-0.052254654,0.10003429,0.051395204,-0.021643482,0.054428305,0.07049245,-0.080891,0.09804231,0.05238593,-0.020962527,0.051780652,0.088915125,-0.09341086,0.0886092,0.04924796,0.020721482,0.043425445,0.099509865,-0.090802275,0.06648308,0.040591363,0.11935804,0.030956078,0.10452257,-0.0774559,0.03198128
177,0.029511137,0.324101,0.031581666,0.041480087,-0.01278985,0.06482503,0.031217884,0.1413972,0.052682403,0.052794717,-0.05016223,0.09881359,0.051617783,-0.02189294,0.05463744,0.072679214,-0.078350864,0.096900664,0.05272288,-0.021659667,0.052113682,0.08997729,-0.09071931,0.08758327,0.04967703,0.021106718,0.043757718,0.09997642,-0.08820475,0.06515964,0.04097306,0.121850565,0.031133788,0.10479952,-0.074866846,0.029677397
178,0.031119363,0.3247064,0.032792985,0.037283927,-0.01436012,0.06648003,0.032390032,0.14222142,0.05390936,0.049405467,-0.052277718,0.10043384,0.052738857,-0.021372203,0.055831376,0.07078212,-0.08109392,0.09849713,0.05379046,-0.021026518,0.05319478,0.089207195,-0.093711026,0.08915453,0.050655704,0.022040918,0.044681333,0.09983174,-0.091007635,0.066672176,0.04183799,0.1232654,0.032003716,0.104907386,-0.07731232,0.031338256
179,0.031003907,0.3247982,0.03269837,0.03551505,-0.017693883,0.06708207,0.032250732,0.14157622,0.053895146,0.048752505,-0.055758182,0.10109129,0.052657347,-0.022035372,0.055776548,0.071368136,-0.08487271,0.09913411,0.05367662,-0.02164803,0.05308824,0.09065964,-0.09750546,0.08979075,0.05052868,0.02158428,0.04451102,0.10181041,-0.09438911,0.06728235,0.041695558,0.122938335,0.03176241,0.10727963,-0.079740845,0.032015715
180,0.029146986,0.3254483,0.031303447,0.037305426,-0.014515567,0.06625699,0.030895794,0.14027835,0.052803554,0.04958444,-0.0525821,0.10063943,0.051629514,-0.023704534,0.054727588,0.07120221,-0.08158504,0.09870368,0.052680243,-0.02326483,0.0521044,0.08985506,-0.09421357,0.08935181,0.04955837,0.020549245,0.043485723,0.10066435,-0.09125114,0.06660302,0.040638655,0.12283972,0.030440617,0.10594676,-0.07688053,0.030760657
181,0.027696343,0.32561126,0.03020421,0.036259156,-0.014951394,0.065717764,0.029782934,0.13903953,0.051876534,0.04884043,-0.053239673,0.10027002,0.05067461,-0.025087373,0.05375026,0.07094765,-0.08250254,0.09825743,0.051670473,-0.024668194,0.05110035,0.08998963,-0.095208265,0.08888759,0.04853108,0.019415233,0.04242559,0.10103341,-0.092103,0.06608354,0.03957039,0.12207411,0.0291678,0.106460296,-0.07739685,0.030070646
182,0.027949857,0.32613385,0.030404765,0.03740307,-0.012948478,0.06615156,0.030014168,0.13919547,0.052195143,0.04935951,-0.05125474,0.1008948,0.05103694,-0.025193045,0.054142434,0.07080334,-0.08047489,0.09896585,0.052098356,-0.0246603,0.05154119,0.089403376,-0.0931985,0.08962519,0.04898229,0.019792462,0.04283617,0.100182034,-0.09022727,0.066671155,0.039961897,0.12302619,0.029511144,0.105433844,-0.07578534,0.030401846
183,0.027844109,0.32757133,0.03035303,0.037686046,-0.015028767,0.06576397,0.029937603,0.13991077,0.052297305,0.050230503,-0.053337466,0.100759886,0.05112106,-0.02542074,0.05422428,0.07211249,-0.08268539,0.098783955,0.052176617,-0.02503487,0.05161691,0.09098537,-0.09539822,0.0894734,0.049077593,0.019653022,0.042902198,0.10193425,-0.09216891,0.066506565,0.040071897,0.123254694,0.02956986,0.10738324,-0.07709768,0.030138347
184,0.028744193,0.33010527,0.031091874,0.035807863,-0.0148889795,0.065395504,0.030672094,0.14225657,0.05321856,0.048469186,-0.053513348,0.100747995,0.05200492,-0.024718978,0.055123508,0.070818044,-0.08322431,0.09870787,0.05301933,-0.02449172,0.052463282,0.09006706,-0.09615398,0.089434385,0.049865495,0.020676661,0.043653656,0.10118893,-0.09301368,0.06642444,0.040773205,0.12521438,0.030262312,0.106627956,-0.078128904,0.029832525
185,0.028916022,0.32968542,0.031204417,0.034345835,-0.013767822,0.065986425,0.03079122,0.14152619,0.05338324,0.046964526,-0.05276977,0.10142341,0.05215057,-0.025253905,0.055287816,0.06958358,-0.08285248,0.09935642,0.05314654,-0.024887875,0.052604552,0.08908237,-0.09599097,0.09007799,0.04996271,0.020553183,0.04372291,0.10030555,-0.09294307,0.06699795,0.04079806,0.12540056,0.030223366,0.105690844,-0.07821675,0.030297779
186,0.028719492,0.32980195,0.031055482,0.037601918,-0.014222538,0.066056184,0.030648354,0.14104941,0.05333322,0.050227787,-0.053036377,0.10168512,0.052158896,-0.025869468,0.055296015,0.072227925,-0.083020836,0.09964663,0.05323941,-0.025501162,0.05269886,0.091211155,-0.096083,0.09041117,0.050143946,0.020094294,0.043887302,0.10213737,-0.09292267,0.067266434,0.041038815,0.1250217,0.030449346,0.10749195,-0.07772704,0.030368667
187,0.029941354,0.3297814,0.031967297,0.038399335,-0.014567193,0.06708873,0.031560555,0.14131212,0.054231904,0.05111937,-0.053377986,0.10280106,0.053068385,-0.025597619,0.056251734,0.07303935,-0.08340001,0.10082733,0.054212015,-0.025091331,0.053684086,0.091933616,-0.09645498,0.091629505,0.05114728,0.02069202,0.044866573,0.10279081,-0.09322323,0.06841353,0.04203471,0.12575147,0.03151886,0.108138785,-0.07781917,0.031496055
188,0.02987359,0.3307156,0.031930715,0.035818778,-0.013950193,0.06705674,0.031521536,0.14150442,0.054354414,0.04861655,-0.053155515,0.102993205,0.053145066,-0.026021093,0.056338713,0.07116741,-0.083556704,0.100956745,0.054228224,-0.02549965,0.053713907,0.0905953,-0.096787326,0.09175094,0.051103942,0.02073067,0.044779975,0.10173658,-0.09354648,0.06844629,0.041884854,0.12652119,0.031251952,0.10713249,-0.0782164,0.031354383
189,0.028815866,0.3304951,0.031120418,0.035223473,-0.0123626115,0.0671081,0.030724438,0.1400789,0.05370607,0.047701344,-0.051776227,0.10320451,0.05249941,-0.027292429,0.05569401,0.07017833,-0.08232629,0.101176046,0.05357196,-0.026652094,0.053074073,0.08963385,-0.09564345,0.09195993,0.050439198,0.019941203,0.044071343,0.10079664,-0.09246651,0.06851027,0.041140795,0.12623,0.030314902,0.10615558,-0.0772805,0.031165333
190,0.028553568,0.3311623,0.030932218,0.03581575,-0.013582323,0.06695107,0.030523581,0.14009954,0.053629916,0.048636086,-0.052987248,0.103219874,0.052421786,-0.027729617,0.055612706,0.071288556,-0.08361272,0.10117066,0.05350108,-0.027150929,0.053004056,0.09084056,-0.09691923,0.0919799,0.050393496,0.019620545,0.044002727,0.10206745,-0.09357501,0.06850196,0.04110925,0.12613021,0.030228714,0.10754201,-0.07795388,0.03106344
191,0.028414065,0.3307002,0.03081381,0.03620299,-0.013372104,0.067268625,0.030408816,0.13930996,0.053544033,0.049049173,-0.05289241,0.1035872,0.05234511,-0.028270204,0.055543,0.07167193,-0.08365624,0.10153222,0.05344175,-0.027599825,0.052952643,0.091202684,-0.09701558,0.092346065,0.050351664,0.019296322,0.043945547,0.102402374,-0.09363426,0.068827264,0.041059732,0.12586257,0.030139336,0.10786856,-0.077894546,0.03134091
192,0.029290551,0.332322,0.031507965,0.036648132,-0.010532859,0.06725507,0.031141935,0.14078268,0.05439263,0.048646457,-0.050144944,0.10392935,0.053232744,-0.027847048,0.056453425,0.070545845,-0.08090205,0.10191187,0.054369815,-0.027146403,0.05389678,0.08962446,-0.09434165,0.092773706,0.051274966,0.020315608,0.04483207,0.10052893,-0.09123789,0.06909785,0.04188561,0.12784724,0.030966649,0.105717584,-0.07615748,0.031241922
193,0.028097127,0.33598125,0.030685557,0.032377385,-0.013741671,0.06547497,0.03026319,0.14264414,0.05397372,0.045854475,-0.05413735,0.10259469,0.052693732,-0.028527437,0.055846866,0.06984102,-0.0859774,0.10024022,0.05363094,-0.02838148,0.05313709,0.0904506,-0.099877626,0.091095634,0.050432835,0.01956101,0.043947063,0.1021777,-0.09644861,0.06751178,0.04099218,0.12816201,0.02985292,0.10775389,-0.08046626,0.029384965
194,0.027324408,0.33656475,0.030111514,0.035608392,-0.011207477,0.06532599,0.029726446,0.14187403,0.053654924,0.048260216,-0.05150483,0.102836914,0.05246304,-0.029725803,0.05561107,0.07100094,-0.0831882,0.10053091,0.053491395,-0.029528407,0.053010684,0.090742804,-0.09705204,0.091424115,0.05037219,0.018949576,0.043836,0.101970665,-0.093753636,0.0676077,0.040901426,0.12830538,0.029617853,0.107302785,-0.077919975,0.028915297
195,0.026806364,0.3361973,0.029704897,0.03543924,-0.013387412,0.06556608,0.029292582,0.14073685,0.053317394,0.04884538,-0.05378125,0.10314111,0.052099887,-0.030701753,0.05524505,0.072241046,-0.08569169,0.10078734,0.05311533,-0.030491749,0.052637696,0.092411265,-0.099569075,0.091683544,0.050019298,0.018062295,0.043460134,0.103892855,-0.095953,0.06785903,0.040577415,0.12734188,0.02920831,0.10946336,-0.079326674,0.029180849
196,0.028228253,0.3354807,0.030752622,0.03390684,-0.0060951933,0.0671736,0.030414239,0.14056228,0.054360647,0.04544603,-0.0470275,0.10479197,0.05317866,-0.030337837,0.05640516,0.06773791,-0.07917324,0.10256016,0.054244183,-0.029654438,0.05381434,0.087339416,-0.09336031,0.09344306,0.05107793,0.019534985,0.044471495,0.09840688,-0.09046126,0.06932895,0.041389592,0.12981074,0.030004183,0.10337464,-0.07560346,0.030310119
197,0.02755994,0.33745638,0.03029548,0.037742287,-0.011953541,0.066026516,0.029900497,0.14136289,0.054084975,0.050750047,-0.052468996,0.10396966,0.052914977,-0.030902376,0.056094725,0.07344336,-0.08452237,0.10162977,0.05400869,-0.030555444,0.05355889,0.09312452,-0.09846229,0.09256709,0.05095097,0.01873571,0.044333268,0.10430417,-0.09482893,0.06849943,0.041421913,0.12909666,0.03001026,0.109752506,-0.078095,0.029320989
198,0.027524717,0.33762187,0.030270468,0.037956312,-0.011813851,0.066056,0.029876618,0.14108144,0.054125506,0.050998874,-0.052440636,0.10414898,0.052957468,-0.031337615,0.056141067,0.07370048,-0.08463267,0.10178183,0.054051507,-0.030909415,0.053617023,0.09339676,-0.09862434,0.09273,0.050996862,0.018682506,0.044359285,0.10457917,-0.09494523,0.06858378,0.04142859,0.12942034,0.029961023,0.11004842,-0.078081205,0.029232804
199,0.027087245,0.33687434,0.02992112,0.033903737,-0.0070684054,0.06628013,0.02956858,0.13986495,0.053839117,0.04600457,-0.048381753,0.104435585,0.052638367,-0.03211522,0.05583242,0.0688356,-0.081071936,0.10201538,0.053638626,-0.03138828,0.0532448,0.08884774,-0.09542999,0.09291279,0.05046384,0.018747099,0.04379681,0.10014186,-0.09222597,0.068595685,0.0406674,0.13034979,0.029004948,0.10533633,-0.07659835,0.02894021
200,0.028182756,0.33700016,0.030745326,0.033631984,-0.008805271,0.06688413,0.030376341,0.14015044,0.05465929,0.04640327,-0.050288092,0.10514844,0.053436656,-0.03201992,0.056657765,0.06983259,-0.08327513,0.10267222,0.05444493,-0.031212335,0.054063495,0.09022444,-0.09769987,0.093587935,0.051275734,0.019149922,0.04459405,0.10170693,-0.09423683,0.06924909,0.041473914,0.1309223,0.0298808,0.1070564,-0.07799894,0.029577399
201,0.028956082,0.3369851,0.0313219,0.034954205,-0.012377322,0.0674514,0.030917214,0.14003581,0.055226535,0.048775766,-0.05376413,0.10581824,0.05399131,-0.032203723,0.05723516,0.07277137,-0.08684601,0.103319675,0.055039912,-0.031344682,0.054665405,0.09343917,-0.10117031,0.09427421,0.05192853,0.019121693,0.045231503,0.10509225,-0.09721252,0.069937535,0.042192623,0.13077898,0.030663045,0.110745706,-0.07976278,0.030320587
202,0.027414631,0.33811763,0.030184565,0.035439532,-0.010561563,0.06626865,0.029798076,0.139483,0.0543476,0.048742607,-0.051994883,0.10503522,0.053136062,-0.03353578,0.05633675,0.07231131,-0.08504827,0.102472454,0.054151192,-0.032687943,0.053796243,0.0927494,-0.09936051,0.09343473,0.051040925,0.018385291,0.044304337,0.104296535,-0.09543513,0.06892636,0.04121858,0.13102593,0.029441824,0.10990022,-0.078139655,0.028804898
203,0.02697742,0.33783817,0.029845428,0.035487384,-0.004723197,0.06628882,0.029531505,0.13839039,0.054145772,0.047109947,-0.046305243,0.10534417,0.052999597,-0.034430645,0.056217063,0.069410875,-0.07923726,0.102860354,0.054046057,-0.033217665,0.053742237,0.08912964,-0.09360401,0.09383067,0.050916564,0.018622654,0.044136412,0.10025016,-0.0901477,0.06901055,0.040895205,0.13241696,0.028935099,0.105431005,-0.07411902,0.028308053
204,0.028016023,0.33936504,0.030662972,0.033323914,-0.009568318,0.06628792,0.030285481,0.13994713,0.054985687,0.046586514,-0.051378325,0.10544474,0.05374151,-0.033913005,0.056972314,0.07067317,-0.08476468,0.10279401,0.054708336,-0.032805644,0.054409098,0.09157971,-0.0991623,0.09375088,0.051534418,0.019258816,0.044736598,0.103382945,-0.095047794,0.06897444,0.041506164,0.13336872,0.029593017,0.10907855,-0.07758186,0.028374454
205,0.028796103,0.3402782,0.031267047,0.03338998,-0.010953907,0.06646735,0.030876782,0.14071804,0.055656515,0.04710859,-0.05281603,0.105828166,0.054399617,-0.03378282,0.057649083,0.07157511,-0.08634149,0.10313837,0.055375647,-0.032654267,0.055088315,0.09271444,-0.10073141,0.09412723,0.052211177,0.019740397,0.04538732,0.10464607,-0.096358635,0.069296345,0.04216375,0.1342679,0.030274922,0.11048261,-0.078309,0.028590228
206,0.029150534,0.33892205,0.031500444,0.033800237,-0.009294563,0.06771096,0.03113119,0.13918294,0.055887207,0.047145896,-0.05130586,0.10709955,0.05465514,-0.034412473,0.057959504,0.07128222,-0.08493269,0.104500234,0.05570055,-0.03292333,0.05544611,0.09223107,-0.099369206,0.09549754,0.05256179,0.019762581,0.04570097,0.10404033,-0.09503637,0.07050568,0.042446885,0.13447909,0.030517783,0.10977926,-0.07710304,0.029710382
207,0.025407104,0.3414435,0.028727781,0.029495277,-0.008268948,0.06521276,0.028346883,0.13852312,0.053614914,0.04310127,-0.05109341,0.10503566,0.052302126,-0.036849108,0.05547308,0.068470046,-0.085615896,0.10210472,0.053092003,-0.035752535,0.052832063,0.09047442,-0.10051083,0.0930563,0.049831465,0.017596364,0.0429134,0.10286487,-0.09619549,0.0680211,0.03957377,0.13370536,0.027100543,0.10875841,-0.07821119,0.026647713
208,0.022063142,0.34529936,0.026206134,0.02589777,-0.010178791,0.06439622,0.025790844,0.13828714,0.05176925,0.040774442,-0.05392484,0.10463378,0.05036755,-0.03934485,0.053471323,0.06812551,-0.08964981,0.10152884,0.050989524,-0.038668815,0.05071485,0.09165498,-0.10502268,0.09247096,0.047664724,0.0154592795,0.040610883,0.10495283,-0.10019831,0.067293964,0.037298765,0.13324222,0.024277195,0.111392274,-0.080719694,0.025482785
209,0.025816387,0.35305902,0.029180191,0.032347236,-0.010400565,0.06787607,0.028770942,0.14524096,0.055420913,0.04688655,-0.053854518,0.108819656,0.05412569,-0.03655345,0.057445332,0.072815076,-0.08953773,0.106251925,0.055119615,-0.036028616,0.054851465,0.09527073,-0.10486034,0.09747233,0.051951922,0.019538522,0.04464208,0.10800331,-0.09973222,0.071702495,0.041451853,0.14026389,0.028495252,0.114433944,-0.07895905,0.029026331
210,0.025891615,0.35702753,0.029242013,0.042621326,0.0003041159,0.07055048,0.028970838,0.14598164,0.056213904,0.053106952,-0.042525634,0.112186484,0.05521721,-0.037267257,0.058727566,0.0741462,-0.07705989,0.110351615,0.056705885,-0.036110245,0.05652973,0.0933683,-0.0917914,0.1017372,0.053783063,0.021461636,0.04619945,0.10439924,-0.08676354,0.0748926,0.042962044,0.14579618,0.029654495,0.110017866,-0.066438936,0.030795678
211,0.025314378,0.35967994,0.028804107,0.032452133,-0.0076197837,0.072248735,0.028379826,0.1461025,0.056175455,0.046212733,-0.051570766,0.11378969,0.054863226,-0.03849817,0.05843472,0.072370194,-0.08782312,0.11172302,0.056067336,-0.03749397,0.0559074,0.09534176,-0.10314777,0.102950305,0.052930772,0.02071197,0.045178328,0.1086019,-0.09690525,0.075883746,0.041888338,0.14638685,0.028129864,0.115564324,-0.07337059,0.03175786
212,0.022139238,0.36432466,0.02645812,0.024201391,-0.010230239,0.07126138,0.026005704,0.14632955,0.054589726,0.039423864,-0.055092063,0.11327358,0.053115964,-0.040891197,0.05663741,0.06892948,-0.09247799,0.11098153,0.054044824,-0.04014424,0.05391331,0.09451155,-0.10816399,0.10212527,0.050749376,0.019294593,0.04281916,0.10939101,-0.10106861,0.07473249,0.039433118,0.14750353,0.024951104,0.11728265,-0.075694144,0.029980863
213,0.020134175,0.36540875,0.024934758,0.029232442,-0.0040737293,0.07189033,0.024532484,0.14438023,0.053539608,0.04234898,-0.04884583,0.11427058,0.05219801,-0.043146353,0.055750944,0.06940948,-0.08585302,0.11219941,0.053295333,-0.042078022,0.05322308,0.09345029,-0.10132553,0.10338173,0.05011785,0.018526524,0.0420383,0.10754473,-0.09425268,0.075380184,0.038606644,0.14877722,0.023666553,0.11506852,-0.069014885,0.029591193
214,0.017659916,0.3672939,0.023090865,0.033577662,-0.0011918077,0.070785694,0.022726588,0.14341581,0.05214992,0.04557495,-0.045746688,0.11370137,0.05091938,-0.04529163,0.054401778,0.07095747,-0.08241974,0.111650355,0.052071925,-0.044283625,0.052022304,0.09388198,-0.09771191,0.10290734,0.048999526,0.017174918,0.04083751,0.10741601,-0.09062819,0.07458586,0.03742444,0.14890754,0.022082219,0.114768155,-0.065348186,0.027903687
215,0.019105913,0.36999494,0.024201032,0.030729983,-0.008300574,0.071377605,0.02375636,0.14588307,0.053405315,0.0451902,-0.053086307,0.11444584,0.0520494,-0.04457522,0.055557966,0.07316221,-0.09044957,0.11225842,0.05311867,-0.04381991,0.053060483,0.09779769,-0.10592329,0.10353747,0.05001099,0.017893868,0.041791912,0.11236572,-0.098031215,0.07523775,0.038456094,0.15002395,0.023176122,0.12057094,-0.07076382,0.028678883
216,0.021023288,0.37177467,0.025645038,0.024591206,-0.002981078,0.07272449,0.025240738,0.14792733,0.055002417,0.03779175,-0.04853928,0.11596448,0.053574752,-0.043505482,0.05719014,0.06627349,-0.08645136,0.11385791,0.054582488,-0.04243069,0.054601956,0.0915981,-0.10232767,0.10516403,0.051319283,0.020358212,0.04300392,0.10645267,-0.09496,0.07653872,0.03940435,0.15449351,0.024034586,0.11429656,-0.06904834,0.02961489
217,0.02024139,0.37208483,0.025049485,0.030213628,-0.0031830138,0.07317256,0.024651326,0.14673844,0.05461016,0.043221097,-0.04833947,0.116629206,0.05328527,-0.044726964,0.056918696,0.0703904,-0.08587116,0.11466526,0.054464526,-0.043504063,0.054506417,0.094702534,-0.10144487,0.106056504,0.051371492,0.01969472,0.042989537,0.10907788,-0.0936978,0.0772031,0.039502684,0.15429084,0.024007615,0.11699691,-0.06691789,0.029933207
218,0.020133952,0.3710343,0.02493266,0.038313642,-0.0032075862,0.07477427,0.024527257,0.14457701,0.05457036,0.050795376,-0.047574986,0.118315816,0.05337556,-0.045867607,0.057099175,0.07584227,-0.084216684,0.11669995,0.054854628,-0.044236574,0.054936912,0.098515056,-0.099185206,0.10820608,0.0520059,0.01926111,0.043538544,0.11210294,-0.090961725,0.07902582,0.040202785,0.15393054,0.024646323,0.120042644,-0.06321118,0.031510398
219,0.019510314,0.37293565,0.024472529,0.02766924,-0.001729486,0.075227045,0.024072342,0.14528212,0.054434884,0.040685594,-0.047532387,0.118785955,0.05306412,-0.0462957,0.05679457,0.068766646,-0.08579469,0.11694112,0.054266427,-0.04472508,0.0543778,0.09396802,-0.10165366,0.108319536,0.051171523,0.019450786,0.04260955,0.10892897,-0.09351531,0.07898669,0.039073315,0.15568666,0.023156058,0.117161825,-0.065811165,0.031279482
220,0.01745453,0.37743556,0.02298094,0.023145813,-0.005554286,0.073601395,0.02254634,0.14741969,0.053449385,0.0378714,-0.052053574,0.1175177,0.051971685,-0.047207646,0.05556802,0.06843797,-0.09145513,0.1153087,0.052912116,-0.046329137,0.052983902,0.09548493,-0.10784881,0.10664341,0.049709782,0.018296843,0.041079782,0.111546725,-0.09927316,0.07732623,0.037570357,0.15576802,0.02127914,0.12047261,-0.07034568,0.029239997
221,0.017168675,0.3782337,0.022763997,0.030414235,-0.0016832873,0.073826194,0.022364303,0.14720495,0.053443488,0.043483753,-0.047748927,0.11807609,0.052121773,-0.047956496,0.055718847,0.07120469,-0.086522155,0.11601707,0.053261645,-0.046983737,0.053359047,0.09624113,-0.10263302,0.107480586,0.05022947,0.018280156,0.041539602,0.11117759,-0.09427171,0.077872984,0.038078144,0.15672906,0.021699801,0.11959917,-0.06584071,0.029127875
222,0.016790839,0.37891397,0.022482771,0.03093917,0.0016112907,0.07370752,0.02212359,0.14707272,0.053351384,0.04299919,-0.04461595,0.118228085,0.05207715,-0.04860889,0.055661973,0.06988213,-0.08342348,0.116174094,0.053230632,-0.047542855,0.053362392,0.09444796,-0.09961258,0.10770168,0.050214607,0.018337611,0.04148122,0.109069966,-0.09153981,0.077918954,0.037954807,0.15779126,0.021418618,0.11716504,-0.063805595,0.028723285
223,0.017288541,0.38112542,0.022873953,0.024532529,0.0007032794,0.07357566,0.022494318,0.14890462,0.053957105,0.037515994,-0.04646287,0.11826609,0.052555505,-0.04848742,0.05610381,0.06666854,-0.08648318,0.11589366,0.053485874,-0.04765961,0.053623375,0.09300967,-0.103308335,0.10735934,0.050303906,0.01877519,0.04152775,0.10855437,-0.0951601,0.07753167,0.037884343,0.15935089,0.021223271,0.11690734,-0.06709642,0.028060665
224,0.017094139,0.38166535,0.022731679,0.031373356,-0.00061312504,0.07344578,0.022333441,0.14848003,0.05394607,0.044351667,-0.04715148,0.11844323,0.05264702,-0.049403146,0.056171186,0.071961984,-0.08658673,0.116087265,0.053728014,-0.048581846,0.053874996,0.09704646,-0.10300816,0.10764162,0.050728902,0.018217182,0.04192023,0.111976765,-0.09444748,0.07763955,0.03840802,0.1590972,0.0217287,0.12040917,-0.06550157,0.027719941
225,0.017358948,0.3805695,0.022902302,0.029611709,-0.0018249624,0.074156724,0.022491368,0.14706144,0.054126434,0.043202873,-0.04858075,0.11917046,0.052786697,-0.050193906,0.056336496,0.07172935,-0.0883294,0.11676382,0.053844456,-0.049155585,0.05402101,0.09746874,-0.10484043,0.10831307,0.050842497,0.017833125,0.042009052,0.11277076,-0.09601257,0.07825035,0.03849034,0.1586866,0.021765152,0.12142646,-0.06646752,0.028365491
226,0.017624144,0.37978613,0.023082273,0.028429229,-0.0011470462,0.074736685,0.022678815,0.14609696,0.054328322,0.042000398,-0.048162654,0.11980069,0.052975517,-0.050715204,0.056551445,0.070819914,-0.088187896,0.11737736,0.05402971,-0.049464073,0.054238006,0.096821606,-0.104831524,0.10894464,0.05102343,0.017784595,0.04216738,0.112233736,-0.0960047,0.0788154,0.038612925,0.15882501,0.021847103,0.12086325,-0.066462345,0.028899638
227,0.01829086,0.380051,0.02357509,0.028976798,0.0031467418,0.07517066,0.023215868,0.1462776,0.054907568,0.04109491,-0.043938756,0.120458186,0.05360547,-0.05072744,0.057224013,0.06872672,-0.08381816,0.11813007,0.054725863,-0.049201142,0.054991957,0.09402816,-0.10045725,0.10978645,0.051741246,0.01871834,0.042845152,0.108983174,-0.09201474,0.07945302,0.039190724,0.16074759,0.022393685,0.11714088,-0.06345464,0.029234398
228,0.017684167,0.38006198,0.023115624,0.028483067,-0.0021006123,0.07508413,0.022703514,0.14530559,0.05452303,0.04239344,-0.049191706,0.12045079,0.053164765,-0.051779456,0.056753546,0.071519375,-0.08941213,0.11801359,0.054225933,-0.05030633,0.054488637,0.09773859,-0.106116734,0.1096831,0.0512679,0.017582474,0.0423556,0.113306016,-0.09707972,0.0793972,0.038797367,0.1592418,0.021909868,0.12213105,-0.066937335,0.029279098
229,0.01721247,0.38110068,0.022774547,0.028302386,-0.00044226582,0.074680276,0.022377867,0.14547458,0.054363403,0.041688465,-0.04763103,0.120324865,0.053017367,-0.05237693,0.05657793,0.07050176,-0.087895095,0.11785351,0.054046314,-0.050897423,0.05433572,0.09659546,-0.10465722,0.10957847,0.05108674,0.017512906,0.042138215,0.11208766,-0.095750734,0.07916518,0.03852981,0.16002245,0.021482917,0.12079721,-0.06589797,0.028687118
230,0.017563468,0.3828838,0.023056801,0.029454118,0.0010403421,0.07439501,0.022675676,0.14692071,0.05481272,0.04230697,-0.046193074,0.12034091,0.0535001,-0.0522162,0.057040744,0.07048016,-0.08648865,0.11783732,0.054538436,-0.05082351,0.05484097,0.09616549,-0.10331249,0.10964745,0.051596545,0.018108021,0.042615592,0.11139649,-0.094561435,0.07914,0.038982272,0.16152586,0.021906825,0.11991295,-0.06501371,0.028305754
231,0.016343512,0.38258326,0.022140814,0.027749287,0.00039411974,0.07406701,0.021748941,0.14556472,0.05400223,0.04104933,-0.047131523,0.12008292,0.052651275,-0.053460736,0.05614933,0.07001629,-0.0878395,0.11745848,0.05359708,-0.05206176,0.05390846,0.09630999,-0.10485959,0.10924623,0.05062901,0.016981805,0.041632738,0.111898914,-0.095991656,0.07873534,0.037991904,0.160461,0.020711048,0.12061601,-0.06604814,0.027840339
232,0.016693871,0.3826769,0.02239653,0.026313722,0.00092629535,0.07451325,0.022009965,0.14555179,0.054316055,0.039689954,-0.0469609,0.120586164,0.052944556,-0.053593718,0.05645843,0.06910874,-0.08811312,0.11791386,0.053867243,-0.052115586,0.054197036,0.09578103,-0.10535707,0.109721914,0.05087777,0.017177597,0.04185641,0.11152598,-0.09648704,0.0791855,0.03818469,0.16097155,0.020878112,0.12021979,-0.06647626,0.028276404
233,0.016712997,0.38281068,0.022407666,0.028506864,0.0028634442,0.07460642,0.022041865,0.14517088,0.054426577,0.041106176,-0.044870168,0.120921895,0.053112827,-0.05413008,0.056631785,0.069435254,-0.08574635,0.11831476,0.0541053,-0.052507408,0.054469828,0.09536249,-0.10285174,0.1102224,0.051186215,0.01723538,0.042132996,0.110676415,-0.09408716,0.07955101,0.038453683,0.16158108,0.021086156,0.119129226,-0.064428255,0.0283561
234,0.016289655,0.3840227,0.022108376,0.028165925,0.0020241821,0.07402218,0.021731036,0.14564976,0.054274675,0.041139934,-0.045863856,0.1205691,0.05294326,-0.054626882,0.056408815,0.06987827,-0.08702151,0.11781291,0.053863782,-0.05315004,0.054231346,0.09609634,-0.10424714,0.10975177,0.05093933,0.016896263,0.04186834,0.11156975,-0.09534945,0.07908063,0.0381955,0.16169652,0.020723954,0.12015208,-0.06534446,0.027699126
235,0.01665059,0.38476214,0.022386394,0.02907219,0.0005628121,0.074005164,0.021994641,0.14623341,0.054602463,0.042484734,-0.047268745,0.12069993,0.0532721,-0.05460977,0.05673577,0.07136834,-0.08847258,0.11789892,0.054207116,-0.053158782,0.054584958,0.097624846,-0.105660915,0.10989015,0.05132225,0.01709453,0.042235922,0.113130525,-0.09652602,0.079213485,0.038601097,0.1620845,0.021156598,0.121860415,-0.06602866,0.027804224
236,0.0175138,0.38348514,0.023006098,0.028371794,0.002175422,0.0750702,0.022637354,0.14532658,0.05516588,0.041455895,-0.045936506,0.121724695,0.05384371,-0.05463985,0.057382636,0.07027964,-0.08740912,0.11899545,0.054839883,-0.05282632,0.055264495,0.09656176,-0.104753144,0.111022815,0.05196525,0.017668312,0.042860944,0.11202389,-0.09574929,0.08027666,0.03917242,0.16278061,0.02178202,0.120605215,-0.065562285,0.028956173
237,0.017545486,0.3834954,0.023026876,0.028116507,0.0039887936,0.07517712,0.022675684,0.14505625,0.05524858,0.040705536,-0.044316363,0.12195964,0.053938072,-0.05497297,0.05748537,0.06924132,-0.085957624,0.11921958,0.054934565,-0.053012375,0.055394202,0.09540963,-0.10343555,0.1112878,0.052059196,0.01786464,0.04293574,0.11077361,-0.094621696,0.08045367,0.039186977,0.16349638,0.02173357,0.11919867,-0.06483915,0.028966676
238,0.016335959,0.38372588,0.022127755,0.026653733,0.001581331,0.074497595,0.02175282,0.14407066,0.05448988,0.040292602,-0.04700612,0.121443965,0.053133868,-0.05633128,0.05660191,0.07001264,-0.089175574,0.118484505,0.054004125,-0.054483175,0.0544616,0.09700015,-0.10688426,0.1105413,0.051109828,0.016535243,0.0419788,0.11285244,-0.09777792,0.07974643,0.038255863,0.16221997,0.02061124,0.1216529,-0.06713582,0.02813154
239,0.016439214,0.38421744,0.022209272,0.02698812,-0.00094954297,0.07443822,0.02181147,0.1441612,0.054637454,0.041549116,-0.049629793,0.12152501,0.053266753,-0.05670775,0.056713708,0.07190712,-0.092117704,0.11845794,0.05411488,-0.054893553,0.05457875,0.09926579,-0.10993627,0.11056002,0.051247455,0.01631718,0.042104695,0.11533885,-0.100534305,0.07977986,0.038424406,0.16210112,0.02076876,0.12442325,-0.06907555,0.028087718
240,0.01800605,0.38416052,0.023370765,0.029667709,0.0047224285,0.07535999,0.023031654,0.14469835,0.05580659,0.04216712,-0.043868903,0.122646935,0.054538086,-0.056091633,0.058080092,0.070318334,-0.08596636,0.11980444,0.055562448,-0.053850707,0.056105882,0.096262984,-0.10368253,0.1120573,0.05276269,0.018131591,0.04358366,0.11144883,-0.09485756,0.08101285,0.039779212,0.16504183,0.02222292,0.119821206,-0.064906895,0.028937513
241,0.01637997,0.38671738,0.022195974,0.027265003,0.0019474144,0.073796056,0.021822449,0.14558499,0.054926947,0.040930063,-0.04698903,0.121399045,0.053584088,-0.057156295,0.056982517,0.07061903,-0.08972504,0.118223764,0.054380402,-0.05535935,0.054899544,0.09765956,-0.10774945,0.11045845,0.05150825,0.016935976,0.042306766,0.11351322,-0.09862415,0.079454854,0.038512476,0.16452502,0.02066351,0.12235452,-0.0677064,0.027030222
242,0.015987694,0.38746074,0.02190376,0.028249748,0.004114866,0.073665105,0.021548817,0.14538409,0.054806735,0.041040327,-0.04472055,0.12155984,0.053499255,-0.057871234,0.056888346,0.069860056,-0.087217145,0.11844894,0.054313432,-0.0559606,0.054877624,0.09638708,-0.105159305,0.11078259,0.0514792,0.016933365,0.042229358,0.11198298,-0.09621848,0.07957734,0.038388606,0.16541949,0.020374643,0.1206548,-0.06577264,0.026764613
243,0.015072314,0.38860872,0.021228164,0.029487237,0.002054769,0.07320718,0.020847568,0.14536107,0.05429171,0.042865492,-0.04666451,0.121291324,0.052981928,-0.058687598,0.056319058,0.07189539,-0.08918187,0.11812238,0.053767882,-0.05691959,0.05432958,0.09851252,-0.10708237,0.11049991,0.05098071,0.016160978,0.04169745,0.11424481,-0.0978238,0.07925452,0.037928283,0.16488259,0.0197611,0.12322117,-0.066567466,0.026304929
244,0.014642249,0.3881674,0.020885242,0.025864879,0.0037772493,0.073724344,0.020522898,0.14429915,0.054038014,0.039103057,-0.04552555,0.12180345,0.052682184,-0.059435014,0.056033973,0.068979554,-0.08866985,0.11860111,0.053387403,-0.05747923,0.053989753,0.096363455,-0.10691308,0.11097221,0.050533235,0.015932426,0.041211005,0.11245802,-0.09777209,0.079642914,0.037345227,0.16514835,0.01898717,0.1213974,-0.06672278,0.02664968
245,0.015159317,0.3892475,0.021270653,0.030209512,0.005048905,0.07421119,0.0209217,0.14498533,0.054558836,0.042820457,-0.044073228,0.12253914,0.05329063,-0.0594668,0.056658983,0.07122985,-0.08703088,0.119448744,0.054131173,-0.057460036,0.054755885,0.097567484,-0.105191335,0.11196601,0.051395018,0.01643747,0.04202187,0.11307554,-0.096101195,0.08048671,0.038203936,0.16633907,0.019871116,0.12180789,-0.06518092,0.027214853
246,0.015766459,0.38994855,0.021720596,0.024528917,0.0036247652,0.07477068,0.021366214,0.14561263,0.05511085,0.038123243,-0.04618747,0.12312096,0.05373601,-0.059366807,0.057118937,0.06869659,-0.09009401,0.11989663,0.0544309,-0.05734879,0.0550755,0.09666593,-0.1087701,0.112402484,0.051579602,0.016832411,0.042170916,0.11304917,-0.09961689,0.08093043,0.03828375,0.16716269,0.019897774,0.12209886,-0.06828904,0.027769528
247,0.016485753,0.3901342,0.02224879,0.03038311,8.9924084e-05,0.07539089,0.02184505,0.145689,0.055608317,0.04469284,-0.04911118,0.123826794,0.05428811,-0.059371497,0.057707846,0.07438064,-0.09255824,0.12072842,0.0551582,-0.057296608,0.055809528,0.101479135,-0.110902786,0.1133656,0.052483805,0.016921476,0.04305055,0.11747847,-0.10129795,0.08185281,0.039330605,0.1669178,0.021081915,0.12679718,-0.06889721,0.028753743
248,0.017425388,0.3880107,0.022904182,0.027652463,0.006917123,0.07734264,0.022582052,0.14379004,0.056240935,0.04004868,-0.04284242,0.12567714,0.0549492,-0.059557248,0.058531765,0.069053926,-0.08656585,0.12285009,0.055927984,-0.05669849,0.056703202,0.09600125,-0.10511562,0.115540765,0.053232957,0.018238313,0.043741144,0.11178892,-0.09603834,0.083720066,0.03980118,0.1692356,0.021493882,0.12052089,-0.06506157,0.030557455
249,0.0167901,0.388525,0.022418965,0.026440438,0.0057034856,0.0775869,0.022084134,0.14312382,0.055905532,0.039405443,-0.04427082,0.1260288,0.05457924,-0.060487006,0.058156766,0.06920162,-0.08838217,0.12320239,0.055506866,-0.057541233,0.05632007,0.09673927,-0.107110396,0.11595239,0.05281312,0.017784264,0.043270618,0.11290234,-0.097855784,0.08402299,0.03931585,0.16931519,0.020804573,0.121935144,-0.066260785,0.030708298
250,0.01733271,0.3930876,0.022851197,0.026314512,-0.0013934195,0.07689466,0.022456234,0.14699481,0.05658795,0.041760016,-0.05147939,0.12564217,0.05519894,-0.059844356,0.058676064,0.07352106,-0.0963022,0.12254816,0.055994317,-0.057513684,0.056765586,0.10222835,-0.11528621,0.11539214,0.053300325,0.018156232,0.043717682,0.11913641,-0.10525811,0.08357534,0.03989184,0.17040554,0.021393843,0.12901852,-0.07156508,0.030117353
