Epoch,Layer0_theta_1,Layer0_r,Layer0_theta_2,Layer0_bx,Layer0_bp,Layer0_gamma,Layer1_theta_1,Layer1_r,Layer1_theta_2,Layer1_bx,Layer1_bp,Layer1_gamma,Layer2_theta_1,Layer2_r,Layer2_theta_2,Layer2_bx,Layer2_bp,Layer2_gamma,Layer3_theta_1,Layer3_r,Layer3_theta_2,Layer3_bx,Layer3_bp,Layer3_gamma,Layer4_theta_1,Layer4_r,Layer4_theta_2,Layer4_bx,Layer4_bp,Layer4_gamma,Layer5_theta_1,Layer5_r,Layer5_theta_2,Layer5_bx,Layer5_bp,Layer5_gamma
1,0.066053346,0.072663456,0.06660611,0.055713076,-0.06832978,0.06826661,0.06639016,0.076389045,0.06690214,0.062060453,-0.06864677,0.068254665,0.066665255,0.07226803,0.06704876,0.066938765,-0.06869697,0.068244584,0.0668692,0.07118151,0.06704822,0.07025827,-0.0686423,0.068236366,0.06694214,0.07124148,0.06689484,0.07270784,-0.06850779,0.06823003,0.06686731,0.07335126,0.06666204,0.07409294,-0.067968234,0.06822557
2,0.043977223,0.14363424,0.04521357,0.03427017,-0.08995299,0.045383632,0.044719603,0.12161882,0.04583231,0.049903575,-0.09814603,0.045058716,0.045140915,0.056292795,0.046218205,0.06692122,-0.102906786,0.04491708,0.045606118,0.053312756,0.045973223,0.08055554,-0.10573432,0.044861577,0.045465015,0.05436441,0.04506838,0.08965165,-0.10801515,0.0448876,0.044675406,0.07805461,0.044101514,0.09458353,-0.11382559,0.045059398
3,0.060871348,0.18732862,0.06005135,-0.0017841859,-0.08424085,0.05895143,0.058910042,0.16771308,0.056762766,0.014737142,-0.10077128,0.0565428,0.0551844,0.0683406,0.05620747,0.03666022,-0.11117102,0.055630043,0.054527134,0.06545484,0.054771952,0.05566087,-0.11842377,0.055375963,0.053007055,0.06811405,0.05245372,0.0682943,-0.12571579,0.05576868,0.05061303,0.106008336,0.051136583,0.074594066,-0.14492513,0.057357773
4,0.05214744,0.22307456,0.05572578,-0.038733043,-0.073306285,0.041707147,0.053710986,0.19064167,0.05448701,-0.023222117,-0.09707376,0.04211225,0.051710855,0.06865338,0.053602476,0.0017854501,-0.11210246,0.042229045,0.050546322,0.064275905,0.05063881,0.024759475,-0.123038806,0.0418608,0.04733468,0.070171036,0.045679837,0.04017535,-0.13457842,0.040969398,0.042147078,0.12135308,0.04052281,0.047407955,-0.16559832,0.0440574
5,0.060276095,0.24219328,0.062782116,-0.07005464,-0.093906425,0.041503303,0.060353953,0.20945476,0.06056828,-0.04845487,-0.11908503,0.042011674,0.057180822,0.07640327,0.059191145,-0.01586211,-0.13620421,0.044161927,0.055440493,0.07183129,0.055486474,0.013903463,-0.14899689,0.04657378,0.051511902,0.07880471,0.049764708,0.034029216,-0.16320789,0.048540138,0.045696907,0.13498099,0.044572458,0.044153694,-0.20210084,0.059173677
6,0.054277256,0.25518993,0.059011154,-0.092582226,-0.109329134,0.027872024,0.05630698,0.21475336,0.058168475,-0.06654076,-0.13507041,0.032250524,0.05432673,0.07538161,0.0566054,-0.028376035,-0.15331681,0.037631202,0.05233983,0.07061343,0.0521756,0.006393188,-0.16704412,0.0427123,0.0477205,0.07895124,0.04536834,0.030038895,-0.18260445,0.046773378,0.040952105,0.13894758,0.038633276,0.04241,-0.22593619,0.06300054
7,0.05361751,0.2618021,0.058775302,-0.11169734,-0.113210596,0.019266935,0.055451564,0.217337,0.057556096,-0.08451553,-0.14042865,0.02729591,0.052922145,0.07488422,0.05504465,-0.043265127,-0.15980764,0.0351424,0.049931947,0.07017399,0.049322885,-0.00527372,-0.17430802,0.04228336,0.044023324,0.07941874,0.040959604,0.02069817,-0.19062725,0.04815587,0.03574167,0.14167823,0.0320309,0.034239914,-0.23644741,0.068031624
8,0.057758186,0.264538,0.06168047,-0.12795639,-0.114430904,0.015705807,0.057768278,0.2187065,0.05888294,-0.10115197,-0.14312916,0.02651532,0.053466838,0.075303696,0.055080716,-0.057844896,-0.16365838,0.036476683,0.049111232,0.07119595,0.047856715,-0.017283203,-0.17898822,0.045445293,0.041681517,0.08133102,0.037869826,0.0106840115,-0.19607113,0.053227615,0.031795807,0.14496444,0.026896108,0.025215814,-0.24406838,0.07705978
9,0.05664308,0.26397815,0.06087586,-0.13898116,-0.11908034,0.00708536,0.056754068,0.21549128,0.057442505,-0.111758195,-0.14824069,0.023446593,0.051657338,0.07291769,0.05280455,-0.066231,-0.16932634,0.03610373,0.046412125,0.0696612,0.044533838,-0.023181774,-0.18493186,0.047137324,0.037951827,0.0806245,0.0333963,0.006762937,-0.20213464,0.056853466,0.026996953,0.14463691,0.020823581,0.022634145,-0.25089055,0.08393482
10,0.056217715,0.26205358,0.060482077,-0.1470964,-0.12089849,-0.00023833773,0.05611572,0.21156462,0.056228783,-0.1201848,-0.15059516,0.021176152,0.050070412,0.07025826,0.050740976,-0.073152505,-0.1720393,0.036169466,0.043945063,0.067756966,0.041467533,-0.028243553,-0.18763496,0.048830755,0.03450992,0.07933241,0.029248193,0.0032191689,-0.20447017,0.059873067,0.022547266,0.14329596,0.015150588,0.020108243,-0.25264946,0.08888049
11,0.05826786,0.25978002,0.061786007,-0.1539488,-0.121951215,-0.005287678,0.057181172,0.20830281,0.05632556,-0.12805656,-0.1522456,0.020506252,0.049791306,0.06836221,0.049929403,-0.07984896,-0.17406209,0.037658762,0.042723395,0.06665234,0.039627284,-0.033264745,-0.18965119,0.051750522,0.032283723,0.078795664,0.026337888,-0.00037733,-0.20609011,0.0638969,0.019319056,0.14261326,0.0108631505,0.017471448,-0.25349468,0.094515465
12,0.060056604,0.25739035,0.06290766,-0.15921353,-0.12262674,-0.011321167,0.058113836,0.20527881,0.056410547,-0.13463746,-0.15349607,0.019274052,0.049558032,0.06653474,0.049236536,-0.08548321,-0.17559883,0.03862389,0.04168186,0.06542557,0.038045328,-0.037432764,-0.19108167,0.054101545,0.030378664,0.07796926,0.023821948,-0.0032738103,-0.20700414,0.0671704,0.016546752,0.14149718,0.0071330112,0.015451777,-0.253383,0.09882825
13,0.061237216,0.2551314,0.06361893,-0.16236772,-0.12463719,-0.018068764,0.05880658,0.20285873,0.05645897,-0.1388749,-0.1558181,0.017556889,0.049478035,0.06507747,0.04881159,-0.08880848,-0.17807478,0.039138917,0.041096706,0.06438235,0.037052248,-0.03943888,-0.19339505,0.05605854,0.029246813,0.07715722,0.022224713,-0.004131389,-0.20886368,0.07006685,0.014877912,0.14031285,0.0047610505,0.015470565,-0.25455096,0.10261302
14,0.0624565,0.25330055,0.06437768,-0.16510391,-0.1235544,-0.025109472,0.059376184,0.20101538,0.0565066,-0.14340216,-0.15537775,0.015476981,0.049234636,0.06363767,0.048292734,-0.09293752,-0.17776233,0.03912097,0.040274486,0.06296436,0.035880044,-0.042659037,-0.19279766,0.05725038,0.027801989,0.07573313,0.020321533,-0.006540081,-0.20754269,0.07177601,0.012755162,0.13855357,0.0018106402,0.01358354,-0.25180805,0.104434855
15,0.06505357,0.25167045,0.06616507,-0.16606854,-0.12439453,-0.0303131,0.061161637,0.19957858,0.057587747,-0.14654483,-0.15668774,0.015062588,0.050200887,0.06265915,0.048974708,-0.09562355,-0.17919056,0.040932875,0.04081116,0.06215932,0.03605535,-0.044304617,-0.19401233,0.060385928,0.027851842,0.07508468,0.019891988,-0.00722044,-0.20824774,0.075486176,0.012254761,0.13790251,0.00055135146,0.013633872,-0.25183845,0.1047698
16,0.06737931,0.25008667,0.06777369,-0.16637467,-0.12367923,-0.034279168,0.062696815,0.19799316,0.05850887,-0.14938903,-0.15655766,0.014971245,0.050946634,0.06143943,0.04947511,-0.09828821,-0.1791345,0.042746495,0.04112142,0.061009057,0.036042687,-0.0461752,-0.19367902,0.063232265,0.02767815,0.074031174,0.019259848,-0.00833698,-0.20729986,0.0785898,0.01151112,0.13685896,-0.0009747763,0.013039734,-0.24994095,0.106304154
17,0.0685396,0.24765083,0.06850074,-0.16595879,-0.12419663,-0.038806304,0.06346737,0.19582368,0.058771733,-0.15128487,-0.15753965,0.014265954,0.05115746,0.05998236,0.049457777,-0.099793315,-0.18014386,0.04392427,0.041035492,0.059712168,0.03567576,-0.046762433,-0.19440465,0.06545927,0.027273286,0.07279787,0.018486245,-0.008098297,-0.20748861,0.08119307,0.010759419,0.13534835,-0.0023205907,0.013891511,-0.24941991,0.10911992
18,0.06925774,0.24552965,0.06891893,-0.16625509,-0.123016946,-0.044518948,0.0637913,0.19453953,0.058716286,-0.15388916,-0.15699528,0.012486578,0.050916757,0.05891326,0.049039826,-0.10222984,-0.17964713,0.043853045,0.040428545,0.05845031,0.034853596,-0.048515294,-0.19360077,0.06633803,0.026298065,0.071323305,0.017214352,-0.009238461,-0.2060808,0.082361765,0.009386698,0.13345136,-0.004250795,0.0131344255,-0.24704324,0.11004283
19,0.07292966,0.24324934,0.07151185,-0.1671964,-0.122291826,-0.045808494,0.06627203,0.19298422,0.060224824,-0.15796019,-0.15700452,0.013748953,0.05218532,0.05832798,0.04995438,-0.10603479,-0.17991625,0.04638897,0.041084558,0.05836166,0.035138443,-0.051301867,-0.19383869,0.06944657,0.026356803,0.07146458,0.016905624,-0.011086145,-0.20604445,0.0856209,0.008907938,0.13328335,-0.0051444275,0.011874188,-0.24646324,0.11342965
20,0.073458716,0.24031253,0.07175085,-0.16590922,-0.12380994,-0.050687715,0.066660754,0.19127241,0.060148392,-0.15876178,-0.15892892,0.012620513,0.052185662,0.057430606,0.049757056,-0.10631662,-0.18184908,0.04690836,0.040944535,0.05760024,0.03480152,-0.05066514,-0.19554141,0.07092677,0.026099386,0.07060946,0.01644451,-0.009678062,-0.20740546,0.0875839,0.008579636,0.13186406,-0.0057359505,0.013859552,-0.24755494,0.11560444
21,0.074890584,0.23885109,0.072748415,-0.16592664,-0.122149274,-0.054787923,0.06753725,0.19120185,0.06055514,-0.16119282,-0.15792099,0.0115657905,0.05238317,0.057286568,0.049792457,-0.10874165,-0.18091924,0.047089238,0.04077086,0.05715743,0.034466736,-0.052612197,-0.19442238,0.07175996,0.02558751,0.06984891,0.015733788,-0.011205456,-0.20590097,0.08856967,0.007729206,0.13074942,-0.0069528366,0.012534195,-0.24537274,0.11619826
22,0.07637384,0.23703454,0.0737581,-0.16572767,-0.11945376,-0.058117416,0.068365894,0.19050665,0.060864255,-0.16372882,-0.15596288,0.010930077,0.05241824,0.056745745,0.049638923,-0.11138923,-0.17901736,0.04749923,0.04035614,0.056405544,0.033865344,-0.054868344,-0.19229963,0.07261872,0.024769608,0.06883175,0.014694181,-0.013123526,-0.2033446,0.08939621,0.006513925,0.12936379,-0.008574436,0.0107255215,-0.2420173,0.11644624
23,0.07578024,0.23451123,0.073172614,-0.16265883,-0.120736316,-0.063365124,0.06799389,0.1895735,0.060253967,-0.16243714,-0.15753768,0.009230285,0.05199051,0.056139402,0.049120598,-0.10976508,-0.18042026,0.047268827,0.040012393,0.055519395,0.033458512,-0.05274765,-0.19337095,0.073276125,0.024554458,0.06757043,0.014387331,-0.010651278,-0.20408635,0.09044714,0.0064313686,0.12765114,-0.008861812,0.013475728,-0.24265645,0.11734652
24,0.078916304,0.23376879,0.07552818,-0.16255105,-0.11798945,-0.06429402,0.07014509,0.18986936,0.06165294,-0.16536033,-0.15551156,0.0101010315,0.053075727,0.056427345,0.04998248,-0.11292472,-0.17852528,0.048887677,0.040568292,0.05570359,0.03380662,-0.055567946,-0.19141206,0.07513718,0.024636462,0.0676023,0.01424502,-0.013146941,-0.20192058,0.092150286,0.006054902,0.12759887,-0.009577527,0.011065114,-0.23998645,0.11847289
25,0.08029035,0.23181954,0.076472685,-0.16023299,-0.11900739,-0.06730146,0.07123325,0.1898092,0.06216358,-0.16525847,-0.15692946,0.009812704,0.05368483,0.056751814,0.05041824,-0.112520985,-0.17991495,0.049785007,0.041089047,0.05597094,0.034203302,-0.054578558,-0.19265208,0.07670906,0.025130669,0.06760221,0.014640813,-0.0117183635,-0.20304793,0.094037086,0.006573941,0.12721525,-0.009148924,0.012779519,-0.24121268,0.12039848
26,0.08154859,0.2304486,0.07736557,-0.15868625,-0.117817104,-0.06994549,0.07209834,0.19008929,0.062522374,-0.16588132,-0.15623079,0.009353858,0.053958286,0.057069574,0.050542153,-0.113154165,-0.17918287,0.05016089,0.041137017,0.056013368,0.03415003,-0.05496748,-0.19175704,0.07748972,0.025030429,0.06726026,0.014450863,-0.0119569115,-0.20198004,0.09489146,0.0063597616,0.12653914,-0.009517549,0.0125559755,-0.23994818,0.12094895
27,0.08270156,0.22870873,0.078155585,-0.15690665,-0.115307495,-0.071465276,0.07278421,0.18924117,0.06267903,-0.1665208,-0.15425403,0.009476841,0.053942863,0.05664737,0.050347894,-0.1139498,-0.17712814,0.050803706,0.04079999,0.055508584,0.033676494,-0.055662204,-0.18950707,0.07822413,0.024463633,0.06651422,0.013762457,-0.01263325,-0.19951402,0.09543941,0.00560845,0.125469,-0.010472519,0.011766295,-0.23714697,0.120980725
28,0.08401933,0.22701421,0.079081655,-0.15424085,-0.11638937,-0.073234424,0.073866665,0.18921053,0.0631676,-0.16570151,-0.15560994,0.009642045,0.05456646,0.057134982,0.050796412,-0.112839065,-0.17840646,0.051780332,0.041377082,0.056039788,0.03414889,-0.054127093,-0.19067006,0.07964389,0.025074795,0.06681155,0.014326367,-0.010829306,-0.20067999,0.0970859,0.006327619,0.12540871,-0.009732282,0.013730929,-0.2386013,0.12273147
29,0.08520317,0.22607465,0.07995124,-0.15217707,-0.11348534,-0.074854195,0.074619964,0.1895075,0.06342539,-0.16576748,-0.15318932,0.009566772,0.054653253,0.05735102,0.050748203,-0.113189444,-0.17584385,0.052157562,0.04119448,0.055859484,0.03389091,-0.054644518,-0.18788941,0.08010827,0.024728736,0.06618542,0.01390467,-0.011585305,-0.19771712,0.09733327,0.005833654,0.12459504,-0.010418688,0.012667914,-0.23537262,0.12229704
30,0.085072435,0.22492112,0.079791635,-0.1487138,-0.11109884,-0.077417426,0.07444162,0.18938364,0.06298742,-0.16414669,-0.15116282,0.008855477,0.054168105,0.05704582,0.05020286,-0.111869015,-0.173527,0.052029803,0.0406397,0.05497909,0.033325978,-0.053642143,-0.18522538,0.080175415,0.024198087,0.064801194,0.013316867,-0.010974407,-0.19478092,0.09719986,0.005293415,0.12312,-0.011215614,0.012913467,-0.23221356,0.12131597
31,0.08488546,0.22416012,0.07960823,-0.14495887,-0.10916634,-0.08091256,0.07427974,0.19037741,0.062608644,-0.16204132,-0.1495838,0.007602863,0.053799782,0.057359554,0.04981849,-0.11006248,-0.17162687,0.051590487,0.040296428,0.054379333,0.033026394,-0.052222323,-0.18293127,0.080152094,0.023970911,0.06347474,0.013062227,-0.010018229,-0.19219197,0.09709577,0.0051139113,0.12176262,-0.011659726,0.013465234,-0.22946814,0.120324545
32,0.087339036,0.2236938,0.08153813,-0.1407886,-0.10772652,-0.080095895,0.076238565,0.1899285,0.0638384,-0.16116509,-0.14856155,0.0096137,0.05499267,0.05719956,0.05081837,-0.10949886,-0.1704509,0.054094892,0.041273516,0.054226927,0.03386253,-0.051634632,-0.18161575,0.08271881,0.024821758,0.0633114,0.013730998,-0.009442873,-0.19083437,0.09932274,0.0058148587,0.12193374,-0.011277872,0.013961645,-0.22819582,0.12169841
33,0.08888822,0.22271812,0.08272646,-0.13645133,-0.10744356,-0.08059149,0.07753741,0.1896463,0.06453611,-0.15956342,-0.1486097,0.010655778,0.05577052,0.057209723,0.051439777,-0.10797327,-0.17030214,0.055793345,0.041982155,0.05414355,0.034478944,-0.049989276,-0.18127322,0.08466971,0.025550548,0.06306346,0.014343817,-0.0077803233,-0.1904193,0.101151094,0.00655377,0.12179014,-0.010753745,0.015589007,-0.22792995,0.12294251
34,0.09058614,0.22286081,0.084097244,-0.13386273,-0.10594145,-0.082371965,0.07888448,0.1917771,0.065345906,-0.15913399,-0.14753628,0.010533267,0.05652018,0.058567993,0.05209095,-0.10780229,-0.16909978,0.056356136,0.04258663,0.05474625,0.03506664,-0.049962945,-0.17990237,0.0855924,0.026111737,0.06302885,0.014856251,-0.00795748,-0.18897752,0.10202906,0.0070388652,0.12181275,-0.010460143,0.015174859,-0.22649892,0.12318155
35,0.09118789,0.2214993,0.084506765,-0.13011876,-0.10476433,-0.08445297,0.07934314,0.19192705,0.06532876,-0.15771087,-0.1467535,0.010226645,0.056523573,0.058741625,0.051967558,-0.106481776,-0.16810007,0.05673956,0.04250455,0.054498494,0.03493395,-0.048675578,-0.17863977,0.08628647,0.026052412,0.062313817,0.014735722,-0.006827127,-0.1875625,0.10267509,0.0070055327,0.12092922,-0.010672239,0.016119378,-0.2250927,0.12330014
36,0.0912059,0.22091834,0.084494136,-0.12710181,-0.10188899,-0.08738829,0.07927228,0.19326413,0.06498403,-0.15632407,-0.14429115,0.009022268,0.056087356,0.05931012,0.0514944,-0.1054928,-0.16537672,0.056120418,0.041980486,0.0541016,0.03444174,-0.048201516,-0.1756023,0.08592365,0.02554771,0.061149947,0.014212012,-0.006929477,-0.18432221,0.102165855,0.006471064,0.11970792,-0.011437629,0.015513594,-0.22172563,0.12199232
37,0.09184326,0.22030638,0.0849783,-0.12392459,-0.101045385,-0.08990349,0.07980542,0.19487678,0.065098934,-0.15481393,-0.14377497,0.008259728,0.056244176,0.06038954,0.05157354,-0.10407162,-0.16464692,0.056072496,0.042117327,0.054448705,0.034587856,-0.04693285,-0.17462349,0.086277805,0.025768839,0.060818445,0.0144267315,-0.005933991,-0.18323147,0.102567784,0.006760233,0.11925246,-0.011264739,0.016249964,-0.22070663,0.121948965
38,0.09405366,0.21948878,0.086717814,-0.12100709,-0.09958511,-0.089153565,0.081526704,0.19441563,0.06606939,-0.15487169,-0.14274994,0.009789961,0.057130277,0.06048575,0.052225664,-0.104275264,-0.16355656,0.057879787,0.04270355,0.054714717,0.03501849,-0.046983708,-0.17347555,0.088058546,0.02617227,0.061046466,0.014708119,-0.0059129796,-0.18212387,0.104118064,0.0070353644,0.11945928,-0.0111314505,0.016222939,-0.21970344,0.123072706
39,0.0956955,0.21770044,0.08795324,-0.116563216,-0.10072694,-0.08950654,0.08293143,0.19356892,0.066712976,-0.15361647,-0.14424068,0.010874191,0.05792811,0.060534656,0.05277714,-0.10274765,-0.16490942,0.059638985,0.04340057,0.05504288,0.035565965,-0.044883806,-0.17468157,0.090125,0.026882539,0.061315723,0.015316466,-0.003439774,-0.18330345,0.10624401,0.007830414,0.11950363,-0.010413829,0.018914012,-0.22110137,0.12508121
40,0.09591793,0.21741198,0.088132314,-0.11356432,-0.09693146,-0.09233683,0.08301338,0.19515926,0.06646197,-0.15284202,-0.14099662,0.009712941,0.057501636,0.06109874,0.052298,-0.10257499,-0.16144492,0.059088048,0.04278974,0.05448427,0.034973957,-0.04529982,-0.17092226,0.08982136,0.026206978,0.059962314,0.0145848235,-0.0044552768,-0.17934878,0.1057123,0.007021468,0.11823762,-0.011552049,0.01737122,-0.21697472,0.123588756
41,0.095700786,0.2170983,0.08795429,-0.109724335,-0.094632246,-0.096397534,0.082841896,0.19763689,0.06606169,-0.15110257,-0.13919552,0.0078932755,0.057071246,0.062156707,0.051875778,-0.10126344,-0.15936838,0.05821256,0.042362034,0.05413079,0.03462683,-0.044473574,-0.16848068,0.08948126,0.025880482,0.058637332,0.014233753,-0.0041744336,-0.17665473,0.10533814,0.0066879736,0.11702684,-0.012207244,0.017206283,-0.2141758,0.122351624
42,0.09686918,0.21645762,0.0888938,-0.10505103,-0.093695685,-0.09816195,0.08385432,0.1986896,0.06648127,-0.14957152,-0.13873649,0.007892933,0.057527963,0.06282222,0.052192308,-0.09993274,-0.1586891,0.05901969,0.04272511,0.05417759,0.03494581,-0.043152817,-0.16753884,0.090688206,0.026271954,0.05817659,0.014534918,-0.0029753314,-0.17558046,0.10647217,0.0070723444,0.11667332,-0.012088083,0.018256882,-0.21316604,0.12282108
43,0.09881168,0.21588695,0.0904736,-0.10107568,-0.0929269,-0.09935722,0.08548165,0.20003243,0.06736199,-0.14900498,-0.1385019,0.008282705,0.058407474,0.06392178,0.052876968,-0.09951104,-0.15834467,0.060168635,0.043413144,0.054818016,0.035552997,-0.042564716,-0.16703068,0.09222004,0.026905997,0.058335688,0.015079671,-0.0023274168,-0.17501596,0.107981,0.007655882,0.116814084,-0.011698616,0.018865773,-0.21269388,0.12384536
44,0.100544296,0.21452442,0.091829754,-0.097191155,-0.09076744,-0.09901244,0.08682694,0.19895433,0.06792659,-0.14886041,-0.13689463,0.009493462,0.05886564,0.063588694,0.053062387,-0.09961578,-0.15665622,0.06169125,0.043520905,0.054662906,0.03548595,-0.04254415,-0.16524823,0.093722336,0.026814636,0.058117617,0.014850922,-0.0022685307,-0.1732419,0.10922699,0.007431905,0.11648975,-0.012116734,0.018845987,-0.21099609,0.12459762
45,0.10192153,0.21225694,0.09283814,-0.0928892,-0.090216875,-0.0993494,0.08790594,0.19744872,0.06822011,-0.14859112,-0.13689785,0.010380586,0.059167415,0.063166186,0.053066786,-0.09925838,-0.15658668,0.063096754,0.04354262,0.054587048,0.035316348,-0.04164182,-0.16505991,0.09527592,0.026702847,0.05799781,0.014617255,-0.0010014839,-0.17301932,0.110722825,0.00729267,0.11598753,-0.0123718865,0.020272745,-0.21086289,0.12591262
46,0.10132683,0.20992704,0.09220936,-0.08872011,-0.08726616,-0.101845324,0.08728541,0.19657664,0.06720783,-0.14733732,-0.13449316,0.009424836,0.058070477,0.06252227,0.051819243,-0.0982808,-0.15396497,0.06265641,0.042254582,0.053495273,0.033953823,-0.040881593,-0.16216795,0.09496911,0.025359455,0.056436684,0.013203954,-0.0005775376,-0.16997363,0.11026023,0.0059267743,0.114102505,-0.0139520215,0.0203746,-0.20776752,0.12494228
47,0.103020504,0.20957705,0.09360629,-0.086493865,-0.08599086,-0.10373644,0.08866427,0.19921467,0.06793717,-0.14763372,-0.1337736,0.0090004625,0.058726903,0.06445967,0.052321877,-0.09872412,-0.15321492,0.06292529,0.042694643,0.054638337,0.034361314,-0.041287106,-0.16131128,0.09563332,0.025723288,0.056799933,0.0135504715,-0.0010330405,-0.16911253,0.11099884,0.006232865,0.114227176,-0.013724804,0.019783998,-0.20698163,0.12540439
48,0.10473611,0.20811497,0.094958104,-0.08273014,-0.086756736,-0.10468044,0.09011104,0.19979966,0.06859941,-0.14713627,-0.1349891,0.0094186235,0.059482306,0.06548322,0.052825496,-0.09796343,-0.15435687,0.06401576,0.043283537,0.055618558,0.034832835,-0.03994062,-0.16234578,0.097083606,0.026292399,0.057409603,0.01407294,0.0006766299,-0.17016213,0.11259039,0.0068701026,0.11441727,-0.013092976,0.02165797,-0.2082329,0.12700367
49,0.10643923,0.20730929,0.09635435,-0.07903754,-0.08555414,-0.10492083,0.091528766,0.20000915,0.069295734,-0.14709376,-0.13430294,0.010198563,0.060125228,0.06593191,0.053237844,-0.098079465,-0.15361798,0.06524401,0.043655246,0.05596787,0.035082422,-0.039821453,-0.16154736,0.0984597,0.026536418,0.057523362,0.014218263,0.0009387281,-0.16940223,0.113852285,0.0070293685,0.11446393,-0.013091267,0.02193043,-0.20760149,0.12789391
50,0.1061055,0.20562558,0.09600057,-0.07435869,-0.083118856,-0.10691648,0.09121534,0.19903094,0.06863362,-0.14644371,-0.13249394,0.009751532,0.05938189,0.06496605,0.05236207,-0.09780394,-0.15166953,0.06540696,0.042722013,0.054631926,0.034062512,-0.039520517,-0.15939413,0.098804794,0.025513727,0.05597913,0.013057578,0.0012067216,-0.16709617,0.11399241,0.005900221,0.1129891,-0.0145742465,0.022116208,-0.20521681,0.12738302
51,0.106359206,0.20479456,0.09618492,-0.070761696,-0.08099929,-0.10873549,0.09141416,0.19972925,0.06845002,-0.14579634,-0.1308764,0.009269968,0.059122004,0.06523531,0.051999655,-0.0974818,-0.14992481,0.06546258,0.04230689,0.05427297,0.03361465,-0.039338242,-0.15750073,0.09905912,0.025053475,0.05516787,0.012529013,0.0011892233,-0.16516031,0.1141134,0.005375491,0.11221007,-0.0153254345,0.02189264,-0.2033274,0.12698598
52,0.106670804,0.2043508,0.09643423,-0.067110255,-0.07991768,-0.110732965,0.09171351,0.20163988,0.06835498,-0.14364757,-0.13004921,0.00852498,0.05907162,0.066502415,0.05188042,-0.095446855,-0.14884748,0.06524298,0.042256247,0.05468676,0.033598676,-0.03763439,-0.1562262,0.09910454,0.025127053,0.05486712,0.012619525,0.0024106107,-0.16390543,0.11413912,0.005550744,0.11185618,-0.015229702,0.022719804,-0.20232084,0.1266574
53,0.10891103,0.20431952,0.09834314,-0.064740926,-0.07880534,-0.11094013,0.09360357,0.20351607,0.06950434,-0.14415362,-0.12941723,0.009187129,0.060137562,0.0681394,0.052739173,-0.09609405,-0.1482191,0.06630863,0.043042865,0.05596226,0.034307785,-0.03813572,-0.15560512,0.10033674,0.025788363,0.05567451,0.013243996,0.0019769322,-0.1634223,0.115323246,0.006134616,0.11252101,-0.014686649,0.022222605,-0.20204097,0.12761052
54,0.10995221,0.20301291,0.09916457,-0.060590103,-0.0795012,-0.11250225,0.094521485,0.2044479,0.06980353,-0.14336193,-0.13054787,0.009115131,0.060539592,0.06912551,0.05294739,-0.09508994,-0.14924023,0.06695245,0.04334456,0.056656197,0.03453906,-0.036607485,-0.15649699,0.10136119,0.02612392,0.055931922,0.013546026,0.0038055885,-0.16431439,0.116471015,0.006557115,0.112462856,-0.014309139,0.024175754,-0.20312387,0.12870112
55,0.11068339,0.20206036,0.099741,-0.057999942,-0.075827934,-0.11298767,0.09504786,0.20402896,0.069829985,-0.14432985,-0.1275159,0.00937855,0.060324404,0.06881061,0.052541252,-0.09659247,-0.14624102,0.06741293,0.042737413,0.056151967,0.033810057,-0.038237855,-0.15351799,0.10173731,0.02525985,0.055248745,0.012575676,0.0020838769,-0.16142082,0.11656897,0.005480711,0.111736104,-0.01559607,0.022296472,-0.20025735,0.1283122
56,0.111077994,0.19986857,0.09995227,-0.05355249,-0.07631819,-0.11452201,0.095363624,0.2035154,0.06959495,-0.14356399,-0.12846677,0.0092529245,0.06018885,0.068883315,0.052187227,-0.0955562,-0.14708741,0.06790126,0.042478297,0.056243427,0.03343979,-0.036565524,-0.15424109,0.10250354,0.02500545,0.055093665,0.01227348,0.004147247,-0.16213396,0.117435046,0.0053227646,0.11111143,-0.015788548,0.024543008,-0.20114177,0.12921144
57,0.11098164,0.19865629,0.099802144,-0.05087716,-0.07311049,-0.116714865,0.09520386,0.20444651,0.06905255,-0.14336672,-0.12579615,0.008239324,0.05948924,0.069365665,0.051369656,-0.09575407,-0.1443338,0.067322046,0.04154471,0.055974048,0.032474536,-0.037081745,-0.15137586,0.1020606,0.02397878,0.054196294,0.011220388,0.0032731225,-0.15928812,0.11688053,0.0042264713,0.10998379,-0.017021937,0.023334863,-0.19835757,0.1282806
58,0.112627834,0.19794212,0.101188615,-0.047318272,-0.0727484,-0.116905205,0.096627474,0.20499843,0.069752775,-0.14336506,-0.12588415,0.0089353705,0.060182806,0.070160486,0.051819284,-0.09574254,-0.14438191,0.06843149,0.041991,0.056698404,0.032807894,-0.036657024,-0.15141058,0.10332705,0.024334397,0.054659758,0.011516364,0.0039684963,-0.15943925,0.118114404,0.004563637,0.11025595,-0.016744124,0.024117816,-0.19873321,0.12935728
59,0.11395314,0.19648366,0.10225497,-0.043259855,-0.07332897,-0.11733646,0.09776665,0.20476967,0.0702038,-0.1434527,-0.12693238,0.009589838,0.060690332,0.07053694,0.052064117,-0.0956126,-0.14541037,0.06957487,0.042282406,0.057252485,0.032959692,-0.035757855,-0.15243942,0.104664564,0.02455252,0.05508565,0.011669951,0.0054308884,-0.16057257,0.11950046,0.004811263,0.11032337,-0.016522916,0.02586672,-0.20009099,0.1307676
60,0.11363122,0.19564557,0.10193465,-0.040550895,-0.069927625,-0.12013538,0.09744773,0.2067141,0.06959247,-0.14286183,-0.12404642,0.008138523,0.059925083,0.07148023,0.051245786,-0.09550303,-0.14241502,0.068656504,0.041353617,0.057059225,0.03205939,-0.036167026,-0.14932057,0.10396043,0.023593951,0.0540805,0.010707738,0.004484369,-0.15748744,0.11869649,0.0038005956,0.109211326,-0.017690001,0.024476543,-0.19710971,0.12951751
61,0.11454453,0.19496067,0.10270429,-0.036897227,-0.06855287,-0.12080307,0.098252185,0.2070625,0.06985903,-0.14276895,-0.123162515,0.008422731,0.060131673,0.07180344,0.051269177,-0.09560724,-0.14148322,0.0693384,0.04133118,0.05714088,0.03194925,-0.0360774,-0.14836115,0.104752935,0.023476938,0.053923845,0.010517015,0.004685405,-0.15661982,0.11936987,0.0036254218,0.109026976,-0.01800652,0.024668032,-0.19642177,0.12987812
62,0.11661764,0.19478977,0.10452079,-0.032501746,-0.0680966,-0.11973419,0.10010802,0.20692718,0.070910096,-0.14190872,-0.12306895,0.00995985,0.06119387,0.07223092,0.052051704,-0.09479098,-0.1412769,0.07109428,0.04213707,0.057773456,0.032614887,-0.034953956,-0.14812817,0.10651281,0.024198627,0.054526653,0.011147462,0.0059601595,-0.15654033,0.120953105,0.0043301135,0.1096755,-0.017398514,0.025948862,-0.19667052,0.13114783
63,0.116889015,0.19360079,0.10470651,-0.027974207,-0.067608796,-0.12096458,0.100369155,0.2069171,0.07072061,-0.14069508,-0.12298362,0.009849833,0.06105144,0.072314166,0.051750623,-0.09357955,-0.14104405,0.071477205,0.041890938,0.05761207,0.03230189,-0.033488426,-0.14777769,0.10708658,0.023969112,0.05411195,0.010859222,0.007502387,-0.15621307,0.12148255,0.004146115,0.10916899,-0.017711464,0.027476117,-0.19654088,0.1314414
64,0.11676795,0.19326311,0.104591355,-0.02583117,-0.06521384,-0.123460434,0.10026897,0.20936841,0.07039208,-0.14061363,-0.12102269,0.008578808,0.06060428,0.07357467,0.05128452,-0.09388548,-0.13904203,0.07072534,0.041331697,0.05775351,0.03179503,-0.034108825,-0.14575487,0.106571525,0.023405328,0.053507864,0.010308532,0.0065625473,-0.15430942,0.12092954,0.0035435315,0.10853039,-0.018426053,0.026252227,-0.1947959,0.13058147
65,0.117279075,0.19200085,0.104970515,-0.02265622,-0.06396739,-0.124917366,0.1006865,0.2099629,0.07033138,-0.14127076,-0.120346375,0.008289271,0.060472578,0.074052475,0.050976735,-0.09466943,-0.13839315,0.07093056,0.040960696,0.05788231,0.03134489,-0.034520112,-0.1451265,0.10696219,0.022927994,0.05327344,0.009785544,0.006435099,-0.15378919,0.12131092,0.0030192328,0.10801493,-0.019035956,0.026223619,-0.19441085,0.13083969
66,0.119582646,0.1911251,0.106953874,-0.018778747,-0.06550991,-0.12458199,0.102710225,0.21034151,0.071511246,-0.14224416,-0.122395284,0.009561404,0.06172411,0.07504903,0.051907234,-0.09531654,-0.14049676,0.072673276,0.041935027,0.059197906,0.032157198,-0.034039672,-0.14731255,0.10891355,0.023787985,0.05449765,0.0105846785,0.007823862,-0.1561448,0.12335226,0.003891775,0.10884488,-0.018136397,0.028102454,-0.19702382,0.13301133
67,0.12015574,0.19124681,0.107498,-0.014979692,-0.06335732,-0.1255938,0.10329663,0.21152924,0.071719564,-0.14187004,-0.120705105,0.009531787,0.0618307,0.07551473,0.051926,-0.09541451,-0.13874646,0.07305489,0.041873727,0.059008863,0.032079738,-0.03427505,-0.1455729,0.109403916,0.023675563,0.053993467,0.0103982305,0.007455962,-0.15454915,0.12363565,0.0036841028,0.10867763,-0.018578922,0.027589697,-0.19564053,0.13276924
68,0.11887483,0.19011362,0.106332816,-0.010679289,-0.0609872,-0.12870382,0.10221544,0.21236579,0.07060625,-0.14086932,-0.11884579,0.008009392,0.060653992,0.07532976,0.050771106,-0.09484232,-0.13676633,0.07218878,0.04067667,0.057830136,0.030919047,-0.033898853,-0.14348647,0.10878214,0.022520386,0.052366603,0.009186252,0.0075990334,-0.15247111,0.12289324,0.0024991785,0.10727186,-0.020040758,0.027543964,-0.19367868,0.1315474
69,0.11976043,0.18994215,0.10713294,-0.007019076,-0.059932064,-0.12953359,0.10306143,0.21360418,0.07097122,-0.14044407,-0.11820445,0.008119788,0.06098674,0.07615779,0.050965633,-0.094606526,-0.1360571,0.072728544,0.040850297,0.05819161,0.031054096,-0.033542816,-0.14276043,0.109476134,0.022665493,0.05239065,0.009283619,0.007988391,-0.15188071,0.123489074,0.0026198777,0.10738194,-0.020045778,0.02787807,-0.19334283,0.13184108
70,0.12137533,0.18939789,0.108545996,-0.0034405254,-0.05931829,-0.12931912,0.10450106,0.21381478,0.07172209,-0.141197,-0.11808973,0.009055738,0.06168505,0.0766917,0.05139938,-0.095412575,-0.13597633,0.07396302,0.04123508,0.058824033,0.031302556,-0.03377284,-0.14276461,0.1107566,0.022897972,0.05293026,0.009444006,0.008219999,-0.15209083,0.12467681,0.002789689,0.107774295,-0.0199349,0.02830694,-0.19380784,0.13289993
71,0.12149005,0.18774304,0.10855954,0.00051828707,-0.058737736,-0.13037787,0.10458098,0.21324869,0.071388386,-0.14123206,-0.11794475,0.009009821,0.061346028,0.07650867,0.050869763,-0.095391266,-0.13580875,0.074283786,0.04070594,0.05866991,0.030667845,-0.03319656,-0.14263898,0.11115041,0.022300432,0.052665696,0.008799327,0.009179714,-0.15213014,0.12504575,0.0022143782,0.10719853,-0.020552654,0.029430244,-0.19408876,0.13326517
72,0.1221679,0.18717413,0.10913112,0.002615129,-0.0562822,-0.13112743,0.10517618,0.21428159,0.071537174,-0.14182831,-0.115939945,0.008939858,0.06133584,0.07728487,0.05070851,-0.096310325,-0.13384315,0.074431844,0.04041716,0.05902675,0.030324573,-0.0341803,-0.14077242,0.11129976,0.021881342,0.052628234,0.008363951,0.008125755,-0.15050729,0.12507677,0.0017210259,0.10696691,-0.021079917,0.028234825,-0.19270091,0.1331204
73,0.12338341,0.18636698,0.11016665,0.005885204,-0.057212338,-0.13178718,0.10624024,0.21555503,0.07202337,-0.14124177,-0.11712318,0.009145157,0.06191459,0.078664936,0.05109201,-0.09541305,-0.13494542,0.075056925,0.04088693,0.060226776,0.03074254,-0.032715157,-0.14187215,0.11213204,0.022390364,0.05342213,0.008894288,0.009909999,-0.1517933,0.12601422,0.0023534743,0.107340395,-0.020354295,0.030118551,-0.19435535,0.13420019
74,0.12341849,0.1852605,0.1101378,0.008407047,-0.053943403,-0.13294387,0.10626203,0.21575525,0.071689166,-0.14210473,-0.114434525,0.008791213,0.061373945,0.0786933,0.050405424,-0.096734524,-0.1323258,0.07493368,0.040031392,0.059874687,0.029810032,-0.03411215,-0.13935044,0.11197733,0.021357289,0.052772094,0.007814832,0.00847741,-0.14947563,0.12569451,0.0012038369,0.106502,-0.021603152,0.028576648,-0.19219373,0.13363734
75,0.12441912,0.1842106,0.11097613,0.012398292,-0.054681722,-0.13321322,0.10713953,0.21578722,0.07202457,-0.14160252,-0.115467496,0.009320891,0.061791062,0.07919509,0.05060553,-0.095961936,-0.13328877,0.0757959,0.04030781,0.060508322,0.029991021,-0.032640617,-0.14034565,0.11293814,0.021630011,0.053276967,0.008068449,0.010401148,-0.15068392,0.12667811,0.0015714685,0.10667695,-0.02119307,0.030686915,-0.19379006,0.13471277
76,0.12496979,0.1832988,0.11142744,0.015996048,-0.053184796,-0.13273263,0.10764275,0.2141974,0.07214187,-0.14221515,-0.114383094,0.010270852,0.06180979,0.07829379,0.05042338,-0.096749544,-0.13225922,0.07677017,0.040045388,0.060045503,0.029580772,-0.03295851,-0.1395067,0.11370883,0.021195678,0.05309576,0.0075445673,0.010492914,-0.15015142,0.1272276,0.0010611181,0.106459066,-0.021783013,0.030956106,-0.19357465,0.13512215
77,0.12424276,0.18322134,0.11078453,0.018215114,-0.051341422,-0.1348587,0.10706075,0.21640232,0.07158912,-0.1401765,-0.112619184,0.009061845,0.061229944,0.07930936,0.049939543,-0.09497063,-0.13031274,0.075913236,0.03956817,0.059981573,0.029223084,-0.031809013,-0.13751268,0.112974115,0.02087931,0.052439075,0.007275569,0.010951774,-0.14835131,0.12640698,0.00082983344,0.10598126,-0.0220733,0.03091857,-0.19214052,0.13403462
78,0.12476456,0.18244599,0.111221716,0.020780204,-0.051501844,-0.13692169,0.1075231,0.21877784,0.07173492,-0.1408526,-0.11323458,0.00840482,0.061388392,0.080863334,0.05002472,-0.09555704,-0.13094513,0.07592164,0.03965326,0.060820937,0.029320383,-0.03184248,-0.13817859,0.113301076,0.020983001,0.05273231,0.007396439,0.011325711,-0.1491772,0.12683925,0.0009686388,0.10602757,-0.021931743,0.0314582,-0.19319953,0.1345082
79,0.12628314,0.18284044,0.112632014,0.02330819,-0.0500492,-0.13553828,0.10896192,0.21815391,0.0727133,-0.14251263,-0.112182826,0.009976061,0.06221455,0.080599345,0.05065169,-0.09752448,-0.13004568,0.07742258,0.040141236,0.060969375,0.029668216,-0.03334074,-0.13757917,0.11456376,0.021239955,0.053210024,0.0075527076,0.010342875,-0.14895156,0.1278344,0.0010582225,0.10673927,-0.021940175,0.030731833,-0.19327755,0.13528413
80,0.12663554,0.18163952,0.11290219,0.02751905,-0.050931536,-0.13626516,0.10927339,0.2175691,0.07270406,-0.1435295,-0.11347276,0.010343975,0.062254906,0.08031778,0.050526,-0.098305635,-0.13140276,0.07817903,0.040043455,0.06095318,0.02945984,-0.03296971,-0.13913208,0.1153785,0.021075483,0.05335818,0.007327416,0.011665369,-0.15078813,0.12864913,0.00091088895,0.1067384,-0.022119785,0.032576744,-0.19545534,0.136227
81,0.12595794,0.18085699,0.112264,0.030586107,-0.048261054,-0.13755485,0.10872525,0.21748799,0.072066896,-0.14334306,-0.11117089,0.009860738,0.06148096,0.079880044,0.049716424,-0.098505005,-0.12909126,0.07789154,0.03913144,0.06013604,0.028523706,-0.033296198,-0.13693741,0.115015015,0.020102652,0.052431107,0.006310418,0.011215841,-0.1488566,0.12808242,-0.00011572009,0.105935745,-0.02327703,0.03198779,-0.19381376,0.13538922
82,0.12697649,0.18157554,0.113244474,0.032970365,-0.04800529,-0.13745391,0.1097227,0.21902646,0.07278612,-0.14256394,-0.11097068,0.010422429,0.06220198,0.080963105,0.050392848,-0.097767994,-0.12882033,0.07859332,0.039821196,0.0609039,0.029235832,-0.032502573,-0.13680983,0.115691386,0.020848434,0.053025376,0.0070670843,0.011966226,-0.14909258,0.12864085,0.00067481573,0.10673748,-0.022480983,0.032632228,-0.19453591,0.13582222
83,0.12779291,0.18195255,0.11402088,0.035853896,-0.047753047,-0.13754156,0.11052382,0.22024068,0.07328858,-0.14117938,-0.11077618,0.010823269,0.06273134,0.0818666,0.05086141,-0.0963798,-0.12849513,0.0791717,0.04033118,0.061500754,0.029760348,-0.031091215,-0.13654497,0.11627353,0.021437502,0.05341744,0.007664321,0.013251065,-0.149127,0.12911592,0.0013409439,0.10726998,-0.02181731,0.033755425,-0.1950454,0.13615963
84,0.12663835,0.1810091,0.11294222,0.03869207,-0.045251388,-0.13928406,0.109543964,0.22016023,0.072402,-0.14114198,-0.108637676,0.01002977,0.061719567,0.081228845,0.049885392,-0.09674023,-0.12636745,0.07862982,0.03925725,0.060397446,0.028693795,-0.031551298,-0.13454944,0.11568566,0.020333229,0.05223113,0.0065216087,0.012718915,-0.14737739,0.12834942,0.00018697913,0.106243804,-0.02311623,0.03313237,-0.19354185,0.13514452
85,0.12750234,0.18114111,0.11375205,0.040953368,-0.045675285,-0.14035434,0.110359594,0.22248201,0.07295942,-0.14162818,-0.10933672,0.009953159,0.062293056,0.08270161,0.050425656,-0.09718764,-0.12708339,0.07902324,0.039800707,0.06128051,0.029271943,-0.031511895,-0.13537528,0.11627738,0.020917535,0.052747834,0.0071226577,0.013139064,-0.14845628,0.12896611,0.00079976826,0.10675873,-0.022501934,0.033705458,-0.19494905,0.13575184
86,0.12896991,0.18199477,0.115165524,0.04345087,-0.04593591,-0.14113578,0.11177245,0.22553757,0.073974125,-0.1420413,-0.109920844,0.010114652,0.06330941,0.08463701,0.05138712,-0.09769327,-0.12767166,0.07971118,0.04075155,0.0624532,0.030262955,-0.031650692,-0.13603102,0.11722282,0.021899002,0.05347334,0.008099839,0.013300349,-0.14931409,0.12990011,0.0017665854,0.1076747,-0.021599848,0.033974517,-0.19609536,0.13651142
87,0.12790473,0.18211319,0.1142602,0.04683773,-0.04129691,-0.1424162,0.11102226,0.225601,0.07324955,-0.14132957,-0.1057071,0.00954078,0.062339768,0.08378512,0.050458666,-0.09787558,-0.1234346,0.07928264,0.039635736,0.060897462,0.029156532,-0.032591123,-0.13191012,0.11664231,0.020703059,0.05186588,0.0068105063,0.011779171,-0.14546739,0.12891184,0.00041457068,0.10673327,-0.023267733,0.032059338,-0.19253257,0.13483109
88,0.12838383,0.18058608,0.114637196,0.052867327,-0.04303716,-0.1425152,0.11142095,0.2233967,0.0732421,-0.14162937,-0.10789926,0.010459589,0.0624691,0.082573436,0.050341897,-0.09775578,-0.12560259,0.080582775,0.039625242,0.060455505,0.02896277,-0.030982668,-0.13414735,0.11798037,0.020624172,0.051904835,0.0066141365,0.014547816,-0.14783591,0.13021564,0.00037915792,0.1066677,-0.023396056,0.035473917,-0.19518176,0.13621047
89,0.12888268,0.18056498,0.115111314,0.05557987,-0.041374072,-0.1424026,0.11196082,0.22320907,0.073535815,-0.14235166,-0.10659288,0.011059098,0.06264151,0.08233334,0.05041341,-0.09877916,-0.124364495,0.081268385,0.03959367,0.060236,0.028863031,-0.03177637,-0.13311456,0.11853094,0.020471632,0.051812265,0.00639866,0.013995422,-0.1471299,0.1305485,0.0001331392,0.10677861,-0.023740603,0.035000186,-0.19478954,0.13632365
90,0.12866965,0.17965971,0.114887156,0.05880851,-0.041225635,-0.14396802,0.11177891,0.22391595,0.07322379,-0.14286329,-0.10679932,0.010607091,0.062331486,0.082572825,0.05006021,-0.09926118,-0.124593616,0.08126148,0.0392353,0.060124613,0.028492322,-0.031650953,-0.13346867,0.118647136,0.020116746,0.05154695,0.0060259043,0.014602504,-0.14771904,0.13065737,-0.0002004261,0.1064517,-0.024124054,0.035835285,-0.19565797,0.13644004
91,0.13011968,0.18104658,0.11629977,0.058997992,-0.03979394,-0.14400668,0.11320743,0.22715834,0.07432143,-0.14350851,-0.10553706,0.010881926,0.06329763,0.08470301,0.05100631,-0.100233704,-0.123394564,0.08169232,0.040070146,0.061459567,0.029390907,-0.032855783,-0.13245943,0.119107075,0.020930747,0.05238089,0.006879616,0.0132401725,-0.14708667,0.13100986,0.00055772264,0.10745636,-0.023342058,0.034285717,-0.19539598,0.13661845
92,0.12943909,0.17954268,0.1156093,0.06294862,-0.039513215,-0.14561203,0.11257769,0.22685161,0.0736117,-0.14310738,-0.1055531,0.010366073,0.06261819,0.08433466,0.05027116,-0.09972062,-0.12335943,0.08156443,0.039367173,0.060951184,0.028650992,-0.03178251,-0.13249062,0.119044095,0.020254802,0.051826917,0.0061788573,0.014679568,-0.14732988,0.1309165,-4.6578913e-05,0.10677212,-0.023989424,0.03587536,-0.19597727,0.13654825
93,0.13058686,0.1801977,0.116702504,0.06470487,-0.037502248,-0.14419658,0.11373098,0.2264484,0.07439928,-0.14324884,-0.10372044,0.0116305305,0.06326118,0.08429899,0.05076982,-0.10016988,-0.12156387,0.08261232,0.0397579,0.061194092,0.0289594,-0.03232824,-0.13092303,0.11980297,0.020513259,0.05224602,0.0063934596,0.014065851,-0.14616337,0.13139834,0.0001314285,0.107385,-0.02383501,0.035139147,-0.19521639,0.1368103
94,0.12935628,0.17840771,0.11548824,0.06845269,-0.037839226,-0.14629619,0.112566255,0.226119,0.07332833,-0.14236403,-0.10424301,0.010727568,0.06227927,0.083815366,0.049798887,-0.09900887,-0.12198856,0.08213167,0.038871426,0.060521368,0.028071769,-0.030586893,-0.13139443,0.11941501,0.019729776,0.051529434,0.0056101684,0.016137423,-0.14682648,0.13104033,-0.00051822956,0.10651174,-0.024495026,0.037352722,-0.1962303,0.13657568
95,0.13085976,0.17958939,0.116940886,0.06858296,-0.03629237,-0.14597183,0.1140439,0.22852953,0.07449382,-0.14406708,-0.102960646,0.0113303885,0.0632728,0.08539798,0.050746676,-0.101085424,-0.1208688,0.08282108,0.03966349,0.061617065,0.028883385,-0.03262904,-0.13056687,0.12005209,0.020418072,0.05235165,0.0063111633,0.014259609,-0.14640982,0.13153729,5.6270554e-05,0.107485235,-0.023905296,0.035490863,-0.19614066,0.13693427
96,0.13038163,0.17859595,0.11646099,0.07165743,-0.03656754,-0.14727466,0.113594815,0.22869316,0.07406082,-0.14368539,-0.10338432,0.0109690605,0.06289072,0.08533956,0.050367903,-0.10052083,-0.12124646,0.082779765,0.039332088,0.061405867,0.028556252,-0.031507332,-0.1310654,0.12004862,0.020157646,0.052113395,0.006054935,0.015748184,-0.1471854,0.13151854,-0.00010969871,0.10718107,-0.024061922,0.03713157,-0.19731353,0.13700546
97,0.13044617,0.17857996,0.1165279,0.073229164,-0.034855198,-0.1470507,0.11373123,0.22821185,0.07415974,-0.1442687,-0.101875536,0.011430442,0.06286314,0.0848769,0.050313886,-0.101372965,-0.119819425,0.08316779,0.039174885,0.06105472,0.028363252,-0.032284144,-0.12989421,0.12021683,0.01991219,0.051951285,0.005779584,0.015086544,-0.14638752,0.13148005,-0.00041891483,0.10717317,-0.024405228,0.036480155,-0.19685245,0.13684866
98,0.13085341,0.17821449,0.116886914,0.07540499,-0.03595126,-0.14751957,0.114068635,0.2288187,0.07440688,-0.14426948,-0.103062935,0.011638066,0.06318696,0.085357256,0.050616622,-0.10108734,-0.12098577,0.083625786,0.039540734,0.061511084,0.028733669,-0.031332072,-0.1311891,0.12071592,0.020343577,0.052385632,0.0062298356,0.016511919,-0.14794973,0.1319973,0.00010462232,0.10751383,-0.023813339,0.038115177,-0.19879575,0.13752098
99,0.13153057,0.17858459,0.11753172,0.076822616,-0.03385777,-0.14676447,0.1147868,0.22872306,0.07490797,-0.14465958,-0.101152696,0.012422286,0.06353245,0.0853516,0.050883543,-0.10180611,-0.11914717,0.08427494,0.039686523,0.061591547,0.028836044,-0.032108087,-0.12961432,0.121116094,0.020385707,0.052552965,0.0062519917,0.015723826,-0.1468166,0.13215527,8.310421e-05,0.10779864,-0.02383889,0.037233695,-0.19809014,0.13752107
100,0.13112046,0.17737988,0.11709425,0.079417795,-0.034382887,-0.1485809,0.11436124,0.22969522,0.07447635,-0.1448714,-0.10190096,0.011729135,0.06315463,0.08582851,0.050515655,-0.10179222,-0.119894594,0.08403545,0.039360404,0.0616874,0.028535362,-0.03142201,-0.13047872,0.121022776,0.02013431,0.052421976,0.0060301153,0.016894724,-0.14793056,0.13213283,-6.909057e-05,0.10742895,-0.023944004,0.038618047,-0.19954938,0.13767907
101,0.13132703,0.17751208,0.11729443,0.081177354,-0.032180045,-0.14840773,0.11465372,0.2298609,0.07462238,-0.14407028,-0.09981674,0.012056878,0.06318098,0.08591874,0.050506443,-0.101278365,-0.11777979,0.08429429,0.039273348,0.061636373,0.028442128,-0.031229561,-0.1285342,0.121087514,0.020027226,0.0523194,0.0059219394,0.016767219,-0.14638266,0.13197495,-0.00017603363,0.10744827,-0.024057971,0.03821138,-0.19847548,0.13733143
102,0.13192819,0.17730385,0.11783713,0.08305959,-0.032808453,-0.14895484,0.11518059,0.23108478,0.07498256,-0.14416496,-0.10056399,0.012158088,0.06358204,0.08681696,0.050877333,-0.10118504,-0.118518166,0.084665716,0.03967809,0.0623057,0.028865306,-0.0306148,-0.12940417,0.121528216,0.020487614,0.05280578,0.0064130607,0.017752102,-0.14753391,0.13243198,0.00036151524,0.10781208,-0.023447832,0.039334923,-0.20001371,0.13790622
103,0.13208237,0.1773294,0.11799008,0.08459823,-0.030882815,-0.14895329,0.11541727,0.23106661,0.07515157,-0.14506248,-0.09891398,0.012492286,0.063602656,0.08660779,0.050875347,-0.10242374,-0.11698052,0.08500673,0.039551176,0.062045187,0.028715884,-0.03175407,-0.12814315,0.121694066,0.020267645,0.052632045,0.0061681033,0.016775528,-0.14667553,0.13239457,6.399476e-05,0.10777712,-0.023786528,0.03838669,-0.19951084,0.13772985
104,0.13107705,0.17578875,0.11699036,0.088041395,-0.031178173,-0.1503915,0.11445,0.23015605,0.074346446,-0.14513661,-0.09940487,0.012076447,0.062846005,0.0857127,0.05013855,-0.1022842,-0.11747582,0.08488664,0.038854726,0.061254125,0.027997922,-0.03081239,-0.12882149,0.12154907,0.019613126,0.0520338,0.005498297,0.018316932,-0.14765574,0.13221839,-0.00050679024,0.10707908,-0.02436275,0.040223934,-0.20088303,0.13770258
105,0.13246135,0.17667155,0.11832352,0.089119606,-0.02956704,-0.14866038,0.11583694,0.22948864,0.07545727,-0.14744335,-0.09807915,0.013675551,0.06376298,0.08540003,0.05092838,-0.10495021,-0.11638901,0.08624702,0.03946931,0.061464258,0.028512985,-0.03304502,-0.12816995,0.12257685,0.02000362,0.052647237,0.0058285045,0.016646685,-0.1475007,0.13297054,-0.0002853961,0.10790644,-0.024161005,0.038820457,-0.20107903,0.13833763
106,0.1316919,0.17635608,0.117614605,0.090860516,-0.030015336,-0.15105389,0.1151361,0.23223828,0.07495627,-0.14558768,-0.098459154,0.012366902,0.06335981,0.08674419,0.050703987,-0.10292976,-0.11658407,0.085446924,0.039340977,0.061722014,0.028548284,-0.031103835,-0.12833501,0.122012645,0.02013646,0.052367106,0.006042449,0.018332448,-0.14786698,0.13247067,2.6359514e-05,0.10771804,-0.023823313,0.040285636,-0.20187621,0.13785096
107,0.13249058,0.17732671,0.11841781,0.09193931,-0.029631522,-0.15066361,0.11595055,0.23344204,0.07567534,-0.14491749,-0.0980572,0.012927448,0.06405624,0.087512344,0.051427633,-0.102336206,-0.1161273,0.086037956,0.04005561,0.062252253,0.029310921,-0.030585084,-0.12800975,0.12252193,0.020911526,0.052836258,0.0068352744,0.018727515,-0.14788096,0.13283548,0.00083040865,0.108469136,-0.023005659,0.040527754,-0.20234157,0.13808796
108,0.13224432,0.17747022,0.11822359,0.09366383,-0.028149309,-0.15113178,0.11583458,0.23374797,0.07566927,-0.14470418,-0.09675382,0.0129678,0.0639645,0.08729627,0.051409908,-0.10240723,-0.11482485,0.086190775,0.039971355,0.06177197,0.029259687,-0.030749703,-0.12686059,0.12257194,0.020838104,0.052422926,0.0067390925,0.018495996,-0.14702708,0.13268395,0.00072528736,0.10839582,-0.02320059,0.04019898,-0.20183127,0.1377036
109,0.13229267,0.17701438,0.11825492,0.09621709,-0.028455649,-0.15135781,0.11587076,0.23325333,0.07570907,-0.14465673,-0.09720605,0.013306735,0.06403482,0.086897835,0.05146834,-0.10222073,-0.11526386,0.08667927,0.040056523,0.061557367,0.029321928,-0.030009227,-0.12743405,0.122997425,0.020942274,0.05241006,0.006821426,0.019640094,-0.14784697,0.13302484,0.00087021297,0.108443715,-0.02306474,0.041521538,-0.20299137,0.13806887
110,0.1312242,0.17594713,0.11722279,0.09739615,-0.026986538,-0.15348406,0.1149281,0.23421398,0.07504657,-0.14632332,-0.096141376,0.012312207,0.06325961,0.08681995,0.05081731,-0.104161076,-0.11436073,0.08607854,0.03929462,0.060881305,0.028611979,-0.031621702,-0.12675945,0.12244962,0.02015504,0.05161273,0.0060338527,0.018423734,-0.14744048,0.13242082,2.12483e-05,0.10768895,-0.023978012,0.04049368,-0.20277919,0.13743322
111,0.13201502,0.17675112,0.11801243,0.09887824,-0.025976041,-0.15228868,0.11576356,0.2336215,0.07579313,-0.14653353,-0.09520955,0.013486486,0.06391696,0.08643014,0.05144354,-0.10456032,-0.113473736,0.08709913,0.039851904,0.060843326,0.029132407,-0.031869978,-0.12613012,0.12320426,0.020649888,0.051932864,0.0064885686,0.018336097,-0.1472163,0.13291577,0.0004634879,0.10836179,-0.023567518,0.04043093,-0.20300016,0.13775975
112,0.13199629,0.17630008,0.11798007,0.10060718,-0.026925314,-0.15328261,0.115702435,0.23449926,0.07580348,-0.1469765,-0.09627049,0.013292059,0.06398796,0.08682999,0.051564794,-0.10476956,-0.11455253,0.08722361,0.040016714,0.06103839,0.029334934,-0.031396676,-0.12736079,0.1234015,0.020890081,0.052083973,0.006750647,0.019332059,-0.14869858,0.13314101,0.00077389524,0.10848518,-0.02321594,0.041674804,-0.20480815,0.13813643
113,0.13241589,0.17688066,0.11840547,0.10125188,-0.025048573,-0.15264903,0.11621123,0.23452222,0.07626812,-0.14726005,-0.09451018,0.013912506,0.064308606,0.08675921,0.051886726,-0.10538966,-0.112861075,0.0877133,0.040225446,0.060994126,0.029538352,-0.032182723,-0.12590376,0.12366743,0.02103421,0.052160084,0.006881358,0.018467149,-0.14762354,0.13317463,0.0008546661,0.10879441,-0.023151975,0.040693887,-0.20411855,0.13799155
114,0.13139191,0.17613035,0.11744237,0.10378443,-0.023791377,-0.15415993,0.11533898,0.23471588,0.07557549,-0.14699233,-0.09345625,0.013239011,0.06356289,0.086339556,0.05121964,-0.10526686,-0.11179982,0.08730825,0.03951928,0.060197286,0.028864136,-0.03189521,-0.12498374,0.123243,0.020369269,0.05134909,0.006204787,0.01886871,-0.14698637,0.13262738,0.00021578855,0.10813003,-0.02386566,0.041098703,-0.20386249,0.1373378
115,0.13204613,0.17707694,0.118140526,0.105598986,-0.025099633,-0.15513612,0.1159797,0.23750179,0.07621182,-0.14689174,-0.094786264,0.013113222,0.06428131,0.08780023,0.05205079,-0.10502914,-0.1130785,0.08765574,0.040410932,0.06091718,0.029872624,-0.031139128,-0.12634476,0.12379073,0.02142186,0.051824596,0.0072814953,0.019999517,-0.14858502,0.13316764,0.0013348984,0.10897279,-0.022779578,0.042373925,-0.2058629,0.13782312
116,0.13304065,0.17826879,0.119151115,0.10713366,-0.023788743,-0.15440069,0.117050216,0.23819155,0.07710291,-0.1472637,-0.09365199,0.013978655,0.06505817,0.08813268,0.052809317,-0.10572861,-0.11199934,0.08852605,0.041075412,0.06115163,0.030539062,-0.031821225,-0.12549068,0.12452259,0.022037107,0.052156135,0.007862071,0.01939996,-0.14809163,0.13366121,0.001871059,0.10971509,-0.022318924,0.041753888,-0.20576032,0.13805075
117,0.13134338,0.1773293,0.11756764,0.10989258,-0.021356853,-0.15562314,0.11562487,0.23675035,0.076035276,-0.14681613,-0.09148816,0.013441791,0.06387173,0.08640599,0.051723503,-0.10565344,-0.10983733,0.08809129,0.039899,0.05936629,0.029354377,-0.03184237,-0.123474956,0.1239112,0.020837797,0.050695453,0.0065975348,0.019314623,-0.14632522,0.13279465,0.0006303224,0.108609915,-0.023737613,0.041599374,-0.20427965,0.13689952
118,0.13257222,0.17762731,0.11873646,0.11244738,-0.023734108,-0.15518156,0.11667579,0.23695064,0.07691391,-0.14810598,-0.0939258,0.014435381,0.064865656,0.086708486,0.05265491,-0.10648073,-0.112345904,0.089306474,0.040911525,0.060066182,0.030335205,-0.031293374,-0.12625088,0.12512536,0.021872012,0.05167638,0.0076193325,0.020989524,-0.14943446,0.13400948,0.0017200281,0.109628,-0.02258165,0.043857157,-0.20779195,0.13835521
119,0.13145751,0.17746662,0.117723785,0.11369407,-0.021486891,-0.15599915,0.11579749,0.2366044,0.076401964,-0.14820759,-0.091834314,0.014110983,0.064210296,0.08574213,0.05214653,-0.107007906,-0.11031842,0.08902198,0.04028654,0.058881015,0.029749742,-0.031990744,-0.124464236,0.12465333,0.021235755,0.05072004,0.006953328,0.020231336,-0.14799997,0.13329095,0.0010244234,0.109091766,-0.023395205,0.043026667,-0.20671946,0.13739263
120,0.13170968,0.1778225,0.11799032,0.11449349,-0.021258585,-0.15654525,0.11607885,0.23815058,0.076753445,-0.14800589,-0.09164458,0.014092375,0.06454654,0.08651658,0.05257649,-0.106839776,-0.11011402,0.08921213,0.040706784,0.059209336,0.030243585,-0.03171587,-0.12437954,0.12485112,0.021736901,0.050917685,0.0074802283,0.020563008,-0.14820586,0.13340156,0.0015614936,0.10949255,-0.022845956,0.04331425,-0.20733604,0.13744207
121,0.13200785,0.17792344,0.118281096,0.11549912,-0.021093622,-0.15698707,0.116380274,0.23924524,0.07707885,-0.14848311,-0.091592155,0.014169328,0.06484576,0.08707249,0.05292621,-0.10732488,-0.11010899,0.089478046,0.041031964,0.059504747,0.030609332,-0.03186574,-0.12455627,0.12510532,0.022093832,0.051149152,0.007854875,0.020699954,-0.14868973,0.13358708,0.0019347077,0.10980543,-0.022445496,0.043545038,-0.20818877,0.13764368
122,0.13174886,0.1777846,0.118046224,0.11713782,-0.019509688,-0.15649442,0.11624245,0.23756282,0.07707707,-0.14882015,-0.09018986,0.01479997,0.064731255,0.08573267,0.052819856,-0.1079088,-0.108776845,0.08998523,0.04083572,0.05862742,0.03036126,-0.032310292,-0.12344928,0.12533933,0.021812888,0.050748028,0.0075177928,0.020423677,-0.14790595,0.13356543,0.0015900542,0.10966753,-0.022860387,0.04331322,-0.20774524,0.13746087
123,0.1317191,0.17718822,0.11799267,0.11906404,-0.021052599,-0.15721549,0.11611885,0.23782621,0.077053115,-0.14851914,-0.09174204,0.014780908,0.06483016,0.08583152,0.052961804,-0.10718525,-0.11026905,0.09024659,0.04108147,0.058745828,0.03062882,-0.030845476,-0.124995574,0.12565622,0.022168608,0.050941847,0.007889019,0.02236497,-0.14962164,0.1339132,0.0020639717,0.10982787,-0.022331672,0.045466222,-0.20978574,0.13798611
124,0.13139659,0.1782715,0.1177634,0.1179034,-0.017570619,-0.15702201,0.116073735,0.23872006,0.077248946,-0.14819062,-0.08824672,0.01482945,0.0647792,0.085920416,0.053066242,-0.10758785,-0.106836565,0.09006404,0.04099336,0.05835802,0.030622186,-0.03226077,-0.12182893,0.12519544,0.022053657,0.050536454,0.0077873776,0.020243501,-0.14689513,0.13314314,0.0018496756,0.10992107,-0.022601703,0.042893033,-0.20747435,0.13684845
125,0.13203138,0.17777836,0.11832656,0.12022952,-0.019950096,-0.15694536,0.11651762,0.23817568,0.0776456,-0.14921185,-0.09067839,0.015502574,0.065312974,0.08573913,0.053549595,-0.108015426,-0.1093164,0.09095657,0.041581884,0.058720928,0.031165391,-0.03130627,-0.12450062,0.12608248,0.02267245,0.051231686,0.008398071,0.02226286,-0.14981107,0.13406536,0.0025549766,0.11050673,-0.021804659,0.045453314,-0.21073657,0.13809274
126,0.13171625,0.17747544,0.118030265,0.121064626,-0.019208672,-0.15749392,0.116270676,0.23820418,0.07760321,-0.15053868,-0.090122625,0.015517153,0.065192014,0.08535493,0.053503647,-0.1094588,-0.10890048,0.09109664,0.041461032,0.05831443,0.031055614,-0.032304,-0.12435971,0.12611617,0.022515703,0.05102338,0.008230011,0.021726746,-0.1500057,0.13397682,0.0023533427,0.11044684,-0.02202259,0.04512956,-0.21124397,0.13800791
127,0.13228272,0.1775172,0.11855785,0.122597285,-0.02011304,-0.15737474,0.11675091,0.23847622,0.07806296,-0.15066862,-0.091004275,0.01605039,0.06570331,0.08560756,0.054020967,-0.109320566,-0.109787956,0.091745615,0.04202374,0.058722563,0.031625725,-0.031523846,-0.12545052,0.12669924,0.0231325,0.051565576,0.008861943,0.022968724,-0.15144221,0.13450547,0.0030431834,0.11102028,-0.021253506,0.046559982,-0.21313038,0.13867888
128,0.1306309,0.17832781,0.117119126,0.12157361,-0.01558776,-0.15900925,0.115575455,0.24055187,0.07742645,-0.14995322,-0.08660558,0.014856481,0.06477627,0.08570404,0.05340418,-0.10961342,-0.10539847,0.09060622,0.04117247,0.057517037,0.030940032,-0.033255164,-0.12119665,0.12542468,0.022313261,0.05012036,0.0080481395,0.020195762,-0.14751577,0.1328986,0.0020919181,0.11036772,-0.022415522,0.04316359,-0.20952255,0.13645516
129,0.13183717,0.17921102,0.11831111,0.12589936,-0.017958567,-0.15733011,0.11664706,0.23876272,0.07829481,-0.14752343,-0.08869354,0.016543012,0.06585023,0.08494504,0.054384347,-0.1065586,-0.10722548,0.09226338,0.042350814,0.057719562,0.03205585,-0.029383253,-0.123042524,0.12692098,0.023625659,0.050967645,0.009301904,0.024425823,-0.14962736,0.13421495,0.0035731168,0.11165744,-0.02094314,0.047509886,-0.21227038,0.1377519
130,0.13048287,0.17927817,0.11711467,0.12638079,-0.016691599,-0.15950899,0.11554108,0.24068156,0.077797554,-0.14862381,-0.087644406,0.015490184,0.06525382,0.084907316,0.054095015,-0.10806567,-0.1062864,0.0916133,0.04196026,0.056709822,0.031810857,-0.030854335,-0.122327626,0.12631336,0.02330613,0.04996146,0.008974049,0.023133788,-0.14918658,0.133465,0.0031701266,0.111291274,-0.02152042,0.046301715,-0.21206288,0.1367553
131,0.13068311,0.1802201,0.11739046,0.12692368,-0.016012996,-0.15995343,0.115858614,0.24211977,0.07834729,-0.15026625,-0.08715859,0.015662251,0.06570321,0.08514992,0.054706078,-0.11003827,-0.10595939,0.09200492,0.042468295,0.056515988,0.032398768,-0.032514397,-0.1222907,0.1266703,0.023809515,0.049907517,0.009451815,0.021918071,-0.14947128,0.13364676,0.0035602702,0.111806594,-0.021248288,0.045304462,-0.21262121,0.13672973
132,0.13121219,0.18072714,0.11794074,0.12914087,-0.017459106,-0.15984203,0.11632965,0.24226582,0.07890464,-0.14967613,-0.08856465,0.016296195,0.06636522,0.08507044,0.05543468,-0.109150454,-0.10727214,0.09286631,0.0432862,0.056573678,0.033245645,-0.030971285,-0.12363469,0.12752858,0.024736589,0.050262623,0.010350722,0.023872014,-0.15098198,0.13439675,0.0045543206,0.11255488,-0.020297328,0.047421005,-0.21450734,0.13742389
133,0.13010432,0.18058959,0.11694407,0.13018228,-0.014695733,-0.1605953,0.11551046,0.24182968,0.07848443,-0.15042123,-0.086058974,0.01607455,0.065745555,0.08391101,0.054966,-0.110504024,-0.104897685,0.09269493,0.04264689,0.055203654,0.032633357,-0.032544658,-0.12152454,0.1271626,0.024029437,0.049199868,0.009590004,0.022291264,-0.14920247,0.13374203,0.0037176956,0.11199607,-0.0213117,0.045808658,-0.21301469,0.13642342
134,0.1311767,0.18060383,0.11794311,0.13201337,-0.016131222,-0.15969138,0.11642279,0.24065977,0.07936744,-0.15250333,-0.08764138,0.017393343,0.06666565,0.08325738,0.05583963,-0.112268105,-0.10665679,0.094111055,0.04353663,0.05538153,0.033456426,-0.032934576,-0.12360851,0.128453,0.024855234,0.04997512,0.010368691,0.02309986,-0.15160199,0.13493566,0.0045168097,0.11285131,-0.020474333,0.047229167,-0.21572214,0.13780212
135,0.12906776,0.17991385,0.11599172,0.13258894,-0.013916338,-0.16234352,0.114625864,0.24235219,0.07818136,-0.15191628,-0.08556652,0.015730552,0.06536569,0.08313226,0.054826938,-0.11215223,-0.104564704,0.09278081,0.042428296,0.0540728,0.032491248,-0.03333825,-0.12159339,0.12715855,0.023853049,0.048423566,0.009387745,0.022314375,-0.14980279,0.13351609,0.003513497,0.1116767,-0.021620562,0.046200972,-0.21421075,0.13611148
136,0.13029003,0.18140884,0.11723634,0.13413961,-0.015356834,-0.16203111,0.115779206,0.24419656,0.07924797,-0.15089467,-0.08686604,0.016402274,0.06653072,0.08427462,0.056068044,-0.110907584,-0.10572592,0.09369728,0.043756913,0.054885317,0.033906356,-0.03174516,-0.122774996,0.12813655,0.025342943,0.04921216,0.010883922,0.02404996,-0.15120594,0.13439739,0.005084172,0.11293947,-0.020068016,0.047932155,-0.21606764,0.13687503
137,0.12930068,0.1814863,0.11637307,0.13571048,-0.01359463,-0.1628917,0.11503608,0.24415962,0.07885804,-0.15063989,-0.08526922,0.016103286,0.06603475,0.083422996,0.05572461,-0.11103861,-0.104133956,0.093538314,0.04332567,0.053717025,0.03352342,-0.032041494,-0.12131657,0.12787248,0.024929976,0.048276573,0.01042667,0.023666112,-0.14998867,0.13389696,0.0046174196,0.11255047,-0.02071269,0.047468398,-0.21515511,0.13603905
138,0.13085303,0.18300661,0.11790462,0.13663289,-0.01360744,-0.16151722,0.11656242,0.24444419,0.08022565,-0.15180689,-0.08533979,0.017464383,0.067340195,0.0836752,0.05702003,-0.112317294,-0.10432313,0.094884984,0.04456379,0.05426671,0.034760676,-0.032813393,-0.121797904,0.12908144,0.026126133,0.04914798,0.01158677,0.02341434,-0.15084761,0.13490158,0.0057356386,0.11384763,-0.019619448,0.04743941,-0.21642214,0.13692579
139,0.12832509,0.18198547,0.11558808,0.14020412,-0.012479234,-0.16355838,0.114347145,0.24303801,0.078732684,-0.15028499,-0.08435349,0.016465312,0.06584822,0.08136701,0.055763893,-0.11098597,-0.10320053,0.094193816,0.04331332,0.051728584,0.033558626,-0.03146133,-0.12064229,0.12834258,0.024984356,0.04713847,0.010359243,0.024695182,-0.14974435,0.13393347,0.0046132207,0.11257568,-0.021052381,0.048677895,-0.21554637,0.13555753
140,0.12928875,0.18439312,0.116691105,0.14156346,-0.01262683,-0.16252008,0.11544073,0.24309829,0.08011035,-0.15270771,-0.0846311,0.017937317,0.06713682,0.08052271,0.05722763,-0.11375822,-0.10368616,0.09579246,0.0446735,0.05114516,0.03496885,-0.033466183,-0.12152362,0.12979056,0.026298473,0.04741673,0.011556649,0.023590215,-0.1509866,0.1350328,0.005709989,0.11409066,-0.020229766,0.04805327,-0.21705118,0.13623835
141,0.1296105,0.1860569,0.11716513,0.1434612,-0.014042809,-0.16360833,0.115829036,0.2458055,0.08078951,-0.15491787,-0.08613699,0.01790563,0.0678439,0.08117734,0.05817134,-0.116008535,-0.10535892,0.09630807,0.04560857,0.05102627,0.036043894,-0.034601487,-0.12353077,0.13046755,0.027337955,0.04749133,0.012552708,0.023547666,-0.15329571,0.13561273,0.0066663306,0.115079656,-0.019483952,0.048593666,-0.21962194,0.13665614
142,0.12776835,0.1872453,0.11562984,0.14481577,-0.011853589,-0.16596091,0.114450365,0.24881886,0.08007979,-0.15199609,-0.08389943,0.016455185,0.06705582,0.08146682,0.057787895,-0.11376301,-0.10286998,0.09524413,0.045167837,0.049556397,0.035831284,-0.0335748,-0.1209106,0.12948607,0.02713611,0.045801695,0.01232787,0.023505805,-0.15079986,0.13435493,0.006458609,0.1146347,-0.020061756,0.047953088,-0.21750833,0.13463086
143,0.12900205,0.18871827,0.11687641,0.14688647,-0.012057338,-0.1646948,0.11568601,0.2484056,0.08121048,-0.15166712,-0.0841087,0.017774748,0.06817906,0.08115556,0.058918267,-0.11345986,-0.10303566,0.096615404,0.0462968,0.04963173,0.036963906,-0.03286902,-0.12117667,0.13075334,0.028292,0.046336453,0.013418167,0.024506424,-0.15130274,0.13536885,0.007588877,0.115775436,-0.019042386,0.049044725,-0.2184102,0.13537131
144,0.1279084,0.1880933,0.11588486,0.14961055,-0.010784458,-0.16491716,0.114793204,0.24584194,0.08073368,-0.15193681,-0.083046176,0.018088466,0.06762253,0.078716256,0.058441773,-0.11396083,-0.102027535,0.09698628,0.04575164,0.047800414,0.036376216,-0.0329811,-0.12034884,0.1309262,0.02769422,0.045319058,0.012720655,0.024783636,-0.15067236,0.13526265,0.0069230823,0.11527908,-0.019920917,0.049519926,-0.21801458,0.13498653
145,0.12808582,0.18833157,0.11609195,0.15129912,-0.010842033,-0.16484436,0.11500029,0.24536799,0.08110714,-0.15334953,-0.083222024,0.018659309,0.06795787,0.07798661,0.058837,-0.11539898,-0.10234751,0.097705305,0.046104964,0.04735473,0.03672851,-0.033593234,-0.12096669,0.13155018,0.028023466,0.04534769,0.013002355,0.024957282,-0.15161091,0.13572028,0.007201833,0.115663834,-0.019715631,0.05007411,-0.21926935,0.1353975
146,0.12805976,0.1888381,0.116117336,0.15022191,-0.010180601,-0.16634075,0.11506874,0.2489793,0.08144465,-0.15501836,-0.0827315,0.017975029,0.06820064,0.07958375,0.059295747,-0.11738285,-0.10201501,0.09738668,0.04646447,0.047695614,0.03722636,-0.035463188,-0.12085756,0.13133515,0.028429192,0.045286812,0.013450372,0.023372198,-0.1517939,0.13547191,0.0075407824,0.115881644,-0.019401878,0.04859886,-0.21970475,0.13507824
147,0.1278138,0.1882439,0.11587242,0.15225556,-0.010176824,-0.16692123,0.11483124,0.24883306,0.081301555,-0.15438762,-0.08283,0.017952444,0.06808535,0.07928068,0.059211828,-0.11661175,-0.10203851,0.09757697,0.046410635,0.047372054,0.03717902,-0.034344826,-0.12087706,0.1315179,0.028433926,0.045072023,0.013444297,0.024649441,-0.15196174,0.13556333,0.0076131886,0.1157396,-0.019349612,0.049885824,-0.22020581,0.13513033
148,0.12830183,0.18830085,0.11632608,0.15379752,-0.009899837,-0.16598828,0.11530651,0.24720478,0.081752956,-0.15421253,-0.082610816,0.018904557,0.06851168,0.07834759,0.059597038,-0.11638584,-0.10181125,0.09847338,0.046783,0.047139507,0.03750249,-0.033760153,-0.12075834,0.13224566,0.028778,0.045303654,0.013748391,0.025477458,-0.15207087,0.13610542,0.007963022,0.11610715,-0.019003808,0.050780732,-0.22065273,0.13560635
149,0.12700756,0.18775056,0.1151275,0.15358736,-0.0082192365,-0.16788432,0.11422863,0.24916124,0.08108369,-0.15387619,-0.08106197,0.017734714,0.06774755,0.078779586,0.059030347,-0.11640037,-0.10025349,0.0975437,0.046134274,0.046509556,0.036952514,-0.034212228,-0.11925364,0.13133146,0.028191067,0.044363227,0.013195718,0.024707824,-0.15077329,0.13511355,0.0073811365,0.11534719,-0.01964372,0.049801566,-0.21963933,0.1344527
150,0.12747349,0.18785936,0.11558003,0.15534243,-0.008389873,-0.16720432,0.11467195,0.24770293,0.08159652,-0.15513533,-0.081323534,0.018683946,0.068231225,0.07770486,0.059508134,-0.11759573,-0.100648694,0.098541334,0.046583362,0.04615774,0.03736013,-0.034516234,-0.11993437,0.13218692,0.028590702,0.04462246,0.013540639,0.025212392,-0.15175505,0.13579531,0.0077432673,0.11583467,-0.01931532,0.05069451,-0.22092713,0.13513926
151,0.12736934,0.1882207,0.11552195,0.15579087,-0.008315676,-0.16747822,0.11462087,0.24837857,0.08179478,-0.15423405,-0.08116576,0.01874129,0.06843445,0.07778131,0.059843533,-0.116709806,-0.10041079,0.09870481,0.046928648,0.04598416,0.03776914,-0.033657737,-0.11973634,0.13229914,0.029030297,0.04454564,0.013984917,0.025970757,-0.15176865,0.13578391,0.008227365,0.11609109,-0.018856173,0.051346872,-0.22130345,0.1350126
152,0.12800047,0.1884409,0.11611857,0.15612541,-0.008687131,-0.16714707,0.11519173,0.24834743,0.08243876,-0.1556339,-0.08161935,0.019364491,0.069058225,0.077660024,0.06050451,-0.11804438,-0.100995146,0.09944209,0.04756507,0.04612595,0.038410753,-0.03427092,-0.12053999,0.13298042,0.02964944,0.044976443,0.014589615,0.026024953,-0.15283084,0.13637024,0.008815811,0.11665472,-0.018245457,0.05170277,-0.2226364,0.13565716
153,0.12699793,0.18853894,0.11522881,0.15613121,-0.0068380204,-0.16855729,0.11443735,0.25030363,0.082069986,-0.15455315,-0.07981687,0.018535508,0.068584695,0.07809784,0.060242128,-0.11741528,-0.099117346,0.098785914,0.04721733,0.04550913,0.038175143,-0.034353428,-0.11869671,0.13229601,0.029385235,0.04412205,0.014346616,0.025376618,-0.15123554,0.13553123,0.008548922,0.11621956,-0.018615482,0.050711587,-0.2214135,0.13451204
154,0.12785396,0.18823317,0.116006225,0.1580789,-0.009078495,-0.16833763,0.11505802,0.24971688,0.082678765,-0.15614519,-0.0820988,0.01931836,0.06931423,0.077807136,0.06095171,-0.1184317,-0.101508655,0.099839136,0.04802144,0.045845456,0.038955707,-0.033807736,-0.121303864,0.13337748,0.030222557,0.044884857,0.015162428,0.027150542,-0.15403646,0.1366161,0.009439014,0.116944216,-0.017655687,0.05308416,-0.22443567,0.13588545
155,0.12808713,0.1901871,0.11634715,0.15579578,-0.0054941485,-0.16807993,0.11565365,0.25215498,0.08343616,-0.15557565,-0.07856856,0.019428307,0.0697856,0.07883156,0.061610665,-0.118875444,-0.09797743,0.09981847,0.048440535,0.045839556,0.039490644,-0.03574022,-0.117876336,0.13318028,0.030611644,0.044637676,0.015559438,0.024219021,-0.1509745,0.13609116,0.009671061,0.11742384,-0.017552793,0.049568195,-0.22181445,0.13475965
156,0.1262323,0.18807408,0.114568494,0.15899098,-0.007991461,-0.17073871,0.11370941,0.2522802,0.08206112,-0.15391119,-0.0809862,0.01818124,0.068681814,0.07810177,0.060674287,-0.116369516,-0.10015845,0.099147804,0.04773972,0.04479566,0.03884174,-0.03221409,-0.11984757,0.13270561,0.030160863,0.043744683,0.015114676,0.028177094,-0.15283132,0.13572419,0.009465584,0.11658206,-0.017791128,0.05370905,-0.2238418,0.13459012
157,0.12777631,0.18908542,0.11604877,0.15953657,-0.006676805,-0.16770752,0.115285195,0.24808417,0.08355425,-0.15719706,-0.07991707,0.020758834,0.06996471,0.07561166,0.06183276,-0.119971566,-0.0994533,0.10137145,0.048712336,0.0443091,0.039665494,-0.034926508,-0.11966793,0.13451001,0.03085299,0.04459751,0.015677951,0.02653585,-0.15309402,0.1371357,0.009912692,0.117881775,-0.01741011,0.052602053,-0.22436716,0.13585535
158,0.12650937,0.18904495,0.11492428,0.16057761,-0.0050727464,-0.16916543,0.114285305,0.24930418,0.08290941,-0.15631738,-0.07836146,0.019901149,0.06923543,0.07550073,0.06126519,-0.1194265,-0.0978268,0.10070476,0.04807587,0.043372642,0.039101195,-0.03474643,-0.118084595,0.13381113,0.03028013,0.04359809,0.015100867,0.02641765,-0.15174174,0.136274,0.009348061,0.117346786,-0.01811665,0.052285038,-0.22340217,0.13470447
159,0.12561588,0.18836777,0.114098094,0.16143292,-0.0071345917,-0.17207764,0.11331564,0.25341457,0.082280144,-0.15508242,-0.080332,0.018264018,0.06881263,0.0774455,0.061070018,-0.11764493,-0.09958882,0.09972219,0.048053812,0.04371489,0.039238483,-0.03251559,-0.119639456,0.1331541,0.03054143,0.04327368,0.015438659,0.028722174,-0.1532649,0.13579454,0.00981115,0.11710327,-0.01762845,0.054567583,-0.225161,0.13436809
160,0.12795533,0.19098853,0.11638658,0.1595242,-0.0050874273,-0.16916928,0.11575322,0.25298473,0.08439476,-0.15590136,-0.07840678,0.02040419,0.07069817,0.07761047,0.062905006,-0.11904761,-0.09774719,0.101543546,0.049698867,0.04450326,0.040860955,-0.034446664,-0.1179149,0.13470419,0.03203489,0.044500478,0.01687399,0.026544768,-0.15183595,0.1369675,0.011098303,0.11895786,-0.016387716,0.05217265,-0.22410345,0.13508159
161,0.12671737,0.18943685,0.11520742,0.16283412,-0.006506832,-0.17072004,0.11447843,0.25206816,0.08351292,-0.15472166,-0.07987222,0.019938787,0.06998489,0.07637526,0.06227989,-0.11730046,-0.099032424,0.1014913,0.049221516,0.04338969,0.040386584,-0.03186027,-0.11903685,0.13473193,0.031697553,0.043786652,0.016499735,0.029511701,-0.15288264,0.13696614,0.010903557,0.11844372,-0.016675655,0.055296727,-0.22531977,0.13508756
162,0.126378,0.18992335,0.11494648,0.16194919,-0.0033955486,-0.17100668,0.11445089,0.25289255,0.0836984,-0.15581617,-0.07703231,0.019915791,0.06991136,0.07622853,0.06231798,-0.11918719,-0.09633343,0.1014786,0.049032714,0.042748414,0.040232018,-0.034308612,-0.11653612,0.13456702,0.031400446,0.04322715,0.016177569,0.026884263,-0.15070829,0.13652997,0.010441332,0.11834581,-0.017273096,0.052532144,-0.2234701,0.134248
163,0.12608273,0.18879107,0.114648886,0.16456056,-0.005632694,-0.17301399,0.113991685,0.25460848,0.08338171,-0.15687172,-0.07946847,0.019219382,0.06976833,0.07681401,0.06225786,-0.11962415,-0.09877612,0.1014436,0.049106803,0.042753804,0.040359765,-0.03331596,-0.11895324,0.13480343,0.031608846,0.04312134,0.016390271,0.028888313,-0.15309532,0.13688567,0.0107528735,0.118213035,-0.016982567,0.05500921,-0.22594486,0.13480893
164,0.12609361,0.1902412,0.114782006,0.16380803,-0.0030809843,-0.17277828,0.114317305,0.25543255,0.08396546,-0.15717174,-0.07705236,0.019616408,0.07012991,0.07657,0.0627795,-0.12069515,-0.096404426,0.10182784,0.049433656,0.042060677,0.040751405,-0.03508533,-0.11670503,0.13503137,0.03188201,0.04269953,0.016614968,0.026767218,-0.15113243,0.13677675,0.010856698,0.11865424,-0.017093265,0.05266663,-0.22431608,0.13412994
165,0.12650998,0.19128376,0.11524921,0.16423374,-0.0017867113,-0.17183292,0.11489176,0.25451595,0.08467816,-0.15656416,-0.07581281,0.02059393,0.07074016,0.07566058,0.06345817,-0.12041983,-0.09509608,0.10275845,0.050032046,0.04149607,0.04135692,-0.03514001,-0.11538136,0.13580069,0.03246288,0.04269766,0.017124832,0.026458757,-0.1499567,0.13723083,0.011350676,0.11939112,-0.016765341,0.052175306,-0.22345197,0.13412298
166,0.12438898,0.18863836,0.11321496,0.16912022,-0.0048485133,-0.17433621,0.1126333,0.25278834,0.08304529,-0.15552004,-0.07886686,0.01966633,0.06942301,0.07351487,0.062249668,-0.11831197,-0.09795169,0.10245258,0.049094703,0.03969155,0.040406745,-0.03134341,-0.11802728,0.13567314,0.031734202,0.041569807,0.016339852,0.031182008,-0.15238391,0.1371669,0.01084747,0.11845804,-0.017400663,0.05735492,-0.22591153,0.13423914
167,0.12572649,0.19084992,0.114588484,0.16697107,-0.00199028,-0.17267072,0.11423408,0.25313076,0.08460946,-0.15826784,-0.07622977,0.021059457,0.07066045,0.07349603,0.06353789,-0.12193337,-0.095608324,0.10364931,0.0500931,0.03986204,0.041413218,-0.035301466,-0.11609345,0.13661203,0.032527998,0.042203993,0.017073384,0.027413746,-0.15091628,0.13773721,0.011344509,0.119862415,-0.017024282,0.053649876,-0.22476314,0.13437143
168,0.12572964,0.19148678,0.1146533,0.16712832,-0.001841419,-0.1734705,0.11431808,0.25544113,0.08479777,-0.15780044,-0.075983815,0.020772336,0.0708369,0.07457815,0.06383303,-0.121446505,-0.09530203,0.10358486,0.050382845,0.040151425,0.041780878,-0.034777552,-0.11587228,0.13654979,0.03291347,0.0423185,0.017480744,0.02790087,-0.15100087,0.13757874,0.011772506,0.12035492,-0.016606657,0.054062597,-0.2252905,0.13411894
169,0.12564118,0.19115897,0.11457188,0.16836384,-0.002722276,-0.17427705,0.11417538,0.2563642,0.08472163,-0.15728636,-0.07680062,0.0205401,0.0708431,0.07498123,0.063886665,-0.12055638,-0.09603058,0.10363796,0.050512843,0.040285822,0.0419404,-0.03330287,-0.11658055,0.13665962,0.033148568,0.042425293,0.017726224,0.029672133,-0.15183333,0.13766637,0.012115425,0.120537706,-0.01623582,0.055923488,-0.22644752,0.13427699
170,0.12612528,0.19154103,0.11504365,0.168711,-0.0021457179,-0.17338796,0.11469515,0.2551603,0.08524878,-0.15736735,-0.0762496,0.021360287,0.07130935,0.074245326,0.06433992,-0.12069187,-0.09549147,0.10440088,0.050920397,0.040138073,0.04231944,-0.03327023,-0.11612069,0.13727981,0.03351822,0.04271274,0.018058727,0.02984055,-0.15156631,0.13809827,0.012454748,0.121056795,-0.015914265,0.05611378,-0.22646442,0.13458563
171,0.124275036,0.19109398,0.11337399,0.16906099,-0.0007051298,-0.17535098,0.11313475,0.2564669,0.08432549,-0.15712802,-0.07485287,0.020210452,0.07030145,0.073782474,0.06356942,-0.12081857,-0.09409038,0.10348431,0.050071355,0.038743287,0.041552983,-0.033642426,-0.11480048,0.1363438,0.032724526,0.041376974,0.017257608,0.029352605,-0.15044168,0.13702662,0.011646058,0.1202452,-0.016903177,0.055560466,-0.22562347,0.13324456
172,0.12617362,0.19418225,0.115384094,0.17243043,-0.003038457,-0.17350334,0.11497104,0.25537446,0.08618584,-0.1590921,-0.07706527,0.022316389,0.072228596,0.07254177,0.06558857,-0.122538246,-0.09641731,0.105856195,0.05213188,0.038475547,0.043669835,-0.033643454,-0.1174459,0.13871782,0.034856435,0.04235027,0.019244745,0.030843135,-0.1533389,0.13908248,0.013663568,0.122574784,-0.01518774,0.05779349,-0.22875696,0.13496152
173,0.1238717,0.1966265,0.113585,0.17617357,-0.0013069641,-0.17579536,0.11330057,0.25798637,0.0854776,-0.15747271,-0.0752945,0.021182701,0.07141604,0.071369216,0.06525051,-0.121853575,-0.09444829,0.105195604,0.05168258,0.035369623,0.043448843,-0.033639837,-0.115471676,0.13814381,0.03460363,0.039764896,0.018861294,0.03042605,-0.15149851,0.13809122,0.013274233,0.122267164,-0.01635985,0.05722775,-0.22718123,0.13277891
174,0.12451294,0.19973934,0.11446928,0.17952666,-0.0027043603,-0.17690764,0.114080295,0.26200622,0.08652493,-0.15967757,-0.07681572,0.021201253,0.07248619,0.07226266,0.06663127,-0.12431976,-0.09605798,0.10596121,0.053047724,0.034709763,0.045035914,-0.034958947,-0.11725585,0.13924412,0.036146246,0.039364487,0.020302057,0.030280594,-0.15337713,0.13900542,0.014660452,0.123571225,-0.015507213,0.05768339,-0.22913666,0.13305418
175,0.12409307,0.2019238,0.11431627,0.18191919,-0.0005849872,-0.17714895,0.11410476,0.26264724,0.08690768,-0.1603275,-0.074878655,0.021436242,0.07266745,0.07111677,0.06702267,-0.1258644,-0.09417708,0.10643275,0.053248357,0.032939993,0.045341708,-0.0367058,-0.11555827,0.1397014,0.03634551,0.038240917,0.020379532,0.02869225,-0.15192346,0.13906376,0.01465023,0.1239906,-0.016050091,0.05619472,-0.22795315,0.13224469
176,0.12298912,0.2024596,0.11343497,0.185648,0.0007271753,-0.17710218,0.11333234,0.2599042,0.086631425,-0.1606056,-0.073589936,0.021926433,0.07227772,0.0679984,0.06674233,-0.12656473,-0.09295661,0.107020326,0.052866586,0.030564845,0.044961855,-0.036946412,-0.11463167,0.1401547,0.035946283,0.037118398,0.019846667,0.029009687,-0.15128793,0.13914663,0.014150434,0.124002494,-0.016958024,0.0568241,-0.22760917,0.13180342
177,0.1227023,0.20226212,0.113218315,0.18786974,-0.0014275694,-0.17858292,0.11293115,0.2615502,0.086466655,-0.16112186,-0.07573021,0.021429388,0.07228329,0.068332024,0.06687431,-0.12654059,-0.09507891,0.10706674,0.053138796,0.030312387,0.0453054,-0.035620052,-0.11675181,0.14041594,0.036381718,0.036956802,0.020263221,0.031230815,-0.15340374,0.13945104,0.014675321,0.124199554,-0.01653784,0.059463527,-0.22983316,0.13217357
178,0.122795716,0.20439897,0.113448925,0.18601687,0.00038213923,-0.17830305,0.11332111,0.26369506,0.08713741,-0.15857543,-0.07366967,0.021551995,0.072821766,0.06919435,0.06762988,-0.12461698,-0.09279407,0.10707922,0.05378771,0.030192472,0.0460664,-0.0351421,-0.1143514,0.14029525,0.037113525,0.036749836,0.020992285,0.030513018,-0.15125404,0.13905297,0.015370837,0.12490805,-0.0159923,0.058102664,-0.22821158,0.13119192
179,0.123414226,0.2042465,0.11401603,0.1867405,-0.00067409396,-0.17818283,0.11380452,0.263229,0.087666735,-0.1606241,-0.07486187,0.0220976,0.07338171,0.068732955,0.06820321,-0.12639455,-0.09414925,0.107892826,0.05437985,0.030205814,0.046661004,-0.035646737,-0.11585755,0.14117266,0.037705638,0.037190605,0.021549867,0.031117478,-0.15283872,0.139883,0.015939055,0.12543751,-0.015433916,0.05921711,-0.22986646,0.13213143
180,0.121687464,0.20344599,0.112454444,0.1873558,0.0015883252,-0.17936397,0.112422764,0.26271853,0.0868272,-0.16082083,-0.07277162,0.021455575,0.072383896,0.06724451,0.06733021,-0.1271403,-0.09212344,0.10732536,0.05336366,0.02845851,0.045648277,-0.036685143,-0.1139637,0.14049071,0.036628764,0.03583071,0.020436797,0.03003186,-0.15116607,0.13900515,0.014793231,0.12451212,-0.016784871,0.058116835,-0.22844031,0.13094176
181,0.12336457,0.20474103,0.11404385,0.1868311,0.0006029009,-0.17849086,0.11394446,0.26387417,0.08821973,-0.16102585,-0.07372094,0.022420218,0.073807254,0.068259396,0.0688146,-0.12718205,-0.09304063,0.10845898,0.05487582,0.029444678,0.04722416,-0.03630917,-0.11484558,0.14167383,0.03821757,0.036882885,0.02201602,0.030683912,-0.15215062,0.1400866,0.016376851,0.12585634,-0.015170471,0.058821328,-0.22969098,0.13194966
182,0.12220477,0.20356496,0.112967424,0.18846126,0.000116485404,-0.18038096,0.112816595,0.265121,0.0874161,-0.16053402,-0.07426889,0.021443326,0.07308407,0.068300664,0.06819635,-0.12643522,-0.093496546,0.107881255,0.054324202,0.02874456,0.04671022,-0.035028595,-0.1151949,0.14120658,0.037769925,0.03608818,0.021574229,0.032222144,-0.15250993,0.13962749,0.016032785,0.12515152,-0.015588309,0.060447168,-0.23023929,0.13148652
183,0.122312866,0.20367043,0.11308681,0.18863012,0.0019241531,-0.18025626,0.11309496,0.26492217,0.08772068,-0.1614931,-0.072698645,0.021742268,0.07322198,0.067884415,0.06834947,-0.12784074,-0.09203573,0.10824519,0.054330032,0.028359568,0.046714067,-0.036459833,-0.113867,0.14148697,0.03769173,0.035916418,0.021466983,0.030977776,-0.15142347,0.13970703,0.0158617,0.12519826,-0.015842356,0.059245978,-0.22945923,0.13133258
184,0.122146495,0.20290394,0.11291468,0.19015811,0.00034291687,-0.18156639,0.11278443,0.2665102,0.0874572,-0.16086935,-0.07430072,0.021160686,0.07311543,0.06870543,0.06829412,-0.12666377,-0.09349424,0.1080929,0.054410804,0.028551226,0.046837017,-0.034495562,-0.11511691,0.14150932,0.037916467,0.035839904,0.021709876,0.033279523,-0.15257587,0.13979931,0.016229676,0.12502994,-0.015455384,0.061645646,-0.23075625,0.13153483
185,0.12393273,0.2046701,0.11461941,0.18958676,0.002730067,-0.17913952,0.11472071,0.26486364,0.08905893,-0.16133438,-0.07211407,0.022955462,0.07447179,0.06812476,0.06957873,-0.12777199,-0.09137229,0.10965024,0.05549049,0.028877426,0.047898337,-0.0361312,-0.1131052,0.14285639,0.038865358,0.03667593,0.022599446,0.031438064,-0.150871,0.14078757,0.017010981,0.12629779,-0.014735441,0.05962933,-0.22945772,0.13209021
186,0.12281664,0.20374368,0.11359051,0.19175006,0.0034461417,-0.18064024,0.11375007,0.2657392,0.088220194,-0.15926532,-0.07151027,0.022115836,0.07365952,0.06817949,0.068810195,-0.12562947,-0.0905109,0.10908351,0.054751873,0.028189495,0.04717669,-0.034248166,-0.11196235,0.14232133,0.038215064,0.035800587,0.021947866,0.03280663,-0.14972758,0.14017402,0.016467223,0.12560205,-0.015390113,0.060700294,-0.22860773,0.1312456
187,0.123175785,0.20331658,0.11391169,0.19301695,0.0030942922,-0.1813196,0.11404589,0.2667105,0.08838875,-0.16142704,-0.07211554,0.022004988,0.07382127,0.06864484,0.06895595,-0.12763421,-0.09129189,0.10934567,0.054884344,0.028422404,0.047318872,-0.035089143,-0.112907186,0.14269078,0.03833799,0.035985716,0.022062069,0.033017926,-0.15080665,0.14053743,0.01657768,0.12570569,-0.01528495,0.061392475,-0.22981973,0.13172716
188,0.123363025,0.2032041,0.11409961,0.19336799,0.0030951528,-0.18220676,0.11423897,0.26849672,0.08861455,-0.16310981,-0.07235572,0.021720119,0.07401851,0.06939607,0.06922036,-0.12936188,-0.091651835,0.10942736,0.05511306,0.028513579,0.047593936,-0.036141235,-0.11332411,0.1428941,0.038575742,0.0359313,0.02229431,0.03263813,-0.15129198,0.14071712,0.01677644,0.12577765,-0.015148899,0.06130749,-0.23042402,0.1318643
189,0.1229671,0.20269656,0.11373866,0.19582792,0.0041411542,-0.18205416,0.113966905,0.26641124,0.08842774,-0.16236159,-0.07144153,0.022086458,0.07377456,0.06776223,0.06894724,-0.12869799,-0.09066315,0.109856814,0.054797385,0.027529003,0.047244333,-0.035338677,-0.11230622,0.14323387,0.03824623,0.035497222,0.021910086,0.033473317,-0.15039107,0.14084463,0.016459795,0.12558475,-0.015591312,0.062124,-0.22981027,0.13175197
190,0.12212262,0.20127521,0.11291676,0.19785248,0.0042510466,-0.18288945,0.113144055,0.26520604,0.08783886,-0.16238472,-0.07149304,0.021866497,0.07320597,0.06647978,0.06838542,-0.12855017,-0.09069512,0.109872326,0.054253582,0.02655216,0.046672255,-0.034555707,-0.11229711,0.14325581,0.037713084,0.034901883,0.02134622,0.034676384,-0.15039949,0.14078502,0.01597788,0.12499231,-0.016142864,0.06350051,-0.22997858,0.13166766
191,0.12443942,0.20361881,0.11514315,0.19583435,0.005135941,-0.18087678,0.1154809,0.26597473,0.089817256,-0.16355859,-0.07061961,0.023395106,0.07501902,0.067542896,0.07020059,-0.13009603,-0.0899328,0.111317195,0.0559273,0.02782894,0.048388544,-0.03617446,-0.11171517,0.14459549,0.03933226,0.036285564,0.022950282,0.03322234,-0.1501868,0.1418878,0.017469127,0.12672351,-0.014604997,0.06204459,-0.23019558,0.13256682
192,0.12256002,0.20278749,0.113452174,0.19757831,0.0035350407,-0.18424085,0.11362701,0.2703499,0.088464476,-0.1600625,-0.07204724,0.021271009,0.07390931,0.06919451,0.06933986,-0.1260655,-0.09089809,0.10979225,0.05527569,0.027174406,0.047864478,-0.03224617,-0.11211879,0.1433423,0.03898288,0.03489794,0.022642009,0.036474686,-0.15031992,0.14075373,0.017361943,0.12575181,-0.014878448,0.06492893,-0.2305059,0.13125476
193,0.122501396,0.20364326,0.113488644,0.1974225,0.00534971,-0.18422952,0.11383323,0.27065754,0.08882858,-0.1614149,-0.070399106,0.021465335,0.07408855,0.06867116,0.069600485,-0.12800719,-0.089407004,0.110084094,0.05537017,0.026446946,0.04798927,-0.034182552,-0.11083296,0.14357874,0.03901055,0.034545645,0.022619052,0.03486967,-0.14929813,0.14075933,0.01725268,0.12605448,-0.015193684,0.06348352,-0.22975934,0.13089113
194,0.123518154,0.20459655,0.11447823,0.19646712,0.00709484,-0.18332005,0.11500317,0.2703348,0.08981142,-0.16450642,-0.06900371,0.022259789,0.074842036,0.0683436,0.0703236,-0.13165233,-0.08833189,0.11094516,0.055887207,0.026458237,0.0485007,-0.037389472,-0.11003261,0.14439493,0.039374005,0.034930434,0.022929171,0.03247104,-0.14872944,0.14137031,0.017414445,0.1267763,-0.015137675,0.06145535,-0.2293481,0.13127676
195,0.12284206,0.20238091,0.113769695,0.2016366,0.0051141926,-0.18389426,0.11410468,0.26685557,0.0889777,-0.16409828,-0.071060315,0.022425564,0.0742228,0.0659039,0.069581196,-0.13029398,-0.09028003,0.11148229,0.05534302,0.025401102,0.047875855,-0.034255244,-0.11184603,0.14502305,0.038920395,0.034705795,0.02241264,0.036611687,-0.15038677,0.14196914,0.017137757,0.12640844,-0.015457183,0.066036314,-0.23107503,0.1320701
196,0.12310877,0.20333141,0.11406691,0.20025209,0.006656685,-0.18387301,0.11455665,0.2686901,0.08940951,-0.16277188,-0.06949845,0.022355055,0.07453526,0.06703923,0.06996896,-0.12935674,-0.08858293,0.11139822,0.055632662,0.025714893,0.048211742,-0.03420558,-0.11000908,0.14486973,0.0392248,0.034688987,0.022732202,0.035910558,-0.14872855,0.1416674,0.01742991,0.12669729,-0.01519408,0.06491478,-0.2298361,0.13146262
197,0.12333312,0.20315228,0.11426275,0.19930139,0.0069684945,-0.18446338,0.11478758,0.27026117,0.08962318,-0.16508159,-0.069349416,0.022071267,0.07467445,0.06786706,0.07013753,-0.13176762,-0.088671535,0.11133523,0.05572939,0.026058612,0.048325993,-0.035904117,-0.110341184,0.14484176,0.039275877,0.0348267,0.022801211,0.035028335,-0.14931111,0.14163652,0.017435364,0.12669125,-0.015135073,0.06440298,-0.23060389,0.13157992
198,0.12348895,0.20266487,0.11438171,0.20030352,0.0059871944,-0.18450592,0.11481696,0.2696747,0.08972275,-0.16461281,-0.0702412,0.022308981,0.07485846,0.06750097,0.07032858,-0.13088553,-0.089492075,0.11173143,0.056000087,0.026070261,0.048594844,-0.034331836,-0.111119516,0.14524299,0.039617356,0.03508184,0.023136733,0.036955155,-0.15017445,0.14198521,0.017871318,0.12689292,-0.0146432975,0.06644792,-0.23172018,0.13203953
199,0.12230768,0.20195799,0.113290295,0.20001526,0.007772813,-0.18495181,0.113879055,0.2684807,0.08925623,-0.16440736,-0.06853443,0.022123426,0.074261405,0.06592268,0.06981839,-0.13108873,-0.08780245,0.11153009,0.055375893,0.024683446,0.04795587,-0.03485753,-0.10947192,0.1449128,0.03893785,0.034201223,0.022425054,0.036289856,-0.14870393,0.14146724,0.017148983,0.12634015,-0.015494224,0.065722324,-0.23050323,0.13127111
200,0.12269435,0.20215179,0.113658674,0.20018922,0.0082504805,-0.184691,0.11429827,0.26846135,0.089634664,-0.16394533,-0.06808089,0.022444973,0.07459798,0.06594394,0.070164144,-0.1306667,-0.08728695,0.1119321,0.055689912,0.02476122,0.048279982,-0.034385525,-0.10889105,0.14527985,0.039267395,0.034367982,0.022745296,0.036738586,-0.14825828,0.14169854,0.017497445,0.12660769,-0.0151477605,0.06609624,-0.23040417,0.13137966
201,0.12339262,0.20305145,0.114341274,0.19783558,0.0076736887,-0.18534775,0.11494091,0.27239954,0.09027354,-0.16422057,-0.0685598,0.02201318,0.075251974,0.06845298,0.070955686,-0.13089688,-0.08776515,0.11173049,0.056490608,0.025882963,0.049174752,-0.034521595,-0.10934375,0.1451714,0.04015406,0.03480899,0.023686862,0.036684137,-0.1488502,0.14162877,0.018412834,0.12709409,-0.0141418,0.06602401,-0.23128805,0.13136658
202,0.12300717,0.20247342,0.11397617,0.19888341,0.007895197,-0.1853365,0.114591576,0.27081406,0.090126425,-0.16391551,-0.06836347,0.022241501,0.07509814,0.0671177,0.07080987,-0.13051145,-0.08753249,0.112028606,0.056342747,0.025142238,0.04900412,-0.03378557,-0.10908791,0.14541665,0.040010806,0.034579437,0.023509448,0.037633706,-0.14866228,0.14174348,0.018298097,0.12700637,-0.014310151,0.06705598,-0.23130682,0.13139923
203,0.12168908,0.20102683,0.112723775,0.20015079,0.008604547,-0.18634589,0.113387264,0.26963538,0.08929216,-0.16374703,-0.06777851,0.021767624,0.07424257,0.06561203,0.06998889,-0.13035648,-0.08693029,0.111727946,0.055502992,0.023820397,0.048135754,-0.033305764,-0.1084274,0.14509408,0.039162513,0.033663288,0.022631632,0.038334098,-0.14802483,0.14131945,0.017485237,0.12618381,-0.015230492,0.067855276,-0.23084234,0.13087158
204,0.12407425,0.2020612,0.11496549,0.20176594,0.007530751,-0.18405785,0.11555595,0.2667427,0.09097117,-0.1683023,-0.06894307,0.023813305,0.07586709,0.06431923,0.071449295,-0.13468039,-0.08856281,0.11392285,0.056916,0.024519451,0.049512908,-0.035262085,-0.11066687,0.14728066,0.040483322,0.03535142,0.023878593,0.038687404,-0.15065219,0.1433118,0.018697077,0.12783445,-0.013950658,0.069265865,-0.23370014,0.13311791
205,0.12201132,0.20283006,0.11319364,0.20137085,0.009861463,-0.18575343,0.113979556,0.2689455,0.09017517,-0.1674621,-0.06642034,0.022604264,0.07488265,0.06390331,0.07073921,-0.13469316,-0.08602277,0.11276959,0.05603146,0.022565851,0.048717353,-0.036114905,-0.10833447,0.14603578,0.039622653,0.03354093,0.023002768,0.037471123,-0.14871411,0.14184389,0.017786227,0.12706229,-0.015194228,0.06793758,-0.23222125,0.13112241
206,0.1227591,0.20431478,0.113992974,0.20286725,0.007636763,-0.18527254,0.11458005,0.26914087,0.09091871,-0.16615286,-0.06823178,0.023256939,0.07578604,0.06374191,0.07175444,-0.13287027,-0.087647796,0.11363117,0.057190325,0.022561004,0.049961112,-0.03348087,-0.109915696,0.14696899,0.040981106,0.034030426,0.024324628,0.040490996,-0.15038386,0.14264932,0.019246317,0.12824456,-0.013835158,0.07110592,-0.23419957,0.13181292
207,0.122055754,0.20530184,0.11346874,0.20274915,0.0086972825,-0.18617506,0.11415014,0.27087995,0.09090278,-0.16742906,-0.06714266,0.02278985,0.07564172,0.06360845,0.07179126,-0.13467625,-0.08671144,0.113371536,0.057103798,0.021519475,0.04995372,-0.03510056,-0.10927235,0.14672342,0.040902767,0.03323801,0.0242145,0.039394192,-0.1500643,0.14223771,0.019075593,0.12827756,-0.014264776,0.07029869,-0.2341601,0.13108154
208,0.12154268,0.20681258,0.11312772,0.20137939,0.0106286,-0.18675698,0.1139903,0.27347204,0.09102886,-0.16610004,-0.06512785,0.022287225,0.07561039,0.064478,0.07194594,-0.13401861,-0.0845667,0.11288735,0.057116155,0.021000035,0.05005191,-0.03557517,-0.10704773,0.14618234,0.040943664,0.032513008,0.024252044,0.03812007,-0.14806142,0.14150518,0.019062983,0.12836841,-0.014490921,0.06864303,-0.2325782,0.12982014
209,0.12271329,0.20677339,0.114215285,0.20428473,0.0063295187,-0.18719931,0.11468671,0.27453703,0.09146618,-0.16670656,-0.06924106,0.022497455,0.07638086,0.065444194,0.072693765,-0.13333553,-0.0886072,0.113686875,0.058156442,0.022049297,0.051142186,-0.03256815,-0.11096574,0.1472614,0.04220345,0.033567756,0.025509933,0.042534877,-0.15183488,0.14269571,0.020512914,0.12928553,-0.012942279,0.07363062,-0.23642237,0.13141921
210,0.12159111,0.20751072,0.11328891,0.20447414,0.01065195,-0.18739423,0.114160046,0.27435058,0.09116603,-0.16507566,-0.06519618,0.022267794,0.07576182,0.06439802,0.07215068,-0.1328278,-0.08442957,0.11335558,0.057335977,0.02042903,0.050334767,-0.0337816,-0.10660412,0.14676914,0.04128877,0.032197993,0.024538219,0.040101368,-0.14764187,0.14184496,0.019468857,0.12882918,-0.01435005,0.07061921,-0.23267199,0.1296994
211,0.12254843,0.20724842,0.11416564,0.20572829,0.010131186,-0.18661219,0.115004465,0.27195382,0.09202863,-0.16984074,-0.06599743,0.023477774,0.076554425,0.06250877,0.072901845,-0.13753706,-0.085706,0.114852525,0.058018386,0.020029455,0.051002316,-0.03639663,-0.10838132,0.14831339,0.041876532,0.03288211,0.025050426,0.039633468,-0.14965788,0.14322858,0.019911325,0.12966429,-0.013958435,0.0711492,-0.23471306,0.13122593
212,0.120534845,0.20577732,0.11231141,0.20749584,0.009222633,-0.1892447,0.113032,0.27380615,0.0906912,-0.16820952,-0.06679041,0.021984383,0.075366646,0.062387012,0.071886726,-0.13554157,-0.086285226,0.11378403,0.057129994,0.018674644,0.05015524,-0.034017105,-0.10871989,0.1473671,0.04114297,0.0314907,0.024318632,0.042004094,-0.14989358,0.14230564,0.019332051,0.12863642,-0.014710289,0.07352075,-0.23510367,0.13020857
213,0.12261909,0.20996113,0.11442567,0.20350969,0.011591359,-0.18645242,0.115425475,0.27442306,0.093011834,-0.16677378,-0.064161,0.023703255,0.07740236,0.06303826,0.07406777,-0.13509576,-0.08354702,0.115102306,0.05906892,0.019321818,0.05219595,-0.03530957,-0.10596549,0.14848225,0.04306363,0.0324807,0.02619779,0.03956149,-0.14752224,0.14301825,0.021067094,0.13083108,-0.01312164,0.070503436,-0.2333461,0.13017558
214,0.12176244,0.20860735,0.11362268,0.20628239,0.009165037,-0.18814258,0.11437745,0.27488512,0.092268616,-0.16657683,-0.066527694,0.023015838,0.07689421,0.06260317,0.07362353,-0.13406639,-0.08580016,0.114932545,0.058828466,0.018649895,0.051980473,-0.032825112,-0.108025126,0.14851278,0.042983428,0.03205041,0.02609813,0.042827033,-0.1493936,0.14311175,0.021134993,0.13055815,-0.013144719,0.074116446,-0.23520024,0.13040502
215,0.12170557,0.20914553,0.113616385,0.20388407,0.011488772,-0.18837266,0.11460541,0.27625644,0.092638075,-0.16874358,-0.06445634,0.022866722,0.077017225,0.06292513,0.07383273,-0.13703358,-0.08397867,0.11483656,0.05881297,0.018340144,0.051991075,-0.03608769,-0.10641482,0.14836948,0.042844348,0.031739376,0.025947921,0.039840233,-0.14805262,0.14282282,0.020825662,0.1305931,-0.0135651,0.07127196,-0.23408915,0.12985721
216,0.12077011,0.2081852,0.11274756,0.20604613,0.011329206,-0.18925399,0.1137089,0.27564424,0.09192336,-0.1671868,-0.06459543,0.022417305,0.076372534,0.06204321,0.07319552,-0.13521928,-0.08391093,0.11460542,0.058241054,0.017442238,0.051413074,-0.034010146,-0.10608883,0.14818788,0.042352982,0.03106734,0.025432639,0.04183512,-0.14760883,0.14256914,0.020447468,0.13009694,-0.014064519,0.07321439,-0.23383118,0.12944922
217,0.121300176,0.2073633,0.113196395,0.20756572,0.010180664,-0.18903068,0.1140561,0.27378696,0.09221416,-0.17001939,-0.06586272,0.022994787,0.07670841,0.06074347,0.07346237,-0.13766368,-0.08544621,0.11549865,0.058548704,0.01729328,0.05170174,-0.0345533,-0.107885376,0.14917421,0.04265259,0.03160293,0.025689678,0.042962234,-0.1494975,0.1434971,0.020738412,0.13049984,-0.013750862,0.07510634,-0.2357617,0.130627
218,0.121690676,0.20871347,0.11362844,0.20529309,0.011891757,-0.18872121,0.11467196,0.27544937,0.092843145,-0.1701743,-0.06409021,0.023057075,0.077148706,0.06168897,0.07398602,-0.1384067,-0.08372444,0.11548649,0.05890708,0.017559893,0.05210026,-0.035940155,-0.10628347,0.14907075,0.042965498,0.031696327,0.026009431,0.0413322,-0.14821032,0.14323765,0.020972358,0.13095061,-0.013552117,0.073352024,-0.23489927,0.13012439
219,0.12212764,0.20931295,0.11407511,0.20468225,0.011873772,-0.188674,0.11513202,0.27626178,0.0932825,-0.17089474,-0.06403981,0.023185596,0.07755202,0.06208865,0.07442915,-0.13912918,-0.08373896,0.11577129,0.059320394,0.017801475,0.052544143,-0.0361946,-0.106387064,0.14937621,0.043398827,0.03202333,0.026433686,0.041543033,-0.14848794,0.14344953,0.021397412,0.13149124,-0.013139249,0.07375419,-0.23546451,0.13030386
220,0.12094308,0.20829606,0.112984456,0.20610946,0.011070517,-0.1900993,0.113948934,0.27671427,0.09235328,-0.1696795,-0.06468651,0.022298932,0.07673839,0.06176809,0.07365466,-0.13748656,-0.08422582,0.11516781,0.058650855,0.01709096,0.05187531,-0.03400579,-0.10669141,0.14885119,0.042831503,0.03137721,0.025861965,0.04387578,-0.14870906,0.14292778,0.020971753,0.13096753,-0.013637784,0.07615283,-0.23585993,0.12978935
221,0.12145587,0.20844202,0.11346694,0.2064343,0.010487787,-0.1894678,0.11438876,0.2754004,0.092818454,-0.16977313,-0.06511759,0.022947133,0.07722521,0.060927648,0.07413754,-0.13732845,-0.084659226,0.11591282,0.05916046,0.017074082,0.05238898,-0.033123538,-0.10717207,0.14958428,0.04338244,0.03191271,0.02638342,0.04527581,-0.14932182,0.14352223,0.02155864,0.13165183,-0.0130298305,0.0777591,-0.23676391,0.13040678
222,0.120781235,0.2095238,0.1129401,0.20433156,0.014413194,-0.18986498,0.11424337,0.277547,0.09276548,-0.16789603,-0.06135599,0.022357475,0.07686894,0.061824728,0.073879495,-0.13653795,-0.08071941,0.11519173,0.058635104,0.01653251,0.0518928,-0.034395367,-0.10296758,0.14872818,0.042776473,0.030938052,0.02577899,0.042514775,-0.14527576,0.14243312,0.020862339,0.1313006,-0.01393717,0.07428986,-0.23325397,0.12860236
223,0.12185262,0.20967898,0.11393654,0.20631789,0.012460403,-0.18934245,0.11507359,0.27654743,0.09343349,-0.16878332,-0.06324117,0.023176465,0.077665254,0.06131777,0.074639976,-0.13680094,-0.08261454,0.11633616,0.05951227,0.016851969,0.05279566,-0.03311353,-0.104851596,0.14999509,0.043751523,0.031785544,0.026713869,0.044855937,-0.1471602,0.14360937,0.021891072,0.13229714,-0.012908363,0.0770659,-0.23529571,0.12987635
224,0.120476365,0.20816179,0.11265721,0.20783131,0.012199587,-0.19191305,0.11374698,0.27907184,0.09238973,-0.17032772,-0.0637164,0.021739269,0.07666554,0.061890498,0.0737229,-0.13821158,-0.083196834,0.11543734,0.05862304,0.016085895,0.051928215,-0.033509795,-0.10546014,0.1492616,0.042895515,0.030744808,0.02586417,0.045335043,-0.14777982,0.14293215,0.021072641,0.1313132,-0.0138570415,0.07796411,-0.2359722,0.1292502
225,0.12159039,0.20987147,0.1137814,0.20700897,0.014025192,-0.1906053,0.11507551,0.27858767,0.093534134,-0.1726675,-0.06199299,0.022684358,0.077556565,0.061488647,0.074613385,-0.14125592,-0.08175887,0.11636338,0.05929058,0.016117206,0.052626,-0.03634683,-0.104398705,0.15012032,0.04345919,0.03123607,0.026379358,0.043221332,-0.14710349,0.14352903,0.021460889,0.13227294,-0.013582958,0.07618991,-0.23562643,0.12957798
226,0.12185431,0.20986108,0.11405467,0.2103514,0.012812724,-0.19024277,0.11522617,0.27672774,0.09352345,-0.17178039,-0.06304611,0.023132103,0.07765969,0.06033188,0.07463908,-0.13984077,-0.08267639,0.117030114,0.059424277,0.015851965,0.05276079,-0.033893496,-0.10522697,0.15084717,0.04369914,0.031492915,0.026574217,0.046210878,-0.14791383,0.14413297,0.021819232,0.13265721,-0.013288487,0.079394564,-0.23666963,0.13016543
227,0.12034146,0.20883258,0.11266799,0.21112475,0.0127231935,-0.19261162,0.11380564,0.2795811,0.092405476,-0.17094985,-0.06315845,0.021560548,0.07660533,0.06128852,0.073688395,-0.1388876,-0.08265074,0.11583523,0.05852211,0.0151568055,0.05188678,-0.032795876,-0.104978286,0.14976637,0.042876527,0.03029414,0.025774024,0.047248974,-0.14759022,0.14310499,0.021100782,0.1315808,-0.014135307,0.08041235,-0.2364933,0.12904811
228,0.12254503,0.21089663,0.11478088,0.20959044,0.012896438,-0.19084106,0.11598736,0.27950627,0.09425946,-0.17426656,-0.06307647,0.022970514,0.07831744,0.061549064,0.075400546,-0.14251561,-0.08289398,0.117351316,0.060108393,0.016047407,0.05353223,-0.035509158,-0.10556234,0.15132113,0.044412404,0.03162053,0.02726801,0.04574504,-0.14845404,0.1444716,0.022463486,0.13327335,-0.01278751,0.07943538,-0.23756889,0.1303351
229,0.121848784,0.21112368,0.11419845,0.20982762,0.014910338,-0.19074973,0.11560262,0.27820197,0.094180845,-0.17373051,-0.061123233,0.023112657,0.078063294,0.05990414,0.07520427,-0.14253616,-0.08090266,0.117482245,0.05975846,0.014674595,0.053190712,-0.03606827,-0.10353278,0.15138529,0.044023436,0.030907232,0.026820956,0.044910807,-0.14652632,0.14428453,0.022006072,0.13325615,-0.013501016,0.078501426,-0.23592171,0.12965074
230,0.120416686,0.21042594,0.11291286,0.21203652,0.013591693,-0.19277617,0.11415847,0.28027153,0.09300026,-0.17036217,-0.062171653,0.021785568,0.07708667,0.06056032,0.07431217,-0.13852698,-0.08153611,0.11649997,0.0590486,0.014023603,0.052508924,-0.03195339,-0.10369527,0.15050983,0.043508798,0.029930707,0.02631842,0.048461985,-0.1464984,0.14343725,0.021725036,0.13257056,-0.013909052,0.08177337,-0.23615283,0.12867539
231,0.12126863,0.21242958,0.11382242,0.2111838,0.0143056065,-0.19238764,0.115166,0.2823327,0.09383211,-0.16928284,-0.06147517,0.021987757,0.07784004,0.06191606,0.07514103,-0.13770938,-0.08065996,0.11679077,0.059806094,0.014452223,0.05334139,-0.03179585,-0.102499925,0.1508424,0.044316147,0.030098205,0.027109869,0.047986254,-0.14525576,0.14362822,0.02249486,0.13338682,-0.013295208,0.08096186,-0.23519589,0.12839139
232,0.12206399,0.21290225,0.11459859,0.21200764,0.015023952,-0.19169058,0.11603488,0.28099403,0.09453204,-0.17260876,-0.061106976,0.022723561,0.078407176,0.06082051,0.075660035,-0.14133447,-0.08061617,0.1177521,0.060205176,0.014176179,0.053754494,-0.03432496,-0.102696724,0.15186992,0.044636954,0.030446328,0.027367236,0.046755318,-0.14557214,0.1444853,0.022666946,0.13401057,-0.013258765,0.08032554,-0.23556657,0.12912345
233,0.12145768,0.21158677,0.11401507,0.21399042,0.014623431,-0.19231328,0.115395926,0.27938607,0.094101906,-0.17437662,-0.06165767,0.022669295,0.078005746,0.059130613,0.075239435,-0.14289506,-0.081333175,0.11800232,0.059808765,0.013229921,0.053339567,-0.034548435,-0.10355813,0.15219137,0.044236552,0.030167418,0.026924282,0.04769978,-0.1464709,0.14473382,0.022269947,0.13376226,-0.0137397535,0.08181862,-0.23649442,0.12946376
234,0.12146983,0.21062176,0.113989465,0.21454951,0.012867891,-0.19343147,0.11519576,0.2807581,0.09388565,-0.17535733,-0.06340814,0.022136742,0.07794908,0.059909806,0.07519272,-0.1432828,-0.08311764,0.11791139,0.059901625,0.013597454,0.053447776,-0.033551414,-0.10525928,0.15226561,0.044416,0.0303414,0.027116055,0.049628295,-0.14808546,0.14488417,0.022546418,0.13368315,-0.013397992,0.084141515,-0.23818865,0.12988435
235,0.12104595,0.21313292,0.113760084,0.20973058,0.017458415,-0.1929079,0.11544636,0.2830613,0.09442932,-0.17155944,-0.05872269,0.02196534,0.0781101,0.060960297,0.07555338,-0.14088567,-0.07809038,0.117291175,0.059925657,0.013088135,0.05352438,-0.034529533,-0.099828936,0.15139408,0.04436848,0.029514462,0.027066367,0.04608666,-0.14288025,0.14370584,0.02238239,0.13398592,-0.013818313,0.07944549,-0.23365426,0.12770611
236,0.12036476,0.21136864,0.11309426,0.212472,0.013745081,-0.19494924,0.11439224,0.28424817,0.09363967,-0.17195316,-0.062244,0.021126073,0.07767185,0.061100524,0.075172335,-0.14006726,-0.081545375,0.11712025,0.059851732,0.012870817,0.05348011,-0.031481896,-0.1031437,0.15149201,0.04449807,0.029413728,0.02719262,0.050445244,-0.14594863,0.1439365,0.022710782,0.13378732,-0.013490847,0.08438047,-0.23663086,0.1283176
237,0.1217219,0.21316588,0.11442918,0.21032603,0.016844392,-0.19285552,0.116083875,0.28224432,0.095202886,-0.1750237,-0.059478875,0.022652283,0.0788508,0.059667088,0.076342076,-0.14426507,-0.07914405,0.11849966,0.060683575,0.01256345,0.05433376,-0.03593497,-0.10109196,0.15276636,0.045146372,0.029997926,0.027765218,0.04657535,-0.14424655,0.14485493,0.02307145,0.13503364,-0.013297757,0.08078713,-0.23523721,0.12876326
238,0.12133116,0.21281439,0.11410237,0.2130827,0.015594131,-0.19296531,0.115623765,0.28043875,0.09493529,-0.17283948,-0.06056627,0.022889605,0.07873999,0.058077604,0.076238945,-0.14151165,-0.079915956,0.118951514,0.06072229,0.011687793,0.054388173,-0.032695986,-0.10149028,0.15329345,0.04532968,0.029838022,0.027892599,0.049688533,-0.14444247,0.14525306,0.023378616,0.1353707,-0.013159948,0.083836384,-0.23556593,0.12893848
239,0.12161066,0.21285318,0.1143912,0.21285552,0.015113991,-0.1937795,0.11587641,0.28241533,0.09510717,-0.1750706,-0.061246935,0.022502596,0.07892286,0.059076697,0.07645478,-0.14366691,-0.08075394,0.11896346,0.060939632,0.011951534,0.054643113,-0.03383036,-0.10233925,0.1534557,0.04555666,0.029893676,0.028113961,0.049514245,-0.14527173,0.1454236,0.023568366,0.13550358,-0.013029725,0.08408719,-0.23641987,0.12913972
240,0.12122049,0.21305339,0.11407794,0.21332912,0.016442427,-0.19372095,0.11569329,0.28160158,0.095036805,-0.17472118,-0.059919864,0.022509627,0.078730464,0.05809477,0.07627815,-0.14367004,-0.079410635,0.11900567,0.060657833,0.0111502865,0.05436711,-0.033998035,-0.10100618,0.15346165,0.04525792,0.029470181,0.027777541,0.04933798,-0.1440709,0.14524831,0.023248328,0.13546053,-0.013512809,0.08393753,-0.23550737,0.12867495
241,0.1216641,0.21407028,0.11454147,0.21232449,0.018660134,-0.19293837,0.11640525,0.28131247,0.09558438,-0.17532353,-0.057796925,0.022877559,0.079038456,0.05790559,0.076570384,-0.14494781,-0.07738427,0.11930757,0.060742334,0.011046198,0.05446212,-0.035735443,-0.09911152,0.15368064,0.04526004,0.029501205,0.027755508,0.04759477,-0.14246945,0.14526118,0.023154182,0.13577065,-0.013700219,0.082204774,-0.23427242,0.12839012
242,0.12223384,0.21400039,0.115075134,0.21294613,0.014500121,-0.19452755,0.116534434,0.28530672,0.09542272,-0.17590627,-0.06164268,0.021851784,0.079237364,0.060748592,0.07678507,-0.14423023,-0.08117569,0.11891582,0.061277263,0.012516658,0.055049565,-0.032828264,-0.10275817,0.15357761,0.046010442,0.03016061,0.028550329,0.0517592,-0.14591503,0.14538577,0.024113135,0.13610968,-0.0125925355,0.08688185,-0.23774475,0.12904777
243,0.12107779,0.21404088,0.11406717,0.21314049,0.015974896,-0.19559978,0.11566781,0.28664312,0.09460522,-0.1744642,-0.060173437,0.020796062,0.078330226,0.061097525,0.075890385,-0.14305915,-0.07954997,0.11794422,0.060305893,0.011794463,0.05407144,-0.032284744,-0.10090188,0.15260275,0.04503969,0.029136276,0.027574755,0.051718865,-0.14403167,0.14434542,0.023185372,0.1354505,-0.013716035,0.08661592,-0.23611921,0.12766507
244,0.12214413,0.2135284,0.11501461,0.21569256,0.016638787,-0.19322683,0.11670443,0.27954495,0.095499694,-0.17918025,-0.059807044,0.022967996,0.07906045,0.056347284,0.076413445,-0.14796354,-0.07971194,0.12017634,0.06069541,0.010756888,0.05440694,-0.0350538,-0.101700775,0.1548057,0.045289118,0.030146759,0.027701339,0.051290687,-0.14510857,0.14621155,0.023261609,0.13652116,-0.013700254,0.08726677,-0.2372206,0.12961443
245,0.12038052,0.21416987,0.11351587,0.21409811,0.019059727,-0.19487503,0.115428515,0.2827094,0.09475083,-0.17699704,-0.057389054,0.021594588,0.078136,0.057152938,0.075673655,-0.1465219,-0.07705282,0.11881252,0.059787773,0.009433792,0.05352799,-0.035233468,-0.0986945,0.15338796,0.044361472,0.028447676,0.026773522,0.04984461,-0.14209077,0.14467898,0.022320267,0.13569085,-0.014972206,0.08530646,-0.23455171,0.12741053
246,0.12090851,0.21570358,0.1141044,0.2143884,0.01642276,-0.19525003,0.11576263,0.28564745,0.09512926,-0.17288142,-0.059461467,0.021357942,0.07878261,0.05921746,0.07646068,-0.14156239,-0.07859836,0.11879226,0.060812995,0.010269968,0.054644953,-0.030313892,-0.09967995,0.15347303,0.045657717,0.028857835,0.02808478,0.053916227,-0.14290038,0.14476304,0.023836514,0.1366159,-0.01348528,0.088957645,-0.23569307,0.12735547
247,0.12124258,0.21476635,0.11437701,0.21518245,0.016257351,-0.1950033,0.116024435,0.28328413,0.09545375,-0.1778618,-0.059944652,0.021992542,0.07904685,0.05715644,0.07666711,-0.14661123,-0.079602465,0.11975551,0.060964834,0.009679915,0.054789934,-0.033235963,-0.10119355,0.15453057,0.04572721,0.0292559,0.028098783,0.05327728,-0.1446044,0.14569783,0.023777489,0.13693464,-0.013573674,0.08937024,-0.23734304,0.12852442
248,0.12105427,0.2150558,0.11423875,0.21333225,0.017886464,-0.19541986,0.11606277,0.28471538,0.0956006,-0.17922285,-0.058475714,0.021668902,0.07901275,0.05762776,0.07669494,-0.1485548,-0.07828377,0.11951233,0.06082727,0.009411452,0.05466662,-0.035378926,-0.09995962,0.15427183,0.045508355,0.028888043,0.02787622,0.051359084,-0.14352106,0.14534342,0.023464259,0.13681224,-0.013985475,0.08758076,-0.23647116,0.12796408
249,0.12109546,0.21583776,0.11432837,0.21330827,0.01853372,-0.19491348,0.116226286,0.2843619,0.0957247,-0.17581369,-0.057637207,0.021817992,0.07911847,0.057553414,0.07680914,-0.14515589,-0.07706502,0.11956937,0.060930867,0.009286249,0.05478416,-0.03297182,-0.098284714,0.15427679,0.045684803,0.028798535,0.028037697,0.05256445,-0.14175351,0.14520903,0.023732502,0.13708751,-0.013809541,0.08823812,-0.2350619,0.12744008
250,0.12140946,0.21535118,0.114589386,0.2144102,0.016834175,-0.19538487,0.11631946,0.28506476,0.095645174,-0.1749556,-0.059262134,0.021607349,0.07921585,0.05828342,0.076878905,-0.14361988,-0.07851941,0.11966374,0.061158974,0.009807435,0.055026334,-0.030602202,-0.09943053,0.15449029,0.046027858,0.029088316,0.028388273,0.055156503,-0.14268115,0.14546195,0.024210986,0.13715172,-0.013273554,0.090888076,-0.23606895,0.12782474
