Epoch,Layer0_theta_1,Layer0_r,Layer0_theta_2,Layer0_bx,Layer0_bp,Layer0_kappa,Layer1_theta_1,Layer1_r,Layer1_theta_2,Layer1_bx,Layer1_bp,Layer1_kappa,Layer2_theta_1,Layer2_r,Layer2_theta_2,Layer2_bx,Layer2_bp,Layer2_kappa,Layer3_theta_1,Layer3_r,Layer3_theta_2,Layer3_bx,Layer3_bp,Layer3_kappa,Layer4_theta_1,Layer4_r,Layer4_theta_2,Layer4_bx,Layer4_bp,Layer4_kappa,Layer5_theta_1,Layer5_r,Layer5_theta_2,Layer5_bx,Layer5_bp,Layer5_kappa
1,-0.054031193,0.06422168,-0.05255332,0.061509363,-0.06467281,0.05743482,-0.05215949,0.06535598,-0.05226662,0.060999177,-0.071444154,0.05747876,-0.05141199,0.06512809,-0.051605746,0.06545769,-0.07341283,0.050992265,-0.050683554,0.06541674,-0.051386803,0.07162523,-0.072866626,0.048027776,-0.050966006,0.061896928,-0.051885314,0.07522694,-0.072562635,0.050590344,-0.052224535,0.059002057,-0.052216522,0.076767795,-0.072579585,0.051530894
2,-0.037030924,0.117853016,-0.028178735,0.08457967,-0.123077236,0.021668747,-0.027310256,0.11160733,-0.028310562,0.08515063,-0.120548755,0.03563172,-0.027179329,0.09704884,-0.031172197,0.09723996,-0.12205185,0.030681007,-0.029813342,0.07892196,-0.037054084,0.11574359,-0.12579383,0.041153323,-0.036681514,0.05647252,-0.03888706,0.12708488,-0.12995695,0.03702449,-0.04044587,0.06756289,-0.03605952,0.13493617,-0.12649742,0.02100778
3,-0.03731728,0.14111722,-0.023084855,0.11189844,-0.15462708,0.0006879065,-0.024168892,0.13071677,-0.026224291,0.11185446,-0.1282668,0.04625034,-0.028092163,0.10648671,-0.03226286,0.11934625,-0.123430036,0.053423487,-0.033494547,0.08848699,-0.040718734,0.13539428,-0.129999,0.06202869,-0.042254332,0.0646376,-0.044530846,0.14463452,-0.14303547,0.047750663,-0.046446886,0.07970571,-0.042019546,0.1566337,-0.14758371,0.025298415
4,-0.0494817,0.146158,-0.029985324,0.12815696,-0.18979539,-0.0017319275,-0.031069439,0.13118051,-0.029658226,0.1309395,-0.14845861,0.039360233,-0.032464784,0.10863737,-0.03454084,0.1442101,-0.13726974,0.04679505,-0.037645973,0.08905321,-0.043100413,0.15950668,-0.13686661,0.053685825,-0.047762007,0.07566849,-0.048353296,0.16099395,-0.14354476,0.03545095,-0.053184893,0.093186535,-0.051950913,0.17184438,-0.1627962,0.02349645
5,-0.06035534,0.147177,-0.037099697,0.13993438,-0.2198358,-0.0024330148,-0.03808804,0.13164884,-0.03529132,0.14304878,-0.16580303,0.035573885,-0.03837162,0.10921513,-0.04168235,0.16249125,-0.15329689,0.04683376,-0.045390937,0.08178886,-0.05035073,0.17957798,-0.14541957,0.0592035,-0.057347644,0.085376866,-0.054061327,0.17433731,-0.14110343,0.030571634,-0.062036272,0.10921872,-0.06358112,0.18203641,-0.17208415,0.03126865
6,-0.06560987,0.14120954,-0.040048175,0.14692785,-0.23686107,-0.0056225033,-0.04112887,0.12753628,-0.03814717,0.14883521,-0.17486528,0.03536594,-0.041294064,0.10577718,-0.04350077,0.1716679,-0.16274218,0.040896077,-0.047292233,0.079636686,-0.050858706,0.19076015,-0.14905292,0.054014083,-0.059428968,0.089998856,-0.054402716,0.18235914,-0.13981436,0.020626402,-0.064322904,0.11521461,-0.06804031,0.18788254,-0.17533544,0.032730497
7,-0.06682037,0.13708581,-0.039982602,0.15195353,-0.24799298,-0.008333853,-0.04132936,0.12606767,-0.039210573,0.15159906,-0.18110292,0.03621266,-0.04217486,0.10424001,-0.044299696,0.17621462,-0.16795678,0.039457098,-0.04802778,0.07714063,-0.05186233,0.19588275,-0.15023258,0.05948157,-0.06123083,0.090084516,-0.054311905,0.18701595,-0.14136161,0.017112024,-0.065045685,0.115280606,-0.06862185,0.19184417,-0.1783998,0.033609167
8,-0.066208646,0.13469176,-0.03851071,0.15424569,-0.25138894,-0.011932036,-0.040143535,0.12523475,-0.038971797,0.15141107,-0.1831598,0.036272984,-0.04160895,0.10412129,-0.04310489,0.17559184,-0.1679862,0.03806471,-0.04666378,0.07864462,-0.051231425,0.19355129,-0.1489682,0.06304213,-0.06029518,0.087297454,-0.05331043,0.18850945,-0.14896463,0.013344873,-0.0631968,0.10715578,-0.066358574,0.19521564,-0.18454216,0.03516357
9,-0.06584313,0.1320983,-0.03755061,0.15685056,-0.2533475,-0.012466633,-0.039755873,0.12483981,-0.03925122,0.15060702,-0.18434845,0.03792351,-0.04154617,0.10475957,-0.042476043,0.17407599,-0.16952327,0.036175575,-0.045405153,0.080322824,-0.050780937,0.1921029,-0.14962696,0.064554565,-0.0593443,0.08367793,-0.052390423,0.19146328,-0.15563804,0.011240731,-0.06200969,0.098695934,-0.064671025,0.19859418,-0.188537,0.038218766
10,-0.0656918,0.12922771,-0.036724355,0.15871961,-0.25408855,-0.011850106,-0.039413862,0.12497942,-0.039595816,0.14970252,-0.18397112,0.040372998,-0.041717414,0.1041383,-0.04216831,0.1723875,-0.17110054,0.03440044,-0.04442386,0.081646,-0.050219387,0.19109699,-0.15048096,0.064457454,-0.058348004,0.080284186,-0.05122866,0.19416,-0.16100587,0.0084839435,-0.06076342,0.091774166,-0.062922835,0.2013618,-0.19185188,0.039193936
11,-0.064531,0.12897298,-0.034859475,0.16132796,-0.25801212,-0.012075861,-0.037966937,0.12673509,-0.03841033,0.15105973,-0.18427393,0.0400443,-0.04078385,0.10368956,-0.042243637,0.17313619,-0.17148234,0.035831913,-0.044578653,0.07898692,-0.051587142,0.19151522,-0.15035982,0.07187363,-0.05980686,0.07731014,-0.050834633,0.19543703,-0.16336636,0.008430464,-0.060371224,0.08873893,-0.060992338,0.20286824,-0.19384067,0.036353488
12,-0.06462946,0.12643975,-0.034567446,0.16342735,-0.25895426,-0.012160602,-0.038203105,0.12678157,-0.038696233,0.15110333,-0.18292712,0.041667167,-0.041238904,0.10213182,-0.0425118,0.17242979,-0.17367676,0.0337568,-0.044250607,0.07898096,-0.0511193,0.1923876,-0.15188658,0.06922108,-0.059157286,0.0751327,-0.049678113,0.19807556,-0.16560626,0.0050873533,-0.05967269,0.08574204,-0.059886664,0.20492694,-0.19551055,0.034519218
13,-0.0657939,0.12619847,-0.035113823,0.16714714,-0.2617187,-0.010624606,-0.039566502,0.12983221,-0.03970831,0.15230267,-0.18223853,0.042890947,-0.042627648,0.102095835,-0.045348782,0.17349379,-0.17745152,0.035656497,-0.046584763,0.076458804,-0.054273486,0.19529827,-0.15491165,0.07420823,-0.062194023,0.07497427,-0.0510627,0.20026504,-0.16462526,0.008385022,-0.061854303,0.08870478,-0.060901765,0.2057052,-0.1964174,0.033907548
14,-0.064917676,0.12597418,-0.0345678,0.17141901,-0.26222828,-0.009242986,-0.040234204,0.13140899,-0.040458262,0.15382735,-0.17962676,0.04282195,-0.044035047,0.099774875,-0.048102744,0.17357573,-0.17967778,0.037552908,-0.04891983,0.07427087,-0.056276377,0.19630753,-0.15731373,0.073628984,-0.06379464,0.07515508,-0.052141212,0.20270692,-0.1664701,0.008590775,-0.06337041,0.08815551,-0.062063497,0.20756435,-0.19990005,0.03469555
15,-0.06334223,0.12642603,-0.03315809,0.17470005,-0.26449242,-0.010663655,-0.039594132,0.13301174,-0.03987975,0.15502325,-0.17988592,0.03890068,-0.04368008,0.09839306,-0.048849452,0.1750842,-0.18149388,0.035622995,-0.04964953,0.071611,-0.05728487,0.19781522,-0.1576884,0.07374686,-0.06505246,0.07491389,-0.052550912,0.20427164,-0.16675888,0.008200172,-0.06420835,0.0865169,-0.062336873,0.20879942,-0.20131543,0.034850676
16,-0.061300233,0.1253452,-0.031710617,0.17764972,-0.26509944,-0.012445563,-0.038984597,0.13263863,-0.040219836,0.15596512,-0.17842402,0.038690936,-0.044407595,0.09498784,-0.049844366,0.17469764,-0.1829734,0.034581866,-0.050256275,0.07121398,-0.057153806,0.19779007,-0.1591744,0.06929256,-0.06452172,0.07449546,-0.052073073,0.20681329,-0.17035201,0.0049971254,-0.06394765,0.083286,-0.062128164,0.21115611,-0.20580088,0.034783278
17,-0.059708253,0.12656568,-0.029970342,0.17932588,-0.26920626,-0.0150190685,-0.03736202,0.1357519,-0.039081626,0.15597893,-0.17985128,0.034876987,-0.04307767,0.09485831,-0.049683336,0.17577673,-0.18537003,0.031116625,-0.04985346,0.06878423,-0.057889316,0.19948709,-0.15979594,0.071041055,-0.06549918,0.07278984,-0.05165527,0.20842382,-0.16982281,0.0051163617,-0.064133495,0.081069864,-0.06117913,0.21188305,-0.20532677,0.034394264
18,-0.05698297,0.12454241,-0.026575495,0.18294722,-0.27276343,-0.015571815,-0.03478888,0.13679104,-0.038008224,0.15964921,-0.17706951,0.035042528,-0.04306636,0.08930904,-0.05063878,0.1776363,-0.1851175,0.03147468,-0.05136578,0.06451101,-0.058898903,0.2006587,-0.1589534,0.07160692,-0.06708206,0.07449899,-0.05219892,0.2098538,-0.17101829,0.0027765753,-0.06490959,0.0811845,-0.06178365,0.21362235,-0.2084831,0.034245428
19,-0.057381764,0.123096295,-0.026149565,0.18538368,-0.277802,-0.009736243,-0.034583617,0.13721249,-0.038446844,0.16188899,-0.18027543,0.036513105,-0.04363535,0.086239085,-0.05112612,0.17987014,-0.18630412,0.030106904,-0.05212522,0.06276032,-0.060018484,0.20226684,-0.159545,0.071639284,-0.068428576,0.0713728,-0.05230804,0.2134763,-0.17342156,0.0011000435,-0.0658216,0.07541069,-0.061649676,0.21756849,-0.2098005,0.035196383
20,-0.0557023,0.122461945,-0.023720512,0.18720722,-0.28227895,-0.008409671,-0.032333687,0.1390315,-0.036937453,0.1646047,-0.1813583,0.035562772,-0.042523798,0.08351837,-0.050387595,0.18275924,-0.1854939,0.029779442,-0.052252013,0.059686705,-0.061176404,0.20333011,-0.15761405,0.07744711,-0.0704249,0.06914491,-0.052319407,0.21379599,-0.17420189,0.0011839842,-0.065820344,0.07286506,-0.059839945,0.21843842,-0.2097589,0.032193676
21,-0.053423006,0.118766904,-0.021277435,0.19246088,-0.28490105,-0.008969173,-0.03125851,0.13616478,-0.03699865,0.1701578,-0.17713036,0.03790786,-0.044283025,0.07731992,-0.051910218,0.18458155,-0.18392465,0.03180012,-0.054631546,0.057759237,-0.062407203,0.20397246,-0.15718032,0.075591795,-0.071942486,0.07053603,-0.053875692,0.21579964,-0.17753252,-0.00084914104,-0.067439474,0.07290467,-0.061459053,0.2209437,-0.2144921,0.031411223
22,-0.052066967,0.117758155,-0.019633155,0.19663934,-0.28906846,-0.008426114,-0.030476348,0.13641709,-0.0365155,0.17430241,-0.17948335,0.03626524,-0.0443701,0.074620284,-0.052115392,0.18861127,-0.18323581,0.031617735,-0.055980407,0.055970952,-0.06435616,0.20576255,-0.15665598,0.078066036,-0.07450683,0.06928852,-0.055397324,0.21754457,-0.17871551,9.842473e-05,-0.06931958,0.07007516,-0.062226765,0.22304732,-0.21594965,0.031987857
23,-0.05183199,0.117319964,-0.019201383,0.19998194,-0.29248843,-0.009334467,-0.030684285,0.1357976,-0.0358704,0.1779685,-0.1835651,0.033964675,-0.04397166,0.07359941,-0.051231295,0.19229911,-0.18208295,0.030687891,-0.05623146,0.056288626,-0.06550044,0.20642085,-0.15712826,0.07827623,-0.07567387,0.064436466,-0.05564417,0.22009356,-0.18276969,-0.0016029433,-0.06976038,0.062774375,-0.06122649,0.22638978,-0.21904884,0.0299554
24,-0.054195132,0.11297536,-0.020265102,0.20473553,-0.2946013,-0.0075220848,-0.03286768,0.13365538,-0.036678653,0.18286313,-0.18507782,0.034456935,-0.045679223,0.07094048,-0.05184702,0.19656196,-0.18095508,0.030802645,-0.05815287,0.057021283,-0.067401566,0.2080625,-0.1566308,0.078072354,-0.0781473,0.06178363,-0.057749484,0.22257094,-0.1863408,-0.0023811199,-0.07206143,0.058026846,-0.06248581,0.23010252,-0.22025831,0.029589381
25,-0.057276435,0.11339117,-0.022042634,0.20648044,-0.29782853,-0.0046585454,-0.034729168,0.13717428,-0.036709953,0.18444355,-0.18953596,0.03212439,-0.04547838,0.073259264,-0.051374648,0.20035733,-0.1815284,0.027112775,-0.05835833,0.056835447,-0.06943406,0.21036832,-0.15590082,0.08087982,-0.08098331,0.057895992,-0.05889905,0.22397546,-0.18587993,-0.0017128804,-0.073770694,0.05324138,-0.06222455,0.23239462,-0.21629182,0.029548401
26,-0.06286804,0.11413682,-0.026109101,0.2100604,-0.30174938,0.0004497074,-0.03922158,0.14078039,-0.03949228,0.18674271,-0.19028345,0.033265814,-0.048801243,0.07489901,-0.055198185,0.20363362,-0.18353209,0.027378045,-0.06257548,0.05523024,-0.074826136,0.214051,-0.15574478,0.08516846,-0.08733668,0.057541918,-0.0641759,0.22535023,-0.18351406,0.0030333397,-0.079619646,0.05369287,-0.06650269,0.23433365,-0.21056288,0.033184085
27,-0.06336642,0.11464128,-0.02621944,0.21323107,-0.30681422,-0.0003384457,-0.03975229,0.13930686,-0.039027166,0.19055608,-0.18498093,0.03099856,-0.049816467,0.07152769,-0.056507178,0.20568693,-0.18144722,0.026014151,-0.06499168,0.05225633,-0.07667042,0.21450837,-0.15256399,0.084732994,-0.090365656,0.059678808,-0.06764253,0.22429706,-0.18693808,0.00087628956,-0.08194713,0.052927095,-0.068792775,0.23539355,-0.21345139,0.031975944
28,-0.061982464,0.11600132,-0.02587196,0.21711467,-0.30869007,-0.00015297846,-0.04039678,0.1388706,-0.039899763,0.19233777,-0.17910896,0.031277675,-0.05188041,0.070142485,-0.05919209,0.20505886,-0.18178178,0.02409901,-0.067598514,0.050396204,-0.07922227,0.21446528,-0.15299873,0.08143636,-0.092798784,0.061869305,-0.070658386,0.22542883,-0.18949926,-0.00068453833,-0.084762506,0.053402692,-0.07186271,0.23728354,-0.21724308,0.03368903
29,-0.05997286,0.116862506,-0.024290072,0.21985696,-0.31151047,-0.0013544748,-0.03943394,0.14041445,-0.039377395,0.19448858,-0.17679407,0.02981167,-0.05207334,0.069938764,-0.059927203,0.20667975,-0.18184118,0.021325463,-0.06871489,0.048918884,-0.08106558,0.21614937,-0.15276305,0.081386544,-0.09512417,0.06309783,-0.07264782,0.22501023,-0.1860192,0.0002919525,-0.08704608,0.057162378,-0.0737023,0.23607771,-0.21456234,0.03358322
30,-0.060118884,0.11690775,-0.025310239,0.22379105,-0.31290114,0.0024762233,-0.04144096,0.14118971,-0.04155299,0.1955043,-0.17588465,0.033426393,-0.054692097,0.072378635,-0.062647395,0.2063301,-0.18469909,0.020714879,-0.07071806,0.051304914,-0.08407857,0.21735267,-0.15724418,0.078876376,-0.09696446,0.061052915,-0.074153095,0.2279232,-0.18438521,0.0011941546,-0.08975964,0.05979459,-0.07564061,0.23711853,-0.21357246,0.0336778
31,-0.05704629,0.11950968,-0.023184562,0.22814669,-0.31695503,0.0029647804,-0.040322743,0.14280967,-0.041050892,0.19934751,-0.17355818,0.034801953,-0.055228263,0.071615554,-0.06412453,0.2075357,-0.18290849,0.026095102,-0.073037244,0.050997183,-0.08792755,0.21506338,-0.15918854,0.084578745,-0.099712,0.05995423,-0.07546839,0.22802341,-0.19155449,0.00044364808,-0.08988231,0.060622707,-0.07415626,0.23870577,-0.22400412,0.028975176
32,-0.051574636,0.12575665,-0.018547775,0.22862655,-0.3201143,0.0047055595,-0.03579029,0.14903624,-0.03743521,0.20217413,-0.17681064,0.02941518,-0.05151481,0.06991252,-0.06193884,0.21134332,-0.17768218,0.030642575,-0.07300817,0.04785062,-0.09026539,0.21029468,-0.15662402,0.0958213,-0.101842076,0.05842489,-0.07545623,0.224324,-0.20465297,-0.0023174407,-0.086352415,0.054130293,-0.068061054,0.24017681,-0.23905022,0.020973746
33,-0.04106963,0.12581748,-0.010958604,0.23472978,-0.31720012,0.0024641557,-0.03084734,0.14862216,-0.035121944,0.20259428,-0.18147145,0.029728359,-0.048498053,0.06922518,-0.057811197,0.21120255,-0.18033586,0.024227336,-0.06782455,0.05191274,-0.08597713,0.21081746,-0.16001041,0.090803,-0.09649996,0.051334027,-0.068269424,0.22561416,-0.19932547,-0.004365831,-0.08113458,0.04913381,-0.06002955,0.24004419,-0.22965755,0.016531264
34,-0.0340662,0.12184421,-0.005752186,0.24154009,-0.31574336,-0.0002208054,-0.028175754,0.1441906,-0.0349672,0.2065561,-0.18264976,0.029733948,-0.048955094,0.06223287,-0.05753048,0.21534361,-0.18092683,0.020908207,-0.06824875,0.050625365,-0.08575911,0.2149836,-0.15881452,0.08931966,-0.09765718,0.052225333,-0.0695033,0.2246756,-0.1931679,-0.0010157413,-0.08300888,0.052290723,-0.06064616,0.23763013,-0.21959037,0.017327562
35,-0.032661494,0.12013964,-0.0058107134,0.24497549,-0.31264535,0.0033120557,-0.029612534,0.14428166,-0.036983237,0.20622346,-0.18413441,0.030227398,-0.050807476,0.05844763,-0.05901102,0.21650732,-0.18187977,0.019160092,-0.06979069,0.049946602,-0.08747264,0.21429835,-0.15877059,0.088357426,-0.09925668,0.051352326,-0.07134904,0.22559232,-0.20193146,-0.0028960404,-0.083612435,0.04466644,-0.06002352,0.2420616,-0.22315411,0.018093098
36,-0.03265534,0.12143005,-0.007217537,0.24780777,-0.30741325,0.010810715,-0.03229328,0.1480524,-0.04029158,0.20510007,-0.18711361,0.033436265,-0.05366568,0.0566502,-0.06250017,0.21740098,-0.18359159,0.022309775,-0.07320481,0.048285596,-0.09246766,0.2132129,-0.16100155,0.09270253,-0.10339713,0.05120249,-0.07395428,0.22805934,-0.21055831,-0.0014078581,-0.08566224,0.039738417,-0.059791077,0.24870218,-0.22651948,0.021847371
37,-0.025534201,0.12046715,-0.0003366586,0.2506612,-0.30400854,0.00850387,-0.027117895,0.14785516,-0.03684261,0.20720969,-0.18413772,0.03216905,-0.050848715,0.052285317,-0.060154743,0.21858996,-0.18239807,0.019205801,-0.07129993,0.042880382,-0.091160156,0.21379584,-0.16083245,0.09117189,-0.10225176,0.054232825,-0.07212226,0.22694862,-0.20557876,-0.0005538293,-0.084374204,0.04813146,-0.057758395,0.24670029,-0.22209261,0.021204539
38,-0.024153424,0.12065128,0.00031246277,0.25347224,-0.30610827,0.010824299,-0.027070504,0.14794613,-0.037284315,0.20867707,-0.1855207,0.03269059,-0.051405832,0.05285415,-0.061161768,0.22021283,-0.18410425,0.01734818,-0.07221212,0.04142648,-0.093048915,0.2160102,-0.16326077,0.089735776,-0.10389335,0.054766383,-0.0727189,0.2282113,-0.20028315,0.0014299348,-0.08628341,0.054872677,-0.058564138,0.24632399,-0.21644345,0.021773016
39,-0.024196167,0.12297535,-0.0006638543,0.25411516,-0.31055033,0.012458368,-0.027657617,0.15116267,-0.03829739,0.20822391,-0.18598726,0.031902816,-0.05232604,0.054740347,-0.06286592,0.2201647,-0.18568483,0.014491419,-0.07355556,0.04025847,-0.09560758,0.21601306,-0.16556023,0.08779083,-0.10575603,0.05563254,-0.073840305,0.22905317,-0.19982943,0.0007157405,-0.087703764,0.05764427,-0.05928854,0.24718581,-0.21681766,0.021758113
40,-0.022103293,0.12458263,0.0006124851,0.25368536,-0.31192577,0.010176717,-0.026204895,0.15153916,-0.037895814,0.20992015,-0.18180025,0.029378878,-0.05282837,0.05103314,-0.06421727,0.22016391,-0.18263417,0.013897984,-0.075913355,0.0357018,-0.0986233,0.2130996,-0.16460235,0.087475285,-0.10847513,0.05832511,-0.07662733,0.22837189,-0.20874947,-0.003007534,-0.088548824,0.055659834,-0.05999024,0.24992733,-0.22672139,0.020140693
41,-0.020588065,0.12442909,0.0012852884,0.2538731,-0.31298685,0.010449568,-0.025520172,0.15112983,-0.038253356,0.21143591,-0.18376519,0.028599894,-0.05321972,0.05045179,-0.06490809,0.22195932,-0.18235205,0.012683956,-0.07711661,0.034399837,-0.100568764,0.2137155,-0.1655534,0.08667369,-0.1103005,0.05822447,-0.07789006,0.22917311,-0.20824069,-0.002571276,-0.090110354,0.056748256,-0.06055144,0.25073227,-0.2255033,0.019957468
42,-0.019598773,0.124255955,0.001671516,0.2550568,-0.31505018,0.011169301,-0.025269672,0.14998403,-0.039084878,0.2135686,-0.18445942,0.029692173,-0.05441752,0.05025011,-0.06631702,0.22350535,-0.18276878,0.012815344,-0.07882221,0.034101386,-0.10280836,0.21504976,-0.16717292,0.086008035,-0.112374574,0.057632055,-0.07953062,0.23015109,-0.20586057,-0.00094595284,-0.09238143,0.061027646,-0.061823666,0.25028622,-0.2226971,0.018947018
43,-0.01967912,0.12953973,0.00041550037,0.25545037,-0.32028776,0.013716255,-0.025960563,0.15413903,-0.040639266,0.2133922,-0.18875594,0.031253874,-0.055400416,0.055737346,-0.0680288,0.22378409,-0.18587892,0.013057427,-0.07977139,0.037643764,-0.105106264,0.21581727,-0.17221038,0.08483449,-0.11326648,0.052939698,-0.0790424,0.23185594,-0.20125774,0.00076318183,-0.093331285,0.06515736,-0.060589183,0.24913065,-0.218625,0.015275611
44,-0.016840098,0.13365766,0.0021519316,0.2567274,-0.32901785,0.010283031,-0.023751222,0.15675126,-0.038852695,0.21653606,-0.1918805,0.027060056,-0.053655293,0.056527328,-0.066370934,0.22749822,-0.18382552,0.011640314,-0.07939148,0.039753433,-0.10544965,0.21588634,-0.17121308,0.086757705,-0.11396672,0.04986935,-0.07935958,0.22930741,-0.20182014,0.0014179286,-0.09263736,0.06599927,-0.05748608,0.2466321,-0.2191219,0.008192197
45,-0.014797341,0.13096264,0.0018857868,0.26137993,-0.3263041,0.010690883,-0.02565154,0.15188523,-0.04129407,0.22067367,-0.19269146,0.02727403,-0.056964118,0.051333483,-0.069783434,0.23140693,-0.18158883,0.015610745,-0.08457717,0.03689347,-0.11074997,0.21515997,-0.17116511,0.08996643,-0.11924686,0.051113162,-0.08582701,0.23017658,-0.21547866,0.0027475315,-0.09663024,0.059616413,-0.06053715,0.2524528,-0.22842234,0.009482657
46,-0.0111926,0.1297526,0.002760893,0.2637418,-0.32052517,0.013297572,-0.026172465,0.15201068,-0.042880174,0.2190001,-0.19490646,0.027887361,-0.057979323,0.052622974,-0.07086676,0.2303473,-0.18348913,0.012544368,-0.084928975,0.037445966,-0.11179131,0.21363175,-0.17529078,0.08447139,-0.118611716,0.05060907,-0.08528822,0.23287499,-0.21820083,0.0013177518,-0.09677686,0.058133982,-0.059865274,0.25610644,-0.22920938,0.0108774165
47,-0.0068526245,0.12977548,0.0054913517,0.2652582,-0.3146268,0.013702556,-0.024751283,0.15362437,-0.04392847,0.21800052,-0.1954063,0.029062316,-0.058823615,0.05343261,-0.07239269,0.22915818,-0.18558984,0.01009104,-0.085670166,0.035718575,-0.11340358,0.21337132,-0.17919359,0.08056702,-0.1189416,0.05320033,-0.08544205,0.23435256,-0.21423705,0.0029679623,-0.09813571,0.06475689,-0.060949467,0.25594226,-0.22656353,0.013658471
48,-0.0039665974,0.12576124,0.007354586,0.26652658,-0.31371498,0.013081843,-0.023494886,0.15198344,-0.043724403,0.21988773,-0.19451156,0.027705908,-0.059122153,0.052059647,-0.07275556,0.2304055,-0.18380758,0.008413779,-0.08687457,0.034147114,-0.11514267,0.21250226,-0.17971122,0.07891827,-0.12034517,0.055383112,-0.08695629,0.23441365,-0.2161969,0.002020685,-0.099218726,0.06696221,-0.06189573,0.25682482,-0.22958493,0.013594479
49,-0.003421883,0.12290593,0.007835191,0.26620367,-0.31464198,0.012728172,-0.022858953,0.15268512,-0.043380167,0.22176534,-0.19404243,0.02586622,-0.059204124,0.052816536,-0.0730592,0.23166184,-0.18173552,0.0074633528,-0.08811164,0.034067195,-0.11716856,0.2113755,-0.18025833,0.07798646,-0.12196805,0.05521779,-0.08852051,0.23425724,-0.21859084,0.0008754483,-0.10017739,0.06801365,-0.062224723,0.257437,-0.23326384,0.011453833
50,-0.0031820866,0.12284069,0.008279212,0.26446715,-0.3184428,0.011414731,-0.02153667,0.15624867,-0.0433555,0.22357172,-0.19569443,0.024006864,-0.059287865,0.05434949,-0.073974125,0.23380612,-0.18016423,0.0081011765,-0.0900366,0.033909988,-0.12044226,0.21084651,-0.18140669,0.08055808,-0.12482628,0.055153713,-0.09044321,0.23324624,-0.21825592,0.0023756004,-0.101587504,0.07175542,-0.062346183,0.25664058,-0.2360978,0.009437963
51,-0.0016100075,0.122064486,0.009357109,0.26368287,-0.317927,0.010918086,-0.02038442,0.15647317,-0.04357767,0.22605072,-0.19384971,0.02395932,-0.060329117,0.052454535,-0.075775355,0.23439057,-0.17768401,0.01092808,-0.09289435,0.03195259,-0.12411269,0.20832592,-0.18275586,0.08169966,-0.12752298,0.055509675,-0.092975974,0.23343828,-0.2246401,0.0021475141,-0.10291506,0.07174336,-0.06252242,0.25920272,-0.24242523,0.00801753
52,0.0007867678,0.12226714,0.010800878,0.26582363,-0.31795287,0.012119524,-0.019645972,0.15687156,-0.043970387,0.22837447,-0.19325288,0.025159156,-0.061320227,0.05237068,-0.07744146,0.23503295,-0.17736733,0.012893383,-0.094919205,0.030981213,-0.12685093,0.20735344,-0.18538342,0.08144295,-0.12925266,0.055020187,-0.09432633,0.23487529,-0.22685015,0.003427342,-0.10437729,0.07301109,-0.062668815,0.26096725,-0.24385202,0.008042571
53,0.0021382864,0.12493478,0.010945363,0.26888132,-0.32035458,0.016668452,-0.020091102,0.16216339,-0.04520851,0.22728631,-0.19798416,0.027353259,-0.06166598,0.058745474,-0.07843698,0.23450796,-0.18172845,0.010995739,-0.09447509,0.034247745,-0.12765202,0.20771806,-0.19207273,0.077252634,-0.12805364,0.051054183,-0.09202779,0.23823579,-0.22221665,0.005207796,-0.10441766,0.07497711,-0.06064143,0.26215723,-0.23936535,0.008770138
54,0.0051798304,0.124467336,0.013092097,0.27127618,-0.3201319,0.017760472,-0.018795028,0.16289347,-0.044537507,0.23080568,-0.1991722,0.027982598,-0.06146038,0.060505558,-0.078425266,0.23630606,-0.1798318,0.01415997,-0.0954306,0.035961334,-0.12935345,0.20662862,-0.1942586,0.07829404,-0.1288347,0.04717489,-0.09241341,0.23867597,-0.22334377,0.0075236317,-0.104748614,0.07494872,-0.058782045,0.26260024,-0.24193566,0.0061071436
55,0.009125604,0.12400765,0.017369926,0.27209443,-0.32076773,0.016959153,-0.01499873,0.1640687,-0.04216638,0.2344995,-0.19507533,0.022657635,-0.060355008,0.05409915,-0.07881698,0.238886,-0.17445074,0.015045822,-0.09812082,0.028584601,-0.1324639,0.2027105,-0.1917939,0.08098753,-0.13177079,0.053605385,-0.09558973,0.23600335,-0.23495215,0.0034522116,-0.10461695,0.06772546,-0.058855936,0.2681703,-0.25017908,0.009515108
56,0.014552123,0.12411384,0.022311209,0.27513695,-0.32091528,0.017167164,-0.011250964,0.16207741,-0.04091567,0.23696224,-0.19489244,0.023174327,-0.059550934,0.052157,-0.07796422,0.2404966,-0.17349608,0.014352069,-0.0978251,0.027113136,-0.13235895,0.20339824,-0.19173065,0.081314415,-0.13186067,0.053913794,-0.09504491,0.23519245,-0.22980982,0.0054740887,-0.10460152,0.07155546,-0.05784813,0.26585567,-0.24551067,0.008827333
57,0.01725627,0.12460823,0.024300996,0.27751783,-0.3234831,0.019048775,-0.009777463,0.16064288,-0.04109915,0.23697825,-0.19663174,0.025428899,-0.059460543,0.054468162,-0.077386685,0.24004053,-0.1759195,0.011319688,-0.09630508,0.029374855,-0.13108695,0.20518555,-0.19419621,0.07828075,-0.13026123,0.050047938,-0.09265192,0.23632844,-0.22104093,0.008149113,-0.10433154,0.076308265,-0.055781655,0.26238644,-0.23642924,0.0061025615
58,0.014689688,0.12645271,0.021425273,0.27614373,-0.32976937,0.02138597,-0.011337344,0.16423148,-0.042650405,0.23645994,-0.19994013,0.023548234,-0.06045038,0.057964504,-0.0789897,0.24089135,-0.17650996,0.009806498,-0.09799761,0.029698523,-0.13375281,0.20421565,-0.19614896,0.07823735,-0.13212325,0.049069274,-0.0942156,0.23660009,-0.22525923,0.007262004,-0.10518324,0.07342725,-0.05528903,0.26555213,-0.23794909,0.0060573565
59,0.017198998,0.12597993,0.02296761,0.27389666,-0.32825118,0.019631512,-0.009447681,0.16145226,-0.04233652,0.23716167,-0.19655488,0.021510344,-0.06085769,0.054815855,-0.07991818,0.24033055,-0.17328842,0.00957449,-0.099983335,0.025786275,-0.13625573,0.20098129,-0.19542547,0.078631885,-0.13405335,0.05113828,-0.096194886,0.2353994,-0.23340754,0.0036933424,-0.10514242,0.07052697,-0.054764543,0.26907513,-0.24374986,0.004738206
60,0.023981672,0.12953474,0.029198451,0.27361694,-0.32241467,0.015211453,-0.004276837,0.1596931,-0.042518206,0.2380571,-0.19179237,0.025706405,-0.06208624,0.05153805,-0.08171707,0.23704977,-0.17367275,0.010532749,-0.10116029,0.021639667,-0.13765359,0.20047934,-0.19718823,0.07825892,-0.13480493,0.052219123,-0.096076615,0.23601317,-0.22424024,0.009812933,-0.106870554,0.07905304,-0.05504077,0.26512593,-0.23340242,0.006643581
61,0.020056268,0.13524377,0.024758823,0.26878047,-0.32432207,0.017480075,-0.006840585,0.16638665,-0.045835968,0.23497337,-0.19632398,0.024446456,-0.06427478,0.057821155,-0.08491289,0.23588987,-0.17487827,0.009927796,-0.10397804,0.022403423,-0.14175744,0.19848908,-0.20011173,0.079036824,-0.13755238,0.048068754,-0.09876173,0.23729871,-0.23041295,0.011186974,-0.10882819,0.06950221,-0.053907722,0.27014387,-0.23135662,0.008034528
62,0.017950147,0.12606448,0.022463521,0.26993215,-0.32883605,0.020213822,-0.008786808,0.15759759,-0.046038456,0.24007729,-0.20003556,0.024446648,-0.06485036,0.058213886,-0.08304301,0.24059306,-0.1713062,0.011190234,-0.104013294,0.027500857,-0.14143944,0.19951192,-0.19814548,0.080534115,-0.13808651,0.041068397,-0.100417554,0.23754334,-0.23490624,0.013615252,-0.109700166,0.0666617,-0.05211994,0.27007455,-0.23141699,0.001198713
63,0.019742254,0.12579979,0.024656685,0.2702527,-0.3300591,0.018996777,-0.0067092036,0.1599386,-0.04510204,0.23945968,-0.19919214,0.020629752,-0.06387995,0.05762533,-0.08285671,0.24020417,-0.17059967,0.005925613,-0.10398595,0.023932572,-0.14208566,0.1973479,-0.19864008,0.07818013,-0.13804674,0.046204254,-0.10068014,0.2365239,-0.23826106,0.011064437,-0.10894596,0.063502625,-0.051484484,0.27250737,-0.22975305,0.004387986
64,0.022623638,0.12308651,0.028361859,0.27185956,-0.3277011,0.018800564,-0.003982814,0.15928581,-0.044845134,0.2406321,-0.19753326,0.02236189,-0.0641376,0.055635385,-0.08353026,0.23992783,-0.17031202,0.0061162333,-0.104754716,0.021017496,-0.14318119,0.19694233,-0.19953635,0.078344636,-0.13878801,0.04973753,-0.10095378,0.23613696,-0.23497409,0.012780814,-0.109548785,0.07109283,-0.052065823,0.27060845,-0.22732642,0.0053877635
65,0.024276476,0.1247722,0.03058838,0.2699071,-0.32777616,0.017171016,-0.0013782971,0.15901527,-0.0451713,0.24166858,-0.19494027,0.023903059,-0.065159015,0.05235233,-0.08553895,0.2390526,-0.1686828,0.009757615,-0.107289515,0.016798852,-0.14623483,0.19421151,-0.20054011,0.08122425,-0.14084886,0.053750675,-0.102388486,0.23450682,-0.23846315,0.01239982,-0.10951583,0.07853801,-0.051966112,0.270706,-0.23303866,0.003983685
66,0.025152974,0.1330876,0.031164825,0.26726466,-0.33430073,0.017375613,0.00060327456,0.17019884,-0.044118207,0.23842277,-0.19933163,0.020239647,-0.06259485,0.062453523,-0.08455378,0.23783337,-0.1703805,0.0058610346,-0.10545075,0.020813618,-0.14592187,0.19262242,-0.20427832,0.081298046,-0.13903376,0.04986819,-0.09849789,0.23165254,-0.23281963,0.010982316,-0.105663605,0.08047701,-0.045915168,0.26904315,-0.23443286,-0.00061766687
67,0.025973592,0.1280998,0.030197272,0.26836598,-0.33425698,0.0211458,-0.00060666614,0.16143125,-0.045854222,0.24072458,-0.19694057,0.02437118,-0.06537662,0.058186308,-0.0860214,0.23724611,-0.16857395,0.009863963,-0.10751486,0.02131795,-0.1476398,0.1896361,-0.20606798,0.080868065,-0.13945515,0.04700783,-0.09966643,0.23335171,-0.24425423,0.009989176,-0.10563236,0.07776293,-0.04412791,0.27387258,-0.23963927,-0.0041090874
68,0.026297374,0.12664002,0.029311469,0.2668719,-0.33417046,0.02343781,-0.0010101427,0.16060597,-0.047384065,0.23840018,-0.19963232,0.022381824,-0.066085495,0.057058666,-0.08768785,0.2368714,-0.17120527,0.0053214533,-0.10837182,0.016026244,-0.14905874,0.18905061,-0.20962021,0.07790288,-0.139731,0.0516739,-0.09993258,0.23531926,-0.24788943,0.00914112,-0.106167,0.074914746,-0.04476649,0.27931997,-0.23514923,0.0029191098
69,0.030878648,0.12034631,0.033586208,0.2714093,-0.33623758,0.023202032,0.0019069201,0.15607253,-0.046030696,0.24285147,-0.20043802,0.024236217,-0.06534816,0.057434868,-0.08631902,0.23972666,-0.17079122,0.006065947,-0.10754776,0.016283173,-0.1482703,0.19168486,-0.20977236,0.08019048,-0.13959602,0.050578818,-0.09910311,0.23474845,-0.23803023,0.01528247,-0.1067193,0.0833716,-0.044246882,0.27353045,-0.22930077,0.0018040284
70,0.031284884,0.1287965,0.03447467,0.2673002,-0.34226385,0.019588184,0.004551324,0.1664042,-0.045791235,0.24257378,-0.20513618,0.018600771,-0.0641851,0.062263273,-0.08757346,0.24225827,-0.17131352,0.005046926,-0.10920412,0.016569167,-0.15127592,0.1927418,-0.2106682,0.08554147,-0.1426551,0.049910393,-0.101135015,0.23097876,-0.23435815,0.019023629,-0.107529804,0.08546785,-0.042741995,0.27058098,-0.22723073,-0.00012629165
71,0.031570468,0.12887445,0.033071257,0.26315665,-0.33388445,0.02107378,0.0035463038,0.1594578,-0.048535045,0.24108593,-0.20552135,0.021838354,-0.06678403,0.060030438,-0.08896736,0.23793648,-0.17185538,0.0057560215,-0.10974622,0.018637005,-0.15145178,0.1878972,-0.21482828,0.07998355,-0.14036484,0.044783983,-0.10092989,0.23499884,-0.24906367,0.017893834,-0.106705695,0.07996225,-0.039164297,0.27608302,-0.22392006,-0.003515734
72,0.031486075,0.12854679,0.03172038,0.2611254,-0.33043432,0.02259306,0.002514516,0.15756239,-0.051006753,0.2399712,-0.20628057,0.020668117,-0.06909811,0.058098983,-0.09212864,0.23673703,-0.17274508,0.0041715284,-0.11264096,0.015488606,-0.15491998,0.18524145,-0.21813159,0.077677295,-0.14221843,0.048698887,-0.1034384,0.23653373,-0.25980932,0.015130086,-0.10797182,0.07736392,-0.040435914,0.2828865,-0.22419874,-0.00014677082
73,0.033899065,0.12394823,0.03414857,0.2620876,-0.3309346,0.022149423,0.004557487,0.15529224,-0.049774133,0.24203633,-0.20505136,0.019739736,-0.06840981,0.057394106,-0.09136558,0.23731036,-0.17139193,0.0024952057,-0.11236637,0.01445443,-0.15475065,0.18441167,-0.2183682,0.07643934,-0.14175339,0.050813492,-0.10270258,0.23556736,-0.25885868,0.013737111,-0.106978856,0.08149766,-0.039712075,0.28192988,-0.22478601,-0.0013596579
74,0.03514814,0.1215229,0.036038507,0.2631833,-0.33900207,0.021645823,0.006869331,0.15847489,-0.048431456,0.24417122,-0.20614521,0.018348565,-0.06719028,0.059995737,-0.09061013,0.23938228,-0.1711454,0.00070127356,-0.11202148,0.0150719825,-0.15478535,0.18559524,-0.2188075,0.077336766,-0.14200148,0.052715417,-0.101485215,0.23329934,-0.24998952,0.014504772,-0.106249645,0.0909644,-0.03915474,0.27717745,-0.2237915,-0.0028617352
75,0.032307744,0.11487388,0.03328989,0.26283592,-0.3421924,0.025240319,0.004773147,0.15871774,-0.04995395,0.24684638,-0.20864381,0.019001938,-0.06891783,0.061532952,-0.09203643,0.24223824,-0.16959602,0.0036701926,-0.114593536,0.016888652,-0.15761273,0.18500425,-0.21975006,0.07905044,-0.14441743,0.052116815,-0.10417591,0.23371607,-0.25559992,0.015272882,-0.10797999,0.0917522,-0.039586037,0.28002903,-0.2264844,-0.004349799
76,0.034170456,0.11405841,0.03443989,0.2617532,-0.33831552,0.025865462,0.00574665,0.16014576,-0.05081078,0.24622117,-0.2081982,0.018998427,-0.069806375,0.061754726,-0.09396202,0.2407702,-0.17020135,0.0027323933,-0.11620464,0.0144912,-0.15980934,0.18279989,-0.22238676,0.07713553,-0.14530192,0.05523555,-0.10478843,0.23458795,-0.2584691,0.014188607,-0.10847592,0.09464881,-0.03997324,0.28233692,-0.22553697,-0.002586937
77,0.038321033,0.11093537,0.037959322,0.2617241,-0.3355714,0.023941627,0.008732169,0.157588,-0.049677234,0.2478606,-0.20451799,0.01829207,-0.06961126,0.057909325,-0.0942948,0.24063578,-0.16806222,0.0026947167,-0.11725429,0.010064188,-0.16114268,0.18083644,-0.22151174,0.07787285,-0.14631526,0.058960456,-0.10578558,0.23372282,-0.26161462,0.013976397,-0.10846595,0.09699743,-0.0397071,0.28216136,-0.22499959,-0.0029399646
78,0.04085036,0.11096495,0.040120993,0.261776,-0.3370572,0.023334334,0.010879015,0.16233553,-0.048577633,0.24841177,-0.20539075,0.015788324,-0.068363935,0.06187752,-0.09397855,0.2414091,-0.16774322,0.00025035464,-0.11716364,0.010277994,-0.16155057,0.18051843,-0.22198372,0.07803823,-0.14650927,0.05897662,-0.10515966,0.23249188,-0.25724888,0.01517736,-0.1080277,0.0975585,-0.03786162,0.2797964,-0.22008505,-0.0035485378
79,0.04318849,0.11094927,0.041977786,0.26151332,-0.3365323,0.025972186,0.01262757,0.16552162,-0.04768111,0.24860027,-0.20478822,0.013499925,-0.067534484,0.061522827,-0.0936909,0.24147104,-0.16595475,-0.0012105327,-0.117483035,0.008853335,-0.1621491,0.17851962,-0.22070524,0.07804987,-0.14689504,0.059765752,-0.10629983,0.23143725,-0.26196757,0.015193078,-0.10778997,0.09251036,-0.035943314,0.27986142,-0.2174786,-0.0051952815
80,0.049672756,0.11113622,0.047354985,0.26423627,-0.32693067,0.03505402,0.015919797,0.1670332,-0.04740718,0.24764422,-0.20748454,0.016258352,-0.06649987,0.05637876,-0.09261778,0.23901348,-0.1664618,-0.0015680441,-0.115708895,0.005808092,-0.16075453,0.17449673,-0.22306436,0.07507231,-0.14379981,0.0572842,-0.10455926,0.23624669,-0.27340278,0.018589016,-0.10681108,0.0788525,-0.030354438,0.28721637,-0.20431331,-0.002007554
81,0.060689896,0.11893086,0.058835924,0.26656535,-0.32304692,0.032611467,0.025541134,0.1696157,-0.04335034,0.24909759,-0.20106532,0.019528773,-0.063658245,0.052709017,-0.09087436,0.23481536,-0.16424751,0.0014320917,-0.1138703,0.0020510987,-0.15900661,0.17101945,-0.22236952,0.077331215,-0.14130808,0.055583533,-0.100502305,0.2342257,-0.26577187,0.022254417,-0.10323261,0.08176336,-0.024582451,0.28157726,-0.19821526,-0.003177934
82,0.06358765,0.12114195,0.06403053,0.26453206,-0.3286299,0.02918797,0.03151388,0.17592151,-0.039611686,0.25337276,-0.19735499,0.015776755,-0.061103947,0.04854113,-0.09023072,0.23704848,-0.1570846,0.008387239,-0.1159012,-0.0013018823,-0.16102476,0.16699745,-0.21737675,0.08545977,-0.14343412,0.057447687,-0.10248526,0.22783533,-0.27320608,0.021214414,-0.10076805,0.073749945,-0.020230932,0.28107807,-0.20122421,-0.006021657
83,0.06424769,0.12795548,0.065102346,0.2663722,-0.34673116,0.030741753,0.03400544,0.17899555,-0.040961202,0.25178382,-0.20194386,0.020599134,-0.061334506,0.0490667,-0.09106879,0.23394549,-0.16356802,0.008639908,-0.11410658,0.0023130293,-0.15942213,0.16708377,-0.22510147,0.08443264,-0.13994898,0.05250314,-0.09718359,0.23061886,-0.26779792,0.02584821,-0.09823889,0.07772778,-0.014791221,0.2802696,-0.19188757,-0.005091466
84,0.06009917,0.13265285,0.06027075,0.26320654,-0.36310476,0.033825114,0.032167964,0.17649677,-0.04334186,0.24899748,-0.20525801,0.02157386,-0.06274448,0.04716313,-0.0926922,0.23104066,-0.16810893,0.006267161,-0.11388228,0.0040636105,-0.1595888,0.16539054,-0.23112872,0.08146973,-0.1381961,0.05104402,-0.09548693,0.23369558,-0.27650788,0.024480913,-0.096909456,0.07680417,-0.012003997,0.28583217,-0.18853074,-0.00553483
85,0.059374847,0.12613167,0.060426135,0.26165938,-0.37611225,0.03161031,0.034162343,0.17098938,-0.040776707,0.2537458,-0.20256755,0.017618563,-0.061413296,0.04124371,-0.091301896,0.23342216,-0.16410826,0.005868088,-0.1141124,0.0018775498,-0.15990129,0.1639203,-0.2285604,0.082633,-0.13873146,0.05379103,-0.09676868,0.23119974,-0.28610834,0.020228766,-0.09537993,0.075998165,-0.010842619,0.28738898,-0.1944224,-0.00954756
86,0.061507393,0.12491271,0.063343234,0.26130834,-0.37694246,0.031045472,0.037069406,0.17537312,-0.040885206,0.25375947,-0.20302154,0.017770676,-0.06144219,0.041734546,-0.09266091,0.23233388,-0.1650588,0.006535028,-0.115079634,-0.00021242595,-0.16095655,0.16241191,-0.23137149,0.08201293,-0.13867906,0.058329325,-0.09573016,0.23058252,-0.283241,0.020285731,-0.09455921,0.08246983,-0.0108745815,0.28646228,-0.19241868,-0.006376714
87,0.06405207,0.11845785,0.065712884,0.2635848,-0.3806814,0.031995986,0.03898123,0.17392977,-0.04057196,0.25550202,-0.20299886,0.018953968,-0.06145664,0.04262765,-0.092821345,0.23193389,-0.16610627,0.005912983,-0.11484164,0.00065071136,-0.16071591,0.1620642,-0.2339505,0.07974163,-0.13772497,0.05898772,-0.09405722,0.23102786,-0.27978104,0.020167654,-0.0937987,0.09085745,-0.010383063,0.28501922,-0.19287662,-0.006943472
88,0.05991084,0.11415681,0.062193517,0.26197967,-0.3881546,0.034748077,0.037006497,0.1793163,-0.041997913,0.2569953,-0.20499656,0.01774206,-0.0629079,0.045871004,-0.09532736,0.23380554,-0.16590728,0.008423395,-0.1179477,0.00095870777,-0.1639562,0.16144371,-0.23521088,0.08129973,-0.14047234,0.06049337,-0.09659748,0.23066582,-0.28510317,0.019051341,-0.095093176,0.090026416,-0.011199362,0.28787717,-0.19307907,-0.006484651
89,0.061240986,0.108216695,0.06295589,0.26264173,-0.3872778,0.03669308,0.03742443,0.18006444,-0.042761613,0.25688577,-0.20563257,0.018262705,-0.06359164,0.048075173,-0.09644352,0.23232983,-0.16723512,0.0075180125,-0.118461415,0.0020284452,-0.16442941,0.16003723,-0.23816866,0.078175776,-0.13984105,0.060300197,-0.09593469,0.23200968,-0.28642035,0.01866263,-0.09498299,0.09113314,-0.0104453135,0.28915942,-0.19023244,-0.005763952
90,0.066094756,0.1052076,0.06704268,0.26369986,-0.38378394,0.035757527,0.040538564,0.18140356,-0.042091373,0.25707862,-0.20512934,0.017305728,-0.06298364,0.049327463,-0.09666276,0.23127219,-0.16704078,0.006660488,-0.11857577,0.0008306147,-0.16443472,0.15864152,-0.2389038,0.077233344,-0.1392683,0.061259706,-0.0950332,0.23123415,-0.28444746,0.019439425,-0.094068006,0.09213191,-0.008738657,0.28686216,-0.18678056,-0.0053292913
91,0.0679286,0.10791928,0.06838976,0.26208928,-0.3824718,0.03418924,0.042155575,0.18398139,-0.04270902,0.2563073,-0.20107913,0.0186403,-0.06439234,0.052322533,-0.098779656,0.22791643,-0.16573744,0.009581755,-0.12070741,0.0024365587,-0.16659667,0.155286,-0.23949298,0.078692436,-0.14030214,0.058735035,-0.095590144,0.22955048,-0.28602114,0.019770708,-0.0934864,0.094045475,-0.005950892,0.28480577,-0.18666361,-0.010574086
92,0.069354326,0.11788034,0.06874768,0.2592308,-0.3856958,0.030674363,0.043719064,0.1862489,-0.044322457,0.25407943,-0.20027941,0.01679154,-0.06592032,0.053687405,-0.10185288,0.22560622,-0.1675188,0.008769631,-0.123052284,0.0024595123,-0.16922958,0.15474924,-0.24138886,0.08075837,-0.14232245,0.058485143,-0.09703905,0.22773449,-0.28468895,0.021652577,-0.09408172,0.09725624,-0.0055257883,0.28237593,-0.18431422,-0.011448557
93,0.06779785,0.12071046,0.06551114,0.2568052,-0.39166197,0.0298419,0.04209094,0.17812195,-0.04678595,0.25385153,-0.19741403,0.01640767,-0.06922505,0.047746044,-0.10542164,0.22458754,-0.16712414,0.010613889,-0.1268424,0.001226041,-0.17320046,0.15322879,-0.24159029,0.08327267,-0.14574778,0.058546975,-0.10150257,0.22759064,-0.29678774,0.020926459,-0.09624179,0.096689366,-0.007313623,0.2862215,-0.18671268,-0.01304427
94,0.07053817,0.12254983,0.06580226,0.2562923,-0.39113653,0.030535508,0.04246354,0.1760929,-0.048695285,0.24760598,-0.1979947,0.015183933,-0.070002235,0.04599823,-0.106743075,0.21940297,-0.17149508,0.0038667778,-0.1259613,-0.00063069316,-0.17237057,0.15164761,-0.24615228,0.07785238,-0.14345652,0.05961919,-0.09938426,0.2299076,-0.2984183,0.02109524,-0.09529715,0.09495629,-0.0052015698,0.28697056,-0.1773397,-0.011149409
95,0.0729763,0.112335585,0.06774608,0.2575961,-0.39307094,0.030731719,0.044071916,0.17434724,-0.046914216,0.24928708,-0.19848707,0.012603695,-0.06826061,0.04418809,-0.10458664,0.22127274,-0.17097543,1.3669487e-05,-0.12414936,-0.0022672648,-0.17072904,0.15210609,-0.245704,0.076500475,-0.14208776,0.058442842,-0.09898713,0.23110242,-0.30154732,0.023872234,-0.09508871,0.093214236,-0.0020469504,0.28618383,-0.17005877,-0.01334502
96,0.07134742,0.10636171,0.066537514,0.25652748,-0.39442202,0.032486495,0.04343396,0.17706178,-0.047494147,0.25088724,-0.1985957,0.014060548,-0.06918989,0.04875574,-0.105469644,0.221289,-0.17035381,0.0031954288,-0.12530214,0.0019435479,-0.17203605,0.15010707,-0.24752772,0.07765734,-0.14238964,0.05412719,-0.09963082,0.23191737,-0.30740947,0.026161013,-0.09519189,0.09334072,0.0016266431,0.2882721,-0.1636495,-0.01702345
97,0.07349783,0.11550222,0.068611495,0.24959284,-0.3920165,0.028089967,0.04731242,0.18535064,-0.04808578,0.24634013,-0.19581254,0.012147054,-0.06955004,0.050426025,-0.108195595,0.2158852,-0.1704568,0.0027288725,-0.12722333,-0.0011503095,-0.17428018,0.14512686,-0.24988729,0.07719332,-0.1425999,0.061014634,-0.09876568,0.2297046,-0.30797935,0.024365952,-0.09315227,0.09895238,0.0029936144,0.2866597,-0.15781422,-0.01537172
98,0.07586192,0.11067179,0.06966727,0.25090048,-0.391125,0.029680327,0.047814358,0.17660952,-0.05042433,0.24849294,-0.19594692,0.019428158,-0.07254483,0.048059296,-0.10990654,0.21435633,-0.17333916,0.0054658256,-0.12793007,0.0015376534,-0.17525168,0.14514798,-0.2546641,0.076101966,-0.14256522,0.05549404,-0.09894518,0.23495795,-0.31241915,0.028947588,-0.09539356,0.11174117,0.0023878496,0.2911405,-0.15417588,-0.0152372075
99,0.07464615,0.113001965,0.067987606,0.24592915,-0.40462247,0.026673853,0.049214892,0.18239635,-0.05003101,0.24856724,-0.19648239,0.014343456,-0.07199345,0.04754224,-0.110741764,0.21528143,-0.17313872,0.003919388,-0.12906805,-0.0005436486,-0.17667289,0.14333972,-0.2549146,0.07779579,-0.14336556,0.059086114,-0.100564666,0.23358251,-0.32201514,0.028912278,-0.09463766,0.10799176,0.0055476124,0.29086876,-0.14428972,-0.016963812
100,0.07278931,0.10769324,0.06602921,0.24513946,-0.41739187,0.027359745,0.048916623,0.18058418,-0.049878072,0.2516736,-0.19892125,0.012445414,-0.07190254,0.04582865,-0.11049007,0.21893905,-0.17314045,0.0038262818,-0.1294934,0.00062095874,-0.17718387,0.14479406,-0.25443116,0.079162955,-0.14443532,0.056967262,-0.10271403,0.2338816,-0.3304805,0.028407576,-0.09541458,0.10757463,0.0061727506,0.29480314,-0.14053223,-0.01881891
101,0.075644076,0.10703139,0.06892675,0.24607538,-0.4235103,0.024960032,0.051953077,0.18413194,-0.05042336,0.25497794,-0.2029586,0.010563549,-0.07227076,0.04496594,-0.11215091,0.22378796,-0.17483033,0.0040623443,-0.13168222,-0.00034380425,-0.17965588,0.14907783,-0.25502175,0.08326937,-0.14804973,0.06068158,-0.10556473,0.23231678,-0.32512662,0.030909428,-0.097764656,0.11690267,0.0021868814,0.29402503,-0.13581024,-0.013595433
102,0.0753097,0.112649515,0.068370014,0.2441132,-0.42192957,0.022772439,0.051929843,0.18667935,-0.053270746,0.25336054,-0.20243344,0.011728939,-0.07527906,0.04629596,-0.11630039,0.22129807,-0.17586748,0.0074495617,-0.13537256,0.0020348341,-0.183908,0.1477696,-0.25702882,0.087620944,-0.15139346,0.058668982,-0.109888025,0.23169532,-0.3277626,0.036784537,-0.10081603,0.116192885,0.0015526578,0.29461953,-0.13139458,-0.012857625
103,0.079083644,0.12150387,0.0690952,0.23826864,-0.4086068,0.021197109,0.053153034,0.17353424,-0.05607612,0.23974702,-0.19939663,0.017994408,-0.07636877,0.045819573,-0.11440995,0.20514542,-0.1806118,-0.0018155735,-0.12882996,0.0137542235,-0.17728725,0.14413339,-0.2617227,0.07916998,-0.14282864,0.041727275,-0.1011165,0.23318978,-0.31550923,0.038359843,-0.09557464,0.12073539,0.012131109,0.29342145,-0.12797287,-0.023566283
104,0.07255049,0.12193493,0.061153736,0.23383379,-0.41372502,0.023241725,0.047646023,0.16400668,-0.06270548,0.2375037,-0.20383826,0.017334249,-0.08240362,0.037313268,-0.12063717,0.2047909,-0.18439284,-0.0013503523,-0.13434191,0.014456481,-0.1834253,0.1446358,-0.2660749,0.080050565,-0.14810748,0.044942252,-0.10696606,0.23772979,-0.33272558,0.034773387,-0.10066311,0.11744255,0.0055385754,0.30826485,-0.114796475,-0.018182889
105,0.06711377,0.12172439,0.05699405,0.23233934,-0.42343703,0.02501045,0.04517467,0.1743614,-0.06380726,0.24042858,-0.21002142,0.010299168,-0.08289861,0.042635154,-0.12288394,0.21080977,-0.1852386,-0.003137053,-0.13763389,0.017769499,-0.1883765,0.14877225,-0.26665318,0.08619871,-0.15407562,0.05119711,-0.11108255,0.23434667,-0.33041817,0.030735524,-0.10275715,0.11554905,0.0012946681,0.3142765,-0.10977688,-0.014212627
106,0.07117678,0.10982229,0.06079735,0.2326654,-0.4113072,0.025146766,0.047497157,0.17210689,-0.061442602,0.24253811,-0.20659193,0.0105928825,-0.08140698,0.04032735,-0.12058071,0.21087621,-0.18233018,-0.0034276259,-0.13601674,0.017580068,-0.18647112,0.14989774,-0.263168,0.08589026,-0.15327127,0.048381183,-0.110697195,0.23365837,-0.32854533,0.030005397,-0.1022412,0.1162965,0.0030996343,0.315279,-0.10645054,-0.016835257
107,0.073635705,0.10603577,0.06262551,0.23225053,-0.40424484,0.026724903,0.0486551,0.18127339,-0.06093855,0.2405726,-0.20431718,0.010696141,-0.080955245,0.04507112,-0.12069925,0.20706725,-0.18217625,-0.005580533,-0.1354773,0.019631386,-0.1865346,0.14675558,-0.26413742,0.0841705,-0.15219016,0.051448356,-0.10876862,0.23241197,-0.32429868,0.028486844,-0.100434594,0.11682185,0.005739789,0.3148149,-0.09910968,-0.017082648
108,0.07684942,0.095015556,0.06507839,0.2312302,-0.39539933,0.026929263,0.050440572,0.17712507,-0.059905805,0.24074942,-0.19893537,0.012115706,-0.08099885,0.03958262,-0.12061733,0.20425881,-0.17974018,-0.005161073,-0.1355536,0.015740693,-0.18661188,0.14448509,-0.26233563,0.08342144,-0.15194322,0.054226216,-0.108655214,0.23167096,-0.32691118,0.025119727,-0.099491045,0.115651466,0.006109977,0.31769133,-0.10037636,-0.019541789
109,0.08038531,0.09717287,0.0676157,0.23333058,-0.39462543,0.02811685,0.052110042,0.18470983,-0.060364295,0.24198326,-0.20014216,0.013435859,-0.08149416,0.044032596,-0.121753596,0.20512997,-0.18091097,-0.0048523406,-0.13659461,0.01824129,-0.1884655,0.14670755,-0.2634171,0.08702168,-0.1541978,0.053994592,-0.10842374,0.23046365,-0.31275952,0.02947644,-0.100763604,0.12655313,0.0059537413,0.31451726,-0.091262475,-0.016504474
110,0.07811993,0.10068427,0.06403092,0.23111914,-0.3994103,0.02936294,0.049865376,0.184039,-0.06234676,0.24101791,-0.1955255,0.012751413,-0.08453244,0.04074775,-0.12563644,0.20219906,-0.17815351,-0.0016874995,-0.14096515,0.015977029,-0.19345187,0.14225659,-0.2620268,0.09088292,-0.15801902,0.056772526,-0.113543786,0.2290939,-0.32682446,0.027944177,-0.102518395,0.114516936,0.0058857664,0.31892025,-0.09200957,-0.02021189
111,0.08283107,0.09961604,0.06750322,0.23610473,-0.4042096,0.02967954,0.052072894,0.1866921,-0.06154239,0.24222396,-0.19651355,0.012292205,-0.08363985,0.040822048,-0.12518385,0.20268464,-0.17983174,-0.0041710977,-0.14008252,0.015119208,-0.19287461,0.1442087,-0.26312825,0.09073519,-0.15779825,0.058753934,-0.113078095,0.22772789,-0.31983396,0.028790625,-0.10232512,0.1145218,0.0050386786,0.31753713,-0.09179218,-0.01781891
112,0.08872535,0.09422673,0.07235647,0.2367759,-0.40349293,0.027398702,0.056359462,0.18094403,-0.060372267,0.24248114,-0.19547558,0.012256028,-0.08259922,0.035183366,-0.12428144,0.20142108,-0.18076497,-0.007637963,-0.13860978,0.009383881,-0.19124779,0.14597352,-0.2630031,0.08849554,-0.15675904,0.06168265,-0.11212881,0.22781721,-0.31611782,0.028328585,-0.10203895,0.11897455,0.003205225,0.31692076,-0.089845665,-0.014559869
113,0.088993125,0.09813211,0.07204639,0.2339919,-0.40787432,0.02639296,0.05733969,0.18392476,-0.06058759,0.2410506,-0.19337381,0.012455132,-0.08302067,0.037254952,-0.1251998,0.19883655,-0.18035036,-0.007263164,-0.13918932,0.011103614,-0.19222337,0.1452885,-0.2628785,0.09052133,-0.15751214,0.058967642,-0.11290639,0.22557984,-0.31424785,0.029109826,-0.1017878,0.118311875,0.0055085,0.31551406,-0.090553105,-0.019230505
114,0.08792968,0.10447459,0.06995272,0.22877061,-0.4125272,0.026160493,0.057433605,0.18598916,-0.061995767,0.23813045,-0.19292684,0.013975357,-0.084141165,0.04021091,-0.12630051,0.19500068,-0.18081203,-0.006702755,-0.13948642,0.015643116,-0.19267276,0.1437909,-0.26413697,0.092103705,-0.15723163,0.05321421,-0.11212474,0.22433038,-0.31043634,0.031105913,-0.10097199,0.11925229,0.009955625,0.31461096,-0.08623118,-0.024496464
115,0.08551009,0.105136275,0.06579361,0.22453372,-0.4165629,0.028679112,0.055220284,0.18440308,-0.066161364,0.23509966,-0.19653241,0.0143888,-0.087491624,0.0370365,-0.13031869,0.19341438,-0.18390279,-0.006928034,-0.142647,0.014572311,-0.19611904,0.14280427,-0.26777253,0.090979725,-0.15955584,0.055487424,-0.11506291,0.22723535,-0.3194794,0.029915294,-0.103768066,0.11893523,0.006884338,0.321247,-0.07826256,-0.022165643
116,0.08765763,0.10082781,0.06620027,0.22490923,-0.42333028,0.029516302,0.056096222,0.18128495,-0.06688181,0.23648039,-0.19844918,0.013550346,-0.08816424,0.03306907,-0.13137978,0.1949044,-0.18502213,-0.008082537,-0.14376864,0.011948033,-0.19727503,0.1445857,-0.26863843,0.09043621,-0.16104211,0.05874124,-0.11661255,0.22773458,-0.32135093,0.027869439,-0.10510353,0.12290514,0.003567723,0.32381052,-0.07649955,-0.02020195
117,0.09168581,0.098006085,0.06934743,0.22481456,-0.42643866,0.028564384,0.0593625,0.18367337,-0.064305924,0.2378893,-0.19912952,0.0116062295,-0.085374914,0.034966823,-0.12850863,0.19614495,-0.18481264,-0.011375964,-0.14099488,0.0135742435,-0.19454,0.14718473,-0.2675838,0.09001873,-0.1593766,0.05619451,-0.114362806,0.22554643,-0.3129686,0.027584368,-0.10312145,0.1279664,0.0066419845,0.32052973,-0.074895695,-0.023655899
118,0.09380835,0.09707452,0.07014412,0.22125322,-0.42058316,0.027925266,0.060704097,0.18553759,-0.065620035,0.2342547,-0.19567797,0.013547076,-0.08691382,0.033838615,-0.13084489,0.1899706,-0.18560588,-0.01123577,-0.14207537,0.011636511,-0.19606815,0.14182061,-0.26981762,0.08818215,-0.15877646,0.058781777,-0.11393185,0.22688319,-0.31833404,0.027124729,-0.10260054,0.12627092,0.00907714,0.32288975,-0.06821156,-0.025875162
119,0.09687054,0.09342239,0.07169671,0.22150876,-0.4212531,0.027349615,0.06214735,0.1864121,-0.06607093,0.23500164,-0.19350985,0.013792235,-0.088039085,0.032753393,-0.13249545,0.18899453,-0.18517107,-0.010932882,-0.14376548,0.009841865,-0.19805138,0.14127469,-0.26968923,0.089199014,-0.16056818,0.06101257,-0.11584055,0.22675885,-0.31986368,0.027950779,-0.10398643,0.12875445,0.008733634,0.32257298,-0.06360772,-0.026441747
120,0.09714387,0.0898063,0.07082534,0.2220826,-0.42732862,0.029003916,0.061704572,0.18935516,-0.06735884,0.23628503,-0.19471185,0.013786809,-0.0894871,0.03351298,-0.1345332,0.19004215,-0.18607658,-0.010144298,-0.14590871,0.009499692,-0.20047656,0.14170411,-0.27110246,0.09050934,-0.16276897,0.06367487,-0.11798601,0.2271955,-0.32104352,0.02956803,-0.10594676,0.13065483,0.007585307,0.3226266,-0.058264077,-0.025563432
121,0.09895445,0.08737515,0.0711356,0.22229363,-0.43230528,0.029711993,0.062369037,0.19123614,-0.06777824,0.23615123,-0.19400778,0.013244974,-0.09009527,0.033835743,-0.13559465,0.18902627,-0.18677047,-0.011662614,-0.14666699,0.008446055,-0.20144066,0.14143687,-0.27185515,0.08998161,-0.16348046,0.0657566,-0.11887125,0.22724062,-0.32182816,0.029827792,-0.10662737,0.13127804,0.007909188,0.3217402,-0.053692155,-0.026450135
122,0.10059016,0.08363045,0.07141997,0.22166461,-0.43608496,0.029795008,0.06317901,0.19056076,-0.06884658,0.23760563,-0.19431865,0.013970432,-0.09152363,0.03193921,-0.13729733,0.18999954,-0.18726794,-0.0106403055,-0.1485556,0.0066495626,-0.20335352,0.14285481,-0.27210858,0.09121898,-0.1657272,0.06702889,-0.121451266,0.22780262,-0.3242112,0.030789755,-0.1088628,0.13392726,0.006212767,0.32282427,-0.048674908,-0.0261237
123,0.1045684,0.08456238,0.07437358,0.21696033,-0.43688008,0.02647992,0.06752761,0.19331378,-0.06824139,0.23598771,-0.19205636,0.013998202,-0.091033325,0.029925298,-0.13774571,0.18675594,-0.18769409,-0.011657811,-0.14830641,0.0030179252,-0.20323148,0.1410769,-0.27275783,0.09100325,-0.16494927,0.07064853,-0.11998321,0.22694387,-0.32184708,0.030491022,-0.107421555,0.13663322,0.007565561,0.32185596,-0.04334391,-0.025565721
124,0.10532439,0.08283574,0.07430217,0.21831182,-0.44743493,0.027446168,0.06796293,0.19370683,-0.06712824,0.23741448,-0.19545983,0.011104094,-0.089293934,0.03240654,-0.13594761,0.18990794,-0.1881473,-0.014344701,-0.14688015,0.005381566,-0.20204894,0.1468139,-0.2716048,0.09444757,-0.16578421,0.06578868,-0.12055863,0.22443007,-0.3130918,0.03319618,-0.107880205,0.13654959,0.009466686,0.31896323,-0.046411697,-0.03015185
125,0.108002365,0.08768475,0.07543486,0.21519172,-0.44676155,0.025553193,0.06998759,0.19751686,-0.06880985,0.23349822,-0.1947974,0.00987967,-0.09057632,0.030035239,-0.13874009,0.18507965,-0.18943189,-0.016216323,-0.14852099,0.0034294277,-0.20433553,0.14298263,-0.27399805,0.09376413,-0.16630654,0.07153328,-0.1206115,0.2242473,-0.31269756,0.032254994,-0.10786054,0.13230252,0.008873025,0.32040012,-0.040932048,-0.028717197
126,0.107689746,0.08516792,0.07372658,0.21804865,-0.44624934,0.027106322,0.06743807,0.19569169,-0.07201807,0.23251797,-0.1986381,0.011522729,-0.093213916,0.028756395,-0.1415701,0.18495815,-0.1915765,-0.0142036285,-0.1509388,0.004587639,-0.20715116,0.14542052,-0.2756384,0.09721132,-0.16942212,0.06747102,-0.12479215,0.22576638,-0.31365722,0.03669771,-0.11217715,0.123775154,0.006936013,0.32582572,-0.042405874,-0.030714508
127,0.10658877,0.08538847,0.07050469,0.21675573,-0.4534026,0.022593997,0.06546893,0.18885848,-0.07415593,0.22557345,-0.21444349,0.013106195,-0.09081233,0.03518853,-0.13696198,0.183253,-0.20212509,-0.024049714,-0.14284065,0.01500561,-0.1980462,0.15387778,-0.28216144,0.08794426,-0.16170652,0.050102737,-0.116446614,0.23018016,-0.29665247,0.035571955,-0.10952909,0.13035458,0.012521575,0.33183533,-0.035095125,-0.036988266
128,0.10118043,0.09307364,0.06360927,0.21402365,-0.4647597,0.017206818,0.060894847,0.18963069,-0.081919365,0.2277201,-0.2220288,0.00901832,-0.09859741,0.028537503,-0.14660451,0.18925911,-0.2049166,-0.021968173,-0.15378822,0.019928139,-0.21056207,0.15958476,-0.2853824,0.09581041,-0.17505132,0.059288792,-0.13054614,0.23132518,-0.30866432,0.034954514,-0.120790154,0.13039272,-0.0019209635,0.34517184,-0.030204222,-0.031327166
129,0.10486133,0.0885623,0.063998654,0.21566446,-0.45591018,0.017738555,0.05999208,0.1804939,-0.08385562,0.22435674,-0.22278893,0.011377634,-0.099911906,0.023522893,-0.14709198,0.18465158,-0.20798561,-0.025733598,-0.15248904,0.017642444,-0.20848559,0.15999998,-0.2861945,0.0892927,-0.17295854,0.056171663,-0.12892897,0.23690413,-0.31265023,0.031933565,-0.121595,0.13249524,-0.00051655923,0.35373783,-0.016242623,-0.033419292
130,0.110558905,0.08623559,0.06681847,0.21924077,-0.45181322,0.01811328,0.0611248,0.18201584,-0.084793456,0.22466603,-0.22237372,0.013404444,-0.10114859,0.024724806,-0.1485128,0.18300728,-0.2096521,-0.026957514,-0.15321627,0.019150317,-0.20934367,0.16062576,-0.28625283,0.08700929,-0.17398074,0.056625973,-0.12822041,0.2385035,-0.30778483,0.029324379,-0.1225612,0.14455576,-0.0010473172,0.35555944,-0.004405421,-0.03222019
131,0.11284215,0.083546184,0.06751888,0.22325954,-0.4593031,0.016178433,0.061138984,0.18433654,-0.08622916,0.22839943,-0.22240591,0.01420878,-0.10362466,0.023464601,-0.15157025,0.18419582,-0.21060687,-0.025555145,-0.15653703,0.019337812,-0.21332653,0.16153395,-0.2867942,0.08932834,-0.17806047,0.060544007,-0.13153881,0.24035878,-0.31042475,0.02879743,-0.12600297,0.14600532,-0.003115668,0.36065632,0.00078600104,-0.032711193
132,0.11402896,0.08037112,0.06729264,0.22714637,-0.47097394,0.018590339,0.060695678,0.18588947,-0.08604363,0.22946082,-0.2254609,0.014869951,-0.10298597,0.027293293,-0.15085027,0.18422845,-0.21408159,-0.027839871,-0.15484275,0.021329919,-0.2116613,0.1639496,-0.28852022,0.08792811,-0.1767622,0.05805006,-0.12933807,0.24256574,-0.3063796,0.028489282,-0.12580845,0.14489473,0.001100139,0.3634708,0.004505536,-0.038367327
133,0.11655181,0.0834417,0.06903464,0.22640724,-0.4766369,0.016142309,0.06308731,0.18906072,-0.085854925,0.2302611,-0.22364749,0.013800954,-0.10335212,0.026000138,-0.15184875,0.18253092,-0.21463782,-0.030113705,-0.15539029,0.020206252,-0.2128894,0.16293155,-0.2887369,0.08823889,-0.1775902,0.062387224,-0.12956575,0.24300209,-0.30640003,0.027143715,-0.12620135,0.13944013,0.002198401,0.36614862,0.007043352,-0.040930577
134,0.12211717,0.08172128,0.072557,0.23056251,-0.48016503,0.015903823,0.065307245,0.19080928,-0.08636139,0.23323709,-0.2239553,0.016825896,-0.10453465,0.026906455,-0.15336235,0.18316555,-0.21671277,-0.028055549,-0.15661986,0.019064479,-0.21445633,0.16448121,-0.28998485,0.09048791,-0.17932402,0.062525995,-0.12983297,0.24578844,-0.30318704,0.030979225,-0.12841544,0.1438842,0.0043674805,0.36707926,0.018487547,-0.040673763
135,0.12747513,0.07788593,0.07605152,0.2333218,-0.47977066,0.015182448,0.067624055,0.19097006,-0.08643808,0.23423782,-0.22241098,0.019827912,-0.10518703,0.02834629,-0.15416384,0.18067077,-0.21875805,-0.028485293,-0.15637803,0.018028215,-0.21441047,0.16292799,-0.29110116,0.088210374,-0.17850228,0.06321308,-0.12760302,0.24848706,-0.30160347,0.030075744,-0.12806849,0.14775151,0.0075948774,0.36812627,0.029052066,-0.041848294
136,0.13134831,0.0769513,0.079055965,0.23454924,-0.48625466,0.01434877,0.07060701,0.19229048,-0.08562469,0.23772874,-0.22156435,0.017989552,-0.10519816,0.026042785,-0.15473555,0.18213573,-0.21778229,-0.029726068,-0.15757921,0.015857192,-0.21612892,0.16453671,-0.2896489,0.09029029,-0.18106468,0.06792327,-0.12957153,0.24766347,-0.2993627,0.029663825,-0.12974095,0.14738868,0.005419067,0.36823073,0.02764019,-0.04126422
137,0.13173021,0.07695929,0.0786952,0.23466386,-0.49563274,0.020084642,0.07106122,0.19437543,-0.08656452,0.23663782,-0.22617792,0.016540108,-0.105007045,0.026951753,-0.1549642,0.18172479,-0.2211319,-0.033752713,-0.15680803,0.015891796,-0.21576893,0.16597994,-0.29168144,0.08908576,-0.18064027,0.06949536,-0.12907983,0.24849431,-0.29368067,0.030556086,-0.13063894,0.1401342,0.0049719787,0.37028605,0.022473818,-0.043306988
138,0.1325127,0.07814332,0.07880687,0.23583038,-0.50486785,0.020430125,0.07159258,0.19682105,-0.08858478,0.23854783,-0.22712252,0.015028642,-0.107584246,0.024037007,-0.1585231,0.18229705,-0.22178216,-0.034301374,-0.16063236,0.016263558,-0.22046526,0.16601333,-0.29228777,0.09105942,-0.18509823,0.07617706,-0.13306586,0.24877152,-0.2947678,0.028900713,-0.13407323,0.13644983,-0.0003373359,0.3741626,0.020020729,-0.041669745
139,0.13493583,0.07457373,0.08014712,0.2374148,-0.5075369,0.022097735,0.072537005,0.19625276,-0.08814972,0.23817427,-0.22884993,0.014974597,-0.106598124,0.026276272,-0.15743329,0.18142807,-0.22408943,-0.03762169,-0.15861104,0.015110364,-0.21838851,0.16711994,-0.2930562,0.088581115,-0.18321292,0.0752144,-0.13036823,0.25041124,-0.29117396,0.028472813,-0.13308477,0.13679372,0.0025095765,0.3747711,0.023528745,-0.043475002
140,0.13745184,0.07553302,0.08200471,0.23612085,-0.5057462,0.020210236,0.07456141,0.19718423,-0.08813621,0.23582456,-0.22642171,0.01634949,-0.106615186,0.028268227,-0.15752752,0.17709804,-0.22507203,-0.039334044,-0.15742147,0.014442884,-0.21729162,0.16487584,-0.29317695,0.08751923,-0.18137008,0.07430543,-0.1268918,0.25170526,-0.28643557,0.029116863,-0.13145736,0.1345321,0.007481711,0.3752493,0.030471861,-0.046185955
141,0.14178506,0.0777622,0.08500563,0.237584,-0.5121105,0.015616491,0.07743283,0.19980653,-0.08938036,0.24030921,-0.22380115,0.016685799,-0.109671615,0.026524311,-0.16167147,0.17876,-0.22270936,-0.034730442,-0.16294275,0.016451396,-0.22344841,0.16720115,-0.29114887,0.09542921,-0.18868588,0.07664989,-0.13138925,0.2507204,-0.2808713,0.03189129,-0.13596377,0.14119887,0.0041870186,0.37537196,0.0370465,-0.042555902
142,0.14266717,0.07440846,0.084954165,0.23723048,-0.51531523,0.01535312,0.07779973,0.19859791,-0.08972876,0.23981911,-0.22634052,0.016122693,-0.10939433,0.028031012,-0.16130799,0.17886184,-0.22437331,-0.036644746,-0.16211899,0.016827667,-0.22230239,0.17100024,-0.29113033,0.09578328,-0.18877608,0.07259347,-0.1307766,0.25199464,-0.27407062,0.034923173,-0.13724653,0.13846798,0.0059592226,0.37706715,0.037805628,-0.04551323
143,0.14244585,0.074551016,0.08344631,0.23683415,-0.51737976,0.016060842,0.076716006,0.20082882,-0.093913,0.23596218,-0.230756,0.019749628,-0.11242226,0.029550372,-0.16469704,0.17372762,-0.23139496,-0.038733523,-0.16270915,0.01886078,-0.22295192,0.16543402,-0.29660466,0.08798962,-0.18609543,0.07465596,-0.12728743,0.25781104,-0.27400064,0.031046838,-0.1368592,0.13402607,0.0056826817,0.38455206,0.046340287,-0.044818137
144,0.14273457,0.071371794,0.08186572,0.24120574,-0.5315475,0.018006392,0.07497791,0.20047584,-0.09742561,0.23706616,-0.24057657,0.019913292,-0.114560336,0.028202755,-0.16731946,0.17684211,-0.23767668,-0.03926659,-0.16464062,0.018570652,-0.22522989,0.16802585,-0.30156508,0.08695999,-0.18780261,0.075701095,-0.12977353,0.26316094,-0.27367872,0.035057522,-0.14160433,0.1298551,0.0010444979,0.39187464,0.045882333,-0.042246755
145,0.14579935,0.07543446,0.08365771,0.24301681,-0.54899496,0.01534336,0.077598386,0.2102474,-0.096679986,0.23875175,-0.24759421,0.014455951,-0.11245962,0.027238458,-0.16647846,0.1812977,-0.24088183,-0.04461136,-0.16390498,0.022897284,-0.22537515,0.17341465,-0.3028565,0.08877805,-0.18933547,0.078385755,-0.12750931,0.26076263,-0.25415838,0.033491064,-0.14204237,0.13110043,-0.0043995054,0.39361387,0.033681855,-0.041470688
146,0.15078709,0.06918733,0.08673855,0.24582745,-0.5540388,0.013849869,0.079935014,0.20861146,-0.09689924,0.23919883,-0.2523214,0.014012661,-0.111725956,0.024599696,-0.16588145,0.18184435,-0.24515438,-0.047787845,-0.16217054,0.018647667,-0.22359385,0.17375998,-0.3051848,0.084206894,-0.1869958,0.080587395,-0.12596633,0.26428172,-0.25377283,0.03286431,-0.14221518,0.125728,-0.005912749,0.3988212,0.032066073,-0.04121826
147,0.15568982,0.066816196,0.09057158,0.24479671,-0.55317146,0.01091009,0.0838332,0.2109612,-0.09485257,0.23957318,-0.25045568,0.012447176,-0.10982709,0.025812162,-0.16433449,0.18096751,-0.2440601,-0.050005935,-0.16052255,0.018587824,-0.22197175,0.17354044,-0.3033303,0.08311332,-0.18580605,0.07990334,-0.12314414,0.2620407,-0.24570243,0.031258356,-0.14020574,0.1299308,-0.0047927783,0.3953954,0.031909514,-0.04108468
148,0.16084304,0.063831806,0.09402726,0.24803315,-0.56136143,0.009442309,0.08664868,0.21246386,-0.09572852,0.24297398,-0.2523104,0.014060929,-0.11129351,0.026996357,-0.16644645,0.18368582,-0.2450822,-0.045809403,-0.16330421,0.019915152,-0.22508849,0.17636761,-0.30354887,0.08851199,-0.18982773,0.0779062,-0.12639587,0.26234642,-0.24218822,0.03744699,-0.1438965,0.1327583,-0.006008446,0.39441818,0.036234096,-0.03684512
149,0.15610734,0.064918995,0.09028245,0.24200265,-0.56388885,0.006613491,0.08563207,0.21534503,-0.0961181,0.24023482,-0.25314978,0.012963154,-0.11086298,0.031588398,-0.1656209,0.18140711,-0.24488804,-0.04598543,-0.1618378,0.023578487,-0.2232035,0.17275274,-0.30526954,0.08720708,-0.18615474,0.07454223,-0.12387498,0.2641629,-0.24305831,0.039321396,-0.14220354,0.11731815,-0.0014771646,0.40288755,0.034870323,-0.04422385
150,0.16320299,0.061473522,0.09449811,0.24506369,-0.5550456,0.008768286,0.08767762,0.21291804,-0.09805086,0.23910747,-0.25188732,0.018203514,-0.11317853,0.03250972,-0.16827236,0.17684205,-0.24748458,-0.044250004,-0.162883,0.02195389,-0.22424194,0.166826,-0.30569378,0.08232256,-0.18497019,0.07625902,-0.121985435,0.26499578,-0.24439518,0.035027225,-0.1405661,0.12692338,-0.0029076512,0.400803,0.03946552,-0.039866697
151,0.16588984,0.055244494,0.09593813,0.24590825,-0.54898906,0.011927638,0.088169396,0.20889798,-0.09625327,0.23652244,-0.24892446,0.016397236,-0.111102924,0.03363717,-0.16606995,0.17437807,-0.24525729,-0.04760353,-0.1604019,0.020511484,-0.221536,0.16706853,-0.30233654,0.080833904,-0.18327166,0.07544015,-0.121318854,0.2616957,-0.23953566,0.03639548,-0.13940579,0.12679407,-0.0019695633,0.3959491,0.033821657,-0.040953144
152,0.16442703,0.05370877,0.09423822,0.24581958,-0.55233645,0.010299608,0.08691914,0.20880337,-0.0998963,0.2374173,-0.24788179,0.01812412,-0.11591008,0.031696778,-0.17164224,0.17274219,-0.24501795,-0.043473504,-0.16624579,0.024720244,-0.22799371,0.16355526,-0.30305272,0.083921984,-0.18824711,0.07949048,-0.12526305,0.260534,-0.24374391,0.032615785,-0.14153743,0.12455532,-0.0072520357,0.400854,0.025315193,-0.042285506
153,0.16629744,0.049805038,0.09541384,0.2466564,-0.5525648,0.012197301,0.087741,0.20666237,-0.09830482,0.236791,-0.2487415,0.016961351,-0.11365944,0.034005214,-0.1691857,0.17374758,-0.24456702,-0.04479266,-0.16389154,0.023806792,-0.22520465,0.16637774,-0.30215016,0.08406726,-0.18670073,0.07596811,-0.12327951,0.25971335,-0.2379129,0.035326764,-0.14052983,0.12652712,-0.0043632854,0.3977418,0.025179446,-0.043792766
154,0.16609511,0.04946431,0.09502044,0.24646012,-0.55557823,0.011850183,0.08772475,0.20815158,-0.09947527,0.23652716,-0.2498878,0.018202264,-0.11471685,0.03623204,-0.17056715,0.17320494,-0.24556357,-0.043092784,-0.16501315,0.02638285,-0.22637078,0.16448712,-0.30350944,0.08409026,-0.18681507,0.07499104,-0.121985555,0.26011163,-0.2365603,0.03393056,-0.13980515,0.12730959,-0.003599078,0.3993092,0.025758374,-0.04495469
155,0.17135802,0.046263028,0.099154636,0.24914892,-0.5581496,0.010496961,0.090862945,0.20694174,-0.0981638,0.23962314,-0.24949458,0.017361138,-0.11401214,0.033803277,-0.1703177,0.17533182,-0.24456125,-0.04236494,-0.16556083,0.024155939,-0.2272776,0.16633028,-0.30222818,0.08622617,-0.18869922,0.07690682,-0.12275766,0.2593101,-0.23376305,0.03433623,-0.14065202,0.13141853,-0.0055641513,0.39793897,0.024368769,-0.04298515
156,0.17006122,0.048214793,0.097480804,0.2492555,-0.559957,0.012651906,0.08943099,0.20705874,-0.09918974,0.23752914,-0.25248656,0.017884305,-0.11400291,0.036902066,-0.170064,0.17427738,-0.24670726,-0.043090843,-0.16439986,0.025223242,-0.22569662,0.16456582,-0.30447686,0.08301192,-0.18586135,0.07401785,-0.12038693,0.2612097,-0.23268425,0.034990244,-0.13951184,0.1276552,-0.0028076426,0.40023667,0.025157822,-0.046128478
157,0.17422074,0.04927883,0.1007692,0.24968894,-0.56265277,0.009480329,0.09261171,0.21068123,-0.09864132,0.23909286,-0.25096744,0.015323141,-0.11409113,0.032699943,-0.17131591,0.17484534,-0.24541433,-0.043415427,-0.16629598,0.02539029,-0.22833301,0.16474822,-0.30349475,0.08584773,-0.18880717,0.078054644,-0.12176756,0.25881866,-0.22742422,0.033685096,-0.14069313,0.12558842,-0.0072288327,0.40121257,0.01607131,-0.046427242
158,0.180814,0.04952979,0.105226554,0.25459185,-0.5656571,0.013445505,0.09530228,0.21365122,-0.09682598,0.23748481,-0.25398114,0.012859216,-0.11078128,0.032584663,-0.1688175,0.17537318,-0.2478978,-0.047236156,-0.16292666,0.023464013,-0.22488874,0.1665577,-0.30438012,0.08253847,-0.18572517,0.075827375,-0.11839804,0.2584614,-0.21628554,0.036090083,-0.13968328,0.12735376,-0.0072064986,0.39777058,0.012566231,-0.045417964
159,0.18748514,0.05076424,0.10939489,0.26217538,-0.5757965,0.013208401,0.09741339,0.21562755,-0.09925328,0.23992318,-0.26193964,0.013103229,-0.112394534,0.029344173,-0.17169125,0.17851396,-0.25502774,-0.047634598,-0.16495569,0.02366523,-0.22780444,0.1660181,-0.31076807,0.07931514,-0.18662547,0.07907396,-0.11803295,0.26328263,-0.21697077,0.032482225,-0.14097884,0.12920159,-0.011418068,0.40413862,0.013912314,-0.042422395
160,0.18970913,0.05178105,0.11108009,0.26260674,-0.58151364,0.010542289,0.09943179,0.2205373,-0.099289574,0.24122529,-0.2621597,0.010775523,-0.11272668,0.0280099,-0.17308027,0.17959678,-0.25478303,-0.047540676,-0.16688044,0.026719518,-0.23053154,0.16552116,-0.31143966,0.080940686,-0.18891156,0.07931646,-0.11836906,0.26184618,-0.21374337,0.029613504,-0.14123704,0.13016395,-0.014007955,0.40611467,0.006627828,-0.0447845
161,0.19572763,0.04837192,0.115667716,0.2659535,-0.57274187,0.01475558,0.10164231,0.21971154,-0.0968614,0.2374354,-0.25911626,0.0101330895,-0.10956251,0.026547354,-0.16977006,0.17643732,-0.25367278,-0.0507719,-0.16264446,0.019957205,-0.22580507,0.16538653,-0.3091077,0.07806033,-0.18480492,0.078666,-0.115813695,0.26056767,-0.20763126,0.032699768,-0.13951139,0.124143876,-0.012074796,0.4012245,0.0035212033,-0.04486166
162,0.19528131,0.050387636,0.11484737,0.2674442,-0.5814176,0.0140322605,0.10122173,0.22591823,-0.10040707,0.23888637,-0.26213107,0.011559265,-0.113474935,0.026988616,-0.1747339,0.1769642,-0.25601012,-0.046720546,-0.16769269,0.02596576,-0.23136246,0.16198702,-0.3122227,0.07882261,-0.18817468,0.077915475,-0.118058056,0.2612371,-0.20839418,0.029915528,-0.14149657,0.12342233,-0.01627959,0.40549666,-0.00043680193,-0.045246933
163,0.19658309,0.047341667,0.11566504,0.2693535,-0.58219784,0.015106881,0.10136867,0.22461127,-0.10061529,0.2386374,-0.26334488,0.012572581,-0.11335753,0.026593685,-0.17438088,0.17674018,-0.2570523,-0.0459459,-0.16693822,0.023517137,-0.23006931,0.16027604,-0.3133309,0.07566877,-0.18594286,0.07765377,-0.1168142,0.2633358,-0.21078643,0.029169096,-0.14063068,0.12057906,-0.015498596,0.40748113,0.0006821172,-0.04579127
164,0.19813459,0.046564754,0.11722211,0.26831532,-0.58107597,0.015038992,0.103111036,0.22673671,-0.09900386,0.23825039,-0.2604725,0.012963571,-0.1120286,0.028731503,-0.17304274,0.17571548,-0.25465974,-0.044674404,-0.16585766,0.02325275,-0.22855149,0.15941343,-0.31099802,0.07616103,-0.18475279,0.0746812,-0.11492402,0.26097366,-0.20595965,0.029916339,-0.1389401,0.1233252,-0.013385662,0.40256792,-7.487618e-05,-0.046791606
165,0.19795525,0.044688612,0.11686126,0.26893374,-0.5866838,0.0131182745,0.10313889,0.22455846,-0.10038521,0.24074268,-0.2639487,0.014357904,-0.113470115,0.027290355,-0.17424946,0.1782503,-0.25682807,-0.04219003,-0.16727303,0.021695085,-0.22980787,0.15896721,-0.31398967,0.07517154,-0.18499267,0.075560845,-0.115484014,0.26451266,-0.2123396,0.028474921,-0.13938618,0.120777264,-0.01315643,0.40834627,0.0025947704,-0.047307216
166,0.20036675,0.044136032,0.11911033,0.26919115,-0.5855482,0.013974254,0.10505236,0.22618309,-0.09857687,0.2408591,-0.26116735,0.014711728,-0.11201655,0.027571198,-0.17279156,0.17832321,-0.25418362,-0.040176943,-0.16644059,0.020697577,-0.2286606,0.15995857,-0.3113343,0.0785,-0.18493293,0.07307656,-0.11469008,0.26121575,-0.20541748,0.031966534,-0.13869698,0.1211655,-0.011961825,0.4032924,-0.0022356194,-0.04867659
167,0.19894707,0.044350095,0.117890485,0.2682627,-0.5870274,0.015161454,0.10441499,0.22708787,-0.09893965,0.24055141,-0.262099,0.015711416,-0.11213443,0.029038543,-0.1727842,0.17798035,-0.25496984,-0.038783353,-0.16610405,0.020462539,-0.22794539,0.15823095,-0.31278896,0.07682315,-0.18316138,0.07120561,-0.11346653,0.26229885,-0.20753194,0.03190922,-0.13749723,0.11807214,-0.009471379,0.40431702,-0.00174605,-0.050806053
168,0.19987601,0.048390917,0.11876946,0.26641083,-0.589833,0.012759483,0.10624005,0.2323693,-0.098722175,0.24034591,-0.2624871,0.014388309,-0.11170423,0.029904,-0.17290822,0.17839079,-0.25540048,-0.039147265,-0.1662178,0.022193136,-0.22796936,0.15827586,-0.31385666,0.07690864,-0.18289614,0.06996251,-0.112464905,0.2615836,-0.2020965,0.03241517,-0.1373483,0.11445148,-0.009301746,0.40446448,-0.0033460688,-0.051833794
169,0.20326443,0.048919793,0.12091038,0.27092725,-0.59727854,0.014719232,0.10734189,0.23128304,-0.09950276,0.24312362,-0.26704624,0.01586786,-0.11219949,0.03115998,-0.17379633,0.18222369,-0.25924683,-0.03637003,-0.16710408,0.021337595,-0.22861114,0.1621927,-0.31743678,0.078070216,-0.18396173,0.06656258,-0.114012465,0.26458082,-0.20121579,0.038760494,-0.1400319,0.118014075,-0.009275149,0.40335974,0.003252278,-0.047134675
170,0.20281288,0.053832605,0.12084221,0.26629242,-0.59500575,0.011948968,0.10880934,0.23327257,-0.097606145,0.24343011,-0.26334855,0.015417985,-0.1109451,0.03335087,-0.17233445,0.17994232,-0.25625533,-0.035994448,-0.16576497,0.02196401,-0.22675355,0.15818776,-0.31557825,0.07587182,-0.18118563,0.06557016,-0.110794015,0.26280478,-0.19950296,0.035992984,-0.13679287,0.11786035,-0.006119544,0.4017686,0.0036060857,-0.050152864
171,0.20410632,0.04919419,0.12176676,0.2665787,-0.5947601,0.011579295,0.1095549,0.22723112,-0.09728316,0.24613549,-0.26364797,0.015852334,-0.11116418,0.030711215,-0.17218067,0.1809947,-0.25686103,-0.0351215,-0.16567835,0.016874742,-0.22643921,0.15900631,-0.31641015,0.0748078,-0.1809218,0.067936085,-0.11147477,0.2646857,-0.20371372,0.035901,-0.13718663,0.116304934,-0.0064079175,0.4039848,0.0057226624,-0.049213614
172,0.20363382,0.051694814,0.12131053,0.26529157,-0.5937126,0.01398494,0.10951221,0.23171383,-0.096955135,0.24462117,-0.26051196,0.014388173,-0.11120513,0.03184267,-0.17296422,0.17854823,-0.25533253,-0.0363006,-0.16637723,0.0186806,-0.22747557,0.15717006,-0.31481436,0.07506408,-0.18170549,0.06929918,-0.11082411,0.26065257,-0.19722807,0.03380474,-0.13632008,0.11880024,-0.008307944,0.40021384,-0.0009712997,-0.04952805
173,0.20350981,0.050657976,0.12093803,0.26687708,-0.5977788,0.01470334,0.10900565,0.23128574,-0.09852456,0.2459657,-0.26210892,0.015684437,-0.113034725,0.030704679,-0.17498553,0.17886025,-0.25711504,-0.034281164,-0.16819832,0.01833081,-0.22928776,0.15575495,-0.31708822,0.07408018,-0.18232097,0.07140172,-0.11152434,0.26211914,-0.20029178,0.032027867,-0.1367973,0.11619811,-0.009617476,0.4037005,-0.001362463,-0.049082845
174,0.20538956,0.053287048,0.12210128,0.26862875,-0.60403264,0.014900708,0.1101037,0.23364267,-0.09923158,0.24861878,-0.2634227,0.016873583,-0.114222445,0.031330254,-0.17676507,0.18022656,-0.25850508,-0.03128556,-0.17017028,0.01911451,-0.23144382,0.15484126,-0.31901932,0.07457975,-0.18361382,0.071660176,-0.11182401,0.2633383,-0.20146418,0.031261466,-0.1372641,0.11943732,-0.010288793,0.40465322,0.0035146505,-0.045824822
175,0.20686191,0.05129581,0.12342287,0.2668419,-0.59827393,0.015773686,0.11143435,0.22833255,-0.0956494,0.24762154,-0.2602685,0.015021199,-0.11046588,0.029876783,-0.17199288,0.17980285,-0.2557054,-0.033583988,-0.16553482,0.013757979,-0.22597827,0.15741576,-0.31571758,0.07406926,-0.18003735,0.06964748,-0.10937367,0.26192772,-0.19790556,0.034731034,-0.13523443,0.11725618,-0.006770704,0.40152043,-0.00046218093,-0.050098076
176,0.2033306,0.058776017,0.12064972,0.26216054,-0.5970674,0.012041614,0.11046105,0.23342957,-0.09743341,0.24683683,-0.26016057,0.015001329,-0.11245721,0.031547673,-0.17426954,0.17836083,-0.25608915,-0.032067116,-0.16757463,0.016308911,-0.22824559,0.15374275,-0.31805027,0.07393005,-0.18021329,0.07014904,-0.10874669,0.26292765,-0.19658594,0.034498606,-0.13529274,0.11260562,-0.0056071887,0.40535647,0.000693258,-0.053068172
177,0.20671661,0.05980207,0.122551486,0.26486847,-0.60058576,0.013021945,0.11161603,0.23366377,-0.09746531,0.2493318,-0.26082692,0.014640193,-0.11295046,0.031983025,-0.17550702,0.18115683,-0.2570186,-0.029593682,-0.16944963,0.014733952,-0.23055103,0.15657508,-0.31917018,0.07794613,-0.1832417,0.06987213,-0.11049395,0.26351604,-0.1948955,0.038382918,-0.13738087,0.1206949,-0.007044063,0.40393966,0.005220743,-0.047992885
178,0.20407276,0.05955098,0.12048399,0.25948763,-0.59337485,0.012373059,0.110942364,0.22899932,-0.09549182,0.24723794,-0.2562899,0.01565964,-0.11123949,0.033834208,-0.17250223,0.1763489,-0.25498903,-0.029845743,-0.16539124,0.0113401795,-0.22562118,0.1528993,-0.31783825,0.074549176,-0.17735547,0.065552436,-0.10578461,0.26408404,-0.19579029,0.03965587,-0.13313855,0.117240645,5.9672806e-05,0.40435287,0.006466509,-0.053505834
179,0.20820373,0.059579726,0.12355002,0.25951362,-0.595069,0.009141053,0.11402623,0.23033895,-0.09540984,0.2500058,-0.254318,0.014776759,-0.11237798,0.030855909,-0.17474426,0.17644112,-0.25521383,-0.029037602,-0.16789706,0.007898441,-0.22846578,0.1519862,-0.31841725,0.07468113,-0.17967379,0.07085541,-0.10646025,0.26459697,-0.19680534,0.035873264,-0.13368057,0.12246479,-0.0036970763,0.40610746,0.010621944,-0.047781426
180,0.20961596,0.05914173,0.12381724,0.26217535,-0.5938309,0.0144580025,0.113182716,0.22965598,-0.09498258,0.24754362,-0.25357375,0.012936464,-0.11145616,0.030940175,-0.17421104,0.17515774,-0.25564083,-0.031617507,-0.16684186,0.0066019716,-0.2275674,0.15331535,-0.318108,0.07479046,-0.1793604,0.07087921,-0.10658017,0.26319852,-0.19276294,0.038599126,-0.13404383,0.12074222,-0.004395756,0.4044074,0.00637438,-0.0481966
181,0.20627423,0.061306205,0.12097156,0.25897,-0.5946391,0.012752914,0.11177409,0.23269847,-0.09648218,0.24653047,-0.2528938,0.012369021,-0.11322166,0.03243816,-0.17642574,0.17307642,-0.25568858,-0.03079875,-0.16876327,0.008803166,-0.22977075,0.149582,-0.31958988,0.074133195,-0.17972332,0.07178238,-0.10703651,0.26361254,-0.19465958,0.03695853,-0.13414718,0.11377904,-0.0037432418,0.40909982,0.0048884586,-0.052333895
182,0.20925869,0.05932346,0.122833736,0.26204613,-0.59942234,0.012539017,0.112888634,0.23286557,-0.097490616,0.24909534,-0.25353488,0.012739725,-0.114924856,0.032225657,-0.17904268,0.17481732,-0.25700158,-0.028304463,-0.17180127,0.007729219,-0.23319933,0.15078029,-0.3209062,0.07646941,-0.18319754,0.07326598,-0.109470434,0.26461476,-0.19561605,0.03731319,-0.13648753,0.1187875,-0.006666625,0.41028544,0.008015788,-0.048192862
183,0.2085066,0.05767039,0.122437425,0.25909454,-0.5953328,0.013772064,0.11319653,0.23134537,-0.09399532,0.24718374,-0.2494772,0.009781142,-0.11126869,0.035445504,-0.1750275,0.17297281,-0.2537085,-0.032114543,-0.16774693,0.008063011,-0.22902665,0.15106066,-0.31727943,0.07576648,-0.18016064,0.06901292,-0.10569343,0.260851,-0.19025134,0.03660054,-0.13280636,0.1212502,-0.0020451257,0.4058122,0.00288863,-0.054654952
184,0.20940901,0.054296937,0.122971915,0.2579418,-0.6076024,0.009900982,0.11546503,0.23193634,-0.09345347,0.25243425,-0.25477406,0.005094002,-0.110487096,0.03394567,-0.17536023,0.18057433,-0.2560208,-0.03308608,-0.1695563,0.008599237,-0.23089424,0.15845771,-0.31885612,0.078527145,-0.18440637,0.06937884,-0.10906639,0.2619607,-0.19052282,0.03608558,-0.13610643,0.12271651,-0.0048851673,0.4091059,0.0061720535,-0.0522547
185,0.21140072,0.0507171,0.12389799,0.25825053,-0.59546584,0.013869943,0.11498494,0.2270576,-0.09192006,0.24831168,-0.25185117,0.0040199133,-0.108333826,0.029093878,-0.17218786,0.17798623,-0.25424218,-0.036734134,-0.16578262,0.0013835008,-0.226235,0.16255876,-0.31538174,0.07754762,-0.18233222,0.06936618,-0.10821274,0.25951648,-0.1794846,0.04179601,-0.13676506,0.11850968,-0.0068198666,0.40310776,-0.0004492565,-0.051216234
186,0.20584315,0.05459072,0.11886876,0.25530094,-0.6059403,0.010760712,0.11240256,0.23562841,-0.09879755,0.2506495,-0.25755206,0.0046960833,-0.11585337,0.027555719,-0.1813354,0.17881759,-0.25899944,-0.032415744,-0.17489909,0.0074914005,-0.23525953,0.15999821,-0.32140353,0.075308114,-0.18839645,0.07385294,-0.11018857,0.26196036,-0.1739033,0.0322669,-0.1405175,0.123838164,-0.02003265,0.41121653,-0.006652093,-0.04839111
187,0.20584737,0.05118515,0.118311696,0.2564666,-0.59533674,0.015737202,0.11032577,0.2287776,-0.10027206,0.24504305,-0.25554544,0.0071943,-0.11676934,0.023380525,-0.18089554,0.17198703,-0.26035964,-0.035833437,-0.17200576,0.00095322344,-0.23136197,0.15989035,-0.3213816,0.07005551,-0.18448076,0.07367627,-0.10902567,0.2637729,-0.16704394,0.037749458,-0.14159486,0.11404249,-0.022779562,0.40979546,-0.009231696,-0.045915276
188,0.20174028,0.059345074,0.11493674,0.2516481,-0.590943,0.015037793,0.10839249,0.23720384,-0.10341276,0.242135,-0.2508338,0.010692673,-0.121264346,0.027029397,-0.18578766,0.16503724,-0.25858858,-0.031131884,-0.17623357,0.0073848898,-0.23521423,0.15067336,-0.32174605,0.068095796,-0.18467191,0.069526926,-0.106249325,0.26114425,-0.16225557,0.030390203,-0.13902561,0.12055048,-0.023781056,0.40838292,-0.011390714,-0.048444476
189,0.20265804,0.048189156,0.11552028,0.25434467,-0.5915504,0.014469519,0.10804929,0.2261179,-0.10300459,0.24543503,-0.25170678,0.010910986,-0.12133443,0.020740837,-0.18478593,0.16780709,-0.2591544,-0.029320693,-0.17569302,-0.00040819988,-0.23406768,0.15250748,-0.3228438,0.06681105,-0.18391107,0.07229239,-0.10778526,0.26573658,-0.17072414,0.03195326,-0.13986795,0.112440325,-0.02354819,0.41685665,-0.013117834,-0.05097141
190,0.20052025,0.054895334,0.113678895,0.25394598,-0.59779984,0.0157239,0.10708786,0.2348274,-0.10429783,0.24749686,-0.25142565,0.013087978,-0.12352939,0.027285593,-0.1874788,0.16905452,-0.25866684,-0.023124034,-0.17924362,0.005114671,-0.23722686,0.15144874,-0.32360852,0.07090299,-0.18637735,0.06695735,-0.10732373,0.26386693,-0.16389969,0.034459975,-0.14023612,0.121759504,-0.023205806,0.4120506,-0.0118710855,-0.049115255
191,0.20020084,0.04881631,0.113426216,0.2542585,-0.59836066,0.016692687,0.10679956,0.2279039,-0.10239542,0.24927612,-0.25129503,0.014121109,-0.12164442,0.027398003,-0.18452245,0.16996993,-0.25823793,-0.021097668,-0.17626844,0.003529613,-0.2337428,0.15197428,-0.32348838,0.070865005,-0.18320435,0.061850578,-0.10559486,0.26562473,-0.16833381,0.037957232,-0.13823032,0.11873951,-0.016644657,0.4134291,-0.011415479,-0.05521384
192,0.20154053,0.05273934,0.11459715,0.2535377,-0.6018335,0.0128714265,0.10856135,0.2339337,-0.10255828,0.25180733,-0.2503362,0.01189696,-0.12276117,0.029000804,-0.18664142,0.17087238,-0.25758287,-0.021884272,-0.17912725,0.004331796,-0.23664522,0.15060413,-0.323728,0.069999896,-0.18545498,0.065634206,-0.10595255,0.26442143,-0.16469075,0.03435742,-0.13892178,0.12341454,-0.019235175,0.41231427,-0.00848338,-0.05185502
193,0.2031405,0.04831532,0.115666054,0.25603914,-0.6019324,0.013820327,0.10868164,0.22911386,-0.10213826,0.25357074,-0.25049022,0.0129504455,-0.12263211,0.029049518,-0.18618666,0.17123382,-0.25845796,-0.02142433,-0.17844366,0.0025489577,-0.23578939,0.15075147,-0.32457778,0.06827996,-0.18443666,0.065173484,-0.10522381,0.2659306,-0.16754153,0.03351414,-0.13810626,0.1257842,-0.018126348,0.4131183,-0.0069485256,-0.052136917
194,0.20459121,0.046394967,0.11716281,0.25624758,-0.602387,0.01159774,0.11009159,0.2279986,-0.100630164,0.256949,-0.2491823,0.012156843,-0.121987425,0.029113224,-0.18569097,0.17273876,-0.25726736,-0.020651534,-0.17865926,0.0011717409,-0.23596556,0.15074672,-0.32373467,0.06883102,-0.1848457,0.06555272,-0.105060674,0.26534814,-0.1688946,0.031995717,-0.1374283,0.12692182,-0.016740961,0.41289097,-0.0070914454,-0.054054722
195,0.2044761,0.04840909,0.116799526,0.2583065,-0.6066981,0.013026625,0.10944233,0.23122819,-0.10139812,0.25810695,-0.25126365,0.011542064,-0.12260528,0.0314942,-0.18697073,0.17445347,-0.25881836,-0.020068653,-0.18009849,0.0020763397,-0.23745535,0.15206492,-0.32536677,0.06993232,-0.18634759,0.065384395,-0.10589457,0.26610196,-0.16695756,0.033683993,-0.13884577,0.12788098,-0.017260544,0.41301695,-0.004158577,-0.051601134
196,0.20291713,0.048520297,0.11562444,0.2586526,-0.60974056,0.013323,0.108514786,0.23181692,-0.100751564,0.25891104,-0.25205722,0.00990827,-0.12175569,0.03349415,-0.1862069,0.1756203,-0.2590243,-0.020559747,-0.17947644,0.0028131267,-0.23681028,0.15320158,-0.3257068,0.0709946,-0.18604966,0.0638094,-0.105971836,0.26603943,-0.16680922,0.036000874,-0.13889125,0.122886755,-0.014490775,0.41370595,-0.00620257,-0.05625936
197,0.20365448,0.050541926,0.115914375,0.26006556,-0.60897845,0.015748475,0.10818709,0.2317123,-0.100466564,0.25850105,-0.2516845,0.0099230865,-0.12140709,0.03553692,-0.18602933,0.17452914,-0.25957566,-0.021791626,-0.17879209,0.002976948,-0.23607926,0.15285595,-0.3261438,0.06950351,-0.18506885,0.064529315,-0.103995785,0.26517034,-0.1641348,0.034017418,-0.13738936,0.12855403,-0.015249875,0.4113513,-0.0071593253,-0.054766163
198,0.2072656,0.046127737,0.11859436,0.26316312,-0.6133063,0.013405715,0.11007955,0.22665213,-0.1006264,0.26299042,-0.25405282,0.009516863,-0.12201128,0.032759678,-0.1869796,0.17721976,-0.2622962,-0.02276816,-0.1797841,-0.0007546252,-0.23701516,0.155775,-0.32833079,0.06798691,-0.1865238,0.06764894,-0.10536503,0.2685452,-0.16616172,0.032565024,-0.13927093,0.12791562,-0.017215513,0.41546312,0.00046101864,-0.04911773
199,0.20892893,0.04837283,0.12000406,0.26254869,-0.6113225,0.014468499,0.11146007,0.22854471,-0.09793248,0.2626792,-0.25071222,0.006709803,-0.11960843,0.035550456,-0.18509185,0.17701419,-0.25967214,-0.024561169,-0.17843626,0.00018702657,-0.2356963,0.15840252,-0.3249877,0.07180272,-0.18721578,0.06416615,-0.104884766,0.2639215,-0.15679838,0.03706533,-0.13930649,0.1302874,-0.015900863,0.40902427,-0.0038272957,-0.051528383
200,0.20551832,0.050982706,0.117399834,0.25814342,-0.6095936,0.011591286,0.11040731,0.22947618,-0.098952025,0.26072448,-0.25145918,0.008230154,-0.12015527,0.038272794,-0.1850617,0.17416985,-0.26197067,-0.025476595,-0.17687832,0.0020882192,-0.23408075,0.156899,-0.3278021,0.07001829,-0.18422745,0.060470607,-0.10235255,0.2660072,-0.15572697,0.038430788,-0.13786417,0.12235069,-0.010558966,0.41153964,0.0005705424,-0.055910006
201,0.20846099,0.04699523,0.11961252,0.25894913,-0.60722226,0.01108058,0.11198844,0.22442295,-0.09887517,0.26300636,-0.2513079,0.009182219,-0.120686196,0.03591653,-0.18562047,0.1752099,-0.2628882,-0.02457986,-0.17751062,-0.0021372566,-0.23467909,0.15915437,-0.32810938,0.07086334,-0.18558124,0.062854044,-0.10399708,0.26660436,-0.15683551,0.039759215,-0.13925132,0.12407501,-0.012768381,0.41108978,0.001017415,-0.052910835
202,0.20709853,0.052113943,0.11836568,0.25576767,-0.6026199,0.011861956,0.11145967,0.22748011,-0.09934559,0.26029316,-0.2472944,0.010042039,-0.121844515,0.03851433,-0.18730174,0.16927819,-0.26176408,-0.025179323,-0.17812365,-5.7658443e-05,-0.23526631,0.15297984,-0.32790244,0.06730121,-0.18383685,0.06353222,-0.10101976,0.2639971,-0.15516137,0.03353182,-0.13607419,0.12679383,-0.012277445,0.4090045,-0.0015570896,-0.05512318
203,0.20840715,0.048755173,0.11949868,0.25757644,-0.60364556,0.010973226,0.11200395,0.22374909,-0.099390425,0.26290587,-0.24744579,0.0108099105,-0.12251553,0.03605972,-0.18794353,0.1704986,-0.26214778,-0.023026517,-0.17908992,-0.00248127,-0.23618641,0.15347302,-0.32837427,0.068419494,-0.18479691,0.06554193,-0.10274647,0.26474068,-0.15859158,0.03446741,-0.13704386,0.12205651,-0.012403328,0.41170427,-0.002736548,-0.05664104
204,0.20862518,0.049607985,0.119641475,0.25820884,-0.60864544,0.011390376,0.112458766,0.22794844,-0.09902773,0.2650402,-0.24799138,0.008588953,-0.12242933,0.037869718,-0.18908384,0.17337132,-0.2623244,-0.022075674,-0.1811602,-0.0027960972,-0.23815304,0.15607388,-0.32826996,0.071306735,-0.18777037,0.06628022,-0.10441586,0.26406413,-0.15676644,0.03544211,-0.13870147,0.12603456,-0.013935688,0.41095284,-0.0006265553,-0.053181298
205,0.20877911,0.0467901,0.11982935,0.25495028,-0.6009319,0.012881931,0.113012955,0.22802755,-0.09766345,0.262935,-0.24526073,0.0065988773,-0.12102428,0.036499597,-0.1877353,0.17180902,-0.26059148,-0.02452063,-0.1797006,-0.0060141003,-0.23668963,0.15678921,-0.32605562,0.071581945,-0.18724829,0.068951964,-0.10342163,0.2613409,-0.15090403,0.03657839,-0.13820404,0.12728074,-0.01567088,0.40773794,-0.006424585,-0.05377367
206,0.20422137,0.04568526,0.115794465,0.25099668,-0.59641784,0.013709258,0.11007817,0.22807367,-0.09982264,0.2616258,-0.2466785,0.0050113085,-0.12294772,0.03308988,-0.1894242,0.17107186,-0.26136413,-0.025080334,-0.18113731,-0.008760243,-0.23832546,0.15672134,-0.32716072,0.071696326,-0.18843897,0.07363009,-0.10749302,0.26253462,-0.15382308,0.039750572,-0.14143723,0.110279694,-0.017591694,0.41335225,-0.012085337,-0.05926396
207,0.19944783,0.054940984,0.11145274,0.2448939,-0.60105467,0.017165354,0.108587585,0.24063635,-0.09990329,0.26115164,-0.2488959,0.000831211,-0.12217638,0.036872745,-0.18969987,0.17253233,-0.26079908,-0.02518254,-0.18200187,-0.0034308601,-0.23828895,0.15588807,-0.32755545,0.069432825,-0.1879182,0.076910146,-0.10511385,0.25958169,-0.14280772,0.036901787,-0.14079428,0.111412086,-0.022683462,0.40976033,-0.016887859,-0.056670785
208,0.20119889,0.05569584,0.11200209,0.24706407,-0.6120051,0.01792856,0.10948764,0.2382353,-0.100914225,0.2686736,-0.2561226,0.002072637,-0.123014815,0.03437738,-0.19038242,0.17968939,-0.26534346,-0.020880312,-0.18327303,-0.004141198,-0.23895077,0.15939057,-0.33225617,0.06841336,-0.1884575,0.07949756,-0.1071483,0.26435316,-0.14549632,0.040477555,-0.14337324,0.110570505,-0.025763493,0.41365382,-0.011783269,-0.050143786
209,0.2060141,0.056886174,0.11598206,0.24460064,-0.6010907,0.016291374,0.11315084,0.23666163,-0.099043176,0.26906195,-0.2509406,0.0070865294,-0.122463785,0.034010738,-0.18875116,0.17586152,-0.26353538,-0.017268779,-0.18097973,-0.005708269,-0.23656976,0.1538758,-0.33147004,0.06654394,-0.18427809,0.07988366,-0.102289595,0.2635802,-0.14431073,0.040630184,-0.13897555,0.11982619,-0.023492932,0.40785095,-0.009368488,-0.04723579
210,0.20232627,0.061547443,0.113222696,0.23576593,-0.5916961,0.013027031,0.11267388,0.23682629,-0.09591051,0.2648082,-0.24951749,0.008170757,-0.117875524,0.039802026,-0.18165755,0.17294207,-0.26351094,-0.019410217,-0.17206018,-0.0013495722,-0.2280137,0.14954078,-0.33295015,0.062706366,-0.17386882,0.069985844,-0.09524943,0.26799086,-0.14849573,0.049115207,-0.1329783,0.11730846,-0.0078850575,0.40960303,-0.00085437007,-0.056443013
211,0.20795377,0.06386546,0.11606292,0.24011293,-0.5920058,0.014627947,0.113933645,0.24015474,-0.098101586,0.26427847,-0.25443608,0.0076248394,-0.11887976,0.04375324,-0.18390961,0.17527921,-0.26937577,-0.02270061,-0.17335229,2.9472169e-05,-0.22954206,0.15543774,-0.33711523,0.061892655,-0.17638062,0.06892566,-0.09579075,0.2707766,-0.14439143,0.049054854,-0.13519977,0.1297235,-0.0141398925,0.40693527,0.0010898829,-0.048402198
212,0.20744768,0.063409165,0.11471693,0.23814404,-0.5996942,0.014581593,0.11409692,0.2403042,-0.097486936,0.26537913,-0.25986138,0.000793068,-0.11655202,0.046112306,-0.18248565,0.18000607,-0.27193588,-0.02860504,-0.17214893,0.0039918935,-0.22859131,0.16201869,-0.33863342,0.06218296,-0.1774958,0.06652353,-0.096821256,0.27127954,-0.14295895,0.04970097,-0.13653949,0.1297676,-0.014295215,0.41019192,-0.0060605663,-0.05657383
213,0.21492521,0.05564968,0.11911313,0.24094649,-0.6038253,0.015523064,0.11779987,0.23386405,-0.10023309,0.2711927,-0.26481208,0.0016359504,-0.11995633,0.04248553,-0.18781976,0.18488309,-0.27629894,-0.02517716,-0.17820962,0.0012862353,-0.23485848,0.1695389,-0.34129986,0.06703567,-0.1857243,0.070143834,-0.104253255,0.27234152,-0.14476457,0.051459905,-0.14303583,0.1360968,-0.023639325,0.4112,-0.014426549,-0.05401931
214,0.21500754,0.055818424,0.11949709,0.22978677,-0.58885866,0.01114864,0.120671995,0.23193474,-0.0994923,0.26817846,-0.25708318,0.0077045048,-0.12083457,0.04347321,-0.18733412,0.17419732,-0.27520913,-0.024330147,-0.17500028,-0.0026573609,-0.23165359,0.15775596,-0.341628,0.05891889,-0.17792048,0.073307104,-0.09790834,0.27274415,-0.15190455,0.044454284,-0.135732,0.13539791,-0.017966853,0.40991682,-0.008959567,-0.055098798
215,0.21467501,0.055756874,0.11852007,0.22711688,-0.58422863,0.012327269,0.12021195,0.22943953,-0.10102319,0.26722598,-0.25401908,0.013233431,-0.12359933,0.045562256,-0.18941766,0.16920374,-0.2758655,-0.019922236,-0.17574225,-0.0047726952,-0.23221925,0.15269752,-0.34304902,0.058058422,-0.17604522,0.07439273,-0.098516405,0.27394214,-0.15997678,0.046946883,-0.13465421,0.13259178,-0.013675912,0.41142702,-0.0059777237,-0.056466337
216,0.21546192,0.058540888,0.11916368,0.22480513,-0.582588,0.012686114,0.12149294,0.23294693,-0.09953675,0.26858637,-0.24847804,0.012943136,-0.123934865,0.049181376,-0.19074866,0.16730592,-0.27192375,-0.016576959,-0.17800656,-0.004467988,-0.23412147,0.15028282,-0.33959258,0.061732408,-0.1779667,0.0730046,-0.098500505,0.2690411,-0.15418112,0.04790565,-0.13433668,0.13673367,-0.014291829,0.40594643,-0.012302585,-0.058297914
217,0.21778966,0.054090258,0.12032428,0.22841898,-0.590315,0.012562235,0.12212717,0.22686318,-0.10053528,0.27359742,-0.25234893,0.011140195,-0.12514964,0.047259934,-0.19261286,0.172004,-0.2745824,-0.016872209,-0.18063886,-0.00805364,-0.23654763,0.15601414,-0.34111825,0.06286233,-0.18210554,0.07630274,-0.1029863,0.2718,-0.15571111,0.04916963,-0.13886708,0.13548194,-0.018738793,0.41009274,-0.009553177,-0.05378133
218,0.21576679,0.056277618,0.11888111,0.22361809,-0.5879688,0.01102775,0.12219022,0.22797616,-0.098735005,0.27425858,-0.2508209,0.008938366,-0.1235411,0.050389353,-0.19089243,0.17152078,-0.27282533,-0.018380709,-0.1791028,-0.006378617,-0.23501118,0.15429546,-0.3399859,0.06188818,-0.18028429,0.073783286,-0.10109129,0.27013367,-0.15665431,0.047265455,-0.1363195,0.1361429,-0.013691403,0.4096386,-0.010114269,-0.06057537
219,0.21819697,0.054786965,0.12039219,0.22297594,-0.59131414,0.011408184,0.12421928,0.22698916,-0.09645709,0.27533117,-0.2520698,0.0016605904,-0.120463714,0.050017312,-0.18911873,0.17490023,-0.27266586,-0.025339264,-0.17811468,-0.008783235,-0.23378764,0.15947108,-0.33847255,0.060550485,-0.18165115,0.07847658,-0.10092443,0.26857024,-0.15212467,0.042543557,-0.1366843,0.13950372,-0.019418765,0.40927845,-0.0127368225,-0.056742437
220,0.22023481,0.055516895,0.1211748,0.2257024,-0.6011737,0.012762353,0.12497815,0.22825904,-0.09724627,0.27736342,-0.25423795,-0.0015630821,-0.121246986,0.049817022,-0.19183156,0.17733006,-0.2731315,-0.023716282,-0.1818034,-0.008444926,-0.23725295,0.16346577,-0.3383187,0.06500299,-0.18667737,0.07944069,-0.10696327,0.2683436,-0.15027006,0.047433414,-0.14234805,0.12935306,-0.0238977,0.413003,-0.016283782,-0.056340054
221,0.22161597,0.060997866,0.12140789,0.22679974,-0.59253347,0.016196245,0.12401665,0.23206845,-0.09966829,0.2732315,-0.2502633,0.00060066424,-0.124636844,0.050451294,-0.19571918,0.1699061,-0.27177516,-0.022222329,-0.18448131,-0.00772795,-0.24037603,0.16079496,-0.33729073,0.06751736,-0.18885987,0.07995422,-0.10882519,0.26601475,-0.13795574,0.053018883,-0.14602599,0.121192925,-0.028589714,0.40934592,-0.020772839,-0.05483336
222,0.2192247,0.076346226,0.119544245,0.21439807,-0.58076996,0.01114533,0.12536642,0.23931755,-0.097534925,0.27199924,-0.24611363,-0.00010426855,-0.12300806,0.058179036,-0.19316578,0.16309276,-0.27011177,-0.02358584,-0.18001305,-0.00072377594,-0.23622504,0.15325841,-0.33832014,0.06351735,-0.18145429,0.07252617,-0.09865281,0.26618516,-0.122292824,0.05287527,-0.14045008,0.12443336,-0.022155082,0.4072812,-0.015464343,-0.05663902
223,0.22473396,0.06793032,0.120179355,0.21141213,-0.5838844,0.017024282,0.12732786,0.22136636,-0.09753542,0.27568698,-0.26154873,-0.0032644232,-0.118521735,0.057169177,-0.18664314,0.17095242,-0.280442,-0.036871355,-0.17145135,0.0012048437,-0.22803889,0.17165633,-0.3437631,0.060372964,-0.17908801,0.06526633,-0.09844097,0.2715872,-0.114629835,0.062090404,-0.14334378,0.12899302,-0.025212104,0.4091178,-0.020380385,-0.055076744
224,0.23261334,0.06501147,0.12544863,0.20359582,-0.56624335,0.012462322,0.13359405,0.21331227,-0.09890329,0.27632594,-0.2592179,0.0051734373,-0.12129746,0.05567859,-0.18826374,0.16542758,-0.28158066,-0.033341486,-0.17132698,-0.0036043655,-0.22786492,0.16550945,-0.34432063,0.05547715,-0.1763012,0.06771005,-0.09394841,0.27108026,-0.11854121,0.05134411,-0.13816793,0.13483863,-0.026850037,0.4068461,-0.015973786,-0.048197404
225,0.23291275,0.060628675,0.12488467,0.19992411,-0.56626546,0.007808635,0.13430366,0.21052408,-0.10298822,0.27632055,-0.26096797,0.008505412,-0.12593976,0.054962292,-0.19274113,0.16310337,-0.28525034,-0.03179805,-0.1745904,-0.0052082217,-0.23084976,0.1652664,-0.34762588,0.053996813,-0.1779584,0.069198996,-0.09471562,0.27315104,-0.12224346,0.045760404,-0.13841707,0.13618875,-0.029752078,0.4152356,-0.017802736,-0.04977799
226,0.22332802,0.06391026,0.11658231,0.19694892,-0.56467813,0.012087103,0.12704854,0.2114833,-0.10678797,0.27183482,-0.2597944,0.011830194,-0.13007203,0.059534047,-0.1952254,0.15770176,-0.284574,-0.02850229,-0.17603797,-0.0013266364,-0.23206083,0.16035806,-0.34843293,0.05416396,-0.17685671,0.06962639,-0.09788723,0.2721866,-0.1314402,0.04787296,-0.13859877,0.12132803,-0.024685478,0.42296615,-0.021052973,-0.05969124
227,0.22610877,0.068090975,0.118003786,0.20170878,-0.5695318,0.01293326,0.12726538,0.22049582,-0.109977864,0.27522475,-0.25879425,0.014240099,-0.1354693,0.06499556,-0.20418549,0.15867609,-0.28572074,-0.019147495,-0.1862985,0.0034185569,-0.24198891,0.16416961,-0.34892216,0.064744085,-0.1877152,0.06252421,-0.105171554,0.26930988,-0.117985986,0.05736743,-0.14759788,0.1312176,-0.03503178,0.41783643,-0.027287226,-0.05348047
228,0.22280559,0.06930967,0.11411792,0.1963825,-0.5739422,0.015940923,0.1256452,0.21903789,-0.108836696,0.27485466,-0.2662952,0.0070862374,-0.13112746,0.06686772,-0.1989328,0.16279013,-0.28755736,-0.028405001,-0.18079688,0.006836392,-0.2361596,0.17133087,-0.34914005,0.062001884,-0.18485612,0.05798591,-0.10315845,0.2695016,-0.11470676,0.05758994,-0.14651488,0.13222544,-0.03235787,0.41981596,-0.02866951,-0.06035813
229,0.22548006,0.06592208,0.11608466,0.19245644,-0.5675462,0.015145317,0.1283456,0.2161186,-0.106597826,0.2766337,-0.2682943,0.0038794586,-0.1279288,0.06463773,-0.1951243,0.16539198,-0.28734374,-0.031510077,-0.17723036,0.003435129,-0.23218529,0.17393416,-0.34872645,0.0591146,-0.18227193,0.063137494,-0.10063041,0.2694309,-0.11467453,0.053865507,-0.14416093,0.12958024,-0.033059265,0.4199742,-0.027314126,-0.059352346
230,0.22804862,0.06741272,0.118192114,0.18886565,-0.56010866,0.011549751,0.13095722,0.21642965,-0.10711296,0.27978194,-0.26888356,0.0060034962,-0.12922539,0.06449249,-0.19620301,0.16642837,-0.28753588,-0.02778514,-0.17871697,0.0025838218,-0.23343787,0.17081892,-0.35002643,0.05673645,-0.18175302,0.067632094,-0.099560685,0.26944506,-0.11968579,0.04666201,-0.14192747,0.13148883,-0.035339218,0.41946483,-0.025457844,-0.05717459
231,0.22858424,0.06251945,0.11843893,0.18838157,-0.55534995,0.011945268,0.13096188,0.21246886,-0.107910044,0.2827273,-0.26773995,0.010043972,-0.13149309,0.06366743,-0.19741812,0.1671652,-0.28623247,-0.020669235,-0.18077962,-0.00013657511,-0.23531266,0.1693975,-0.34934354,0.059724674,-0.18320136,0.070859306,-0.10218083,0.2691219,-0.12395107,0.049996562,-0.14311337,0.12809686,-0.03573959,0.42034128,-0.026734773,-0.057558026
232,0.22705989,0.06285847,0.117265485,0.18728329,-0.5569641,0.010578393,0.13031064,0.21701658,-0.10927887,0.28480586,-0.26733765,0.010811841,-0.13399062,0.066177055,-0.20087083,0.16777578,-0.28580308,-0.016004287,-0.18510342,0.00047432783,-0.2395299,0.16803755,-0.3496716,0.06227997,-0.18658018,0.07151806,-0.10557909,0.26885808,-0.12586251,0.05083889,-0.14561564,0.1272604,-0.03692232,0.42158908,-0.026013643,-0.05719434
233,0.22682625,0.06084155,0.11659622,0.18693177,-0.5580126,0.012900652,0.12986133,0.21364751,-0.10865335,0.28654838,-0.2698708,0.009422662,-0.13267657,0.06778989,-0.19883294,0.17053623,-0.2859393,-0.018007312,-0.18351926,0.00084336265,-0.23783399,0.17061074,-0.3493638,0.061457258,-0.18610701,0.07166572,-0.104981095,0.26851258,-0.1261749,0.04933014,-0.14489418,0.12923256,-0.03760211,0.4208466,-0.027630642,-0.05807119
234,0.22648354,0.059272274,0.11584626,0.18658142,-0.56189686,0.012962498,0.12956236,0.21434748,-0.10960904,0.28910616,-0.2739977,0.0080951415,-0.13302988,0.0704494,-0.19994457,0.17342992,-0.288493,-0.019339256,-0.18478096,0.0013919754,-0.23907755,0.17404485,-0.3513049,0.06099491,-0.18800916,0.07122452,-0.10628378,0.27027923,-0.12703198,0.04752957,-0.14632304,0.13270102,-0.038858578,0.42300177,-0.024870826,-0.0566978
235,0.22489716,0.057415213,0.114561364,0.18403317,-0.5610616,0.013595965,0.12908229,0.2154589,-0.10857014,0.2898286,-0.2737559,0.0070169577,-0.13196088,0.072379135,-0.19860643,0.17424704,-0.287499,-0.019404778,-0.18382548,0.0014536266,-0.23809046,0.17439072,-0.35033327,0.061588515,-0.18756548,0.0702318,-0.10592488,0.26947162,-0.12745745,0.04812781,-0.14564501,0.13256106,-0.036803972,0.42300674,-0.025683133,-0.05979234
236,0.22412677,0.056398343,0.113639794,0.18248273,-0.5611307,0.013106719,0.12870072,0.2156578,-0.109582394,0.2912146,-0.2753991,0.0068766745,-0.13301711,0.073455766,-0.19981058,0.17446548,-0.2888153,-0.01990067,-0.18480861,0.001797172,-0.23901924,0.17459558,-0.35168692,0.060056426,-0.18804204,0.071260795,-0.10694156,0.27036107,-0.12942551,0.046352584,-0.14629555,0.1316524,-0.037224,0.4251306,-0.024383664,-0.060466282
237,0.2264206,0.054849137,0.11514106,0.18244001,-0.5576855,0.014325705,0.1299039,0.21640453,-0.10950873,0.2924787,-0.273325,0.0077240905,-0.1340839,0.07330651,-0.20214248,0.17389706,-0.28739497,-0.016195763,-0.18784449,0.00038727163,-0.24197435,0.17403269,-0.35024947,0.06287372,-0.19116479,0.07275743,-0.1091028,0.26787555,-0.12776859,0.046573184,-0.14791164,0.13305485,-0.04155882,0.42273048,-0.030317232,-0.060089417
238,0.22600515,0.055680644,0.114566185,0.1799338,-0.5524614,0.0131828375,0.12973571,0.21771197,-0.11122906,0.29241487,-0.2729013,0.011988591,-0.13648379,0.07509151,-0.20395912,0.17085327,-0.2885722,-0.013539745,-0.18860802,0.0013843918,-0.24258497,0.17106566,-0.35219085,0.061282486,-0.18984906,0.071832284,-0.10845806,0.26905963,-0.13044164,0.04602251,-0.14697072,0.13286339,-0.03917146,0.42302942,-0.026847644,-0.060294874
239,0.22705336,0.05378583,0.11507513,0.1786542,-0.55251724,0.012507518,0.13065118,0.21423413,-0.11089381,0.29400423,-0.27397865,0.009697282,-0.13604559,0.07317426,-0.20363267,0.17170694,-0.28888974,-0.016088895,-0.18835734,-0.0012874517,-0.24218693,0.1728301,-0.35209668,0.060000904,-0.19021136,0.07541375,-0.108898886,0.2695158,-0.12971331,0.04464863,-0.14763853,0.13135713,-0.041112717,0.4244868,-0.027034286,-0.059432052
240,0.22471753,0.055498052,0.11283556,0.17747587,-0.5538548,0.013497382,0.12895301,0.21500209,-0.1119188,0.29353467,-0.27478036,0.009784522,-0.13693345,0.07578571,-0.20433506,0.17062996,-0.2894652,-0.016199192,-0.18863028,0.00045290386,-0.24234441,0.17172344,-0.35310125,0.05880489,-0.18954302,0.07410527,-0.10882882,0.27027228,-0.13099347,0.04434745,-0.14744432,0.12978241,-0.038596842,0.42565018,-0.024364127,-0.06110136
241,0.22675276,0.05701485,0.11429339,0.17773126,-0.5555119,0.013927154,0.13042758,0.21643464,-0.1102636,0.2943197,-0.27441713,0.006066834,-0.13510294,0.07631115,-0.2039559,0.17204249,-0.28875798,-0.018096361,-0.18885425,-0.0012368679,-0.24245179,0.17439553,-0.3517792,0.06084616,-0.19122234,0.07514021,-0.10885019,0.26881906,-0.12592667,0.04474704,-0.14823747,0.13146895,-0.0406156,0.4241505,-0.025914265,-0.05952678
242,0.22683394,0.056112442,0.11445587,0.17622325,-0.5556243,0.012670356,0.13108467,0.21221845,-0.10875449,0.29608193,-0.27439043,0.005391947,-0.13361654,0.07487736,-0.20082365,0.17347719,-0.2878229,-0.019894099,-0.18599312,-0.0031249486,-0.23954464,0.17590374,-0.35061058,0.060866356,-0.18952467,0.07602845,-0.10865259,0.26934028,-0.12759773,0.047467057,-0.14774816,0.12619029,-0.037043333,0.4261176,-0.024499083,-0.062315512
243,0.23065826,0.058797266,0.11751939,0.17570679,-0.5515757,0.013467922,0.13392481,0.21575278,-0.10645578,0.29613498,-0.27025,0.004477747,-0.13225052,0.07601145,-0.20101285,0.17233458,-0.28422955,-0.017116945,-0.18715349,-0.0029930808,-0.24059598,0.17353728,-0.3474984,0.06381652,-0.1907279,0.07689902,-0.10771981,0.26466396,-0.12320761,0.046023723,-0.14662933,0.13031198,-0.040055882,0.42025146,-0.030872213,-0.06257237
244,0.23050225,0.060457796,0.11660193,0.17517892,-0.55310637,0.012607306,0.13332571,0.21574812,-0.10862052,0.29662198,-0.27337822,0.0037777438,-0.13395536,0.075969614,-0.2027813,0.17090729,-0.2873918,-0.02008686,-0.18761042,-0.0030405456,-0.24101089,0.1741643,-0.35071692,0.06021381,-0.1901997,0.07888978,-0.10840231,0.26820567,-0.12366857,0.044615686,-0.14799881,0.1256027,-0.03904517,0.4258595,-0.023763582,-0.06168941
245,0.23418166,0.060393862,0.11936794,0.17545177,-0.5486575,0.012403772,0.13559143,0.21499804,-0.10757962,0.29913703,-0.27246556,0.0046097417,-0.13364486,0.07473107,-0.2024275,0.17072083,-0.28683156,-0.019247962,-0.18733196,-0.00529321,-0.24077109,0.17444776,-0.35000798,0.06080778,-0.19037803,0.08149854,-0.10815257,0.26749003,-0.12122007,0.04512482,-0.14812075,0.12566374,-0.040847864,0.42443922,-0.024615467,-0.06042838
246,0.23665322,0.059044752,0.121322006,0.17433421,-0.541144,0.014967296,0.13728008,0.21721452,-0.10507362,0.29854846,-0.2684878,0.0028636565,-0.1317332,0.07355927,-0.20099482,0.16939351,-0.2834921,-0.018832928,-0.18640946,-0.008564167,-0.23991305,0.17531645,-0.34633732,0.06458484,-0.19127299,0.083230406,-0.10732524,0.26385462,-0.1126479,0.048342742,-0.14840248,0.1257403,-0.04303536,0.42040253,-0.031241683,-0.062154483
247,0.2298041,0.06861468,0.115845196,0.16718906,-0.54521054,0.014573242,0.13450232,0.22694074,-0.10550776,0.29648727,-0.26917976,-0.0010232702,-0.13137227,0.07557078,-0.20037428,0.1673942,-0.28295022,-0.018835008,-0.18519017,-0.0053845677,-0.23814054,0.17187329,-0.347785,0.06256974,-0.18759911,0.081846714,-0.10429692,0.26626363,-0.10763987,0.050123326,-0.14737266,0.119014524,-0.03715442,0.4254518,-0.024022192,-0.064629585
248,0.2318118,0.06925654,0.11623772,0.16866963,-0.54898494,0.017672075,0.13471544,0.22320035,-0.1058609,0.300853,-0.2750275,-0.0032723397,-0.13058533,0.07306772,-0.19904198,0.17250995,-0.28514972,-0.019734101,-0.18436287,-0.00663912,-0.23684324,0.17880519,-0.3492811,0.063983545,-0.18868004,0.08351264,-0.106503114,0.26866966,-0.10592314,0.055002913,-0.1502462,0.11620802,-0.038964823,0.4291601,-0.023188809,-0.063133426
249,0.23288082,0.07583853,0.11694671,0.1645353,-0.54222107,0.0155125335,0.1361959,0.22778901,-0.10793583,0.30230474,-0.2764366,0.0018361555,-0.13315998,0.07554925,-0.20078582,0.17085555,-0.2871403,-0.015133904,-0.18513322,-0.0025984005,-0.23719537,0.17519194,-0.3528617,0.06080732,-0.18614636,0.0838435,-0.10250597,0.26975268,-0.106046945,0.049078166,-0.14679603,0.12273833,-0.04097123,0.42752597,-0.022150902,-0.06123438
250,0.23255324,0.06892039,0.11714773,0.16024627,-0.53016806,0.013179831,0.1368376,0.21982421,-0.10879533,0.3033296,-0.27513698,0.010005313,-0.13515773,0.07250294,-0.19828755,0.16720058,-0.2897566,-0.01595579,-0.18011701,-0.0049453923,-0.23197642,0.174671,-0.35526574,0.05523849,-0.18005985,0.08700973,-0.10042588,0.2735468,-0.10895896,0.05323763,-0.14502552,0.114866756,-0.03811005,0.43069634,-0.018402629,-0.06029044
