Epoch,Layer0_theta_1,Layer0_r,Layer0_theta_2,Layer0_bx,Layer0_bp,Layer0_kappa,Layer1_theta_1,Layer1_r,Layer1_theta_2,Layer1_bx,Layer1_bp,Layer1_kappa,Layer2_theta_1,Layer2_r,Layer2_theta_2,Layer2_bx,Layer2_bp,Layer2_kappa,Layer3_theta_1,Layer3_r,Layer3_theta_2,Layer3_bx,Layer3_bp,Layer3_kappa,Layer4_theta_1,Layer4_r,Layer4_theta_2,Layer4_bx,Layer4_bp,Layer4_kappa,Layer5_theta_1,Layer5_r,Layer5_theta_2,Layer5_bx,Layer5_bp,Layer5_kappa
1,-0.032907862,0.037758853,-0.03284401,0.058136787,-0.062141575,0.033546045,-0.031967115,0.043541186,-0.030368138,0.059222788,-0.06807695,0.02631947,-0.029235732,0.053990897,-0.027390782,0.06462015,-0.07170626,0.01874477,-0.02642661,0.058442123,-0.025942778,0.071217105,-0.07240048,0.01736974,-0.025630858,0.054208715,-0.02648849,0.07553333,-0.072253644,0.018017096,-0.027191637,0.0465365,-0.028054943,0.07745913,-0.072219014,0.019810423
2,-0.047142457,0.019627148,-0.049738076,0.080614984,-0.08811661,0.06763975,-0.048544623,0.027131356,-0.04454386,0.075398035,-0.09774896,0.0465741,-0.041949753,0.06689994,-0.033994254,0.08163559,-0.10927292,0.019148702,-0.030582994,0.08887834,-0.025451006,0.09722712,-0.114948064,0.008901588,-0.023067275,0.080040365,-0.023237126,0.1107242,-0.11740654,0.004134754,-0.023367193,0.05804781,-0.02528156,0.118037865,-0.117041215,0.005888405
3,-0.047508985,-0.004843828,-0.05224174,0.08912623,-0.096291535,0.07919074,-0.051020987,0.010618235,-0.045931347,0.080925055,-0.1055176,0.0518367,-0.043025576,0.0631888,-0.032406595,0.08935148,-0.120606646,0.019993568,-0.028761823,0.090278424,-0.021083148,0.10994841,-0.12793681,0.010273797,-0.019037273,0.080207,-0.017139988,0.12736747,-0.13089184,-0.00014600856,-0.018125119,0.053883053,-0.019172912,0.13697897,-0.12822993,-0.003290459
4,-0.043723665,-0.025054622,-0.048930593,0.08403686,-0.095454685,0.07779076,-0.046925686,-0.0009310215,-0.04117022,0.07727893,-0.10537417,0.04692371,-0.03753405,0.055576164,-0.026433753,0.09006525,-0.121836446,0.018211182,-0.02260829,0.08065634,-0.013927202,0.113418855,-0.12939054,0.0138337575,-0.01214227,0.07140592,-0.007922642,0.13181186,-0.13225703,-6.242364e-05,-0.00915367,0.046055667,-0.008875784,0.14173234,-0.12711862,-0.0061699515
5,-0.04384231,-0.039569326,-0.048829548,0.07107871,-0.08665315,0.08054907,-0.04579283,-0.010813809,-0.039743602,0.06538943,-0.099749126,0.04717976,-0.034594122,0.05134367,-0.02352685,0.08225029,-0.11931773,0.019796813,-0.018282259,0.072435044,-0.009578127,0.10772677,-0.12755127,0.019808237,-0.006553933,0.064829744,-0.00046217977,0.12610936,-0.13019608,0.00067123654,-0.00021654007,0.042751696,0.0013972155,0.13578501,-0.12358981,-0.010492215
6,-0.04494718,-0.056852717,-0.0494095,0.059703376,-0.08064166,0.07848219,-0.04535921,-0.015512867,-0.039413117,0.055265024,-0.09619713,0.04413173,-0.032924403,0.050982088,-0.022776505,0.07676862,-0.11821841,0.02066181,-0.016502168,0.063296124,-0.009296611,0.10416953,-0.12657177,0.028464738,-0.0054829037,0.054347795,0.0014001149,0.12208306,-0.12742445,0.006568171,0.0024940136,0.035443265,0.004872691,0.13134487,-0.11823057,-0.007859408
7,-0.048434455,-0.069151215,-0.05163052,0.050492987,-0.07301324,0.078803025,-0.046932753,-0.020765634,-0.04132675,0.04502728,-0.09078565,0.044444572,-0.033582013,0.0525818,-0.023785533,0.06930302,-0.11597349,0.021983957,-0.016200375,0.058842704,-0.009916961,0.09813431,-0.12523027,0.034080412,-0.004864729,0.049382877,0.0024993122,0.1156063,-0.12610447,0.009757346,0.00501603,0.03360881,0.007828852,0.1248064,-0.11643337,-0.00729814
8,-0.050927103,-0.07797412,-0.052999526,0.0454704,-0.06945678,0.075784884,-0.047938216,-0.023316497,-0.04272306,0.039214935,-0.089281134,0.04189197,-0.034209523,0.055157926,-0.024902575,0.06636789,-0.116469905,0.020949606,-0.016686482,0.055925973,-0.0113740135,0.09642322,-0.1258189,0.036914427,-0.0058357115,0.046149936,0.0016643833,0.11347119,-0.12536868,0.011675564,0.0046737427,0.03281807,0.0076087583,0.12275783,-0.114527486,-0.006026759
9,-0.05259659,-0.08169596,-0.053285364,0.044969294,-0.06538047,0.07192156,-0.04835331,-0.02489332,-0.043423068,0.035584826,-0.08640001,0.03871258,-0.03451222,0.05794912,-0.025653528,0.06407759,-0.1158251,0.018312577,-0.01702414,0.05447921,-0.012602198,0.095051184,-0.12568596,0.036967073,-0.006738671,0.04460562,0.00073501066,0.11165516,-0.12516034,0.01066304,0.0041693416,0.033895787,0.007111116,0.12107668,-0.11406141,-0.007957294
10,-0.055516865,-0.08356905,-0.054816023,0.04724718,-0.0625816,0.069533944,-0.05020022,-0.026304314,-0.045608927,0.03400119,-0.083634324,0.037327956,-0.036539905,0.061599825,-0.027976302,0.0630197,-0.11484022,0.01682509,-0.01915492,0.054830592,-0.0155070685,0.09453223,-0.12521,0.037463687,-0.009493807,0.04487216,-0.0021605608,0.11037841,-0.12516946,0.009905497,0.0016353253,0.036428068,0.004490904,0.11987058,-0.11476141,-0.00976467
11,-0.058216415,-0.08668978,-0.05605954,0.05004694,-0.061788008,0.06713516,-0.051715348,-0.02828346,-0.04750912,0.033910822,-0.08268631,0.036137935,-0.03841485,0.06501332,-0.029990029,0.06357664,-0.11478111,0.0153667005,-0.021223363,0.055549614,-0.018290663,0.09558254,-0.12529385,0.038101643,-0.0124144,0.044424895,-0.0053151147,0.11069433,-0.12523307,0.010101303,-0.0015005465,0.037272114,0.0012177186,0.1202243,-0.11515211,-0.009834335
12,-0.060742795,-0.089017525,-0.057032596,0.050844066,-0.060503237,0.06506678,-0.052813202,-0.031456944,-0.048877217,0.03273295,-0.0817311,0.034991436,-0.03964027,0.06664778,-0.031149285,0.0630534,-0.11434994,0.013535485,-0.02228542,0.05578982,-0.019747443,0.09543116,-0.12497752,0.03761975,-0.013826968,0.04482006,-0.006871683,0.10990201,-0.12531617,0.0088990675,-0.0028369382,0.038759544,-0.00026870865,0.11962573,-0.11610598,-0.0114282565
13,-0.06360875,-0.09067996,-0.058987644,0.04914421,-0.060527094,0.06391958,-0.054590818,-0.033182163,-0.050893776,0.031106135,-0.08334237,0.034371983,-0.041357763,0.06866891,-0.032971725,0.06298634,-0.115695834,0.01264032,-0.0239625,0.056683198,-0.021899104,0.09593615,-0.12594424,0.0383616,-0.015939554,0.04481107,-0.00922694,0.11008272,-0.12518275,0.010094707,-0.005182136,0.039148092,-0.0027899705,0.11997281,-0.11540126,-0.009455521
14,-0.06680483,-0.09326067,-0.0610699,0.047975153,-0.060009573,0.06557766,-0.0565738,-0.03643895,-0.053097747,0.029671805,-0.083550796,0.03669035,-0.043333225,0.06932391,-0.034761004,0.06225168,-0.115356006,0.0137791,-0.025596937,0.057515,-0.02365351,0.09541871,-0.12538466,0.03996522,-0.017588647,0.045093797,-0.011132428,0.10912909,-0.124724336,0.011952295,-0.006866578,0.039088093,-0.0046957103,0.11929853,-0.115283705,-0.0077367863
15,-0.064436935,-0.09367508,-0.0572512,0.04970103,-0.060695194,0.06252408,-0.05291288,-0.041976303,-0.049053885,0.030853104,-0.08276865,0.033947162,-0.03953962,0.06439091,-0.030788038,0.062943466,-0.11319564,0.010792976,-0.021973856,0.0538277,-0.019828813,0.095793836,-0.123051174,0.03722451,-0.014139627,0.04419224,-0.0076050404,0.10872564,-0.12371382,0.008986633,-0.003423705,0.0389331,-0.0013406726,0.119359635,-0.115751825,-0.011060409
16,-0.061632965,-0.08337064,-0.05510472,0.045737706,-0.06307714,0.059663028,-0.050345257,-0.041682508,-0.04530139,0.030120714,-0.08629016,0.029992182,-0.035672903,0.05826945,-0.027877972,0.06393517,-0.1145765,0.008523276,-0.019212477,0.048382185,-0.01718582,0.09680442,-0.12374009,0.03426551,-0.011698299,0.04552373,-0.0050000683,0.10975453,-0.12269389,0.0068324525,-0.001150134,0.042788543,0.00070021825,0.121469036,-0.11285251,-0.009815266
17,-0.063074924,-0.0694292,-0.057571296,0.044090986,-0.059875507,0.0647754,-0.0527953,-0.038250744,-0.046715092,0.027407806,-0.08528705,0.032939818,-0.036794793,0.0570514,-0.030066496,0.06132786,-0.11334819,0.011528672,-0.021017646,0.047863986,-0.019181872,0.09453678,-0.12247046,0.0354593,-0.013343481,0.05052344,-0.0066916933,0.10737389,-0.12245753,0.0058387704,-0.0023880969,0.051620837,-0.0008404601,0.12010372,-0.11240572,-0.011318888
18,-0.05962569,-0.067199424,-0.0542644,0.052663676,-0.062486656,0.065361805,-0.050052546,-0.038520116,-0.043614108,0.032752354,-0.084741324,0.0341859,-0.034335162,0.056024604,-0.028504282,0.06570365,-0.11130409,0.013663865,-0.02026377,0.04591856,-0.019094435,0.09898915,-0.12010727,0.03878125,-0.014190214,0.046301335,-0.007948815,0.11093326,-0.11973797,0.007989971,-0.004404224,0.04960962,-0.0031856888,0.124140054,-0.10838578,-0.011213806
19,-0.058310695,-0.07153265,-0.05248548,0.05519061,-0.061620057,0.06623804,-0.048518945,-0.04032654,-0.042325173,0.032628007,-0.08405915,0.036370195,-0.03307812,0.05771699,-0.027650798,0.06601108,-0.11043305,0.01529068,-0.019511929,0.046404745,-0.018932365,0.10017586,-0.11916035,0.041513614,-0.014281301,0.041481785,-0.008505531,0.112035185,-0.11803414,0.011032039,-0.0052272426,0.045931242,-0.0042744437,0.12564883,-0.10492769,-0.008246651
20,-0.059514828,-0.07241918,-0.052826248,0.05179288,-0.056852832,0.06670633,-0.048857536,-0.042312395,-0.042784818,0.027379967,-0.08163405,0.0375968,-0.033083424,0.05952192,-0.027930193,0.061600488,-0.10883352,0.015503997,-0.019252934,0.047253247,-0.019118834,0.09691887,-0.11804837,0.04245616,-0.014029237,0.039510414,-0.008548447,0.109077536,-0.11690785,0.012529841,-0.004872864,0.046375968,-0.004112175,0.12311885,-0.102751374,-0.0057824594
21,-0.059958186,-0.07060122,-0.05303968,0.049495466,-0.05550742,0.066730626,-0.048982844,-0.042124894,-0.042851396,0.024667917,-0.08237952,0.03786242,-0.032876723,0.0612213,-0.028158905,0.060022645,-0.10961203,0.015390062,-0.019219277,0.048172217,-0.019535737,0.09632744,-0.118925266,0.043118935,-0.014279376,0.038160544,-0.009045669,0.1089885,-0.11676301,0.013523947,-0.0053535495,0.046873927,-0.0048016766,0.12351868,-0.10085622,-0.0049365917
22,-0.059988905,-0.07020254,-0.052477088,0.050229557,-0.054065827,0.06674634,-0.048527215,-0.044020105,-0.042405825,0.023571007,-0.081744194,0.03855485,-0.032346796,0.06247362,-0.027825212,0.05877842,-0.108781576,0.015011917,-0.018761257,0.049288016,-0.019470453,0.09584071,-0.11837543,0.0433797,-0.01417625,0.035751443,-0.009197077,0.10860399,-0.11672899,0.013855568,-0.005445081,0.04633058,-0.0050184075,0.12335923,-0.100346014,-0.0051832297
23,-0.05962021,-0.068387926,-0.051969778,0.054888003,-0.055649757,0.06670675,-0.048224475,-0.04396022,-0.042016476,0.026111068,-0.082449056,0.039131653,-0.03217537,0.06406848,-0.028087677,0.060853295,-0.10866484,0.015314326,-0.019292368,0.050292518,-0.020479105,0.09827719,-0.118246555,0.04462048,-0.015531973,0.03363334,-0.010732133,0.11068452,-0.11647902,0.014457143,-0.0072728614,0.046021868,-0.007002517,0.1256222,-0.09932629,-0.006503495
24,-0.059084993,-0.067442685,-0.05115452,0.055190463,-0.055398747,0.06627476,-0.047443986,-0.045389533,-0.041122917,0.025593424,-0.08252483,0.039112173,-0.031246351,0.064354256,-0.027390348,0.06016992,-0.10782645,0.014697997,-0.018558785,0.050886597,-0.020040601,0.09797381,-0.1174914,0.044537563,-0.015109297,0.031889725,-0.010516497,0.11034276,-0.11623712,0.013744295,-0.007026953,0.045663737,-0.006920431,0.12561318,-0.098955564,-0.009192977
25,-0.05880697,-0.06857866,-0.050386623,0.054064807,-0.055690385,0.064869165,-0.046599753,-0.04808564,-0.040294442,0.024681646,-0.0840528,0.038215935,-0.030316023,0.06440608,-0.026505016,0.05989619,-0.10829915,0.013172456,-0.01763002,0.0512101,-0.019358391,0.098178305,-0.11778503,0.0437354,-0.014448393,0.029905565,-0.010030161,0.11062951,-0.116228424,0.012912938,-0.0065928143,0.0446037,-0.006615761,0.12613226,-0.09843964,-0.01075664
26,-0.059946194,-0.070622586,-0.05088029,0.04994392,-0.05501155,0.06395354,-0.0468733,-0.05089682,-0.04063668,0.021555346,-0.08567497,0.03782424,-0.030336425,0.06472775,-0.026581872,0.058206547,-0.10906217,0.012295533,-0.017452916,0.051544286,-0.019425383,0.09712984,-0.11836192,0.0436972,-0.014321604,0.028151443,-0.010022398,0.10974574,-0.11577818,0.013070579,-0.0064812726,0.04407786,-0.0065939943,0.12532246,-0.09728574,-0.010828147
27,-0.061553027,-0.07033945,-0.05185654,0.048264258,-0.05410415,0.06304042,-0.047786936,-0.05214803,-0.041630816,0.019609293,-0.0867988,0.037596293,-0.031122971,0.0669824,-0.027502974,0.057030857,-0.109671384,0.011296222,-0.018181602,0.053804055,-0.020507488,0.09655642,-0.11903393,0.043411795,-0.015253701,0.027303942,-0.011131161,0.10939262,-0.115879975,0.013186486,-0.0075107296,0.043949798,-0.0077829724,0.12505461,-0.096373715,-0.010633531
28,-0.06319782,-0.07248147,-0.052348036,0.050304882,-0.052016903,0.062688425,-0.048479028,-0.056006502,-0.042417325,0.019088771,-0.084823996,0.038326964,-0.03187849,0.06762903,-0.028197605,0.05572584,-0.1072222,0.010814779,-0.018801654,0.054855242,-0.021284591,0.095401786,-0.11678054,0.043165807,-0.015993012,0.026743114,-0.012006536,0.107586205,-0.115448,0.012666083,-0.008130746,0.044142038,-0.008573974,0.12333798,-0.097635716,-0.011629024
29,-0.064915724,-0.07274095,-0.053692162,0.0528392,-0.055891104,0.061468348,-0.04978339,-0.057124693,-0.04372237,0.02181229,-0.08854084,0.03777761,-0.03334653,0.0689593,-0.029913567,0.059377097,-0.1089181,0.010530703,-0.020861035,0.055806577,-0.023739042,0.09913124,-0.117724076,0.044296063,-0.018856844,0.025725672,-0.014905699,0.11044686,-0.11429744,0.014282375,-0.011438451,0.04354936,-0.012002605,0.12592843,-0.09570408,-0.009760772
30,-0.06756791,-0.072059184,-0.0554457,0.050085742,-0.051656626,0.063079715,-0.051541585,-0.06048209,-0.045240887,0.017929053,-0.08584075,0.039356414,-0.03451857,0.06817916,-0.03103197,0.055133708,-0.10574734,0.010945524,-0.021563936,0.05601109,-0.024363508,0.09501605,-0.11478757,0.044185754,-0.019074738,0.027333649,-0.015203434,0.10612055,-0.11351062,0.0136349695,-0.011165268,0.045971815,-0.011965842,0.12210174,-0.09682019,-0.010630079
31,-0.06627714,-0.072440565,-0.05414977,0.04923224,-0.05710898,0.059328735,-0.049974367,-0.06114276,-0.043399062,0.020182395,-0.09262418,0.035694886,-0.032802064,0.06693444,-0.029762564,0.059689235,-0.109627955,0.008440353,-0.020691002,0.054507233,-0.023923814,0.099811114,-0.11759718,0.04341668,-0.019106913,0.024301374,-0.015293545,0.110778034,-0.112275004,0.013885899,-0.011960606,0.043424297,-0.012834066,0.12683627,-0.09240582,-0.0094576115
32,-0.06917784,-0.069594085,-0.056138065,0.0509513,-0.052274354,0.061711613,-0.05225127,-0.06387099,-0.045259666,0.018836876,-0.08702233,0.038061883,-0.034586906,0.06628895,-0.031522974,0.056006413,-0.10333734,0.00957532,-0.0222263,0.054941647,-0.025340736,0.09586783,-0.111617155,0.04380896,-0.020319415,0.0267662,-0.01654724,0.105837986,-0.1101412,0.013315254,-0.01261777,0.046855353,-0.013731355,0.122344434,-0.09358896,-0.010690247
33,-0.06972751,-0.07023988,-0.056323837,0.05286251,-0.05444393,0.060953055,-0.05244956,-0.06519906,-0.045343313,0.02064641,-0.08944562,0.037716493,-0.034790322,0.06603538,-0.031918313,0.05847276,-0.104205705,0.009256995,-0.022856543,0.05492845,-0.026108207,0.09837657,-0.11193178,0.04384244,-0.021370796,0.0266831,-0.01767802,0.108083844,-0.10935544,0.013732335,-0.014066359,0.04598745,-0.015448507,0.12513857,-0.09147015,-0.009286914
34,-0.07050914,-0.06823206,-0.05655664,0.0510439,-0.052523546,0.060855754,-0.052662812,-0.067042395,-0.045182638,0.01874167,-0.08931268,0.03735905,-0.03445539,0.06520875,-0.03161408,0.056429546,-0.103185065,0.007986881,-0.022353606,0.055244513,-0.025569348,0.09651156,-0.11092039,0.042033393,-0.020651931,0.028049022,-0.017094651,0.10657601,-0.1094718,0.011891864,-0.013288702,0.047215603,-0.014940182,0.12438724,-0.09163127,-0.0106529705
35,-0.06993217,-0.06556652,-0.055837642,0.04909256,-0.054259565,0.059566867,-0.051767748,-0.067503445,-0.04373822,0.018396782,-0.093130074,0.03558655,-0.03294016,0.06382025,-0.03052567,0.057563428,-0.10534781,0.006490822,-0.021317694,0.05425677,-0.024784822,0.09797118,-0.11280083,0.04087328,-0.019946823,0.027499108,-0.01650996,0.10853557,-0.10924813,0.011036638,-0.012983826,0.047209207,-0.01489103,0.12701745,-0.088759184,-0.01066609
36,-0.072823144,-0.05887481,-0.059060846,0.044830345,-0.05338945,0.06415296,-0.05476896,-0.06390183,-0.045994386,0.015080054,-0.09615375,0.038963057,-0.034811065,0.06547381,-0.033181187,0.055676293,-0.107070655,0.009872298,-0.02363351,0.056501653,-0.027397584,0.0966637,-0.11452691,0.04337523,-0.022225328,0.02987535,-0.018942533,0.108297,-0.10944979,0.012246434,-0.015329175,0.049960706,-0.017710663,0.1278705,-0.08565441,-0.010483602
37,-0.071052164,-0.06015939,-0.057237267,0.0453899,-0.055498756,0.06293676,-0.052909374,-0.064441256,-0.043931432,0.01584337,-0.10082779,0.03823524,-0.03279749,0.065282896,-0.031731676,0.058219705,-0.10986117,0.009516234,-0.02238501,0.056419555,-0.026537903,0.09974631,-0.116717026,0.043533023,-0.02164054,0.027996574,-0.018551746,0.11168164,-0.10882283,0.012569678,-0.015401637,0.048583318,-0.018084653,0.13178574,-0.081856504,-0.010782756
38,-0.070044845,-0.066022746,-0.05502799,0.04818991,-0.050159637,0.0636864,-0.051043756,-0.071057916,-0.04219859,0.0139628025,-0.09601432,0.04042974,-0.030954467,0.06347223,-0.029706918,0.054468773,-0.104922965,0.010001145,-0.02015389,0.056232553,-0.024080412,0.096100494,-0.112374105,0.042685524,-0.019022113,0.027963137,-0.016193563,0.1078145,-0.10874667,0.011043016,-0.012617409,0.048394196,-0.0156586,0.12877351,-0.08444854,-0.012907344
39,-0.06687837,-0.06748319,-0.051539924,0.05311728,-0.05361393,0.058851123,-0.04766899,-0.0730677,-0.038584244,0.018075895,-0.09911984,0.036503524,-0.027720524,0.06173928,-0.026945721,0.05926785,-0.10582568,0.006790699,-0.017915402,0.054255113,-0.02227302,0.10091541,-0.112683594,0.040640514,-0.017808419,0.025292095,-0.01516414,0.11207128,-0.10721416,0.0095949415,-0.0122054145,0.04632876,-0.015528064,0.13347702,-0.08109819,-0.0133516835
40,-0.070472136,-0.055165395,-0.055431377,0.056086566,-0.053080283,0.06321057,-0.051724527,-0.069372974,-0.041306254,0.019412111,-0.09757872,0.038977563,-0.030548748,0.06221547,-0.030524543,0.059034668,-0.10242537,0.009625596,-0.021541938,0.05515444,-0.026096664,0.10025521,-0.10924895,0.04314696,-0.021680959,0.031144613,-0.019010179,0.11048817,-0.105578065,0.011832531,-0.015863828,0.054190066,-0.019686386,0.13287279,-0.080636896,-0.009628387
41,-0.070311256,-0.050782893,-0.056133755,0.046597585,-0.055655323,0.06589092,-0.05183315,-0.06720331,-0.04023605,0.015269615,-0.103585444,0.039245714,-0.029030303,0.058033466,-0.029939765,0.059135538,-0.10540448,0.012008637,-0.020849045,0.051072523,-0.025585061,0.10058496,-0.11125817,0.045940284,-0.021088878,0.03249175,-0.01841723,0.11132434,-0.10283998,0.014338573,-0.0155127635,0.057011962,-0.019852666,0.13522899,-0.07485111,-0.0077446066
42,-0.06798609,-0.05288476,-0.053728204,0.043802083,-0.053087953,0.06661676,-0.049382087,-0.06929569,-0.037597716,0.0115190465,-0.103688784,0.040214654,-0.026080644,0.056482878,-0.027349086,0.05633399,-0.10492583,0.012653829,-0.01801997,0.05039338,-0.02281567,0.09851033,-0.11110376,0.04580811,-0.018132024,0.032021258,-0.015807755,0.11063392,-0.10300098,0.013695871,-0.012871762,0.056023814,-0.017899565,0.13643602,-0.07315614,-0.0074743396
43,-0.064066455,-0.061619,-0.049030147,0.04821661,-0.050873768,0.06363906,-0.044978242,-0.074889064,-0.033848666,0.011690387,-0.101936355,0.039954208,-0.022404285,0.056724805,-0.023667078,0.055593632,-0.103254855,0.011171538,-0.014374725,0.051461853,-0.019308409,0.09835565,-0.11011221,0.043919668,-0.0147209875,0.028812714,-0.012877604,0.11128306,-0.10417007,0.012038311,-0.010018041,0.05135174,-0.015634323,0.13838941,-0.073919445,-0.008229253
44,-0.0653422,-0.06253832,-0.04954069,0.047874257,-0.047439408,0.06306229,-0.045593116,-0.0762863,-0.034775816,0.008721108,-0.101762,0.040874913,-0.023054453,0.060483847,-0.024366714,0.05289553,-0.10384215,0.01058241,-0.014766744,0.055975422,-0.019875186,0.096519545,-0.111408226,0.04267544,-0.014992849,0.03032292,-0.013533456,0.110869125,-0.10709163,0.011079687,-0.010484888,0.05109744,-0.016702358,0.13923518,-0.07571568,-0.008173807
45,-0.06780676,-0.06244164,-0.051078822,0.051543128,-0.046529178,0.062329557,-0.04731455,-0.07890039,-0.036662765,0.009225316,-0.10206616,0.041511443,-0.024962772,0.06356,-0.026295714,0.053327885,-0.10419695,0.010103503,-0.016698824,0.05925817,-0.02202205,0.09739948,-0.111988574,0.0422489,-0.017170962,0.03257888,-0.015911963,0.11174069,-0.10877122,0.010580812,-0.012844316,0.053274978,-0.01949963,0.14072767,-0.077526316,-0.0083709145
46,-0.07023858,-0.06418507,-0.052673806,0.052851584,-0.047002614,0.061161697,-0.048943292,-0.08160739,-0.038551383,0.009364869,-0.10459964,0.041792534,-0.026825115,0.06624701,-0.028112695,0.054523557,-0.10584724,0.009490995,-0.018552389,0.062533766,-0.024025042,0.0989186,-0.11332384,0.041795656,-0.01923805,0.03469498,-0.018214865,0.11322584,-0.109872825,0.010553231,-0.015224418,0.05418868,-0.022326693,0.14277333,-0.078587405,-0.0077001825
47,-0.071253724,-0.06769888,-0.052830823,0.04881469,-0.044708934,0.059792012,-0.04902171,-0.086147144,-0.038616642,0.0056880577,-0.10535523,0.04115707,-0.026551101,0.06514497,-0.02766992,0.05215704,-0.10535998,0.008091646,-0.01788829,0.062843785,-0.023191646,0.09663135,-0.112509914,0.039972704,-0.018197916,0.036469214,-0.017351203,0.11103156,-0.10998286,0.008866289,-0.014117162,0.05509315,-0.021561453,0.1414279,-0.08014529,-0.008922957
48,-0.073792756,-0.07144298,-0.05471682,0.04894051,-0.046769124,0.06074268,-0.05083369,-0.09036834,-0.040367827,0.0065568476,-0.1083599,0.042743646,-0.028349994,0.064342275,-0.029290434,0.053871136,-0.10530666,0.009246228,-0.01966317,0.06374393,-0.02472215,0.09782988,-0.111321986,0.04075484,-0.019906376,0.039315768,-0.019234512,0.11125016,-0.1089107,0.009869426,-0.016037542,0.05600081,-0.023928136,0.14233248,-0.0811223,-0.0072215144
49,-0.07469034,-0.0730206,-0.055092353,0.045933347,-0.048306875,0.059496112,-0.05102276,-0.094379306,-0.040129613,0.005558839,-0.11216864,0.04114154,-0.028000038,0.06152462,-0.02881788,0.05495634,-0.10671483,0.007536792,-0.019257165,0.062332515,-0.024075476,0.09855853,-0.11180178,0.038742416,-0.019325515,0.04244847,-0.018729007,0.111617126,-0.10923506,0.0077849324,-0.01556925,0.058451183,-0.023866484,0.14380507,-0.08284625,-0.008656164
50,-0.07617164,-0.07634259,-0.05624489,0.04206964,-0.04975684,0.059096348,-0.051958486,-0.0971998,-0.040955175,0.0037645886,-0.11620144,0.040950928,-0.02862839,0.060134448,-0.029424185,0.055743832,-0.10855744,0.0075235837,-0.019868406,0.0619073,-0.024577517,0.09914248,-0.11273722,0.03875192,-0.019829968,0.04449876,-0.01935162,0.1119531,-0.10903418,0.008033395,-0.016225735,0.059430357,-0.024903294,0.14505273,-0.08330255,-0.00747777
51,-0.07811789,-0.07907352,-0.05750611,0.0415038,-0.048836675,0.059828132,-0.053220887,-0.100455865,-0.04210162,0.0027368902,-0.11682393,0.042230476,-0.029656883,0.059302494,-0.030381562,0.055214133,-0.107758194,0.008318649,-0.02078183,0.062319595,-0.025312481,0.09839754,-0.11148484,0.038943432,-0.020533482,0.04724348,-0.020241458,0.11087131,-0.10889593,0.008156782,-0.016980125,0.06105432,-0.026086727,0.14501244,-0.08469735,-0.0067050597
52,-0.07799576,-0.080218256,-0.05712373,0.04077896,-0.04920928,0.058836974,-0.052794583,-0.10215617,-0.041217886,0.0024460384,-0.118315496,0.041011043,-0.028749071,0.056773342,-0.029568745,0.055843286,-0.10770484,0.0073365057,-0.020046461,0.06087626,-0.024444006,0.09854745,-0.11101082,0.03752857,-0.019721752,0.04947669,-0.019525038,0.11088833,-0.10926589,0.006521522,-0.01626432,0.06255559,-0.025755037,0.14634857,-0.086238444,-0.00768419
53,-0.080359936,-0.07818605,-0.059346218,0.040787417,-0.048008423,0.060633093,-0.05504952,-0.10123329,-0.04288717,0.0021198918,-0.11745479,0.042724762,-0.030366901,0.05705469,-0.03148307,0.054891422,-0.10511657,0.009235078,-0.021925896,0.062056005,-0.026442267,0.09725546,-0.10827931,0.03937075,-0.021690208,0.050704233,-0.021762438,0.10927961,-0.10723985,0.00864349,-0.018366165,0.0631422,-0.028254043,0.1455652,-0.0851733,-0.0037716369
54,-0.07922333,-0.073326536,-0.058178212,0.04037743,-0.0431814,0.05943308,-0.053998824,-0.09903205,-0.040743873,8.479491e-05,-0.1152112,0.040452827,-0.028040938,0.055509783,-0.029658295,0.05206488,-0.10297321,0.0068909274,-0.019912671,0.061113745,-0.02465951,0.094486445,-0.10657064,0.03649555,-0.019723166,0.052087042,-0.019972531,0.10721152,-0.108610064,0.0052215485,-0.016325941,0.065470025,-0.02653452,0.14521009,-0.08739324,-0.005110015
55,-0.07708612,-0.07451934,-0.056428257,0.045674253,-0.048201166,0.05688676,-0.052289646,-0.097574085,-0.038522404,0.005904829,-0.11963607,0.03806696,-0.0263907,0.053778462,-0.028501738,0.05861495,-0.10414733,0.0056664846,-0.019339634,0.059683852,-0.024432287,0.100538075,-0.10638482,0.036104046,-0.020112878,0.05018408,-0.020736935,0.112692535,-0.10649302,0.005992239,-0.017759155,0.06248147,-0.028533041,0.15152109,-0.086526565,0.00065626367
56,-0.07942151,-0.07404464,-0.057770137,0.047388922,-0.040691238,0.059459593,-0.05394969,-0.101744145,-0.039448462,0.0038544894,-0.111822516,0.04001497,-0.027127512,0.0509603,-0.029000798,0.053143177,-0.09517797,0.006446818,-0.019620482,0.05910247,-0.024158534,0.09457855,-0.09679091,0.035231367,-0.019741653,0.054857794,-0.020401938,0.105506666,-0.10178298,0.0040662144,-0.01686158,0.06733322,-0.027840242,0.14525133,-0.08605342,-0.0005914447
57,-0.07932151,-0.07849252,-0.05766802,0.047425102,-0.04344352,0.056416523,-0.05375311,-0.102180645,-0.03951688,0.004984169,-0.11648498,0.038210325,-0.027281301,0.051660888,-0.029277297,0.056373823,-0.098129444,0.0048065507,-0.020065643,0.059803102,-0.024911521,0.0983377,-0.09863513,0.034577556,-0.020723311,0.05284046,-0.021712193,0.10934492,-0.10098924,0.004520767,-0.018568339,0.06451351,-0.029863063,0.14928669,-0.08574447,0.0012827582
58,-0.08086429,-0.081105344,-0.058669154,0.04810502,-0.04071561,0.05607581,-0.05487623,-0.10398722,-0.04073633,0.0037668906,-0.11501003,0.038685273,-0.028370896,0.05203959,-0.030279277,0.05483112,-0.096415065,0.0045068567,-0.020954782,0.060792673,-0.025726713,0.09717334,-0.09644145,0.03388871,-0.02150489,0.0546309,-0.022639092,0.108000726,-0.09992484,0.003667599,-0.019370208,0.066075325,-0.030870037,0.14849369,-0.08614269,0.0005515658
59,-0.08299134,-0.08227079,-0.06057835,0.04531831,-0.039759703,0.056235973,-0.056716997,-0.10478506,-0.042509258,0.0017008032,-0.116520524,0.03893004,-0.029918188,0.052542266,-0.031733397,0.05373941,-0.097163096,0.00414598,-0.022251423,0.06204385,-0.026925702,0.0963435,-0.09675409,0.03312065,-0.022571864,0.05703251,-0.023815127,0.10749256,-0.10050597,0.0027566017,-0.020439744,0.068086006,-0.03216187,0.14870383,-0.088053636,-0.00022432949
60,-0.08369,-0.086283,-0.061342366,0.04198608,-0.041249245,0.055959664,-0.0573146,-0.10611038,-0.04307905,0.0003838556,-0.12021595,0.03885476,-0.030347666,0.05125823,-0.03218901,0.054624546,-0.099075496,0.0043263813,-0.022710938,0.061457515,-0.02733406,0.097133584,-0.09789268,0.03334696,-0.022980621,0.057069533,-0.024296485,0.10837817,-0.10012245,0.0032697693,-0.021014517,0.06754285,-0.03290295,0.15007572,-0.08897923,0.00079498935
61,-0.08469261,-0.08912422,-0.062377024,0.041115128,-0.043092113,0.056687985,-0.058261093,-0.10754751,-0.043701038,0.0009846361,-0.12310937,0.03948097,-0.031022208,0.049583316,-0.032913093,0.05607983,-0.09977932,0.005112965,-0.023532106,0.06054919,-0.028145585,0.09846449,-0.0977659,0.03426329,-0.023908254,0.05640951,-0.025266374,0.1093512,-0.09879646,0.0042363117,-0.022114925,0.06684245,-0.034073684,0.15132412,-0.088925056,0.0017263715
62,-0.085334234,-0.08823993,-0.06271127,0.039457634,-0.041037444,0.057764005,-0.05859342,-0.10950574,-0.043056093,-0.000390127,-0.12188751,0.03935859,-0.030242974,0.045966122,-0.032223,0.05444867,-0.09707145,0.005102883,-0.022791564,0.058015745,-0.027267983,0.09643365,-0.09477163,0.03384418,-0.023008723,0.056802344,-0.024280779,0.10685489,-0.09657153,0.0032640388,-0.020991948,0.06826813,-0.03293295,0.1493834,-0.088740855,0.00023342995
63,-0.085610874,-0.0882262,-0.06344887,0.036728382,-0.042256854,0.056742538,-0.059197385,-0.10698224,-0.04334025,-0.0016441026,-0.12567808,0.038258832,-0.030397182,0.046273977,-0.03269916,0.055416178,-0.10023257,0.0044384873,-0.023235533,0.05818084,-0.028010359,0.09759514,-0.097957864,0.033466678,-0.023671107,0.056600012,-0.025135197,0.10892015,-0.09868145,0.0031218606,-0.021942737,0.06779636,-0.03418463,0.15247318,-0.09126283,0.0007900001
64,-0.085481435,-0.090371355,-0.06299982,0.040170647,-0.041168842,0.055925973,-0.058899164,-0.10788962,-0.042929243,-0.0005879847,-0.12528642,0.03812917,-0.030096484,0.045881435,-0.032504965,0.055820875,-0.099744886,0.003931704,-0.02309246,0.058072116,-0.027951429,0.09818246,-0.09724903,0.032655016,-0.023698378,0.056899592,-0.02533358,0.10957436,-0.099336945,0.002074086,-0.022172054,0.067733385,-0.034630336,0.15401934,-0.09302566,-0.00036132324
65,-0.08732052,-0.09089587,-0.064402744,0.040737383,-0.037997205,0.057380922,-0.060414176,-0.109539285,-0.044037525,-0.0017938117,-0.12309027,0.03956873,-0.031065615,0.045198712,-0.03350835,0.05376561,-0.0968525,0.0049867285,-0.023988504,0.058198992,-0.028769935,0.09613154,-0.09393535,0.033257786,-0.024481175,0.058141693,-0.026227308,0.10713411,-0.097151235,0.0024055038,-0.02289174,0.06901283,-0.035466217,0.15203008,-0.09290187,-0.0004376435
66,-0.08656394,-0.09246388,-0.06388511,0.041272018,-0.03830476,0.05573114,-0.059906937,-0.10848817,-0.043328937,-0.0011793355,-0.12381841,0.038389858,-0.030427326,0.044613972,-0.033100747,0.054579698,-0.09651496,0.00423785,-0.023668138,0.05768628,-0.028702404,0.09697976,-0.09323069,0.03308093,-0.024525192,0.05569842,-0.02644667,0.108059764,-0.09568262,0.0027410702,-0.023254244,0.0659262,-0.03594441,0.15319027,-0.092150316,0.00016463344
67,-0.087566964,-0.09183855,-0.0650278,0.03989996,-0.036726844,0.054878354,-0.061052326,-0.1063473,-0.04431457,-0.0029025977,-0.12399996,0.03784087,-0.0312266,0.04588383,-0.034087326,0.053377993,-0.09668313,0.003656376,-0.024522996,0.059079424,-0.029738044,0.09599313,-0.09345368,0.03251414,-0.025435012,0.056547016,-0.02757315,0.10768891,-0.09623972,0.0023935316,-0.024297375,0.06589497,-0.037239496,0.15351121,-0.093629494,0.00018930522
68,-0.0863247,-0.09192053,-0.06457188,0.039057545,-0.038872298,0.053809486,-0.060508225,-0.10348596,-0.043140247,-0.0022117335,-0.12700513,0.036442216,-0.0301387,0.044304054,-0.033525284,0.05581871,-0.09776154,0.0036756345,-0.024138823,0.057203263,-0.029821692,0.09820623,-0.09397559,0.03365328,-0.02567618,0.052542362,-0.028002083,0.10989074,-0.093587905,0.0028748333,-0.02501832,0.06199607,-0.038071804,0.15565787,-0.09120011,-0.0018337817
69,-0.08751333,-0.09233443,-0.065545656,0.040038113,-0.034567513,0.056742676,-0.061625697,-0.10401169,-0.043588515,-0.0033177757,-0.122767925,0.038929973,-0.030452497,0.042283442,-0.0340524,0.053207498,-0.09273339,0.0063079926,-0.024587553,0.056185145,-0.03016781,0.09506503,-0.0889083,0.03552862,-0.025987709,0.053968124,-0.028420683,0.10633909,-0.090861745,0.002765222,-0.025214275,0.06356284,-0.0384458,0.15287423,-0.09132637,-0.0054322574
70,-0.08752439,-0.09221939,-0.06639088,0.040022794,-0.037041917,0.056696758,-0.062399294,-0.10029279,-0.044092085,-0.0018058203,-0.12614787,0.039110325,-0.031104932,0.04359187,-0.035116926,0.05596861,-0.094402954,0.007288896,-0.025806792,0.056947824,-0.031874493,0.098028146,-0.08985149,0.037490085,-0.027857622,0.05086775,-0.030604493,0.10949113,-0.088591665,0.0050624944,-0.027725002,0.05982428,-0.041168965,0.15605731,-0.08813614,-0.0036688936
71,-0.08552187,-0.09038066,-0.06460978,0.037126336,-0.034142274,0.054567233,-0.060615003,-0.098890305,-0.041656833,-0.0042240974,-0.12566246,0.036500465,-0.0284516,0.042010568,-0.032711092,0.05384026,-0.093812756,0.0047235694,-0.023265367,0.055786178,-0.02951183,0.096111044,-0.08946864,0.034773476,-0.02538139,0.05040416,-0.028310753,0.10866329,-0.08936774,0.0021111132,-0.025376018,0.059451897,-0.039028585,0.15643601,-0.089352794,-0.0069587734
72,-0.085584894,-0.09014456,-0.06646413,0.036909353,-0.039227337,0.06059965,-0.062328987,-0.0921859,-0.042484473,-0.0005879069,-0.12988748,0.041798115,-0.029639835,0.041455057,-0.034627344,0.057697695,-0.09431623,0.011535766,-0.025458174,0.05540127,-0.032090716,0.09920055,-0.08908526,0.04101913,-0.028191058,0.046302505,-0.031382263,0.11193719,-0.085784584,0.0069140615,-0.0288003,0.054277003,-0.042710878,0.16070479,-0.084154405,-0.0058353804
73,-0.082001895,-0.07780927,-0.06405323,0.035793144,-0.03502198,0.06313803,-0.059987277,-0.08628529,-0.037977595,-0.0019258563,-0.12774679,0.041129787,-0.025052674,0.036694292,-0.030740049,0.055146378,-0.09215998,0.011115493,-0.021490905,0.05229941,-0.028157167,0.09622109,-0.08798588,0.037566982,-0.024137,0.050900083,-0.027697276,0.111002065,-0.08885091,0.00082918047,-0.025002757,0.06037748,-0.039649006,0.16298084,-0.08743668,-0.009310317
74,-0.08002023,-0.07704351,-0.062293828,0.037177287,-0.032229625,0.061868064,-0.05834035,-0.08326064,-0.0361773,-0.0026282442,-0.12864754,0.04101002,-0.023202617,0.040147133,-0.029371556,0.054994166,-0.09378377,0.010649802,-0.020063931,0.05532697,-0.027331064,0.09733893,-0.08976538,0.036672074,-0.0233136,0.049514737,-0.027734185,0.11410948,-0.09066166,0.000542221,-0.025220225,0.058182802,-0.040707376,0.16827706,-0.08747374,-0.0058936095
75,-0.07869208,-0.08290966,-0.060254082,0.038781423,-0.027107492,0.05979304,-0.05647237,-0.08531653,-0.03495056,-0.0049411478,-0.12601395,0.041823596,-0.02175954,0.043661702,-0.028129634,0.052435357,-0.09179486,0.010925281,-0.018688027,0.059007354,-0.026382944,0.09572333,-0.087924525,0.036996976,-0.022330355,0.04667985,-0.02764363,0.11346576,-0.08958686,0.0024343468,-0.025118887,0.05356864,-0.041347742,0.16903728,-0.087508395,-0.0017708648
76,-0.07769556,-0.08629202,-0.057610273,0.04429385,-0.020144528,0.058092326,-0.05412515,-0.09260504,-0.032672048,-0.005308896,-0.11831364,0.041831188,-0.01944215,0.042535145,-0.025662871,0.048521932,-0.08457629,0.009825586,-0.016162317,0.059437264,-0.023717795,0.09175535,-0.08129181,0.03508103,-0.019713044,0.04736713,-0.025477191,0.10897698,-0.08771069,0.0007199815,-0.0227015,0.054060232,-0.039310023,0.16559201,-0.08870412,-0.0037118052
77,-0.0815056,-0.079965696,-0.061204612,0.045868315,-0.021870939,0.05857327,-0.057696227,-0.09070452,-0.03572833,-0.004373566,-0.12210608,0.0422992,-0.022553377,0.04595769,-0.029009022,0.05125791,-0.087667696,0.010143972,-0.019561987,0.06288461,-0.02736151,0.09485793,-0.08387812,0.03533008,-0.02338877,0.05372541,-0.029388992,0.11194338,-0.08918031,0.00082350173,-0.026713714,0.06119161,-0.043621354,0.16943555,-0.09078553,-0.003651348
78,-0.0798924,-0.079907484,-0.060121804,0.04014451,-0.025575867,0.055313345,-0.05639604,-0.08937579,-0.03394955,-0.0058245147,-0.12945616,0.0390944,-0.02067948,0.04450592,-0.027623683,0.054731548,-0.09245094,0.008244416,-0.018303333,0.06074591,-0.026654629,0.09871874,-0.08713245,0.03484691,-0.022818066,0.05104873,-0.029064577,0.1158769,-0.08693173,0.0014015333,-0.026803039,0.059863646,-0.043938007,0.1737154,-0.08873939,-0.0048095738
79,-0.08227353,-0.08330813,-0.061927155,0.03383156,-0.019232517,0.059097633,-0.058236532,-0.092747636,-0.035545982,-0.012507227,-0.1263586,0.043127704,-0.02160002,0.04392221,-0.028658867,0.049032483,-0.08831322,0.01211207,-0.018998621,0.06120049,-0.027264418,0.0931538,-0.08252296,0.038123585,-0.023202645,0.05239735,-0.029737901,0.11010954,-0.08260574,0.0051254467,-0.02718367,0.061956678,-0.044590015,0.16867746,-0.08772733,-0.0024656346
80,-0.07939832,-0.084150426,-0.059083,0.034679543,-0.017096477,0.056817602,-0.055449132,-0.092890464,-0.032297783,-0.012859817,-0.12673005,0.0408272,-0.018354788,0.04158966,-0.02579237,0.04954088,-0.08826074,0.01026569,-0.016198877,0.05865106,-0.024751566,0.09385955,-0.08178145,0.03662767,-0.020806061,0.051184565,-0.027440805,0.11053464,-0.081688106,0.0036470534,-0.024999093,0.06273795,-0.042445403,0.16967542,-0.08814884,-0.005091449
81,-0.07945417,-0.08597006,-0.058944937,0.042006142,-0.02136254,0.05450915,-0.055294372,-0.09215542,-0.03230069,-0.006905608,-0.13186128,0.039870888,-0.018938255,0.04396458,-0.026616082,0.05646899,-0.092555866,0.009384505,-0.017384082,0.060526513,-0.026336737,0.10117569,-0.08497064,0.036373187,-0.022723205,0.052157324,-0.029657543,0.117496505,-0.08275236,0.0039165034,-0.02764836,0.06327966,-0.04540262,0.1772717,-0.08822573,-0.004635165
82,-0.080435336,-0.09041113,-0.058794238,0.042712238,-0.0150698535,0.054615103,-0.055346735,-0.09785146,-0.032388568,-0.009613481,-0.12698804,0.040661488,-0.018748501,0.042946655,-0.026211396,0.05254133,-0.0878934,0.0092121465,-0.016816916,0.060718764,-0.025481496,0.09741116,-0.07999133,0.035385367,-0.021828124,0.05558129,-0.028885623,0.112953,-0.080727935,0.0026016464,-0.026623512,0.067418166,-0.044521775,0.17318147,-0.09010649,-0.006713435
83,-0.083507806,-0.088192195,-0.061927807,0.04079587,-0.014603245,0.05579083,-0.05846602,-0.096467726,-0.035166092,-0.010488032,-0.12828383,0.04186431,-0.021413345,0.045416314,-0.028958788,0.05230184,-0.08763029,0.010148455,-0.019501323,0.063609935,-0.028363997,0.09771795,-0.07873744,0.03662278,-0.024725458,0.05730437,-0.03206847,0.11304264,-0.07767963,0.004301489,-0.029863717,0.06894701,-0.048029732,0.17342597,-0.08803802,-0.0048390455
84,-0.08286409,-0.08704275,-0.061715797,0.033906028,-0.012654116,0.05445406,-0.05821637,-0.09565406,-0.03427015,-0.014572671,-0.12989798,0.039930493,-0.020150023,0.044025246,-0.027894981,0.05006806,-0.087471895,0.008403609,-0.018279903,0.06279841,-0.027379088,0.0960159,-0.07749072,0.035317395,-0.023685286,0.05571327,-0.03124725,0.11164498,-0.07421803,0.003588858,-0.02909193,0.06774205,-0.047389973,0.17219938,-0.085990354,-0.005382763
85,-0.08297582,-0.09099815,-0.06160221,0.03794302,-0.016504405,0.054379158,-0.058044117,-0.09884186,-0.033972215,-0.010054248,-0.13442394,0.040537864,-0.020310905,0.04314364,-0.028077412,0.054975443,-0.08952651,0.00886511,-0.01874299,0.062758274,-0.027918728,0.10102491,-0.07791424,0.035888605,-0.024515495,0.05467404,-0.032366935,0.115952276,-0.07212799,0.004804525,-0.030536521,0.06585197,-0.049095575,0.17671303,-0.08444934,-0.003740446
86,-0.08381509,-0.09110163,-0.061813593,0.036241114,-0.013193339,0.05486408,-0.058322385,-0.10287403,-0.03367186,-0.012364903,-0.13289507,0.040300347,-0.019780453,0.040420618,-0.027392283,0.052386433,-0.08735436,0.007957005,-0.017935488,0.06167057,-0.026726138,0.09833056,-0.075328216,0.03384798,-0.023279108,0.059169967,-0.031108601,0.1130592,-0.071933605,0.002018677,-0.029119857,0.0712602,-0.047847647,0.17485692,-0.08762271,-0.0071207243
87,-0.08399303,-0.0923164,-0.06324927,0.031507745,-0.018878112,0.056305792,-0.05957824,-0.10005053,-0.034414478,-0.012165661,-0.14020358,0.041308954,-0.020591434,0.03936392,-0.028632075,0.056347676,-0.0912056,0.010364184,-0.019325476,0.05997658,-0.02857475,0.1022914,-0.07740615,0.03745017,-0.025248973,0.05515008,-0.033175357,0.116637245,-0.06784323,0.005341608,-0.031515777,0.06795575,-0.0503142,0.17821512,-0.08222328,-0.0039582653
88,-0.08271557,-0.08544361,-0.062161364,0.029122954,-0.016389303,0.05757037,-0.058503933,-0.098660596,-0.031659976,-0.014516066,-0.13804935,0.040499058,-0.017618231,0.03402366,-0.026183847,0.054122783,-0.08927856,0.010324961,-0.016795408,0.054040387,-0.026292983,0.10012127,-0.07689023,0.037230153,-0.022875914,0.05540792,-0.030635938,0.115176216,-0.069459386,0.0039900085,-0.028892137,0.07360693,-0.047797907,0.1786632,-0.08395565,-0.007061586
89,-0.08052479,-0.075403854,-0.060577825,0.034956828,-0.017173665,0.058528043,-0.05697128,-0.09272943,-0.028499966,-0.01027967,-0.13804677,0.040034793,-0.0148998825,0.03236754,-0.024168177,0.056885276,-0.08981343,0.010511363,-0.0149816545,0.051291913,-0.025110725,0.10332545,-0.07889659,0.03740278,-0.021821715,0.05398807,-0.0298364,0.119934216,-0.07302404,0.002354122,-0.02827399,0.0758888,-0.047720157,0.18655048,-0.08527629,-0.011037321
90,-0.08042984,-0.06727082,-0.06148783,0.034579076,-0.014925223,0.06330335,-0.057916287,-0.08511941,-0.028219366,-0.011485109,-0.13441207,0.044790395,-0.014487425,0.034452613,-0.024571689,0.054265395,-0.08439796,0.016385881,-0.015362915,0.05277882,-0.026351608,0.10125947,-0.074134655,0.04318136,-0.023136767,0.04649998,-0.032122113,0.11934355,-0.0668044,0.005125694,-0.030735679,0.06746813,-0.051339217,0.18911496,-0.07838038,-0.0074459324
91,-0.07492806,-0.07048084,-0.056057837,0.037031658,-0.010848283,0.058341693,-0.052589554,-0.083443485,-0.023347342,-0.0132426815,-0.1332052,0.04296952,-0.009513343,0.03831375,-0.020175206,0.05313105,-0.0854921,0.01462453,-0.010902949,0.054466683,-0.022989836,0.10236461,-0.07647937,0.04232778,-0.019767212,0.036594246,-0.029811295,0.123135895,-0.06814684,0.0041143345,-0.028643625,0.057572782,-0.050231375,0.19557768,-0.07708091,-0.006733672
92,-0.073066615,-0.068531096,-0.05322528,0.03858547,0.0022362769,0.056552377,-0.05007597,-0.08638837,-0.020645585,-0.019461513,-0.12248932,0.04233883,-0.0062088543,0.039530102,-0.016998624,0.043997567,-0.07771313,0.012877753,-0.007368483,0.05650372,-0.019652156,0.09419616,-0.070942566,0.039672118,-0.0162123,0.038932566,-0.027001215,0.11624054,-0.07032134,0.0010309821,-0.025431179,0.061321575,-0.047825392,0.19113743,-0.08270956,-0.010567117
93,-0.07325375,-0.060397174,-0.054287713,0.03859054,0.0014896694,0.057631288,-0.05111843,-0.07740096,-0.021194655,-0.019433405,-0.1272998,0.043911126,-0.006796955,0.045161303,-0.018390758,0.046855494,-0.081882894,0.015080229,-0.008784988,0.060849555,-0.021946551,0.09822706,-0.07450065,0.042392246,-0.018510502,0.039557163,-0.029930905,0.12126496,-0.06906368,0.004106149,-0.028630393,0.06342577,-0.05188723,0.19778778,-0.07916432,-0.008632571
94,-0.07285913,-0.059162468,-0.0534736,0.044148527,0.004591837,0.058475114,-0.05035815,-0.07978849,-0.020086227,-0.017720247,-0.124516,0.045581926,-0.005804341,0.045781165,-0.017641172,0.046764284,-0.078293115,0.0163042,-0.008102669,0.062530585,-0.021427378,0.09807747,-0.07111355,0.043061253,-0.018111147,0.043065507,-0.03006651,0.12049526,-0.06772827,0.004896949,-0.028770605,0.06867998,-0.052773766,0.19858016,-0.08070378,-0.007744801
95,-0.0723068,-0.06488189,-0.052497547,0.04156636,0.0074591804,0.05741432,-0.049459446,-0.08450566,-0.019326076,-0.020836663,-0.12500508,0.04600971,-0.0047908607,0.046516232,-0.016706022,0.045249052,-0.07756757,0.016261345,-0.007088828,0.06405833,-0.020605383,0.09724634,-0.06931902,0.043049768,-0.017317945,0.043732174,-0.029782936,0.11937413,-0.06465423,0.005602595,-0.028554007,0.07011986,-0.053164773,0.19827877,-0.08036952,-0.006518219
96,-0.07017257,-0.06439476,-0.050274145,0.040365774,0.006448372,0.053327326,-0.04721426,-0.08503053,-0.016896091,-0.020929176,-0.1293968,0.042942993,-0.0024431944,0.046832606,-0.014660301,0.047786262,-0.081136495,0.013226882,-0.0051201326,0.06428592,-0.019114207,0.1007478,-0.07189294,0.04067136,-0.015909947,0.04373077,-0.028758578,0.12322004,-0.06426891,0.0037413286,-0.027762903,0.07175584,-0.052814737,0.20313491,-0.07984664,-0.008219878
97,-0.07110981,-0.06424404,-0.05105151,0.037067372,0.00834653,0.054920584,-0.04806569,-0.086582065,-0.01727743,-0.023124108,-0.13065994,0.04454415,-0.0026565932,0.047120478,-0.0150486585,0.046765696,-0.08061149,0.014449103,-0.005441839,0.06553284,-0.01963226,0.10040355,-0.070115015,0.041822344,-0.016456915,0.04493624,-0.029639948,0.12259002,-0.060699865,0.005262756,-0.02871438,0.07430251,-0.05421183,0.20331956,-0.077998355,-0.007964968
98,-0.07394033,-0.06506246,-0.053242017,0.03566256,0.010949226,0.057163194,-0.050316814,-0.090268254,-0.01915262,-0.025196634,-0.13090883,0.04705351,-0.0043280455,0.048124373,-0.016763676,0.04540201,-0.07965686,0.016192306,-0.007058073,0.06769803,-0.021307481,0.0996709,-0.06827911,0.043169416,-0.018125435,0.048822906,-0.03163702,0.12142646,-0.05851445,0.006751604,-0.030694334,0.07934821,-0.056767173,0.20321341,-0.0783507,-0.007850813
99,-0.07364984,-0.068758786,-0.052553013,0.03713306,0.01103094,0.056272827,-0.049617838,-0.09324083,-0.018320432,-0.024472626,-0.13324487,0.0470395,-0.003597708,0.04767744,-0.016241277,0.04736962,-0.081384584,0.016024763,-0.006609353,0.06746742,-0.021083467,0.10215002,-0.06914237,0.04305816,-0.017989563,0.05018951,-0.03174812,0.123607114,-0.0582657,0.006636068,-0.03091547,0.08220546,-0.057412215,0.20653966,-0.07887627,-0.008953727
100,-0.07094457,-0.07410769,-0.050093587,0.033951283,0.008499519,0.051773798,-0.047122367,-0.094346166,-0.01591083,-0.025259294,-0.13879204,0.044122603,-0.0012352081,0.046260785,-0.01426409,0.051003918,-0.084883,0.013927759,-0.0047652535,0.065040536,-0.01981023,0.10638821,-0.07057339,0.042197604,-0.016862575,0.046328176,-0.030989008,0.1274414,-0.053456414,0.006569818,-0.03051061,0.079871625,-0.05747909,0.21060327,-0.07305324,-0.008649642
101,-0.07339773,-0.074896656,-0.052188616,0.028910998,0.015998146,0.052902114,-0.049423244,-0.09620232,-0.017866038,-0.031576037,-0.13382909,0.045246117,-0.0025402985,0.046740625,-0.015508904,0.044758704,-0.07854835,0.014440933,-0.0057468256,0.06692018,-0.020695379,0.100309804,-0.063304044,0.04224551,-0.017706174,0.050883062,-0.032228954,0.12052894,-0.047261223,0.0071739787,-0.031660646,0.08458265,-0.059309375,0.20406047,-0.0728283,-0.007804121
102,-0.074713595,-0.076810196,-0.053369865,0.03111606,0.015715566,0.052635916,-0.05057675,-0.09610383,-0.018967772,-0.029500913,-0.13515137,0.045961652,-0.0038266678,0.048836004,-0.016795326,0.04626265,-0.07818534,0.014574604,-0.007097907,0.07029082,-0.02217607,0.102072395,-0.06199654,0.04222589,-0.019287301,0.05288647,-0.0343135,0.12204859,-0.04452192,0.008109411,-0.03385214,0.08436421,-0.062276404,0.206606,-0.07187637,-0.00667865
103,-0.072212495,-0.075295545,-0.05102083,0.031100668,0.017732503,0.050931614,-0.048262868,-0.095368825,-0.015917024,-0.029435864,-0.13538325,0.043881815,-0.00082893803,0.046495996,-0.014109713,0.045953542,-0.07744359,0.012430089,-0.0044415225,0.06885417,-0.019786462,0.101987414,-0.06085064,0.039870676,-0.01697527,0.05171256,-0.03237445,0.12222239,-0.04307281,0.0063126967,-0.032009006,0.08353617,-0.060885634,0.20796637,-0.07182482,-0.011223163
104,-0.07403716,-0.072043195,-0.05305759,0.028709086,0.019112587,0.05444143,-0.05034556,-0.09383875,-0.017187659,-0.03145707,-0.13586722,0.046640974,-0.0019059798,0.04584327,-0.015530916,0.044997547,-0.07599304,0.015379144,-0.005809104,0.069440976,-0.021177687,0.10062189,-0.05878164,0.041809507,-0.0183529,0.055568367,-0.034149542,0.12095627,-0.039825838,0.008565399,-0.033821855,0.08644429,-0.063651495,0.20839034,-0.07003845,-0.0101826945
105,-0.070079885,-0.075557224,-0.04936892,0.030920984,0.017499195,0.05133179,-0.046599817,-0.09465542,-0.013189565,-0.028544514,-0.1387123,0.04416269,0.0017293938,0.043087143,-0.012160477,0.048197575,-0.07723062,0.013065629,-0.0026266167,0.06736704,-0.018293882,0.10391496,-0.059094794,0.039714973,-0.015638513,0.052680254,-0.031933542,0.12447759,-0.03822367,0.008281363,-0.03181722,0.082531944,-0.062295105,0.21332459,-0.06830816,-0.00933695
106,-0.06892764,-0.06512836,-0.048237253,0.033461284,0.020905785,0.051934805,-0.045501392,-0.09172387,-0.010440821,-0.027296336,-0.13444906,0.0426699,0.0044026487,0.038984075,-0.009885491,0.046221126,-0.07209926,0.011639342,-0.00038110692,0.06460454,-0.016098095,0.10132458,-0.055055454,0.038442634,-0.013521333,0.056166913,-0.030092131,0.122397125,-0.038711887,0.011448313,-0.029945394,0.08811789,-0.061121263,0.21376419,-0.07219648,-0.0051825056
107,-0.06959619,-0.059189577,-0.04905525,0.03437138,0.022358371,0.05181379,-0.046336472,-0.08755999,-0.010705579,-0.027571354,-0.13478072,0.042069577,0.004160261,0.04091131,-0.010414011,0.045744784,-0.07358377,0.01075294,-0.0008353338,0.06640957,-0.016887523,0.101785585,-0.057280082,0.03793553,-0.014209786,0.05887962,-0.031005485,0.124112174,-0.04227293,0.012658745,-0.030773614,0.09216426,-0.062378924,0.21738611,-0.07521163,-0.004392836
108,-0.07109518,-0.063243255,-0.04980697,0.038432796,0.025839759,0.052173164,-0.047103655,-0.092968754,-0.011437687,-0.027090713,-0.13209195,0.043014664,0.0034411768,0.04104903,-0.010934542,0.044235855,-0.07163595,0.010431792,-0.0013085086,0.06789605,-0.017113758,0.101184994,-0.05532584,0.036864586,-0.014482856,0.06262866,-0.031444486,0.12374154,-0.042410035,0.012364337,-0.031183636,0.09612464,-0.06320024,0.21855709,-0.07804854,-0.005205192
109,-0.07298653,-0.068151146,-0.05135087,0.03391843,0.029556295,0.05277482,-0.048808984,-0.09644126,-0.013222023,-0.032071166,-0.13188565,0.044111256,0.002104201,0.04180301,-0.012129688,0.040738788,-0.07199742,0.010558495,-0.0022787105,0.06955795,-0.017929928,0.098942496,-0.05524305,0.03632218,-0.01517517,0.06520758,-0.03228766,0.122474924,-0.042112883,0.012098792,-0.031968303,0.09889452,-0.06435157,0.21841039,-0.07914217,-0.0056870617
110,-0.07144724,-0.07520377,-0.05053971,0.026619814,0.02489176,0.050023913,-0.04804379,-0.09626281,-0.012768975,-0.03473539,-0.141943,0.042327065,0.0025813314,0.04174285,-0.011838893,0.04430903,-0.08171061,0.009062091,-0.001970204,0.069073364,-0.018065272,0.103982255,-0.063324966,0.035519876,-0.015164389,0.061715614,-0.032511123,0.12911837,-0.044714477,0.011575203,-0.032310534,0.09584242,-0.064917736,0.22583485,-0.076713994,-0.006033099
111,-0.07356678,-0.081178166,-0.05237951,0.023012614,0.030437322,0.05252125,-0.05003542,-0.1001568,-0.014533067,-0.039017856,-0.13852802,0.044734713,0.0012880354,0.0407167,-0.013039229,0.039571356,-0.077125855,0.010795816,-0.0029538947,0.06922454,-0.01886774,0.09994381,-0.057387624,0.03664055,-0.015986377,0.062157575,-0.033462316,0.124709785,-0.037616502,0.013007975,-0.033314016,0.09655225,-0.06603477,0.22102392,-0.073130585,-0.0050447304
112,-0.07420627,-0.08359767,-0.052125607,0.035525322,0.031962574,0.052095767,-0.049574483,-0.10431831,-0.013718152,-0.031799026,-0.13500905,0.04441843,0.0015348701,0.039191365,-0.012711471,0.04214303,-0.07311823,0.009814876,-0.0028538126,0.068709716,-0.018622123,0.10228712,-0.05286563,0.035231687,-0.016032817,0.06405065,-0.033574972,0.12547901,-0.034532297,0.0116807,-0.03354589,0.09980444,-0.06645164,0.22194786,-0.07385059,-0.007404178
113,-0.07475228,-0.083878025,-0.05376249,0.03149025,0.029506141,0.05136171,-0.05124195,-0.09906292,-0.015336348,-0.032902513,-0.14034428,0.043944288,-5.897958e-05,0.041565005,-0.014548343,0.04412707,-0.07724168,0.009702779,-0.004671217,0.07083177,-0.02087274,0.10493464,-0.05574059,0.03574831,-0.018211806,0.06388508,-0.03601877,0.12867355,-0.033274073,0.012506585,-0.03606032,0.0991578,-0.069274776,0.22518617,-0.0702368,-0.0064475317
114,-0.07400659,-0.0867817,-0.05336206,0.025320522,0.032292973,0.050701797,-0.051025897,-0.10026885,-0.014753901,-0.03751284,-0.14025083,0.04297158,0.0009084176,0.039300673,-0.013679108,0.041163642,-0.07607853,0.008788764,-0.0036667935,0.068943076,-0.020005634,0.102472454,-0.05352152,0.034977876,-0.017341187,0.061738286,-0.03522268,0.12621544,-0.029009167,0.011782936,-0.03535872,0.09852935,-0.06859599,0.22232957,-0.067827076,-0.0077305124
115,-0.07598863,-0.08732957,-0.055184774,0.030746793,0.031321418,0.052528273,-0.05272277,-0.10136031,-0.015885787,-0.033195585,-0.14020102,0.04438225,-0.0005802701,0.038197923,-0.015162475,0.043205872,-0.0742252,0.009947327,-0.0052790195,0.0690618,-0.021425156,0.104017474,-0.050886665,0.035442956,-0.018911568,0.06488751,-0.0368,0.12681735,-0.02632291,0.012016562,-0.03700625,0.101954155,-0.07058903,0.22331649,-0.067698926,-0.007895009
116,-0.07489415,-0.088791445,-0.054839768,0.028835494,0.030793449,0.05115997,-0.0524082,-0.09902295,-0.015302203,-0.03380241,-0.14213432,0.043123424,8.861172e-06,0.037397455,-0.014792869,0.043686002,-0.07499303,0.009080488,-0.0049207793,0.06819363,-0.021385496,0.10465922,-0.05092565,0.035015702,-0.018891778,0.0629333,-0.036920957,0.1275475,-0.024313336,0.011646421,-0.037210967,0.100536734,-0.07092489,0.22415581,-0.06562826,-0.008533371
117,-0.075828426,-0.08780713,-0.056302115,0.021743225,0.032789934,0.05264538,-0.05404214,-0.097637065,-0.01636033,-0.038986713,-0.14314906,0.04382545,-0.0005888967,0.03645084,-0.015563485,0.040943112,-0.0749957,0.009934346,-0.005518543,0.06772896,-0.022079257,0.10203265,-0.0503796,0.035481308,-0.019482449,0.06372269,-0.037643373,0.12544861,-0.022398852,0.011903952,-0.037945118,0.10169276,-0.07207052,0.22245878,-0.064461455,-0.007921822
118,-0.07520073,-0.09072264,-0.055711757,0.02620022,0.029690735,0.05185161,-0.053313218,-0.09892369,-0.01545592,-0.03472139,-0.1463465,0.043448973,-0.00014873836,0.0352259,-0.015213162,0.04504917,-0.07711136,0.0095782885,-0.005352013,0.06701366,-0.02203587,0.106004894,-0.05181306,0.034960274,-0.01952698,0.062904395,-0.03792809,0.12927815,-0.02223569,0.01159186,-0.038293734,0.10003912,-0.072844096,0.22685005,-0.063383505,-0.007829994
119,-0.07472126,-0.09272329,-0.055029217,0.02683382,0.033442605,0.050939474,-0.052677993,-0.100875,-0.0145791005,-0.035592306,-0.14284503,0.042730592,0.0008632423,0.034104858,-0.0141833965,0.04246202,-0.07311903,0.008473476,-0.0042761653,0.066764496,-0.020978242,0.103572704,-0.047589242,0.033606973,-0.018572906,0.062399637,-0.037275307,0.12671421,-0.0184772,0.0108545,-0.037738785,0.09858257,-0.07265334,0.22452822,-0.06314677,-0.008296561
120,-0.07622189,-0.08781941,-0.057683293,0.023828153,0.03271014,0.051366277,-0.055394713,-0.09310445,-0.01698846,-0.037349798,-0.14620212,0.042993173,-0.0014253764,0.038154684,-0.01678778,0.042848073,-0.07660854,0.008980275,-0.006786476,0.070136555,-0.024060355,0.10476916,-0.05101264,0.03466926,-0.021489598,0.0632065,-0.040505152,0.12895216,-0.01967151,0.011899884,-0.040883612,0.098671526,-0.076251484,0.22737752,-0.06182574,-0.0074627176
121,-0.074386254,-0.08777998,-0.05563734,0.029179228,0.036843866,0.051319707,-0.053274438,-0.09551456,-0.013933257,-0.03470175,-0.13966249,0.042350207,0.0014973142,0.033286557,-0.014062823,0.040886123,-0.06834365,0.008478553,-0.004159391,0.0659332,-0.02162032,0.10230795,-0.04271961,0.034271035,-0.01935585,0.058451585,-0.03851673,0.12531549,-0.01206433,0.011911825,-0.03915221,0.095490284,-0.07449853,0.2235204,-0.058582313,-0.009757489
122,-0.07691708,-0.082936525,-0.058628682,0.0327594,0.03838725,0.055058185,-0.056218028,-0.09111895,-0.016068462,-0.03293486,-0.13748732,0.045371816,-0.0007144448,0.034839615,-0.016602678,0.04058311,-0.06497011,0.011725766,-0.0067077093,0.06747172,-0.024529412,0.102037445,-0.03922578,0.03752095,-0.022340123,0.05911942,-0.041770965,0.12466973,-0.0078090765,0.014844857,-0.042471852,0.09556863,-0.07829451,0.22320849,-0.05515526,-0.00885437
123,-0.07292981,-0.076653466,-0.056228973,0.03230112,0.03560672,0.053860143,-0.053785194,-0.08094843,-0.012820475,-0.03112832,-0.14342389,0.04319061,0.0022074133,0.03530747,-0.014350322,0.04440178,-0.071663946,0.0103265485,-0.0045135096,0.06617104,-0.023411011,0.10691861,-0.046059843,0.036938056,-0.021056771,0.054029685,-0.040901635,0.13137652,-0.012501297,0.012871119,-0.041480098,0.09239625,-0.07761768,0.23144983,-0.05169511,-0.013173594
124,-0.07149358,-0.081785046,-0.054372776,0.035346933,0.040136103,0.054575812,-0.051946912,-0.08585659,-0.010878898,-0.03175081,-0.13943931,0.04440674,0.004239162,0.034106083,-0.012410675,0.041857075,-0.06812898,0.011053038,-0.0025355853,0.06533086,-0.021586768,0.10505502,-0.042551503,0.037191,-0.019330768,0.053063568,-0.039606582,0.12940548,-0.009976318,0.0130331265,-0.04026338,0.09149566,-0.07701329,0.23046266,-0.051710334,-0.01354491
125,-0.072142765,-0.085029654,-0.054407295,0.037562307,0.04293502,0.055028733,-0.051984157,-0.089733206,-0.010962882,-0.03233271,-0.13787104,0.045645736,0.004234723,0.035303503,-0.012419433,0.0407508,-0.06692999,0.011692527,-0.0025044414,0.0670563,-0.021650082,0.10456392,-0.041224867,0.037370697,-0.019420227,0.054394845,-0.040149108,0.12885025,-0.0082495175,0.0136135705,-0.04084132,0.09147078,-0.07835471,0.23044166,-0.051393606,-0.012462733
126,-0.07205889,-0.08711809,-0.054667033,0.034291383,0.04100824,0.05409246,-0.0522948,-0.08837939,-0.011352063,-0.033717606,-0.1423308,0.045615163,0.0038818938,0.037183397,-0.012933833,0.04233482,-0.07091397,0.011708856,-0.0029995374,0.068827,-0.022480797,0.10673142,-0.044592485,0.037411064,-0.020144857,0.054679226,-0.04125621,0.13168836,-0.00825848,0.013870431,-0.04193596,0.09028231,-0.08008167,0.23376723,-0.048173964,-0.01141054
127,-0.07250558,-0.08667635,-0.05468951,0.029941577,0.044743933,0.0532243,-0.05251574,-0.090417795,-0.0113759935,-0.038472578,-0.14143124,0.044784367,0.00427977,0.03720375,-0.01248004,0.039052453,-0.07067664,0.010289139,-0.0023834608,0.069754265,-0.02172702,0.10380677,-0.044573292,0.035061076,-0.019294308,0.059392888,-0.040635962,0.12952979,-0.009290695,0.011441365,-0.041272093,0.095169835,-0.080144316,0.23277771,-0.0512623,-0.013394179
128,-0.0728781,-0.09076655,-0.055167653,0.025640383,0.042268977,0.053109087,-0.053074434,-0.09160487,-0.012068783,-0.040594038,-0.14731081,0.045647122,0.0036484227,0.038449835,-0.013256986,0.041148596,-0.076162025,0.011192087,-0.0031420277,0.07094977,-0.022796545,0.106593676,-0.04923455,0.03585857,-0.020226657,0.05950045,-0.041977882,0.13308312,-0.009858934,0.01239473,-0.04258602,0.09351078,-0.08218822,0.23696555,-0.047550965,-0.011162497
129,-0.07304202,-0.088915616,-0.055076253,0.025430249,0.045223333,0.05354087,-0.05302929,-0.09270643,-0.011371425,-0.04164708,-0.14470966,0.04562279,0.004490813,0.03661336,-0.012503118,0.039008394,-0.07270155,0.010978365,-0.0023437522,0.07013661,-0.02196826,0.10401392,-0.04591798,0.03496746,-0.019453762,0.061547954,-0.04141109,0.13026868,-0.007477186,0.011578411,-0.042092547,0.096167356,-0.08227825,0.2348206,-0.048532207,-0.011558444
130,-0.07219231,-0.09344728,-0.05414538,0.02719729,0.043408006,0.052563485,-0.05201642,-0.09533106,-0.010277092,-0.03976505,-0.14672756,0.045533445,0.005356093,0.035085227,-0.011779823,0.041469842,-0.073427685,0.011108104,-0.0017399378,0.068777055,-0.021593116,0.10634095,-0.046012856,0.03520694,-0.019155568,0.05992559,-0.041384414,0.13215643,-0.005012528,0.012032468,-0.042165615,0.09420414,-0.08282592,0.23697922,-0.04543204,-0.010441745
131,-0.07201746,-0.094649576,-0.053746298,0.029349009,0.04589454,0.05159267,-0.05159657,-0.09653257,-0.0095933825,-0.039661102,-0.1442602,0.044879157,0.0060760705,0.03431464,-0.011142163,0.040231295,-0.070566095,0.010347121,-0.0011020263,0.06841962,-0.021080803,0.10493076,-0.043209776,0.034381274,-0.018722828,0.060412645,-0.041200403,0.13023008,-0.0025471314,0.011542518,-0.04206346,0.094788305,-0.08317639,0.23522352,-0.04618041,-0.010671403
132,-0.074236624,-0.09068123,-0.056367837,0.030155567,0.04738612,0.05284568,-0.054223463,-0.092144415,-0.011845875,-0.03988302,-0.14377129,0.045882143,0.0038932916,0.03746307,-0.013465721,0.03932238,-0.07011844,0.011145603,-0.0033526649,0.07171116,-0.023560908,0.10430621,-0.042998727,0.035039052,-0.021145962,0.06393911,-0.043893237,0.1298575,-0.002595127,0.012255424,-0.044692367,0.09736533,-0.08637646,0.23547241,-0.047212645,-0.009708525
133,-0.072324075,-0.0893893,-0.054959487,0.031103047,0.046505377,0.052192558,-0.0527679,-0.090704694,-0.009666842,-0.03821295,-0.14477375,0.044648446,0.0058694426,0.034473635,-0.011760449,0.040409025,-0.070049636,0.0102968775,-0.0017262421,0.06898723,-0.022205276,0.10504236,-0.042787805,0.034116335,-0.01984349,0.06243307,-0.042705264,0.13064191,-0.0021678496,0.0110204145,-0.04354666,0.09717065,-0.085478686,0.23692283,-0.04675047,-0.011145071
134,-0.07072409,-0.09056728,-0.053760648,0.028858239,0.047232594,0.05227395,-0.0516458,-0.09123035,-0.007965774,-0.039088797,-0.14465271,0.044478875,0.0076205805,0.031430118,-0.010202325,0.03958653,-0.06794105,0.010433147,-0.00018785673,0.066645354,-0.020836635,0.10385284,-0.03999635,0.034040745,-0.018578196,0.060144905,-0.04168534,0.12933615,0.0023782891,0.01123881,-0.04270461,0.09470544,-0.0849497,0.23567557,-0.043129064,-0.010391272
135,-0.07228266,-0.089687966,-0.05524427,0.0303247,0.0467198,0.053049188,-0.053079907,-0.09028518,-0.009218598,-0.03839628,-0.14641903,0.045365117,0.0062920647,0.032852743,-0.011606053,0.04085368,-0.07003335,0.01111006,-0.0015882156,0.06852919,-0.022237547,0.10508562,-0.04239013,0.03400064,-0.019883117,0.06477697,-0.043156456,0.1310028,-0.00030623484,0.01085973,-0.044039737,0.09886705,-0.0869136,0.2385607,-0.045246378,-0.010353953
136,-0.07197643,-0.090698674,-0.055229127,0.025985949,0.048480745,0.052583322,-0.05322469,-0.0901323,-0.009229143,-0.042103402,-0.1469928,0.045165073,0.006592226,0.033017114,-0.011420668,0.039093565,-0.0702107,0.010926642,-0.0013100707,0.068841405,-0.02218234,0.10375264,-0.0422107,0.033782154,-0.019789511,0.06429616,-0.04337224,0.13019001,0.001654179,0.010919451,-0.044319462,0.097646706,-0.08763455,0.23796466,-0.04331255,-0.009651802
137,-0.071183145,-0.09303086,-0.05466613,0.024730016,0.04740928,0.051334,-0.052687146,-0.09032415,-0.008628089,-0.04238714,-0.14950721,0.04451703,0.007143328,0.032879617,-0.010968969,0.04024608,-0.0722424,0.010292083,-0.0008812287,0.06894691,-0.021971272,0.1052008,-0.04384988,0.033068452,-0.01955209,0.064073525,-0.043432124,0.13205874,0.0019931588,0.01032906,-0.044383775,0.09671085,-0.08814502,0.24042487,-0.041731965,-0.009806044
138,-0.0722935,-0.09285256,-0.055363663,0.030097216,0.049635142,0.051948402,-0.053249497,-0.09204857,-0.008757498,-0.0398241,-0.14623947,0.04505896,0.006875701,0.032391362,-0.0112515725,0.039780904,-0.06812179,0.010501566,-0.001210677,0.06940922,-0.022293078,0.10442978,-0.0396161,0.03286356,-0.020018553,0.06595811,-0.044133585,0.13039921,0.0057343845,0.010500946,-0.04519472,0.09840122,-0.08939959,0.23882736,-0.041448317,-0.009494004
139,-0.07159954,-0.08751416,-0.055572122,0.029187445,0.047953114,0.052572712,-0.053458035,-0.086479865,-0.0080512585,-0.03920281,-0.14954147,0.044812128,0.0074429493,0.03176555,-0.011104734,0.041615672,-0.070430204,0.010843201,-0.0011043402,0.068316825,-0.022839874,0.1062304,-0.04166737,0.03359606,-0.020514023,0.063165605,-0.04494197,0.13245846,0.0056855474,0.011064441,-0.045969635,0.09637486,-0.09053986,0.24094404,-0.039188355,-0.0074696895
140,-0.07124784,-0.08245726,-0.055432916,0.031892583,0.050398663,0.05421777,-0.053276308,-0.08467867,-0.0067840465,-0.038314693,-0.14767477,0.044780962,0.008654141,0.029468227,-0.010152712,0.040382624,-0.06857077,0.010827383,-0.00014039477,0.066339634,-0.022115324,0.10490439,-0.03983282,0.03318582,-0.019835094,0.063778944,-0.04432952,0.13101318,0.0052918643,0.0100669535,-0.045357972,0.09964095,-0.09016995,0.24022709,-0.04160959,-0.008630158
141,-0.0710442,-0.08771776,-0.05507765,0.032004636,0.052343335,0.055383246,-0.052956592,-0.08777469,-0.006257916,-0.039355323,-0.14654416,0.046127014,0.009284861,0.027646424,-0.009633932,0.0392149,-0.06672015,0.012179008,0.00039945263,0.06498788,-0.021645728,0.10363552,-0.03743264,0.034047447,-0.019425966,0.06390646,-0.044145476,0.12947892,0.008179888,0.010914698,-0.045277487,0.09999169,-0.09048316,0.2390645,-0.039995212,-0.0071622594
142,-0.0691387,-0.09173857,-0.053302824,0.031023234,0.052342754,0.052503254,-0.05120798,-0.08785727,-0.0047885813,-0.040800735,-0.14976054,0.044216916,0.010782198,0.028711211,-0.008249871,0.040264893,-0.071569845,0.010076753,0.0018227352,0.06552559,-0.020622062,0.105750784,-0.042463105,0.032033697,-0.018239858,0.06292224,-0.04337272,0.13277476,0.0040983846,0.008942529,-0.044345435,0.09871584,-0.09001839,0.2434327,-0.041488387,-0.008869476
143,-0.070886925,-0.09094902,-0.055440616,0.028653454,0.05355894,0.054536935,-0.053462505,-0.0858102,-0.0066757966,-0.043298542,-0.15038751,0.045982815,0.009121022,0.030125858,-0.010073975,0.038926773,-0.07217477,0.01185307,0.000105040206,0.06691168,-0.022564717,0.10489581,-0.042934842,0.033585515,-0.020094803,0.064831,-0.045422155,0.13239686,0.0043721152,0.010123876,-0.046353575,0.1006923,-0.09247503,0.2436683,-0.041143738,-0.0076318346
144,-0.06923105,-0.09165455,-0.053374767,0.03356053,0.05364195,0.05412499,-0.05121839,-0.08932162,-0.0037862835,-0.03956591,-0.14854774,0.04534391,0.011684649,0.02586433,-0.00760508,0.03984016,-0.06942496,0.011169681,0.0024476848,0.06355127,-0.020311058,0.10533863,-0.040492497,0.032463446,-0.01798904,0.06287447,-0.04350085,0.13263085,0.0058155735,0.008923558,-0.044520196,0.09974681,-0.090953,0.24496849,-0.04097331,-0.008847263
145,-0.06851075,-0.09090258,-0.05389069,0.027932098,0.05373818,0.054133,-0.051944982,-0.08273577,-0.004253913,-0.043300655,-0.15074262,0.04557616,0.011483641,0.027829815,-0.008146104,0.038738616,-0.0715529,0.011867306,0.0020073608,0.06420856,-0.021434918,0.10511526,-0.042645704,0.033813987,-0.018990794,0.060405165,-0.04484198,0.13363197,0.005899576,0.010012736,-0.045827765,0.097124584,-0.092636496,0.24687034,-0.0385079,-0.0075734276
146,-0.069224715,-0.09030322,-0.053870875,0.035031572,0.060487457,0.053796377,-0.051802978,-0.08391496,-0.0038951125,-0.04265391,-0.14336418,0.045210563,0.011954753,0.028511697,-0.0077025765,0.035190653,-0.06564332,0.010975439,0.002506845,0.065230705,-0.020982772,0.101545,-0.037912186,0.032605615,-0.018637277,0.06367685,-0.044707067,0.12959485,0.006588779,0.009049541,-0.045733742,0.1012758,-0.09296672,0.24383081,-0.042906824,-0.00879866
147,-0.069057226,-0.09280623,-0.05398999,0.033001292,0.05983261,0.053255603,-0.0519864,-0.08326255,-0.0040304367,-0.043889444,-0.14625163,0.04536273,0.011855992,0.029674625,-0.007977762,0.036301892,-0.06815652,0.011230503,0.0022368548,0.06607047,-0.0216854,0.10325402,-0.039821994,0.03308199,-0.019284435,0.062642254,-0.045772728,0.13156036,0.00799658,0.009808103,-0.046813358,0.09959734,-0.09454189,0.24595584,-0.039557647,-0.00746564
148,-0.06851572,-0.09410494,-0.053387694,0.035854023,0.05945798,0.052869454,-0.051262476,-0.084333226,-0.0030207366,-0.04237653,-0.14748883,0.044920914,0.012693033,0.028586848,-0.007300881,0.037853837,-0.06963581,0.010834292,0.0028677008,0.06474751,-0.021349544,0.10501525,-0.04104136,0.03276208,-0.018937128,0.06181785,-0.04557442,0.13302064,0.007395733,0.00925573,-0.046578266,0.10021789,-0.094506845,0.24762173,-0.0395893,-0.008498834
149,-0.071078956,-0.09493785,-0.055736694,0.0333265,0.060434055,0.05565495,-0.05374125,-0.08603885,-0.005152041,-0.04505644,-0.14856672,0.047418587,0.0107964,0.02899422,-0.009277531,0.036821034,-0.070587695,0.013174531,0.0009900709,0.06552311,-0.023275401,0.10431096,-0.041621424,0.03452666,-0.020777408,0.06450237,-0.04753021,0.13232645,0.007884196,0.01058634,-0.048507825,0.103433274,-0.09688013,0.2471063,-0.039341867,-0.007768145
150,-0.06690072,-0.089029305,-0.052836984,0.027381098,0.05908622,0.053725112,-0.051023036,-0.07935473,-0.0015025325,-0.047665894,-0.15326536,0.04480847,0.014486348,0.026514253,-0.0061028227,0.037854988,-0.075018175,0.011372197,0.004158298,0.061861705,-0.021033742,0.1057169,-0.04611973,0.033401486,-0.018412491,0.057959642,-0.045600135,0.13501132,0.0056343796,0.009205857,-0.046526413,0.09875965,-0.095247835,0.2506994,-0.037487816,-0.0121681765
151,-0.06867743,-0.080510005,-0.05500415,0.031117527,0.060805637,0.057702616,-0.053074885,-0.07425418,-0.0024482284,-0.047173932,-0.15407097,0.047387283,0.01349888,0.028124455,-0.0075910757,0.03864926,-0.076808535,0.014058903,0.0026877695,0.06274429,-0.023214381,0.106866,-0.048364956,0.03581152,-0.020495148,0.059703656,-0.048073,0.13630335,0.0033741072,0.010535529,-0.04886819,0.10273519,-0.09847716,0.25337157,-0.038888626,-0.011370178
152,-0.06880703,-0.07933806,-0.055380285,0.031228077,0.064298645,0.06349379,-0.053506404,-0.07429341,-0.0019872498,-0.04939614,-0.15111302,0.052863464,0.014222421,0.028060177,-0.0074269995,0.03570185,-0.07245141,0.019125214,0.002940193,0.062488124,-0.023854585,0.10389638,-0.044146422,0.039669048,-0.021177107,0.055725355,-0.049674686,0.1332463,0.009246358,0.011863557,-0.05063945,0.097480215,-0.10157255,0.252273,-0.03409237,-0.014882518
153,-0.061879925,-0.0855236,-0.048713397,0.03508291,0.06923221,0.059368458,-0.04673982,-0.07347029,0.004621681,-0.04908141,-0.14675924,0.05071684,0.02080328,0.02859418,-0.0013325256,0.03424344,-0.06773156,0.01711275,0.008951058,0.06171766,-0.019144911,0.102754176,-0.039532576,0.03878434,-0.016683668,0.043960977,-0.04648755,0.13215569,0.016470166,0.011466779,-0.047777172,0.083051614,-0.09994756,0.2527651,-0.02843448,-0.018944973
154,-0.06214987,-0.08972242,-0.047703404,0.050172336,0.07244992,0.056568418,-0.045127768,-0.07561188,0.005580614,-0.04220377,-0.14340849,0.050362136,0.021306457,0.035704877,-0.0009440931,0.03725881,-0.06610109,0.016010286,0.009204381,0.06934433,-0.019650133,0.10548429,-0.039259814,0.038092107,-0.0172301,0.04562227,-0.048257984,0.13421004,0.016211381,0.01229338,-0.049463212,0.07919879,-0.10340317,0.2561014,-0.031565625,-0.01790193
155,-0.06278744,-0.0921197,-0.047885574,0.045248408,0.07683465,0.054141857,-0.045686763,-0.07673873,0.004645639,-0.048410464,-0.14436367,0.049678516,0.020829152,0.04152033,-0.0014810245,0.035205565,-0.06739229,0.014852466,0.008794481,0.075789675,-0.020586602,0.103989966,-0.04013277,0.037041664,-0.018052882,0.048945002,-0.049975794,0.13301276,0.018885998,0.012433201,-0.051233802,0.078659035,-0.10651313,0.25486934,-0.029957827,-0.016545808
156,-0.06441024,-0.0937902,-0.049095426,0.040543295,0.079993375,0.053716604,-0.04720116,-0.07934328,0.0032302632,-0.053172514,-0.14432195,0.049974944,0.019818556,0.043174513,-0.0024545216,0.03318712,-0.065671064,0.0147902,0.007910462,0.078729175,-0.021431379,0.101268984,-0.037446417,0.036201164,-0.018897241,0.054927394,-0.051274914,0.12959874,0.023733586,0.012275655,-0.052713692,0.08323387,-0.10901461,0.2509561,-0.029020218,-0.01556566
157,-0.06558434,-0.09726562,-0.049147356,0.047477458,0.07564494,0.053410165,-0.0468016,-0.08730322,0.003932404,-0.046654765,-0.14811312,0.050105132,0.019889865,0.040385228,-0.002233779,0.03918622,-0.067220114,0.0144576235,0.007897094,0.078076586,-0.021041559,0.10556201,-0.037996657,0.03439863,-0.018595574,0.06093748,-0.051183693,0.13230671,0.023950845,0.010632867,-0.052578844,0.08895854,-0.10977608,0.25363636,-0.030335382,-0.016387103
158,-0.06469585,-0.09891574,-0.04887622,0.036183283,0.075111285,0.052765857,-0.047042906,-0.08831393,0.0040349765,-0.053360276,-0.15241264,0.049724698,0.020420715,0.038669292,-0.0018604094,0.03826074,-0.06859536,0.014443506,0.008336439,0.07705633,-0.020763522,0.104290284,-0.037415754,0.034028128,-0.018306753,0.06148183,-0.05119925,0.13087921,0.029344896,0.010393204,-0.05280045,0.089078516,-0.11058818,0.25127387,-0.02445399,-0.015560974
159,-0.066210955,-0.09886253,-0.05059983,0.037336774,0.07029369,0.05469138,-0.04862178,-0.08851798,0.00300013,-0.050127763,-0.15704855,0.051573966,0.019000579,0.03737303,-0.0034410502,0.042551816,-0.07038352,0.01664192,0.006618427,0.07665986,-0.022499425,0.10742652,-0.03794506,0.035604414,-0.02007213,0.064126074,-0.053089898,0.13318877,0.03136709,0.011683601,-0.054665633,0.09116831,-0.11297342,0.25342712,-0.02098091,-0.013911146
160,-0.06163445,-0.08826782,-0.046891328,0.03235963,0.072650306,0.05399794,-0.045160383,-0.083053224,0.008269161,-0.05340563,-0.15575513,0.048749175,0.024481336,0.029691784,0.0013570931,0.039684217,-0.06787271,0.014870283,0.011436218,0.06899605,-0.018293982,0.103593476,-0.03634752,0.03353185,-0.015895892,0.06018024,-0.049164828,0.13028142,0.030630168,0.009028496,-0.050871316,0.09172641,-0.10979808,0.2517181,-0.02166296,-0.015135938
161,-0.060808603,-0.065093964,-0.046476662,0.040059853,0.075384304,0.059020285,-0.044468593,-0.07665064,0.011522554,-0.049779635,-0.15219787,0.04927549,0.027466396,0.022474725,0.003653619,0.038454056,-0.06559772,0.01587335,0.013720526,0.06301997,-0.016154932,0.1011425,-0.03679678,0.03254345,-0.013691028,0.06786107,-0.046812814,0.12909846,0.02094776,0.008087853,-0.048244443,0.10714721,-0.10801729,0.2542022,-0.03164206,-0.013410003
162,-0.059605796,-0.061991517,-0.04645838,0.04683137,0.078583,0.063883774,-0.04422637,-0.059836395,0.012732275,-0.050068628,-0.15756194,0.051839564,0.028561372,0.02749137,0.0036815396,0.041230213,-0.077112034,0.019183056,0.013898933,0.062705375,-0.017941698,0.105741784,-0.049563713,0.036863305,-0.014992259,0.06519259,-0.04925404,0.13622048,0.0054410007,0.013692661,-0.049964134,0.10711486,-0.111151636,0.26427126,-0.038934503,-0.0070326533
163,-0.053205542,-0.069128156,-0.040912714,0.04566577,0.09039874,0.062670656,-0.039015062,-0.051003695,0.017901573,-0.059534676,-0.1538928,0.050751906,0.034469012,0.033293955,0.008725066,0.034225497,-0.079564035,0.018388124,0.019257357,0.06378194,-0.014693107,0.10202852,-0.05393404,0.03797413,-0.01147198,0.05603404,-0.04731579,0.13521549,-0.00025668973,0.016893417,-0.047861114,0.0978813,-0.110170476,0.26614463,-0.042854775,-0.004970899
164,-0.045024898,-0.07170117,-0.03222599,0.056420404,0.1000827,0.06074122,-0.029948086,-0.05658478,0.027026726,-0.057841312,-0.14339143,0.049263325,0.043616295,0.027807688,0.017228367,0.030777697,-0.07133549,0.017009484,0.027707363,0.056869086,-0.007254686,0.0981939,-0.04892772,0.036595315,-0.004174916,0.051108357,-0.04079693,0.13089168,-0.0006848858,0.01583829,-0.04144918,0.1013563,-0.1048248,0.2648608,-0.05039731,-0.0077955294
165,-0.043874994,-0.06485646,-0.030921571,0.057524685,0.105162196,0.06301802,-0.02873254,-0.05583279,0.028710935,-0.061436906,-0.14410804,0.0508505,0.04551422,0.027877713,0.018525729,0.030226892,-0.07577556,0.018631974,0.029101918,0.05588827,-0.0064632986,0.09840373,-0.055386975,0.037367217,-0.003110709,0.05771874,-0.03989642,0.13169447,-0.008958056,0.015189646,-0.040252343,0.11777189,-0.10475446,0.2686579,-0.059993986,-0.0094288625
166,-0.04446893,-0.06974474,-0.03094566,0.054383993,0.10926016,0.060301118,-0.029073628,-0.05810204,0.02790004,-0.06852035,-0.14808705,0.049852,0.04510671,0.035353668,0.017886993,0.030646196,-0.083580226,0.017059894,0.028572509,0.06240973,-0.0077591008,0.10150656,-0.06321605,0.03625894,-0.0041876296,0.06172926,-0.041870557,0.13536711,-0.009825975,0.015430188,-0.042170513,0.12321595,-0.10821379,0.27274176,-0.059740346,-0.0073476154
167,-0.046924267,-0.08321438,-0.031667985,0.058289584,0.11464154,0.059286635,-0.029714026,-0.07417653,0.026886456,-0.07095908,-0.14632824,0.05045345,0.044350076,0.037229132,0.017302936,0.030521605,-0.08331309,0.01637546,0.028004097,0.0657853,-0.0084767705,0.10254438,-0.06256814,0.035306502,-0.0049475837,0.06538416,-0.043276094,0.13440703,-0.0036185756,0.015978882,-0.043728013,0.1284835,-0.11106981,0.27026767,-0.05856944,-0.0057314006
168,-0.048912317,-0.088658266,-0.032860953,0.057950947,0.11622919,0.05847378,-0.030990295,-0.08212049,0.025768414,-0.07290282,-0.1476649,0.050610017,0.043345902,0.03784393,0.016291577,0.031525694,-0.08408757,0.016029382,0.02697044,0.06756186,-0.009740708,0.104310796,-0.062224302,0.035050448,-0.0062698117,0.06668856,-0.044962395,0.13453445,0.0031533816,0.016654376,-0.045599192,0.1319998,-0.113536626,0.2682424,-0.053335384,-0.0051557366
169,-0.048949435,-0.08820422,-0.033055756,0.05155035,0.116854236,0.05678012,-0.03164148,-0.08409749,0.025616193,-0.07767438,-0.15102912,0.049260948,0.043418203,0.03751842,0.016170353,0.031639226,-0.08637667,0.014772058,0.026879935,0.06774059,-0.01031072,0.1055713,-0.06292146,0.03445845,-0.006851301,0.0642145,-0.045824938,0.13497576,0.009457771,0.01673327,-0.046647046,0.1323272,-0.114525765,0.2659943,-0.045556128,-0.0063030063
170,-0.05051923,-0.08692985,-0.034431793,0.055487107,0.11598621,0.05638618,-0.032732703,-0.085016645,0.02504,-0.07456871,-0.15207663,0.049030915,0.04257767,0.0376403,0.015211941,0.03421494,-0.08588049,0.014502337,0.025793726,0.06857792,-0.011688912,0.108203955,-0.061642982,0.034683883,-0.008365306,0.06345083,-0.0474772,0.1359579,0.014958735,0.017521614,-0.04843431,0.13388349,-0.116244994,0.26473898,-0.0398254,-0.006798034
171,-0.052414898,-0.083576456,-0.036334455,0.056409016,0.11589786,0.057147674,-0.034585107,-0.08432803,0.023858951,-0.07333539,-0.15237163,0.049333323,0.041313082,0.03748467,0.013904774,0.03481615,-0.08440787,0.014652001,0.024449306,0.06957026,-0.013053721,0.10869639,-0.059441306,0.034720715,-0.0098199295,0.06525177,-0.04889355,0.13532779,0.019408062,0.017686088,-0.04997774,0.13838787,-0.11773118,0.2626511,-0.036660213,-0.008086155
172,-0.05151972,-0.08661942,-0.035934165,0.054212473,0.11254978,0.0558519,-0.034225427,-0.08481865,0.024465552,-0.07276359,-0.15684833,0.048718605,0.041693874,0.036578335,0.014142003,0.03752737,-0.08693181,0.014317633,0.024587013,0.06921253,-0.013256356,0.11170795,-0.060700025,0.034863986,-0.010080041,0.062067028,-0.049357943,0.13787805,0.02287896,0.018136632,-0.05050601,0.13573453,-0.11805589,0.26380438,-0.029521704,-0.008682017
173,-0.054002956,-0.086520694,-0.038482685,0.054743417,0.11494603,0.05776979,-0.036828708,-0.08510863,0.022378689,-0.07311154,-0.15413254,0.05029536,0.039778136,0.037089076,0.012240447,0.03534316,-0.08218664,0.015566631,0.02274927,0.070908435,-0.015024835,0.10947013,-0.055414543,0.03585356,-0.011953086,0.06481495,-0.051194247,0.1345242,0.029067948,0.019276628,-0.052565817,0.14024572,-0.12021352,0.25949654,-0.027440544,-0.008731741
174,-0.051580954,-0.08723039,-0.03660386,0.05324518,0.11245669,0.05548392,-0.034953587,-0.08360431,0.024704404,-0.07226168,-0.15785393,0.04834774,0.0418564,0.03558261,0.014070963,0.037327994,-0.08478458,0.013882319,0.024503166,0.06990554,-0.013752186,0.11163399,-0.05775948,0.034460332,-0.010671908,0.061640825,-0.05025765,0.13683876,0.029022515,0.018093929,-0.051597007,0.13785534,-0.11940626,0.26186332,-0.02464264,-0.010632654
175,-0.050780956,-0.09129918,-0.036086194,0.049875665,0.11142378,0.05545902,-0.034626074,-0.08637494,0.025513818,-0.073433235,-0.15979491,0.048534084,0.042664923,0.033079118,0.01474039,0.037368868,-0.08460112,0.014178009,0.025168346,0.06838791,-0.013317122,0.111677386,-0.056711953,0.03458015,-0.010270819,0.059598096,-0.050093703,0.13656771,0.03250748,0.018273989,-0.051532615,0.13605846,-0.11963477,0.26111332,-0.02072082,-0.010742973
176,-0.053327464,-0.088933684,-0.038845815,0.05190655,0.11028429,0.057909455,-0.037245356,-0.08484215,0.02343531,-0.07168542,-0.16126356,0.05041672,0.04042952,0.03414149,0.012477176,0.038235784,-0.08534806,0.015743116,0.022907969,0.07072803,-0.015415395,0.11226844,-0.057707023,0.03517696,-0.012306761,0.066106535,-0.0520652,0.13711143,0.030554686,0.018260151,-0.05337344,0.14396569,-0.122223936,0.26335496,-0.02328792,-0.011313238
177,-0.050886676,-0.08965296,-0.03707325,0.049254138,0.110097684,0.055389117,-0.03561909,-0.08262694,0.02548498,-0.07241988,-0.16199334,0.048199784,0.04247253,0.033117425,0.014313435,0.037765186,-0.084485754,0.013766159,0.024731822,0.0701438,-0.0140777575,0.11201451,-0.056385737,0.033734683,-0.011032817,0.06296403,-0.051180843,0.13682981,0.033806924,0.017364953,-0.052623417,0.14104328,-0.121679924,0.26296636,-0.020406123,-0.012725092
178,-0.04957052,-0.08700543,-0.03713571,0.04309157,0.10944336,0.054824386,-0.03606762,-0.07396536,0.02545964,-0.076002635,-0.16559319,0.047715046,0.042588707,0.03645751,0.014025807,0.036729444,-0.087985344,0.013647884,0.024558062,0.0729113,-0.01512494,0.11216177,-0.0599751,0.034526363,-0.011914602,0.06143567,-0.052592073,0.13801965,0.03268074,0.018313987,-0.053932704,0.13832279,-0.12352088,0.26506403,-0.01771418,-0.012653915
179,-0.050303046,-0.08733447,-0.037111834,0.053950343,0.11290805,0.056537684,-0.03544975,-0.07810772,0.026955444,-0.069406584,-0.15767485,0.049042005,0.04382084,0.032523952,0.015067082,0.035875563,-0.07734245,0.014914762,0.025455516,0.070345625,-0.014404732,0.109632835,-0.050346147,0.03541586,-0.01150542,0.06132496,-0.0524268,0.13301256,0.04036042,0.019593406,-0.054132782,0.1402083,-0.12475921,0.260221,-0.01912243,-0.013208881
180,-0.049256254,-0.086323746,-0.036545597,0.0511319,0.113652825,0.05591485,-0.035068978,-0.07621909,0.02767473,-0.07143328,-0.15900134,0.04872479,0.044649333,0.03331005,0.015673742,0.035495922,-0.07789315,0.014545599,0.02609907,0.071578436,-0.014265759,0.10976664,-0.05090499,0.034976084,-0.011319528,0.06103325,-0.05281556,0.13328741,0.04252522,0.01956997,-0.054555647,0.13874774,-0.12629537,0.26058438,-0.015925875,-0.013142046
181,-0.04918825,-0.09075699,-0.036301576,0.054972216,0.109919265,0.056067422,-0.034464456,-0.07909716,0.028437536,-0.06729478,-0.16351902,0.049536116,0.044906594,0.033335853,0.015819414,0.039839685,-0.081917405,0.015096195,0.026114251,0.07256365,-0.014582742,0.11426391,-0.05488352,0.03510231,-0.011593271,0.061324917,-0.053601295,0.1373673,0.041160077,0.01997931,-0.055139937,0.13713019,-0.1280215,0.26506412,-0.013767684,-0.012049937
182,-0.04964065,-0.087028526,-0.036876485,0.054534376,0.114300825,0.0556287,-0.035208695,-0.07660268,0.028200276,-0.06978582,-0.16103986,0.04865471,0.044959888,0.035336588,0.015787125,0.036316074,-0.07954435,0.013672322,0.026219,0.07564755,-0.014728229,0.11131061,-0.05307793,0.033329852,-0.0116964765,0.06474084,-0.054124825,0.13431792,0.04228292,0.018892927,-0.05576216,0.14067905,-0.12967865,0.2624128,-0.017858295,-0.0131611265
183,-0.04922747,-0.09168414,-0.036337998,0.052160922,0.1139489,0.056033164,-0.034811355,-0.08090128,0.029038072,-0.07082068,-0.16213547,0.04924519,0.045823157,0.03300213,0.016530808,0.03585606,-0.07903131,0.014158101,0.026970286,0.07449436,-0.014224013,0.11084536,-0.052159913,0.033401452,-0.011215254,0.06352515,-0.053975854,0.13357343,0.044654038,0.019053997,-0.05571081,0.13909157,-0.13036638,0.26169178,-0.016088957,-0.012601763
184,-0.049970195,-0.09432753,-0.037512287,0.05185612,0.109446816,0.057139404,-0.035883155,-0.080657415,0.028143343,-0.06890817,-0.16751474,0.05096264,0.044599004,0.034324694,0.015179668,0.03928667,-0.08294757,0.015904374,0.025542535,0.076637134,-0.01598294,0.114500456,-0.055422753,0.03499632,-0.012925518,0.063708246,-0.05610686,0.13723205,0.04492671,0.020831332,-0.057685837,0.13605666,-0.13312316,0.26512483,-0.011370061,-0.009914082
185,-0.04611711,-0.0875778,-0.034905978,0.04684766,0.10899443,0.055623267,-0.033567585,-0.074876346,0.031544708,-0.07055952,-0.16763146,0.04905146,0.048060264,0.030936912,0.018112777,0.03818338,-0.08035814,0.014894836,0.028460715,0.07325761,-0.013955882,0.11299551,-0.05286068,0.034655374,-0.010961817,0.058101702,-0.054526635,0.13582736,0.04904373,0.020305958,-0.056294497,0.13260207,-0.13200769,0.26398295,-0.006810094,-0.013051266
186,-0.045294426,-0.079419926,-0.034313492,0.050600413,0.11084449,0.055999633,-0.03277656,-0.07108723,0.03323021,-0.06768681,-0.16377433,0.04858082,0.049625736,0.030261654,0.019456431,0.036618702,-0.07548852,0.0143349,0.029788276,0.07356869,-0.012975197,0.11121712,-0.04926749,0.033864263,-0.010072578,0.05888259,-0.053905156,0.13368705,0.0510206,0.019716727,-0.05581155,0.1353867,-0.13222456,0.26318687,-0.009205571,-0.014975096
187,-0.048200324,-0.07741889,-0.036470663,0.062430605,0.10919278,0.058487948,-0.034161486,-0.07318854,0.032250732,-0.059303787,-0.16294846,0.050979216,0.048022773,0.031989727,0.01785241,0.03991937,-0.07441347,0.016137315,0.028040696,0.076921254,-0.0147347255,0.11419102,-0.04938212,0.034815896,-0.011888388,0.06351649,-0.05600053,0.1355349,0.050660796,0.021036701,-0.05778139,0.13861948,-0.13545386,0.2660029,-0.0116392765,-0.013101114
188,-0.046465248,-0.082345635,-0.034871183,0.054356188,0.110138215,0.057978988,-0.033077143,-0.07671085,0.03366329,-0.064935744,-0.16420086,0.050793942,0.04982187,0.030151604,0.019471796,0.037392113,-0.07441001,0.015902005,0.029760912,0.075931005,-0.013526465,0.11240817,-0.048813004,0.034422703,-0.010653449,0.06052395,-0.05532678,0.13427736,0.05391367,0.020918632,-0.057265483,0.13376004,-0.13588354,0.26478502,-0.008022713,-0.012240377
189,-0.044489786,-0.08601333,-0.032639004,0.049225368,0.11273349,0.055938944,-0.031219158,-0.079899125,0.03573422,-0.069224454,-0.16340761,0.04911236,0.052223675,0.029400252,0.02181305,0.034022372,-0.07382104,0.013742053,0.03221967,0.076075844,-0.011472445,0.110172555,-0.04869889,0.03204964,-0.008551757,0.0589538,-0.05374596,0.1326481,0.054803945,0.019030077,-0.055794578,0.1318824,-0.1352129,0.26408648,-0.008464845,-0.013828039
190,-0.044869345,-0.07688116,-0.03405466,0.046896897,0.111626886,0.05801558,-0.03277042,-0.069287464,0.03495167,-0.07040863,-0.16680074,0.050104853,0.05142443,0.03287279,0.020652233,0.033662755,-0.07813047,0.014818413,0.03115778,0.07955627,-0.013189869,0.11047561,-0.054368135,0.03302115,-0.010010728,0.061498042,-0.055562742,0.13425684,0.047948934,0.019608814,-0.057289407,0.13405466,-0.13754334,0.26788372,-0.011907181,-0.0087714065
191,-0.044888306,-0.071433075,-0.03343076,0.058528133,0.11145551,0.0593101,-0.03138398,-0.07334443,0.037376992,-0.06341978,-0.1654632,0.049701445,0.053292803,0.02794046,0.022308402,0.035878945,-0.07784811,0.014192961,0.03269129,0.07571968,-0.01171385,0.11143393,-0.055885095,0.031189673,-0.008518202,0.06514594,-0.05383411,0.13411273,0.040937275,0.016619163,-0.055365272,0.14541534,-0.13620685,0.2704021,-0.021638412,-0.00995216
192,-0.044511255,-0.07996104,-0.033276983,0.050962307,0.11175228,0.059565425,-0.031716235,-0.07605751,0.03726479,-0.069462076,-0.16872722,0.050479025,0.053559862,0.027618172,0.022278039,0.03455866,-0.080956206,0.015152799,0.032776933,0.075146236,-0.012427298,0.11107153,-0.058755547,0.03255113,-0.009081517,0.06316586,-0.054837756,0.13405366,0.040828403,0.01764111,-0.056341853,0.14349562,-0.1380142,0.27054268,-0.018994512,-0.0072203544
193,-0.043656353,-0.08638336,-0.032338798,0.04782564,0.113217875,0.05863305,-0.0310128,-0.079830505,0.038207743,-0.072913185,-0.16960083,0.049835578,0.054724835,0.026792172,0.023265123,0.032818336,-0.08249053,0.014323816,0.03385708,0.07444732,-0.011975035,0.110621385,-0.060484555,0.03209521,-0.00854056,0.06098666,-0.05457011,0.13361062,0.04038832,0.016999902,-0.05606551,0.1438055,-0.1379263,0.27046055,-0.018030832,-0.008908972
194,-0.045206226,-0.087961085,-0.033763207,0.04855316,0.116947144,0.05917643,-0.032496203,-0.080077335,0.03700242,-0.07498554,-0.16713335,0.05035592,0.053812116,0.028882386,0.022251397,0.029897505,-0.08054362,0.014444377,0.032978617,0.07680753,-0.013224487,0.10872395,-0.059161216,0.032378335,-0.009742039,0.062863454,-0.055926587,0.13133335,0.042049903,0.017339166,-0.057497583,0.14785872,-0.13967757,0.26846904,-0.018417524,-0.009660879
195,-0.046182733,-0.088805676,-0.03422459,0.05573992,0.1175234,0.058849934,-0.032513738,-0.08211783,0.037341155,-0.07082562,-0.16572334,0.050190132,0.05385512,0.02908037,0.022188405,0.031182794,-0.07883961,0.014110268,0.03283096,0.07751448,-0.013779969,0.11016756,-0.05781523,0.032421004,-0.010396429,0.061998896,-0.056822065,0.13153121,0.044700906,0.017868398,-0.058448635,0.14810461,-0.14088671,0.26774225,-0.016970446,-0.009765723
196,-0.044795327,-0.09118823,-0.033605684,0.052008376,0.115328856,0.05692754,-0.032069277,-0.07870561,0.037910763,-0.07251308,-0.17034216,0.049005475,0.05437802,0.030363847,0.022463314,0.032823134,-0.08327363,0.0132968025,0.033093076,0.0783941,-0.014248424,0.11254347,-0.062022258,0.03253627,-0.010763461,0.059857354,-0.057510804,0.13417229,0.043791637,0.01793357,-0.059009165,0.14633754,-0.14154942,0.2701719,-0.012577115,-0.010689234
197,-0.046356797,-0.09274977,-0.034992263,0.052089036,0.11815494,0.05768911,-0.033539288,-0.08023298,0.03679648,-0.07406804,-0.16828752,0.049724516,0.053493984,0.030999579,0.021546561,0.030592337,-0.080344066,0.013707871,0.03226139,0.07985599,-0.015190124,0.11048563,-0.059054658,0.03261153,-0.011725764,0.06230139,-0.058616214,0.13140763,0.04742243,0.018220128,-0.06028294,0.14974156,-0.14340173,0.266798,-0.0126532875,-0.010595897
198,-0.045521036,-0.09893352,-0.03402264,0.0555162,0.113650836,0.056826316,-0.032190952,-0.08411973,0.03836548,-0.06946303,-0.17203832,0.049528487,0.054524705,0.028709885,0.022452094,0.034708563,-0.08305124,0.013654943,0.033006214,0.07817189,-0.014802133,0.114223786,-0.061662737,0.03260209,-0.011365629,0.06019374,-0.05846377,0.13455133,0.046221394,0.018048808,-0.059987277,0.14790688,-0.14344394,0.27004084,-0.010553775,-0.011115948
199,-0.04627454,-0.0953309,-0.035190452,0.048850995,0.11888434,0.05796326,-0.033949167,-0.08220325,0.037377186,-0.07572134,-0.16833583,0.049661223,0.054215435,0.028138785,0.02207346,0.028817086,-0.077848755,0.013627669,0.032852095,0.07854202,-0.014960369,0.108197376,-0.056418043,0.03192412,-0.011494107,0.0629126,-0.05863825,0.12853773,0.049997967,0.017323488,-0.060456865,0.15265591,-0.14451148,0.2637862,-0.013754745,-0.011973752
200,-0.045636475,-0.09547908,-0.03507416,0.048846655,0.11395122,0.05804293,-0.03370778,-0.08069672,0.038203664,-0.07353172,-0.17449452,0.049892515,0.0545977,0.026994998,0.022174813,0.03307274,-0.082789406,0.014367852,0.032827213,0.07798559,-0.015531133,0.11169447,-0.061317258,0.03252235,-0.011961277,0.062491175,-0.059481934,0.1320932,0.04648502,0.017557515,-0.061031125,0.1512538,-0.1461134,0.26777044,-0.012712887,-0.0108446125
201,-0.045851424,-0.09031901,-0.035352822,0.05106896,0.11453198,0.059120517,-0.033857323,-0.07850247,0.03915563,-0.072267115,-0.17454112,0.049786434,0.05542097,0.025165038,0.022683294,0.03303505,-0.08220366,0.014541861,0.03333053,0.07663544,-0.01569046,0.11101027,-0.061363038,0.032861285,-0.01207458,0.060901374,-0.059886087,0.13074516,0.045317486,0.017833091,-0.061418705,0.15131314,-0.14719789,0.26589906,-0.015955776,-0.010582559
202,-0.045498338,-0.092878625,-0.034806732,0.053209305,0.11352864,0.058744114,-0.0331362,-0.08011457,0.040338118,-0.070497066,-0.17588916,0.04959008,0.05637995,0.024118247,0.023429884,0.03432475,-0.08326351,0.014476703,0.034025125,0.07584579,-0.015669825,0.112411164,-0.06285134,0.033271987,-0.012039101,0.058008645,-0.060209807,0.13157824,0.044996817,0.01833694,-0.061695028,0.14870626,-0.14800128,0.26632646,-0.015343973,-0.010258271
203,-0.045978807,-0.089793295,-0.03523037,0.055504996,0.11913813,0.05895427,-0.033574384,-0.07831142,0.040585775,-0.071626864,-0.17009006,0.04902036,0.056930494,0.024693934,0.02384624,0.029645175,-0.07756182,0.013598774,0.034582593,0.07689209,-0.015511674,0.10816337,-0.058263272,0.032531288,-0.011899566,0.058824122,-0.060252916,0.12676856,0.047492113,0.017924218,-0.06195835,0.15222222,-0.14868443,0.26199076,-0.019651117,-0.01182729
204,-0.046532217,-0.087728426,-0.03624582,0.061097484,0.113503285,0.060655665,-0.03405642,-0.07466263,0.040690098,-0.0662677,-0.1770206,0.050350923,0.056341097,0.026752282,0.02292007,0.035042357,-0.085467525,0.015171789,0.03353569,0.079003274,-0.017476868,0.11407892,-0.066784576,0.034631792,-0.013696922,0.057923846,-0.06249722,0.13274047,0.04044823,0.019847764,-0.063744955,0.14978202,-0.15129371,0.26855123,-0.019445254,-0.010113632
205,-0.042475536,-0.08667547,-0.03295462,0.05515889,0.11558711,0.059380975,-0.03118938,-0.07434622,0.04447465,-0.06999293,-0.1750262,0.048618473,0.060410034,0.022590797,0.026675992,0.031400822,-0.08139643,0.013849863,0.037370745,0.075423755,-0.014456019,0.11046172,-0.06260469,0.033697568,-0.010715883,0.05247515,-0.05993013,0.1291869,0.044951748,0.018937692,-0.061419703,0.14628813,-0.14922808,0.2653687,-0.017871868,-0.011844812
206,-0.042011164,-0.08806348,-0.032579068,0.053839255,0.114917554,0.060078345,-0.030875321,-0.07591127,0.045252472,-0.070401855,-0.17585245,0.049369924,0.061173294,0.02137716,0.02727842,0.031226886,-0.08159843,0.014626941,0.037985183,0.07499847,-0.0141871935,0.11035085,-0.06336826,0.034016468,-0.010396856,0.053296164,-0.059815016,0.1292776,0.044462115,0.01882412,-0.061269667,0.1480941,-0.14988768,0.26721087,-0.017615665,-0.01200234
207,-0.045392625,-0.08532195,-0.035370573,0.05741233,0.11809187,0.06322768,-0.033568736,-0.077835605,0.043181423,-0.07014017,-0.17207137,0.05189851,0.059258923,0.022477293,0.025307456,0.028666608,-0.077462025,0.016755084,0.036112066,0.07752693,-0.016044885,0.10779625,-0.060100745,0.0351516,-0.012242767,0.059001572,-0.06173137,0.12601615,0.046514437,0.01988913,-0.06329338,0.15496373,-0.15305424,0.26506034,-0.021159446,-0.010772169
208,-0.039779015,-0.08953248,-0.030652894,0.059549235,0.11454981,0.056931507,-0.02854928,-0.07316571,0.04806047,-0.066729054,-0.176622,0.047550816,0.063571095,0.025006168,0.029312793,0.033284843,-0.082256146,0.012782043,0.03991821,0.079556555,-0.013892667,0.11433753,-0.06485624,0.033585798,-0.010167325,0.049044427,-0.060847204,0.13281019,0.049396787,0.01998827,-0.06229994,0.14021492,-0.15263231,0.2714846,-0.0107471105,-0.011092466
209,-0.041152555,-0.07786031,-0.03259373,0.064514734,0.12059393,0.05889251,-0.03040567,-0.06476186,0.047106843,-0.066139884,-0.17049739,0.048050806,0.06279319,0.029270867,0.028349958,0.029558372,-0.07560155,0.013054776,0.039053258,0.084353715,-0.015342165,0.11154196,-0.058226258,0.034321006,-0.011736144,0.050818786,-0.06285059,0.12893365,0.057100117,0.02199962,-0.06460598,0.14195517,-0.15545231,0.2666185,-0.010581352,-0.010307136
210,-0.040135194,-0.07552193,-0.032241087,0.055352826,0.12163205,0.05982535,-0.030684926,-0.06378178,0.047388554,-0.07233592,-0.1720049,0.048522763,0.06352611,0.028661553,0.028912993,0.026890762,-0.07576263,0.013558999,0.03974842,0.084553696,-0.014985145,0.1094414,-0.05757957,0.034219276,-0.011301367,0.051292002,-0.06269359,0.12750514,0.060004815,0.021774858,-0.064564504,0.14305568,-0.15587033,0.2657295,-0.007021081,-0.011105146
211,-0.038410157,-0.083722316,-0.030104445,0.05614847,0.118383326,0.058764685,-0.028371349,-0.07184901,0.049780734,-0.070152044,-0.17538178,0.048313107,0.06556214,0.02611215,0.030937586,0.029476125,-0.07855418,0.013009923,0.041674636,0.08342862,-0.0132090915,0.112256356,-0.060460616,0.032585103,-0.009515655,0.051119,-0.061229296,0.13015918,0.059483763,0.020132296,-0.06298196,0.14327039,-0.15494071,0.26968902,-0.004021013,-0.012895561
212,-0.040810872,-0.07714582,-0.03200943,0.061420575,0.11846235,0.06237293,-0.029947655,-0.074637294,0.04922517,-0.06703119,-0.17457867,0.05046989,0.06479729,0.02454528,0.03008664,0.029504878,-0.07752635,0.014701432,0.04082703,0.0836255,-0.013936944,0.111747414,-0.060537938,0.03248904,-0.010200282,0.057408758,-0.061826468,0.12912518,0.056773074,0.019449119,-0.063521996,0.15350923,-0.15650457,0.27111688,-0.009422906,-0.013242351
213,-0.039977707,-0.07556526,-0.03139666,0.06135504,0.11648487,0.06348403,-0.029262671,-0.07472287,0.050885867,-0.06550619,-0.17558059,0.051212765,0.06625376,0.022553874,0.031230105,0.030054035,-0.07634897,0.015751248,0.041917153,0.082779296,-0.013685585,0.11192409,-0.05958724,0.03345458,-0.00998736,0.05553843,-0.06213208,0.1290338,0.059264503,0.020456336,-0.06389379,0.15047911,-0.15807438,0.27203423,-0.0066581666,-0.010227375
214,-0.038569152,-0.07877441,-0.030619966,0.051072404,0.11715718,0.063603796,-0.029165996,-0.07337523,0.05144001,-0.07260721,-0.17795658,0.05128167,0.06729028,0.022886122,0.03201782,0.026864411,-0.078473456,0.015909601,0.042868234,0.08325576,-0.013539239,0.10996611,-0.061777752,0.033812195,-0.009667207,0.054957435,-0.06218781,0.12828548,0.05836464,0.020359553,-0.06393877,0.14974654,-0.1589142,0.27296498,-0.004949717,-0.0101362
215,-0.03657169,-0.08001442,-0.0284263,0.054620292,0.117654175,0.06133758,-0.026723197,-0.072828405,0.054103564,-0.07071345,-0.17769925,0.049456786,0.069749266,0.023629302,0.03432506,0.026796889,-0.079448216,0.013836352,0.04516425,0.08442216,-0.01193077,0.11040282,-0.065026626,0.031773634,-0.007956122,0.054849155,-0.060927346,0.12905264,0.054133657,0.018497756,-0.06253773,0.15053591,-0.15842822,0.27624646,-0.008371714,-0.0120035345
216,-0.03890364,-0.08126855,-0.030661395,0.05319836,0.11917051,0.06332525,-0.029124249,-0.07155767,0.052061077,-0.07305914,-0.17777394,0.051734276,0.06794336,0.027419955,0.032353744,0.02516583,-0.07938643,0.015911475,0.043297086,0.08875439,-0.0144725535,0.10972887,-0.066051036,0.03393492,-0.010386259,0.05705496,-0.06374721,0.12824371,0.055561032,0.020771801,-0.06537388,0.15118636,-0.1623466,0.27562147,-0.0070195147,-0.009209086
217,-0.037609253,-0.0854228,-0.028340893,0.05976469,0.12180327,0.061823264,-0.026416816,-0.07792194,0.055265028,-0.069491886,-0.17334984,0.050459146,0.07093952,0.024292698,0.035226323,0.024123026,-0.07451032,0.014341446,0.04612362,0.08671092,-0.0122197345,0.10836409,-0.06287866,0.032219354,-0.008234702,0.05478217,-0.06193035,0.12555103,0.057879724,0.019458776,-0.06375205,0.15225184,-0.16138647,0.27334753,-0.009906179,-0.011058033
218,-0.036754325,-0.08679906,-0.02758657,0.057372052,0.11958499,0.06145265,-0.025737504,-0.07863402,0.056402832,-0.07019311,-0.1775393,0.050182376,0.07196272,0.02335462,0.036052898,0.02572951,-0.07875523,0.014168797,0.046922494,0.086401016,-0.012020784,0.10998481,-0.06788759,0.031888627,-0.007890561,0.054843884,-0.061836887,0.12755382,0.05333328,0.018619424,-0.063444,0.15359372,-0.16181342,0.27674204,-0.0104219895,-0.01230321
219,-0.03792074,-0.08934853,-0.028892409,0.052123357,0.119985946,0.062373377,-0.0274187,-0.07879538,0.055116747,-0.07399665,-0.17900783,0.051389426,0.07096784,0.024328006,0.03491969,0.024426322,-0.0791803,0.015402612,0.0458726,0.088002644,-0.013535305,0.109011196,-0.06846848,0.033124555,-0.009312504,0.056232635,-0.06342346,0.12651595,0.054668587,0.019563045,-0.06507389,0.15563896,-0.16404045,0.27572247,-0.008613331,-0.011818884
220,-0.038115676,-0.09253147,-0.028449155,0.056371965,0.12060271,0.060597304,-0.026704965,-0.081571646,0.056088675,-0.070585206,-0.17672154,0.050510325,0.071720175,0.023947418,0.03564933,0.025046919,-0.07506065,0.014418358,0.046518933,0.08872243,-0.013210727,0.10928196,-0.064635456,0.032338828,-0.0091584185,0.055033866,-0.06355261,0.12530354,0.061067678,0.019534342,-0.06543525,0.15522528,-0.16479725,0.27320388,-0.0059628775,-0.011906036
221,-0.039122842,-0.08800205,-0.029233862,0.059852373,0.12008083,0.059963375,-0.027251374,-0.07932364,0.055876553,-0.06812944,-0.17786577,0.049735703,0.07127285,0.025995718,0.035147976,0.02628796,-0.07704755,0.013406228,0.045996808,0.09121164,-0.014006401,0.111009985,-0.067637034,0.031440545,-0.00988363,0.05737579,-0.064356826,0.12676826,0.05810157,0.018698825,-0.06607214,0.1594368,-0.16579111,0.27508855,-0.008056385,-0.013633546
222,-0.04115832,-0.08385791,-0.03130584,0.062428977,0.11839147,0.06291666,-0.029121663,-0.07834493,0.05508927,-0.06482553,-0.17747371,0.052074175,0.07025177,0.024489615,0.033812534,0.027825914,-0.073580176,0.016333345,0.04457773,0.09039564,-0.016166821,0.11127247,-0.06397642,0.034891643,-0.012168538,0.055651028,-0.066754445,0.12554291,0.06354309,0.021902137,-0.06863144,0.15807974,-0.16883714,0.2721517,-0.004731376,-0.010544201
223,-0.03338547,-0.0601166,-0.02619836,0.050696254,0.11647613,0.06149455,-0.024671463,-0.06041501,0.06184572,-0.069108136,-0.1814797,0.047960494,0.07705613,0.018828345,0.039725628,0.026630148,-0.07546905,0.013829925,0.05048606,0.08419007,-0.012562747,0.10901012,-0.06686518,0.034534276,-0.008384752,0.04630293,-0.06360691,0.124883324,0.05886126,0.02170533,-0.065411136,0.15329543,-0.16623262,0.27300337,-0.006273253,-0.0143086575
224,-0.02887509,-0.05015133,-0.022192063,0.06678225,0.110655546,0.061541695,-0.019356078,-0.05277033,0.06854039,-0.05504798,-0.18328634,0.04660112,0.08244647,0.014652548,0.044438265,0.033625245,-0.07781325,0.0130922245,0.054916274,0.0803353,-0.00956365,0.11374589,-0.073415965,0.034055997,-0.00530731,0.045546543,-0.06107277,0.12938796,0.047164835,0.023291748,-0.062408496,0.15651062,-0.16571589,0.28208676,-0.016363407,-0.007201967
225,-0.026840052,-0.063817695,-0.020318696,0.050423365,0.12450844,0.06221748,-0.018972516,-0.053272054,0.06894187,-0.07531513,-0.17778835,0.04657141,0.084647685,0.019156493,0.046388812,0.019344369,-0.07561742,0.012197152,0.057407893,0.08479059,-0.007877251,0.10368867,-0.072514616,0.03225377,-0.003205957,0.049280588,-0.05967412,0.12180918,0.049513765,0.023167992,-0.061270636,0.16000389,-0.1658782,0.2776166,-0.01888722,-0.0062939078
226,-0.031126166,-0.07669735,-0.022583302,0.06605365,0.1307545,0.06649249,-0.020372551,-0.06867357,0.06765255,-0.07047724,-0.17009154,0.050267365,0.083285294,0.01902996,0.045028307,0.017737372,-0.07017027,0.014815331,0.05611352,0.08611987,-0.008864791,0.10292052,-0.06902177,0.03262166,-0.004218103,0.05722612,-0.06047592,0.11833595,0.053113602,0.023894135,-0.062158182,0.17525834,-0.16752854,0.27521563,-0.022302559,-0.007149572
227,-0.029328007,-0.09409067,-0.021219138,0.06432561,0.124534965,0.06408038,-0.018872306,-0.07082549,0.06826447,-0.07061378,-0.18118976,0.049925197,0.08351141,0.023730382,0.045160305,0.023926225,-0.08456135,0.01427876,0.056149285,0.090815224,-0.009507118,0.111418284,-0.08416893,0.03209693,-0.0045608426,0.059625488,-0.061438918,0.12800692,0.04286184,0.023597574,-0.0623958,0.17434298,-0.16849501,0.2875206,-0.014377363,-0.0074590924
228,-0.028926406,-0.10126433,-0.020607764,0.054388035,0.13175555,0.062416255,-0.019222278,-0.0757386,0.0679815,-0.08103696,-0.1777584,0.04904078,0.084187634,0.024607876,0.04578043,0.018034635,-0.08032015,0.013136931,0.057012916,0.09237013,-0.009104699,0.10748988,-0.0793489,0.030891972,-0.004093153,0.06014226,-0.061280295,0.12342809,0.052942336,0.022938311,-0.06253738,0.1776222,-0.16872518,0.2802412,-0.0073593613,-0.009455646
229,-0.03329795,-0.09509966,-0.024763634,0.058321334,0.13231213,0.06523441,-0.02315424,-0.07297409,0.064735815,-0.07940133,-0.17824407,0.05134982,0.08086728,0.027353097,0.042313352,0.019966763,-0.080209404,0.015530811,0.05352215,0.09558825,-0.012754799,0.108965464,-0.07997589,0.03289914,-0.007697054,0.06626133,-0.064710505,0.12343688,0.05412444,0.024450868,-0.06588376,0.18779346,-0.17285669,0.27867106,-0.0065873526,-0.008766124
230,-0.030488888,-0.087693036,-0.022390846,0.063256904,0.12963381,0.06418844,-0.020308565,-0.06968981,0.06881127,-0.07313185,-0.17890193,0.04990557,0.084296,0.023545066,0.04517161,0.024514437,-0.07858963,0.015169558,0.056120448,0.09223068,-0.011704397,0.11208425,-0.07887305,0.03402947,-0.006838937,0.06061764,-0.06422624,0.124780856,0.05774059,0.025342792,-0.06543201,0.18648022,-0.17238837,0.27888,-0.00080439926,-0.009251103
231,-0.025744043,-0.085340925,-0.01869971,0.05426519,0.1271386,0.06209169,-0.01716206,-0.06713559,0.072953954,-0.07619041,-0.18279512,0.047682114,0.08841029,0.019561088,0.048828732,0.02516676,-0.08035344,0.013832577,0.05972309,0.08891545,-0.009500368,0.112157725,-0.080290206,0.033625636,-0.004585007,0.054700963,-0.06252572,0.12523082,0.058195256,0.024573535,-0.06372048,0.18203722,-0.17104112,0.27998742,0.003906638,-0.010609022
232,-0.026361959,-0.0766778,-0.019889714,0.053377263,0.12879923,0.06402057,-0.018505162,-0.059936643,0.072473705,-0.07846743,-0.18415298,0.048507787,0.08805855,0.023331247,0.048198536,0.023508789,-0.0827044,0.014554771,0.059194673,0.093409136,-0.01081766,0.11161516,-0.08412704,0.034001797,-0.005684939,0.058316007,-0.06404669,0.12514396,0.05530052,0.025018243,-0.0651234,0.1856802,-0.17382799,0.2813585,0.0013237381,-0.008273275
233,-0.026236461,-0.077433854,-0.018916983,0.060284067,0.13204302,0.065885864,-0.017095404,-0.06904906,0.07482093,-0.0746288,-0.17845145,0.049984522,0.09028269,0.018407004,0.050180808,0.022641962,-0.07463322,0.015986303,0.06111859,0.09071394,-0.009605935,0.10967136,-0.0771486,0.034166127,-0.004665166,0.056087993,-0.0633896,0.12099333,0.0639858,0.025230698,-0.06484448,0.18709227,-0.17517029,0.27657974,-0.0002962649,-0.005407606
234,-0.023035677,-0.07898312,-0.016142247,0.060449686,0.129536,0.06415201,-0.014194102,-0.06858181,0.078094274,-0.07263149,-0.18138914,0.048732087,0.09319235,0.0180661,0.052869543,0.024314,-0.07748495,0.0147715835,0.06373301,0.09142861,-0.007986952,0.11202973,-0.08073296,0.03301572,-0.0030136947,0.052650165,-0.062337983,0.12356445,0.062614225,0.024308123,-0.063630015,0.18353994,-0.17449676,0.2805513,0.0022558095,-0.0063598193
235,-0.02335919,-0.07677336,-0.016530529,0.05853999,0.13202295,0.06451461,-0.014807843,-0.066952035,0.07792363,-0.075630285,-0.18118067,0.048929594,0.09327318,0.020429913,0.052804437,0.021958282,-0.07791256,0.014664441,0.06377767,0.094732575,-0.00847425,0.111241564,-0.082055755,0.032481942,-0.0033824171,0.053865027,-0.06295154,0.12292713,0.06355644,0.02397346,-0.06425784,0.18672532,-0.1753368,0.2806606,0.0033977295,-0.008233476
236,-0.025029799,-0.07457636,-0.017997827,0.05939354,0.13371885,0.06586836,-0.016285473,-0.068443544,0.0769002,-0.07675407,-0.18110444,0.049959958,0.09237204,0.021827776,0.051813744,0.020988446,-0.078060046,0.015380707,0.06285187,0.09731573,-0.0096558435,0.11115577,-0.082668565,0.03254006,-0.0045032725,0.056321554,-0.064118795,0.122255705,0.065052755,0.024138173,-0.065459944,0.1915687,-0.17672557,0.27957413,0.003826097,-0.009745616
237,-0.02511983,-0.086133316,-0.017504284,0.060448263,0.12955043,0.06483057,-0.01556963,-0.07687123,0.07756131,-0.0743228,-0.18615966,0.05055821,0.0926145,0.021478157,0.051966887,0.025314417,-0.08254033,0.01594706,0.06286268,0.0985202,-0.010386083,0.116189115,-0.08703061,0.033186495,-0.005285103,0.054059617,-0.06535291,0.12637015,0.066242,0.025007248,-0.066518195,0.18747813,-0.17840679,0.2820511,0.011274509,-0.009074081
238,-0.026759997,-0.0846935,-0.019029822,0.05598713,0.13445894,0.06580194,-0.017601259,-0.078291446,0.07608196,-0.07987256,-0.18319973,0.05112245,0.09175094,0.022753397,0.051085368,0.020564117,-0.07847282,0.01612126,0.06216557,0.101312436,-0.011186199,0.11252916,-0.0826088,0.03266676,-0.006070907,0.056318443,-0.066257335,0.12211347,0.07333696,0.025057524,-0.06780192,0.19141793,-0.1800253,0.27634853,0.011785166,-0.010039802
239,-0.026833259,-0.08925218,-0.01881126,0.05679599,0.13352807,0.06415703,-0.017292164,-0.07995743,0.07660371,-0.07913951,-0.18527062,0.05032152,0.09210827,0.023510396,0.051331423,0.021889735,-0.08030073,0.0153419105,0.062368847,0.10281947,-0.011690648,0.114167,-0.085176416,0.032409564,-0.006531469,0.055838384,-0.0669873,0.123043574,0.072747044,0.024968183,-0.06844607,0.19168973,-0.18110211,0.2763347,0.013313135,-0.011158801
240,-0.02734771,-0.091511026,-0.018965889,0.05981312,0.1313841,0.06317337,-0.017156778,-0.08162223,0.07706307,-0.07622981,-0.1878074,0.04994932,0.09220866,0.023769371,0.051351808,0.024480082,-0.082122326,0.015011423,0.062296428,0.1041399,-0.012246201,0.11649362,-0.087454155,0.03210391,-0.0070910756,0.05587509,-0.06781,0.124498695,0.07248629,0.02487287,-0.069162324,0.19182666,-0.1826007,0.27639872,0.013820716,-0.011186301
241,-0.028100256,-0.09294198,-0.019755369,0.06143966,0.1297286,0.06308764,-0.017776228,-0.08103482,0.07681094,-0.074326955,-0.19000994,0.050261762,0.09171651,0.02526568,0.05076634,0.026078295,-0.08333632,0.015367015,0.061667256,0.106636316,-0.013397919,0.11830972,-0.08872509,0.03262906,-0.00825278,0.056178108,-0.06929093,0.12557106,0.07402233,0.025772022,-0.070590384,0.19069153,-0.18472318,0.27560273,0.015756274,-0.010076771
242,-0.027338548,-0.08741375,-0.019491313,0.057494402,0.13064228,0.0627434,-0.017829215,-0.07815186,0.07774348,-0.07638479,-0.18968843,0.049080577,0.09280804,0.023749908,0.051689122,0.024547813,-0.080882646,0.014546914,0.06262367,0.1060386,-0.012853438,0.11596007,-0.08583689,0.031714465,-0.007706941,0.056181077,-0.06885881,0.122746974,0.07708795,0.024935877,-0.07037175,0.19339126,-0.18487163,0.27172473,0.014321007,-0.011634745
243,-0.029007504,-0.08180445,-0.0212448,0.060548514,0.12895593,0.06519385,-0.019333664,-0.07739018,0.07720936,-0.073905796,-0.19154821,0.050347496,0.091998525,0.023339655,0.0507144,0.025547694,-0.08196457,0.015888222,0.061633512,0.10694289,-0.014110918,0.11618188,-0.08710505,0.032261375,-0.008889789,0.05916571,-0.070063256,0.12235554,0.07466655,0.02531932,-0.07148694,0.19765168,-0.18689765,0.27155894,0.009678897,-0.011635965
244,-0.026250962,-0.08703074,-0.018605763,0.057755668,0.12592155,0.06357843,-0.016753038,-0.08192682,0.080487035,-0.07212977,-0.19327079,0.049231756,0.0949711,0.019198162,0.053508468,0.027122574,-0.08034142,0.015254531,0.06429691,0.10453689,-0.012446171,0.1171706,-0.08402626,0.032200452,-0.0074398182,0.051912516,-0.069210716,0.12246626,0.08137423,0.025800463,-0.070829935,0.18865281,-0.18658334,0.26918548,0.014950618,-0.010838784
245,-0.027114222,-0.083550915,-0.019634992,0.054746192,0.12819661,0.064393476,-0.018074553,-0.08041518,0.0798634,-0.075088166,-0.19215338,0.04930683,0.09466602,0.019995404,0.053110808,0.024100976,-0.07841386,0.015186858,0.064019725,0.106287986,-0.013056053,0.11464939,-0.08215507,0.03188513,-0.00799165,0.053487122,-0.06991056,0.1198206,0.083383106,0.025760397,-0.07171724,0.1911926,-0.18810038,0.2666577,0.012641893,-0.0113649815
246,-0.028831284,-0.083213314,-0.02144585,0.05442211,0.12572327,0.06556482,-0.019870395,-0.07814414,0.078351825,-0.07523536,-0.19706483,0.05052015,0.09300305,0.022972496,0.051369656,0.025657926,-0.084121,0.016222341,0.06229769,0.11007666,-0.015059222,0.116655536,-0.08885284,0.03224002,-0.009763018,0.057738345,-0.07185259,0.12239246,0.07681905,0.025815058,-0.07329265,0.19429013,-0.19091582,0.27091512,0.01091007,-0.0110100545
247,-0.024423152,-0.08642536,-0.016911412,0.056733664,0.123938926,0.062230818,-0.015035903,-0.08211867,0.08381389,-0.07174493,-0.1982059,0.047161233,0.097988926,0.017833969,0.056193206,0.02741262,-0.08468893,0.013052619,0.06699592,0.105911866,-0.011415123,0.11750845,-0.09015745,0.029265389,-0.006131882,0.051996432,-0.06871401,0.122905664,0.07402783,0.022934811,-0.07004926,0.19034031,-0.18861109,0.27195144,0.006543814,-0.012061069
248,-0.027243886,-0.071676776,-0.020461896,0.056862604,0.129588,0.06868987,-0.018796237,-0.07344385,0.081997596,-0.07360197,-0.19195561,0.050650477,0.09663747,0.01739755,0.05450829,0.022551691,-0.076055355,0.016928595,0.065477245,0.106115684,-0.013517621,0.110556096,-0.08289961,0.032238297,-0.008099401,0.05615389,-0.07042621,0.11490428,0.0771498,0.024956506,-0.072103456,0.20155747,-0.19175285,0.26466292,-0.0030575935,-0.007076492
249,-0.02010566,-0.0682067,-0.015551081,0.054559305,0.13032238,0.06800153,-0.013989659,-0.05785022,0.08773093,-0.074266344,-0.1929355,0.04896548,0.10223426,0.018715503,0.05955235,0.022039374,-0.07761945,0.015973926,0.070512675,0.10645638,-0.010991924,0.110681646,-0.086171895,0.033384975,-0.0054062614,0.050388712,-0.06856289,0.11581599,0.07401871,0.025795959,-0.070012696,0.19696245,-0.18955016,0.2687711,0.0007452157,-0.0074739424
250,-0.010252759,-0.06940753,-0.007114214,0.059908073,0.1240596,0.065541625,-0.0048233895,-0.049746834,0.09764779,-0.06540769,-0.19762738,0.046533536,0.11097217,0.016260907,0.067518845,0.027601345,-0.08360429,0.014611268,0.07824331,0.10333443,-0.0067934957,0.11662413,-0.09490697,0.034990735,-0.0010924151,0.039442535,-0.0652118,0.12189454,0.06606566,0.026400454,-0.06602343,0.1880087,-0.18569234,0.2791311,0.006560394,-0.013233235
