Epoch,Layer0_theta_1,Layer0_r,Layer0_theta_2,Layer0_bx,Layer0_bp,Layer0_kappa,Layer1_theta_1,Layer1_r,Layer1_theta_2,Layer1_bx,Layer1_bp,Layer1_kappa,Layer2_theta_1,Layer2_r,Layer2_theta_2,Layer2_bx,Layer2_bp,Layer2_kappa,Layer3_theta_1,Layer3_r,Layer3_theta_2,Layer3_bx,Layer3_bp,Layer3_kappa,Layer4_theta_1,Layer4_r,Layer4_theta_2,Layer4_bx,Layer4_bp,Layer4_kappa,Layer5_theta_1,Layer5_r,Layer5_theta_2,Layer5_bx,Layer5_bp,Layer5_kappa
1,-0.036062397,0.044484105,-0.03360218,0.059358582,-0.06605732,0.026227757,-0.032095954,0.056902684,-0.028175587,0.060939055,-0.07050192,0.018967556,-0.026542444,0.06667305,-0.02377679,0.06618805,-0.07302843,0.015830927,-0.022543648,0.06758228,-0.02251666,0.0723642,-0.073212124,0.0146824205,-0.022206005,0.05987617,-0.024201779,0.07631168,-0.07280002,0.015688736,-0.025385683,0.048698395,-0.027352367,0.0780329,-0.07271092,0.017982045
2,-0.0637241,0.038473945,-0.06076934,0.08930834,-0.1123901,0.050884333,-0.057737194,0.05846355,-0.04880092,0.08945114,-0.11639894,0.03225659,-0.045447394,0.09441175,-0.034231767,0.09701814,-0.11951023,0.015843598,-0.03130676,0.11030742,-0.02367443,0.11011888,-0.12129267,0.004746331,-0.022530157,0.09782953,-0.022001931,0.121311,-0.12206491,0.0043260613,-0.024792813,0.0708548,-0.028409919,0.1274457,-0.12133956,0.012108199
3,-0.07297609,0.04556159,-0.07006417,0.10216568,-0.1357178,0.053347547,-0.066073194,0.057728853,-0.05725964,0.10451155,-0.13858838,0.03659637,-0.053564303,0.09582335,-0.03989647,0.11354466,-0.13936609,0.018127546,-0.037056778,0.12086882,-0.024341464,0.12755072,-0.14015703,0.0027005896,-0.023431852,0.1114158,-0.017985452,0.13952996,-0.1409401,0.0005155982,-0.021102667,0.08162753,-0.022130972,0.14678195,-0.13910754,0.0044318195
4,-0.0781033,0.06756463,-0.074264035,0.10824846,-0.14999466,0.04497399,-0.06944818,0.06220983,-0.063314125,0.11526505,-0.14923772,0.039136995,-0.060231,0.08625554,-0.047538534,0.124255426,-0.1449348,0.024426831,-0.045758363,0.11683518,-0.030735243,0.135921,-0.14398156,0.0034896792,-0.030443102,0.11308734,-0.021538509,0.14452094,-0.14402997,-0.0004675176,-0.024285795,0.08883333,-0.021773757,0.14917926,-0.14113255,-0.0013770184
5,-0.07947487,0.08785302,-0.07414155,0.11210746,-0.1599167,0.034848627,-0.06882894,0.067554526,-0.065303855,0.122827224,-0.15431778,0.038174275,-0.06312783,0.077306256,-0.051612843,0.12989281,-0.1451129,0.028623456,-0.050781388,0.11281272,-0.03462144,0.13918206,-0.14368287,0.005807035,-0.034688585,0.1121731,-0.024576297,0.14524592,-0.14303282,0.0013478908,-0.026928715,0.09381401,-0.022313898,0.14693506,-0.14019175,-0.0038794097
6,-0.07878728,0.09127394,-0.073528655,0.11412438,-0.16585098,0.03116501,-0.06788864,0.06647551,-0.06513252,0.12684005,-0.1575794,0.03715366,-0.063420825,0.07154548,-0.052005008,0.13430458,-0.14587444,0.029772248,-0.052032292,0.108032234,-0.03483349,0.14377935,-0.14282264,0.008434823,-0.036099922,0.109392405,-0.024334468,0.14703588,-0.14008355,0.004137031,-0.027348582,0.097676456,-0.019919189,0.14557934,-0.13786773,-0.007809894
7,-0.07535002,0.08074416,-0.07142167,0.11540536,-0.16733924,0.032696977,-0.06592913,0.059900966,-0.0623679,0.1278849,-0.15744771,0.03598663,-0.060974915,0.06886382,-0.04859827,0.13632968,-0.14618589,0.027029809,-0.049171835,0.104139075,-0.030898832,0.14823751,-0.14218523,0.008359962,-0.03359226,0.106268294,-0.019818325,0.14934506,-0.13630764,0.0042515104,-0.024012692,0.10141976,-0.013048994,0.14500743,-0.1351856,-0.016081814
8,-0.074893445,0.07742863,-0.07123066,0.11546079,-0.16772825,0.03286371,-0.06568346,0.057817616,-0.061760798,0.12840906,-0.15747079,0.03474432,-0.06049113,0.06759802,-0.04786291,0.13791063,-0.14597914,0.02572836,-0.048871137,0.10101531,-0.030413186,0.15094128,-0.14035521,0.010033045,-0.034117848,0.104288794,-0.019835459,0.15052815,-0.13302153,0.0062078163,-0.024780123,0.102717906,-0.012276313,0.14443797,-0.13227354,-0.017527774
9,-0.07624721,0.084429696,-0.07213023,0.11464746,-0.16732493,0.030052943,-0.066387676,0.059300046,-0.06333675,0.12859346,-0.15681611,0.035441805,-0.062140383,0.06505731,-0.04958352,0.13741988,-0.144431,0.026668053,-0.050621863,0.10072888,-0.032102898,0.15018533,-0.13884376,0.011008911,-0.035744675,0.10455611,-0.021908132,0.14933406,-0.13208117,0.007879026,-0.026560117,0.104514815,-0.013579431,0.14200865,-0.13095489,-0.017980352
10,-0.077210434,0.08309804,-0.072679,0.113460205,-0.16511546,0.028985683,-0.06689061,0.058993462,-0.063394494,0.12738724,-0.15517396,0.033413593,-0.062112477,0.06719644,-0.04908426,0.13652001,-0.1436794,0.022513526,-0.050029494,0.101972856,-0.032038245,0.15045081,-0.13819894,0.009209851,-0.03584879,0.10459928,-0.022686768,0.14942294,-0.13115218,0.0085984655,-0.02745497,0.10509094,-0.014179014,0.14152338,-0.1290188,-0.01751684
11,-0.079072185,0.084166415,-0.07445557,0.11252131,-0.1625494,0.029573118,-0.06870335,0.057339992,-0.06525666,0.12641735,-0.15258734,0.035624094,-0.064022236,0.06749468,-0.05028139,0.13454127,-0.1414527,0.022211088,-0.05102823,0.104957156,-0.032997586,0.14881338,-0.13708495,0.008180632,-0.03651293,0.106465414,-0.024139997,0.14813907,-0.13084076,0.009276228,-0.028551787,0.10660479,-0.0153668905,0.13997336,-0.12841572,-0.016979624
12,-0.079686165,0.083562575,-0.07494075,0.111824155,-0.1614455,0.02967527,-0.0691369,0.055716444,-0.065631434,0.12621042,-0.15165274,0.036233053,-0.06445797,0.06662768,-0.050130077,0.13415407,-0.14012472,0.021502322,-0.050985675,0.106445946,-0.03252098,0.14839424,-0.13590768,0.0068522813,-0.03614203,0.10763462,-0.024034632,0.14797997,-0.13040951,0.009246898,-0.028462943,0.10729182,-0.015004371,0.13957863,-0.12745315,-0.01732235
13,-0.080110095,0.08475443,-0.0748575,0.11151517,-0.16284882,0.027763983,-0.06880232,0.05634782,-0.06558968,0.12756634,-0.15290383,0.03551661,-0.06457686,0.062780276,-0.050341688,0.13587654,-0.1391843,0.022885503,-0.051740788,0.10501879,-0.032511253,0.14845529,-0.13358723,0.007170307,-0.036511313,0.10835615,-0.024424229,0.14784282,-0.12906651,0.0101110265,-0.028976422,0.10661698,-0.015359721,0.1392555,-0.12644507,-0.016413718
14,-0.079722695,0.08197548,-0.074311204,0.110990345,-0.1626344,0.027318787,-0.06816429,0.054393418,-0.06475469,0.12785576,-0.15294181,0.0346366,-0.06383434,0.06076297,-0.049177077,0.13660575,-0.1384253,0.021826018,-0.050910063,0.104682274,-0.031016894,0.14887787,-0.1322283,0.0055720657,-0.035413586,0.108552374,-0.02333924,0.14849165,-0.12826563,0.00987894,-0.02819833,0.10603177,-0.014145643,0.13951863,-0.12515552,-0.016792564
15,-0.079163514,0.07893168,-0.073928736,0.11101239,-0.16142648,0.028651206,-0.067948036,0.051319275,-0.06439735,0.1281484,-0.1513509,0.036515996,-0.063777156,0.058313716,-0.048508044,0.13636318,-0.13628623,0.023163421,-0.05053622,0.105170295,-0.029546564,0.1481727,-0.13010693,0.0050750333,-0.03419091,0.11028647,-0.021688145,0.14796393,-0.12679492,0.009636689,-0.026665043,0.10780453,-0.011735137,0.13871576,-0.12495803,-0.018759044
16,-0.079910904,0.07515371,-0.07398834,0.11248777,-0.16110213,0.030895004,-0.06840616,0.052015215,-0.06442678,0.12972534,-0.15051708,0.038122427,-0.0642909,0.05763064,-0.049028754,0.13810463,-0.1349057,0.025716932,-0.051638413,0.10355137,-0.030405957,0.14977595,-0.12748826,0.007409525,-0.03576061,0.110659674,-0.023565613,0.14934021,-0.12402418,0.010459185,-0.029135754,0.108243115,-0.013414723,0.13893163,-0.12259437,-0.019170258
17,-0.079997845,0.07163127,-0.072827004,0.113626994,-0.16183361,0.029534895,-0.06746626,0.05603524,-0.0627748,0.13134858,-0.15169263,0.034251645,-0.062917165,0.05914515,-0.048050415,0.14134358,-0.13554336,0.02338656,-0.051329635,0.10113542,-0.030637031,0.15319377,-0.12558858,0.008231226,-0.037026588,0.10979476,-0.02555974,0.15240383,-0.12133215,0.0129865045,-0.03208738,0.10658098,-0.015888479,0.14124417,-0.117959335,-0.016728163
18,-0.0826068,0.078671694,-0.0747602,0.11301746,-0.15939654,0.028249761,-0.069489285,0.05832763,-0.065586925,0.13121675,-0.149456,0.036604617,-0.0659106,0.057584487,-0.05099094,0.13994397,-0.13299274,0.025426181,-0.05423646,0.103178926,-0.033377524,0.1513274,-0.123672456,0.008656512,-0.03948804,0.11206075,-0.029153435,0.15084179,-0.120666735,0.0148098,-0.035269752,0.108362354,-0.019256283,0.13909864,-0.116871856,-0.015580073
19,-0.08270727,0.075938396,-0.074356675,0.11257737,-0.15536454,0.02781898,-0.06947766,0.05706237,-0.0650062,0.13002376,-0.14620756,0.03542926,-0.06551416,0.0590871,-0.04992577,0.13832,-0.13130686,0.021721562,-0.053110756,0.10614548,-0.032193545,0.1504945,-0.12300051,0.004904278,-0.03829209,0.11423686,-0.028671645,0.15093756,-0.12064046,0.013423026,-0.034834526,0.10875871,-0.018684562,0.13959871,-0.115319006,-0.016234051
20,-0.08384856,0.07712885,-0.07506945,0.11198873,-0.15426551,0.027191719,-0.07016384,0.057295136,-0.06584585,0.13012306,-0.14526263,0.03595336,-0.0664739,0.05721451,-0.050709996,0.13822483,-0.12959623,0.022530835,-0.05409932,0.10652297,-0.032592736,0.14943595,-0.1209064,0.0043844185,-0.038751427,0.11620523,-0.029254034,0.14981632,-0.11942492,0.013176486,-0.03528774,0.10929426,-0.019118153,0.13896985,-0.1149884,-0.01636668
21,-0.08452761,0.07556708,-0.075165145,0.11127965,-0.15488768,0.026344873,-0.07001751,0.057492513,-0.065503396,0.13062239,-0.14632069,0.034433838,-0.066112146,0.055360436,-0.05022108,0.13981326,-0.1294159,0.02175854,-0.05399617,0.10516207,-0.031906422,0.1503313,-0.11912737,0.003628671,-0.03855521,0.11662935,-0.028916942,0.15019245,-0.11811042,0.012973502,-0.03520032,0.109051436,-0.018713705,0.13933861,-0.1140793,-0.016743174
22,-0.08453512,0.07325066,-0.07504878,0.1110625,-0.15476671,0.02665852,-0.06986829,0.054845236,-0.065334804,0.13124263,-0.14598545,0.03536333,-0.06613418,0.051985443,-0.04976557,0.14050642,-0.12808344,0.022756083,-0.053908948,0.104034804,-0.030630035,0.15054195,-0.11726203,0.003033224,-0.03767617,0.11681402,-0.027496165,0.1499641,-0.116722256,0.012494501,-0.03395452,0.110856496,-0.016528398,0.13817629,-0.11382132,-0.019376364
23,-0.08561016,0.07350234,-0.075049706,0.110335626,-0.15497164,0.02551669,-0.06967778,0.05802863,-0.06503742,0.1316754,-0.14712322,0.033393532,-0.06579021,0.050235353,-0.04963679,0.142182,-0.12818089,0.02222208,-0.054121956,0.10176228,-0.030414354,0.15124872,-0.11533634,0.0028217554,-0.037897434,0.11735646,-0.027591953,0.15009792,-0.11505256,0.012799891,-0.034263965,0.11050352,-0.016576592,0.13863963,-0.112712786,-0.018970475
24,-0.08674157,0.07148842,-0.07541605,0.110630386,-0.15416653,0.026403792,-0.07019505,0.058759086,-0.06522701,0.13231185,-0.14669542,0.033904966,-0.06617474,0.049420506,-0.049906462,0.14302239,-0.1273505,0.023214735,-0.05468608,0.10171123,-0.030398836,0.15118606,-0.11369588,0.002841009,-0.038114805,0.11951121,-0.027752673,0.15011734,-0.11379166,0.013287758,-0.034568977,0.110935204,-0.016693996,0.13920113,-0.1117164,-0.018121544
25,-0.08863254,0.0697431,-0.07655505,0.1112301,-0.15319107,0.02763397,-0.07154976,0.059388284,-0.06618195,0.1327495,-0.14606932,0.03475698,-0.06728086,0.05038624,-0.050821867,0.1435161,-0.12702635,0.02345123,-0.055720404,0.10256409,-0.03146134,0.15181354,-0.113113485,0.0032694188,-0.039321553,0.12086742,-0.029582694,0.15073153,-0.1133228,0.015460174,-0.036499992,0.111733705,-0.018545333,0.13963781,-0.110239334,-0.015817072
26,-0.09051802,0.07103313,-0.07762352,0.11019963,-0.15126345,0.0269692,-0.07257581,0.06140349,-0.067278445,0.13210687,-0.14504384,0.034789223,-0.06833536,0.049845796,-0.051770277,0.14294748,-0.12628908,0.023062205,-0.05663013,0.103454664,-0.03211126,0.15099289,-0.11216189,0.0022595923,-0.039915223,0.12283789,-0.030671135,0.14976771,-0.113027476,0.01583841,-0.037383396,0.11345006,-0.019289302,0.13856183,-0.110173695,-0.015850315
27,-0.09102051,0.07007078,-0.07779257,0.11000334,-0.15126595,0.026741995,-0.072695054,0.0606639,-0.06741631,0.13273293,-0.1454053,0.03507511,-0.068557486,0.047564097,-0.051749453,0.14386734,-0.12579165,0.02359924,-0.056875143,0.10308637,-0.031531204,0.15107073,-0.11092126,0.001389001,-0.03956449,0.123925984,-0.030101335,0.1496871,-0.11263393,0.015120624,-0.03686613,0.11431924,-0.018290762,0.13845521,-0.10975742,-0.017341528
28,-0.092517585,0.06718904,-0.078698024,0.11029015,-0.15142892,0.027539507,-0.07361685,0.06014536,-0.067831114,0.13345107,-0.1462307,0.034688897,-0.06900465,0.04792359,-0.05191482,0.1453591,-0.1262454,0.022644984,-0.057268206,0.103285395,-0.03176994,0.1526476,-0.11033376,0.0008447548,-0.040168706,0.12448502,-0.031195883,0.15116338,-0.11247463,0.01641286,-0.038223393,0.11421573,-0.019403584,0.13949172,-0.1077571,-0.01601797
29,-0.09318947,0.06905457,-0.07883908,0.109465286,-0.15020986,0.02553981,-0.073710136,0.0607082,-0.06824966,0.1333802,-0.14588751,0.033959623,-0.06943874,0.045556452,-0.0521757,0.14540419,-0.12548122,0.02184858,-0.057645787,0.103217244,-0.03154255,0.15204439,-0.10928417,-0.0011059605,-0.039993424,0.12543386,-0.03137908,0.15042017,-0.112680554,0.015675487,-0.038230095,0.11526078,-0.019145217,0.13832727,-0.10765241,-0.01751135
30,-0.093726106,0.06880357,-0.07880737,0.109754674,-0.15038285,0.025022162,-0.07372324,0.060948145,-0.06835195,0.13450706,-0.14653262,0.034019567,-0.06969826,0.042931516,-0.05234988,0.14675683,-0.12497762,0.02279092,-0.058165666,0.102309495,-0.03118628,0.1521301,-0.107871965,-0.0016729736,-0.039877355,0.12639874,-0.031074299,0.15040688,-0.11223977,0.015228419,-0.037984338,0.11539922,-0.01855226,0.13826664,-0.10723001,-0.018402973
31,-0.09460796,0.0654426,-0.07932358,0.11030617,-0.14995681,0.026400356,-0.074392065,0.059458647,-0.06854491,0.13512814,-0.14670452,0.03434303,-0.069997795,0.0428986,-0.052347206,0.14771645,-0.12501208,0.022580316,-0.058351118,0.10264223,-0.03097046,0.15300749,-0.107385665,-0.0023442102,-0.039903346,0.1272092,-0.03122048,0.15153852,-0.11219792,0.015501496,-0.038348783,0.115252614,-0.018575372,0.13940549,-0.10550214,-0.018178234
32,-0.09622453,0.06617057,-0.08034063,0.11030663,-0.14991501,0.026589908,-0.07538128,0.060731858,-0.06957143,0.13575725,-0.14765123,0.034547754,-0.07099763,0.041731205,-0.05332761,0.14894862,-0.12514648,0.023172919,-0.059523944,0.10226373,-0.03169211,0.15331893,-0.10636035,-0.0025019052,-0.040790766,0.12837069,-0.03225327,0.15171207,-0.112041995,0.015655508,-0.03938934,0.11492612,-0.019564934,0.1400588,-0.104631506,-0.01788299
33,-0.09757188,0.06956977,-0.08075339,0.10906688,-0.14978676,0.02420109,-0.07552533,0.06452536,-0.070018426,0.1357278,-0.14934699,0.03222053,-0.07118972,0.03970921,-0.053701494,0.1500765,-0.1257899,0.021657577,-0.060009837,0.101230465,-0.03181343,0.15312211,-0.10530573,-0.004377118,-0.041023128,0.12959962,-0.032927353,0.15117417,-0.11244606,0.0145957535,-0.03988708,0.114198424,-0.020252815,0.14001653,-0.104779184,-0.018516362
34,-0.097742386,0.06430097,-0.08089066,0.11008713,-0.14737049,0.026990077,-0.07615142,0.060295112,-0.07010115,0.13613643,-0.14718503,0.03473445,-0.07165675,0.038994387,-0.05362205,0.14952366,-0.12418522,0.02337756,-0.06007489,0.103390045,-0.030797122,0.152096,-0.104858816,-0.0053915977,-0.039946683,0.13217233,-0.031271353,0.15113789,-0.11257293,0.013326131,-0.03828111,0.11588117,-0.017882558,0.14010039,-0.10426256,-0.020914316
35,-0.09974541,0.06482722,-0.08163389,0.11059539,-0.14808202,0.027098903,-0.07689773,0.06512871,-0.0706582,0.13741224,-0.1494919,0.033453785,-0.072158664,0.038697407,-0.054481767,0.15212661,-0.12568735,0.02319162,-0.06118492,0.10119028,-0.03197879,0.15377086,-0.104242586,-0.0046645273,-0.041443624,0.13232927,-0.033538766,0.15256912,-0.112611584,0.015922597,-0.040722452,0.11475599,-0.020296855,0.14098561,-0.10302898,-0.018237239
36,-0.10058132,0.06345007,-0.082034335,0.11071926,-0.14729097,0.027575223,-0.077400945,0.0650867,-0.07099772,0.13785878,-0.14941469,0.03360435,-0.07259512,0.03774845,-0.05479226,0.15282215,-0.12537317,0.023393525,-0.061672434,0.10094848,-0.03188545,0.15401849,-0.103394724,-0.0051535964,-0.041519687,0.13316014,-0.033474337,0.15270725,-0.11231332,0.01588002,-0.04071978,0.11613812,-0.019674823,0.14075238,-0.102506295,-0.019573135
37,-0.10249462,0.06325881,-0.08340319,0.110514246,-0.14754266,0.027680397,-0.07865136,0.06613722,-0.072218336,0.13832977,-0.15050521,0.033474334,-0.07372574,0.03718785,-0.055905912,0.15397985,-0.12595607,0.023307167,-0.0628846,0.10033579,-0.03283701,0.1549764,-0.1027746,-0.005073471,-0.04267218,0.13378653,-0.034939487,0.1529744,-0.11225611,0.01703664,-0.04217972,0.11779158,-0.020731378,0.14048162,-0.10143498,-0.019456267
38,-0.103809215,0.060630985,-0.084419176,0.111439906,-0.14547974,0.029334137,-0.08005917,0.06374945,-0.0731922,0.13875192,-0.14914457,0.034684144,-0.07494614,0.038036603,-0.056757912,0.15387933,-0.12538506,0.023175636,-0.06377831,0.10228125,-0.0335993,0.15547456,-0.10305386,-0.0057690796,-0.043434992,0.13492629,-0.0366423,0.1542346,-0.11326177,0.01894746,-0.043939456,0.11876178,-0.022170307,0.14046153,-0.0995479,-0.018243583
39,-0.10347262,0.06410739,-0.0836535,0.1109626,-0.14393944,0.026905926,-0.079394996,0.064403646,-0.07320001,0.13902557,-0.14879288,0.03418077,-0.0750614,0.034460053,-0.05683356,0.15394251,-0.12437735,0.023261458,-0.064024754,0.102024846,-0.03295554,0.1541318,-0.10195112,-0.007690534,-0.04275614,0.13620141,-0.036028683,0.15292674,-0.11359927,0.01743445,-0.043069337,0.12035248,-0.020916458,0.1385944,-0.100858256,-0.02116954
40,-0.104112625,0.061972555,-0.0836177,0.11159331,-0.14588192,0.026684484,-0.07927297,0.064664826,-0.072607785,0.14074475,-0.15217574,0.031755403,-0.07440008,0.033768833,-0.056127105,0.15723504,-0.12614076,0.021303315,-0.063708164,0.100201964,-0.032370936,0.15685464,-0.101180926,-0.008685943,-0.04277029,0.1355628,-0.036473222,0.15543097,-0.11387047,0.01817457,-0.043939207,0.11915581,-0.02138832,0.14042093,-0.09834155,-0.020800697
41,-0.10309762,0.062344756,-0.082614064,0.11263742,-0.1463203,0.025081571,-0.07847268,0.06182595,-0.07221597,0.14267607,-0.15336587,0.031713203,-0.0742874,0.030228592,-0.055839974,0.15920267,-0.12564588,0.022294106,-0.06389696,0.10008308,-0.031365164,0.15676454,-0.099904,-0.009958971,-0.04198302,0.1371481,-0.035092335,0.15527348,-0.114190176,0.016120607,-0.042548254,0.12082983,-0.019239498,0.1402527,-0.09839448,-0.024302633
42,-0.10663375,0.059538625,-0.085065745,0.11413187,-0.14370297,0.03066109,-0.0814451,0.063310176,-0.07459399,0.14312394,-0.15290296,0.035266835,-0.07674153,0.032017425,-0.058282025,0.15981458,-0.12665123,0.024943655,-0.06620948,0.101148464,-0.033435915,0.15719885,-0.10058061,-0.008286285,-0.043910943,0.14015056,-0.037196897,0.15695019,-0.114467286,0.017616412,-0.044845924,0.12129587,-0.021038376,0.14204976,-0.095992915,-0.023679655
43,-0.10918242,0.06127111,-0.086227186,0.11463999,-0.14295693,0.03100796,-0.08275272,0.06958369,-0.07581437,0.14363232,-0.15496606,0.033663925,-0.07773904,0.03286848,-0.059613746,0.16181555,-0.12903816,0.023134781,-0.06749784,0.100026876,-0.034988996,0.15874408,-0.10089112,-0.008881168,-0.045585245,0.14139134,-0.040091973,0.15912172,-0.11560812,0.019537501,-0.047898527,0.12003322,-0.023973841,0.14374605,-0.09295723,-0.0218889
44,-0.10869702,0.06341608,-0.08527167,0.11473099,-0.1403752,0.0296679,-0.08214328,0.069978975,-0.075740114,0.1437285,-0.15421435,0.03344198,-0.0777955,0.030267823,-0.059613444,0.1616725,-0.1285584,0.022805965,-0.06754705,0.10071867,-0.03424688,0.15750617,-0.10078411,-0.011137882,-0.044695105,0.14334698,-0.03926311,0.15895356,-0.116865925,0.017853497,-0.046940587,0.121028274,-0.022445846,0.14338554,-0.09260977,-0.02476708
45,-0.10963448,0.061173964,-0.08598329,0.11543953,-0.13730238,0.03152003,-0.08331603,0.067404486,-0.076525606,0.14383364,-0.15288684,0.034260917,-0.07875959,0.030999362,-0.06025423,0.16153508,-0.12821968,0.022199284,-0.068193205,0.10311903,-0.034651484,0.15771784,-0.10119743,-0.012444042,-0.045053013,0.14527413,-0.04039433,0.16052108,-0.11842357,0.01893388,-0.048152734,0.12191342,-0.023173794,0.1439366,-0.090153694,-0.024530195
46,-0.11030107,0.062664144,-0.08636333,0.116936445,-0.13973762,0.031130673,-0.08369124,0.06622618,-0.0773368,0.14662772,-0.1552981,0.035145633,-0.079813756,0.027979521,-0.061264664,0.16456343,-0.12834541,0.024303455,-0.06974674,0.10110086,-0.03542587,0.15962768,-0.09960289,-0.011149581,-0.04631928,0.14445901,-0.041765492,0.16175166,-0.117967926,0.020881291,-0.049743716,0.12375315,-0.024141861,0.14368585,-0.08831471,-0.024400767
47,-0.11059256,0.06358836,-0.086609006,0.11788236,-0.13983586,0.030342221,-0.08409999,0.06333837,-0.07806621,0.14848012,-0.15617426,0.03523658,-0.08080473,0.025561653,-0.06208863,0.16652456,-0.12764004,0.025024679,-0.071053155,0.10074142,-0.035983045,0.16057396,-0.09787082,-0.011223349,-0.04724984,0.14479014,-0.042930767,0.16256124,-0.117872186,0.02198273,-0.05102032,0.12538537,-0.024842635,0.1432339,-0.086045556,-0.024792012
48,-0.10964295,0.05913035,-0.085512064,0.1184673,-0.13710248,0.02926978,-0.08347526,0.0601199,-0.07661342,0.1485927,-0.15531328,0.0314027,-0.07955827,0.02714042,-0.060556598,0.16724038,-0.12713782,0.020241717,-0.06979462,0.10181375,-0.03467261,0.16148116,-0.09668415,-0.01451721,-0.04631802,0.14619772,-0.042457335,0.1641421,-0.11783927,0.02123041,-0.05086215,0.12604424,-0.023942798,0.1444081,-0.0819808,-0.026322478
49,-0.11044616,0.062413905,-0.08616319,0.11874099,-0.13425197,0.031055966,-0.08448301,0.05883823,-0.07838578,0.14896747,-0.15447304,0.03525287,-0.081465796,0.023193236,-0.0624777,0.16685027,-0.12632023,0.02481017,-0.071714975,0.10391494,-0.03541181,0.1584624,-0.09666353,-0.0138630625,-0.04655873,0.15170115,-0.04213445,0.16184019,-0.11880584,0.019470584,-0.05003087,0.13025516,-0.022625016,0.14221273,-0.08454132,-0.030556362
50,-0.11085294,0.06043486,-0.085530706,0.11984382,-0.1343591,0.03231617,-0.084064625,0.063094206,-0.0776492,0.15007006,-0.15807098,0.03303098,-0.08048294,0.02292063,-0.061707295,0.17016889,-0.12991163,0.022213,-0.07100149,0.10090678,-0.034853958,0.16134892,-0.09757413,-0.014899493,-0.046338737,0.15188016,-0.043005623,0.16562006,-0.12105405,0.02130333,-0.051314317,0.12927657,-0.023090085,0.14486328,-0.0812867,-0.031646114
51,-0.11217381,0.06481535,-0.0859606,0.120571375,-0.13355446,0.03314592,-0.084705085,0.0669904,-0.07910689,0.15089811,-0.16016135,0.033997882,-0.08176489,0.020361597,-0.063244976,0.17176804,-0.13211755,0.023045264,-0.07242514,0.098801404,-0.03622356,0.16213404,-0.09895518,-0.014590393,-0.04755944,0.15258552,-0.045714434,0.16723387,-0.12417658,0.024379281,-0.053873803,0.12951113,-0.025335778,0.14475144,-0.08106762,-0.03081424
52,-0.11222472,0.066397905,-0.08582777,0.12121494,-0.13079208,0.03376642,-0.08501268,0.065898865,-0.07972585,0.15110342,-0.15942656,0.034793455,-0.08251046,0.019236336,-0.0639599,0.17146038,-0.13187112,0.023502048,-0.07309594,0.10045597,-0.036753092,0.16083953,-0.10007428,-0.015612137,-0.047701284,0.1553524,-0.046916,0.16808455,-0.12675685,0.025300864,-0.05490928,0.12791404,-0.026285594,0.14526042,-0.07865599,-0.03034765
53,-0.112339154,0.05820299,-0.08594487,0.12376555,-0.12768075,0.038482398,-0.085935876,0.06320646,-0.07916428,0.15191826,-0.15680161,0.03589433,-0.08253043,0.02270958,-0.063824505,0.17149882,-0.13064481,0.02381531,-0.0731774,0.10215742,-0.03707304,0.16133553,-0.099930964,-0.014864339,-0.04809854,0.15828444,-0.047573358,0.17074281,-0.12580974,0.027762925,-0.056128122,0.12731515,-0.026797784,0.1479589,-0.07139492,-0.028215757
54,-0.11070786,0.06234005,-0.084041,0.12422979,-0.12796569,0.03702363,-0.08415294,0.06279209,-0.07848082,0.15380637,-0.15853906,0.036374208,-0.08203874,0.016696837,-0.06329917,0.17339398,-0.1300763,0.025829758,-0.073134474,0.1006069,-0.035560668,0.16049199,-0.09855713,-0.015938459,-0.0467222,0.15877837,-0.04570654,0.17111689,-0.12636055,0.026347496,-0.05436084,0.12734252,-0.024191534,0.1476545,-0.06991518,-0.030671079
55,-0.10742465,0.06509694,-0.08080471,0.12431809,-0.12549846,0.032796614,-0.08134912,0.06076757,-0.07627921,0.15402724,-0.15704319,0.033311807,-0.08019248,0.01356795,-0.061321385,0.17330413,-0.1284167,0.022703147,-0.07148305,0.099063754,-0.033566806,0.16031486,-0.097279824,-0.01896511,-0.044983953,0.15809299,-0.044712614,0.1709746,-0.12735131,0.026082693,-0.053291027,0.13040063,-0.022387687,0.14594206,-0.06819749,-0.032476965
56,-0.10811722,0.070297286,-0.08071915,0.12242213,-0.124838546,0.032999445,-0.08102608,0.06531973,-0.076788016,0.1527964,-0.16074105,0.032303084,-0.07987258,0.011128989,-0.061156638,0.174221,-0.132418,0.020491473,-0.07081475,0.097163014,-0.0330545,0.16064914,-0.099500075,-0.021022202,-0.044247773,0.15961404,-0.045320686,0.17152274,-0.13199653,0.026825417,-0.053510573,0.13050956,-0.022335429,0.14531276,-0.069130264,-0.032568105
57,-0.10972134,0.055504527,-0.08219631,0.12689789,-0.12049424,0.04521707,-0.08369756,0.059739523,-0.076873,0.15392585,-0.15540597,0.039644346,-0.08097849,0.016470447,-0.062084086,0.17324647,-0.13003032,0.026934987,-0.07192771,0.098892614,-0.033890795,0.1608734,-0.09905217,-0.015632536,-0.045132115,0.16434234,-0.04400035,0.17326851,-0.12696438,0.027679445,-0.05309171,0.1355427,-0.020542044,0.1486331,-0.062579125,-0.03500906
58,-0.107950255,0.059105717,-0.08018478,0.1284947,-0.11876602,0.043198112,-0.08223275,0.05845135,-0.075713344,0.15490697,-0.1526774,0.03900457,-0.08047667,0.015680324,-0.061565764,0.17311564,-0.12777911,0.02627412,-0.071782134,0.09577417,-0.034063403,0.16165246,-0.09778062,-0.015250771,-0.045585994,0.16239151,-0.045398507,0.17278405,-0.12657149,0.029313305,-0.054385766,0.14026189,-0.02147299,0.14695539,-0.061947286,-0.036460657
59,-0.10640683,0.06763373,-0.0777794,0.12683663,-0.120727606,0.03594331,-0.07942383,0.063633785,-0.07388722,0.15526037,-0.15635078,0.032191426,-0.07826639,0.013794494,-0.05955095,0.17550778,-0.12994903,0.019360548,-0.0699101,0.09085337,-0.03312941,0.1643001,-0.09741907,-0.018622076,-0.04514183,0.15939957,-0.047627654,0.17313285,-0.13025606,0.030552594,-0.05620552,0.14280178,-0.023413459,0.14503065,-0.06307941,-0.03782218
60,-0.10514168,0.07919837,-0.07653709,0.12520991,-0.12053379,0.0338251,-0.07798755,0.06527687,-0.0747527,0.15493567,-0.15815748,0.03450215,-0.07876021,0.006810418,-0.060272057,0.17542984,-0.13105144,0.022390326,-0.07040108,0.088682644,-0.03308646,0.16202499,-0.09938125,-0.018635215,-0.04449529,0.16036527,-0.04746551,0.17080766,-0.13421002,0.029965555,-0.055243526,0.14321566,-0.022795876,0.14264938,-0.06915857,-0.037877776
61,-0.10533805,0.063640215,-0.07667468,0.12942754,-0.115411095,0.043036506,-0.07939321,0.05855698,-0.073023066,0.15575801,-0.15142106,0.038202163,-0.07825413,0.01472978,-0.059645947,0.17285272,-0.12828311,0.024772068,-0.06976238,0.09333424,-0.03315339,0.16088463,-0.101554446,-0.0168232,-0.044092692,0.16644867,-0.0465935,0.17419687,-0.13163866,0.03104008,-0.055292945,0.14156488,-0.022083452,0.14836983,-0.056990106,-0.037308663
62,-0.106647305,0.063932754,-0.07684377,0.13031538,-0.11904408,0.04287242,-0.07926015,0.0643985,-0.0727535,0.15842506,-0.15640676,0.035573,-0.077816874,0.014407568,-0.05949911,0.17729792,-0.1312067,0.022840263,-0.06996083,0.08889198,-0.033728834,0.16446802,-0.101142205,-0.016454143,-0.045234147,0.16589108,-0.049361,0.1777433,-0.1330011,0.034400918,-0.058437373,0.14019717,-0.024677046,0.15094763,-0.052059483,-0.036250982
63,-0.10633236,0.07693575,-0.0762588,0.12789975,-0.118187375,0.038198423,-0.07842214,0.06471711,-0.07433328,0.1579757,-0.1577793,0.03556688,-0.07902694,0.008039002,-0.060842056,0.17699026,-0.13171266,0.02327168,-0.07111385,0.086475305,-0.034486428,0.16289836,-0.10233535,-0.017844923,-0.045558307,0.16524403,-0.051269505,0.17538291,-0.13761322,0.034765616,-0.05937956,0.14165026,-0.025838714,0.14735658,-0.056339886,-0.037681796
64,-0.10538378,0.0733801,-0.075530276,0.12709829,-0.1147369,0.03903773,-0.078007184,0.061144583,-0.07308248,0.15657678,-0.15609372,0.033963475,-0.07777724,0.0100480085,-0.059489448,0.17538805,-0.131381,0.02060343,-0.06954337,0.089723244,-0.03320376,0.1614186,-0.10355495,-0.02052227,-0.04395225,0.1691006,-0.0502764,0.17565113,-0.1397891,0.0335927,-0.05827285,0.14136797,-0.024522541,0.1480826,-0.05436438,-0.039329257
65,-0.10489979,0.069235004,-0.07514111,0.12806359,-0.115045324,0.040566076,-0.0777421,0.059971668,-0.07227431,0.15764168,-0.15454952,0.035525825,-0.07745148,0.0098801,-0.059141327,0.17540877,-0.12931836,0.023354089,-0.06955125,0.08987201,-0.03284253,0.16011757,-0.10189752,-0.018812174,-0.04362303,0.17254408,-0.048773225,0.17471012,-0.13587499,0.033035714,-0.057039887,0.14242575,-0.023233054,0.14864872,-0.05263827,-0.03988265
66,-0.10431442,0.06713395,-0.074420996,0.12953627,-0.116526105,0.04037131,-0.07709541,0.05927729,-0.07145738,0.16022004,-0.15357417,0.036425766,-0.07735148,0.008349745,-0.058990132,0.17685258,-0.12625797,0.026351703,-0.07019538,0.08684403,-0.033104464,0.16008103,-0.097987585,-0.016047105,-0.044382226,0.17380641,-0.04899254,0.17425956,-0.1301615,0.034888256,-0.057734184,0.14289817,-0.02376763,0.148821,-0.04751086,-0.038325705
67,-0.10307179,0.0705074,-0.07307851,0.12868325,-0.11617928,0.03815585,-0.07571811,0.059455175,-0.07074565,0.1600512,-0.15475303,0.034808338,-0.07646174,0.00650594,-0.058057815,0.17720975,-0.12720257,0.024413988,-0.069194004,0.085206084,-0.032397985,0.16021356,-0.098816514,-0.017533349,-0.043622628,0.17411362,-0.049703557,0.17438617,-0.13341981,0.035962828,-0.058121484,0.14240943,-0.024017585,0.14819162,-0.04763482,-0.03823067
68,-0.10368373,0.07097184,-0.07334845,0.12714851,-0.11652764,0.03820927,-0.07570259,0.06200631,-0.07059822,0.15906139,-0.15771888,0.032285698,-0.07566767,0.007256053,-0.057318736,0.17796092,-0.13011265,0.020990407,-0.068114005,0.083704025,-0.031911958,0.16099021,-0.09986376,-0.019260217,-0.043138646,0.17512995,-0.05060049,0.17536071,-0.13609608,0.036587454,-0.058898542,0.13893594,-0.024709424,0.1490794,-0.047980875,-0.037920933
69,-0.10195394,0.06317815,-0.07276772,0.13005598,-0.11321149,0.039659124,-0.07597161,0.05374459,-0.06965298,0.16022845,-0.15051828,0.03467224,-0.07607737,0.009572886,-0.057635423,0.1760437,-0.12387985,0.02491133,-0.0691205,0.08760344,-0.03251963,0.1582002,-0.097072504,-0.016897844,-0.043658976,0.1795276,-0.04926712,0.17365341,-0.1300198,0.035690628,-0.057883438,0.14131862,-0.02378036,0.14962167,-0.046068907,-0.038420215
70,-0.10312397,0.07071881,-0.073858835,0.12959985,-0.11640166,0.03903777,-0.07656868,0.05695359,-0.07183908,0.16152532,-0.15417773,0.03682472,-0.07788331,0.0041641127,-0.05968001,0.17829677,-0.12531988,0.028752347,-0.07126098,0.08327446,-0.033859584,0.15765369,-0.09639316,-0.014658055,-0.044937175,0.17776729,-0.04994784,0.17228878,-0.12967002,0.035300683,-0.058332484,0.1381178,-0.024307609,0.14877528,-0.05323388,-0.039368864
71,-0.10408292,0.071151115,-0.074797064,0.1287456,-0.1164047,0.038703572,-0.07734218,0.059539367,-0.07243804,0.16055922,-0.15806143,0.032680523,-0.077672504,0.006425788,-0.059599992,0.18001798,-0.1292211,0.023416525,-0.07082084,0.081339486,-0.034210615,0.15936464,-0.097028695,-0.016817842,-0.045429766,0.17750691,-0.052084077,0.1745687,-0.13247938,0.036209892,-0.06048682,0.13251212,-0.026235426,0.15044042,-0.055295564,-0.03912894
72,-0.10333238,0.06958237,-0.07470188,0.12904753,-0.110793866,0.038375117,-0.07795645,0.053897243,-0.07254607,0.158554,-0.15222529,0.03238212,-0.0782259,0.010368533,-0.060119662,0.17613798,-0.12675396,0.021858966,-0.07102612,0.0849816,-0.035289604,0.15727551,-0.09871504,-0.017963482,-0.045940414,0.17930423,-0.053964805,0.17377427,-0.13398188,0.037543632,-0.061998107,0.13255815,-0.028183043,0.14953975,-0.055984054,-0.037342176
73,-0.10452785,0.07184607,-0.07638867,0.13000152,-0.10947974,0.040110305,-0.07986551,0.05043289,-0.07496165,0.15937957,-0.14869903,0.03723835,-0.08120854,0.009882583,-0.06322702,0.1746995,-0.123802625,0.027912803,-0.07426939,0.08544291,-0.038476855,0.15517755,-0.098843955,-0.01375429,-0.048646305,0.18100354,-0.056602754,0.17157872,-0.13202897,0.039320756,-0.06429569,0.13302158,-0.030854939,0.14768904,-0.057926454,-0.036511354
74,-0.1033334,0.06174143,-0.0747964,0.13157748,-0.11399065,0.043849416,-0.07802439,0.051975027,-0.07162105,0.16106531,-0.15352261,0.036558967,-0.07765005,0.0143271405,-0.05979411,0.17831753,-0.12893565,0.026486224,-0.07071688,0.0840639,-0.035895593,0.15907049,-0.10211139,-0.012910852,-0.046345323,0.18346259,-0.05345963,0.17581396,-0.13313593,0.03742901,-0.061924115,0.1350709,-0.028012978,0.15285736,-0.055142794,-0.039740376
75,-0.101849206,0.063247256,-0.072770186,0.13125814,-0.11643879,0.040848073,-0.075743064,0.055275068,-0.06922589,0.16143873,-0.15473072,0.03392035,-0.07526234,0.016192734,-0.05759457,0.17893156,-0.13070424,0.023566116,-0.06838831,0.08212803,-0.0350373,0.16012327,-0.10408004,-0.01372688,-0.045440674,0.18499665,-0.054696456,0.17560244,-0.13474876,0.038856264,-0.06292079,0.1352769,-0.029680742,0.15295526,-0.05448769,-0.038195185
76,-0.10002046,0.074062444,-0.0708602,0.12921683,-0.11597718,0.035944156,-0.0736577,0.054818403,-0.06900812,0.1607798,-0.15386587,0.03399088,-0.07504933,0.011444246,-0.05757949,0.1771873,-0.1298326,0.024365228,-0.06819537,0.07929262,-0.035099685,0.15751234,-0.1055909,-0.014318947,-0.044918697,0.18435101,-0.05571235,0.17182031,-0.13768849,0.039251886,-0.0629749,0.13562183,-0.030271312,0.1490354,-0.05940559,-0.038158476
77,-0.09950807,0.07119344,-0.07037235,0.12906095,-0.112768255,0.036830895,-0.0735396,0.051680524,-0.06828519,0.15957765,-0.15110944,0.03370574,-0.07452319,0.01396394,-0.057013594,0.17510863,-0.12891749,0.023163563,-0.067414455,0.08096004,-0.034903537,0.15645614,-0.1066374,-0.015175125,-0.04444047,0.1869529,-0.05600893,0.1718466,-0.1381768,0.040131364,-0.063223556,0.1356616,-0.03043058,0.14940757,-0.05645029,-0.037247665
78,-0.09976572,0.07113201,-0.07026837,0.12776652,-0.11430255,0.037842564,-0.07307726,0.054065913,-0.06803685,0.15967835,-0.15385503,0.033913445,-0.07390685,0.011473198,-0.05651523,0.17663066,-0.12977947,0.024607515,-0.06706173,0.07815014,-0.033948805,0.15592243,-0.10502042,-0.014172485,-0.043642104,0.1885674,-0.053606726,0.17111133,-0.13548364,0.03795409,-0.06104459,0.13439417,-0.027863372,0.15029034,-0.056298833,-0.039704558
79,-0.10131038,0.07684323,-0.07150191,0.12623957,-0.11621431,0.03697048,-0.07381316,0.057439886,-0.069914535,0.16005263,-0.15712976,0.03447218,-0.07529279,0.00851226,-0.05811323,0.17831087,-0.1310914,0.02643166,-0.06870096,0.07543513,-0.03541414,0.15563406,-0.10432952,-0.012426036,-0.045079563,0.18980962,-0.055301752,0.16971771,-0.1353101,0.03889609,-0.062432848,0.1327919,-0.029436659,0.14911915,-0.05975701,-0.0391129
80,-0.101241276,0.067968905,-0.071280785,0.12635492,-0.113991305,0.039799657,-0.07386965,0.05597653,-0.06818527,0.15835492,-0.15691009,0.031813424,-0.07332939,0.015369869,-0.056087483,0.17757504,-0.13354637,0.021355279,-0.06618303,0.078788325,-0.034121573,0.15713611,-0.106914766,-0.0149856405,-0.043762818,0.19376317,-0.055229764,0.17323577,-0.13769244,0.040012136,-0.06276515,0.1311093,-0.029459346,0.15291359,-0.053319257,-0.03759528
81,-0.09867768,0.071730606,-0.06914659,0.1259283,-0.1129787,0.037301138,-0.07187348,0.052196518,-0.067328855,0.15925899,-0.1550881,0.033217616,-0.07296598,0.010145608,-0.055815622,0.17763709,-0.13028333,0.025025308,-0.06647352,0.07719642,-0.033386156,0.1545829,-0.104636684,-0.01378494,-0.042940352,0.19460513,-0.052189715,0.16983257,-0.13444453,0.036933433,-0.05954632,0.13549568,-0.026193133,0.15058872,-0.058264513,-0.04131985
82,-0.09801269,0.07440084,-0.06832828,0.12571983,-0.11496618,0.035616536,-0.07082943,0.052405696,-0.06680339,0.16028133,-0.15774442,0.032048054,-0.07228751,0.009179209,-0.055303395,0.17963783,-0.13175225,0.024544237,-0.066095926,0.07467886,-0.033261515,0.15574297,-0.10493559,-0.013501159,-0.04295159,0.19387539,-0.05256435,0.17038314,-0.13534805,0.0375168,-0.059906576,0.13420585,-0.026515305,0.15109181,-0.059275296,-0.040931135
83,-0.097375296,0.07162814,-0.06751117,0.12554608,-0.11292574,0.034813512,-0.070254,0.049364597,-0.06560023,0.15978152,-0.15666012,0.029554524,-0.07120204,0.011611809,-0.054244693,0.17919873,-0.13158996,0.021457221,-0.06501184,0.07543399,-0.0326701,0.15627499,-0.10490158,-0.015276973,-0.042464875,0.19510208,-0.052857682,0.17109282,-0.13508937,0.038190264,-0.060326952,0.13578045,-0.026584575,0.1518139,-0.056349736,-0.04066545
84,-0.09934283,0.07809816,-0.068940155,0.12236851,-0.11222494,0.035715166,-0.07123704,0.053059425,-0.06783914,0.15794142,-0.15993828,0.030716442,-0.072475895,0.00818432,-0.05576954,0.17916517,-0.13459931,0.022411823,-0.06597648,0.07331837,-0.033405088,0.15506615,-0.10652654,-0.015197851,-0.04278016,0.19756664,-0.05362419,0.16905867,-0.13867481,0.038438592,-0.06039633,0.1347263,-0.026508242,0.15016599,-0.060579367,-0.040975917
85,-0.10270496,0.0706494,-0.07142309,0.121786974,-0.10830892,0.04393018,-0.073962115,0.054811854,-0.06935345,0.15532984,-0.1595892,0.034274988,-0.07343241,0.012160435,-0.056777485,0.17726618,-0.13736238,0.023730403,-0.06614093,0.07665179,-0.0337117,0.15373015,-0.10976848,-0.014803495,-0.04248205,0.2053867,-0.052513737,0.17025049,-0.13969058,0.03825198,-0.05946328,0.13413413,-0.024985926,0.15341465,-0.05625331,-0.04102904
86,-0.102514274,0.06837788,-0.070929505,0.12393543,-0.10985222,0.045691524,-0.073611744,0.053851634,-0.06862253,0.15716702,-0.15846133,0.036758494,-0.07326878,0.012397373,-0.056647934,0.1777405,-0.13623871,0.026912002,-0.066287234,0.07434787,-0.033935122,0.15397891,-0.10951488,-0.012024046,-0.042764667,0.204975,-0.052011956,0.16975123,-0.13577463,0.0391543,-0.059235934,0.13554321,-0.02485574,0.15405715,-0.05626287,-0.04001856
87,-0.100763455,0.07010077,-0.06820524,0.12391312,-0.11376387,0.040420078,-0.0705608,0.058582522,-0.06576958,0.15895343,-0.16185594,0.03157206,-0.07043201,0.011658413,-0.05392594,0.1810387,-0.13777861,0.022426838,-0.06400839,0.06967414,-0.03208087,0.15736775,-0.10764667,-0.013620781,-0.041748166,0.20166239,-0.05177619,0.1700185,-0.13487393,0.03938623,-0.05913464,0.1381457,-0.024660964,0.1540307,-0.055784166,-0.040691104
88,-0.098421566,0.07639126,-0.06613106,0.1233688,-0.11021702,0.03610641,-0.068885095,0.055109434,-0.06529166,0.15828757,-0.15727963,0.032170996,-0.07050171,0.007992927,-0.053988963,0.17830306,-0.1338551,0.02374714,-0.064205304,0.07105362,-0.031873744,0.15373346,-0.10750081,-0.014715773,-0.041007716,0.2018236,-0.051168326,0.16613702,-0.1353142,0.037852872,-0.057865266,0.14216419,-0.023930972,0.15078475,-0.06008116,-0.042430956
89,-0.098643124,0.06914818,-0.06622161,0.124701485,-0.10433567,0.04114206,-0.069810815,0.050002523,-0.06494158,0.15759368,-0.15061508,0.03605915,-0.07097627,0.0108630415,-0.054369554,0.17465088,-0.12990066,0.027124163,-0.064542286,0.07585821,-0.0320483,0.15022962,-0.108329974,-0.013802046,-0.04052912,0.20789246,-0.04969327,0.16575691,-0.13267796,0.038015302,-0.056628343,0.14620353,-0.02222602,0.1517159,-0.054539222,-0.04247124
90,-0.09763308,0.073440336,-0.064120516,0.12448771,-0.108697414,0.038892265,-0.067286566,0.057127684,-0.06359157,0.16044798,-0.15815283,0.033079326,-0.0691641,0.00729218,-0.05288769,0.18032514,-0.13343492,0.02587889,-0.063545,0.067941256,-0.031133363,0.15379867,-0.10730705,-0.013105713,-0.040319327,0.20245098,-0.050402004,0.16918579,-0.13556173,0.040427256,-0.057626624,0.14103453,-0.021811426,0.1534536,-0.05331345,-0.04277579
91,-0.09584639,0.074848995,-0.061967466,0.12455793,-0.10729684,0.036923997,-0.065382406,0.05803086,-0.062238533,0.161241,-0.15929866,0.030831153,-0.06785986,0.005352928,-0.051690307,0.18186429,-0.13355607,0.02413767,-0.06263623,0.065174095,-0.030177418,0.15474422,-0.10637202,-0.01433382,-0.039663326,0.20025332,-0.050525974,0.170701,-0.1373675,0.041560687,-0.05784274,0.14032626,-0.021022892,0.15384665,-0.051122837,-0.043471612
92,-0.09780173,0.06396244,-0.06373808,0.12516779,-0.09618063,0.044029657,-0.0683922,0.053414717,-0.06305261,0.15767023,-0.15101105,0.0336833,-0.069118604,0.012619716,-0.05286104,0.17611684,-0.13096593,0.024376346,-0.06313821,0.07726029,-0.030846206,0.15084322,-0.10955979,-0.01658264,-0.03933037,0.21220994,-0.05052344,0.1723389,-0.13961211,0.042256296,-0.057936214,0.14400944,-0.020697601,0.15628296,-0.04113253,-0.042723432
93,-0.09855445,0.07091048,-0.0630684,0.12289714,-0.10326815,0.04127492,-0.06668937,0.061164483,-0.06323286,0.16156612,-0.15888184,0.033635806,-0.06890943,0.0053924304,-0.05307162,0.18226337,-0.13222492,0.02840706,-0.06423916,0.068492785,-0.031006439,0.15237716,-0.105551206,-0.012767229,-0.04018771,0.20993556,-0.050035384,0.17140187,-0.13580303,0.042625427,-0.057638917,0.14415756,-0.01995959,0.15508842,-0.042576544,-0.043589156
94,-0.09857991,0.07339261,-0.062615275,0.12235737,-0.1014723,0.03870377,-0.066379435,0.06318308,-0.06346463,0.16178629,-0.15774663,0.032208107,-0.06933133,0.0049464745,-0.05361547,0.18222149,-0.13065079,0.027712561,-0.065021984,0.06648278,-0.03205089,0.1521861,-0.10428667,-0.012825048,-0.04131423,0.20863836,-0.05276741,0.17108504,-0.13504408,0.04566016,-0.060256973,0.14231285,-0.022334905,0.1541751,-0.040116686,-0.04107601
95,-0.09701906,0.07429312,-0.0610799,0.12012345,-0.09645964,0.03577469,-0.06516628,0.060883228,-0.062352717,0.15902932,-0.15447237,0.029671125,-0.06819366,0.005029949,-0.052455053,0.17901912,-0.12876782,0.024743682,-0.06362306,0.07018172,-0.030844145,0.14930205,-0.104921885,-0.016406382,-0.039662287,0.21220842,-0.052354977,0.16914622,-0.13814059,0.04464907,-0.05929833,0.14295451,-0.02163424,0.15268874,-0.04022543,-0.042063173
96,-0.09613027,0.071496084,-0.060310263,0.12020861,-0.09733931,0.037483517,-0.06434568,0.058052167,-0.06121658,0.16003843,-0.15451945,0.031461343,-0.06729879,0.0042893994,-0.051552337,0.17960908,-0.12763563,0.027781181,-0.06302777,0.07036571,-0.029873395,0.14847109,-0.10473478,-0.014637206,-0.03863352,0.21317407,-0.04966168,0.16907023,-0.13624841,0.04311186,-0.05688322,0.14187601,-0.019257674,0.15367658,-0.040558077,-0.043235306
97,-0.096185006,0.070280656,-0.059639744,0.12100504,-0.10141818,0.039507143,-0.0633595,0.062227596,-0.060128514,0.1617895,-0.15850672,0.032216355,-0.06601937,0.0048811403,-0.050331283,0.18239127,-0.13076033,0.028451934,-0.061800204,0.0660966,-0.029114444,0.1512598,-0.10625427,-0.0127272615,-0.03815343,0.21148117,-0.04929327,0.17169084,-0.13641253,0.04503013,-0.056946676,0.13987175,-0.01897026,0.15614058,-0.03817706,-0.041600145
98,-0.09549744,0.07463503,-0.058871865,0.118692175,-0.09802823,0.03983836,-0.0626922,0.06392201,-0.060478173,0.15879384,-0.15899745,0.03295981,-0.06567688,0.0033457484,-0.050021034,0.18020087,-0.13294156,0.027837174,-0.060733404,0.06712312,-0.028264796,0.14902729,-0.11011907,-0.014613848,-0.0365587,0.21411125,-0.048939325,0.1712802,-0.14269571,0.04463852,-0.056024924,0.13538398,-0.017971918,0.1562066,-0.041586827,-0.042195957
99,-0.0947421,0.07341541,-0.057830803,0.118378304,-0.09803154,0.0390881,-0.061652027,0.06577943,-0.059126467,0.1583126,-0.15840577,0.03142389,-0.06437733,0.00443473,-0.048739508,0.17967318,-0.13284653,0.026135674,-0.059403162,0.06490432,-0.027418412,0.14927256,-0.11013888,-0.015082218,-0.03578849,0.21274993,-0.048614666,0.17117387,-0.141315,0.045072302,-0.05580876,0.13350965,-0.017735844,0.15662803,-0.04202508,-0.041609503
100,-0.09512151,0.07017733,-0.05818317,0.119028255,-0.096097425,0.041611396,-0.06227077,0.062941015,-0.059134793,0.15829861,-0.15586056,0.033584062,-0.06474837,0.005903045,-0.049173776,0.17821732,-0.13155918,0.028384972,-0.059777617,0.06719943,-0.027848745,0.148013,-0.11188728,-0.014144891,-0.035806537,0.21506064,-0.048451878,0.17152226,-0.14113212,0.045839835,-0.055724204,0.1335558,-0.017530177,0.15765998,-0.0399934,-0.040719237
101,-0.09496947,0.071858995,-0.05777265,0.11892885,-0.09702835,0.041385338,-0.061769348,0.062689245,-0.059172694,0.15902285,-0.15611516,0.035040233,-0.06488959,0.004212298,-0.04939626,0.17847031,-0.13141017,0.030470064,-0.060063776,0.06708668,-0.027798273,0.14739871,-0.112685196,-0.013299831,-0.035571624,0.21540652,-0.04753009,0.17092597,-0.14185852,0.045371868,-0.054687407,0.13558075,-0.0162936,0.15749681,-0.03990238,-0.04154834
102,-0.095187776,0.07227636,-0.05771624,0.119228,-0.09949155,0.040436205,-0.06149285,0.06482096,-0.058833487,0.16039155,-0.15595493,0.03501533,-0.064859524,0.00461769,-0.049448438,0.17912489,-0.1302984,0.031568762,-0.060416706,0.06394561,-0.028440928,0.1478348,-0.11152458,-0.011317732,-0.03638678,0.21378793,-0.04842949,0.1697968,-0.1375763,0.046955656,-0.055708982,0.13562667,-0.01760548,0.15655915,-0.040789574,-0.039613254
103,-0.09478877,0.07110173,-0.05689621,0.11883251,-0.09966671,0.039580535,-0.060639586,0.067373246,-0.05702441,0.15929353,-0.15636107,0.031613834,-0.06286177,0.008299647,-0.047460753,0.17871839,-0.13209769,0.026992645,-0.05810495,0.06574101,-0.027050383,0.14851406,-0.11291736,-0.0139614465,-0.035009723,0.21773726,-0.048313864,0.17030333,-0.13883111,0.047002126,-0.05558021,0.13678895,-0.017765723,0.15745832,-0.040120486,-0.039384067
104,-0.095062196,0.074827515,-0.057317685,0.11783364,-0.09797068,0.037773453,-0.06109792,0.06609994,-0.058171283,0.1585574,-0.1534414,0.03303485,-0.0642233,0.0076018693,-0.048896562,0.17653953,-0.1298672,0.028996695,-0.0594752,0.06800441,-0.028407915,0.14576747,-0.113754556,-0.013469591,-0.03577515,0.22071587,-0.049673628,0.1671871,-0.13901089,0.0477394,-0.05634519,0.13883917,-0.019124804,0.15481015,-0.04312103,-0.03842848
105,-0.09572308,0.07281688,-0.057423554,0.116707616,-0.10075277,0.039429817,-0.060769044,0.068759724,-0.057455406,0.15894364,-0.15646334,0.032740347,-0.06317959,0.008401555,-0.047947764,0.17822742,-0.13138102,0.029368784,-0.058599457,0.06575405,-0.027751448,0.1466123,-0.11337948,-0.011970238,-0.03532811,0.22198729,-0.048345122,0.1676245,-0.13656549,0.04761115,-0.055348862,0.13778661,-0.017893175,0.15591921,-0.04181244,-0.038402256
106,-0.09672022,0.06844795,-0.05775405,0.11605949,-0.10049464,0.043222673,-0.061032288,0.07120922,-0.05668355,0.15793136,-0.15805447,0.032614067,-0.062021237,0.011322022,-0.046811823,0.17838342,-0.1335283,0.028390786,-0.05716711,0.066357784,-0.026811253,0.14716917,-0.11482164,-0.011986739,-0.034363434,0.22566816,-0.04734696,0.16940528,-0.13735686,0.048103403,-0.05462624,0.13543573,-0.016666787,0.15866284,-0.037655227,-0.03789025
107,-0.094687544,0.07227914,-0.05555176,0.11628918,-0.099569514,0.04043536,-0.059042685,0.06820793,-0.0560989,0.15953328,-0.15679702,0.034243565,-0.061965335,0.007442226,-0.046784498,0.17844793,-0.13088132,0.031750854,-0.057588153,0.06466664,-0.02688979,0.14564727,-0.11499805,-0.010639104,-0.034166776,0.22362272,-0.047589518,0.16863552,-0.13839693,0.04968935,-0.05465431,0.13497739,-0.016348083,0.1579252,-0.03668684,-0.037025776
108,-0.090576276,0.072728895,-0.051411472,0.11599609,-0.09327121,0.03733409,-0.055669744,0.067028165,-0.053024996,0.15698867,-0.15239173,0.03159758,-0.059175394,0.0070958803,-0.0439503,0.17517236,-0.12947303,0.02779588,-0.054467835,0.065628804,-0.024349904,0.14389765,-0.11656429,-0.014594839,-0.031283155,0.22455733,-0.04637174,0.16849291,-0.14264624,0.05009378,-0.053153805,0.13575454,-0.014358399,0.15791915,-0.03564859,-0.037271395
109,-0.08931772,0.074239895,-0.050186258,0.11538195,-0.09385591,0.036949463,-0.05436291,0.06628359,-0.05248679,0.1578483,-0.15287802,0.0326592,-0.05875631,0.004005198,-0.043747652,0.17615873,-0.12857406,0.030407207,-0.0545878,0.06237486,-0.024132628,0.14335623,-0.11532845,-0.012554478,-0.031117756,0.22368275,-0.044890452,0.1674282,-0.13991793,0.049779627,-0.05176993,0.13547777,-0.012503355,0.15757906,-0.036752816,-0.038200323
110,-0.09240409,0.07018403,-0.052418698,0.11386456,-0.09593815,0.043413263,-0.05612304,0.06733776,-0.053117022,0.15742528,-0.15652208,0.034376327,-0.05875644,0.0060319602,-0.043949768,0.17726263,-0.1318872,0.031918433,-0.054440524,0.061310284,-0.024091333,0.1446645,-0.116682395,-0.0103410715,-0.031146137,0.22606845,-0.04346095,0.16877502,-0.1379492,0.04957662,-0.050780356,0.13379073,-0.010956053,0.1597517,-0.03487182,-0.03850017
111,-0.09211348,0.06824907,-0.051492285,0.11405452,-0.09615307,0.042583734,-0.055235356,0.06839168,-0.051583346,0.15773366,-0.15604654,0.03221943,-0.057427045,0.0071274694,-0.042682298,0.1777066,-0.13136527,0.03002164,-0.05336471,0.060297195,-0.02314372,0.14543177,-0.115065865,-0.010988701,-0.030534498,0.22671105,-0.042409584,0.16853102,-0.1346906,0.049266342,-0.049993683,0.136997,-0.009841162,0.16026154,-0.03313224,-0.03938188
112,-0.09189067,0.075782284,-0.05090042,0.11131574,-0.09350252,0.03801529,-0.054608293,0.069151655,-0.052619208,0.15595108,-0.15628967,0.030461343,-0.058032174,0.004193523,-0.04335857,0.17676127,-0.1314779,0.02822078,-0.053836614,0.0616183,-0.023314837,0.14403297,-0.11475066,-0.013289466,-0.030500544,0.22917236,-0.043587785,0.16586654,-0.13875422,0.04942056,-0.05039184,0.13974588,-0.009919312,0.15758845,-0.034964617,-0.040575076
113,-0.09376592,0.07354439,-0.05268072,0.11276634,-0.09112867,0.040221237,-0.05670545,0.06711729,-0.053957425,0.15610236,-0.15215361,0.032658905,-0.059911057,0.006242457,-0.04527308,0.17518929,-0.12879373,0.030537995,-0.055858426,0.06383442,-0.025289932,0.14301156,-0.11451889,-0.01159551,-0.032250233,0.23123999,-0.045026638,0.16527191,-0.13558288,0.0510962,-0.05190332,0.1441689,-0.011478104,0.15737067,-0.03295296,-0.039126657
114,-0.09340132,0.06485755,-0.052107837,0.11520413,-0.095892325,0.043209404,-0.055946976,0.06681667,-0.051463168,0.15933344,-0.15506096,0.031617023,-0.057731442,0.008942295,-0.043155897,0.17960155,-0.13019188,0.030246628,-0.05431734,0.062344775,-0.023737822,0.14668636,-0.11252287,-0.009797455,-0.031571165,0.23070894,-0.041192017,0.16911931,-0.13171892,0.048956018,-0.049138702,0.14936362,-0.008095499,0.16163355,-0.02802102,-0.041832265
115,-0.094093665,0.071070015,-0.05198645,0.11425981,-0.09931679,0.037887756,-0.055380255,0.07181414,-0.05171704,0.16027258,-0.16018705,0.026418708,-0.05740509,0.010273679,-0.043149162,0.18294336,-0.13396335,0.025313912,-0.05425853,0.06177421,-0.024393374,0.14969972,-0.111882456,-0.011514928,-0.03274579,0.23023032,-0.04503457,0.16970786,-0.13467784,0.051874,-0.05264843,0.14828733,-0.01142242,0.16130966,-0.030298254,-0.040281568
116,-0.09372267,0.07157942,-0.05250982,0.11462237,-0.08807428,0.034915075,-0.05702896,0.055567537,-0.05377899,0.15829422,-0.14735593,0.029235985,-0.060846332,0.009420953,-0.046738293,0.17615458,-0.12534814,0.029109526,-0.05801098,0.07173169,-0.02736204,0.14341359,-0.11394948,-0.012653602,-0.034376133,0.23241363,-0.046170756,0.16741191,-0.13516185,0.051065896,-0.05332987,0.15298799,-0.012808665,0.15986735,-0.02909919,-0.040181644
117,-0.098201245,0.0737544,-0.055270877,0.11102941,-0.09360924,0.040739667,-0.058756825,0.0612613,-0.055320624,0.15789187,-0.15664792,0.030171737,-0.06090754,0.009294283,-0.047331188,0.17951238,-0.13313606,0.029912151,-0.057895813,0.065673396,-0.027448097,0.14620431,-0.11679535,-0.010093135,-0.03461855,0.2279885,-0.045346662,0.17089093,-0.13485314,0.050770696,-0.053109113,0.14448974,-0.0116770165,0.16328678,-0.029249888,-0.040642854
118,-0.09815174,0.07378522,-0.054665197,0.10994922,-0.09720457,0.040982105,-0.057715446,0.062021073,-0.054131925,0.15904266,-0.15956865,0.029559793,-0.05958057,0.008371024,-0.04625818,0.18153521,-0.13407393,0.030866932,-0.057040147,0.0617141,-0.02666625,0.14678188,-0.11618805,-0.008195962,-0.034025088,0.2250411,-0.043721803,0.1716551,-0.13098717,0.05010953,-0.051975485,0.14003463,-0.010273374,0.16491978,-0.029249452,-0.041016247
119,-0.097405724,0.07445724,-0.054151505,0.10729599,-0.09189118,0.039729636,-0.057416927,0.058218986,-0.05372664,0.15565118,-0.15495689,0.028761258,-0.059187375,0.008284954,-0.0459249,0.17707081,-0.13138731,0.029837962,-0.05634737,0.06525374,-0.026110053,0.14317572,-0.117335826,-0.0104828235,-0.032768834,0.22782208,-0.04334861,0.16885439,-0.1321208,0.049605697,-0.051112294,0.14136614,-0.009772495,0.16306739,-0.030331159,-0.04111394
120,-0.09835554,0.0776945,-0.05420539,0.10634101,-0.093781136,0.03803678,-0.057186324,0.06228327,-0.05394186,0.15572606,-0.15713674,0.027417682,-0.059093315,0.008418877,-0.04598734,0.17789677,-0.13302837,0.028658852,-0.056279287,0.063634865,-0.026372941,0.14404297,-0.1176484,-0.01041464,-0.033130717,0.22662473,-0.04468746,0.16850199,-0.13288136,0.050965767,-0.05227474,0.140454,-0.010819205,0.1626909,-0.031531714,-0.0401469
121,-0.09865599,0.071636766,-0.055444308,0.10830646,-0.08943561,0.04260174,-0.058993552,0.054509073,-0.05458151,0.15578482,-0.15039076,0.032311272,-0.060658086,0.01015226,-0.04746309,0.17544807,-0.12800549,0.034210097,-0.05809249,0.06891901,-0.02783589,0.14096874,-0.1176058,-0.0071903486,-0.034026507,0.23177135,-0.043236215,0.16716035,-0.12854964,0.050398603,-0.05100376,0.14576483,-0.010026511,0.16273746,-0.031660613,-0.039931804
122,-0.09722121,0.07108127,-0.05414133,0.10709997,-0.09343764,0.044595238,-0.05723922,0.055698287,-0.052543327,0.15614301,-0.15462974,0.03261842,-0.058198858,0.010780729,-0.045338314,0.17722787,-0.13224539,0.034666043,-0.05564293,0.06729024,-0.026169894,0.14159171,-0.12116147,-0.005767574,-0.032156926,0.23309076,-0.040435854,0.1673511,-0.13214396,0.049014293,-0.048094403,0.14593436,-0.007247683,0.16370426,-0.039162666,-0.04111751
123,-0.09530135,0.08322103,-0.0514884,0.10638783,-0.09605528,0.035312362,-0.05437473,0.063801326,-0.051517725,0.15718268,-0.15873428,0.026370708,-0.056844935,0.010308822,-0.04446638,0.17989998,-0.13632086,0.028513297,-0.054597523,0.0661151,-0.026303738,0.14393096,-0.12282942,-0.009040259,-0.032509767,0.23105527,-0.04515528,0.16647646,-0.14132302,0.052751433,-0.051742487,0.14797114,-0.010896895,0.16128956,-0.047891315,-0.03996654
124,-0.09360447,0.07890841,-0.050574243,0.10974922,-0.09300438,0.036505785,-0.05416935,0.05524532,-0.050149817,0.15873295,-0.15280105,0.027532391,-0.05668421,0.01035705,-0.044234198,0.17899126,-0.13194044,0.030218922,-0.05491351,0.067529365,-0.026266474,0.14321397,-0.122093946,-0.008493401,-0.0324223,0.22856121,-0.043525215,0.16710472,-0.13908623,0.051740658,-0.050464272,0.1538591,-0.009362342,0.16243836,-0.04812271,-0.04189242
125,-0.093881145,0.07846279,-0.050642792,0.10945495,-0.09529295,0.037208773,-0.053981476,0.05697541,-0.049827777,0.15932018,-0.15427345,0.027480947,-0.05627693,0.010715053,-0.044013366,0.18027912,-0.1328768,0.03076299,-0.054768264,0.063306734,-0.02639969,0.14445162,-0.12155259,-0.0063878535,-0.032823443,0.22533508,-0.04291774,0.16732971,-0.13550201,0.051783387,-0.050202135,0.15327458,-0.008892373,0.16259152,-0.050760936,-0.04214571
126,-0.09684446,0.07635288,-0.05286489,0.1081849,-0.09139345,0.041759547,-0.056332093,0.060846772,-0.05113447,0.15562388,-0.15505992,0.026949216,-0.056702573,0.0153009575,-0.044464212,0.17829388,-0.13640009,0.027608447,-0.054268535,0.06689168,-0.026612591,0.14458388,-0.12443525,-0.0085530775,-0.032743264,0.23053308,-0.04424809,0.16936703,-0.13830459,0.05269721,-0.051580124,0.14874105,-0.009684552,0.16490692,-0.050901797,-0.041763753
127,-0.09719544,0.07733675,-0.053097926,0.107402146,-0.09127446,0.040885314,-0.05647965,0.060323328,-0.051550623,0.15538187,-0.15419798,0.027112281,-0.057169266,0.015073199,-0.04505293,0.17775868,-0.13535586,0.02851129,-0.054909386,0.06576924,-0.027255064,0.1438029,-0.12380864,-0.0075504477,-0.033282593,0.2298726,-0.04427683,0.1679669,-0.13550366,0.052532773,-0.051582485,0.14860563,-0.009784175,0.164051,-0.052716702,-0.041803755
128,-0.09539698,0.07847901,-0.051791184,0.10859353,-0.091951005,0.036692854,-0.055293504,0.05424929,-0.051111717,0.15789807,-0.15101062,0.027828349,-0.057682086,0.012235514,-0.045606297,0.178367,-0.13085103,0.03173074,-0.05629674,0.06576866,-0.027977483,0.14244023,-0.12153413,-0.005758145,-0.033985928,0.22821145,-0.043455627,0.16586725,-0.13241944,0.051652756,-0.050708592,0.15306693,-0.009371615,0.16263467,-0.053135004,-0.042296566
129,-0.09494968,0.07899546,-0.050751127,0.107611,-0.09258951,0.03504548,-0.054126102,0.055019636,-0.050233435,0.15798534,-0.153438,0.02545704,-0.05651984,0.012037851,-0.04471606,0.17991948,-0.13276453,0.029787835,-0.05538412,0.06441137,-0.027110782,0.14365095,-0.12121548,-0.0065984773,-0.033388823,0.22783592,-0.042574726,0.16675697,-0.13301574,0.051091574,-0.049949855,0.15240654,-0.007843801,0.16379002,-0.052847456,-0.043735612
130,-0.09683296,0.07916073,-0.051611215,0.105739266,-0.092206955,0.037160512,-0.054775782,0.058269266,-0.05058108,0.15632112,-0.15722497,0.02363281,-0.055991977,0.013984572,-0.044531398,0.18045984,-0.13691807,0.02718234,-0.054611497,0.06408221,-0.026881386,0.14491096,-0.1228622,-0.00769257,-0.033203516,0.22979583,-0.043429263,0.16920018,-0.13383046,0.052203678,-0.05107173,0.14708853,-0.007967255,0.16621889,-0.051553607,-0.04352142
131,-0.09726795,0.077353254,-0.052685596,0.106474675,-0.08716935,0.03996803,-0.056353737,0.05317168,-0.05195603,0.1551271,-0.15173808,0.027336052,-0.057849202,0.014042536,-0.04639029,0.1776986,-0.13300379,0.031257145,-0.056568045,0.068362914,-0.028270189,0.14137441,-0.12249287,-0.0060063098,-0.03395183,0.23425126,-0.042028587,0.16818924,-0.13022412,0.050427012,-0.049846586,0.14791957,-0.0068925694,0.16648252,-0.052801337,-0.044779
132,-0.09593474,0.076025695,-0.051070634,0.10676126,-0.08858454,0.04061834,-0.05470517,0.054746244,-0.050198227,0.15560101,-0.15397961,0.026657963,-0.05595626,0.014687429,-0.044643413,0.17912993,-0.13515496,0.030597126,-0.054766655,0.066015765,-0.026867379,0.14264335,-0.12372135,-0.0056617907,-0.032691166,0.23232032,-0.0403917,0.1703676,-0.13098417,0.049763825,-0.0485516,0.14376706,-0.005146078,0.16888364,-0.0536323,-0.04562301
133,-0.09592853,0.07747799,-0.050654266,0.10752637,-0.08980677,0.03966109,-0.05427539,0.05655372,-0.05004026,0.15686914,-0.15410891,0.026844373,-0.056025334,0.014724304,-0.044836864,0.18008249,-0.13503736,0.031321045,-0.055142935,0.06469993,-0.027440539,0.1433448,-0.12374969,-0.004439971,-0.033359893,0.2308807,-0.041403152,0.17050909,-0.13058622,0.051345963,-0.049562234,0.14429085,-0.005987026,0.16903698,-0.052950047,-0.04446156
134,-0.09462858,0.0789695,-0.04950268,0.107113175,-0.08569951,0.03800984,-0.053514548,0.055411223,-0.049391326,0.15488827,-0.15085906,0.025818856,-0.055504452,0.014997373,-0.044262182,0.17736472,-0.13361846,0.029408816,-0.05432437,0.06713008,-0.026938459,0.14174792,-0.12482131,-0.006807714,-0.032481223,0.23125637,-0.0421125,0.16932955,-0.13339548,0.05200865,-0.049852982,0.1449527,-0.0064492333,0.16801353,-0.054521557,-0.04397175
135,-0.09441072,0.08243727,-0.048998527,0.10598888,-0.08633249,0.036426626,-0.0528553,0.058671303,-0.04948876,0.1543643,-0.15151441,0.025571493,-0.05540667,0.014610183,-0.044409297,0.177084,-0.13416947,0.029588837,-0.054324415,0.0648263,-0.02730501,0.14124075,-0.12526134,-0.005972072,-0.032694597,0.22961724,-0.042847555,0.16807087,-0.13304393,0.052821867,-0.05038506,0.14214003,-0.007111239,0.16690475,-0.0581317,-0.043175593
136,-0.09500952,0.07866503,-0.049392145,0.106643386,-0.086121306,0.038278766,-0.05332021,0.058745366,-0.049047004,0.15397668,-0.1500154,0.025797835,-0.055126026,0.017207617,-0.044087447,0.17629854,-0.13376608,0.029277427,-0.053933345,0.065127276,-0.027313737,0.14180201,-0.12578925,-0.0054014046,-0.032747235,0.22865772,-0.0424739,0.16919863,-0.13000809,0.053207945,-0.050423637,0.14212449,-0.0070707602,0.16820739,-0.05639095,-0.04243225
137,-0.09479259,0.07735873,-0.049005818,0.1055816,-0.086258866,0.03777994,-0.052827224,0.058351416,-0.048273765,0.15335323,-0.15039842,0.024356127,-0.054225106,0.017471801,-0.043208238,0.17614353,-0.1338977,0.028021544,-0.053025022,0.06554128,-0.026421731,0.14170279,-0.12537947,-0.006278864,-0.0319098,0.22951838,-0.04141325,0.16908106,-0.12938891,0.052278772,-0.049439725,0.1420502,-0.005895847,0.1685792,-0.055825926,-0.043496046
138,-0.095002145,0.082270004,-0.049144745,0.10338556,-0.0831895,0.03634139,-0.05301019,0.060540654,-0.04969267,0.15135235,-0.14838243,0.025763152,-0.055481132,0.015155436,-0.044759616,0.1739058,-0.13200557,0.03032992,-0.05444259,0.064626805,-0.027534867,0.13813373,-0.12446537,-0.0055208057,-0.032434344,0.23104772,-0.04150637,0.16566604,-0.12699835,0.0514935,-0.049199745,0.1417645,-0.0058432305,0.16597073,-0.060232595,-0.044309717
139,-0.09386198,0.08108965,-0.047910426,0.103954345,-0.08300347,0.03531419,-0.051899116,0.059665892,-0.04847876,0.1521922,-0.14749223,0.024783274,-0.054603893,0.014830294,-0.04401848,0.17456742,-0.13077757,0.03022788,-0.054031774,0.06199386,-0.027177531,0.13868254,-0.123148024,-0.0050215498,-0.03232131,0.22779825,-0.04090058,0.16630852,-0.12294629,0.051705364,-0.049019348,0.14224318,-0.005346308,0.16650182,-0.05855048,-0.044243515
140,-0.09628872,0.07662112,-0.049765926,0.10553535,-0.08285108,0.03896341,-0.053847283,0.0580177,-0.04909563,0.15292129,-0.14797409,0.025147688,-0.0552486,0.01887165,-0.044595927,0.1753589,-0.13242647,0.029583167,-0.054463666,0.06581956,-0.02810277,0.14110413,-0.1254831,-0.004863629,-0.033388983,0.22930479,-0.043314666,0.16992654,-0.124018095,0.055214114,-0.05172883,0.14144005,-0.0075307805,0.16919622,-0.053357795,-0.041002303
141,-0.09676309,0.07696771,-0.04963638,0.1049268,-0.08092276,0.04038745,-0.05384012,0.059821717,-0.04926564,0.15263778,-0.14961268,0.025120921,-0.055135556,0.019539416,-0.044678926,0.17680095,-0.13481334,0.029106019,-0.054401554,0.06802066,-0.027770765,0.14199488,-0.12562373,-0.0052548232,-0.033183187,0.23366056,-0.042181432,0.17045061,-0.12706144,0.055034652,-0.050474744,0.14675352,-0.005372685,0.1696547,-0.053157948,-0.0425916
142,-0.094950184,0.08025774,-0.04731826,0.104397275,-0.08010133,0.034921147,-0.051632542,0.056302495,-0.048188787,0.15402414,-0.15155007,0.020951219,-0.05408827,0.017291402,-0.043736454,0.17933005,-0.13576427,0.025490735,-0.053748798,0.06557656,-0.026964908,0.14476858,-0.123907275,-0.0073595922,-0.03304532,0.22981761,-0.043378532,0.17111306,-0.13056356,0.05725042,-0.05146884,0.15052597,-0.005249986,0.16904938,-0.050589405,-0.042604923
143,-0.09104382,0.073292516,-0.04575178,0.1110336,-0.08011249,0.036235444,-0.05077581,0.039668083,-0.047530405,0.16115285,-0.14647181,0.02635727,-0.0554874,0.011772876,-0.044907972,0.18430404,-0.12818378,0.03471403,-0.057021506,0.061092716,-0.028136896,0.14620987,-0.11686719,0.00030845296,-0.035164367,0.22350809,-0.038466956,0.17376627,-0.1172683,0.054691147,-0.048159752,0.15569828,-0.0012744305,0.17221236,-0.043890674,-0.04536172
144,-0.09436192,0.07790095,-0.049322315,0.10961811,-0.07713973,0.040818315,-0.054354694,0.0423009,-0.052037258,0.15879473,-0.14907795,0.029067028,-0.05895451,0.012172782,-0.048714425,0.18376635,-0.13347845,0.035193153,-0.059740383,0.06261581,-0.030842958,0.14718081,-0.12166878,0.00026520743,-0.037400484,0.22372667,-0.04272335,0.17686419,-0.12446112,0.058894966,-0.05205481,0.14882281,-0.0032762622,0.1745543,-0.04473702,-0.044549253
145,-0.097045176,0.08418549,-0.05074146,0.10494394,-0.073290594,0.041695785,-0.055627786,0.053618055,-0.053721532,0.15329067,-0.1517352,0.027230991,-0.059152555,0.015672632,-0.04923825,0.18104772,-0.13902698,0.030768204,-0.058801662,0.06684044,-0.030658714,0.14568338,-0.1262191,-0.00406466,-0.03644937,0.232593,-0.044588774,0.17650709,-0.13225242,0.05950315,-0.053165004,0.14976491,-0.0038379673,0.17463283,-0.049685307,-0.046608448
146,-0.095341325,0.08906326,-0.048421822,0.10294928,-0.071271814,0.03767399,-0.053413924,0.059281603,-0.05235049,0.15140511,-0.15081033,0.024738876,-0.057648268,0.015452185,-0.048062056,0.17977254,-0.13912559,0.028538495,-0.057404634,0.06556843,-0.02963981,0.14442688,-0.12638462,-0.0057398244,-0.035223857,0.23263794,-0.043916203,0.17384845,-0.13390215,0.058787826,-0.05200735,0.15526031,-0.002877439,0.17249726,-0.055744447,-0.048329055
147,-0.09301329,0.08202024,-0.046877585,0.10697834,-0.071547106,0.03930744,-0.052256595,0.054267194,-0.04927769,0.15331472,-0.14546782,0.025099361,-0.055834457,0.019898232,-0.046052672,0.17930847,-0.1352453,0.029141689,-0.05600702,0.066518754,-0.029097939,0.14547104,-0.12637655,-0.0037622217,-0.03488648,0.23010907,-0.042086925,0.17576446,-0.125938,0.058689184,-0.05110288,0.15806389,-0.0028906758,0.17457063,-0.05374948,-0.04644046
148,-0.09083204,0.075888306,-0.045444563,0.10869596,-0.07224579,0.0436641,-0.05096499,0.04938575,-0.04686806,0.15427522,-0.14408855,0.027820451,-0.05391371,0.021876952,-0.04410976,0.17916803,-0.13511823,0.03164809,-0.054102503,0.06881558,-0.027298426,0.1452157,-0.12964678,-0.0020813304,-0.032765407,0.23089433,-0.037437916,0.17905654,-0.12503591,0.05611629,-0.04719469,0.15715921,0.0006379974,0.1786716,-0.049014777,-0.04725316
149,-0.0895156,0.07992348,-0.042925622,0.10837918,-0.07601497,0.039094124,-0.04816978,0.05685554,-0.044489577,0.15543388,-0.14904128,0.022694234,-0.05116773,0.023917105,-0.041897535,0.18204916,-0.14028788,0.026576888,-0.051597428,0.068747394,-0.025794487,0.14811142,-0.1322089,-0.004650492,-0.03157992,0.23037888,-0.038205173,0.18165755,-0.13023175,0.057141315,-0.047886867,0.15671228,0.00037908042,0.18080054,-0.04797206,-0.04801624
150,-0.08948959,0.092344604,-0.044043545,0.10504432,-0.069077216,0.029975653,-0.049558286,0.050298423,-0.048944686,0.15328589,-0.14085972,0.02446402,-0.05613297,0.018762028,-0.04731655,0.17627048,-0.13321622,0.030670539,-0.05698442,0.07649803,-0.03026746,0.14029014,-0.13254482,-0.0059461114,-0.034363694,0.2350855,-0.043395597,0.1730012,-0.13547613,0.059111465,-0.05115129,0.16242303,-0.004343341,0.17328121,-0.054983124,-0.046527743
151,-0.09245761,0.090300225,-0.046267953,0.104381226,-0.0759188,0.0342462,-0.05101799,0.04460833,-0.0489964,0.15578681,-0.14597206,0.024822427,-0.05589426,0.018387368,-0.04735467,0.17950258,-0.137134,0.031882603,-0.05695475,0.07292072,-0.030507566,0.14415129,-0.13588391,-0.0029586577,-0.034984462,0.22967017,-0.04286798,0.1773183,-0.13096811,0.060024586,-0.051655225,0.15934509,-0.004426539,0.17626718,-0.050956666,-0.04548478
152,-0.09386755,0.085023865,-0.046980895,0.10205457,-0.08257456,0.04115921,-0.05090014,0.04533747,-0.04679431,0.15491135,-0.15327832,0.023532879,-0.052607603,0.0230707,-0.044444934,0.18169595,-0.14452587,0.0295447,-0.053267658,0.07091806,-0.02825571,0.1480216,-0.14010961,-0.0010389191,-0.033083525,0.23090236,-0.03882588,0.1817931,-0.124337874,0.05854327,-0.048881497,0.15612604,-0.0014359867,0.18081978,-0.048428975,-0.04561303
153,-0.09180533,0.08236513,-0.044500463,0.100693956,-0.08140093,0.039735023,-0.04849559,0.043369785,-0.04362647,0.153513,-0.1533998,0.019770745,-0.049347494,0.025090003,-0.041491877,0.18120691,-0.14589112,0.025956072,-0.050063338,0.072700575,-0.025814831,0.14818947,-0.14197461,-0.0035123182,-0.030547092,0.23251507,-0.036061857,0.18374963,-0.12172244,0.056712233,-0.046680912,0.15247253,0.00095149217,0.18353985,-0.04600798,-0.046637457
154,-0.091446355,0.09242805,-0.044948243,0.10056324,-0.077049986,0.028930161,-0.04928867,0.03525068,-0.046533927,0.1550908,-0.14343089,0.019535644,-0.05377621,0.021213751,-0.04656391,0.17896584,-0.13523081,0.03140696,-0.056345414,0.07748987,-0.031411786,0.14190497,-0.13649476,-0.0007883543,-0.035231665,0.2346503,-0.040710192,0.17509016,-0.11370453,0.05878708,-0.050505165,0.15569527,-0.0045359964,0.17615929,-0.056414012,-0.043990426
155,-0.0959925,0.08704038,-0.04823752,0.0968842,-0.07229536,0.036809124,-0.052515738,0.030377943,-0.049233876,0.15114602,-0.14291798,0.023738788,-0.05572091,0.021309065,-0.048487075,0.17671967,-0.13740955,0.033656605,-0.057444636,0.07945164,-0.031339258,0.1407904,-0.13977893,-0.0011433626,-0.03452884,0.23706391,-0.037084352,0.17650846,-0.11291575,0.05562692,-0.047242496,0.15531956,0.000245861,0.17802365,-0.054068677,-0.04777633
156,-0.09766543,0.09067432,-0.04833945,0.09309388,-0.076011784,0.039556768,-0.051971156,0.04025515,-0.049738254,0.15048046,-0.15256266,0.023079867,-0.05476871,0.02110968,-0.048604473,0.18094447,-0.14788133,0.032281823,-0.056609686,0.0694546,-0.030876888,0.14517514,-0.1434206,0.00067540864,-0.03456147,0.2304981,-0.035876237,0.17892829,-0.11675896,0.055648934,-0.04607506,0.15044278,0.0037700268,0.17940834,-0.055086344,-0.050280295
157,-0.09699761,0.09182353,-0.04712137,0.092438966,-0.07207932,0.03783553,-0.051059183,0.041129373,-0.04911452,0.14894776,-0.14865743,0.022424499,-0.054440852,0.02187568,-0.048608143,0.17840211,-0.14634204,0.031368114,-0.05636614,0.0682486,-0.031101245,0.14448296,-0.14420544,0.00018637102,-0.034511764,0.22496897,-0.036515508,0.17765914,-0.1150928,0.057119526,-0.046622667,0.15033773,0.003794895,0.1780584,-0.05318861,-0.04927599
158,-0.09611424,0.088063054,-0.046389226,0.09204915,-0.06565675,0.03728989,-0.050843984,0.037438158,-0.048149,0.14627397,-0.14264846,0.02131462,-0.053885557,0.024439098,-0.047775228,0.17454837,-0.1423118,0.029519688,-0.055476345,0.07335789,-0.030580346,0.14245713,-0.14359167,-0.0018839436,-0.03362076,0.22681127,-0.036444075,0.1769196,-0.11239661,0.057387482,-0.046642203,0.14848988,0.0036838052,0.17789365,-0.05121518,-0.048451297
159,-0.09833828,0.09263833,-0.0475702,0.08931085,-0.06932601,0.037388057,-0.051472317,0.04565659,-0.049374793,0.14635797,-0.14790812,0.020510457,-0.05434951,0.02527587,-0.048933875,0.17686452,-0.1460964,0.0299442,-0.05640753,0.06893117,-0.032051098,0.1437721,-0.14334829,0.0012469217,-0.0353374,0.22595385,-0.038054753,0.17581913,-0.110300295,0.05927403,-0.048185688,0.14644386,0.0025139484,0.1764367,-0.05527251,-0.04739054
160,-0.09790426,0.09167978,-0.04719443,0.08896845,-0.0664887,0.038040694,-0.05130106,0.044487916,-0.048987035,0.1451387,-0.14605245,0.02067103,-0.05401772,0.025600431,-0.048490107,0.17535762,-0.1449802,0.029633746,-0.055867184,0.0708842,-0.031542674,0.14255194,-0.14363667,0.00024582824,-0.03455408,0.22808674,-0.03784946,0.17598066,-0.11046372,0.05948481,-0.047995962,0.14529002,0.002766666,0.17696889,-0.05369774,-0.047182802
161,-0.09703853,0.09333957,-0.047456946,0.088801324,-0.064094804,0.038475577,-0.051721863,0.039666142,-0.050319407,0.1457815,-0.14264883,0.024741543,-0.055837385,0.02170476,-0.0504478,0.17458165,-0.14102559,0.03572707,-0.05826264,0.07149797,-0.032781832,0.13834026,-0.14231932,0.0031358683,-0.035005577,0.23139323,-0.03634274,0.17304137,-0.110034876,0.058161117,-0.046229843,0.14644048,0.00407193,0.17537673,-0.057606325,-0.04815741
162,-0.094256274,0.09275089,-0.044240545,0.089773536,-0.06948374,0.031452652,-0.04828033,0.04174489,-0.046900313,0.15029883,-0.14763652,0.017669583,-0.05271912,0.023464322,-0.04795991,0.18148313,-0.14449106,0.031287167,-0.056544352,0.0694267,-0.031833388,0.14353605,-0.14063892,0.0028902856,-0.03532968,0.23053555,-0.03692022,0.17442241,-0.111647695,0.05973335,-0.046807494,0.15124804,0.0040580207,0.17664053,-0.05586222,-0.047809303
163,-0.09417027,0.08526466,-0.043706045,0.08656317,-0.06253471,0.03331631,-0.04803893,0.027892057,-0.04522753,0.14606245,-0.14442606,0.015620381,-0.050870743,0.02339234,-0.04574578,0.17680487,-0.14511359,0.026242537,-0.053425685,0.07942605,-0.028628554,0.14352755,-0.14806019,-0.005495055,-0.03140943,0.23146358,-0.035370372,0.17844959,-0.12186098,0.058863092,-0.045099422,0.15275663,0.0065513337,0.17973304,-0.04591703,-0.048106056
164,-0.09483371,0.08406482,-0.044816058,0.086484924,-0.07179245,0.03507802,-0.04839989,0.022996703,-0.045325916,0.15125443,-0.15107486,0.016747415,-0.050915856,0.023153648,-0.046289485,0.18332177,-0.14953262,0.030195542,-0.05440455,0.08149271,-0.029482918,0.14539087,-0.1492985,-0.00052920944,-0.03246994,0.2389155,-0.03384325,0.17975472,-0.11697391,0.058849394,-0.044106614,0.1516699,0.007486076,0.18205762,-0.044296633,-0.047646016
165,-0.09613957,0.092623286,-0.04631394,0.08390702,-0.07321578,0.029869594,-0.049486365,0.02591478,-0.0473452,0.15294065,-0.14981212,0.015663745,-0.05328116,0.02203032,-0.049794238,0.18492703,-0.1469452,0.034659922,-0.0585405,0.08402382,-0.03359132,0.1411794,-0.14676148,0.0032068489,-0.03578601,0.24557994,-0.036715258,0.17280361,-0.11448286,0.060481884,-0.046096403,0.1540446,0.0042962325,0.17647733,-0.05345422,-0.04551913
166,-0.10083388,0.08306232,-0.049960423,0.083415836,-0.069398664,0.04161979,-0.053215608,0.021733204,-0.050139654,0.15065297,-0.15047033,0.023007613,-0.055430114,0.023294412,-0.05151985,0.18355946,-0.15127142,0.037676454,-0.05923694,0.08798665,-0.033523787,0.14268567,-0.1545232,0.003292004,-0.03523281,0.24935962,-0.03436966,0.17901652,-0.12182084,0.05933062,-0.044127952,0.1523058,0.0077866954,0.18229504,-0.047372468,-0.04690813
167,-0.09890121,0.083836235,-0.04622201,0.08280947,-0.07748835,0.0393029,-0.048993327,0.0320023,-0.046478663,0.15530126,-0.15942079,0.01947014,-0.05156563,0.023810057,-0.04894747,0.19172549,-0.15817268,0.036813844,-0.057133533,0.07345286,-0.03229413,0.14786945,-0.1530882,0.007914784,-0.035341855,0.23763351,-0.03142213,0.18220927,-0.11895077,0.057723157,-0.041958403,0.14752416,0.011678653,0.18494278,-0.04614169,-0.049707286
168,-0.09538583,0.084821686,-0.04355942,0.082545005,-0.062649414,0.033205256,-0.047480136,0.024136677,-0.045167033,0.14985636,-0.14558978,0.016708206,-0.051314436,0.02195536,-0.04857171,0.18277006,-0.14942983,0.03289041,-0.05651998,0.08074876,-0.031965144,0.14392824,-0.15314755,0.0013623835,-0.0340924,0.23032103,-0.03339339,0.17816329,-0.12068222,0.059103087,-0.043167427,0.15031898,0.010206776,0.18093452,-0.044790063,-0.04803112
169,-0.096194446,0.09646728,-0.04423958,0.077583075,-0.055945825,0.027230972,-0.048280355,0.03354968,-0.04698005,0.14410351,-0.14166877,0.011904471,-0.052593667,0.022810845,-0.050732687,0.17732371,-0.14764053,0.028718034,-0.057871096,0.08341172,-0.03461896,0.14019912,-0.15158516,-0.0015354516,-0.035962634,0.23051727,-0.038924355,0.17047474,-0.119907275,0.0630163,-0.047436096,0.15190056,0.005787095,0.17293884,-0.0549784,-0.045688808
170,-0.09834207,0.08673607,-0.04635521,0.07918996,-0.060108528,0.03854921,-0.050129388,0.027720489,-0.047200542,0.14576782,-0.14828558,0.016548136,-0.052187067,0.021587364,-0.04993441,0.18102406,-0.15552807,0.029761776,-0.056488045,0.07718545,-0.032441925,0.14676227,-0.15687877,0.00022083861,-0.034788653,0.22396016,-0.0342563,0.17787766,-0.11762207,0.060355876,-0.044116873,0.15173998,0.011006227,0.1791736,-0.047756273,-0.049130466
171,-0.10125243,0.08786246,-0.048880383,0.078751944,-0.063062295,0.042880587,-0.05231195,0.02855861,-0.049195003,0.14628506,-0.15079483,0.019669723,-0.053803455,0.020762492,-0.051808186,0.18217467,-0.15782212,0.03310497,-0.05813242,0.072347455,-0.034021977,0.14759038,-0.15761937,0.0045155184,-0.036414456,0.2227262,-0.033777457,0.17807326,-0.10956489,0.06011505,-0.044269145,0.14962518,0.011050997,0.17913276,-0.049012013,-0.049272653
172,-0.101141915,0.08590048,-0.04789812,0.079399064,-0.060655758,0.038768712,-0.051571917,0.02997795,-0.047605224,0.1446892,-0.14878784,0.014237601,-0.052301627,0.02573695,-0.05008775,0.1806542,-0.15743037,0.026609745,-0.05621982,0.07849716,-0.033576086,0.14976579,-0.15803345,0.0007793218,-0.03642848,0.22397096,-0.036743972,0.17936206,-0.107978344,0.06249088,-0.047351476,0.14802253,0.007963728,0.17983319,-0.044120286,-0.04710615
173,-0.10108317,0.0907691,-0.049519558,0.07808017,-0.05095467,0.03517372,-0.053680956,0.020274524,-0.050894562,0.14319968,-0.13780032,0.016724363,-0.05659773,0.019430343,-0.054700226,0.17699118,-0.14654902,0.03347671,-0.061775997,0.082747385,-0.036595583,0.14112143,-0.15076262,0.0015858277,-0.038104936,0.23125874,-0.036083907,0.17088102,-0.1022349,0.059455752,-0.04609266,0.15402748,0.008094183,0.17341055,-0.05121813,-0.050078306
174,-0.10263799,0.09286662,-0.049379677,0.077330105,-0.05887576,0.02887861,-0.052944016,0.027655749,-0.05050473,0.1480278,-0.14734094,0.0092020845,-0.055774417,0.022734748,-0.05488868,0.1862914,-0.15280555,0.02974785,-0.06269281,0.07958037,-0.038936403,0.14785714,-0.14813754,0.0052623358,-0.042169906,0.23342039,-0.04043652,0.1739985,-0.098286085,0.06385874,-0.05085799,0.15116727,0.004245102,0.17531402,-0.049394887,-0.047444426
175,-0.10430334,0.08005993,-0.05201687,0.07862229,-0.049530953,0.03792294,-0.05617113,0.009079622,-0.053201783,0.14730135,-0.14194795,0.01723735,-0.05891204,0.017771037,-0.057404242,0.18441801,-0.15118799,0.03484951,-0.06504494,0.08621761,-0.038763087,0.14781077,-0.15597358,0.002164594,-0.04115085,0.23228654,-0.03782165,0.18403792,-0.10557488,0.061610978,-0.048925854,0.1454776,0.00756556,0.18465562,-0.029198209,-0.048445765
176,-0.105063185,0.086709976,-0.051336527,0.07507402,-0.05711117,0.04147421,-0.054811873,0.016627088,-0.051727496,0.14941987,-0.15166628,0.017878287,-0.056564208,0.0137863625,-0.055909958,0.18888415,-0.16018018,0.035640236,-0.062919274,0.07250328,-0.036618665,0.15013605,-0.1619449,0.0030367144,-0.038931493,0.21938097,-0.033788577,0.1867712,-0.10995405,0.057672065,-0.045015108,0.14812203,0.012101714,0.18708642,-0.029365623,-0.052626215
177,-0.104268804,0.09596961,-0.049884837,0.07324519,-0.05015665,0.036839847,-0.05375607,0.022069944,-0.050899584,0.14574881,-0.1457298,0.01501641,-0.055962462,0.012615597,-0.055766836,0.18381391,-0.15642756,0.033427354,-0.062390484,0.07142383,-0.037059825,0.14622487,-0.16254948,-0.0004683609,-0.038302187,0.21305583,-0.036235005,0.1822525,-0.11173424,0.05830434,-0.04662982,0.15092202,0.009639854,0.18269525,-0.032178733,-0.05191823
178,-0.104664944,0.094298184,-0.04927081,0.07436503,-0.04227945,0.036013514,-0.053733308,0.023404725,-0.05023086,0.14300276,-0.13869931,0.014252963,-0.05581392,0.015939359,-0.055571005,0.17951684,-0.1520955,0.031966697,-0.062067434,0.07732443,-0.03779846,0.14504004,-0.16341695,-0.0018688353,-0.038621902,0.21396193,-0.038684297,0.18181726,-0.110652454,0.060994912,-0.048981603,0.15368931,0.0067827795,0.18214782,-0.029111404,-0.048420686
179,-0.106027946,0.09431372,-0.049454536,0.07297635,-0.047000248,0.037281,-0.053544994,0.03005668,-0.049824357,0.14444323,-0.14382859,0.01341838,-0.054981787,0.018205753,-0.05509958,0.18331288,-0.15539214,0.032265726,-0.0617685,0.07232701,-0.037984,0.14734994,-0.16108237,0.0025920316,-0.039581787,0.21505556,-0.03758376,0.18180415,-0.10217509,0.06117437,-0.048516203,0.15472268,0.007560433,0.18267427,-0.032308005,-0.048731733
180,-0.10798463,0.09118453,-0.05105121,0.0727064,-0.043526158,0.040469576,-0.05527511,0.030259348,-0.051032428,0.14248157,-0.14158097,0.015286866,-0.056090496,0.020521123,-0.05604032,0.18129641,-0.15423383,0.033280164,-0.062480774,0.078055866,-0.03872296,0.14587598,-0.16198005,0.0025659844,-0.03985181,0.22272354,-0.038211454,0.1825011,-0.10166163,0.06194503,-0.049219467,0.1526677,0.006943038,0.18418215,-0.03200651,-0.047995713
181,-0.10762221,0.09362338,-0.050094195,0.070667066,-0.046372168,0.040760327,-0.054086123,0.033338204,-0.05014686,0.14280564,-0.14539191,0.015108555,-0.054816812,0.02019295,-0.055182233,0.18245584,-0.15784,0.033420276,-0.061267816,0.07597604,-0.03766468,0.14579855,-0.16422386,0.0028201127,-0.03856238,0.22325172,-0.03753591,0.18256524,-0.105230205,0.062174957,-0.048325032,0.1512276,0.008211972,0.18478453,-0.03291084,-0.048762538
182,-0.10652791,0.09487321,-0.048370928,0.07191427,-0.04759001,0.03904217,-0.05243095,0.034473278,-0.048689757,0.14453837,-0.1443319,0.01543278,-0.053863216,0.020330137,-0.054471437,0.18299215,-0.15689199,0.035018418,-0.060827978,0.07552035,-0.037473053,0.14483199,-0.16490874,0.0043460215,-0.038064484,0.22180879,-0.036854424,0.1822471,-0.10435931,0.062242806,-0.047699217,0.1500585,0.008594888,0.18550876,-0.033415154,-0.048332047
183,-0.103801586,0.092190124,-0.045489952,0.07341443,-0.04513039,0.035990026,-0.049899843,0.03192642,-0.04583141,0.14539418,-0.1405179,0.013358173,-0.05182002,0.020850187,-0.052430343,0.18280154,-0.1531455,0.034262862,-0.059425205,0.07725319,-0.036147952,0.14395459,-0.16288754,0.0036318693,-0.036741626,0.2225893,-0.035401564,0.18227644,-0.100893386,0.061801814,-0.04655955,0.15000957,0.009669689,0.1863441,-0.031523142,-0.048473652
184,-0.10475949,0.09606327,-0.04589623,0.07156228,-0.04081944,0.035705507,-0.05045835,0.034320533,-0.047074746,0.14317739,-0.13857047,0.0137077095,-0.052897673,0.0208071,-0.054083962,0.1802456,-0.15270357,0.03474226,-0.060619134,0.07854236,-0.037478004,0.14168209,-0.16435497,0.0028637103,-0.037320115,0.2239203,-0.0375722,0.1807581,-0.10444279,0.064063765,-0.048209798,0.14962691,0.008606376,0.1848988,-0.03230071,-0.047373667
185,-0.10449875,0.09477272,-0.044873495,0.068594255,-0.041751333,0.03709624,-0.04928317,0.03664983,-0.045956764,0.14207752,-0.14125685,0.013282496,-0.05133055,0.021354308,-0.052850295,0.18070006,-0.15501276,0.034440227,-0.059127763,0.07484674,-0.035995442,0.14182372,-0.16473642,0.0037729193,-0.03585641,0.22412285,-0.034634348,0.18118462,-0.10156788,0.06265863,-0.04565537,0.14975756,0.011849763,0.18585967,-0.031786866,-0.049276117
186,-0.10587989,0.093652785,-0.045779623,0.066985935,-0.042131443,0.04239422,-0.050053164,0.03947223,-0.04655021,0.14121662,-0.1444773,0.015854048,-0.051329266,0.02239638,-0.052970048,0.18131891,-0.15826192,0.03587338,-0.05881701,0.074404754,-0.03560762,0.14195067,-0.16656134,0.00514403,-0.035316963,0.2277908,-0.03366547,0.18308447,-0.1018599,0.06292933,-0.044919457,0.14721778,0.013296217,0.18782616,-0.031593286,-0.04977753
187,-0.105056964,0.093445376,-0.044414658,0.066409536,-0.040742043,0.041628134,-0.048795998,0.04001509,-0.045166492,0.14026931,-0.14308482,0.015258695,-0.05005717,0.022937695,-0.051737413,0.18000165,-0.15740551,0.03532259,-0.057500947,0.07535701,-0.034488294,0.14078876,-0.1671982,0.0044134604,-0.03386988,0.22848606,-0.032322146,0.18238308,-0.10116456,0.062061384,-0.043609817,0.14773037,0.014547932,0.18803439,-0.032377355,-0.050698265
188,-0.102880605,0.09464272,-0.041771222,0.0674105,-0.04002233,0.037654713,-0.04634003,0.040753577,-0.042767677,0.14084266,-0.1402038,0.013157638,-0.048258625,0.02381283,-0.050110884,0.17917638,-0.15485598,0.03432209,-0.056170393,0.07394827,-0.034031738,0.14047872,-0.16668689,0.0048417645,-0.033389285,0.2239566,-0.03283906,0.1809256,-0.09741379,0.06351484,-0.044206683,0.14908408,0.013557255,0.1866304,-0.03288032,-0.04916819
189,-0.10350398,0.09039675,-0.042000372,0.06855099,-0.037936814,0.037834182,-0.046733283,0.037351053,-0.042237345,0.1407324,-0.13691026,0.012819699,-0.048170246,0.024850613,-0.049570113,0.17804077,-0.1519827,0.033769652,-0.055897683,0.07936245,-0.03364217,0.1404561,-0.16630039,0.0037152371,-0.033027917,0.226771,-0.032925434,0.18147734,-0.0958044,0.0638327,-0.044444066,0.15109152,0.013024808,0.18739945,-0.030098258,-0.048363764
190,-0.10343069,0.09264211,-0.041664556,0.0660568,-0.041560873,0.037210286,-0.04609998,0.040135868,-0.042058203,0.14144266,-0.14187048,0.011254298,-0.047475554,0.024428723,-0.049391918,0.18044953,-0.15600541,0.033124235,-0.055522736,0.07561529,-0.0332197,0.14126709,-0.16627708,0.00441032,-0.032799497,0.22758278,-0.032397423,0.18131326,-0.09587014,0.06362173,-0.043901354,0.14968269,0.01439233,0.18751743,-0.032169353,-0.050146624
191,-0.104761966,0.08896916,-0.043178193,0.06428529,-0.041830428,0.04157363,-0.04744656,0.035961494,-0.043251034,0.14223318,-0.1439135,0.014475487,-0.04844712,0.02184309,-0.050322257,0.18254004,-0.15785018,0.036663454,-0.05650543,0.07815926,-0.032294158,0.13989773,-0.16637972,0.004696211,-0.031529855,0.23749702,-0.02895734,0.1809873,-0.102352075,0.061133165,-0.04012004,0.1576316,0.018629357,0.18873784,-0.032262333,-0.053606246
192,-0.10104033,0.092039265,-0.039188534,0.06427789,-0.0415319,0.038832236,-0.04363038,0.03678241,-0.040486455,0.14344262,-0.14302088,0.014808586,-0.04616431,0.020103041,-0.048803564,0.18250753,-0.15809077,0.038612545,-0.054973293,0.074052274,-0.031079466,0.13734303,-0.1689725,0.0054323473,-0.029406354,0.23556772,-0.027139155,0.17982854,-0.10691963,0.061316423,-0.03790372,0.15866634,0.021272184,0.18946199,-0.03408137,-0.05411625
193,-0.0950547,0.096659884,-0.033525486,0.06462709,-0.037209906,0.031860948,-0.038461924,0.038479894,-0.03605707,0.14301275,-0.13759993,0.010777989,-0.042661913,0.020300616,-0.046163216,0.18013926,-0.15440817,0.03635602,-0.052559808,0.07010545,-0.030068994,0.13517272,-0.16850644,0.0043149996,-0.027894014,0.22799726,-0.028922169,0.17780292,-0.10358031,0.065872125,-0.039602883,0.15592515,0.02074082,0.18806842,-0.03012368,-0.05157791
194,-0.097046144,0.08381072,-0.03437064,0.06433828,-0.034198865,0.04449306,-0.03943035,0.035063434,-0.034760296,0.14208278,-0.13821454,0.01640608,-0.041232914,0.023162207,-0.044176485,0.18024205,-0.15680875,0.03867706,-0.050260067,0.07666511,-0.027408427,0.13608673,-0.17343388,0.0050137863,-0.025059648,0.2378999,-0.024781078,0.18451922,-0.10551237,0.06549438,-0.03625515,0.15366626,0.025443453,0.19507632,-0.020074531,-0.05189129
195,-0.09838838,0.088341005,-0.03323373,0.058799308,-0.04008751,0.043079313,-0.03778747,0.045312703,-0.03307206,0.1412918,-0.14295799,0.014346296,-0.038912755,0.027272744,-0.04251102,0.18056628,-0.16078609,0.03781399,-0.048046302,0.07319464,-0.026810693,0.13699508,-0.1753298,0.008288382,-0.024512464,0.23709926,-0.024690159,0.18281248,-0.100207455,0.06716319,-0.03634668,0.1582009,0.025059188,0.19281541,-0.019079043,-0.0505267
196,-0.09754479,0.09241101,-0.031960495,0.056309544,-0.03280966,0.037875973,-0.036810428,0.04395513,-0.032579143,0.13723212,-0.13462158,0.012918112,-0.038887337,0.026597118,-0.042691525,0.1743233,-0.15376258,0.037991375,-0.048142493,0.07600085,-0.02710042,0.13233216,-0.1738295,0.0067002582,-0.023686936,0.23648754,-0.02617518,0.17785081,-0.09654995,0.06899762,-0.03747635,0.16326551,0.023071662,0.18865213,-0.01782348,-0.04886108
197,-0.096654244,0.09427038,-0.03167535,0.05622937,-0.032304864,0.03365808,-0.036551453,0.039810114,-0.0328496,0.13839063,-0.13251978,0.011407479,-0.039561067,0.025007075,-0.04368388,0.17470856,-0.15153629,0.03893515,-0.049507864,0.077668555,-0.028037181,0.13096431,-0.1713003,0.0074374024,-0.024434317,0.23854786,-0.027128454,0.17548758,-0.091695376,0.07012598,-0.038422767,0.16496928,0.022141792,0.18684621,-0.01791016,-0.0486697
198,-0.09590886,0.091176614,-0.031122522,0.054643575,-0.03293076,0.03653027,-0.03592175,0.036144845,-0.031865936,0.13799557,-0.13554609,0.011406739,-0.038188573,0.02342483,-0.042257354,0.17612848,-0.15456055,0.038238194,-0.04788952,0.07595896,-0.025787584,0.13189149,-0.17134513,0.007302854,-0.022429354,0.24119265,-0.022808647,0.17694332,-0.089435264,0.06660168,-0.034577347,0.16497703,0.026757613,0.18869081,-0.018376509,-0.052905876
199,-0.0983699,0.09255908,-0.033044927,0.051436495,-0.034729555,0.03971421,-0.037562232,0.040578738,-0.03383518,0.13751638,-0.13986738,0.012684625,-0.039422553,0.025032561,-0.043924607,0.17726319,-0.15868121,0.03929975,-0.04906457,0.07800601,-0.027011637,0.13189794,-0.17263216,0.009065959,-0.023486467,0.24773222,-0.024077768,0.1771251,-0.09323337,0.06853592,-0.03555223,0.1633469,0.026876986,0.18841773,-0.02005628,-0.05228615
200,-0.098647915,0.08942926,-0.032953147,0.05188951,-0.036299713,0.03944584,-0.037429925,0.038649917,-0.03304691,0.13875638,-0.13919088,0.01210873,-0.038964134,0.026181651,-0.043240327,0.17760457,-0.15812217,0.038711287,-0.048539255,0.081518695,-0.02680826,0.13255535,-0.1737449,0.0091362465,-0.023323944,0.24596205,-0.024309099,0.1787926,-0.09318138,0.06954841,-0.03594035,0.16330965,0.026678337,0.18995732,-0.01480419,-0.050534498
201,-0.098014034,0.094605766,-0.032963954,0.050217535,-0.03462174,0.036529493,-0.03746114,0.037739914,-0.03384329,0.13820966,-0.13650712,0.012110803,-0.039945588,0.023991052,-0.044556078,0.17573921,-0.15565574,0.040092938,-0.04981586,0.082796164,-0.027943447,0.12868005,-0.1721973,0.009305445,-0.023543138,0.24445689,-0.025076842,0.17503662,-0.09446975,0.06996972,-0.036215357,0.16415764,0.026177661,0.1871065,-0.017978538,-0.049901098
202,-0.09861217,0.09122138,-0.032944698,0.05111986,-0.040469475,0.038113203,-0.037236433,0.03673555,-0.032537766,0.14137182,-0.14233327,0.010500149,-0.038447224,0.024534572,-0.04266185,0.18011026,-0.16037554,0.03753125,-0.048025776,0.084818006,-0.026473848,0.13341802,-0.17361844,0.009119785,-0.023175033,0.24374555,-0.025261596,0.17925388,-0.0966817,0.07105434,-0.036655318,0.16434139,0.026202431,0.19034965,-0.0125755435,-0.048787896
203,-0.0965677,0.09587757,-0.031496227,0.04856902,-0.03727375,0.034101937,-0.035866577,0.035448555,-0.032132823,0.13991705,-0.14039852,0.008424651,-0.03808749,0.022043012,-0.043032553,0.17842302,-0.1588554,0.037246782,-0.048290968,0.08402531,-0.026551824,0.13024518,-0.17243865,0.0074265143,-0.022492385,0.24198861,-0.025518851,0.17657919,-0.097448826,0.07127643,-0.036556646,0.16271023,0.026859492,0.187926,-0.014811961,-0.04944273
204,-0.09854084,0.09099494,-0.03303723,0.049251977,-0.03308918,0.039209437,-0.037532125,0.034220133,-0.033071864,0.1383893,-0.13764974,0.011607889,-0.03907529,0.022987192,-0.043825243,0.17704865,-0.15704966,0.03935363,-0.04907113,0.08577064,-0.026961021,0.13006298,-0.1730087,0.008394817,-0.022768002,0.24359348,-0.024006808,0.17880264,-0.092731185,0.070452295,-0.03563463,0.16341573,0.028121129,0.18967082,-0.013090067,-0.04970192
205,-0.09840382,0.09378173,-0.032484025,0.04539173,-0.03865196,0.038510054,-0.036571227,0.03747118,-0.032799702,0.13954338,-0.14311783,0.010919005,-0.038272932,0.02308814,-0.043862835,0.18037848,-0.16046803,0.041208714,-0.049167484,0.07862587,-0.027245373,0.13021766,-0.1703763,0.013846893,-0.02331834,0.2418439,-0.020733867,0.17611557,-0.08573751,0.0681948,-0.032761216,0.16899915,0.03058968,0.18714698,-0.017960526,-0.051254883
206,-0.095999226,0.09343275,-0.03157787,0.044763032,-0.030875836,0.035678748,-0.035985973,0.032056578,-0.031578712,0.13566417,-0.13712217,0.007258273,-0.037284546,0.023620922,-0.04267812,0.17565027,-0.15673223,0.036650605,-0.047694363,0.08820678,-0.026436381,0.12803905,-0.17236531,0.007273497,-0.02174728,0.24470453,-0.023431314,0.17541839,-0.089912355,0.07063048,-0.034967303,0.16336402,0.028681744,0.18640107,-0.017275421,-0.04886013
207,-0.095998414,0.09082888,-0.032017447,0.046630047,-0.03346118,0.037933424,-0.036375914,0.026746416,-0.03165466,0.1384134,-0.13931273,0.0084511945,-0.03748489,0.021448521,-0.0429267,0.17834385,-0.15924753,0.037721798,-0.04803174,0.08742022,-0.026331067,0.13050637,-0.17435728,0.008321361,-0.022065308,0.2425353,-0.023256471,0.17841375,-0.087547526,0.071404345,-0.03519516,0.16198221,0.029310353,0.18838286,-0.014431485,-0.048878606
208,-0.09692547,0.09410108,-0.032612197,0.045650195,-0.038932797,0.039842337,-0.03669327,0.030337507,-0.03216414,0.1404211,-0.14535221,0.00893377,-0.037491076,0.021348812,-0.04342389,0.18149114,-0.16489531,0.0382749,-0.048195545,0.082868576,-0.026848728,0.13276893,-0.1760001,0.010943773,-0.022984529,0.23917426,-0.024227018,0.17903619,-0.086041175,0.07327516,-0.03625789,0.16138613,0.02930138,0.18800147,-0.015620322,-0.048796706
209,-0.097725436,0.09363828,-0.03424026,0.04553937,-0.029941332,0.044759814,-0.038602047,0.02503812,-0.034169037,0.1373953,-0.13691027,0.015344413,-0.03997423,0.017965859,-0.045885425,0.17694147,-0.15787494,0.045024913,-0.050827745,0.08625176,-0.027796652,0.12634115,-0.17440727,0.011737825,-0.02233575,0.24412249,-0.022151256,0.17570859,-0.086359665,0.071828336,-0.033938043,0.16564724,0.030894086,0.18621798,-0.01797923,-0.04927291
210,-0.0941007,0.09671334,-0.029206017,0.048108276,-0.033369325,0.037539005,-0.03372241,0.0317953,-0.029966954,0.14313753,-0.13910334,0.011783678,-0.036644798,0.021149155,-0.043407712,0.18350966,-0.1604847,0.044878095,-0.049270995,0.08719894,-0.027348282,0.12659182,-0.17379756,0.013513684,-0.021970598,0.24608546,-0.021910718,0.17575109,-0.090086624,0.07249608,-0.033387516,0.16790406,0.03192709,0.18891762,-0.019854512,-0.050101463
211,-0.091931015,0.09336184,-0.026701786,0.050679322,-0.035696927,0.03708372,-0.031310588,0.030405011,-0.026817475,0.1463608,-0.14179103,0.01009569,-0.033821702,0.024650892,-0.040552724,0.187902,-0.16581252,0.0421581,-0.04643859,0.09514192,-0.025713015,0.12986165,-0.17945649,0.012921246,-0.020639692,0.25274053,-0.019987112,0.17959958,-0.09775632,0.07185455,-0.031303048,0.17131856,0.03469837,0.19481559,-0.015719138,-0.050914127
212,-0.0901391,0.096663035,-0.024843248,0.048027016,-0.033272594,0.036556106,-0.029521465,0.03456737,-0.024439795,0.14279437,-0.14192313,0.007066588,-0.031038003,0.028579831,-0.037996124,0.18530597,-0.16889448,0.037088126,-0.04291548,0.09928593,-0.024398172,0.12994307,-0.18570372,0.009667537,-0.018775547,0.25351834,-0.020422762,0.17867818,-0.10539621,0.073006354,-0.031077143,0.17236681,0.03546507,0.19483066,-0.017822642,-0.05014381
213,-0.08776313,0.09797945,-0.024470547,0.048419688,-0.029472208,0.03338671,-0.029336132,0.027179291,-0.024714477,0.14332673,-0.13587497,0.0072755534,-0.03217048,0.025686089,-0.03960747,0.18496267,-0.16308264,0.040644124,-0.045370687,0.09883031,-0.02611757,0.12635192,-0.18238012,0.011523377,-0.019683782,0.25131038,-0.018706985,0.17470528,-0.097937286,0.07103522,-0.02943189,0.1753611,0.03627384,0.19212683,-0.024036126,-0.05091444
214,-0.08878058,0.09823555,-0.025429789,0.045831107,-0.031642515,0.03542136,-0.030069243,0.028274016,-0.025489274,0.1428139,-0.14071833,0.006272101,-0.032167032,0.025812987,-0.039978508,0.18711464,-0.16701652,0.039496794,-0.045479614,0.094150804,-0.026875844,0.1292217,-0.18246372,0.014319796,-0.021155233,0.2481607,-0.01843445,0.17550716,-0.090778865,0.07177637,-0.029720673,0.17490126,0.037174836,0.19147621,-0.027342902,-0.051342256
215,-0.090165764,0.0951287,-0.027033266,0.044429034,-0.026476242,0.03959818,-0.031759586,0.026128601,-0.026521634,0.13872628,-0.13884662,0.007439009,-0.032759707,0.026452793,-0.04008767,0.18353966,-0.1661429,0.03800199,-0.045019418,0.09930177,-0.026880912,0.1296627,-0.18634507,0.011796115,-0.020892696,0.24975118,-0.019951148,0.17796303,-0.091570534,0.073594555,-0.03132573,0.16962902,0.03613962,0.1928378,-0.025997227,-0.049207173
216,-0.088688985,0.10021012,-0.02633586,0.041519552,-0.02578672,0.038970105,-0.031023938,0.025894554,-0.026495032,0.13791923,-0.13909668,0.007387034,-0.032579508,0.024242617,-0.040738408,0.18257417,-0.16683593,0.03899754,-0.045337643,0.09572014,-0.027325343,0.12683341,-0.18717834,0.0117730955,-0.020423245,0.24684015,-0.020366175,0.17636442,-0.09218312,0.07443626,-0.03150865,0.1663359,0.0365938,0.19130948,-0.027606178,-0.049390405
217,-0.08799753,0.10184844,-0.026381224,0.04106547,-0.026360288,0.038062982,-0.031032128,0.023323648,-0.02657225,0.13889797,-0.1387723,0.006993039,-0.03283965,0.021918979,-0.04127955,0.18391804,-0.16545802,0.040521827,-0.046356425,0.0928975,-0.027852068,0.12608635,-0.18396913,0.013240292,-0.020995196,0.24512717,-0.019572526,0.17466377,-0.086291954,0.073722765,-0.030969951,0.16879591,0.03676746,0.18966587,-0.029641716,-0.049551148
218,-0.09104046,0.09360709,-0.028798874,0.040761117,-0.025060693,0.045879446,-0.03338633,0.02009703,-0.027175808,0.13526122,-0.13972156,0.00899683,-0.032715455,0.023664115,-0.039967094,0.1806091,-0.16811672,0.036870737,-0.0439651,0.10082828,-0.02600189,0.13005978,-0.1924708,0.00953784,-0.019520435,0.24846311,-0.018352725,0.18048503,-0.09017964,0.07256416,-0.030017482,0.1671316,0.038318135,0.19469386,-0.024605704,-0.049463212
219,-0.08909195,0.09797059,-0.025055433,0.040623467,-0.03408558,0.040013563,-0.029474627,0.021569455,-0.022842264,0.1414351,-0.1435297,0.0047575585,-0.029104123,0.022387326,-0.03701173,0.1866983,-0.16978215,0.0369759,-0.04204058,0.095897846,-0.025162466,0.13070726,-0.1906543,0.012603359,-0.019006515,0.24340233,-0.015732666,0.179935,-0.08193964,0.07001126,-0.027954623,0.17263773,0.039695334,0.19450174,-0.026109118,-0.05028134
220,-0.091123104,0.10005815,-0.026109999,0.040817995,-0.03161195,0.039224815,-0.030582864,0.019742299,-0.02337584,0.14063087,-0.13872392,0.0056624105,-0.03012372,0.02102667,-0.037940618,0.18483067,-0.16497795,0.039818756,-0.04339146,0.102765776,-0.026198497,0.12768155,-0.19069874,0.010958724,-0.019118676,0.24907225,-0.017537346,0.17799151,-0.08246684,0.07076403,-0.029415242,0.17554155,0.036911514,0.19360232,-0.028054735,-0.047286898
221,-0.09225381,0.10823605,-0.026198195,0.03516735,-0.03560542,0.03994777,-0.030354906,0.02585768,-0.023494411,0.13921459,-0.1431051,0.0056238337,-0.029458392,0.021047555,-0.038016103,0.18404762,-0.16920272,0.040006086,-0.04260748,0.09915507,-0.026467578,0.124635674,-0.1928163,0.011057155,-0.018258186,0.24929425,-0.017228413,0.17593335,-0.08316945,0.07003096,-0.02879731,0.17305903,0.03824796,0.19155751,-0.033717677,-0.04851721
222,-0.09241469,0.10208688,-0.026140004,0.03645075,-0.036185674,0.04368219,-0.030352745,0.018259108,-0.022461293,0.14117868,-0.14147666,0.00832838,-0.02902343,0.01778102,-0.037179578,0.18561782,-0.1669421,0.043014456,-0.04250085,0.098375,-0.025225814,0.12492342,-0.19235758,0.012382971,-0.017133335,0.24899034,-0.01385559,0.17862724,-0.07773373,0.06780652,-0.026162133,0.1773231,0.040507395,0.19449772,-0.028212022,-0.048941404
223,-0.089749426,0.10840425,-0.023709547,0.03405784,-0.034627706,0.039372083,-0.027952854,0.022731494,-0.020899242,0.14012876,-0.14118403,0.0052583874,-0.0274308,0.01882355,-0.036641147,0.18465479,-0.16790248,0.04109268,-0.041602585,0.09343784,-0.025733946,0.12333248,-0.19301255,0.011931636,-0.017018344,0.24246527,-0.015556737,0.17647023,-0.07831636,0.070432365,-0.027540697,0.17575866,0.040651556,0.19262968,-0.02889235,-0.048535142
224,-0.091424204,0.10279261,-0.025213981,0.03376052,-0.030521838,0.04118825,-0.029498221,0.020323314,-0.021798668,0.13793147,-0.13993654,0.004688425,-0.028098755,0.018859614,-0.037037276,0.18359199,-0.1670556,0.039645538,-0.04190734,0.10007593,-0.025464354,0.12468244,-0.1939946,0.008452548,-0.017002331,0.2482696,-0.01794293,0.17904305,-0.082481906,0.07300123,-0.029750502,0.17190452,0.039616197,0.1945786,-0.025778899,-0.047155716
225,-0.089473866,0.09597051,-0.022455448,0.036131572,-0.038842253,0.037967227,-0.026657313,0.020830642,-0.018573996,0.1438819,-0.14748837,-0.00034057978,-0.024934942,0.021230763,-0.033888847,0.19132234,-0.17335755,0.034919925,-0.03927269,0.09686375,-0.02404999,0.13259561,-0.19546925,0.010118303,-0.017741587,0.24177238,-0.017634884,0.1860302,-0.07516012,0.07381689,-0.030448426,0.16809106,0.040851597,0.19988959,-0.019987227,-0.048185147
226,-0.09330709,0.092521764,-0.026579004,0.034739893,-0.02831527,0.041471124,-0.030881407,0.020943975,-0.023217447,0.14110444,-0.14124933,0.003657928,-0.029665535,0.02286825,-0.038971536,0.19138841,-0.16947514,0.03985676,-0.044832528,0.103524275,-0.026865536,0.12898472,-0.1903512,0.010292285,-0.019726155,0.2518803,-0.016025167,0.18229029,-0.07768746,0.07188627,-0.028404636,0.17418382,0.043975446,0.19843054,-0.023993164,-0.051318362
227,-0.09256104,0.09654991,-0.026549527,0.034018163,-0.023970246,0.031568035,-0.03095594,0.020892752,-0.024368297,0.14324152,-0.13501132,-0.000109493965,-0.03189098,0.025739063,-0.042536482,0.19505335,-0.16487002,0.043090872,-0.049801983,0.10900246,-0.03049985,0.1238709,-0.18203136,0.011315807,-0.022438606,0.25873724,-0.017380985,0.17279674,-0.076347746,0.07265742,-0.028930992,0.18241237,0.042833693,0.19285351,-0.030853262,-0.05127441
228,-0.095916174,0.09203615,-0.028214771,0.032286867,-0.025581783,0.040570695,-0.03246521,0.028183052,-0.025661306,0.1418041,-0.14256458,0.0029802693,-0.031877767,0.030489527,-0.042521123,0.1966524,-0.17371026,0.040622875,-0.04852253,0.103951946,-0.03109144,0.13157894,-0.19147983,0.0148086,-0.024320625,0.24939983,-0.017456062,0.17978923,-0.076247066,0.0750927,-0.029551612,0.18328735,0.04569156,0.19706874,-0.026028441,-0.051706463
229,-0.094237216,0.097072855,-0.028190153,0.029162854,-0.015301725,0.039868902,-0.032622762,0.025726935,-0.02723806,0.13621701,-0.1356367,0.00482581,-0.033407766,0.02821236,-0.045090757,0.19035347,-0.16915171,0.04313149,-0.050509755,0.10050547,-0.033043653,0.1253092,-0.19211285,0.013941813,-0.024179384,0.24407808,-0.018107861,0.17685544,-0.0739504,0.0761322,-0.030067671,0.17733812,0.04627989,0.1949647,-0.029823758,-0.052099817
230,-0.09046004,0.09592914,-0.025304684,0.027580682,-0.011620649,0.038351536,-0.02992114,0.021360474,-0.024749685,0.13401777,-0.13359274,0.003424278,-0.03103086,0.026344672,-0.04298389,0.18833098,-0.16803606,0.041559704,-0.04826011,0.09701539,-0.031009383,0.12390452,-0.19403796,0.0116243055,-0.021508811,0.23724768,-0.01583465,0.17751889,-0.07281211,0.07483189,-0.028000405,0.17489414,0.049072325,0.19638398,-0.027250987,-0.053859144
231,-0.09073431,0.09736973,-0.025808059,0.027322028,-0.01000523,0.03940047,-0.030434255,0.021600688,-0.025400555,0.13284057,-0.13236251,0.004741515,-0.031617876,0.026525524,-0.043650627,0.1870645,-0.16749711,0.042600222,-0.048735626,0.099427454,-0.0318085,0.122779906,-0.19534911,0.011734675,-0.021793889,0.23958711,-0.0174987,0.17719355,-0.074179456,0.07692512,-0.029450374,0.17311153,0.04777649,0.19664681,-0.027369155,-0.052158803
232,-0.09004487,0.0973022,-0.024748122,0.028343502,-0.015618275,0.039808415,-0.029286144,0.024853488,-0.024139967,0.13591622,-0.13754927,0.0042352113,-0.030218923,0.02783637,-0.042332534,0.19120583,-0.17222957,0.041903567,-0.0474599,0.09777546,-0.031248836,0.12523422,-0.1960088,0.013783652,-0.021918366,0.24061555,-0.016820464,0.18046579,-0.071656145,0.076744445,-0.02921642,0.16982496,0.048428696,0.19930533,-0.027549844,-0.052482005
233,-0.09164342,0.09551839,-0.026000056,0.027788362,-0.015413651,0.04101287,-0.030483756,0.024974965,-0.024981352,0.13541177,-0.13751815,0.0048635313,-0.030930005,0.028449489,-0.042682845,0.19128384,-0.17198434,0.042235862,-0.047845762,0.10243381,-0.03135488,0.12525797,-0.19579571,0.013553776,-0.022033619,0.24584204,-0.01665297,0.18088776,-0.07265236,0.076150835,-0.029017083,0.16933838,0.04824198,0.1999094,-0.02741527,-0.051954117
234,-0.09249845,0.096418135,-0.026128368,0.028672766,-0.016380223,0.040194344,-0.030601697,0.02710197,-0.0248803,0.13652053,-0.13810232,0.0043313163,-0.030923672,0.029092705,-0.042653292,0.19287646,-0.17224723,0.04241948,-0.0480881,0.104816996,-0.031576276,0.12640662,-0.1948796,0.01382068,-0.022678506,0.246896,-0.017734645,0.18072934,-0.07398851,0.07709615,-0.0299449,0.17302333,0.047082704,0.1999037,-0.026332267,-0.05067106
235,-0.089728974,0.10194374,-0.024449136,0.028726716,-0.010836924,0.0358851,-0.029136628,0.023847628,-0.02402514,0.13572234,-0.13094,0.0041187555,-0.03092385,0.026263,-0.043347303,0.19030142,-0.16630766,0.045196988,-0.049270652,0.10509111,-0.03203699,0.121130995,-0.1919312,0.012563281,-0.021743502,0.24406244,-0.01796754,0.17495765,-0.07398087,0.07766275,-0.029670306,0.17833196,0.046281077,0.19672458,-0.027273415,-0.049540915
236,-0.08895406,0.09480271,-0.023322402,0.028482012,-0.016486611,0.042294245,-0.027913159,0.022299225,-0.021910759,0.13649899,-0.13901679,0.0050057564,-0.028024582,0.02660825,-0.03970538,0.19361785,-0.17397389,0.041646477,-0.045069635,0.104869835,-0.028674083,0.1280533,-0.19827993,0.013449947,-0.019965436,0.24455953,-0.01472716,0.18123007,-0.078189984,0.07657145,-0.026761672,0.18331882,0.04975041,0.20287712,-0.018765803,-0.04988444
237,-0.08711413,0.09780686,-0.021911014,0.025532195,-0.015830494,0.04227284,-0.026513075,0.023622017,-0.020946512,0.13439468,-0.13953818,0.0047590686,-0.026747417,0.026435643,-0.03898337,0.19226481,-0.17500715,0.041467633,-0.043910306,0.103261515,-0.027975112,0.1258985,-0.19832174,0.01416875,-0.018565418,0.24606976,-0.012155691,0.17917898,-0.076255284,0.074961066,-0.02423432,0.1854612,0.0522479,0.20158093,-0.021666547,-0.051508695
238,-0.086794175,0.098672576,-0.021482287,0.026440736,-0.015528822,0.038931537,-0.026121477,0.022630647,-0.020426154,0.13467173,-0.13699491,0.0033163985,-0.02662667,0.027219133,-0.038803585,0.19221148,-0.17271975,0.041835632,-0.04412373,0.10793206,-0.028579177,0.12449118,-0.19718891,0.01466954,-0.018787118,0.2512632,-0.013080788,0.17716283,-0.07281757,0.07600629,-0.0251573,0.18389238,0.050202828,0.20046365,-0.02449967,-0.049463578
239,-0.08540233,0.10106294,-0.021022517,0.026134038,-0.014139549,0.040631555,-0.025708955,0.021157734,-0.020440673,0.13434829,-0.13594225,0.0057690996,-0.026731268,0.025367912,-0.039325513,0.19176029,-0.17277654,0.044410538,-0.04452364,0.10581845,-0.028263923,0.1212356,-0.19670947,0.014750104,-0.017468886,0.2538131,-0.011510967,0.1761448,-0.07329883,0.07494619,-0.023513146,0.1818503,0.05192444,0.2007834,-0.027218392,-0.05121026
240,-0.0847575,0.10083785,-0.019439396,0.02613018,-0.01825258,0.040993266,-0.024088658,0.026249036,-0.018690208,0.1354708,-0.14119425,0.0043183444,-0.02458954,0.028391665,-0.037266552,0.19438967,-0.1778483,0.041817237,-0.04217426,0.104334235,-0.027465748,0.124465615,-0.19918175,0.01625516,-0.017451838,0.25283787,-0.011937873,0.1793601,-0.07257666,0.07650421,-0.024209898,0.17902547,0.052114386,0.20323552,-0.025686672,-0.050649572
241,-0.082588635,0.09734828,-0.01832374,0.02846278,-0.012199095,0.03980104,-0.02319599,0.020520758,-0.017401448,0.13398635,-0.13602285,0.003484223,-0.023836445,0.02599004,-0.036067754,0.19284728,-0.17271483,0.041255657,-0.04161192,0.106667496,-0.026306886,0.12424861,-0.19788496,0.013171236,-0.01633007,0.25172216,-0.0117256325,0.17980455,-0.07173727,0.076177396,-0.024089603,0.17817864,0.051779706,0.20412418,-0.024166169,-0.0497754
242,-0.08359756,0.10253537,-0.019766368,0.025202492,-0.0107603315,0.03872327,-0.024566485,0.024268726,-0.019380203,0.13210097,-0.13444732,0.0036784415,-0.025601204,0.027291972,-0.038570624,0.19138388,-0.17078437,0.043637525,-0.044063296,0.10557021,-0.029041015,0.120692916,-0.19445238,0.015911587,-0.018184464,0.25236943,-0.0132698715,0.1748735,-0.06662043,0.0779839,-0.02552466,0.17799795,0.05024068,0.19917734,-0.030502647,-0.04842688
243,-0.08383979,0.10023302,-0.02070982,0.024113374,-0.0129771475,0.045593884,-0.0254057,0.02035776,-0.02001914,0.13227324,-0.13823025,0.007958663,-0.02574987,0.02354186,-0.03866279,0.19254524,-0.1746035,0.045706872,-0.043715686,0.10130511,-0.027673095,0.12282357,-0.19810905,0.01661605,-0.017133003,0.24822085,-0.0113502415,0.17735162,-0.07104961,0.077594414,-0.023512447,0.1835862,0.05300703,0.20171475,-0.024359528,-0.049179934
244,-0.080172546,0.10125237,-0.01748581,0.022772817,-0.016620114,0.0406289,-0.022211717,0.019480241,-0.01653419,0.13409,-0.14098321,0.0030362564,-0.022430703,0.024015646,-0.03557414,0.19560744,-0.1765772,0.042836882,-0.04101991,0.10179776,-0.025802214,0.12241276,-0.1969779,0.015031292,-0.015190963,0.25064862,-0.010430881,0.17701589,-0.06915035,0.0772184,-0.022656698,0.17944679,0.053858023,0.20231932,-0.02580562,-0.04915926
245,-0.08096966,0.097251385,-0.018097889,0.02329872,-0.008348066,0.039639827,-0.022952288,0.015357569,-0.016639572,0.1289856,-0.13593964,0.0010474285,-0.022422375,0.022792883,-0.034926567,0.19120325,-0.17237143,0.040170275,-0.040241458,0.11336634,-0.024586285,0.1229473,-0.19934139,0.008611481,-0.013842988,0.2577173,-0.012242687,0.17799427,-0.075141445,0.07875826,-0.024032837,0.17786282,0.052649125,0.20354296,-0.024754152,-0.04708366
246,-0.07866178,0.09532505,-0.016342433,0.028824303,-0.02034637,0.039034635,-0.021056836,0.014382123,-0.014900979,0.14030129,-0.1446357,0.00044570025,-0.021259587,0.022604592,-0.03434926,0.2035437,-0.18124224,0.04054603,-0.040504623,0.10666013,-0.025299272,0.13002604,-0.19694304,0.016641436,-0.016770223,0.24985301,-0.008766444,0.18390997,-0.06019008,0.07693317,-0.021932086,0.18254972,0.056449134,0.2073744,-0.022884648,-0.05000082
247,-0.079957366,0.1070774,-0.020001188,0.021618458,-0.011278479,0.037802286,-0.02463602,0.01811034,-0.019903101,0.13433625,-0.1384761,0.0012048441,-0.025820304,0.022690114,-0.040740963,0.1991751,-0.17695323,0.045028996,-0.046501614,0.109756164,-0.029343244,0.11955917,-0.18791088,0.015268388,-0.018070787,0.26010302,-0.010134455,0.1732106,-0.06045024,0.07812922,-0.022409076,0.18104021,0.05748298,0.19850999,-0.038488925,-0.052373324
248,-0.08109497,0.103579305,-0.022357002,0.024140816,-0.010919036,0.039795283,-0.026919084,0.009121958,-0.021359913,0.13621806,-0.13809288,0.0015488301,-0.027508978,0.018428747,-0.04204746,0.20194674,-0.17749499,0.045185074,-0.048221603,0.11653707,-0.029645005,0.12344365,-0.19082056,0.012872489,-0.019106364,0.2611466,-0.012004402,0.17626505,-0.06298511,0.08065016,-0.024123585,0.18241554,0.057078343,0.20099191,-0.033008855,-0.050486144
249,-0.078100204,0.092124075,-0.018636486,0.029594813,-0.018504126,0.031953704,-0.023254544,-0.002262996,-0.01749244,0.14494553,-0.14351514,-0.0052245054,-0.024440832,0.017434806,-0.038407773,0.21277806,-0.18290593,0.03996268,-0.045903463,0.12441059,-0.027989298,0.13455024,-0.19782938,0.01342898,-0.019986702,0.2586171,-0.010559787,0.1846746,-0.056420412,0.080699965,-0.023437154,0.18607402,0.059025507,0.20865914,-0.019886423,-0.049593855
250,-0.08319512,0.103345685,-0.026342046,0.021095622,-0.012381954,0.043190025,-0.030658918,0.013742673,-0.02422375,0.1384745,-0.14131081,0.00028731767,-0.030042285,0.028912278,-0.045237143,0.20966208,-0.18378638,0.043015856,-0.051628426,0.12199964,-0.03428924,0.12539396,-0.19306272,0.017993432,-0.02349443,0.26284474,-0.010542621,0.17378841,-0.055947185,0.081821345,-0.0226463,0.1814871,0.06320208,0.20051298,-0.034927584,-0.053133342
