Epoch,Layer0_theta_1,Layer0_r,Layer0_theta_2,Layer0_bx,Layer0_bp,Layer0_kappa,Layer1_theta_1,Layer1_r,Layer1_theta_2,Layer1_bx,Layer1_bp,Layer1_kappa,Layer2_theta_1,Layer2_r,Layer2_theta_2,Layer2_bx,Layer2_bp,Layer2_kappa,Layer3_theta_1,Layer3_r,Layer3_theta_2,Layer3_bx,Layer3_bp,Layer3_kappa,Layer4_theta_1,Layer4_r,Layer4_theta_2,Layer4_bx,Layer4_bp,Layer4_kappa,Layer5_theta_1,Layer5_r,Layer5_theta_2,Layer5_bx,Layer5_bp,Layer5_kappa
1,-0.033566196,0.055994578,-0.03088208,0.051519323,-0.05989738,0.030955497,-0.02990887,0.066515654,-0.027945884,0.05197233,-0.07029778,0.026602719,-0.02650995,0.06885992,-0.026190126,0.059615273,-0.0736883,0.021392293,-0.024724778,0.061620887,-0.025584249,0.06968869,-0.07336536,0.018625176,-0.024778983,0.052858546,-0.025987862,0.07562843,-0.07281956,0.020587588,-0.02641715,0.04790501,-0.027139973,0.07800799,-0.07258623,0.025554433
2,-0.060084686,0.077872835,-0.054803316,0.06998833,-0.0913294,0.044326287,-0.052698474,0.09073949,-0.04776539,0.064462446,-0.10335232,0.03326373,-0.044355907,0.10771985,-0.04024312,0.07162794,-0.109960996,0.0202462,-0.035818055,0.10622551,-0.031831823,0.09096018,-0.11454606,0.012435896,-0.027778266,0.08774128,-0.025386378,0.10866122,-0.11721821,0.011804398,-0.024147086,0.07486691,-0.024297692,0.12048876,-0.115652785,0.019025331
3,-0.06595893,0.10569436,-0.06131903,0.07903949,-0.105805755,0.037653238,-0.05895498,0.09848817,-0.056417648,0.07389858,-0.11671834,0.031662382,-0.052808367,0.108564965,-0.0470921,0.07765188,-0.12137317,0.021793233,-0.042071704,0.11993569,-0.031301413,0.0963876,-0.12876664,0.0048591783,-0.025871877,0.102595806,-0.017635131,0.119594775,-0.13568175,0.000105734216,-0.015046881,0.0837585,-0.012364887,0.13692138,-0.13294813,0.006638798
4,-0.06500119,0.13011305,-0.061401594,0.07807759,-0.119741775,0.023887353,-0.05795014,0.10299207,-0.05970312,0.08236798,-0.13396892,0.029000226,-0.055922177,0.08738769,-0.052385416,0.0931078,-0.13149896,0.035613302,-0.048677195,0.10532013,-0.033288516,0.10909548,-0.13277955,0.0077251047,-0.029784432,0.099957906,-0.013572376,0.12782483,-0.13914746,-0.0022729468,-0.01205624,0.084399715,-0.0023378287,0.14427276,-0.13431835,-0.0007950638
5,-0.06583522,0.11673435,-0.066901796,0.07486634,-0.11773193,0.03187432,-0.06288075,0.09061548,-0.06353313,0.07808348,-0.13431862,0.03590716,-0.058803927,0.08420601,-0.052805062,0.09734002,-0.13533476,0.033677544,-0.0493269,0.097479485,-0.03298613,0.12442942,-0.13519679,0.011164056,-0.032445602,0.09328871,-0.013017925,0.13909711,-0.13168828,-7.4587064e-05,-0.015189605,0.09035513,0.0006428368,0.1480741,-0.12620573,-0.0028326886
6,-0.06579267,0.11316722,-0.069393955,0.068789065,-0.113882974,0.03545993,-0.06464872,0.08611085,-0.064889334,0.07289168,-0.13447595,0.037937697,-0.059239358,0.08374264,-0.051713604,0.09935365,-0.13781889,0.030065116,-0.048320666,0.0930591,-0.03119489,0.13357472,-0.13534059,0.01242933,-0.03268324,0.09156109,-0.011071638,0.14506344,-0.12607329,0.002211104,-0.015446877,0.095358774,0.0037698238,0.1501409,-0.12167475,-0.0029019662
7,-0.0661495,0.124319,-0.07030953,0.060334355,-0.1101443,0.031694822,-0.064605206,0.08811566,-0.06604675,0.068299435,-0.13553725,0.03863043,-0.05955487,0.08054125,-0.051408023,0.09954682,-0.13802391,0.028846582,-0.048010956,0.091495536,-0.029648622,0.1364333,-0.13332024,0.012002125,-0.032122318,0.093952745,-0.008919955,0.14587691,-0.12234283,0.0011439805,-0.014059666,0.099560566,0.006852757,0.14962149,-0.11955905,-0.0048542153
8,-0.06696954,0.13215722,-0.07159924,0.051716186,-0.104621515,0.030560132,-0.06499555,0.090337224,-0.06701657,0.06326487,-0.13490465,0.039289467,-0.05972273,0.08121231,-0.050834753,0.09879944,-0.13754976,0.026796727,-0.04735538,0.09308876,-0.02817285,0.13789774,-0.13103549,0.010929724,-0.031384885,0.09802691,-0.0073780403,0.14618595,-0.11939104,0.00037509063,-0.013059678,0.1031882,0.008492369,0.14972328,-0.11837938,-0.0045563765
9,-0.0665684,0.1357023,-0.071712784,0.044745147,-0.10110539,0.027724141,-0.06440442,0.09301412,-0.06635473,0.060620546,-0.13476662,0.036838535,-0.05867318,0.08272555,-0.04917709,0.10045541,-0.13671254,0.024439847,-0.046133097,0.09476973,-0.026106577,0.14046654,-0.12793659,0.00930005,-0.030437144,0.10174271,-0.0058162324,0.14805585,-0.11629813,-0.0005681538,-0.012390089,0.10445737,0.0092432555,0.1518621,-0.11740427,-0.0022155177
10,-0.066397436,0.13499916,-0.072995394,0.036696687,-0.09832075,0.030573046,-0.064831026,0.09301698,-0.066606134,0.05745881,-0.13467206,0.038540583,-0.05843359,0.08304217,-0.04818353,0.10195638,-0.13570236,0.025650209,-0.045546703,0.096228905,-0.024044562,0.14256775,-0.124136366,0.010048366,-0.029506352,0.10670717,-0.0033353951,0.1490256,-0.11218414,-0.0011822679,-0.010790872,0.107264586,0.011641528,0.15344375,-0.11629304,-0.0026070115
11,-0.066136576,0.13852757,-0.07337577,0.027877225,-0.096579,0.029867012,-0.06427813,0.0962017,-0.066258006,0.054163218,-0.13642834,0.037165985,-0.05750823,0.08320402,-0.047058456,0.10388701,-0.13593058,0.02531634,-0.044779245,0.096009344,-0.022210531,0.14501642,-0.120952934,0.010654699,-0.028764512,0.110371284,-0.0012310396,0.15001361,-0.10841242,-0.0015247094,-0.009512368,0.10942053,0.013473709,0.15463135,-0.115357585,-0.0024640493
12,-0.06626987,0.14244004,-0.07436006,0.019411791,-0.0930907,0.031009238,-0.06440242,0.099076785,-0.06656733,0.0501188,-0.13624798,0.037801836,-0.057190128,0.08506883,-0.04641724,0.104284324,-0.13563141,0.025211776,-0.044260558,0.09704549,-0.020928264,0.14687979,-0.11821722,0.011541407,-0.0283498,0.11367613,0.00021215627,0.15104042,-0.10486617,-0.00086466066,-0.008833816,0.11156548,0.014760856,0.15539622,-0.113853045,-0.0017232285
13,-0.06617182,0.14447847,-0.07518395,0.0105834855,-0.09037793,0.03228357,-0.06433467,0.101950504,-0.06651714,0.046484258,-0.13673146,0.037574362,-0.05656023,0.08688454,-0.045550372,0.10525294,-0.1356076,0.025119713,-0.0435961,0.09786735,-0.019376704,0.14893524,-0.11559606,0.012321625,-0.027691778,0.116812974,0.0021108019,0.15252094,-0.10164649,-0.00081584556,-0.0077491486,0.1129106,0.016459102,0.1569863,-0.112716496,-0.0015003873
14,-0.06612837,0.14757751,-0.07563088,0.0031526973,-0.088466674,0.032059304,-0.06404897,0.10538859,-0.06648163,0.04400304,-0.13771361,0.036956303,-0.05610706,0.087828554,-0.045130555,0.10630221,-0.13538845,0.025737008,-0.043400373,0.098149225,-0.018401718,0.15022151,-0.11322716,0.0132853845,-0.027391206,0.119534574,0.0034491133,0.1534262,-0.09942029,-0.0010253269,-0.0069463495,0.11343375,0.017472833,0.15835929,-0.11251542,-0.0009967956
15,-0.06608406,0.1468134,-0.07656635,-0.0038361363,-0.08645103,0.033816945,-0.06429037,0.10678076,-0.06645019,0.041091807,-0.13856313,0.03645689,-0.055594772,0.09015963,-0.044333067,0.10677112,-0.1357137,0.025257774,-0.042672556,0.09919153,-0.017009363,0.15135425,-0.11177901,0.013476429,-0.026505608,0.12265572,0.005334514,0.15426062,-0.09800904,-0.0021872343,-0.00547764,0.11437384,0.019134957,0.16006348,-0.11327161,-0.0016639817
16,-0.06620115,0.14509262,-0.07791306,-0.013234772,-0.08481132,0.036090467,-0.06471809,0.10914004,-0.0665331,0.03797156,-0.14054635,0.035542034,-0.055126242,0.092940226,-0.043838955,0.10845624,-0.13650477,0.025770595,-0.042407043,0.09969113,-0.01604777,0.15374036,-0.10983105,0.015237777,-0.026339523,0.1255329,0.0067735706,0.15638973,-0.09581573,-0.0018890572,-0.0047795596,0.11447972,0.020136937,0.16297473,-0.113343626,-0.000377365
17,-0.06699441,0.1504024,-0.07907385,-0.02086011,-0.08116288,0.035400506,-0.06512284,0.11268143,-0.06782387,0.035606634,-0.14017448,0.03725408,-0.056017958,0.09393091,-0.044934444,0.10808148,-0.13463551,0.028636025,-0.043616816,0.100926004,-0.016632756,0.15336025,-0.10706935,0.017440833,-0.027300986,0.12773937,0.006498999,0.15670036,-0.094484,-0.0010928654,-0.0052969167,0.11362686,0.019413287,0.1639009,-0.1133039,0.0018239109
18,-0.06434633,0.1492849,-0.077829726,-0.026033951,-0.0787596,0.033723064,-0.06343007,0.113373086,-0.06612107,0.034142055,-0.1400217,0.034066465,-0.054133393,0.0954437,-0.042504895,0.10813463,-0.13348655,0.025023887,-0.041386947,0.10157441,-0.013757501,0.15436248,-0.10543949,0.015201039,-0.024982952,0.12807287,0.009807639,0.1583215,-0.093027666,-0.003667672,-0.0025749616,0.112143144,0.022943398,0.16533123,-0.11291382,-0.001969466
19,-0.06391572,0.1498557,-0.07849036,-0.029986572,-0.076996066,0.035784654,-0.0637146,0.11525812,-0.066675186,0.03377089,-0.1391802,0.03528051,-0.054635007,0.0973176,-0.042924255,0.10852856,-0.13092376,0.027175857,-0.042152144,0.1023021,-0.0141388215,0.15496996,-0.102673426,0.018077478,-0.025916854,0.12865849,0.009780178,0.15938078,-0.0913437,-0.0021795016,-0.0030226985,0.11039117,0.023086844,0.16643536,-0.11222207,-0.0015660836
20,-0.062473994,0.15316962,-0.0781143,-0.03354339,-0.073564686,0.03520463,-0.06299833,0.11704049,-0.06660363,0.03269269,-0.13711554,0.035963748,-0.054449808,0.09897861,-0.04238344,0.10749943,-0.1279603,0.027251204,-0.04178209,0.10365266,-0.013337124,0.15475915,-0.10020573,0.018567944,-0.025529547,0.12914105,0.010843713,0.16003004,-0.08988375,-0.0023565253,-0.002311973,0.108961515,0.024344148,0.16673227,-0.11146024,-0.0028632598
21,-0.061257392,0.15212776,-0.07813955,-0.037068985,-0.072202735,0.03543296,-0.06272333,0.11757529,-0.06613139,0.032414317,-0.13763501,0.0348478,-0.053930577,0.1014607,-0.041420292,0.10861093,-0.12704779,0.02585059,-0.041127037,0.10446328,-0.012407413,0.15624069,-0.098736174,0.018626777,-0.025112987,0.13024236,0.011827266,0.16163728,-0.089198,-0.003145857,-0.0017087447,0.10766765,0.024783172,0.16904196,-0.11252229,-0.0026307518
22,-0.059966482,0.15020499,-0.07796851,-0.04131909,-0.07163533,0.034901656,-0.062225126,0.11831363,-0.06566422,0.033131436,-0.14044851,0.033506066,-0.05351428,0.10149636,-0.040930025,0.11124915,-0.12702282,0.026440056,-0.041088983,0.10389643,-0.011583802,0.15780324,-0.09725094,0.019248618,-0.024811296,0.13256714,0.01303867,0.16318472,-0.08964054,-0.0049390956,-0.00070371,0.10621905,0.025132703,0.17246452,-0.11548354,-0.0018967288
23,-0.061370958,0.1500006,-0.0807865,-0.04422614,-0.06921169,0.03818422,-0.064703874,0.11826288,-0.067998484,0.031653814,-0.13935398,0.03777291,-0.055596106,0.106279716,-0.042420767,0.110220246,-0.12522992,0.028933035,-0.042584557,0.106664516,-0.01324299,0.15779123,-0.09614623,0.022694338,-0.026597574,0.13453557,0.011431793,0.16345537,-0.08990568,-0.0027518556,-0.002265544,0.10621319,0.023458054,0.1732398,-0.1164421,0.00054018036
24,-0.05257429,0.16000627,-0.073407546,-0.038764864,-0.06530985,0.039259657,-0.057734787,0.122112654,-0.063558996,0.03777413,-0.1327009,0.039327346,-0.052314695,0.100429595,-0.03897861,0.11025277,-0.11502876,0.027162764,-0.040335782,0.10374081,-0.009914612,0.15774468,-0.0898904,0.0254901,-0.024396006,0.12684052,0.014569597,0.1662341,-0.08887249,0.0005246311,0.00022132782,0.096061625,0.026934624,0.17373902,-0.1140559,0.0006955732
25,-0.046627067,0.15728252,-0.07062566,-0.034086477,-0.06267324,0.042081375,-0.055249207,0.11893006,-0.061142907,0.039627396,-0.1278328,0.04107914,-0.05035281,0.101508886,-0.035816364,0.10834141,-0.109348975,0.024655947,-0.037585806,0.10377046,-0.0070775454,0.1577348,-0.087582596,0.027159574,-0.022030234,0.12227053,0.01779971,0.16733359,-0.08858513,0.0012920897,0.0031615815,0.09214533,0.031737775,0.17240182,-0.11277566,-0.004098224
26,-0.04355494,0.15295841,-0.06909057,-0.033412207,-0.062487558,0.04237903,-0.05378368,0.11927515,-0.05891126,0.0403262,-0.12894224,0.038235705,-0.048211496,0.104716845,-0.03326052,0.1084162,-0.10831473,0.020507518,-0.035186876,0.10288853,-0.0053846263,0.15893562,-0.08818214,0.027147138,-0.02044443,0.11907491,0.019717114,0.16851802,-0.0903832,0.00012405831,0.00513222,0.08948432,0.03418457,0.17243208,-0.11470248,-0.008001602
27,-0.043403555,0.16329895,-0.06781026,-0.03765826,-0.060524754,0.0378579,-0.05223703,0.12706268,-0.05889656,0.04062977,-0.13246854,0.0370392,-0.048127007,0.10380196,-0.0343637,0.10911829,-0.107395716,0.02296316,-0.03646918,0.10059442,-0.006858425,0.15797053,-0.0875387,0.029930107,-0.02184869,0.12025994,0.018311877,0.1669799,-0.092930295,0.00021861587,0.004374752,0.08858645,0.03206628,0.17229883,-0.11937742,-0.00602989
28,-0.044311825,0.15910494,-0.06984797,-0.041935906,-0.05675619,0.041360956,-0.053915128,0.1276635,-0.0590787,0.03800271,-0.13374348,0.036084514,-0.047894582,0.110973924,-0.03341,0.10822219,-0.108340956,0.020011831,-0.03530434,0.10501026,-0.006237346,0.15764719,-0.08931754,0.028834648,-0.020916596,0.12483896,0.018153576,0.16637738,-0.09646154,-0.001478956,0.0048314193,0.09137378,0.030807607,0.17376883,-0.12562773,-0.0055180723
29,-0.043974683,0.16156045,-0.06963071,-0.04812165,-0.056055203,0.039489597,-0.053351726,0.13059402,-0.059118487,0.03749898,-0.13932228,0.035000905,-0.04770141,0.1102799,-0.03385443,0.11051235,-0.109411076,0.022486676,-0.035943694,0.10296055,-0.0063292934,0.1578933,-0.08873177,0.030947797,-0.021133222,0.13035722,0.018587328,0.16464023,-0.09747752,-0.003194746,0.005677431,0.09465922,0.030468276,0.17433308,-0.13149357,-0.0063731754
30,-0.044096626,0.15962917,-0.07050621,-0.051924367,-0.054812036,0.040433887,-0.05397319,0.13139373,-0.05909639,0.03661477,-0.1426805,0.034025323,-0.047451988,0.11385866,-0.033206843,0.11150788,-0.11042786,0.021288907,-0.03533173,0.10472768,-0.0056967363,0.15862559,-0.0891891,0.030654848,-0.020542031,0.13461152,0.018778784,0.16464685,-0.09902473,-0.004624446,0.0060874876,0.09705658,0.029530236,0.1761858,-0.13603128,-0.0055970694
31,-0.043203544,0.16057126,-0.07046405,-0.05545207,-0.051884014,0.039301354,-0.05366219,0.13153945,-0.05923991,0.036743063,-0.1452572,0.03403367,-0.047544193,0.113821164,-0.033059172,0.11244648,-0.10969186,0.0220354,-0.035400614,0.10523667,-0.0050505614,0.15824863,-0.08790229,0.030563725,-0.0200762,0.13934262,0.019079598,0.16387612,-0.10084671,-0.006602454,0.0067703757,0.0984316,0.028675975,0.17804493,-0.14107029,-0.0045773736
32,-0.043420114,0.16071135,-0.071850784,-0.05781573,-0.049552944,0.04078893,-0.054832578,0.13063681,-0.06036783,0.036027074,-0.14679092,0.0358092,-0.048503373,0.117035694,-0.033218984,0.11225835,-0.108861,0.022134425,-0.035624284,0.107807904,-0.0051256116,0.15828414,-0.08697995,0.031219782,-0.020303395,0.14276436,0.018450791,0.16352704,-0.101512305,-0.006587323,0.0063109132,0.09998761,0.027242161,0.17898335,-0.14399582,-0.0029959737
33,-0.042015035,0.1579894,-0.071860515,-0.05998385,-0.048408747,0.040031284,-0.054703254,0.13004276,-0.06024158,0.037294425,-0.15029249,0.034988195,-0.048480332,0.11758328,-0.032767586,0.114167355,-0.10846805,0.02178781,-0.0354875,0.107557036,-0.004554779,0.1596218,-0.08599817,0.031504214,-0.020081192,0.14487687,0.01889622,0.1644934,-0.102636814,-0.007857243,0.006747432,0.09935577,0.026760852,0.18157849,-0.14747342,-0.0019714364
34,-0.041542035,0.15976113,-0.07178694,-0.062974215,-0.04965732,0.0387446,-0.05453578,0.13097797,-0.060350377,0.03635731,-0.15525778,0.034271263,-0.048296697,0.12063572,-0.03236764,0.114907205,-0.110349305,0.020364301,-0.03498102,0.10721981,-0.004526023,0.16132773,-0.0871573,0.0323857,-0.020081034,0.14566225,0.019379973,0.16478296,-0.10242288,-0.008344437,0.007139471,0.100290716,0.027243478,0.18152991,-0.1486333,-0.0034635786
35,-0.040987514,0.16136135,-0.07221571,-0.0657363,-0.049278405,0.038810067,-0.05481626,0.13082163,-0.06098274,0.035173807,-0.15771285,0.035152394,-0.048657343,0.123261414,-0.032282837,0.1148125,-0.110288456,0.020165175,-0.03488995,0.107636966,-0.0044996166,0.16227761,-0.08648996,0.033625707,-0.020288097,0.1465596,0.019545136,0.16487792,-0.101691835,-0.008151944,0.007178417,0.100669354,0.027323002,0.1813131,-0.14937498,-0.0042610276
36,-0.039173484,0.16093369,-0.0721013,-0.067136675,-0.046433795,0.03782578,-0.05453676,0.12953801,-0.061133254,0.035862733,-0.15784094,0.03592888,-0.048916522,0.12345485,-0.031907506,0.11513378,-0.10722477,0.020571249,-0.034909382,0.10783299,-0.0038196682,0.16261482,-0.083031766,0.03421171,-0.020241812,0.1478742,0.019894464,0.16522636,-0.10105886,-0.008680479,0.0073708873,0.09926389,0.0269341,0.18254067,-0.15081781,-0.0037483736
37,-0.035976928,0.16027717,-0.070575155,-0.06745404,-0.04494297,0.03856409,-0.05296767,0.1283047,-0.05982148,0.036761936,-0.15845208,0.034542955,-0.04774396,0.12347672,-0.03017906,0.115975596,-0.10479499,0.01872443,-0.033590555,0.106755696,-0.0021224006,0.16403577,-0.07993001,0.033745803,-0.01927556,0.14682879,0.021384537,0.16645867,-0.09935181,-0.009524203,0.008378778,0.09668459,0.02775548,0.18347712,-0.150903,-0.004387226
38,-0.034802243,0.16605726,-0.0699021,-0.068153955,-0.044057615,0.04125479,-0.05224402,0.13025706,-0.060076445,0.03623361,-0.1591315,0.03546616,-0.047885302,0.1251512,-0.030244675,0.11538506,-0.10265531,0.019393146,-0.033818077,0.106123336,-0.00257762,0.16474518,-0.0772201,0.036274705,-0.020251418,0.14534229,0.021150807,0.16625619,-0.096498325,-0.007853936,0.0077725695,0.095756635,0.027426168,0.18157382,-0.14904806,-0.0045498936
39,-0.03283432,0.1673232,-0.06877698,-0.06894276,-0.042886034,0.04151824,-0.05106315,0.13075721,-0.05929056,0.03662947,-0.16145538,0.034363903,-0.047104675,0.1259419,-0.029260568,0.11619453,-0.101911396,0.018105246,-0.033031937,0.1054162,-0.0017612923,0.16578268,-0.075897105,0.03615794,-0.019792812,0.14569068,0.021693524,0.1667597,-0.09590954,-0.008506034,0.008140505,0.09535457,0.027147444,0.18215206,-0.15024382,-0.0042716707
40,-0.031848833,0.16707459,-0.06883194,-0.07008817,-0.04177253,0.042500358,-0.051031727,0.12981513,-0.059538793,0.03642152,-0.16372477,0.034952316,-0.047254227,0.12613948,-0.029243225,0.11678152,-0.101634875,0.019006053,-0.033122737,0.10483956,-0.001450602,0.16586427,-0.0749065,0.03687135,-0.019665021,0.14836828,0.021782283,0.16624527,-0.096377835,-0.009137854,0.00837274,0.09686805,0.026642099,0.18254875,-0.15293616,-0.0043221065
41,-0.029906908,0.1675486,-0.06811166,-0.071841516,-0.03827094,0.0412808,-0.050126843,0.12945569,-0.059120588,0.036116485,-0.16501422,0.034378394,-0.046748545,0.12677203,-0.028340802,0.11645588,-0.10024404,0.017912876,-0.032345988,0.1052277,-0.00017156142,0.16543381,-0.07329769,0.035612136,-0.018643675,0.15059765,0.022231646,0.16605149,-0.09780103,-0.010786023,0.009045036,0.09725359,0.026052827,0.18370874,-0.15618387,-0.0037979502
42,-0.03011407,0.16872442,-0.069225244,-0.07258767,-0.03664412,0.041737802,-0.05113384,0.12967508,-0.06037789,0.034504518,-0.16571133,0.036458604,-0.047698174,0.12952413,-0.029124547,0.11533001,-0.09950242,0.019586964,-0.03306181,0.10631326,-0.0008851737,0.16498263,-0.07193764,0.03773219,-0.019514913,0.15197273,0.021173488,0.16538487,-0.097282745,-0.009268433,0.008042273,0.09873262,0.024721723,0.18249054,-0.1565844,-0.003038553
43,-0.028268086,0.16313577,-0.06916813,-0.071338005,-0.036930017,0.03910015,-0.05112768,0.12784989,-0.059712064,0.034631483,-0.16751991,0.03565518,-0.047007307,0.13168833,-0.027941087,0.11599591,-0.099363185,0.018163351,-0.03198802,0.1059603,6.3790256e-05,0.16660067,-0.07112329,0.03800009,-0.018895693,0.15096141,0.021987233,0.16708268,-0.0966875,-0.00939224,0.008492657,0.09789308,0.02507805,0.18316427,-0.15673989,-0.0037757026
44,-0.027720887,0.16021907,-0.069824666,-0.07114256,-0.037074056,0.038820878,-0.0517849,0.12636174,-0.0600753,0.033753373,-0.16973546,0.036379755,-0.047157403,0.13390318,-0.027766237,0.116101265,-0.10023518,0.018163294,-0.031729303,0.10597313,0.00021727316,0.16734694,-0.071449846,0.0387313,-0.018768566,0.1517462,0.022024617,0.16766344,-0.09712407,-0.009386215,0.008502038,0.09894318,0.024679588,0.18342665,-0.15815796,-0.003822587
45,-0.027336167,0.1575539,-0.070909806,-0.0722837,-0.035231516,0.040145364,-0.052748047,0.12476256,-0.060882725,0.032208595,-0.17039096,0.037907545,-0.047670163,0.13546988,-0.027956683,0.1155593,-0.10021555,0.019142207,-0.031850465,0.106563546,0.000571341,0.16718805,-0.070750475,0.039034706,-0.018523313,0.15404776,0.021807514,0.16784488,-0.098196276,-0.009642632,0.008415636,0.100481145,0.023658212,0.18429145,-0.16077486,-0.0028356663
46,-0.025138536,0.16033466,-0.06914907,-0.073945135,-0.03360194,0.03669422,-0.05090235,0.12633711,-0.0597659,0.031198941,-0.17313072,0.036209393,-0.046305034,0.13535431,-0.026893422,0.11540768,-0.10065743,0.017743623,-0.0307258,0.1048078,0.0016906573,0.16727857,-0.07050942,0.03810658,-0.017482417,0.15415415,0.022896418,0.16764607,-0.0986488,-0.011373244,0.009574693,0.100627,0.024043087,0.18401237,-0.16270076,-0.0038986881
47,-0.026349459,0.15728767,-0.07185294,-0.07461531,-0.0327336,0.039099153,-0.053512506,0.1253521,-0.06168343,0.029034236,-0.17270343,0.038786765,-0.04783886,0.14107324,-0.027840557,0.11450885,-0.10028908,0.01898454,-0.031592537,0.10754213,0.0005823825,0.16832624,-0.06928186,0.040643223,-0.018874835,0.15448809,0.021116238,0.16865158,-0.09747188,-0.008700023,0.0075095887,0.10129216,0.021458948,0.18421444,-0.16240507,-0.000937195
48,-0.023064135,0.15656613,-0.069610365,-0.073977664,-0.03108821,0.035062708,-0.051254142,0.12605192,-0.05949946,0.029173907,-0.17316917,0.035299297,-0.045656383,0.14101116,-0.02588621,0.1148391,-0.09829331,0.017172653,-0.029901447,0.10472128,0.0022216695,0.16948701,-0.06630108,0.04049818,-0.01786789,0.1516804,0.023100324,0.16969498,-0.09584086,-0.010205898,0.009067275,0.09808813,0.022836506,0.18414098,-0.16216545,-0.0032111271
49,-0.023097245,0.15163164,-0.07198284,-0.07075408,-0.027301686,0.039183427,-0.05352586,0.12416055,-0.061331145,0.029229542,-0.16925727,0.038827397,-0.047570653,0.14389431,-0.027046796,0.11372269,-0.09375682,0.020351429,-0.03139546,0.105564974,0.0010524635,0.1697894,-0.06125364,0.044481587,-0.019858176,0.15065093,0.021656275,0.1708274,-0.09484215,-0.007886284,0.007337853,0.09596863,0.020624267,0.18469498,-0.16129953,-0.0005557311
50,-0.019487645,0.15207842,-0.07039381,-0.06723452,-0.021498768,0.03599016,-0.051820714,0.12341097,-0.060089476,0.026376724,-0.1648992,0.033876065,-0.045912825,0.14559916,-0.024442455,0.108870864,-0.08930916,0.018823227,-0.028711062,0.10450156,0.0036257578,0.16807498,-0.057078242,0.044606194,-0.017877258,0.1444969,0.02500282,0.17135227,-0.09490258,-0.009559995,0.010548723,0.091578715,0.024784615,0.18193382,-0.15907015,-0.006504381
51,-0.01670257,0.14651269,-0.07034013,-0.059738882,-0.02182659,0.035130866,-0.05190912,0.118669055,-0.059883535,0.02617789,-0.16402228,0.031549845,-0.045655455,0.14632648,-0.02273087,0.107447825,-0.08547463,0.020165421,-0.027210183,0.102075845,0.005602408,0.16908036,-0.05169235,0.047570713,-0.0168921,0.13978581,0.028431853,0.17326114,-0.0936103,-0.010094844,0.013457143,0.08888592,0.02891428,0.18033761,-0.1580954,-0.0126315495
52,-0.01690365,0.14745377,-0.072222464,-0.051840965,-0.020293545,0.037237335,-0.05386622,0.11673534,-0.061776243,0.02472728,-0.16131024,0.034940176,-0.047365528,0.15164682,-0.02106017,0.10302434,-0.07929392,0.02027462,-0.025682624,0.10715408,0.007525233,0.1688733,-0.04488276,0.049254138,-0.016118184,0.13479081,0.028887818,0.1758212,-0.093850926,-0.007203187,0.013579926,0.08673358,0.0280693,0.18005024,-0.1588806,-0.008589317
53,-0.016331598,0.14885938,-0.07308988,-0.0464646,-0.019830309,0.036371864,-0.05479806,0.115329124,-0.06308015,0.023942893,-0.1611957,0.036586676,-0.048549905,0.15268277,-0.020218004,0.10120204,-0.07623518,0.022759058,-0.024949048,0.10881352,0.009580387,0.16911677,-0.04068834,0.05054334,-0.014806767,0.13579871,0.029898565,0.17780769,-0.09570441,-0.006208249,0.014553873,0.08960478,0.027689401,0.18144612,-0.16354094,-0.0057622506
54,-0.014958651,0.14967713,-0.07239745,-0.04143525,-0.021684805,0.035639875,-0.054229163,0.11520963,-0.06252706,0.023587886,-0.16465104,0.037027683,-0.047864486,0.15367381,-0.018202243,0.101036936,-0.07817752,0.021913584,-0.022732046,0.10834345,0.012014722,0.17103894,-0.041958954,0.049656298,-0.0123352995,0.13576418,0.03221915,0.18115757,-0.09812459,-0.007381883,0.016691444,0.09280388,0.028657893,0.18414846,-0.16785471,-0.0043335566
55,-0.013344483,0.15165152,-0.07140085,-0.039936434,-0.024042746,0.035205793,-0.05331431,0.115380086,-0.06187987,0.021528233,-0.17067654,0.037600607,-0.046752464,0.15423945,-0.016214684,0.100756735,-0.08267362,0.020691397,-0.020286791,0.106600694,0.01437118,0.17235565,-0.045313504,0.0485562,-0.00956313,0.13618842,0.03512796,0.18271674,-0.099142216,-0.009015832,0.019464968,0.09818911,0.030958163,0.18411136,-0.1715225,-0.006432761
56,-0.013808777,0.15633126,-0.07136315,-0.041771855,-0.026170557,0.035186626,-0.053279094,0.11943646,-0.062062,0.018218406,-0.17642143,0.0382441,-0.046272468,0.15652378,-0.016140869,0.10066911,-0.08762049,0.02164039,-0.01972619,0.105641104,0.014395181,0.17323571,-0.04881833,0.049786925,-0.009006379,0.13792583,0.035444442,0.18292056,-0.099445626,-0.008370586,0.01979063,0.10483595,0.030362131,0.18325421,-0.17500086,-0.005491644
57,-0.012152963,0.15630816,-0.07028336,-0.04376335,-0.024085479,0.034458034,-0.052129965,0.12048034,-0.060781635,0.016337093,-0.17840375,0.037099037,-0.044613816,0.15612105,-0.014371485,0.10069522,-0.089321285,0.020227695,-0.017799862,0.1046422,0.01700199,0.173444,-0.049568817,0.047047835,-0.0063513042,0.14117177,0.037146714,0.18316339,-0.10132985,-0.010898051,0.021697603,0.109358534,0.030336218,0.18519,-0.1810711,-0.004936007
58,-0.012077505,0.15466674,-0.07094381,-0.04742651,-0.023422178,0.036199402,-0.05269968,0.1207684,-0.061012007,0.013821763,-0.18105821,0.037625443,-0.044366635,0.15668218,-0.014502549,0.10174183,-0.091067515,0.022195034,-0.01788322,0.10421325,0.017538384,0.17421974,-0.049383394,0.04792733,-0.005912674,0.14500573,0.036867425,0.18294558,-0.100756094,-0.010065477,0.021373233,0.11478354,0.028444888,0.18599036,-0.18578625,-0.0023646622
59,-0.010985476,0.15575805,-0.070394315,-0.051415913,-0.021877592,0.035568748,-0.05204876,0.12195534,-0.060515303,0.011098401,-0.18414691,0.037081324,-0.04333395,0.15744105,-0.013399805,0.10103341,-0.09230424,0.021212673,-0.016580604,0.10394211,0.01911373,0.17380804,-0.04958098,0.046647202,-0.0043142075,0.14704096,0.03776791,0.18181744,-0.10067189,-0.011014536,0.02241319,0.118584014,0.028308218,0.18517461,-0.18962318,-0.0031672777
60,-0.010014092,0.1545461,-0.0701923,-0.054896876,-0.019883608,0.03552616,-0.051736493,0.12244358,-0.06015447,0.009170094,-0.18628614,0.036549486,-0.042592622,0.15746132,-0.012907782,0.101091124,-0.093034506,0.021467395,-0.016025633,0.10293813,0.020081323,0.17386885,-0.04915442,0.046439987,-0.003445852,0.14917602,0.038312975,0.1812469,-0.10068371,-0.011889758,0.023031568,0.1211381,0.0276832,0.18573649,-0.1936238,-0.002921694
61,-0.009571757,0.15175077,-0.07057661,-0.058946677,-0.017547706,0.035892647,-0.051990665,0.123783045,-0.059962936,0.0077505405,-0.18777694,0.035592668,-0.042121556,0.15959498,-0.012650166,0.10125898,-0.09282325,0.021135215,-0.015802866,0.102841206,0.020297222,0.17475833,-0.047799353,0.046941202,-0.0035149604,0.14969985,0.038023595,0.18168996,-0.0994797,-0.011685838,0.022504304,0.121724986,0.025818853,0.18694928,-0.19584109,-0.0005194899
62,-0.009301879,0.15079488,-0.07137498,-0.06212,-0.01420184,0.036943577,-0.052640162,0.1249658,-0.060797617,0.0060775327,-0.18812388,0.03674343,-0.04265117,0.16054322,-0.013406155,0.10059282,-0.09184299,0.023167033,-0.016568672,0.10259419,0.020044543,0.17461096,-0.045708895,0.0485441,-0.004097539,0.15149121,0.03749775,0.181322,-0.09877974,-0.01140406,0.021934932,0.12295938,0.024295071,0.18759796,-0.19819415,0.0006091893
63,-0.0075320057,0.15126023,-0.07006463,-0.06299928,-0.014236409,0.035213895,-0.05133327,0.12682219,-0.059583083,0.0052048867,-0.19172452,0.035646584,-0.04123716,0.16270274,-0.011741022,0.10080443,-0.09306147,0.0205139,-0.014813216,0.10149316,0.021143366,0.17657018,-0.0460466,0.0478327,-0.0030899001,0.14937404,0.038872864,0.18264882,-0.09655961,-0.012346999,0.022767873,0.12225392,0.024721198,0.18767056,-0.19830352,-0.00036856224
64,-0.0069362945,0.14955288,-0.0710328,-0.06205056,-0.011949025,0.03721152,-0.052230023,0.1247262,-0.06096345,0.0048828153,-0.19175199,0.039026912,-0.042577174,0.1621935,-0.012324591,0.100069225,-0.09020334,0.023069,-0.015576048,0.101090156,0.021237804,0.17610103,-0.04234573,0.049720477,-0.0035874504,0.15142658,0.038683444,0.18173937,-0.09574992,-0.012188752,0.022588078,0.123284265,0.023946801,0.187567,-0.20065908,-0.0009372054
65,-0.0040194527,0.14784326,-0.06889239,-0.060916614,-0.010624986,0.034928866,-0.050084528,0.12683167,-0.05873916,0.0058313375,-0.19399555,0.036447886,-0.04048179,0.1630338,-0.0103084035,0.100815326,-0.089411676,0.020220462,-0.013716608,0.09865135,0.02254137,0.17811199,-0.040755436,0.049261022,-0.0026924459,0.14813365,0.040394478,0.18334725,-0.09466923,-0.014078495,0.023880905,0.12016625,0.024328757,0.18885857,-0.20202927,-0.001530698
66,-0.005056868,0.15067467,-0.0699636,-0.060817935,-0.01223488,0.036407962,-0.051190212,0.12941195,-0.060152445,0.0025873797,-0.19688784,0.038914856,-0.041284267,0.16818833,-0.01078375,0.09912896,-0.09036069,0.021147417,-0.013908432,0.09997506,0.021406226,0.17847934,-0.040129893,0.052551806,-0.0039275466,0.14557576,0.03957131,0.18288738,-0.090918176,-0.010989096,0.022591222,0.12185314,0.02362408,0.18430653,-0.19916774,-0.0034980073
67,-0.0013100617,0.1485963,-0.06789056,-0.057376344,-0.008918851,0.035069,-0.04907567,0.12717198,-0.058059834,0.0042493246,-0.19554818,0.038165364,-0.03947265,0.16629276,-0.007662487,0.09963778,-0.08549487,0.01790811,-0.011293357,0.09843657,0.0248007,0.17980735,-0.03432719,0.050062772,-0.0016575791,0.14512762,0.04189453,0.18349499,-0.08942766,-0.0137427095,0.024582213,0.11979647,0.02360995,0.18692975,-0.20256647,-0.0024264236
68,0.0010007342,0.14475213,-0.067237034,-0.05421818,-0.004784697,0.035147138,-0.048342153,0.12791458,-0.05710189,0.0057918923,-0.1936563,0.037996963,-0.038784094,0.16502851,-0.007257499,0.10016999,-0.08001746,0.0197513,-0.011445234,0.096574344,0.025132485,0.18056355,-0.02768422,0.05303154,-0.0024914115,0.14430025,0.04184515,0.18371554,-0.088981576,-0.013439594,0.02443879,0.11756795,0.021777263,0.18856756,-0.20623873,-1.7586572e-05
69,0.00015821311,0.14317058,-0.06833278,-0.05326576,-0.0053360793,0.037085287,-0.0494427,0.12978238,-0.057588954,0.0015512552,-0.19561364,0.039093837,-0.038468078,0.17173687,-0.0063155713,0.09795866,-0.08267812,0.017847354,-0.010037146,0.098597735,0.025209334,0.18156557,-0.029363979,0.053588286,-0.0021652055,0.14041397,0.042117275,0.18506774,-0.08826932,-0.012947862,0.024425225,0.11848467,0.021346997,0.18682344,-0.20547408,-0.0015907616
70,0.0012966219,0.14487566,-0.067237735,-0.054367118,-0.0037485496,0.03578607,-0.048317067,0.13402934,-0.05699586,-0.0004961129,-0.19870737,0.038820975,-0.037466265,0.17043929,-0.006580605,0.097521,-0.08328877,0.02040461,-0.010193381,0.09552621,0.025264444,0.18150982,-0.028647244,0.055589627,-0.0022190285,0.14156915,0.04271749,0.18451461,-0.08873856,-0.013576622,0.025146332,0.12117661,0.021018485,0.1868591,-0.21004839,-0.0021711516
71,0.002472951,0.14118342,-0.06745056,-0.054318976,-0.0016992632,0.036992338,-0.048474636,0.13185057,-0.05689602,-0.002610477,-0.1995264,0.039627686,-0.0369498,0.17164691,-0.0049223443,0.09658196,-0.083969265,0.01835984,-0.008371991,0.09603634,0.02745152,0.18201213,-0.028726526,0.053114273,-8.709691e-05,0.14229266,0.043960866,0.18550505,-0.09016029,-0.01561401,0.026431927,0.123412065,0.020726714,0.1888686,-0.21420093,-0.002139366
72,0.0020874075,0.14429373,-0.06768218,-0.05604973,0.00068944704,0.03695457,-0.048642043,0.13600886,-0.057508588,-0.005993215,-0.20121627,0.04068487,-0.036914065,0.172997,-0.0055140834,0.09469339,-0.08480483,0.02045822,-0.008680118,0.09639344,0.0272408,0.18063225,-0.028711103,0.054503787,-0.0002320107,0.14387767,0.043250587,0.18422553,-0.09110969,-0.01488421,0.026035836,0.12749672,0.019155286,0.18764271,-0.21779837,-0.0014003897
73,0.0031820084,0.14326538,-0.06703443,-0.058065288,-0.001468385,0.036583733,-0.048057128,0.13753128,-0.056710128,-0.0080310665,-0.20626885,0.039887752,-0.035715245,0.17434733,-0.004734405,0.09620775,-0.08826688,0.020203754,-0.007756891,0.09545491,0.028000835,0.18322286,-0.030120451,0.054479834,0.00064607285,0.14349715,0.04417756,0.18626584,-0.088513985,-0.014732511,0.026305756,0.12992464,0.018788734,0.18839276,-0.2192653,-0.0011987187
74,0.00507858,0.14291061,-0.06619528,-0.05807547,0.0018134126,0.036035612,-0.047139652,0.13634665,-0.056321833,-0.00872687,-0.20523144,0.04059613,-0.035170317,0.17132644,-0.0038595349,0.09561614,-0.08505749,0.020883562,-0.0071014357,0.09423809,0.03012716,0.18252505,-0.025843332,0.053329438,0.002013745,0.1469223,0.045213804,0.18534124,-0.08801735,-0.016344137,0.027366431,0.132113,0.018425195,0.18982625,-0.2232675,-0.0009781022
75,0.0045799706,0.14115773,-0.06738066,-0.059124198,-0.00020524986,0.038021617,-0.04836549,0.1362176,-0.057094503,-0.010878219,-0.20821705,0.04199197,-0.03554555,0.17531696,-0.0039861924,0.096401304,-0.08634259,0.021488316,-0.0071941437,0.09578294,0.029722009,0.18453065,-0.025164971,0.054975495,0.0014304904,0.14654155,0.044375062,0.18629208,-0.084221065,-0.013952744,0.02586656,0.13438217,0.01636223,0.18917514,-0.22318424,0.00036462996
76,0.007291705,0.1422188,-0.06540577,-0.05966514,0.0018794383,0.03568168,-0.046355493,0.13881248,-0.055503633,-0.011235654,-0.21012457,0.04073346,-0.0338544,0.17520632,-0.002508326,0.096259475,-0.0837511,0.020813266,-0.0059304484,0.09437251,0.031194804,0.18479715,-0.021430677,0.0553206,0.0022094385,0.14610237,0.045716055,0.18555714,-0.08275329,-0.015083458,0.027060932,0.1340641,0.016655639,0.18873473,-0.22597536,-0.0018318158
77,0.008169834,0.13996534,-0.06565261,-0.058508944,0.0038375105,0.036504332,-0.04654621,0.13857092,-0.05541488,-0.01178434,-0.2101124,0.04134917,-0.033649914,0.17751719,-0.0014888359,0.095663585,-0.08203754,0.019482752,-0.00499819,0.09530855,0.0321275,0.18552412,-0.018857319,0.055116765,0.0026491329,0.14533158,0.04589118,0.1861628,-0.082480066,-0.015568504,0.027120413,0.13379847,0.015315908,0.1898188,-0.22808409,-0.0007373472
78,0.009017433,0.13898273,-0.06532582,-0.05873713,0.0040557347,0.036261328,-0.046218067,0.14005437,-0.055175588,-0.013054484,-0.21335448,0.041594025,-0.03316875,0.17803647,-0.001239815,0.09590844,-0.08346116,0.020054609,-0.004645195,0.09450129,0.03254049,0.18636851,-0.019201513,0.05551688,0.0030905318,0.14595832,0.046341073,0.1868171,-0.08214695,-0.016072625,0.027436227,0.13576084,0.014847047,0.19040762,-0.23109686,-0.0013404298
79,0.008540138,0.13766326,-0.06669338,-0.059101216,0.00600987,0.03841609,-0.047519352,0.13991053,-0.056386717,-0.015326833,-0.2127614,0.04360899,-0.033931453,0.17976819,-0.0017833983,0.09473277,-0.08299248,0.021539344,-0.005102554,0.09579258,0.032605276,0.18624449,-0.017468695,0.0562996,0.002854073,0.1473186,0.04547384,0.18716629,-0.08231769,-0.015430274,0.026564416,0.13818756,0.01270092,0.19119717,-0.23357818,0.0004917026
80,0.01247118,0.13309604,-0.06379137,-0.05650837,0.009168079,0.03597897,-0.0445507,0.14267363,-0.05302991,-0.013698046,-0.21302833,0.03935633,-0.030816972,0.17813121,0.0002810713,0.09585897,-0.07902023,0.019868238,-0.0034994537,0.09142452,0.033924278,0.18835801,-0.011894435,0.05741335,0.003122552,0.14331372,0.047926873,0.18830444,-0.080030516,-0.01792193,0.02851524,0.13307238,0.013615327,0.19247766,-0.23472035,-0.0015433771
81,0.011814498,0.13276544,-0.06463679,-0.050961748,0.012047946,0.037504178,-0.045275383,0.14594844,-0.05364999,-0.016989086,-0.20875107,0.040966302,-0.030731037,0.18395951,0.0013334138,0.09197392,-0.073103994,0.018848568,-0.002575829,0.09323247,0.034035355,0.1881866,-0.0038922648,0.060767863,0.0018331278,0.1372048,0.04843776,0.18820994,-0.077755466,-0.017145231,0.028700113,0.12869239,0.013572607,0.1886473,-0.2300244,-0.0046261945
82,0.012411577,0.13206097,-0.06442055,-0.048056822,0.012621034,0.03837187,-0.045025274,0.14787874,-0.053434998,-0.020243254,-0.20885512,0.041730992,-0.029849386,0.18543491,0.0021472257,0.09112632,-0.07195148,0.019455226,-0.0017700812,0.09253357,0.03492874,0.189847,-6.5220665e-05,0.062434502,0.002018058,0.13505928,0.049647648,0.19024362,-0.075783126,-0.017041393,0.029371899,0.12836602,0.013554276,0.18877307,-0.22992748,-0.0049864305
83,0.014788505,0.13233438,-0.06261827,-0.04601731,0.013043281,0.037155066,-0.043215886,0.14885065,-0.05229936,-0.023047486,-0.21165352,0.041864503,-0.028149996,0.18333793,0.0038863393,0.09133448,-0.07337183,0.018914755,8.00055e-05,0.090090394,0.037548162,0.19181727,0.00084789266,0.060678188,0.0044101966,0.13549589,0.052242514,0.19259629,-0.07493004,-0.019182786,0.031541172,0.1303104,0.014663347,0.19128582,-0.23289523,-0.0056514423
84,0.014326487,0.13098085,-0.063765936,-0.04548856,0.013883766,0.03963741,-0.044330057,0.14948982,-0.053211458,-0.026764479,-0.21249224,0.043962974,-0.02834252,0.18601198,0.0042334087,0.0902461,-0.0732289,0.019918235,0.0005228608,0.091970965,0.038489174,0.19254686,0.0032164427,0.061516877,0.004898311,0.13568315,0.05206233,0.19393933,-0.07471395,-0.017814903,0.03117963,0.13348632,0.012940909,0.19188486,-0.23515828,-0.0035142258
85,0.016119152,0.13087632,-0.062445935,-0.04657664,0.015323687,0.038870353,-0.043005608,0.15286995,-0.05195595,-0.029260969,-0.21497315,0.04293092,-0.02658269,0.18541475,0.005223262,0.09059416,-0.07333291,0.020707611,0.0014962032,0.09067888,0.040094823,0.19407392,0.0055806595,0.06189356,0.0060464595,0.13586932,0.053467277,0.19562894,-0.07353628,-0.018071512,0.032205038,0.13538909,0.012811024,0.19345304,-0.23816554,-0.0026520726
86,0.01739955,0.13051432,-0.061523333,-0.04838108,0.015580323,0.038415324,-0.042107027,0.15551744,-0.050936814,-0.03263404,-0.21851556,0.04208861,-0.024913419,0.18697546,0.0066040945,0.09062822,-0.0750701,0.020005807,0.0030240573,0.09069821,0.041731514,0.19556913,0.006115883,0.061318196,0.0075611924,0.13496885,0.054819673,0.19732985,-0.071811475,-0.018116267,0.0331025,0.13764316,0.0128752105,0.1936761,-0.2397842,-0.003052442
87,0.018716458,0.13003542,-0.060971778,-0.04916997,0.017020755,0.0383752,-0.041538782,0.15639968,-0.050662797,-0.03537603,-0.22106661,0.042482786,-0.024118487,0.18640086,0.007372683,0.09024088,-0.075432934,0.02056068,0.0038649228,0.0903404,0.043401696,0.19589421,0.0075595267,0.060695045,0.008927621,0.13643244,0.055619963,0.19785883,-0.07129928,-0.01831995,0.033755984,0.14121054,0.01243195,0.19429928,-0.24336053,-0.0034062245
88,0.019275451,0.13014539,-0.061233487,-0.051158067,0.017529577,0.039216008,-0.041809373,0.15708308,-0.051050313,-0.03792513,-0.22355291,0.043636154,-0.02404258,0.18741785,0.0075617004,0.09022235,-0.07532853,0.021833925,0.0040482404,0.09138042,0.044364993,0.19640075,0.009779423,0.06114705,0.009461405,0.13810904,0.05531268,0.1982096,-0.06937202,-0.016775016,0.033122484,0.14536425,0.0107321935,0.19434494,-0.24580339,-0.0024193102
89,0.021310784,0.12832782,-0.060263805,-0.05262361,0.019227799,0.038548082,-0.0408286,0.1572449,-0.049972102,-0.039589643,-0.22661886,0.04268696,-0.02265926,0.18728308,0.00905875,0.090685874,-0.07573056,0.020409105,0.005540773,0.09071605,0.046221036,0.19762088,0.01096918,0.059558332,0.01107418,0.13840285,0.05637739,0.19914056,-0.06823698,-0.017770344,0.033908155,0.14711441,0.009970517,0.19612508,-0.2490966,-0.0015842309
90,0.021501577,0.12753071,-0.06100043,-0.053142965,0.021223899,0.039783508,-0.041517254,0.15789874,-0.05076549,-0.041874018,-0.22864,0.04415095,-0.023040272,0.1884248,0.008854868,0.08976652,-0.07562158,0.021802459,0.005420067,0.091525055,0.04650369,0.19710974,0.0122634815,0.060523987,0.011101768,0.13953851,0.0557746,0.19876935,-0.06825053,-0.01681505,0.03334723,0.15010424,0.008517734,0.19577165,-0.25202888,-0.0018531671
91,0.023221806,0.12527257,-0.06030068,-0.053700108,0.024637634,0.039351434,-0.040750545,0.15954854,-0.049732346,-0.04244981,-0.23060285,0.04323276,-0.021907317,0.18892503,0.010063624,0.08958269,-0.074380614,0.020565191,0.006551735,0.09084721,0.047634456,0.19787505,0.014378755,0.06021008,0.011837844,0.13924514,0.05648075,0.19919656,-0.06848391,-0.018175852,0.03403414,0.1494425,0.007685693,0.19830061,-0.25566733,-0.00063234783
92,0.02305773,0.12484703,-0.06082469,-0.054582313,0.023875441,0.040269587,-0.041301034,0.16205917,-0.050226603,-0.045577258,-0.23461875,0.04414088,-0.021848604,0.19189,0.009727482,0.08939172,-0.07704851,0.021902926,0.0064626094,0.091649055,0.04722596,0.19870825,0.013267899,0.061697718,0.011668551,0.13853917,0.05621441,0.20031133,-0.06772756,-0.017010719,0.03354179,0.15151297,0.0071061063,0.19759558,-0.25716227,-0.0024580848
93,0.024967555,0.12610051,-0.05959435,-0.055468965,0.02596007,0.038971808,-0.040046934,0.1630906,-0.04944526,-0.047291186,-0.23537822,0.044043172,-0.020684443,0.19225238,0.011429718,0.08855345,-0.074953414,0.020117229,0.008078549,0.09197839,0.04934314,0.19893654,0.016853135,0.06015889,0.0130684795,0.13885532,0.05718385,0.20020798,-0.06611219,-0.017967325,0.034264155,0.15194397,0.006595176,0.1982019,-0.2583156,-0.0025184532
94,0.026666807,0.12304292,-0.05962342,-0.05648014,0.026091762,0.04014418,-0.040088467,0.16078338,-0.049409837,-0.04751937,-0.23670794,0.044691253,-0.020640828,0.19129747,0.011517411,0.089630894,-0.07273518,0.02159748,0.007876818,0.09167222,0.050211728,0.20021246,0.020987976,0.06092332,0.013163987,0.1405177,0.05725091,0.20125183,-0.064258665,-0.017724162,0.033945955,0.15247694,0.005396638,0.20037171,-0.26086274,-0.0022873185
95,0.028465668,0.1231878,-0.058553673,-0.057096183,0.027806407,0.039247137,-0.038997065,0.16280513,-0.048345555,-0.050410368,-0.23846452,0.043565895,-0.018949827,0.1932975,0.013070165,0.08913586,-0.073443525,0.019826442,0.009539365,0.0917885,0.051688075,0.20118856,0.022274861,0.060003713,0.014391299,0.13833977,0.058460694,0.20248972,-0.063129544,-0.018679831,0.034854148,0.15220062,0.0053344085,0.20032373,-0.26172072,-0.003948044
96,0.02983625,0.124065354,-0.05874414,-0.05608686,0.03495088,0.040467933,-0.03898626,0.16274549,-0.04918183,-0.05189237,-0.23323849,0.04569724,-0.019291393,0.19217919,0.013270143,0.08554548,-0.065059535,0.021759586,0.009362095,0.09274084,0.05295054,0.19829144,0.03150723,0.06225359,0.013752283,0.14017941,0.057572607,0.19995409,-0.065155864,-0.018144345,0.034502532,0.15128808,0.0037617749,0.20048529,-0.264796,-0.003720004
97,0.03005891,0.1150572,-0.06001929,-0.053315055,0.03516775,0.04328731,-0.040177923,0.16246882,-0.048490513,-0.05349337,-0.23244901,0.0440423,-0.018182235,0.19719821,0.013856627,0.08641963,-0.06662213,0.020336663,0.010044261,0.09331143,0.05235732,0.20123401,0.032196537,0.06350743,0.013220092,0.13563201,0.057840765,0.20349982,-0.06609234,-0.019241182,0.03454439,0.14659685,0.0030985777,0.20339608,-0.2645115,-0.0041166404
98,0.032844998,0.119697124,-0.05688429,-0.052176043,0.037431266,0.039296515,-0.036991224,0.17083766,-0.04694258,-0.0567951,-0.23350936,0.043275733,-0.015882568,0.19582306,0.013655644,0.085990556,-0.064980626,0.024520809,0.009765701,0.091410205,0.052434467,0.2012146,0.035657525,0.06724351,0.012653391,0.13524692,0.058526814,0.20358141,-0.06417199,-0.017892955,0.034872998,0.14613293,0.004073886,0.20219116,-0.26517844,-0.0070041227
99,0.035476945,0.11618195,-0.05638833,-0.04615369,0.034742158,0.041119363,-0.036398884,0.16415818,-0.046019647,-0.059845887,-0.23101394,0.044162493,-0.01415347,0.20121337,0.01780157,0.08742232,-0.06450074,0.018604366,0.013773602,0.09479829,0.0560372,0.20537898,0.038730733,0.063309185,0.015809057,0.12924725,0.060674578,0.20805693,-0.06264145,-0.019091029,0.036319293,0.14148694,0.0039775344,0.20493895,-0.2625257,-0.005505162
100,0.037709516,0.11285684,-0.054920882,-0.044824358,0.036883406,0.040968694,-0.03486442,0.16856581,-0.044836707,-0.06201473,-0.23257571,0.04354025,-0.012520724,0.19715747,0.017403878,0.08791503,-0.059675295,0.023981974,0.012959661,0.091562726,0.056632217,0.20670502,0.046270408,0.06818674,0.015030421,0.13068524,0.062191647,0.20896447,-0.060465235,-0.018352337,0.037364356,0.1389364,0.0052510975,0.20735006,-0.26596588,-0.0061603375
101,0.036929585,0.108622074,-0.056259938,-0.042995207,0.037075914,0.043085083,-0.03613754,0.17007416,-0.04485841,-0.06588017,-0.23219353,0.043785192,-0.0116834175,0.20340309,0.019659182,0.0871849,-0.059185103,0.02069363,0.015252153,0.095776364,0.058405623,0.20800239,0.049547832,0.06731367,0.01624306,0.12715349,0.062818326,0.21081856,-0.061061483,-0.01832992,0.037872806,0.13723475,0.00425533,0.20784095,-0.2637078,-0.004728408
102,0.03798871,0.10870757,-0.055496223,-0.043061975,0.036881875,0.042765062,-0.035385814,0.17313723,-0.04495806,-0.06987937,-0.23495202,0.045117598,-0.011050865,0.20243934,0.019558728,0.08662393,-0.058341816,0.024113284,0.01513715,0.096093625,0.059793223,0.20760535,0.052698374,0.06843417,0.016961958,0.12895328,0.06334473,0.21137224,-0.06047769,-0.01703154,0.03822669,0.14077836,0.004450215,0.20645978,-0.26568425,-0.007953681
103,0.04096993,0.10788219,-0.053941447,-0.042674426,0.035859767,0.042518526,-0.033851836,0.17300004,-0.04360832,-0.07031801,-0.23662399,0.045246895,-0.009637546,0.20236841,0.021335362,0.08814853,-0.056562304,0.023766393,0.016659413,0.09700778,0.06257613,0.20976055,0.056714345,0.06691084,0.019055568,0.12817618,0.06453978,0.21382983,-0.05951236,-0.016747274,0.039024733,0.14105155,0.0037818882,0.20908646,-0.26677155,-0.006345829
104,0.043000642,0.10936338,-0.052563027,-0.04362122,0.037588373,0.04184808,-0.03247218,0.1766899,-0.042388424,-0.07322663,-0.23927149,0.04491392,-0.00786609,0.20425159,0.022701144,0.08808421,-0.057169978,0.023747263,0.018086964,0.098205395,0.06417601,0.21048285,0.057874408,0.066692114,0.020453604,0.12577328,0.06502367,0.21543421,-0.05914362,-0.015471483,0.039289944,0.14235568,0.0029349918,0.20871861,-0.2678214,-0.006181396
105,0.045079637,0.1075909,-0.051823735,-0.04346551,0.03762571,0.042537812,-0.03173077,0.17587718,-0.04182711,-0.07445857,-0.24188961,0.045445204,-0.0071491334,0.20336223,0.023279907,0.08901222,-0.057682015,0.024533574,0.018647147,0.09797497,0.06554859,0.21178259,0.05881684,0.06582606,0.021724312,0.12590216,0.0654722,0.21738487,-0.059131093,-0.015441555,0.039548982,0.1437253,0.0022714597,0.21043995,-0.26979825,-0.006646281
106,0.0466271,0.10799431,-0.05138718,-0.045500044,0.04001337,0.043330032,-0.031303957,0.1762569,-0.041526623,-0.0763546,-0.2424484,0.04559938,-0.0064399303,0.20337886,0.023988767,0.08824541,-0.057522945,0.024467347,0.019405808,0.09851976,0.06711618,0.21193719,0.060499858,0.0648249,0.022939257,0.12620924,0.06566275,0.21835175,-0.060741607,-0.015773071,0.039904617,0.145004,0.001307744,0.21266319,-0.27236268,-0.005792426
107,0.04788133,0.10855548,-0.05077312,-0.047977094,0.042767037,0.043328024,-0.030708438,0.17875078,-0.041053496,-0.07915648,-0.24450353,0.045288984,-0.005429786,0.20358671,0.024686329,0.08698493,-0.058453728,0.024287567,0.020277997,0.09892444,0.06854468,0.21145481,0.060885932,0.063634776,0.024216658,0.12659347,0.06593847,0.21887982,-0.06256161,-0.016444655,0.0404221,0.1473942,0.0005014237,0.21370849,-0.2755318,-0.0064940746
108,0.04914618,0.10736923,-0.050303888,-0.05120398,0.044255506,0.043472894,-0.030305482,0.18094173,-0.040369857,-0.08080862,-0.24777715,0.04466518,-0.0045324424,0.2033011,0.025243735,0.08665055,-0.05833704,0.02441862,0.020854663,0.09920396,0.069870666,0.2115304,0.062690586,0.06280096,0.025159933,0.12750351,0.06613753,0.21944955,-0.062897176,-0.016851615,0.04061833,0.14930215,-0.0007911519,0.21492255,-0.27802634,-0.0066384077
109,0.04912919,0.10609231,-0.05112526,-0.05230582,0.044316955,0.04533896,-0.031149756,0.18121716,-0.040991057,-0.08235809,-0.2487584,0.0459131,-0.0048748716,0.20451532,0.025486667,0.08596576,-0.056215633,0.024797881,0.020977056,0.10097728,0.07079598,0.21160147,0.06655499,0.06309855,0.025299452,0.12868208,0.065676406,0.2195812,-0.06286359,-0.016179482,0.040141378,0.15014571,-0.0022846605,0.21547934,-0.27900583,-0.0064530964
110,0.04991265,0.10449316,-0.05130198,-0.053479787,0.04467403,0.046523392,-0.031350188,0.18230663,-0.040822215,-0.083352305,-0.24999698,0.04606974,-0.004540892,0.20600939,0.02606156,0.08597483,-0.054795016,0.024533618,0.021435628,0.10220439,0.07177264,0.21263285,0.07007272,0.06317155,0.025642583,0.12808916,0.06585821,0.2209372,-0.062465884,-0.016057216,0.040128298,0.14927617,-0.003254159,0.2168139,-0.27880383,-0.0062212953
111,0.052098043,0.10325796,-0.049857643,-0.05523898,0.04549954,0.045365967,-0.029951837,0.18545373,-0.039575964,-0.08475551,-0.25351617,0.04511274,-0.0031323964,0.20547658,0.026798764,0.08606224,-0.05376978,0.024795277,0.022086866,0.10215445,0.07319536,0.21304508,0.07301872,0.06273873,0.026483372,0.12771478,0.06667162,0.2220822,-0.062086727,-0.016701797,0.040764194,0.1493349,-0.00367738,0.21727486,-0.27984023,-0.008353405
112,0.054097008,0.10283293,-0.048837516,-0.05622844,0.04580228,0.04489995,-0.028962173,0.18678522,-0.0387054,-0.085457414,-0.25580904,0.044805698,-0.0022023139,0.20565243,0.027749062,0.08651528,-0.05256418,0.024106205,0.022907192,0.102788374,0.074740246,0.2141431,0.07623102,0.06157193,0.027455902,0.12721571,0.06717857,0.22362894,-0.061373312,-0.017215295,0.041004773,0.14889233,-0.0048738574,0.21884847,-0.27965423,-0.008101248
113,0.05495229,0.10292247,-0.049038254,-0.055808812,0.045903396,0.046188876,-0.029143097,0.1875529,-0.038861673,-0.08617032,-0.2561102,0.045854393,-0.0022131968,0.20695217,0.027784478,0.08661973,-0.05024814,0.025037035,0.022749446,0.10493841,0.075510226,0.21484865,0.080521494,0.06196274,0.027423183,0.12717605,0.066460885,0.22513138,-0.061395075,-0.016239302,0.040161755,0.14869776,-0.007099072,0.22022836,-0.27901602,-0.00668086
114,0.055982135,0.1014573,-0.048828207,-0.056251377,0.045666583,0.04676872,-0.028953152,0.18976764,-0.038407966,-0.08767868,-0.25933176,0.045668107,-0.0015825268,0.20776175,0.027436923,0.08726758,-0.05149434,0.026492402,0.022463558,0.10581047,0.07574445,0.21574573,0.081192516,0.062091514,0.027621442,0.1266497,0.06621747,0.22740994,-0.061997738,-0.016014066,0.039820228,0.14984085,-0.008444771,0.22113904,-0.279772,-0.0077680284
115,0.057432473,0.10208672,-0.0479352,-0.05684801,0.04766899,0.046153776,-0.028036177,0.19225445,-0.03764429,-0.08962893,-0.26075748,0.045224547,-0.00041072606,0.2087189,0.028380593,0.08666079,-0.050893217,0.025680913,0.023400063,0.10713642,0.07710549,0.21577002,0.0830585,0.060864553,0.028573353,0.12626302,0.066252775,0.22843426,-0.062934525,-0.016526634,0.039924096,0.15049767,-0.009895047,0.22208275,-0.2799741,-0.007530296
116,0.057997644,0.10004891,-0.0484565,-0.057498317,0.047096495,0.04777749,-0.028587459,0.19203109,-0.037975,-0.089963354,-0.26326334,0.046134394,-0.00083613803,0.20837945,0.027797228,0.087159514,-0.04952,0.0272267,0.022672202,0.107838094,0.07728073,0.21663994,0.085912466,0.061248317,0.028270397,0.127217,0.065610655,0.22958937,-0.062730215,-0.016216727,0.039146777,0.15032521,-0.011771988,0.22410877,-0.28016952,-0.006476603
117,0.059088882,0.10066383,-0.04793611,-0.058427826,0.04839218,0.047712874,-0.028067388,0.19393846,-0.03749085,-0.09208832,-0.2644233,0.045801066,0.000111235044,0.20999904,0.028328754,0.08672187,-0.0489781,0.026979946,0.023188118,0.10950203,0.07808362,0.21672718,0.08805185,0.060954757,0.028629355,0.1263538,0.06522691,0.23060241,-0.06329197,-0.015832024,0.038770437,0.15071921,-0.01333061,0.22399047,-0.2797279,-0.006797008
118,0.06070312,0.099767715,-0.047198337,-0.059441246,0.048352867,0.047533534,-0.027369682,0.19452143,-0.03688309,-0.09323124,-0.2674399,0.045573566,0.0008201167,0.2101755,0.028751172,0.08716854,-0.04899287,0.026764566,0.02358475,0.11007354,0.07898384,0.21747263,0.089590065,0.059890047,0.029289385,0.12605222,0.06536127,0.23195039,-0.063241445,-0.01638379,0.038770154,0.1509859,-0.014439045,0.22469792,-0.27995583,-0.008063249
119,0.06234851,0.10004843,-0.046576392,-0.060548533,0.050871193,0.04740912,-0.026723323,0.19550079,-0.03666773,-0.0937801,-0.2688719,0.04593776,0.0010853044,0.20902833,0.02895796,0.08633692,-0.046460178,0.02722931,0.023633104,0.110700615,0.08013944,0.21682923,0.0929804,0.059238214,0.029631605,0.12706289,0.06510609,0.23192492,-0.0643199,-0.017189408,0.038706735,0.15094474,-0.01597786,0.22627203,-0.28080717,-0.008138866
120,0.063891284,0.10127964,-0.046342507,-0.06256941,0.053535346,0.047870904,-0.026487373,0.19520406,-0.03674846,-0.09467947,-0.26938456,0.04659633,0.001194102,0.20968083,0.029079622,0.0857038,-0.044888653,0.027540348,0.023667254,0.112480514,0.08077856,0.2159409,0.095538974,0.059018344,0.029609498,0.12646516,0.063780196,0.23205927,-0.06617266,-0.016479755,0.037698183,0.15178625,-0.018398892,0.22562791,-0.28091502,-0.0093091
121,0.0646708,0.09865645,-0.04716053,-0.06320863,0.053697333,0.050231628,-0.027312981,0.19392882,-0.036793947,-0.094848014,-0.27056363,0.046829425,0.0011101395,0.21175037,0.028585663,0.08723342,-0.044614747,0.02827481,0.023070613,0.113311246,0.07981085,0.21794777,0.097423606,0.060372207,0.02856732,0.12365641,0.062457584,0.23435758,-0.065895036,-0.014878775,0.036103442,0.1491725,-0.020591356,0.2262959,-0.2786198,-0.008942249
122,0.06686257,0.09672967,-0.04633093,-0.06452273,0.058646906,0.05038753,-0.026396045,0.19564807,-0.035960972,-0.09573265,-0.27016914,0.04597656,0.002228247,0.21173787,0.02950307,0.08636283,-0.040755626,0.027685089,0.023729734,0.11324801,0.08077764,0.21847449,0.10245391,0.06113566,0.028561069,0.12133623,0.063269176,0.23511109,-0.06645772,-0.01597727,0.036916517,0.1432965,-0.02037354,0.22829863,-0.27781382,-0.009686296
123,0.069004655,0.09189957,-0.045531727,-0.06371312,0.059744004,0.050727777,-0.025537236,0.19696921,-0.035048433,-0.09617872,-0.2711155,0.045388974,0.003223507,0.21221703,0.029718379,0.087312736,-0.03813184,0.028365413,0.023701947,0.1132044,0.081185766,0.22063258,0.106981665,0.06257018,0.028381318,0.11900081,0.064715005,0.2376119,-0.065992795,-0.01681655,0.038000267,0.13696358,-0.018953374,0.23089236,-0.27613735,-0.011848865
124,0.070341736,0.08729187,-0.04529105,-0.061847106,0.058096334,0.05137013,-0.025265899,0.19656956,-0.034661546,-0.09711729,-0.26967385,0.045399483,0.003965173,0.21526617,0.0301956,0.08845293,-0.034753915,0.028525269,0.023864971,0.11634327,0.08202309,0.22225581,0.113121375,0.06436428,0.028207052,0.1166982,0.06588006,0.23999451,-0.0666717,-0.016393982,0.039012935,0.13181499,-0.017494291,0.23141243,-0.27430546,-0.014899898
125,0.07321921,0.08700985,-0.043452688,-0.059852716,0.055638034,0.04978603,-0.023429073,0.19382726,-0.03438595,-0.09846343,-0.26771393,0.046281867,0.0047264653,0.21580714,0.031635623,0.08879509,-0.02943741,0.0275168,0.02484023,0.12049087,0.08531104,0.22281155,0.12139309,0.063115165,0.029758804,0.11696109,0.06742504,0.24139011,-0.06779479,-0.01677558,0.040595517,0.12991583,-0.016661499,0.23191434,-0.2729075,-0.01657927
126,0.07510117,0.087546736,-0.04224372,-0.059645206,0.053959776,0.049075924,-0.022263277,0.19365537,-0.033763424,-0.100802,-0.26733947,0.046089374,0.005982481,0.21819375,0.032275844,0.08938091,-0.028674483,0.027778136,0.025395978,0.12462777,0.08716416,0.22340709,0.12496367,0.062678196,0.030915208,0.1153613,0.067875154,0.24394919,-0.06959713,-0.015603545,0.04111864,0.13089569,-0.017177567,0.230973,-0.27296647,-0.017803416
127,0.07683542,0.08827668,-0.041206356,-0.059391905,0.055539053,0.04859169,-0.021182142,0.19305605,-0.033520937,-0.1030938,-0.26548016,0.045339584,0.0069383774,0.2164544,0.0319552,0.088375844,-0.027000101,0.029008482,0.024971649,0.126287,0.08866418,0.22343324,0.12863065,0.061400387,0.03160559,0.116348244,0.0679391,0.24584393,-0.07216981,-0.016477598,0.041464973,0.13090359,-0.0185147,0.23392716,-0.27093783,-0.014832205
128,0.0772432,0.0877919,-0.041392982,-0.059354253,0.055503737,0.049689893,-0.021365017,0.19448848,-0.03313704,-0.104884796,-0.26710498,0.04487249,0.0076565687,0.21800795,0.03126332,0.08890855,-0.030022305,0.0304636,0.02453018,0.12856264,0.08879951,0.22405009,0.12732567,0.060647078,0.032138187,0.11516079,0.06722688,0.24889465,-0.075022645,-0.015842829,0.040978666,0.1343833,-0.020398803,0.23419167,-0.27126855,-0.01536797
129,0.07793528,0.08834462,-0.041265633,-0.06078077,0.05675163,0.050276473,-0.021258103,0.19593063,-0.033091173,-0.106468566,-0.26845595,0.04495046,0.007991752,0.21817538,0.0309908,0.08823984,-0.030713802,0.031103073,0.024348386,0.13016309,0.08947132,0.22420505,0.12771624,0.059398327,0.032743875,0.11499113,0.06673046,0.25041005,-0.07710787,-0.016010728,0.04071462,0.13622963,-0.022250757,0.23525442,-0.27121696,-0.014816007
130,0.07882621,0.08891698,-0.040834066,-0.061967354,0.05765531,0.050364505,-0.020850293,0.19771934,-0.03272036,-0.10751843,-0.26995963,0.044742513,0.008521759,0.21850392,0.03106298,0.08795239,-0.031047754,0.030962005,0.024468802,0.13143855,0.090084024,0.22496031,0.12830248,0.05797338,0.03336558,0.11425133,0.06639755,0.2520376,-0.07823485,-0.016248956,0.040414497,0.13680057,-0.024108808,0.23662217,-0.26994532,-0.013344793
131,0.08006644,0.088965334,-0.040163312,-0.063633,0.057933256,0.0504975,-0.020241594,0.20030881,-0.03229393,-0.107572705,-0.27313307,0.045331046,0.008728316,0.21753189,0.030206839,0.088438585,-0.029681975,0.03362595,0.023484906,0.13241519,0.09018418,0.22569571,0.13032447,0.058350492,0.033179495,0.11442325,0.065438494,0.2531144,-0.07807474,-0.014926042,0.039294217,0.13799718,-0.026460385,0.23721273,-0.26940882,-0.012351934
132,0.0811638,0.08781595,-0.03995035,-0.065493174,0.056578636,0.05119637,-0.020139866,0.20058294,-0.031539157,-0.107496135,-0.27683,0.045077793,0.009202274,0.21895045,0.030373186,0.09000662,-0.031696953,0.03287787,0.023767207,0.13333309,0.08998084,0.22744006,0.12926899,0.057077195,0.033546116,0.111667655,0.06455324,0.2553985,-0.0787493,-0.014179313,0.03827334,0.13881843,-0.02880955,0.23680305,-0.26848125,-0.0129290335
133,0.082596324,0.089055665,-0.039305273,-0.069149956,0.061542727,0.05126197,-0.019496325,0.2034302,-0.031337842,-0.1085497,-0.2785448,0.04526826,0.009545829,0.21733898,0.030447675,0.08775846,-0.029253392,0.033630233,0.023729416,0.13368408,0.09102738,0.22638316,0.13131948,0.056197383,0.033930376,0.111679934,0.06412419,0.2546611,-0.08047997,-0.015098343,0.038266595,0.13843405,-0.0305002,0.2379602,-0.26941982,-0.013012702
134,0.08338407,0.08915688,-0.039400894,-0.07057682,0.06189715,0.05226051,-0.019637028,0.20384154,-0.031147284,-0.10870528,-0.28052893,0.04533749,0.009626217,0.2181711,0.030543318,0.08783815,-0.029495422,0.03299674,0.023846198,0.13457946,0.09106346,0.2273409,0.13153885,0.055168625,0.03410845,0.110030316,0.06341931,0.2559691,-0.08154437,-0.015113842,0.037618622,0.13801153,-0.03245245,0.23859803,-0.26834399,-0.012755314
135,0.08427078,0.08980311,-0.039080117,-0.072867796,0.06328948,0.05259374,-0.019370006,0.20650035,-0.030793454,-0.109159835,-0.2832613,0.045467034,0.009893678,0.21842241,0.030318027,0.08745888,-0.028645642,0.033961993,0.023566026,0.13567998,0.0913597,0.22756211,0.13273124,0.055010777,0.03418679,0.10975806,0.06281696,0.2564535,-0.08220203,-0.014779462,0.037091818,0.13861476,-0.034165643,0.23906374,-0.26834548,-0.012735796
136,0.08495457,0.0899662,-0.0390973,-0.07393123,0.062354673,0.05329238,-0.019462347,0.206564,-0.030772949,-0.1089156,-0.28537247,0.04617882,0.009682273,0.21906179,0.030346094,0.08771941,-0.02735116,0.03380555,0.023478426,0.13756184,0.09157027,0.22801062,0.13407679,0.05431686,0.034194414,0.10952638,0.061768673,0.2571045,-0.08288088,-0.014245022,0.036106065,0.13924699,-0.036571465,0.23913729,-0.2672725,-0.012030732
137,0.08628429,0.090508446,-0.03828254,-0.07540055,0.06451472,0.0527774,-0.018645102,0.20851043,-0.030491408,-0.10990821,-0.2878516,0.046540692,0.010038436,0.21855928,0.030383268,0.08704699,-0.02611729,0.034458287,0.023436574,0.1387152,0.092321284,0.22779399,0.13516255,0.05351743,0.034651052,0.10984692,0.0614867,0.2572482,-0.083924145,-0.014645507,0.036013495,0.14035472,-0.037825093,0.23937155,-0.2678907,-0.013093608
138,0.087466694,0.09045638,-0.038073324,-0.07644201,0.064950734,0.053260643,-0.018468209,0.2081583,-0.030356191,-0.10939817,-0.2898648,0.047095444,0.009880641,0.21851489,0.030552024,0.08730713,-0.024689121,0.033987407,0.023478268,0.13964668,0.092545025,0.22841045,0.13629745,0.052604854,0.034749996,0.108949125,0.06078966,0.25791726,-0.08472538,-0.014779704,0.035393726,0.13949311,-0.039607465,0.23986955,-0.26690784,-0.013229229
139,0.089105494,0.09045115,-0.037214838,-0.077938735,0.06815859,0.05278498,-0.017573634,0.21014416,-0.0296267,-0.10962227,-0.29070297,0.046319872,0.010632702,0.21812172,0.03106584,0.0865043,-0.022235854,0.033283215,0.023813317,0.13952665,0.09286791,0.22874583,0.13836974,0.052430086,0.03468833,0.10688172,0.06068441,0.25817215,-0.08515958,-0.015250096,0.03533578,0.13605534,-0.040461328,0.24042925,-0.26531985,-0.013364704
140,0.09009122,0.08601098,-0.037208274,-0.07687386,0.068197854,0.053479645,-0.017513167,0.21069758,-0.02881887,-0.110127255,-0.29146376,0.04449736,0.011547943,0.21915239,0.0305424,0.08780175,-0.022860063,0.03323426,0.023314191,0.13870355,0.09135246,0.23096539,0.13896786,0.053823646,0.03354504,0.10288522,0.0604345,0.2608235,-0.08518213,-0.014685852,0.034730926,0.13155273,-0.04083893,0.24046256,-0.26156303,-0.014108846
141,0.09147775,0.08123102,-0.036792666,-0.07512792,0.068973444,0.053642232,-0.016995799,0.21003675,-0.02878716,-0.1108034,-0.2901393,0.04375694,0.011872867,0.21738498,0.02935593,0.08737872,-0.019465413,0.035069663,0.02188078,0.13888177,0.091005325,0.23136766,0.14314988,0.055286195,0.032412942,0.10270679,0.060712107,0.26168913,-0.08574809,-0.015435676,0.034975823,0.12639372,-0.040469367,0.24211545,-0.25827268,-0.014329703
142,0.092049345,0.077543095,-0.037097443,-0.071291566,0.06781802,0.054195993,-0.017154653,0.20828739,-0.028943922,-0.11120794,-0.28730363,0.043786317,0.01205539,0.22055769,0.0297859,0.08819185,-0.017446177,0.033329055,0.022151483,0.14195535,0.090739414,0.23254468,0.14562772,0.05617245,0.03189987,0.1007518,0.060417842,0.26370162,-0.08708936,-0.014470038,0.034639053,0.12386108,-0.040734176,0.24130514,-0.25447577,-0.015396041
143,0.093087986,0.0749119,-0.03691663,-0.07039496,0.0682136,0.054412898,-0.01691969,0.20675151,-0.029604703,-0.11176052,-0.28623974,0.04500359,0.011604103,0.22056483,0.029533913,0.087643795,-0.014573116,0.033455864,0.021689115,0.14519677,0.09170208,0.23235199,0.1489241,0.055512797,0.032094307,0.10213043,0.060482386,0.26433277,-0.089467734,-0.015478874,0.035066787,0.122833684,-0.041029844,0.2422903,-0.25347874,-0.01659341
144,0.093579136,0.074117094,-0.03665188,-0.07126067,0.06809613,0.05454934,-0.016700909,0.2087337,-0.029570322,-0.11295062,-0.28776562,0.04547651,0.011825727,0.22192892,0.028927045,0.087592274,-0.013869369,0.035152104,0.021037009,0.14876308,0.092357285,0.23230353,0.15075961,0.05572202,0.03233481,0.10405067,0.060243618,0.26521406,-0.091177605,-0.01505446,0.03504269,0.12539677,-0.041880675,0.24241115,-0.25430483,-0.017315427
145,0.09484433,0.07479532,-0.03573992,-0.07170654,0.06815412,0.053747673,-0.015813727,0.20859258,-0.029047564,-0.11378793,-0.28807995,0.045046315,0.012566257,0.22299245,0.029619515,0.08758162,-0.01358751,0.033495054,0.021712238,0.1513613,0.09323415,0.23289764,0.15129317,0.053929165,0.0332158,0.103348486,0.06019352,0.26670665,-0.09276325,-0.0154419355,0.035113264,0.12597981,-0.0433099,0.24300304,-0.2527028,-0.015814442
146,0.09547795,0.07471998,-0.035550416,-0.07397809,0.069388136,0.054184653,-0.015687587,0.2104616,-0.028914686,-0.11488184,-0.29062486,0.044809993,0.012780796,0.22311996,0.02869512,0.0871605,-0.014855329,0.03487943,0.02090836,0.15255456,0.09329037,0.23338325,0.15113743,0.053287495,0.03341845,0.103075504,0.060014643,0.26800188,-0.09418381,-0.015712563,0.03505262,0.1274239,-0.044564683,0.24361233,-0.25289586,-0.015829373
147,0.09544259,0.075217254,-0.036121055,-0.07595574,0.06889164,0.055603676,-0.016362872,0.21059074,-0.029431725,-0.11518195,-0.29255256,0.045441248,0.012155652,0.22368872,0.02763327,0.08687458,-0.015759377,0.035944827,0.019929936,0.15407261,0.09289569,0.23383504,0.15102884,0.052900184,0.033161204,0.10275739,0.0591805,0.26902056,-0.09553474,-0.015396188,0.034363978,0.12883535,-0.04644729,0.24368955,-0.25285816,-0.015440981
148,0.09647988,0.076950885,-0.035508513,-0.078572415,0.069297336,0.055371217,-0.015861284,0.21128659,-0.029356487,-0.11509907,-0.2940377,0.045856155,0.012084858,0.22352234,0.027578637,0.085936904,-0.0144336885,0.03581672,0.019783437,0.15617691,0.09345234,0.23334014,0.15216833,0.051962905,0.033340905,0.102480486,0.058508366,0.26900122,-0.097104475,-0.015483828,0.03402993,0.12954262,-0.04834133,0.24322404,-0.25268427,-0.015005487
149,0.09755844,0.07790593,-0.034844387,-0.08082877,0.06872359,0.05510555,-0.0153276045,0.21236879,-0.028888773,-0.11468954,-0.2964854,0.045926634,0.012253337,0.22386567,0.027563715,0.08602046,-0.014061799,0.03566641,0.019738728,0.15762655,0.09363052,0.23354642,0.15273707,0.051397376,0.03343989,0.10162242,0.057943687,0.26943114,-0.09795956,-0.015178618,0.03358575,0.13018978,-0.049900874,0.24244165,-0.25256404,-0.015363382
150,0.09805007,0.07874547,-0.034880478,-0.082299456,0.06879483,0.05582109,-0.015428255,0.21280767,-0.028916657,-0.11489283,-0.29826382,0.045957267,0.012128712,0.22433022,0.026879042,0.08610484,-0.014774736,0.03607785,0.019114759,0.15828016,0.09307092,0.23463197,0.15252358,0.05099063,0.033191565,0.10041026,0.057307146,0.27070257,-0.09843503,-0.014812623,0.032869227,0.13022722,-0.051525,0.24263662,-0.25122598,-0.014610402
151,0.09969976,0.079346456,-0.033727627,-0.08486834,0.070767045,0.05506974,-0.014330876,0.21509989,-0.028072692,-0.11502839,-0.30110383,0.04526383,0.012804221,0.2235941,0.026608707,0.08594484,-0.014671815,0.036608245,0.018840699,0.15823825,0.09325568,0.23543018,0.15289958,0.050309367,0.033475608,0.099101074,0.057470508,0.2715562,-0.09866341,-0.015232543,0.032953754,0.12940408,-0.052233394,0.2431538,-0.25040525,-0.014922614
152,0.10078489,0.07975855,-0.033480972,-0.0859121,0.07257836,0.05545582,-0.014066459,0.21449783,-0.028231176,-0.11578541,-0.30116835,0.045252334,0.012841801,0.22429584,0.026776314,0.08505085,-0.01405841,0.035367824,0.0189761,0.1588315,0.09320872,0.23621494,0.15315886,0.04980401,0.0335573,0.09663711,0.057565358,0.2725579,-0.09971871,-0.015550252,0.033122525,0.12739441,-0.052525625,0.24277617,-0.24945618,-0.016346788
153,0.101581365,0.079340234,-0.033395767,-0.08534003,0.07222797,0.056215838,-0.013966075,0.21420087,-0.028696917,-0.11539454,-0.30171505,0.04587803,0.01220113,0.2231908,0.024918707,0.08529893,-0.012044592,0.03821691,0.016952723,0.15884523,0.09218505,0.23793472,0.15556629,0.051265117,0.032423258,0.09585317,0.057208564,0.27391648,-0.09833383,-0.014332373,0.032255717,0.12468326,-0.05326885,0.24341731,-0.2466961,-0.015234067
154,0.103036314,0.08027372,-0.032463685,-0.0853867,0.07384785,0.055396333,-0.012980354,0.2138727,-0.027744785,-0.11577195,-0.30089405,0.044960085,0.013370496,0.2251939,0.025937648,0.08547306,-0.011959223,0.03574025,0.017967181,0.16115823,0.09198261,0.23790589,0.15502165,0.0508504,0.03233961,0.09299061,0.05595998,0.27499467,-0.10091911,-0.013419297,0.031404916,0.12624837,-0.055388402,0.2405023,-0.24669239,-0.016509539
155,0.10419033,0.08095999,-0.032022186,-0.086017966,0.0764997,0.05541485,-0.012471141,0.21217854,-0.028755002,-0.115988694,-0.30014545,0.04655297,0.012442122,0.22192502,0.024765166,0.082996294,-0.00856514,0.037432708,0.016554287,0.16313803,0.09252585,0.2358626,0.15715434,0.04955906,0.031909708,0.09517298,0.054876663,0.27381077,-0.103799194,-0.015225474,0.031121215,0.12595114,-0.057448093,0.24126464,-0.24596845,-0.015738877
156,0.10389786,0.07956752,-0.032852206,-0.08624518,0.074623786,0.057072558,-0.013377325,0.21212499,-0.028417265,-0.115523905,-0.30185497,0.046040997,0.012520857,0.22435717,0.024028743,0.084551334,-0.011341476,0.037373353,0.016031288,0.16413254,0.091010876,0.23703791,0.15563504,0.05001019,0.031047845,0.09382588,0.05351223,0.2756916,-0.10536224,-0.014111088,0.029811036,0.12794559,-0.05930363,0.23999849,-0.24532332,-0.016562607
157,0.10507095,0.07955887,-0.03214054,-0.08741476,0.07583809,0.056797072,-0.012681642,0.21287553,-0.02804517,-0.11553782,-0.3027706,0.045635693,0.012835446,0.22340709,0.023730643,0.08369466,-0.010286514,0.0375038,0.015662562,0.16464756,0.091198705,0.23710579,0.15635855,0.049056508,0.031086272,0.093760476,0.05337104,0.27608228,-0.106210954,-0.015041905,0.029793076,0.12675181,-0.06022534,0.24090847,-0.24340928,-0.01580464
158,0.105989054,0.07983225,-0.031631254,-0.089421205,0.0753453,0.056835275,-0.012296897,0.21398734,-0.027334522,-0.1149725,-0.30479863,0.045014516,0.013247131,0.22423333,0.023555655,0.08406863,-0.010890612,0.037124917,0.015534108,0.16554286,0.09094334,0.23798573,0.15609466,0.048388984,0.031105345,0.092988014,0.05293635,0.27722508,-0.10687923,-0.014947818,0.029327195,0.12731498,-0.061572652,0.24087247,-0.24216647,-0.0154830115
159,0.10688137,0.08100847,-0.03109462,-0.09201776,0.076215364,0.056818865,-0.011858623,0.21578631,-0.02700088,-0.11476965,-0.30700275,0.045074202,0.013351572,0.2244808,0.023255572,0.08355662,-0.010492794,0.037426535,0.015210539,0.16681069,0.0910791,0.23834121,0.15630876,0.047558464,0.031275403,0.09301183,0.052535474,0.27770957,-0.10775758,-0.015222334,0.02904632,0.12794867,-0.062932745,0.2411783,-0.24148189,-0.015168058
160,0.10739154,0.082089946,-0.031094074,-0.093659244,0.07571874,0.057485573,-0.011961763,0.2161644,-0.027106069,-0.11425346,-0.30904025,0.04568842,0.012923121,0.22499193,0.022683986,0.0835019,-0.010246601,0.037734024,0.014620628,0.16823919,0.09069025,0.23882696,0.1563808,0.047066595,0.030994512,0.09287474,0.051583976,0.2783038,-0.10863319,-0.014939672,0.028199632,0.12908874,-0.06486499,0.24082093,-0.24090311,-0.014997838
161,0.1080306,0.08350453,-0.030846713,-0.0953338,0.07754738,0.05772677,-0.011723542,0.21778531,-0.027045067,-0.11437967,-0.31014076,0.045987833,0.0129296845,0.2254153,0.022583835,0.08246626,-0.008701931,0.037827894,0.014408688,0.16962022,0.090632595,0.2385932,0.15697388,0.04691955,0.030749043,0.09252257,0.050734434,0.2782246,-0.10978495,-0.014781459,0.027623218,0.129359,-0.06646604,0.24022125,-0.24049492,-0.015010543
162,0.10946409,0.083769895,-0.030061191,-0.09567862,0.076980434,0.057451487,-0.010985257,0.21759376,-0.026523227,-0.11349411,-0.3123845,0.046046022,0.01303302,0.22536165,0.022356952,0.083392076,-0.008937305,0.037460815,0.014190789,0.16985103,0.090233915,0.24005485,0.15653653,0.04596947,0.030806886,0.09133958,0.050401267,0.27976575,-0.10995244,-0.0148542095,0.027080378,0.12929152,-0.06766581,0.24042712,-0.23897924,-0.015206921
163,0.11017243,0.08474175,-0.029672002,-0.09705425,0.07970863,0.057507474,-0.010552932,0.22027299,-0.026035154,-0.11372514,-0.31373027,0.045538332,0.013495852,0.22543652,0.022003515,0.08280177,-0.008098157,0.038106963,0.013776974,0.1700089,0.08981253,0.24059021,0.15679474,0.046009194,0.030464072,0.09039481,0.0497731,0.28035983,-0.11033672,-0.014624579,0.026443625,0.12847191,-0.06904822,0.24073212,-0.23739114,-0.014168792
164,0.111080326,0.08504582,-0.029443838,-0.09769278,0.080416456,0.05779808,-0.010328935,0.22026077,-0.02574456,-0.11362401,-0.3153284,0.04522573,0.013635177,0.22550297,0.021771641,0.08278679,-0.00875063,0.037334647,0.01359927,0.17048459,0.08920472,0.24102448,0.1558952,0.044995926,0.030176256,0.08925453,0.04887672,0.2812233,-0.11168991,-0.015031466,0.025711872,0.12902406,-0.07094195,0.24025153,-0.23651427,-0.014448352
165,0.11149834,0.085557796,-0.02963944,-0.09807059,0.08047347,0.058624163,-0.010540071,0.22007066,-0.026015406,-0.112773955,-0.31652826,0.046110544,0.013007365,0.22552793,0.021169044,0.0828184,-0.0074073453,0.037732646,0.012889464,0.17144822,0.08841145,0.24124278,0.15637127,0.04532152,0.029344043,0.088759415,0.04762871,0.28154925,-0.11243935,-0.014407084,0.024582762,0.12884544,-0.07273384,0.2394675,-0.23539436,-0.0144886905
166,0.11277813,0.085698985,-0.02871492,-0.09960612,0.081916094,0.05807218,-0.0096410075,0.2222255,-0.025277892,-0.11216484,-0.31863263,0.045911077,0.013424957,0.22521408,0.020968724,0.082583934,-0.0058937306,0.038264513,0.012569104,0.17220938,0.08838084,0.24132639,0.15729572,0.045309708,0.029124638,0.08847795,0.04719509,0.28170514,-0.112874635,-0.014468712,0.024222562,0.12834522,-0.073734425,0.23909952,-0.23472944,-0.0150415255
167,0.11450351,0.08458051,-0.027568532,-0.098951645,0.082528844,0.05727268,-0.008438248,0.2215639,-0.024849052,-0.11257995,-0.3191035,0.04543139,0.013953351,0.22459325,0.020381808,0.08276166,-0.004912475,0.038775202,0.011905778,0.17160808,0.087829344,0.24254222,0.1582091,0.04567553,0.02867317,0.08666476,0.04718094,0.28273413,-0.11194749,-0.013990182,0.023824885,0.1269798,-0.0740619,0.23820244,-0.23366894,-0.016158473
168,0.1151156,0.081926964,-0.027874406,-0.09734739,0.08136537,0.05842058,-0.008703274,0.21848054,-0.025513187,-0.112942934,-0.3175364,0.045620285,0.013497245,0.22432795,0.019048447,0.08236115,-0.0038978625,0.0397042,0.010499793,0.1716714,0.086609535,0.24293704,0.15922219,0.04688428,0.027347315,0.085503116,0.046527307,0.283334,-0.11227063,-0.013479129,0.023134984,0.12573865,-0.07458694,0.23669884,-0.23324461,-0.017941877
169,0.115730554,0.08252147,-0.02778123,-0.09651459,0.08297287,0.058787234,-0.008493935,0.21620664,-0.026103213,-0.11395384,-0.31353867,0.045747675,0.013509857,0.22441988,0.019292029,0.07958352,-0.00092037447,0.03820712,0.0105239535,0.17435601,0.08668996,0.24155976,0.1597985,0.04601725,0.026962213,0.08585938,0.045632556,0.28309605,-0.11513193,-0.014610716,0.022920584,0.12460789,-0.07628449,0.23662557,-0.23145697,-0.01633104
170,0.11645375,0.08096397,-0.027308866,-0.09739063,0.081217885,0.05892828,-0.008148224,0.2177699,-0.02530353,-0.11377177,-0.31612977,0.044892777,0.014074361,0.22563219,0.018347472,0.080480665,-0.0032142624,0.039202813,0.009762504,0.1754184,0.08636777,0.24295583,0.1592282,0.045413636,0.027117573,0.08705066,0.045879886,0.28479272,-0.11574667,-0.015244622,0.02301259,0.1264986,-0.07660672,0.23748642,-0.23109011,-0.017019222
171,0.11731658,0.0818467,-0.026615085,-0.09892144,0.08183853,0.058647595,-0.0075154835,0.21948142,-0.024642438,-0.11372887,-0.31698033,0.04417113,0.014680776,0.22644036,0.018263483,0.08000474,-0.0030530826,0.03896085,0.009670934,0.17661169,0.08633162,0.24368878,0.15906532,0.044623785,0.027297903,0.08709244,0.045735475,0.28581995,-0.11647783,-0.015596412,0.022857266,0.12647894,-0.07766932,0.23831509,-0.22928493,-0.015484365
172,0.11730983,0.08270193,-0.027031085,-0.09944915,0.080434784,0.05971671,-0.008019301,0.21840926,-0.025257602,-0.11310915,-0.3166294,0.045139447,0.0138904005,0.22722417,0.017682953,0.07946079,-0.0014586825,0.03905528,0.008970586,0.17827561,0.08554411,0.24367568,0.15963852,0.045034178,0.026392888,0.08717467,0.04437297,0.2859037,-0.11729452,-0.014736452,0.021666463,0.12691692,-0.07969659,0.23739174,-0.22842354,-0.0145017095
173,0.11842995,0.08232004,-0.026350247,-0.101206,0.081878565,0.05950905,-0.007372728,0.22041927,-0.024707424,-0.1128873,-0.31871372,0.04523378,0.014226189,0.2278387,0.017851954,0.07925389,-0.0019194223,0.038814027,0.009180564,0.17840852,0.08564244,0.24405915,0.15892513,0.044159606,0.026747338,0.08661661,0.044299293,0.28635252,-0.1185657,-0.015594035,0.021802539,0.12775728,-0.080027565,0.23703118,-0.2300263,-0.017304556
174,0.119110316,0.08369716,-0.026142985,-0.101298146,0.08283243,0.05986894,-0.0071281893,0.22025667,-0.024854662,-0.112232186,-0.31806314,0.045770403,0.013937791,0.22760706,0.017597143,0.07876355,0.00013912364,0.03881641,0.008770525,0.17852783,0.08489104,0.24469471,0.15928276,0.04429658,0.026084239,0.08530672,0.043317255,0.2870084,-0.11867396,-0.014899195,0.020729372,0.12585476,-0.08163116,0.23711127,-0.22775933,-0.01557258
175,0.12087789,0.08270606,-0.024730695,-0.10292613,0.083563976,0.058786605,-0.005782548,0.22238962,-0.023506686,-0.11207548,-0.32072875,0.044300467,0.0150787495,0.22755119,0.0174403,0.07931375,-0.0009637247,0.038629234,0.008702676,0.17767772,0.08467417,0.24633439,0.15877493,0.04330135,0.02638925,0.08386465,0.043668766,0.2885092,-0.11816707,-0.015347764,0.020693757,0.1252297,-0.08209902,0.23764272,-0.2264599,-0.015756343
176,0.12030367,0.0824326,-0.025656598,-0.102233544,0.08256523,0.060432117,-0.0067080604,0.2218393,-0.024638114,-0.11283214,-0.32049075,0.045456722,0.014137239,0.2288859,0.016038487,0.078340575,0.0002314006,0.04033741,0.0072118216,0.1797726,0.08386294,0.24618208,0.16004522,0.044533994,0.025266599,0.08521715,0.04264057,0.28820923,-0.1188125,-0.014552242,0.019863302,0.12669036,-0.08335653,0.2363813,-0.22719996,-0.016363252
177,0.122530445,0.08264526,-0.024140764,-0.10126971,0.08357777,0.059073973,-0.0051020514,0.21884432,-0.024857674,-0.11334563,-0.31798324,0.045773167,0.014268525,0.22763863,0.016500834,0.07625799,0.003131031,0.038482968,0.007451548,0.180385,0.08425666,0.2455206,0.16079181,0.043391123,0.025317518,0.083878286,0.04271586,0.28784266,-0.11975327,-0.015708746,0.020211801,0.124610975,-0.08362714,0.23519315,-0.22694637,-0.017813487
178,0.12380236,0.08229847,-0.02346077,-0.10137747,0.08356427,0.05906608,-0.004430193,0.21899208,-0.024347672,-0.112985656,-0.31843385,0.045090225,0.0146608185,0.22770017,0.015122189,0.076906554,0.0028415339,0.04013477,0.0061016087,0.1800311,0.08306395,0.24678633,0.16127221,0.044575457,0.024349846,0.082439035,0.042176053,0.28907102,-0.11943196,-0.014477588,0.01937339,0.12481966,-0.08438009,0.23354465,-0.22679384,-0.01894704
179,0.12466909,0.083578974,-0.023186643,-0.09988989,0.08460041,0.059492532,-0.004024995,0.21754019,-0.024528293,-0.112789355,-0.31537625,0.044991855,0.014675425,0.22718081,0.014621295,0.0752869,0.0043422845,0.039820615,0.0054850047,0.18091089,0.08234889,0.24674389,0.16086395,0.043980386,0.023733515,0.08186396,0.04136467,0.2900449,-0.121144526,-0.0150288865,0.01878555,0.123146966,-0.08599534,0.23408976,-0.22362714,-0.016432181
180,0.12523866,0.0825857,-0.022858564,-0.100484155,0.08501779,0.059753556,-0.0037110331,0.22003886,-0.023750423,-0.11355781,-0.31742036,0.044105943,0.015539505,0.22901264,0.014118093,0.0755288,0.0016864581,0.04037979,0.0051893424,0.18147345,0.08201095,0.24757552,0.1594977,0.043499917,0.023926472,0.082320675,0.04138876,0.29121077,-0.12266573,-0.015714495,0.01895801,0.12635417,-0.086226076,0.23364885,-0.2249926,-0.019014157
181,0.12476243,0.0837322,-0.02365617,-0.100400195,0.08258668,0.061458267,-0.004606006,0.21882556,-0.024712067,-0.1130649,-0.3162186,0.045192204,0.014495294,0.22981192,0.013005731,0.07444492,0.0032492867,0.041223343,0.003962962,0.1831408,0.08090998,0.24747652,0.16009009,0.044144936,0.022687957,0.083040185,0.03988195,0.29121763,-0.123499006,-0.014870914,0.017650647,0.12641314,-0.08830805,0.23317324,-0.22374392,-0.017077569
182,0.12710404,0.08337091,-0.021716796,-0.101386614,0.08098295,0.059717726,-0.002805089,0.2191304,-0.023583416,-0.111165926,-0.31835496,0.045030877,0.014953463,0.22926587,0.0128947655,0.07569259,0.004243403,0.0415122,0.0037893103,0.18312202,0.081428975,0.2485551,0.16167305,0.044091582,0.023091003,0.08258138,0.040744733,0.29172057,-0.12222559,-0.014777215,0.018115627,0.12578876,-0.087391034,0.23216951,-0.2242161,-0.019784153
183,0.12809947,0.0847755,-0.02104269,-0.10161019,0.083157025,0.05948179,-0.0020456372,0.21996887,-0.022870924,-0.111217536,-0.31531882,0.043787554,0.015960865,0.23037876,0.013848328,0.07403873,0.0061102863,0.03963135,0.004595155,0.18362463,0.08140751,0.24867836,0.16159534,0.044164788,0.023118308,0.0805957,0.040945306,0.2925577,-0.12335292,-0.014940622,0.018428866,0.12266393,-0.08738593,0.23210815,-0.22210337,-0.018543266
184,0.12811105,0.083207496,-0.021376694,-0.10012961,0.08100006,0.06060349,-0.0023921547,0.21923943,-0.023314303,-0.11107248,-0.31462935,0.04413365,0.015514965,0.23082821,0.012534072,0.073570214,0.0056478777,0.040934946,0.0033118452,0.1842372,0.08076583,0.2496001,0.16136628,0.04388618,0.022771882,0.08186617,0.04096583,0.29386097,-0.12395414,-0.01563464,0.01835281,0.122226305,-0.08774031,0.23383445,-0.22007075,-0.017150007
185,0.12839071,0.082212746,-0.021214565,-0.100283414,0.081325226,0.0608103,-0.0022233762,0.22058053,-0.023268431,-0.11256869,-0.3156306,0.043957837,0.0159075,0.23237965,0.011974236,0.07309975,0.0045824,0.04174982,0.0028299673,0.18536982,0.08069391,0.2501239,0.16100714,0.0436815,0.02291406,0.0828104,0.04099958,0.29443017,-0.12487917,-0.015966985,0.018500848,0.12520568,-0.08801126,0.23320009,-0.22181481,-0.019011632
186,0.12985756,0.08373076,-0.020116761,-0.10014878,0.08022007,0.06011402,-0.0011756256,0.21910402,-0.023238095,-0.11201591,-0.31370437,0.04416292,0.015943196,0.23185255,0.012256549,0.071870446,0.007797362,0.04060816,0.0028780012,0.18611813,0.08053287,0.2504267,0.16171,0.04332519,0.022666447,0.081539795,0.04058098,0.29480866,-0.12488445,-0.015598408,0.018013807,0.12268994,-0.08903523,0.23289296,-0.21937588,-0.017081253
187,0.13051106,0.08315736,-0.019695872,-0.10302818,0.07882698,0.060465805,-0.0009673246,0.22121187,-0.022751065,-0.11171266,-0.31638452,0.04395346,0.016144872,0.23312566,0.01164413,0.07176697,0.006732286,0.041431062,0.0023434586,0.18611796,0.080286235,0.25127688,0.16166124,0.043273386,0.022646412,0.081437476,0.04054106,0.29507992,-0.12508324,-0.015558418,0.017970726,0.123878404,-0.08918806,0.23224239,-0.22104461,-0.019234298
188,0.13113146,0.08434219,-0.019330857,-0.10427994,0.078494854,0.06062888,-0.0006854585,0.22081812,-0.022924999,-0.11184455,-0.31603914,0.044211842,0.016029978,0.23328093,0.011545406,0.07048828,0.00816558,0.041017063,0.002135228,0.18693902,0.08003472,0.2512415,0.16175658,0.042769667,0.022369798,0.08103674,0.03982428,0.29497972,-0.12568095,-0.015515967,0.017415866,0.12346722,-0.090618595,0.23200063,-0.22045948,-0.018080441
189,0.13158621,0.084218755,-0.01914339,-0.105278574,0.07736847,0.06098698,-0.00060271483,0.22068147,-0.022876874,-0.11178052,-0.31744605,0.04434114,0.015945567,0.2336732,0.011047133,0.070438296,0.008083579,0.041317727,0.0016436147,0.18755756,0.07969446,0.25171214,0.16174367,0.04234303,0.02215648,0.08122612,0.039286416,0.29523718,-0.12584023,-0.0154322265,0.016869783,0.12455431,-0.09188025,0.23178543,-0.22068012,-0.017852528
190,0.13175865,0.0845097,-0.019209292,-0.10637939,0.07810129,0.06154528,-0.0006888129,0.22158694,-0.022636188,-0.11168424,-0.31853244,0.044156034,0.01607873,0.23441902,0.010782045,0.07026331,0.007873088,0.041498315,0.0013917751,0.18827315,0.07944437,0.25185898,0.16148336,0.04207526,0.022009812,0.08134748,0.03877871,0.2954502,-0.12659456,-0.015522658,0.016504295,0.12565224,-0.09301415,0.23164873,-0.22079638,-0.017605783
191,0.13298422,0.08480605,-0.018383564,-0.10803556,0.078719154,0.06108638,7.4814176e-05,0.2215324,-0.022013346,-0.11078493,-0.31989837,0.04383689,0.016357308,0.2339126,0.010706304,0.07048856,0.007877065,0.041261725,0.0013186812,0.18812259,0.079527445,0.2523312,0.1613673,0.041165944,0.022235034,0.08065049,0.038771186,0.2958362,-0.12661114,-0.015975641,0.016428709,0.12543891,-0.09373583,0.23188384,-0.22037089,-0.017437784
192,0.13258116,0.08570051,-0.019006697,-0.109156325,0.07917593,0.062238865,-0.0005770769,0.22192919,-0.022217361,-0.11021491,-0.32032445,0.044389635,0.015945088,0.23517473,0.01030062,0.070536315,0.009116038,0.04197317,0.0008276923,0.18935984,0.078958176,0.2520431,0.16209981,0.04250376,0.021434626,0.08063995,0.037665498,0.29541257,-0.12724519,-0.014709985,0.015557137,0.12672912,-0.09501401,0.23027873,-0.22151431,-0.017747343
193,0.13425618,0.08700751,-0.017931895,-0.10998141,0.082121655,0.061529536,0.0005938192,0.22176614,-0.02185404,-0.10937561,-0.32035795,0.04461323,0.016078912,0.23376423,0.010392534,0.06972473,0.011063273,0.04177183,0.0007751632,0.18974377,0.079377696,0.25190425,0.16225387,0.04172548,0.021773722,0.07972242,0.037845213,0.2955796,-0.12831753,-0.015653763,0.015959164,0.12486807,-0.095110364,0.2306099,-0.22043382,-0.01810791
194,0.13529283,0.086627774,-0.017512113,-0.109300144,0.081153445,0.0617037,0.0009993959,0.22097288,-0.021173498,-0.10807358,-0.32113394,0.04405902,0.016351303,0.23420857,0.009983344,0.07125347,0.00991133,0.041434642,0.00046840817,0.1888981,0.0784838,0.2538054,0.16143352,0.041574076,0.021564677,0.07802861,0.03771164,0.29747105,-0.1279307,-0.01508423,0.01537467,0.12470905,-0.095692106,0.2306396,-0.21895298,-0.017990492
195,0.13609241,0.086613834,-0.016835902,-0.10921109,0.08455508,0.06117127,0.0018434571,0.22238012,-0.020743398,-0.1092951,-0.32069203,0.04342352,0.01718973,0.23412588,0.010088039,0.069773234,0.010800387,0.041428644,0.0004927664,0.18975371,0.07877677,0.25313154,0.16131918,0.04077676,0.02171127,0.078375265,0.0374912,0.2971932,-0.1292649,-0.016166333,0.015524914,0.12530556,-0.096635535,0.23079494,-0.21892834,-0.017619781
196,0.13711013,0.08638188,-0.016622793,-0.10980079,0.08127139,0.06194678,0.0018646717,0.22000644,-0.021037608,-0.10780179,-0.32292747,0.04427946,0.016272997,0.23308955,0.008031988,0.070908144,0.010240241,0.04370002,-0.0015052946,0.18960735,0.07773922,0.2538948,0.16217601,0.041275334,0.02068084,0.07860729,0.036629267,0.29733455,-0.1286595,-0.01541385,0.014488806,0.12683462,-0.097882435,0.22946052,-0.2202316,-0.0192229
197,0.1371477,0.08859519,-0.016645148,-0.10967961,0.08413966,0.062062837,0.0019977416,0.21946822,-0.021232778,-0.10917793,-0.31875995,0.043760978,0.016804265,0.23443699,0.0087369755,0.06879183,0.012993479,0.042165656,-0.0010153204,0.19072364,0.07711709,0.2528705,0.16200064,0.04214847,0.019859418,0.0767152,0.035274602,0.296873,-0.13016121,-0.014223409,0.013584615,0.12684286,-0.09965041,0.22695442,-0.22035351,-0.017894087
198,0.13917658,0.08782505,-0.015106289,-0.10968169,0.08468945,0.06094357,0.0035523868,0.21952471,-0.020317143,-0.10813448,-0.32013914,0.043405946,0.017349757,0.23348367,0.008055425,0.06936383,0.011582829,0.042860664,-0.00158856,0.19001794,0.07742272,0.25408196,0.1615762,0.040498335,0.020557748,0.07684051,0.036175333,0.29814523,-0.1302421,-0.015870962,0.014256371,0.12684032,-0.0992538,0.22837336,-0.2194571,-0.018790185
199,0.13842173,0.08783197,-0.016193332,-0.10833869,0.083910726,0.06276365,0.0025119463,0.21823092,-0.021083502,-0.10765443,-0.31834257,0.044380736,0.01655817,0.23498179,0.0074770083,0.06886454,0.012068545,0.043047663,-0.0022057937,0.19139522,0.07654011,0.2539218,0.16108744,0.04112543,0.01977259,0.07743311,0.035226587,0.29854342,-0.13193505,-0.015614,0.013643555,0.12772062,-0.10032258,0.22805062,-0.21925507,-0.018194724
200,0.13951276,0.086548276,-0.015267985,-0.10995717,0.08517066,0.06220281,0.0034046175,0.22073828,-0.019768018,-0.10750114,-0.31951508,0.04270944,0.017794274,0.23610218,0.0074656145,0.06900733,0.010876491,0.042898253,-0.0021324302,0.1902452,0.07642499,0.25516054,0.16071513,0.040831033,0.02005402,0.0760862,0.035818256,0.299565,-0.13161205,-0.01584402,0.013954008,0.12699565,-0.100006804,0.2283863,-0.21864928,-0.01845035
201,0.14003846,0.08619157,-0.015231284,-0.10979283,0.08305819,0.062808834,0.003344283,0.2185856,-0.020174773,-0.10605538,-0.31936565,0.04379793,0.016968414,0.23566388,0.006936578,0.06859487,0.012578313,0.04283889,-0.0027794426,0.19173217,0.076048456,0.25472295,0.16116269,0.04049863,0.019472905,0.076925345,0.034950342,0.29932222,-0.13247974,-0.016157255,0.013342412,0.12671573,-0.10160249,0.22853832,-0.21776417,-0.017127784
202,0.1406524,0.08566418,-0.014592842,-0.11211571,0.08527374,0.062270004,0.0039644493,0.22110476,-0.019105144,-0.105841175,-0.32085085,0.04296279,0.017907327,0.23705974,0.0076049883,0.06845752,0.012706675,0.042177975,-0.0021202667,0.19294558,0.076693915,0.25440705,0.16134754,0.04007976,0.019981414,0.07737254,0.035086285,0.29900905,-0.13344966,-0.016785838,0.013771133,0.12838703,-0.10190937,0.22800253,-0.21904184,-0.018208193
203,0.1408312,0.08625178,-0.014828846,-0.1119539,0.084002905,0.06316054,0.0036749633,0.2203725,-0.019128295,-0.10434634,-0.32159483,0.04352892,0.017393991,0.23758645,0.0068131746,0.06963285,0.012855897,0.042859647,-0.0028997646,0.19322082,0.075667664,0.2556088,0.16142073,0.040666163,0.019257382,0.076961294,0.034191053,0.30007908,-0.13318446,-0.015580843,0.012602097,0.1288633,-0.103320785,0.22773977,-0.21773195,-0.017093608
204,0.14217927,0.08626815,-0.013912774,-0.113433614,0.086343065,0.062685296,0.004622898,0.22098,-0.018624349,-0.10348377,-0.32223964,0.043485913,0.017621826,0.23628396,0.0065413364,0.06879689,0.013536802,0.043178942,-0.003230027,0.19293456,0.075870626,0.25535402,0.16145976,0.039594736,0.019384287,0.07653426,0.03413816,0.2999357,-0.13395226,-0.016850157,0.012762111,0.12735845,-0.10386732,0.22853269,-0.21680437,-0.017009268
205,0.14221933,0.08585422,-0.014095041,-0.113845095,0.08692361,0.06321985,0.004450159,0.22110474,-0.018330397,-0.10317827,-0.32255214,0.043378618,0.017816512,0.23776937,0.0066710417,0.06921119,0.013479858,0.042559337,-0.00308713,0.19346695,0.07530382,0.25556308,0.16117337,0.039893482,0.018950805,0.07601902,0.033303764,0.30017728,-0.13458723,-0.016271574,0.012035895,0.12919909,-0.10510366,0.22723879,-0.21742249,-0.017588671
206,0.14289083,0.08546372,-0.013524223,-0.114861056,0.08722312,0.06294169,0.004974821,0.22145088,-0.017936382,-0.10297629,-0.32328033,0.04323996,0.01811394,0.23792696,0.0066382275,0.06898675,0.014423764,0.042544577,-0.0031862315,0.19368781,0.07522861,0.2557635,0.16163468,0.03962668,0.018817086,0.07580706,0.032909747,0.3001017,-0.13437434,-0.01617035,0.011605361,0.12922435,-0.106112316,0.2271429,-0.21683902,-0.016868975
207,0.14332601,0.08525799,-0.01333954,-0.11586598,0.08781674,0.06318587,0.005132405,0.22139843,-0.017975667,-0.102980345,-0.3241766,0.043630578,0.018005542,0.23806891,0.006344757,0.0686415,0.014840657,0.04289694,-0.0035137907,0.1939674,0.075154625,0.25586414,0.16182257,0.039252013,0.018725118,0.07593906,0.032525465,0.29991147,-0.13462049,-0.016408252,0.011319241,0.12989339,-0.107002385,0.2271713,-0.2171906,-0.016976174
208,0.14398333,0.0855935,-0.013056489,-0.116191104,0.0882789,0.06331633,0.0054193973,0.22110663,-0.017743062,-0.10314294,-0.32456636,0.043337535,0.018265933,0.23842931,0.0063391845,0.06849709,0.014697959,0.042228773,-0.0035120437,0.19355488,0.07456218,0.2564729,0.16114044,0.038725708,0.018460467,0.07472925,0.031878665,0.3003994,-0.13478255,-0.016249478,0.010617515,0.1303332,-0.108424224,0.22682872,-0.21691336,-0.0165108
209,0.14446802,0.08570064,-0.01282023,-0.1173145,0.0895295,0.063527584,0.0056560477,0.22202146,-0.01764768,-0.10319123,-0.32570696,0.04355079,0.018291937,0.23843506,0.006101873,0.06796028,0.015275588,0.042671174,-0.0037980333,0.19368213,0.07449892,0.25666705,0.16122639,0.038321998,0.01842645,0.07459673,0.03156666,0.3003517,-0.13512677,-0.01656372,0.010399121,0.13029324,-0.109221466,0.22708727,-0.21693511,-0.016496174
210,0.14482476,0.08587554,-0.012729623,-0.117561094,0.088991605,0.063879155,0.0057029943,0.22183305,-0.017575895,-0.10256578,-0.32671648,0.0439971,0.01810689,0.23891194,0.005892116,0.06842574,0.015938368,0.0427616,-0.004042372,0.1941591,0.0740528,0.25722608,0.16137896,0.038417738,0.018092016,0.07441307,0.030910727,0.30069956,-0.13513361,-0.016024949,0.009677752,0.13107996,-0.110393636,0.22661555,-0.2168797,-0.01638006
211,0.14542755,0.08596259,-0.012274042,-0.118776314,0.09064339,0.06356395,0.0061736386,0.22245312,-0.017179279,-0.10249095,-0.3277487,0.04390141,0.01842029,0.2390608,0.005929141,0.06847013,0.01677297,0.042949323,-0.0040597487,0.194743,0.07425074,0.25705796,0.16200379,0.038375627,0.018093616,0.07448566,0.030618891,0.3002847,-0.1352281,-0.016031105,0.009491833,0.13225089,-0.1111891,0.22584856,-0.21788359,-0.017007332
212,0.14649338,0.08618805,-0.011570542,-0.119258136,0.09136772,0.063234,0.0068824748,0.222503,-0.016517857,-0.1017923,-0.328326,0.043404564,0.018861286,0.23874962,0.0058734803,0.068781614,0.017118312,0.0427629,-0.0041310755,0.19410713,0.073967405,0.25771263,0.16200216,0.03797928,0.017979825,0.07327056,0.030350726,0.30081013,-0.1348924,-0.01596004,0.009037981,0.13155073,-0.11212794,0.22588767,-0.21698974,-0.01637943
213,0.1466679,0.08577678,-0.011794246,-0.11940928,0.09206799,0.06396222,0.006690029,0.22178484,-0.01681931,-0.10143904,-0.3281542,0.04421673,0.018456561,0.23902509,0.005774041,0.06832926,0.018031541,0.042772282,-0.004300586,0.19495663,0.07393406,0.25722927,0.16221638,0.037946533,0.01777623,0.073718905,0.029946515,0.30036613,-0.13594612,-0.016459944,0.008976347,0.13197799,-0.112678565,0.22563985,-0.21792233,-0.017317122
214,0.14765903,0.0849182,-0.011064507,-0.12041574,0.09113879,0.06369819,0.0073029203,0.22203556,-0.0160948,-0.10059295,-0.32909834,0.043527417,0.01889302,0.23895982,0.00533747,0.068769544,0.017958632,0.043099858,-0.004718721,0.19439088,0.07361252,0.2581277,0.16261284,0.0378246,0.017590316,0.07306638,0.029927826,0.30090556,-0.13514394,-0.016264189,0.008647847,0.13114229,-0.113253854,0.22590959,-0.21701638,-0.016544716
215,0.14767891,0.0858614,-0.011473498,-0.12053877,0.09296974,0.06460087,0.0069914027,0.22177261,-0.016330818,-0.10083307,-0.32814035,0.043779157,0.018789392,0.23981234,0.0055577294,0.067856275,0.018594915,0.042216666,-0.004560864,0.19524555,0.073152766,0.25778687,0.16182245,0.037713498,0.01724684,0.072629094,0.029150305,0.30088893,-0.136808,-0.016480569,0.008278569,0.13173461,-0.11439654,0.22528331,-0.21731536,-0.016757114
216,0.14833301,0.08557649,-0.011164522,-0.12127251,0.093195595,0.06490356,0.007266354,0.22237366,-0.016251078,-0.10013578,-0.3296181,0.044184987,0.01855717,0.2394935,0.0044953367,0.0678365,0.018913716,0.0438413,-0.0056430385,0.19547784,0.07292633,0.25836813,0.1625354,0.03759126,0.016997837,0.073156916,0.02894024,0.3010298,-0.13661279,-0.016700774,0.007989342,0.13164578,-0.11516276,0.2259295,-0.21681936,-0.01633281
217,0.14937133,0.085821606,-0.010276969,-0.12186239,0.09401539,0.06405646,0.008156333,0.22234005,-0.015500699,-0.09968802,-0.32983845,0.04378707,0.019192245,0.240239,0.005105,0.068435185,0.019739714,0.042810336,-0.005071331,0.19568962,0.07302095,0.2589093,0.16277552,0.037504632,0.017167937,0.072207384,0.028856302,0.30135235,-0.13637303,-0.016294884,0.007779898,0.13240929,-0.11567361,0.22495505,-0.21726479,-0.016931882
218,0.15002047,0.08586721,-0.009930041,-0.12144546,0.09467444,0.06409818,0.00856269,0.2220171,-0.015338992,-0.09965662,-0.3297379,0.043843593,0.019359332,0.24049494,0.0048158816,0.06849135,0.020224856,0.043114603,-0.005390634,0.19555333,0.07270728,0.25950223,0.16298695,0.037503917,0.016959658,0.07167909,0.028560884,0.3017155,-0.13621362,-0.016098898,0.0073718606,0.13261081,-0.11643091,0.22484006,-0.21706271,-0.016733544
219,0.14990875,0.08595025,-0.010534442,-0.12098187,0.09530889,0.065413,0.008028092,0.22097118,-0.015860373,-0.09974158,-0.32823244,0.044373315,0.01895179,0.24135631,0.004490607,0.06772011,0.020638611,0.04301246,-0.005762851,0.19563697,0.072012186,0.25961772,0.16252635,0.03779995,0.016422499,0.07105238,0.027983077,0.30190727,-0.13719513,-0.016053755,0.0069933166,0.13232444,-0.11709079,0.22464511,-0.21702537,-0.016777081
220,0.15148562,0.084270224,-0.009264092,-0.121228494,0.09556778,0.06444271,0.009286391,0.22134978,-0.015010373,-0.09981403,-0.32844964,0.043457344,0.019844595,0.24091513,0.0046057026,0.06696223,0.020673864,0.042410873,-0.005668916,0.19495347,0.07218864,0.25968292,0.1625389,0.036672857,0.016608095,0.07047206,0.028208973,0.30172077,-0.13707122,-0.017114075,0.0072191125,0.13165884,-0.117503315,0.22483584,-0.21708576,-0.017015472
221,0.151553,0.084007844,-0.0094272075,-0.12131331,0.09402212,0.065215446,0.009034176,0.22116885,-0.015334586,-0.098873496,-0.32895038,0.044260327,0.019193055,0.24116075,0.0031599798,0.067259446,0.021733563,0.04461531,-0.007175167,0.19545838,0.07145521,0.25996804,0.16411436,0.038073413,0.015579829,0.07116604,0.027423866,0.3013914,-0.13648814,-0.015956717,0.0063527944,0.13239871,-0.11837804,0.22376892,-0.21773817,-0.017197408
222,0.15319677,0.084318146,-0.007930156,-0.12037095,0.09717597,0.06359683,0.01075399,0.22176921,-0.01454341,-0.09938892,-0.3273569,0.04365941,0.020289289,0.24073534,0.003946901,0.06617096,0.023679206,0.043479472,-0.0065434035,0.19587271,0.07183069,0.25967985,0.16405807,0.037241653,0.015886813,0.07036545,0.027452746,0.30141804,-0.13717732,-0.016724171,0.0065381103,0.13190031,-0.11893512,0.22332042,-0.217393,-0.017153792
223,0.15299042,0.083287686,-0.008673094,-0.11796349,0.09512995,0.06511082,0.01005655,0.22069852,-0.014619034,-0.09828852,-0.32717422,0.043891314,0.019904144,0.24233223,0.002678833,0.06794866,0.021379652,0.044414293,-0.0076033887,0.19533713,0.07041601,0.26161808,0.16322127,0.03800545,0.015197165,0.07016788,0.02710518,0.30334714,-0.13714148,-0.015821237,0.005785999,0.1338243,-0.11928119,0.22300799,-0.21703064,-0.0178064
224,0.15380387,0.08412659,-0.008230946,-0.117248386,0.09792617,0.06508457,0.010691939,0.22105652,-0.014310351,-0.098701246,-0.3246224,0.04328571,0.020532375,0.24235147,0.0028619857,0.06579858,0.022193788,0.043713156,-0.007531112,0.19574758,0.07036679,0.26055518,0.1624178,0.03730822,0.015080048,0.06971817,0.026813887,0.3029004,-0.1391446,-0.017195862,0.006079551,0.13329086,-0.1200556,0.2229024,-0.21679904,-0.017433954
225,0.15433781,0.08446384,-0.007981115,-0.118056625,0.09464816,0.06564163,0.010710738,0.22041412,-0.014355496,-0.097237065,-0.3246135,0.043848354,0.020064184,0.2427938,0.0021576085,0.065381326,0.023336723,0.044236682,-0.008318572,0.19600701,0.06960596,0.26063138,0.1630162,0.037861545,0.014210828,0.06948336,0.025875628,0.3025457,-0.13926429,-0.016485991,0.0052424856,0.1330936,-0.12131372,0.22200558,-0.21730445,-0.017123323
226,0.15595688,0.08373173,-0.006412445,-0.11950078,0.0951178,0.064327806,0.01220191,0.22244696,-0.012981943,-0.09562065,-0.32580844,0.043253474,0.020945482,0.24293064,0.002401979,0.06580593,0.02393404,0.044521276,-0.008096187,0.19598438,0.07057386,0.26117483,0.16414359,0.037213303,0.015017516,0.06970549,0.026852164,0.30265972,-0.13878484,-0.017347528,0.0060707284,0.1324067,-0.12047793,0.22257121,-0.2173118,-0.01815003
227,0.15636167,0.08474882,-0.006115139,-0.11969918,0.09517929,0.06442429,0.012489232,0.22311209,-0.0122396825,-0.094076745,-0.325579,0.043135595,0.021289144,0.24479105,0.0028220601,0.066912755,0.024122188,0.043975614,-0.0076500895,0.19700572,0.070707306,0.2623833,0.16405661,0.03745387,0.015473751,0.069458455,0.027270738,0.30399802,-0.13927034,-0.016961638,0.0063309483,0.13310458,-0.12003775,0.22230679,-0.21691307,-0.018610934
228,0.1556173,0.08649881,-0.007039597,-0.11816316,0.09605806,0.06607628,0.011720948,0.22171047,-0.013728576,-0.09470968,-0.32145178,0.044718158,0.02020937,0.24537802,0.0016202948,0.064482234,0.026228707,0.045569938,-0.009066876,0.19851157,0.069898054,0.26152188,0.16428316,0.03848219,0.014410824,0.07031793,0.026228437,0.30345505,-0.14101851,-0.016817851,0.0058349874,0.13283639,-0.12099045,0.22223084,-0.21607286,-0.016931126
229,0.15829022,0.08458117,-0.0048785578,-0.11885637,0.09675326,0.06405798,0.013859479,0.22156559,-0.012192467,-0.093559496,-0.32239187,0.04350711,0.021418924,0.24416639,0.0015760616,0.065527216,0.026283622,0.045424182,-0.009075295,0.19680402,0.0703016,0.26259664,0.1649802,0.038116343,0.0149063,0.068378255,0.027255498,0.30405933,-0.13989379,-0.017133266,0.0064489804,0.13133232,-0.11980067,0.2216373,-0.21611115,-0.019237913
230,0.15858452,0.08346567,-0.0049833516,-0.11677651,0.097248845,0.06459913,0.013914264,0.21985868,-0.012530064,-0.094746396,-0.31965107,0.043344922,0.021596197,0.24463204,0.0012159048,0.064206906,0.027203439,0.045091514,-0.009538532,0.19716182,0.06943075,0.2624064,0.16444986,0.03836986,0.014138718,0.06797697,0.02650423,0.3042006,-0.14078042,-0.017091814,0.0058835847,0.13138203,-0.1211379,0.22122294,-0.21548851,-0.01776247
231,0.15843317,0.08142687,-0.005416367,-0.11624806,0.09527886,0.06568989,0.0134113375,0.2192641,-0.012768723,-0.09498974,-0.32039997,0.043671645,0.021365423,0.24651174,0.00025504478,0.06456012,0.02555738,0.045806546,-0.010377064,0.19815764,0.06893276,0.26304463,0.16424516,0.03848936,0.013865082,0.06976624,0.026307866,0.30445245,-0.14139177,-0.017293409,0.0057815043,0.13490939,-0.12173787,0.22102883,-0.2170749,-0.018619323
232,0.15992917,0.080988914,-0.0042831264,-0.11649152,0.09598305,0.06487574,0.0145582445,0.21866372,-0.011972488,-0.09533078,-0.3191948,0.042409223,0.02238049,0.24655439,0.0004548972,0.06396718,0.026122337,0.044840664,-0.010227392,0.19734216,0.06870123,0.2636346,0.16407861,0.038126513,0.013830124,0.06820066,0.026431942,0.30490163,-0.14084868,-0.01718369,0.0056677926,0.13378258,-0.12222247,0.22070138,-0.21595347,-0.017521255
233,0.16086446,0.08061706,-0.0035734978,-0.11800843,0.096045196,0.06474465,0.015172166,0.21853207,-0.011867065,-0.09494816,-0.31918132,0.042800903,0.022384422,0.2464908,0.00028022827,0.06316049,0.027564036,0.045261435,-0.010518276,0.19765134,0.06913282,0.26371917,0.16494334,0.03795214,0.014062474,0.06839686,0.026790693,0.30454063,-0.14086442,-0.017616864,0.0061004236,0.13268109,-0.1218767,0.2210972,-0.21596585,-0.017750807
234,0.16051678,0.081132874,-0.0042503695,-0.11891786,0.094778225,0.06627222,0.014377679,0.21790315,-0.012446733,-0.094921984,-0.3193002,0.043558784,0.021764392,0.24809855,-0.00016535443,0.06276455,0.02690397,0.045270454,-0.01093453,0.19811988,0.06854097,0.26441604,0.16413274,0.038126767,0.013863751,0.06835049,0.026493402,0.30499685,-0.14183612,-0.017375473,0.0059495256,0.1338952,-0.122149386,0.22086214,-0.21681507,-0.018437756
235,0.1618701,0.08178639,-0.002998329,-0.1213282,0.0960455,0.06531426,0.015542554,0.21885026,-0.011826028,-0.09525966,-0.32051602,0.043068826,0.022422729,0.2480449,-1.1290016e-05,0.062190946,0.027781261,0.04523408,-0.010852932,0.19830938,0.06925857,0.2652987,0.16455059,0.03758087,0.014685873,0.06776282,0.027392915,0.30529046,-0.14155146,-0.01765098,0.0067123463,0.13289492,-0.12142953,0.22140265,-0.21651462,-0.018442964
236,0.16228743,0.0822418,-0.0029042668,-0.12178189,0.095843144,0.06583966,0.015597689,0.21810976,-0.012062027,-0.095545344,-0.319858,0.04321394,0.022303749,0.24838606,-0.00014628423,0.061158568,0.02877234,0.044780593,-0.01108526,0.19877128,0.06893364,0.26591614,0.16400753,0.03757557,0.014662436,0.06696855,0.027442291,0.30588967,-0.14221977,-0.017516425,0.0067985114,0.13144007,-0.121498495,0.2217955,-0.2152893,-0.017312247
237,0.16275477,0.08140587,-0.0027599281,-0.1220515,0.095850475,0.06601557,0.015725369,0.21785541,-0.012113932,-0.09546349,-0.32093316,0.043492675,0.022151329,0.24840778,-0.0005751607,0.061130363,0.029526128,0.04519851,-0.01155893,0.19987789,0.06910126,0.26598948,0.1646304,0.037905447,0.0146904355,0.06777644,0.027621634,0.30561882,-0.14258398,-0.017570905,0.0071191387,0.13228257,-0.12134213,0.22122253,-0.21609987,-0.018243378
238,0.16325401,0.08108369,-0.002654539,-0.12199553,0.09512152,0.06628833,0.015792089,0.21713695,-0.0119523825,-0.09526161,-0.3224676,0.04334267,0.022155153,0.24852808,-0.0010918687,0.061857384,0.028994793,0.045183796,-0.012012226,0.20061222,0.068670854,0.26681823,0.16423681,0.03786288,0.014580283,0.067985035,0.027455201,0.3062917,-0.14274767,-0.017233767,0.006845781,0.13400637,-0.122099385,0.22068135,-0.2162226,-0.018153572
239,0.16409752,0.08173325,-0.0020368558,-0.12268503,0.09687928,0.06586969,0.01646248,0.2176675,-0.011604486,-0.09580416,-0.3235434,0.042855553,0.022597188,0.24796525,-0.0014262599,0.061529335,0.029149912,0.0455305,-0.0123667335,0.20094714,0.06874141,0.26734322,0.16405328,0.037346188,0.0148281725,0.06783117,0.027597973,0.30664837,-0.14286216,-0.017471857,0.0069383867,0.1343624,-0.12262533,0.22089855,-0.21571417,-0.017423034
240,0.16414165,0.082949325,-0.0023128614,-0.1231389,0.09731828,0.06652288,0.01618636,0.2166577,-0.011969017,-0.0953492,-0.3234805,0.04352088,0.022092136,0.2480576,-0.0016198484,0.06135403,0.029815542,0.04545766,-0.012606041,0.20196329,0.06857172,0.26726854,0.16385716,0.03750379,0.014693014,0.06793123,0.027273074,0.3066589,-0.1438029,-0.017421426,0.006846044,0.13496062,-0.12316898,0.22054042,-0.21602857,-0.01736816
241,0.1646501,0.08367063,-0.002074602,-0.12487948,0.09724541,0.06677443,0.016310714,0.2174309,-0.01145834,-0.09440798,-0.3247508,0.043093763,0.02226827,0.24861072,-0.001761574,0.061672803,0.029353319,0.045357205,-0.01270593,0.20163155,0.06839083,0.2681334,0.16361474,0.037536826,0.014797087,0.06700518,0.027430117,0.30723828,-0.14385967,-0.017146768,0.0068917763,0.13459094,-0.12309553,0.2204322,-0.2159333,-0.017683709
242,0.16536626,0.08433392,-0.0016360054,-0.12489191,0.09903109,0.066565685,0.016848944,0.21759658,-0.011348572,-0.09535242,-0.3239289,0.042696312,0.02271057,0.24832189,-0.0015482705,0.059874643,0.030259829,0.04453196,-0.012616696,0.20191893,0.06819317,0.2672786,0.16291901,0.0369082,0.014562788,0.066429704,0.02683543,0.30654284,-0.1451222,-0.01787945,0.006763984,0.13480027,-0.12434587,0.2198929,-0.21643649,-0.017362097
243,0.16628496,0.083515905,-0.0010451978,-0.12408253,0.09674214,0.06641226,0.017352365,0.21703182,-0.0106545305,-0.094366774,-0.324484,0.04194535,0.023116695,0.24868715,-0.0022188271,0.061066754,0.029510733,0.04465485,-0.013192073,0.20095746,0.06722577,0.26874173,0.16286008,0.0372709,0.014006627,0.06536307,0.02651886,0.30764833,-0.14403091,-0.016808858,0.0059274416,0.13502489,-0.12521718,0.21941349,-0.2158077,-0.016531993
244,0.16577592,0.08328517,-0.002110933,-0.12305231,0.099515915,0.06792644,0.016519252,0.21591708,-0.012091285,-0.092790924,-0.32279497,0.045003664,0.021283971,0.24800853,-0.0023101643,0.059904054,0.03373058,0.045397624,-0.013581671,0.20430274,0.06801266,0.26668644,0.1643595,0.038293388,0.013873306,0.06782201,0.026430286,0.30613157,-0.14705485,-0.01818929,0.006917075,0.13389328,-0.12426057,0.21933936,-0.21724416,-0.019271951
245,0.16928004,0.07756687,0.00033691106,-0.12233008,0.10338392,0.06497774,0.019215805,0.21625261,-0.0098520415,-0.09103565,-0.32356986,0.042610258,0.023078151,0.24606216,-0.0026067893,0.06332367,0.033709668,0.0451914,-0.013704393,0.20051801,0.06786328,0.26994073,0.16566463,0.039687037,0.014233639,0.063794255,0.028520511,0.30871767,-0.14344008,-0.016227044,0.0074735777,0.13052367,-0.12089001,0.21687263,-0.21605694,-0.023314165
246,0.16923882,0.074641764,-0.0008223439,-0.1167719,0.10704254,0.065731704,0.01863834,0.20965621,-0.012578192,-0.09487565,-0.3159998,0.043628823,0.021812767,0.2439371,-0.0052312966,0.061117083,0.03504815,0.04675735,-0.016502494,0.19951758,0.06508566,0.2706144,0.16324426,0.0419069,0.01231308,0.06098028,0.0276562,0.31057078,-0.14433208,-0.014072445,0.0064068167,0.12977575,-0.121315,0.21362321,-0.21480028,-0.021404486
247,0.17112571,0.07282488,0.00075452647,-0.11538044,0.10951263,0.06456519,0.02043772,0.21032518,-0.011913346,-0.09677601,-0.31305116,0.04246096,0.023243334,0.24321155,-0.0057995645,0.05848039,0.03492227,0.047458757,-0.017177641,0.19942641,0.0655543,0.27088425,0.16137445,0.040437,0.013306151,0.061455864,0.02905067,0.3118252,-0.1468031,-0.016523404,0.008156244,0.12851001,-0.12031786,0.21560618,-0.21229526,-0.019580398
248,0.16983022,0.07099851,-0.00052683277,-0.11417676,0.10744331,0.066425845,0.019142354,0.21115634,-0.01231773,-0.096856065,-0.31270808,0.04332021,0.022872007,0.24732313,-0.00546831,0.058562025,0.03292502,0.046449803,-0.01670755,0.20237961,0.06589633,0.27162558,0.15895928,0.04013632,0.014433713,0.06451826,0.030115517,0.313396,-0.15082939,-0.018081699,0.009923921,0.13256285,-0.11888131,0.21675263,-0.2129566,-0.020650167
249,0.17103034,0.0689345,0.0006091088,-0.1169931,0.10356531,0.06601971,0.019872785,0.2135089,-0.010716476,-0.0951606,-0.31568664,0.041777734,0.023874123,0.2491301,-0.005454531,0.059167106,0.031406764,0.045808136,-0.016568474,0.20253192,0.06628967,0.27340814,0.15869582,0.03938855,0.015330673,0.06515075,0.03134221,0.31456572,-0.15074563,-0.018410295,0.010854195,0.13199602,-0.11799332,0.21816096,-0.21121682,-0.019507414
250,0.17147002,0.06842966,0.0010043867,-0.11929463,0.09994544,0.065903455,0.019915279,0.21156178,-0.011037393,-0.09436239,-0.31508628,0.04213348,0.023363922,0.24914359,-0.0057723224,0.05774254,0.035454363,0.045722816,-0.017177507,0.20481898,0.06623389,0.2715273,0.16096318,0.04122047,0.014235929,0.066086456,0.030346984,0.3120343,-0.15138341,-0.017130755,0.010585023,0.13177285,-0.1187735,0.2152901,-0.21330577,-0.018888269
