Epoch,Layer0_theta_1,Layer0_r,Layer0_theta_2,Layer0_bx,Layer0_bp,Layer0_kappa,Layer1_theta_1,Layer1_r,Layer1_theta_2,Layer1_bx,Layer1_bp,Layer1_kappa,Layer2_theta_1,Layer2_r,Layer2_theta_2,Layer2_bx,Layer2_bp,Layer2_kappa,Layer3_theta_1,Layer3_r,Layer3_theta_2,Layer3_bx,Layer3_bp,Layer3_kappa,Layer4_theta_1,Layer4_r,Layer4_theta_2,Layer4_bx,Layer4_bp,Layer4_kappa,Layer5_theta_1,Layer5_r,Layer5_theta_2,Layer5_bx,Layer5_bp,Layer5_kappa
1,-0.052826863,0.05764367,-0.051868163,0.04045998,-0.054355107,0.048075754,-0.05053525,0.062917866,-0.04939238,0.0437307,-0.06715823,0.03835813,-0.047218394,0.0688377,-0.046756614,0.053203173,-0.072371766,0.026397642,-0.04444713,0.06755344,-0.04537378,0.06504269,-0.073637776,0.022724137,-0.043781508,0.06135544,-0.04545408,0.07267644,-0.07377226,0.025364505,-0.04508467,0.054388937,-0.045968097,0.0760157,-0.073704265,0.031263344
2,-0.082170576,0.08831752,-0.079396516,0.014822079,-0.075462654,0.059024893,-0.07381933,0.08881539,-0.07421216,0.02871909,-0.120332405,0.038247947,-0.065896764,0.092910334,-0.06583688,0.06040288,-0.12943132,0.010806277,-0.058018386,0.08941558,-0.059378635,0.094637394,-0.12858742,0.0030110988,-0.05425678,0.077771164,-0.055470478,0.1123073,-0.12712261,0.00632055,-0.053728264,0.07049385,-0.052725818,0.120210044,-0.12726058,0.010089409
3,-0.09459546,0.10966375,-0.08796837,-0.013386918,-0.09288255,0.040800445,-0.07826771,0.09760703,-0.084507816,0.019965738,-0.15462323,0.029656168,-0.07298164,0.07933923,-0.074428804,0.07082216,-0.15527631,0.01514493,-0.06599607,0.075521104,-0.062641315,0.110914,-0.14718975,0.0137914,-0.05775373,0.07441446,-0.049542673,0.124344386,-0.14250164,0.004821747,-0.047150057,0.083261296,-0.03795009,0.13172229,-0.14243522,-0.010882939
4,-0.10804047,0.11922537,-0.1014194,-0.037725203,-0.09425319,0.04450961,-0.087873966,0.091198415,-0.09617893,0.00303293,-0.16131748,0.03708302,-0.0798092,0.08063128,-0.078470014,0.061936527,-0.16176978,0.023174299,-0.066633925,0.078775994,-0.059733283,0.10659663,-0.15280195,0.025638526,-0.052427355,0.084576234,-0.03887266,0.1177791,-0.14926966,0.008214665,-0.03281641,0.1007357,-0.020339292,0.12812372,-0.1513363,-0.0054815733
5,-0.10824201,0.11814848,-0.103290185,-0.05759515,-0.092873916,0.036027797,-0.08659058,0.07646594,-0.09474108,-0.012789762,-0.15982474,0.031583358,-0.074029885,0.08552092,-0.06767304,0.05101244,-0.16155468,0.008285428,-0.05288381,0.08393226,-0.042959575,0.10017088,-0.15369596,0.016504096,-0.033866845,0.08838148,-0.016711524,0.11150153,-0.1501895,0.0058777286,-0.008428028,0.10302379,0.0073338756,0.12195633,-0.15193301,0.0071630725
6,-0.11256932,0.11595558,-0.11050503,-0.07542659,-0.09458361,0.029729884,-0.09113923,0.05435191,-0.10023416,-0.026366333,-0.15995623,0.034122765,-0.07584383,0.0822169,-0.06466314,0.04423202,-0.15943901,0.007310371,-0.048150744,0.08121318,-0.034250446,0.09604863,-0.15083615,0.029023677,-0.024523104,0.0939933,0.0010112242,0.100081876,-0.14459826,0.012647322,0.011961749,0.11276863,0.035718046,0.109516054,-0.1479729,0.011651973
7,-0.118782245,0.107150815,-0.11968159,-0.092586145,-0.09833806,0.024397451,-0.09786914,0.029826982,-0.10776522,-0.03836581,-0.163802,0.038605627,-0.08023458,0.077221006,-0.062590785,0.036789488,-0.1592182,8.029386e-05,-0.044055305,0.080073975,-0.024519619,0.09300121,-0.15115924,0.02824478,-0.014053404,0.0955656,0.019173695,0.09350584,-0.14096907,0.014334816,0.031506557,0.115462884,0.06325984,0.10022165,-0.14434756,0.01339586
8,-0.12661119,0.09296783,-0.12952085,-0.11007179,-0.10794616,0.016660832,-0.10571845,0.0066906167,-0.11626089,-0.0472352,-0.17630652,0.041902546,-0.08687375,0.06838931,-0.06259575,0.03449166,-0.16295508,-0.005729043,-0.04323105,0.0775886,-0.016895942,0.094023176,-0.15521063,0.025876658,-0.0062590167,0.093667194,0.034126032,0.09299316,-0.13941492,0.020496937,0.046361472,0.112814076,0.086392626,0.095017835,-0.14035603,0.017833782
9,-0.13738959,0.080653585,-0.1427083,-0.12651698,-0.11736887,0.014299756,-0.11703544,-0.015355437,-0.1283145,-0.05557732,-0.1894404,0.049135856,-0.09727133,0.053912375,-0.066546634,0.030970084,-0.16603632,-0.0046921857,-0.046023455,0.072087914,-0.010967222,0.091382526,-0.15737751,0.024284348,0.00061095564,0.09240513,0.049425364,0.08985572,-0.13738605,0.02137688,0.062181503,0.11123593,0.11084788,0.08908573,-0.1362495,0.012094386
10,-0.14852001,0.067310676,-0.15313366,-0.14270684,-0.13435254,0.0011973127,-0.12647408,-0.0272521,-0.13854545,-0.06169507,-0.2109262,0.044847805,-0.10704327,0.04633534,-0.07230972,0.03640938,-0.17492367,-0.0054627927,-0.052858092,0.07075486,-0.012427112,0.09657784,-0.16583082,0.029258959,-0.001121201,0.090670995,0.051829327,0.09458358,-0.14178814,0.027157634,0.06379844,0.10379999,0.11682126,0.09165613,-0.14003572,0.01376248
11,-0.16037844,0.05759092,-0.16534865,-0.15629752,-0.14353627,0.00033191964,-0.13712333,-0.039641872,-0.14968197,-0.06948897,-0.22407117,0.049808107,-0.11654595,0.038780138,-0.07794844,0.03286536,-0.18003705,-0.0029991672,-0.057155676,0.07250045,-0.009827082,0.091898195,-0.16946445,0.024409086,0.0032558553,0.09335677,0.059721407,0.09316131,-0.1455532,0.025168056,0.07232468,0.09750813,0.12815966,0.090850204,-0.14341716,0.014317233
12,-0.16770883,0.054333724,-0.17308371,-0.16201244,-0.14915253,0.0016910313,-0.14447935,-0.0455211,-0.1566033,-0.07128785,-0.23052008,0.056742944,-0.123418935,0.026581544,-0.08202937,0.029860029,-0.17836097,0.0015074995,-0.06036027,0.06914786,-0.0074595464,0.088118896,-0.16580139,0.02078475,0.006237951,0.093240485,0.067698695,0.08728961,-0.13936009,0.027559094,0.08114466,0.09709321,0.14083977,0.085297644,-0.13946521,0.019008704
13,-0.16580546,0.04745551,-0.17101695,-0.16215284,-0.15696445,-0.006872786,-0.14364722,-0.049974784,-0.15552248,-0.06795843,-0.23660898,0.054644614,-0.12411371,0.01471303,-0.080654934,0.03353152,-0.17604461,9.1179085e-05,-0.060183663,0.06352427,-0.0034481015,0.092677124,-0.1613871,0.01672279,0.00838594,0.091217466,0.07467763,0.08637987,-0.13084204,0.025539387,0.087501615,0.1009379,0.15084833,0.08430921,-0.1373111,0.01806881
14,-0.17111312,0.04205338,-0.17610396,-0.16564485,-0.1656419,-0.0095236935,-0.14922655,-0.053582188,-0.1612514,-0.068208665,-0.24485809,0.056051295,-0.1304262,0.010192998,-0.08611207,0.03519398,-0.1786392,0.0021101814,-0.0659471,0.06440453,-0.006751132,0.09581609,-0.16252248,0.019122463,0.004462535,0.093389265,0.07352512,0.08566788,-0.1298486,0.025591148,0.08646278,0.10619302,0.15111703,0.085850134,-0.14425953,0.018301245
15,-0.17639929,0.035776954,-0.18141882,-0.16883786,-0.17038104,-0.010490998,-0.15447238,-0.059303112,-0.16653231,-0.06931856,-0.24987066,0.058145557,-0.13569412,0.0069642765,-0.09084911,0.034090854,-0.18026586,0.0034767326,-0.070225626,0.06752341,-0.008404388,0.095971085,-0.1631445,0.019640844,0.0028849184,0.0962629,0.074300215,0.08379142,-0.12940627,0.025515018,0.087615594,0.11040543,0.15371923,0.086225376,-0.1495138,0.01839872
16,-0.1780145,0.029755754,-0.1830645,-0.16935243,-0.17100942,-0.016116625,-0.156091,-0.06423874,-0.16813366,-0.068745285,-0.25081578,0.056044374,-0.1376044,0.002825627,-0.0923075,0.031889215,-0.17834884,-8.9831534e-05,-0.07111063,0.06901021,-0.0070109144,0.09518429,-0.16041408,0.016614452,0.004096892,0.09484722,0.077552184,0.08114896,-0.124625675,0.026760668,0.09098904,0.11152917,0.16017257,0.082820505,-0.14576007,0.018837921
17,-0.1800807,0.024332367,-0.18531603,-0.16211128,-0.16808957,-0.019443268,-0.15978853,-0.066737376,-0.17174254,-0.061196152,-0.2468235,0.056660123,-0.1438707,-0.005312838,-0.098783255,0.030029407,-0.1692079,-0.0011621511,-0.0773546,0.06688319,-0.011215333,0.09243158,-0.15035306,0.011200486,-0.00048594113,0.09371149,0.07603198,0.074319385,-0.112633824,0.02936961,0.090093836,0.11350356,0.16256407,0.077504165,-0.138753,0.020720974
18,-0.18663536,0.023126112,-0.19213174,-0.15589283,-0.16637704,-0.01984579,-0.167954,-0.065457724,-0.17945042,-0.054892663,-0.2447839,0.058161125,-0.15384957,-0.0141980015,-0.10941159,0.027096428,-0.1619796,-0.0005835769,-0.087455794,0.06494771,-0.018916303,0.086874574,-0.14260784,0.0030811757,-0.0076463763,0.094587214,0.072337165,0.06589325,-0.10278855,0.024511578,0.08733796,0.11936982,0.16252795,0.07269953,-0.13515341,0.019267378
19,-0.18842106,0.020941678,-0.19371554,-0.1514104,-0.17650545,-0.028086888,-0.17214963,-0.0629017,-0.18452013,-0.048696816,-0.25400987,0.05753618,-0.16179828,-0.020205202,-0.11786221,0.03363931,-0.16013996,0.0028021007,-0.09757446,0.06228404,-0.028024392,0.093064465,-0.13976963,0.005841765,-0.018192317,0.09451632,0.06302906,0.068087935,-0.09942515,0.023124073,0.077688344,0.12303315,0.15484768,0.07358161,-0.13449144,0.021813672
20,-0.18949087,0.018014994,-0.19498675,-0.14968216,-0.1775807,-0.031005654,-0.1740263,-0.06378251,-0.18620619,-0.04688514,-0.25662658,0.06010835,-0.1643138,-0.028168093,-0.12101375,0.032937866,-0.15732263,0.0074704476,-0.10066113,0.061591692,-0.028833391,0.09153137,-0.13718484,0.007406234,-0.018949218,0.09572852,0.06414513,0.065842666,-0.0960171,0.021210458,0.07893923,0.12633738,0.15978725,0.07012988,-0.13007599,0.02586033
21,-0.18799388,0.012167698,-0.19363156,-0.1506008,-0.17689666,-0.03938567,-0.1723303,-0.067808434,-0.18460578,-0.047648124,-0.25831527,0.056286477,-0.16250037,-0.03315991,-0.119725436,0.031063741,-0.15610774,0.004407522,-0.09897543,0.062035393,-0.025500432,0.09103358,-0.13600077,0.005913989,-0.015724929,0.0949785,0.06809607,0.06528908,-0.093208686,0.018119782,0.082749195,0.12694852,0.16770706,0.06571504,-0.123037525,0.028730763
22,-0.1924477,0.007591867,-0.19830191,-0.15288086,-0.17384546,-0.03952848,-0.17596726,-0.06982761,-0.18783726,-0.04968223,-0.25880492,0.059340306,-0.1649733,-0.037218533,-0.12336292,0.026342785,-0.15535131,0.00875386,-0.10148162,0.064855196,-0.025969986,0.08628701,-0.13630517,0.007395494,-0.015168953,0.097243264,0.069990166,0.060953766,-0.092840016,0.016873803,0.0852073,0.13067847,0.17317268,0.061138295,-0.12030078,0.02981805
23,-0.19394991,0.0022570626,-0.1999394,-0.15334706,-0.17282069,-0.04213583,-0.17733479,-0.07276482,-0.18898495,-0.04947391,-0.2610214,0.0612513,-0.16632397,-0.04042291,-0.12573422,0.024230534,-0.1551868,0.01157,-0.1033347,0.067267284,-0.026114121,0.08418845,-0.1369008,0.008247676,-0.014809708,0.09862135,0.071468346,0.05912566,-0.092813276,0.0151528455,0.08692338,0.13329281,0.17770235,0.05951459,-0.11822182,0.02969948
24,-0.19268496,-0.0030820037,-0.19873424,-0.15406208,-0.17582677,-0.050078206,-0.17636953,-0.07631454,-0.18856531,-0.048938967,-0.26692092,0.05963346,-0.16642971,-0.041668344,-0.1264146,0.025203917,-0.15712377,0.010395828,-0.10418199,0.06850297,-0.026121,0.086171255,-0.13857952,0.009237461,-0.01505705,0.098471746,0.07182562,0.05986648,-0.09317059,0.01526922,0.08719347,0.13595858,0.18094416,0.05951089,-0.11612551,0.0285577
25,-0.195235,-0.0053895367,-0.20127621,-0.15612318,-0.17656428,-0.05289445,-0.178474,-0.07712239,-0.19122082,-0.05015994,-0.27129272,0.06269824,-0.16883956,-0.04272788,-0.12935151,0.023819176,-0.1589715,0.013584114,-0.10670277,0.06999054,-0.027731087,0.08448457,-0.1407174,0.012168918,-0.016045988,0.100401714,0.071778215,0.057017703,-0.09447179,0.015054014,0.08762996,0.141623,0.18420666,0.057469066,-0.115041345,0.026867341
26,-0.2003587,-0.00817646,-0.2062786,-0.15571041,-0.17362364,-0.05371989,-0.18318254,-0.07693477,-0.196607,-0.049026553,-0.27321944,0.06708244,-0.17481449,-0.04390479,-0.13579655,0.020878626,-0.15807056,0.018346818,-0.112472534,0.06929013,-0.03312778,0.08163671,-0.14084837,0.0155489035,-0.020729395,0.09855616,0.0673288,0.053486757,-0.092705525,0.016659344,0.0836518,0.14427821,0.18377057,0.05166159,-0.10598152,0.029541519
27,-0.19751298,-0.017395915,-0.2034544,-0.15226191,-0.17298715,-0.06666164,-0.18112405,-0.083010554,-0.19535981,-0.043057885,-0.2758203,0.057776295,-0.17602172,-0.041479304,-0.13733572,0.021187786,-0.15755017,0.00840679,-0.114091896,0.069615155,-0.03572147,0.08569626,-0.1412938,0.009066436,-0.024045426,0.09086389,0.062415417,0.058218367,-0.090185106,0.013581062,0.078127034,0.13957278,0.18098126,0.051448435,-0.09650172,0.029840464
28,-0.20861611,-0.023448478,-0.21391934,-0.14845872,-0.1631687,-0.061493255,-0.19122234,-0.07909253,-0.20488527,-0.039862916,-0.27415416,0.06286298,-0.18676035,-0.04626967,-0.14930268,0.015527428,-0.15302046,0.0162832,-0.12488539,0.06945323,-0.04480328,0.07702434,-0.1395581,0.009842623,-0.03134553,0.09027131,0.05666722,0.05084459,-0.08816066,0.0113507295,0.07333646,0.14037211,0.17936137,0.04598743,-0.0876231,0.028791955
29,-0.2085351,-0.03333617,-0.21343753,-0.14534491,-0.16838996,-0.06567451,-0.19215906,-0.08114595,-0.20535067,-0.03880643,-0.28395256,0.05991052,-0.18803838,-0.050318234,-0.15168245,0.01792198,-0.15701658,0.016610004,-0.12772185,0.07130205,-0.045954596,0.080234595,-0.14321099,0.0069954004,-0.032798834,0.090827644,0.055520874,0.056711752,-0.09311984,0.0073554222,0.07168664,0.14002009,0.1780101,0.05258091,-0.09656916,0.030730797
30,-0.20597345,-0.03379998,-0.21040192,-0.14214127,-0.16557324,-0.068067715,-0.18951967,-0.079668514,-0.20381966,-0.039109964,-0.28692964,0.06293634,-0.1864961,-0.056171507,-0.14915463,0.01704093,-0.15540102,0.020690855,-0.12502353,0.06200943,-0.042535953,0.078288086,-0.14165372,0.0055622375,-0.029188212,0.08238056,0.059832163,0.054665733,-0.0896442,0.0050919414,0.07605077,0.1335734,0.1879953,0.046284474,-0.0829765,0.028238477
31,-0.20721911,-0.03459001,-0.21157682,-0.14367032,-0.16862883,-0.070668936,-0.19072758,-0.07776042,-0.20657517,-0.04355149,-0.2938137,0.0644551,-0.18778375,-0.05701482,-0.14992881,0.016555777,-0.1589853,0.02311237,-0.12561452,0.05819022,-0.043016687,0.078892864,-0.14421752,0.0076183784,-0.029557472,0.07798303,0.059179388,0.05581337,-0.09148156,0.008151232,0.07535425,0.13144784,0.18938366,0.043479435,-0.080610625,0.032705247
32,-0.20973673,-0.035319276,-0.21368198,-0.14590548,-0.17099476,-0.07317329,-0.19261388,-0.073625356,-0.20888674,-0.047957502,-0.29982078,0.06372248,-0.18860611,-0.058991674,-0.15103737,0.015503754,-0.16278774,0.024065021,-0.12640904,0.05933122,-0.042772405,0.07732057,-0.14791928,0.005251648,-0.02868702,0.080779895,0.06032599,0.05592688,-0.09690254,0.0051853377,0.07669946,0.13430713,0.19060129,0.04504785,-0.08876357,0.03354203
33,-0.20995113,-0.036672343,-0.21342528,-0.1469698,-0.16904527,-0.07603076,-0.1918561,-0.071894996,-0.20859917,-0.050968852,-0.30244693,0.06509977,-0.18722047,-0.061504174,-0.14943686,0.013684591,-0.16354428,0.02496808,-0.1243738,0.056704324,-0.03997693,0.07456412,-0.14885974,0.004956721,-0.025310973,0.07939166,0.06410047,0.053959403,-0.0978704,0.0051105814,0.08070542,0.13347109,0.19679584,0.04250006,-0.0863312,0.033183124
34,-0.21125998,-0.039857198,-0.21442136,-0.14838535,-0.17107512,-0.07777377,-0.19278596,-0.072068445,-0.20950717,-0.05345599,-0.30763924,0.06525685,-0.18738256,-0.062090635,-0.15005025,0.013388241,-0.16695446,0.02617111,-0.12486383,0.057736047,-0.03985816,0.07435768,-0.15202716,0.0050041624,-0.024899594,0.081044696,0.06481001,0.054453287,-0.101816915,0.005077524,0.081498414,0.13529092,0.19824687,0.043797288,-0.09035297,0.03426802
35,-0.21189967,-0.041339643,-0.21471135,-0.14879632,-0.17196864,-0.07925318,-0.19309722,-0.07213967,-0.20992279,-0.054242093,-0.31210414,0.06710934,-0.18772022,-0.062224567,-0.15040784,0.01362479,-0.16904749,0.02810748,-0.12524451,0.056545425,-0.039913446,0.07409193,-0.15378846,0.006308019,-0.024756812,0.080750965,0.0653093,0.054122645,-0.10357792,0.0055149635,0.0821082,0.13598013,0.20030059,0.043712102,-0.08964623,0.032247785
36,-0.21006916,-0.044714175,-0.21274693,-0.14744382,-0.1723275,-0.08309647,-0.19150065,-0.07229747,-0.20826796,-0.05189757,-0.31639045,0.067643456,-0.18728873,-0.06315574,-0.14987709,0.014985898,-0.16923246,0.028348222,-0.12503575,0.054097008,-0.03959715,0.07555238,-0.15378244,0.007207688,-0.024758408,0.07773035,0.0651887,0.05640247,-0.10332297,0.0072225616,0.081663,0.13425902,0.2007789,0.044763207,-0.088201135,0.03418461
37,-0.21151008,-0.043126225,-0.21350399,-0.14813076,-0.1694915,-0.08412512,-0.19172888,-0.067307815,-0.20879641,-0.05361604,-0.31740248,0.069607206,-0.18713693,-0.06535976,-0.14946166,0.013214059,-0.16892998,0.029820431,-0.12420301,0.052512206,-0.037992906,0.07155342,-0.15397172,0.005788213,-0.022328647,0.07931036,0.06817118,0.053255398,-0.10448393,0.0039384994,0.08507114,0.13598403,0.20494202,0.04345072,-0.08922609,0.03283561
38,-0.21234198,-0.04221894,-0.21427318,-0.14962707,-0.17035668,-0.08655869,-0.19225958,-0.0643618,-0.20965588,-0.055379827,-0.32042566,0.0689129,-0.18740241,-0.06520407,-0.14934672,0.0125953285,-0.1702849,0.028711988,-0.123917535,0.050357502,-0.037598763,0.07090659,-0.15475419,0.00509415,-0.021744834,0.07832172,0.06872207,0.05332648,-0.105640255,0.003945368,0.08564932,0.13601042,0.20549352,0.04333285,-0.09107663,0.03347331
39,-0.21330094,-0.042487703,-0.21535696,-0.15033555,-0.17315127,-0.08778667,-0.19354945,-0.06320797,-0.21105441,-0.056166228,-0.32536167,0.06941579,-0.1887548,-0.0640757,-0.15055023,0.0131357135,-0.17268251,0.029369978,-0.12521812,0.048563763,-0.03893434,0.07212533,-0.15623383,0.006592246,-0.023200203,0.07722506,0.06723731,0.054876138,-0.10724688,0.0060841786,0.08403307,0.13662395,0.20378828,0.04434597,-0.093162656,0.03686075
40,-0.21366349,-0.042605344,-0.21534674,-0.14938842,-0.17285804,-0.08824176,-0.19372782,-0.061902504,-0.21125084,-0.05643247,-0.3289546,0.07190823,-0.18903449,-0.06511232,-0.15078402,0.013507108,-0.17344905,0.03218239,-0.1255288,0.04643389,-0.038792506,0.07131583,-0.15673044,0.007975377,-0.022851512,0.077715665,0.06821466,0.05401194,-0.108218886,0.0057377345,0.08515136,0.13839968,0.20589347,0.04462433,-0.09382995,0.034651008
41,-0.2129204,-0.046027407,-0.2147192,-0.15015711,-0.17395459,-0.09163081,-0.19306183,-0.06327511,-0.21028332,-0.057830818,-0.3324772,0.06946248,-0.18764184,-0.06538197,-0.1497865,0.013013678,-0.17518203,0.030493584,-0.12438243,0.04584176,-0.03740514,0.07183115,-0.1581853,0.0068199155,-0.02149905,0.077985145,0.06976542,0.055261817,-0.11003347,0.0052536963,0.08656019,0.13929464,0.20756994,0.046109784,-0.09738818,0.03328507
42,-0.21512318,-0.049247,-0.21684702,-0.1517476,-0.1728675,-0.09106437,-0.19467323,-0.062259454,-0.21186955,-0.0606801,-0.3340621,0.070990995,-0.18806323,-0.06615539,-0.15050854,0.010813103,-0.17636354,0.03245879,-0.12454978,0.04541697,-0.037198544,0.069729276,-0.1596981,0.007834223,-0.020729696,0.078650266,0.07081851,0.053916838,-0.11198236,0.0062530325,0.087864965,0.13998564,0.20936283,0.045029107,-0.0984187,0.034283694
43,-0.21472336,-0.05164053,-0.2163965,-0.15218557,-0.17283049,-0.09332914,-0.19411348,-0.061113782,-0.21108213,-0.061254334,-0.33639994,0.069732115,-0.187155,-0.0671289,-0.1497012,0.0104386415,-0.17721993,0.03168283,-0.12363871,0.044321645,-0.03611637,0.069484346,-0.16038027,0.0070135677,-0.019570448,0.07836189,0.072130054,0.054111272,-0.11286332,0.005625514,0.08915436,0.13968904,0.2110656,0.045493715,-0.099237464,0.033510607
44,-0.21650314,-0.05133776,-0.21801865,-0.15336588,-0.17261589,-0.09332661,-0.19543087,-0.057633903,-0.21275432,-0.062708504,-0.33859456,0.07161247,-0.18832392,-0.06691688,-0.15045074,0.009654887,-0.17827663,0.033157498,-0.12418275,0.04198644,-0.036632486,0.06826925,-0.16097699,0.008378629,-0.01976465,0.07713019,0.071997,0.052965812,-0.11329566,0.006959662,0.0892118,0.13909602,0.21166606,0.04382023,-0.09715445,0.03420407
45,-0.21633355,-0.052224137,-0.21756455,-0.15281603,-0.17369066,-0.09506766,-0.19525096,-0.054115236,-0.21220215,-0.061840575,-0.34256375,0.070951715,-0.18840745,-0.06841968,-0.15065295,0.010576061,-0.17959101,0.03364781,-0.12459816,0.041404452,-0.03680694,0.0685655,-0.16187806,0.007858889,-0.019934747,0.07862967,0.07220894,0.053217802,-0.114809476,0.0050655734,0.089441694,0.14072871,0.2119149,0.04592893,-0.10026406,0.033458337
46,-0.21493708,-0.051310703,-0.21616565,-0.15207185,-0.17413601,-0.097430356,-0.19408621,-0.052761767,-0.21098526,-0.061631896,-0.3456946,0.07023182,-0.187469,-0.06859314,-0.14932296,0.0113972835,-0.18040259,0.03288832,-0.12346149,0.03797566,-0.035660762,0.069122545,-0.16175349,0.007697767,-0.018947693,0.07713816,0.07354136,0.053236805,-0.11444395,0.0041993456,0.090729296,0.13996689,0.21407905,0.046036355,-0.09912252,0.034110434
47,-0.21658272,-0.048526727,-0.21776417,-0.15296035,-0.17363393,-0.09709011,-0.19541219,-0.050641615,-0.21291877,-0.06406912,-0.34779295,0.07271552,-0.18842337,-0.067238726,-0.1495117,0.01061441,-0.18141443,0.034367822,-0.123441376,0.03359311,-0.035685163,0.06796893,-0.16173409,0.009899915,-0.018721752,0.074817784,0.074067995,0.051399723,-0.113871664,0.005809428,0.09149315,0.13896516,0.21588531,0.043231588,-0.095319614,0.03567607
48,-0.2175386,-0.050502665,-0.21886115,-0.15371214,-0.17493758,-0.0979227,-0.1965091,-0.04862697,-0.21357527,-0.06584002,-0.35100284,0.07115626,-0.18847041,-0.06837837,-0.15019384,0.009654903,-0.18373552,0.034474228,-0.123854764,0.034514543,-0.035819784,0.06773564,-0.16404666,0.009399255,-0.018637436,0.0780593,0.07467595,0.051183566,-0.11708864,0.004032502,0.0922412,0.14199354,0.21629524,0.045284785,-0.10162162,0.036525935
49,-0.21571346,-0.051017717,-0.21704458,-0.15183365,-0.17479408,-0.099938914,-0.19511864,-0.04732283,-0.21200426,-0.06484337,-0.354328,0.07125316,-0.18756884,-0.06963662,-0.14906889,0.011008058,-0.18405797,0.035104897,-0.1230693,0.031150537,-0.034954052,0.06860124,-0.16350603,0.010310319,-0.01802385,0.076373674,0.075806804,0.051389165,-0.116169326,0.0038358942,0.09328132,0.14084819,0.21850647,0.04558794,-0.09938031,0.034715544
50,-0.21658976,-0.05218887,-0.21827899,-0.15268159,-0.17591144,-0.100577496,-0.19630316,-0.046507977,-0.21307223,-0.06677269,-0.35728896,0.07093681,-0.18792832,-0.06971657,-0.14963548,0.010211337,-0.18619044,0.035657316,-0.12340585,0.029991606,-0.035228625,0.06881029,-0.16502512,0.011395847,-0.018229952,0.0763463,0.075891644,0.05142285,-0.11754612,0.0046835747,0.09340959,0.14109656,0.21897468,0.045634978,-0.100459896,0.036347803
51,-0.21706386,-0.05306679,-0.2188975,-0.15317433,-0.17555034,-0.101122856,-0.19675761,-0.046339575,-0.21336979,-0.06881513,-0.35927242,0.07053584,-0.18738972,-0.07035947,-0.14940074,0.009083748,-0.18777277,0.036131676,-0.12286151,0.028995423,-0.03453042,0.06814275,-0.16632794,0.0117335655,-0.017306354,0.077781856,0.07737034,0.05029817,-0.11896098,0.003711503,0.095080435,0.14245546,0.22140887,0.04549979,-0.10159917,0.035141062
52,-0.21740073,-0.05559076,-0.2196267,-0.1532742,-0.17520402,-0.101566866,-0.19741951,-0.046473797,-0.21388692,-0.07021477,-0.3614128,0.07100075,-0.18739145,-0.07097356,-0.14971678,0.0082520945,-0.18897948,0.037494566,-0.12295029,0.027871514,-0.03451401,0.068000816,-0.16729778,0.013238854,-0.017190017,0.07734803,0.07783556,0.0501852,-0.11974549,0.0049620317,0.09558086,0.14212428,0.22253773,0.04512321,-0.10132497,0.03682594
53,-0.215528,-0.0576914,-0.21816196,-0.15207587,-0.17424813,-0.10428994,-0.19610797,-0.04695488,-0.21235555,-0.069529615,-0.36376137,0.07020465,-0.1863346,-0.07217668,-0.14893675,0.008526755,-0.18909404,0.03768031,-0.12223896,0.026124554,-0.03371794,0.068542734,-0.16718897,0.013652536,-0.01654248,0.07672037,0.07890641,0.050663326,-0.11937347,0.0048672194,0.09653985,0.14176886,0.22421652,0.045719773,-0.10098347,0.03662302
54,-0.217539,-0.05476274,-0.22012052,-0.15316541,-0.17410545,-0.103049584,-0.19779643,-0.04602365,-0.21415861,-0.07307278,-0.365591,0.07068784,-0.18657507,-0.07141963,-0.14920251,0.0069129183,-0.19140108,0.038664334,-0.12206119,0.024758914,-0.033440262,0.06731404,-0.16901588,0.014536517,-0.015864313,0.07957701,0.08027561,0.048112653,-0.12143063,0.0032561342,0.09834683,0.14515643,0.22669914,0.04485441,-0.102973334,0.0342518
55,-0.21663333,-0.056825776,-0.21978094,-0.1531629,-0.17452377,-0.10562993,-0.19751412,-0.046066783,-0.21364285,-0.07343266,-0.36795023,0.068803705,-0.18604788,-0.07200502,-0.14905925,0.006589347,-0.1924534,0.03792535,-0.12182403,0.024210034,-0.03320622,0.06823798,-0.16982622,0.014692178,-0.015789969,0.07928285,0.080543764,0.049082298,-0.121845454,0.003629033,0.09846854,0.1452807,0.22689801,0.045626022,-0.10435387,0.03576855
56,-0.21593468,-0.05854699,-0.2195696,-0.15340964,-0.17470469,-0.10888507,-0.1972687,-0.045253724,-0.21344745,-0.073536195,-0.37036273,0.0673321,-0.18597774,-0.07188074,-0.14909941,0.0063989675,-0.19327272,0.037002455,-0.121807806,0.02331854,-0.033235084,0.06899765,-0.17036372,0.014798002,-0.015953876,0.0781924,0.08043156,0.050094046,-0.1219421,0.004354009,0.09820178,0.14474523,0.22635664,0.04615159,-0.10549215,0.036206014
57,-0.21820955,-0.056208905,-0.22138764,-0.15404578,-0.17134787,-0.10840076,-0.1984879,-0.041517444,-0.21514174,-0.07596273,-0.36958387,0.06861043,-0.18645112,-0.072041996,-0.1491793,0.0043859533,-0.1924046,0.037863296,-0.12136032,0.02156904,-0.032650083,0.06590275,-0.16990481,0.014918687,-0.014704877,0.08034437,0.08233875,0.04623797,-0.12228381,0.0020600797,0.10068459,0.14679937,0.22872606,0.044383973,-0.10693844,0.033919957
58,-0.21901478,-0.053853747,-0.22228087,-0.15355614,-0.17030379,-0.10907397,-0.1993568,-0.038033996,-0.2166496,-0.07705373,-0.3711356,0.07034926,-0.18756707,-0.07091501,-0.14940155,0.00462926,-0.19208384,0.038844157,-0.121648416,0.017849883,-0.03295052,0.065569274,-0.16854025,0.01685087,-0.015014691,0.07762657,0.082289174,0.045557808,-0.12050424,0.0037347297,0.10068171,0.14514242,0.22858608,0.042723935,-0.105005205,0.036337588
59,-0.21727727,-0.055025212,-0.22109315,-0.15235208,-0.17061426,-0.11224734,-0.1984857,-0.036472186,-0.21567276,-0.0762188,-0.3741095,0.06882902,-0.18721056,-0.07213107,-0.1492059,0.0054311696,-0.19276522,0.038373377,-0.12165805,0.016971609,-0.032927476,0.06701656,-0.16885383,0.017063294,-0.015296065,0.07748619,0.08227676,0.047044333,-0.12055586,0.0038129683,0.100442365,0.14584857,0.22812387,0.044437353,-0.10762973,0.036165163
60,-0.21801768,-0.05559816,-0.22238247,-0.15352602,-0.17097472,-0.1129497,-0.19955735,-0.03560088,-0.21664943,-0.07890892,-0.37530005,0.06709615,-0.1869665,-0.072705984,-0.14937939,0.0035919521,-0.19480814,0.037508346,-0.12133451,0.01714793,-0.032575835,0.067005806,-0.17089121,0.016885592,-0.014812883,0.07912317,0.08311159,0.046776656,-0.12216258,0.0031525136,0.10134847,0.14763233,0.22899424,0.044687845,-0.11086269,0.03609405
61,-0.21721706,-0.05920774,-0.22215514,-0.152708,-0.16773981,-0.11380647,-0.199077,-0.036720257,-0.2161345,-0.079759866,-0.37469926,0.0673204,-0.18597046,-0.074394114,-0.14877895,0.0022166988,-0.1939659,0.038305108,-0.12036917,0.01598581,-0.031556472,0.06613465,-0.17041281,0.01771943,-0.013651033,0.07846603,0.084866896,0.046025053,-0.12110607,0.003380547,0.10314697,0.14619504,0.23168822,0.04349086,-0.108419046,0.036221217
62,-0.2181762,-0.05894118,-0.22327562,-0.15192674,-0.16696475,-0.11229629,-0.2002728,-0.035643917,-0.21736598,-0.08071786,-0.37649828,0.0694069,-0.18689086,-0.07486476,-0.14962192,0.0021637029,-0.1951547,0.041030522,-0.12119546,0.014185277,-0.03232314,0.06633682,-0.17099117,0.020548608,-0.014405364,0.078004286,0.08473006,0.045133352,-0.12096401,0.0044697747,0.10314648,0.14600919,0.23269801,0.042482786,-0.10591372,0.035524018
63,-0.21749748,-0.060509305,-0.22339909,-0.15238018,-0.16789812,-0.113565005,-0.20041923,-0.035092242,-0.21712919,-0.08173152,-0.37803024,0.06684673,-0.18626687,-0.07664424,-0.14970575,0.0010069282,-0.19727974,0.03990222,-0.12096605,0.015072642,-0.03207308,0.06739488,-0.17337453,0.020021858,-0.014240603,0.0797519,0.085261405,0.04594994,-0.12261193,0.0034211823,0.103590876,0.14763477,0.23329715,0.04395129,-0.10928407,0.034907907
64,-0.21702853,-0.061358426,-0.22396436,-0.15280075,-0.16874436,-0.11417666,-0.20100443,-0.035563868,-0.21756878,-0.08356426,-0.37940475,0.06539016,-0.18591255,-0.07684799,-0.1497598,-3.543083e-05,-0.199471,0.03944066,-0.12073829,0.014694593,-0.031887088,0.06867064,-0.17509858,0.02084133,-0.0142385075,0.07866737,0.08552485,0.047033984,-0.12281733,0.0045414567,0.103681795,0.14674585,0.23385257,0.04371804,-0.10894262,0.036265276
65,-0.21602838,-0.060084008,-0.22301672,-0.15086661,-0.16666307,-0.114191644,-0.20021562,-0.034160845,-0.21683659,-0.082809485,-0.38048846,0.066729985,-0.1856377,-0.07791919,-0.1490739,0.00096828525,-0.19917324,0.040968742,-0.12032587,0.012051101,-0.031470053,0.068994164,-0.1741933,0.022522783,-0.01397178,0.0780118,0.08645357,0.04613699,-0.121428154,0.004249582,0.104681455,0.14636183,0.23608018,0.042862415,-0.10551919,0.033498496
66,-0.2162954,-0.061421715,-0.22408664,-0.1508408,-0.16677257,-0.11492547,-0.20130911,-0.031510785,-0.2179001,-0.082999066,-0.38249406,0.06704775,-0.18679343,-0.079044625,-0.1504831,0.0005841021,-0.2002368,0.042231653,-0.121630795,0.012386647,-0.03269391,0.06952105,-0.17533177,0.023912564,-0.015205679,0.07820031,0.08549428,0.04687981,-0.12209514,0.005145829,0.10365229,0.1467238,0.2346173,0.04363607,-0.10768696,0.03595578
67,-0.21305548,-0.062428147,-0.22273308,-0.14957415,-0.16613893,-0.11850655,-0.20015384,-0.03389847,-0.21688125,-0.08404595,-0.38372755,0.0644499,-0.18533139,-0.07655168,-0.14927557,0.000406932,-0.20086154,0.04052047,-0.12037425,0.010522396,-0.03159826,0.07183176,-0.17495708,0.024749316,-0.014700407,0.07243174,0.086062595,0.050030567,-0.11903407,0.007134032,0.103624664,0.14196374,0.23448274,0.043100625,-0.10555544,0.033376604
68,-0.21653894,-0.057975136,-0.22610706,-0.15163186,-0.16267504,-0.118623674,-0.20262296,-0.027177189,-0.21998143,-0.08610935,-0.3839605,0.0661095,-0.18748336,-0.07458676,-0.1506665,-0.0022008894,-0.20000723,0.040875487,-0.12105611,0.007950198,-0.032188162,0.06858322,-0.17503469,0.024683489,-0.01450889,0.076104805,0.08692857,0.04594024,-0.1202961,0.0038970984,0.105136916,0.14681087,0.2345944,0.04283414,-0.11259769,0.029358635
69,-0.21650892,-0.06134364,-0.22773619,-0.15243158,-0.15827173,-0.12321835,-0.20349814,-0.025475135,-0.2212617,-0.086371005,-0.38346,0.066053875,-0.18863219,-0.0730872,-0.1523076,-0.0049719648,-0.19710065,0.041326087,-0.121947266,0.007888613,-0.032971945,0.06660178,-0.17359824,0.025111804,-0.014912175,0.07384824,0.08658436,0.046281848,-0.11853366,0.005564764,0.1046875,0.145544,0.23156264,0.0435536,-0.118991554,0.033086512
70,-0.21735328,-0.061415423,-0.22973128,-0.15397301,-0.15600842,-0.1241412,-0.20487252,-0.02555506,-0.2227666,-0.08942964,-0.38264996,0.06488769,-0.18857297,-0.071667016,-0.15274802,-0.008443198,-0.19756556,0.040600613,-0.12147508,0.007733014,-0.032500733,0.06548403,-0.17496897,0.024998352,-0.014105059,0.07418466,0.08769517,0.045688074,-0.11880756,0.005341189,0.10586818,0.14702791,0.23197135,0.043302767,-0.12325152,0.03436157
71,-0.2178958,-0.061657302,-0.23104009,-0.15408833,-0.15372562,-0.12318872,-0.20584846,-0.026114414,-0.22374682,-0.091453865,-0.3821676,0.0653363,-0.18852401,-0.072117895,-0.15304933,-0.010461953,-0.19817321,0.041663967,-0.12125016,0.007239331,-0.032251578,0.06484775,-0.1759833,0.026152799,-0.013648361,0.075102486,0.08870789,0.044746894,-0.11886406,0.005239102,0.10699832,0.14859538,0.23354009,0.04258676,-0.12386204,0.03354537
72,-0.21617061,-0.06203276,-0.23021582,-0.15289061,-0.1537009,-0.12417699,-0.20526408,-0.026963415,-0.22310369,-0.09175956,-0.38371462,0.06457488,-0.18785352,-0.072660446,-0.15249117,-0.009961282,-0.19964926,0.041680012,-0.12084277,0.0066449186,-0.03186634,0.0666157,-0.17669463,0.027147654,-0.013636169,0.07383765,0.08900155,0.046290282,-0.117989525,0.006152207,0.10702593,0.14822517,0.23415463,0.042828172,-0.122724265,0.033603057
73,-0.21474616,-0.06368285,-0.22969985,-0.1523779,-0.15353017,-0.1255363,-0.20482965,-0.02565329,-0.22247164,-0.09128755,-0.38481155,0.06351113,-0.18754487,-0.07525884,-0.1524845,-0.01005003,-0.20060614,0.041428167,-0.12082394,0.0072358707,-0.031817783,0.06769647,-0.1778398,0.027168566,-0.01376363,0.074361324,0.089165226,0.047527306,-0.11821307,0.0058884625,0.107007146,0.14916277,0.23425454,0.044118986,-0.12444543,0.033540685
74,-0.21568014,-0.061442263,-0.23088425,-0.15233125,-0.15117706,-0.12331548,-0.20570703,-0.025946565,-0.22342177,-0.09382227,-0.38390097,0.064150676,-0.18716244,-0.074787,-0.1519661,-0.0116587775,-0.20138311,0.042032663,-0.1198856,0.0056193797,-0.030915702,0.06686837,-0.17855509,0.028102297,-0.012642907,0.075568974,0.09086997,0.045528475,-0.11810768,0.005009499,0.108960755,0.15115945,0.2371517,0.042201847,-0.12311427,0.031141985
75,-0.2150161,-0.06167768,-0.23093253,-0.15168,-0.14934704,-0.12454533,-0.20564328,-0.024792336,-0.22352585,-0.09410901,-0.38416752,0.06417492,-0.18715616,-0.07488203,-0.15178914,-0.011779332,-0.2009408,0.04215086,-0.119672,0.004911136,-0.030683773,0.06681103,-0.17787655,0.02867358,-0.012450156,0.075113565,0.091313966,0.045570944,-0.116802216,0.0053610317,0.1093435,0.15117018,0.23716906,0.041894745,-0.12359025,0.03352287
76,-0.2152978,-0.061348673,-0.23203884,-0.15237784,-0.14978987,-0.12581159,-0.20667419,-0.02290983,-0.22472705,-0.095700845,-0.38547125,0.06323733,-0.18771905,-0.0740176,-0.15235671,-0.012436866,-0.20225321,0.041588508,-0.120082445,0.005755947,-0.03106234,0.067173585,-0.17901564,0.028841566,-0.012825899,0.0756692,0.09094683,0.04624956,-0.11716626,0.005864041,0.10889928,0.15256147,0.23573479,0.042239245,-0.12676051,0.037085477
77,-0.2133144,-0.05854425,-0.22997494,-0.1499027,-0.14674199,-0.12612897,-0.2046842,-0.02204497,-0.22280128,-0.09404096,-0.3854096,0.06362559,-0.18656565,-0.0750142,-0.15052389,-0.010727405,-0.20092459,0.041785236,-0.11868821,0.0027951356,-0.029699868,0.06776936,-0.17691785,0.029373871,-0.0117767,0.07580966,0.0926612,0.045381974,-0.11452803,0.004233215,0.110616274,0.15365905,0.23854722,0.041790318,-0.12400828,0.035852034
78,-0.211355,-0.05571284,-0.22871989,-0.1482723,-0.14611174,-0.12610185,-0.20366144,-0.022956418,-0.22172417,-0.094858184,-0.38580793,0.061918404,-0.18508305,-0.07475607,-0.14898607,-0.010397483,-0.20236209,0.04080171,-0.11725902,0.0014057397,-0.028346982,0.0696892,-0.17750329,0.029708525,-0.010866518,0.07486217,0.09403586,0.04633483,-0.11290062,0.0038143147,0.11176535,0.15389821,0.24072267,0.041395783,-0.12197928,0.034893032
79,-0.21002714,-0.05631892,-0.22792743,-0.14612831,-0.14476635,-0.1268222,-0.20310248,-0.020585211,-0.22116755,-0.09347129,-0.3874012,0.062469225,-0.18536147,-0.076607525,-0.14921987,-0.008929993,-0.20224185,0.04229782,-0.117884316,0.001685808,-0.028926034,0.0706711,-0.17719892,0.031118171,-0.011677582,0.07603454,0.0936823,0.047042105,-0.11232563,0.0040070238,0.11130334,0.15585457,0.24035329,0.04233376,-0.12281808,0.035832547
80,-0.21214654,-0.054203257,-0.230415,-0.14730354,-0.14474353,-0.12366575,-0.20536198,-0.019589024,-0.22348942,-0.096675836,-0.38707182,0.063041754,-0.18610646,-0.07572604,-0.1500426,-0.011002103,-0.2044324,0.04305952,-0.118174404,0.002054244,-0.029203065,0.07041685,-0.17951134,0.032211207,-0.011724996,0.077586666,0.09398011,0.04607722,-0.1131535,0.003977604,0.11175416,0.15831193,0.2412036,0.0409485,-0.12275883,0.03532813
81,-0.21096104,-0.054512043,-0.230014,-0.14669344,-0.14331059,-0.12366982,-0.20489086,-0.02127418,-0.22299372,-0.098115064,-0.3860676,0.0614775,-0.18476939,-0.0760246,-0.14908259,-0.01227758,-0.20537412,0.04209651,-0.116884746,0.0023277039,-0.027995227,0.071073286,-0.18057498,0.032059904,-0.010629563,0.07743196,0.09545983,0.046476338,-0.112098224,0.003484304,0.11309971,0.15826045,0.24332912,0.039971665,-0.12062622,0.034103017
82,-0.2100565,-0.053335607,-0.22898076,-0.14452192,-0.13961454,-0.12388194,-0.20379384,-0.019237725,-0.22205636,-0.095874816,-0.3865914,0.06358091,-0.18498762,-0.07635067,-0.14861919,-0.01067719,-0.20382847,0.043748178,-0.11683893,-2.743128e-05,-0.027909435,0.07118546,-0.17862119,0.033542912,-0.010714808,0.07790752,0.09595492,0.045588456,-0.10998765,0.0029536085,0.11363252,0.1599625,0.24443048,0.039692197,-0.118874915,0.035381213
83,-0.21011026,-0.051618584,-0.22982803,-0.14446768,-0.1400467,-0.12409763,-0.20470925,-0.015823133,-0.22294931,-0.096253425,-0.38777968,0.06283542,-0.18583912,-0.07673949,-0.14952832,-0.011294131,-0.20530862,0.043573815,-0.11760018,0.00028727017,-0.028572692,0.07237576,-0.18017802,0.033897825,-0.011522322,0.078503974,0.09541811,0.04680784,-0.10959472,0.0029201065,0.11293369,0.1626803,0.24310987,0.04096537,-0.122865245,0.03714014
84,-0.20757253,-0.051404484,-0.22852388,-0.14332822,-0.14086418,-0.12566635,-0.20372485,-0.01723722,-0.22186428,-0.09693708,-0.3884252,0.059828047,-0.1844355,-0.07745883,-0.14860518,-0.011643887,-0.20766218,0.041664347,-0.11661812,0.00071246043,-0.027623061,0.07510806,-0.18199131,0.033481732,-0.011111338,0.07669761,0.09607331,0.049781658,-0.10776837,0.003232074,0.11310265,0.16211697,0.24367677,0.041617,-0.12252107,0.03768369
85,-0.20635064,-0.052738894,-0.2278981,-0.14169931,-0.13840024,-0.12540346,-0.2030838,-0.016873153,-0.22115687,-0.09616909,-0.38744187,0.06024941,-0.18399644,-0.08032074,-0.14836161,-0.011815799,-0.20679267,0.042719267,-0.11631696,0.00057220284,-0.027320826,0.07519762,-0.18147084,0.034280054,-0.010875733,0.077331774,0.096871205,0.04980862,-0.10627125,0.0029015876,0.1138236,0.16269143,0.24509014,0.041434694,-0.1208945,0.036543805
86,-0.2072178,-0.05246796,-0.22954206,-0.14260265,-0.13783975,-0.12366479,-0.2044902,-0.017942764,-0.2225458,-0.09957182,-0.38671187,0.059391115,-0.18364319,-0.08026857,-0.14855337,-0.014586893,-0.20925331,0.042490505,-0.115788065,0.0018212444,-0.02682139,0.07520059,-0.18446405,0.034481876,-0.010165573,0.07907484,0.09790303,0.04971647,-0.10691802,0.002570143,0.114858225,0.16511117,0.24666238,0.040216103,-0.12091382,0.0357446
87,-0.20828739,-0.0519337,-0.2308974,-0.14232591,-0.13574538,-0.12253526,-0.205623,-0.015956944,-0.22388199,-0.10029062,-0.38603655,0.06096399,-0.18459873,-0.079200156,-0.14915308,-0.015212541,-0.20875414,0.043644052,-0.116204016,0.0011774875,-0.027201382,0.07481158,-0.18366131,0.03600414,-0.01049866,0.07827885,0.09792131,0.048963755,-0.104553185,0.003313925,0.11489199,0.16486974,0.24653398,0.038227435,-0.11812618,0.03715792
88,-0.20662346,-0.05404456,-0.2296834,-0.14076523,-0.13295108,-0.12440307,-0.20433325,-0.015050374,-0.2225996,-0.09806684,-0.38609996,0.061032984,-0.18439417,-0.08114615,-0.14906013,-0.014600744,-0.20770752,0.044076707,-0.11625943,0.0017336563,-0.027233988,0.07534328,-0.18299007,0.03630349,-0.010705495,0.07907182,0.09806477,0.049576283,-0.102941975,0.0028832194,0.11489607,0.16616924,0.24656643,0.03876661,-0.11792613,0.03697404
89,-0.20564064,-0.053592324,-0.22933896,-0.14097519,-0.1324817,-0.12557594,-0.2038989,-0.013694012,-0.22216482,-0.09831527,-0.3858828,0.059146702,-0.18379793,-0.08208616,-0.14852683,-0.015534941,-0.20872705,0.042196766,-0.11549071,0.00238601,-0.02649179,0.07615336,-0.1843903,0.03512734,-0.010069761,0.08025824,0.098901466,0.050299224,-0.102443784,0.0015028752,0.11559768,0.16797353,0.24711937,0.039213713,-0.11957331,0.036109984
90,-0.20600833,-0.05169496,-0.23036373,-0.1412526,-0.13458003,-0.12534554,-0.2051406,-0.012190829,-0.22350782,-0.099948816,-0.38835084,0.058667075,-0.18462223,-0.08039879,-0.1491346,-0.015449211,-0.21230838,0.041883398,-0.11618997,0.0030465394,-0.027157005,0.07835168,-0.18693124,0.036189023,-0.011053447,0.07973921,0.097987935,0.052094143,-0.1020567,0.002648927,0.11446697,0.16909018,0.24571063,0.038999286,-0.11989801,0.03787981
91,-0.20469706,-0.05320527,-0.22945185,-0.13949984,-0.13186163,-0.12602597,-0.20419316,-0.010396025,-0.22262692,-0.09863716,-0.3877211,0.059318464,-0.18430892,-0.08216908,-0.14846256,-0.014752483,-0.21091622,0.04222824,-0.11568926,0.002295633,-0.026661323,0.07841174,-0.1853389,0.03666728,-0.010707815,0.07983888,0.09878754,0.051960893,-0.09975085,0.0022474846,0.115180515,0.16878949,0.24657755,0.038333956,-0.11761094,0.03776621
92,-0.20460616,-0.053162668,-0.23005316,-0.14007838,-0.13157675,-0.12597996,-0.20466182,-0.010111781,-0.22314765,-0.10051915,-0.3867758,0.05788199,-0.18380514,-0.08186745,-0.1480462,-0.016465481,-0.21222928,0.040587295,-0.1148254,0.0026329781,-0.025844319,0.078892455,-0.1865958,0.036076013,-0.009932042,0.07943475,0.099760145,0.05248658,-0.098244995,0.0018965941,0.11600736,0.16853058,0.247312,0.037160024,-0.11637496,0.038386352
93,-0.20435065,-0.05349798,-0.23025931,-0.13953821,-0.13109367,-0.1255042,-0.20489773,-0.00860734,-0.22332534,-0.099678025,-0.38717988,0.058280353,-0.18445578,-0.084423184,-0.14899275,-0.01671618,-0.21307649,0.041725222,-0.115716666,0.004291168,-0.026681954,0.07961406,-0.18808466,0.036868785,-0.010803522,0.08184047,0.09925828,0.05290175,-0.09848007,0.0015241043,0.115476355,0.17122537,0.24715653,0.037908375,-0.1169553,0.036921952
94,-0.20423591,-0.053004798,-0.2305393,-0.13975212,-0.1305304,-0.12593849,-0.20507102,-0.007522073,-0.22354952,-0.1003453,-0.38670322,0.05735545,-0.1843028,-0.08394047,-0.14865375,-0.017382419,-0.21357384,0.040486764,-0.115202904,0.004621699,-0.026216615,0.08010049,-0.18833315,0.036646176,-0.01045048,0.08137761,0.099756144,0.05311834,-0.09656217,0.0013202953,0.11586488,0.17088944,0.24736936,0.03669886,-0.11475909,0.037352618
95,-0.20371222,-0.053977117,-0.2303477,-0.13810301,-0.12885366,-0.1265809,-0.20494355,-0.007739362,-0.22348443,-0.099341914,-0.3878598,0.058721554,-0.18485785,-0.083729416,-0.14897196,-0.016083933,-0.21358047,0.0420646,-0.115881115,0.0046694684,-0.02686957,0.08113908,-0.18737413,0.03881993,-0.011412261,0.080140345,0.099145174,0.05367893,-0.09388757,0.0028468561,0.11511283,0.16994421,0.24685414,0.0354137,-0.110263996,0.03875926
96,-0.20418584,-0.05371829,-0.23117763,-0.13859123,-0.12764156,-0.12649901,-0.20554422,-0.0062029026,-0.22410426,-0.099599004,-0.38717926,0.058705658,-0.18530658,-0.084695294,-0.14938076,-0.017283598,-0.21376142,0.041839544,-0.115960054,0.005126913,-0.026927272,0.08096654,-0.1880244,0.038790967,-0.011373852,0.081819765,0.09948176,0.053237136,-0.093006946,0.0020760228,0.11545997,0.1720041,0.24705516,0.035008237,-0.11049484,0.03841211
97,-0.20504951,-0.05266155,-0.23266496,-0.14026962,-0.12784484,-0.12584573,-0.20678002,-0.00594627,-0.22534488,-0.10184999,-0.3865464,0.05760695,-0.18540005,-0.0846984,-0.149775,-0.01995159,-0.21590838,0.0407508,-0.1156545,0.006164178,-0.026635941,0.081079304,-0.19092417,0.038201667,-0.010885072,0.08350286,0.1001713,0.05322527,-0.09325748,0.0011357107,0.116136655,0.17436908,0.2477083,0.034505233,-0.1116168,0.037711147
98,-0.20404764,-0.052713912,-0.2318746,-0.13797557,-0.12542641,-0.12638699,-0.20606114,-0.006741003,-0.22469527,-0.100912176,-0.38756454,0.058876578,-0.18529934,-0.08390416,-0.14914647,-0.018351551,-0.2158236,0.04183769,-0.115474686,0.0049214005,-0.026470585,0.08219209,-0.1895355,0.04015791,-0.011108663,0.08188753,0.100409634,0.05349029,-0.090123765,0.002153386,0.11622904,0.17295484,0.24840847,0.032792117,-0.10628178,0.037918605
99,-0.200644,-0.05317113,-0.22916822,-0.13460067,-0.12344664,-0.12852485,-0.20366138,-0.008878801,-0.22228326,-0.09862777,-0.3888465,0.05839165,-0.18406755,-0.08470506,-0.14803293,-0.01649314,-0.216171,0.042211324,-0.11489069,0.004625071,-0.025914147,0.08470228,-0.18922746,0.041281886,-0.011202893,0.080074616,0.10086411,0.05566636,-0.086889066,0.002651608,0.11631167,0.17189193,0.24955602,0.032670755,-0.10178023,0.03687855
100,-0.2017569,-0.05401666,-0.2309532,-0.13725603,-0.12322976,-0.12950742,-0.20499907,-0.0033990145,-0.22360389,-0.09884622,-0.3884003,0.05739778,-0.18529508,-0.08694449,-0.14966863,-0.019845312,-0.21716121,0.04074713,-0.11559336,0.0069701886,-0.026538039,0.08371539,-0.1928334,0.03906856,-0.011262043,0.08452908,0.10092186,0.055481702,-0.08915539,0.00010193739,0.11646504,0.17738532,0.24852367,0.034703817,-0.10933921,0.03689076
101,-0.20247576,-0.05294094,-0.23182718,-0.13704382,-0.11995106,-0.12841582,-0.2054973,-0.0031430959,-0.2241194,-0.100217156,-0.38632983,0.057304867,-0.18492386,-0.08542805,-0.1492248,-0.021610321,-0.21617554,0.040387906,-0.11462567,0.006534851,-0.025641229,0.0825937,-0.19231243,0.03920558,-0.010151602,0.085238256,0.102509685,0.05373485,-0.086688675,-0.00070981815,0.11811095,0.1781187,0.25047854,0.03199116,-0.105466574,0.03628704
102,-0.20067555,-0.051589534,-0.23078224,-0.13307008,-0.12013531,-0.12980504,-0.20508456,-0.004538189,-0.22375478,-0.099919856,-0.3903064,0.05747488,-0.18510278,-0.08072113,-0.1492733,-0.018371115,-0.21807668,0.042276245,-0.115631126,0.007034776,-0.02669049,0.086392984,-0.19183455,0.04321176,-0.012150219,0.07896104,0.10079894,0.05714552,-0.08155586,0.003630342,0.11591124,0.17409319,0.24818411,0.029934065,-0.097735345,0.038127296
103,-0.20142928,-0.050908852,-0.23223327,-0.13413006,-0.12004645,-0.13001391,-0.2063617,-0.0009036972,-0.22501677,-0.10024069,-0.39169246,0.05749573,-0.18640375,-0.08085748,-0.15090962,-0.020113355,-0.22018032,0.042700365,-0.11681573,0.009206397,-0.02782556,0.086811244,-0.19565083,0.043258294,-0.013030374,0.081574656,0.10015835,0.05804449,-0.08295705,0.0029616489,0.11524744,0.17878823,0.24692999,0.031398937,-0.101832114,0.036995377
104,-0.2017238,-0.05370887,-0.23316005,-0.13474526,-0.11608184,-0.1301023,-0.20671721,0.0016195339,-0.22536154,-0.100004315,-0.3889678,0.05778795,-0.18660969,-0.08383851,-0.15171413,-0.023396432,-0.21849881,0.042992454,-0.1166416,0.010442693,-0.02758107,0.08466076,-0.19689627,0.04208808,-0.012142158,0.085076354,0.10155085,0.056774966,-0.0834002,0.00078401226,0.11674395,0.18249129,0.24815358,0.031983983,-0.105058365,0.035668608
105,-0.20043704,-0.05338175,-0.23267186,-0.1337259,-0.11354408,-0.1308072,-0.20607704,0.00057803537,-0.22469886,-0.101500034,-0.38695946,0.055551723,-0.1849497,-0.08236947,-0.15034944,-0.025151301,-0.21824649,0.04121006,-0.114779875,0.01052186,-0.025866609,0.08485331,-0.19707654,0.04156314,-0.010511214,0.08285825,0.10356872,0.057042185,-0.07982558,0.00041757745,0.118536375,0.18080154,0.24997614,0.029621838,-0.101130955,0.036416434
106,-0.20051973,-0.05312919,-0.23276909,-0.13365476,-0.1119872,-0.13246149,-0.20599677,0.0027430935,-0.22460824,-0.09964148,-0.38917145,0.056825794,-0.18602696,-0.07979212,-0.1510502,-0.023946427,-0.2182123,0.042079482,-0.115814745,0.0113583375,-0.026904408,0.08521067,-0.19720948,0.042456448,-0.011594681,0.08437484,0.102421395,0.057094306,-0.079725,0.00066841615,0.1174172,0.18438214,0.24776474,0.030280605,-0.10287302,0.038485024
107,-0.20184234,-0.05007807,-0.2344002,-0.13491583,-0.11003387,-0.13142465,-0.2072198,-0.00024200417,-0.2257976,-0.10084728,-0.38828537,0.057019617,-0.18658362,-0.076781735,-0.15206341,-0.026203774,-0.21947034,0.04289192,-0.11623715,0.012548611,-0.027413787,0.08556184,-0.1990367,0.044073567,-0.0120296795,0.08318154,0.10219922,0.05661969,-0.077196695,0.0015883526,0.11716007,0.18537153,0.2478215,0.028232366,-0.099385716,0.038447592
108,-0.2021699,-0.046583068,-0.2349478,-0.13568272,-0.10833036,-0.13149816,-0.20745437,-0.0031772258,-0.22609119,-0.10083004,-0.38858694,0.057103027,-0.18693608,-0.07343586,-0.15261032,-0.027196232,-0.22102068,0.04328421,-0.11655119,0.0126813175,-0.027816188,0.08663794,-0.20087443,0.045358714,-0.012531873,0.083915904,0.10205489,0.056186605,-0.075569555,0.0015047053,0.11699158,0.18809824,0.24796727,0.02739531,-0.09839399,0.037032805
109,-0.19983743,-0.0496718,-0.23272668,-0.13455606,-0.10413297,-0.1345484,-0.20489036,-0.00015640102,-0.22355522,-0.09591337,-0.3888132,0.058216617,-0.18679772,-0.07551156,-0.15216419,-0.025846161,-0.21867432,0.04349877,-0.116416916,0.012421977,-0.027607419,0.086821795,-0.19985786,0.044611253,-0.01245905,0.086510554,0.102440834,0.05619781,-0.07484025,-0.00047584827,0.117336124,0.19168817,0.24795614,0.029953653,-0.101850316,0.035660964
110,-0.20019387,-0.049187303,-0.23372184,-0.13568008,-0.10432556,-0.13418685,-0.20575997,0.002036295,-0.22443742,-0.09824227,-0.38763195,0.056283556,-0.18642405,-0.073430955,-0.15179284,-0.028370518,-0.22057238,0.04097827,-0.1153948,0.013351236,-0.02673159,0.087618575,-0.20245504,0.043714795,-0.011589221,0.084830545,0.10342414,0.056951307,-0.0723871,-0.0009972325,0.11813058,0.19177918,0.24784954,0.02869578,-0.10181445,0.037599668
111,-0.20133136,-0.04862957,-0.23502661,-0.13552053,-0.10411765,-0.13185379,-0.20705119,0.0056970236,-0.22570801,-0.09913902,-0.38744497,0.057509586,-0.18729073,-0.072377205,-0.15203975,-0.028579464,-0.22113818,0.04156182,-0.1156002,0.01312531,-0.026976103,0.08798323,-0.20269719,0.045052186,-0.0118975695,0.084008045,0.10338187,0.05658384,-0.0702784,-0.0004755825,0.11804696,0.19179657,0.24741375,0.027219389,-0.09951522,0.038735673
112,-0.20023741,-0.049565673,-0.23391718,-0.1335883,-0.10066959,-0.13094796,-0.2057785,0.006963151,-0.22444922,-0.0978233,-0.38614082,0.05878285,-0.1864997,-0.07399813,-0.15079679,-0.028217208,-0.2195509,0.042367935,-0.11441248,0.011354596,-0.025792697,0.08770059,-0.20146368,0.045517594,-0.01078094,0.08521083,0.105089255,0.055594593,-0.0685932,-0.0016348849,0.11972089,0.19270016,0.25006235,0.02677597,-0.097088,0.036003586
113,-0.20082846,-0.047949336,-0.23518811,-0.13377136,-0.10270383,-0.12948188,-0.20726639,0.008036654,-0.22590896,-0.09997924,-0.387261,0.058360044,-0.18706673,-0.07232062,-0.15153535,-0.029209174,-0.2227418,0.042663913,-0.1149725,0.013044307,-0.026411736,0.0896018,-0.20468514,0.046938546,-0.011588182,0.083752386,0.10437757,0.05732477,-0.067220286,-0.00033753552,0.11882885,0.19338065,0.24873742,0.026443504,-0.09666829,0.03829431
114,-0.2006888,-0.048858956,-0.235344,-0.13417588,-0.10266225,-0.1298208,-0.20736785,0.010877172,-0.22593161,-0.0999112,-0.38732746,0.057581037,-0.18713439,-0.07181239,-0.15163192,-0.029742267,-0.22323015,0.041771375,-0.11493375,0.015289293,-0.026414815,0.09001772,-0.20622429,0.04621366,-0.01156138,0.08532486,0.10423643,0.057873175,-0.06675688,-0.00096336566,0.11862689,0.19674106,0.24753708,0.027002085,-0.09819143,0.03965985
115,-0.2012433,-0.047333624,-0.2355659,-0.13282268,-0.100137845,-0.1293313,-0.20745254,0.013426624,-0.22578658,-0.09897389,-0.38731253,0.05816932,-0.18745391,-0.06898541,-0.151355,-0.028425843,-0.22134615,0.042375386,-0.114962645,0.015661633,-0.026526945,0.08967499,-0.20415728,0.047348034,-0.011756061,0.08658763,0.10410541,0.05637899,-0.06409889,-0.00077774917,0.118526325,0.19958214,0.24679221,0.025516007,-0.09509984,0.041481063
116,-0.19705115,-0.04717764,-0.23196328,-0.12767594,-0.096771635,-0.13367973,-0.20409817,0.011577021,-0.22240709,-0.095092975,-0.38896793,0.056733582,-0.18600237,-0.06839994,-0.15041202,-0.025840096,-0.22036198,0.043056134,-0.114704065,0.016813803,-0.02631134,0.092903435,-0.2033047,0.048927493,-0.012431813,0.084359586,0.104000755,0.059051804,-0.058555834,-0.0001275249,0.11804721,0.20012696,0.24641006,0.027320873,-0.09374359,0.039434575
117,-0.19712715,-0.04519376,-0.23291074,-0.12839995,-0.093565874,-0.13321383,-0.20459576,0.0073552867,-0.22300306,-0.09779666,-0.38673058,0.05536135,-0.18504606,-0.066306,-0.15099618,-0.031495314,-0.22273315,0.04323921,-0.11377921,0.018442782,-0.025463987,0.09266465,-0.20941226,0.048643887,-0.010968043,0.0869684,0.10605773,0.059113603,-0.058519974,-0.0017202778,0.12003684,0.20637311,0.24892075,0.028344288,-0.09914263,0.03688204
118,-0.19678536,-0.04538035,-0.23275168,-0.12743174,-0.089054815,-0.13328777,-0.20401771,0.0086464025,-0.22238259,-0.09716446,-0.3842454,0.055836774,-0.18445772,-0.06511539,-0.15049644,-0.033283435,-0.22064286,0.043601103,-0.11269052,0.016611654,-0.024376417,0.09135246,-0.20894659,0.04854084,-0.009590944,0.08797017,0.10803112,0.057597417,-0.056327272,-0.0031722526,0.12198103,0.2089435,0.25076458,0.028518246,-0.10105474,0.036335837
119,-0.19539262,-0.04446571,-0.23169857,-0.12417403,-0.0875507,-0.13353564,-0.20316748,0.008884018,-0.22144958,-0.096645854,-0.385531,0.056238186,-0.1838669,-0.0627802,-0.14975506,-0.032010395,-0.22124298,0.045034226,-0.11233591,0.015441702,-0.024138214,0.09340545,-0.20889954,0.051138528,-0.009905801,0.08315835,0.10824645,0.05944797,-0.052243438,-0.0015526174,0.12191009,0.20669901,0.2508147,0.028071266,-0.0975866,0.038496643
120,-0.19461367,-0.04316302,-0.23148392,-0.12350786,-0.088701494,-0.13222343,-0.20316432,0.00898144,-0.22141561,-0.0978417,-0.38791066,0.056375716,-0.18346919,-0.060632836,-0.14977151,-0.0327165,-0.22536814,0.046314903,-0.11230969,0.01787879,-0.024261622,0.09550456,-0.2145155,0.052356124,-0.010051982,0.0824265,0.10803402,0.062264804,-0.05415891,-0.00088977796,0.121598594,0.20977467,0.25060698,0.029890899,-0.10046197,0.038501173
121,-0.19458011,-0.048792977,-0.23187017,-0.124161795,-0.08633935,-0.13182917,-0.20321123,0.011496282,-0.22141483,-0.098026425,-0.38619182,0.05712312,-0.18320425,-0.061967034,-0.15010746,-0.035550702,-0.2247211,0.04705628,-0.11180838,0.020971326,-0.023744397,0.09357967,-0.21756744,0.05093964,-0.0087256115,0.08389403,0.109297454,0.062155508,-0.056760706,-0.002326801,0.122935355,0.21289599,0.25142655,0.031388775,-0.10434791,0.038959485
122,-0.1944315,-0.04876901,-0.23191379,-0.123759024,-0.086196,-0.1311491,-0.20328026,0.011779249,-0.22127433,-0.10059683,-0.3841586,0.054642394,-0.18155114,-0.059246182,-0.14838605,-0.036789887,-0.2244073,0.044929337,-0.10973773,0.021949826,-0.021957153,0.09335008,-0.2175679,0.050362524,-0.0069260173,0.08023903,0.1111081,0.062146083,-0.053369384,-0.0024420226,0.12455473,0.21071906,0.25255907,0.028506238,-0.098129,0.0407789
123,-0.19294684,-0.051739898,-0.23014031,-0.12201588,-0.08303504,-0.13133194,-0.20134568,0.016526047,-0.21928824,-0.09568102,-0.38345918,0.057715658,-0.1818408,-0.062353615,-0.14812727,-0.03441837,-0.22047468,0.047375783,-0.10997394,0.022510285,-0.022059496,0.09230552,-0.21478052,0.050500724,-0.006991667,0.08187851,0.11096965,0.061122008,-0.053944774,-0.003132727,0.12450909,0.21284068,0.25232074,0.03065359,-0.098392256,0.03980669
124,-0.19271216,-0.049568404,-0.2302792,-0.12291884,-0.08449764,-0.12953547,-0.20156047,0.018490132,-0.21944232,-0.09787526,-0.382107,0.055879056,-0.18076336,-0.06171947,-0.14701346,-0.0365499,-0.2224849,0.045125484,-0.10836145,0.023916276,-0.020712305,0.09303734,-0.21803929,0.049244024,-0.0055857613,0.081130706,0.11221224,0.06191265,-0.053387675,-0.0040981886,0.12563574,0.21363571,0.25329235,0.030088948,-0.097175516,0.03891475
125,-0.19105501,-0.05074783,-0.22877681,-0.12128858,-0.084108226,-0.12960838,-0.2002014,0.021429982,-0.21802066,-0.09569695,-0.38303426,0.056762516,-0.18044372,-0.063164875,-0.14637706,-0.035367638,-0.22267245,0.045550384,-0.10807241,0.024707278,-0.02046868,0.09414777,-0.21896346,0.04922674,-0.005570938,0.080655076,0.11217213,0.06315301,-0.0534621,-0.004429569,0.1255168,0.21420342,0.2530506,0.031512123,-0.09690702,0.038474996
126,-0.19131662,-0.050051507,-0.22897911,-0.12019921,-0.082296446,-0.12823032,-0.2003141,0.021893928,-0.21790014,-0.09643992,-0.38211855,0.056775603,-0.17985079,-0.062157523,-0.14542921,-0.035664994,-0.22221024,0.045502942,-0.10702996,0.02386017,-0.019548107,0.09379922,-0.21844351,0.049812764,-0.004628668,0.07956691,0.11331888,0.06233921,-0.051405124,-0.0044601914,0.1265957,0.2136444,0.2542803,0.029532319,-0.09240367,0.038630467
127,-0.19188753,-0.050693177,-0.23000698,-0.12017552,-0.08309002,-0.12777363,-0.20142409,0.022686595,-0.21896237,-0.097336434,-0.38340184,0.057184912,-0.18066533,-0.061519206,-0.14658037,-0.0364596,-0.22405405,0.04683099,-0.108028255,0.026081558,-0.020619057,0.09442162,-0.22135425,0.051052775,-0.0055643898,0.07944691,0.11240236,0.06325751,-0.05224115,-0.0035559104,0.12568371,0.21553294,0.25263017,0.030245239,-0.09415759,0.041153245
128,-0.19131538,-0.051432017,-0.22963598,-0.12054847,-0.08159501,-0.128267,-0.2008559,0.023054177,-0.21840076,-0.09734623,-0.38230535,0.056659658,-0.1799521,-0.061807193,-0.14602877,-0.037926,-0.2237014,0.04635848,-0.10705422,0.026636954,-0.019716289,0.093548216,-0.22287275,0.049946472,-0.0042991764,0.08180528,0.11368715,0.06253024,-0.053466093,-0.005073669,0.12702064,0.21860561,0.25385705,0.03097927,-0.09614031,0.040030614
129,-0.18979192,-0.052008327,-0.22839487,-0.11953571,-0.08057477,-0.12978406,-0.19961607,0.022144847,-0.21704753,-0.097057685,-0.3817873,0.05498743,-0.17859823,-0.061398644,-0.14469698,-0.03817222,-0.2234729,0.044846468,-0.10565316,0.026922096,-0.018528307,0.094144195,-0.2232335,0.049362868,-0.0032811975,0.07920311,0.11483026,0.063238464,-0.051325496,-0.0055575552,0.12799737,0.21680205,0.25462344,0.030384326,-0.09288392,0.04056005
130,-0.18858705,-0.05160845,-0.22755215,-0.11881529,-0.0815119,-0.13061623,-0.19895539,0.021784555,-0.21637683,-0.09627439,-0.38425258,0.055021208,-0.17852439,-0.06075092,-0.14472723,-0.037184495,-0.22561927,0.04572669,-0.10605759,0.028992224,-0.019157944,0.09618595,-0.22575039,0.050776564,-0.004236242,0.07846716,0.11386584,0.06496267,-0.05159181,-0.0046873325,0.12695162,0.21766287,0.25337666,0.031495977,-0.09214483,0.041113753
131,-0.18687181,-0.051959507,-0.22597343,-0.11402322,-0.07666414,-0.13034919,-0.19733138,0.01705423,-0.2147135,-0.0935616,-0.38448203,0.057119347,-0.1781454,-0.06164034,-0.14471503,-0.03518431,-0.22423758,0.04988525,-0.10655087,0.028047305,-0.019772712,0.09773998,-0.22434121,0.055353686,-0.0054075373,0.07705629,0.11391996,0.06501975,-0.047643036,-0.0029395702,0.12682474,0.21499376,0.25577626,0.030708563,-0.083230786,0.03866569
132,-0.18594652,-0.05253372,-0.2257934,-0.116549194,-0.077180095,-0.13141485,-0.19698332,0.018601041,-0.21436542,-0.09405914,-0.38297468,0.054908633,-0.17737354,-0.06132891,-0.1447859,-0.038420416,-0.22536527,0.047987096,-0.10576447,0.032550626,-0.01944233,0.09762667,-0.22959529,0.053284775,-0.004540238,0.07778526,0.11465341,0.06587322,-0.049539115,-0.0047580437,0.12755616,0.21730685,0.25589398,0.033002727,-0.08680485,0.037793055
133,-0.18839794,-0.051328663,-0.22832003,-0.11996367,-0.077238664,-0.12966746,-0.1991688,0.024270386,-0.21630138,-0.09610044,-0.38073644,0.054615017,-0.1781719,-0.058774926,-0.14548233,-0.041308504,-0.22482702,0.04730309,-0.10559862,0.034894485,-0.019571181,0.09499511,-0.2311634,0.05213611,-0.003735961,0.07862434,0.11514919,0.06346865,-0.050850287,-0.0057535605,0.12823528,0.2198651,0.25470555,0.032421246,-0.089036494,0.04003885
134,-0.18819,-0.05145826,-0.22798337,-0.11940885,-0.07417567,-0.12977542,-0.19855028,0.028646676,-0.21529679,-0.09405817,-0.37874678,0.05507422,-0.17793272,-0.05803759,-0.14459652,-0.040778436,-0.22161628,0.046899006,-0.10471413,0.034342393,-0.018865025,0.093730725,-0.22825609,0.05174339,-0.002945853,0.07597165,0.11603956,0.061803244,-0.04772965,-0.006421147,0.12908627,0.21758237,0.25447112,0.03135381,-0.08518832,0.041530985
135,-0.18887448,-0.04758117,-0.2287594,-0.12017956,-0.07338151,-0.1281826,-0.19916321,0.029742619,-0.21575005,-0.093933985,-0.38009822,0.056968264,-0.17862204,-0.05541101,-0.14492904,-0.040844493,-0.22331506,0.04875678,-0.10511479,0.034309283,-0.019672126,0.09412193,-0.2299517,0.05415134,-0.0036801721,0.07580724,0.11537698,0.06106491,-0.048222177,-0.0053912676,0.12849699,0.218305,0.25419286,0.030547462,-0.082265034,0.040389664
136,-0.18715057,-0.048070718,-0.2271541,-0.1185385,-0.07129738,-0.1287191,-0.19749185,0.029536149,-0.21405008,-0.09176359,-0.38148072,0.058164943,-0.1780137,-0.055370435,-0.14419493,-0.03994958,-0.2240675,0.04985562,-0.10466757,0.034154765,-0.019461194,0.09524481,-0.2315186,0.055119324,-0.0036490893,0.0762552,0.115575485,0.061831046,-0.048842773,-0.0055410755,0.12866536,0.21903884,0.25501725,0.031555414,-0.08128744,0.038320523
137,-0.18802872,-0.050780676,-0.22866039,-0.12003933,-0.07105786,-0.12896338,-0.19882895,0.028646057,-0.21521808,-0.09455657,-0.38084373,0.057025675,-0.1777918,-0.053695705,-0.14450082,-0.043455936,-0.22614613,0.048704147,-0.10408972,0.03588195,-0.019227993,0.09519251,-0.23563322,0.055117052,-0.00301062,0.07495634,0.11647217,0.062435035,-0.048194088,-0.0056647137,0.12946612,0.21833266,0.25515822,0.030778233,-0.0816564,0.040407952
138,-0.18714982,-0.05433682,-0.2281591,-0.12011007,-0.070143186,-0.1299541,-0.19822605,0.03189494,-0.21466552,-0.09296538,-0.38111258,0.05814061,-0.17802607,-0.055302728,-0.14488871,-0.04427616,-0.22622588,0.049298715,-0.104247056,0.037182167,-0.019406911,0.09524845,-0.23816039,0.054507703,-0.002960266,0.077198766,0.11665027,0.06298345,-0.049816187,-0.0067520104,0.1296641,0.22063322,0.2549516,0.033260576,-0.08593035,0.04007817
139,-0.18551685,-0.054003537,-0.22699337,-0.11859993,-0.068673946,-0.13044001,-0.19703445,0.029670086,-0.2133399,-0.09378856,-0.37974298,0.055925056,-0.17605205,-0.0549635,-0.14301367,-0.04530021,-0.22661948,0.047142837,-0.10211995,0.037340745,-0.017647674,0.096585006,-0.23914698,0.054441977,-0.0015602427,0.073066905,0.118500836,0.064249724,-0.045228798,-0.007044679,0.13119316,0.2163572,0.2569139,0.031220233,-0.0791664,0.039836094
140,-0.18505168,-0.05252539,-0.22632498,-0.11887772,-0.06731092,-0.1307635,-0.19620043,0.031981114,-0.21228226,-0.09142469,-0.38088956,0.057510372,-0.17622112,-0.05371315,-0.1427668,-0.04404413,-0.22588682,0.048409313,-0.10219009,0.03804132,-0.017951973,0.09629258,-0.23900071,0.05489235,-0.0017785177,0.07336289,0.11805797,0.06372355,-0.046464942,-0.0071116444,0.13083497,0.2178686,0.25615895,0.0320225,-0.078356035,0.039332714
141,-0.18492827,-0.053373072,-0.22617823,-0.11868954,-0.06570837,-0.13099864,-0.19589548,0.030816946,-0.21184634,-0.09140048,-0.38123557,0.057772923,-0.17579952,-0.052635618,-0.1423926,-0.044295177,-0.22594337,0.04907478,-0.10175155,0.038527712,-0.017691195,0.095784284,-0.23996364,0.05533348,-0.0012779012,0.0741572,0.11861152,0.06333109,-0.047510922,-0.007335582,0.13143042,0.21911398,0.25691366,0.03196446,-0.077333435,0.0388718
142,-0.18574639,-0.05192365,-0.22706044,-0.12076828,-0.06571185,-0.13060053,-0.19659792,0.031573787,-0.21240649,-0.09310416,-0.38143682,0.05706983,-0.1755543,-0.05018918,-0.14222436,-0.046125922,-0.22761421,0.04856741,-0.10115169,0.039904043,-0.017455703,0.09503726,-0.24315804,0.055071995,-0.00050511747,0.07704253,0.11915348,0.06253171,-0.049943157,-0.00800808,0.13210203,0.22332524,0.25736544,0.03186085,-0.07881553,0.03802035
143,-0.18662035,-0.05318835,-0.22778244,-0.11861728,-0.06311786,-0.12994866,-0.1971937,0.034167577,-0.21247055,-0.09204735,-0.38103116,0.05805344,-0.17613089,-0.049931128,-0.1425421,-0.044863008,-0.22504878,0.050238155,-0.10168919,0.0411871,-0.017997097,0.09442215,-0.24021257,0.056795064,-0.0011212728,0.07261295,0.1187488,0.061919585,-0.045396063,-0.006538025,0.13156849,0.22051628,0.25569624,0.029622559,-0.07217874,0.042464413
144,-0.1861021,-0.05074175,-0.22729272,-0.11825409,-0.06143246,-0.12918955,-0.19655518,0.0329322,-0.2117951,-0.09261922,-0.38044497,0.0575353,-0.17506373,-0.04809206,-0.14155096,-0.045909982,-0.2261306,0.050079055,-0.10047451,0.04072906,-0.017235806,0.09501253,-0.24247128,0.0578212,-0.0003424099,0.074161045,0.119746044,0.061827693,-0.04496782,-0.0067064255,0.13251543,0.22244188,0.25769654,0.02905289,-0.069802575,0.03994991
145,-0.18468685,-0.05392055,-0.22596626,-0.11785324,-0.059715718,-0.13085938,-0.19508937,0.03614628,-0.21027249,-0.08995849,-0.3801827,0.05793955,-0.17474909,-0.049135596,-0.14133263,-0.04570052,-0.22476971,0.050203577,-0.10024099,0.04263154,-0.01711313,0.09496375,-0.24353786,0.05686791,-0.00010138357,0.07590005,0.11994826,0.06211997,-0.045551028,-0.007848512,0.13271375,0.2248882,0.25731054,0.031384893,-0.0726068,0.039812744
146,-0.18457298,-0.049996156,-0.2259811,-0.11932052,-0.06307792,-0.13164328,-0.19536991,0.032766376,-0.2098823,-0.09316204,-0.38387686,0.05394953,-0.1730649,-0.041417517,-0.13971707,-0.045696653,-0.22972679,0.04749406,-0.09891887,0.045045584,-0.016844984,0.09693553,-0.24827628,0.05773726,4.235946e-06,0.073979616,0.11956161,0.064144194,-0.047106795,-0.006919968,0.13227719,0.22734967,0.2559329,0.030679189,-0.07207328,0.04185253
147,-0.18306343,-0.050406914,-0.22369795,-0.117596485,-0.05912173,-0.13451791,-0.19279803,0.037416134,-0.20670986,-0.08688347,-0.3851463,0.055825815,-0.17296067,-0.039660405,-0.13886514,-0.04071252,-0.22498395,0.04983368,-0.09921463,0.043859534,-0.017290736,0.095874965,-0.24279086,0.058625165,-0.00060612115,0.07492587,0.11881813,0.06184496,-0.047570318,-0.0071726274,0.13170712,0.22949575,0.25409493,0.03293554,-0.073556766,0.043010328
148,-0.18085784,-0.05379102,-0.22196469,-0.11530805,-0.05563388,-0.13457374,-0.19086452,0.03290055,-0.20515598,-0.08695138,-0.38037014,0.05420298,-0.17081451,-0.043039493,-0.13733023,-0.04339694,-0.22357424,0.047862783,-0.096886426,0.045871787,-0.0153044965,0.09698726,-0.24472174,0.058140505,0.0011718991,0.07289621,0.12121578,0.06340033,-0.041909542,-0.008111743,0.13372245,0.22698227,0.25755367,0.032529857,-0.06827645,0.040744834
149,-0.18557757,-0.050905567,-0.22576208,-0.1195369,-0.051964037,-0.13013694,-0.19392791,0.029999657,-0.2076522,-0.089195326,-0.37631398,0.05602038,-0.1719915,-0.036230855,-0.13895705,-0.047053874,-0.2216703,0.050272796,-0.09736683,0.04883299,-0.01661148,0.0922508,-0.24539636,0.06061395,0.0014678037,0.07875897,0.12128623,0.057698958,-0.044736147,-0.0072790594,0.13418177,0.2350472,0.25841218,0.029804168,-0.06639455,0.040039293
150,-0.18519855,-0.062846646,-0.22540238,-0.11956735,-0.047077432,-0.13230796,-0.19303803,0.033973128,-0.20688604,-0.084266275,-0.37332693,0.059517186,-0.17339423,-0.04076306,-0.14095357,-0.047676608,-0.21591043,0.053211953,-0.09886539,0.055118017,-0.01789014,0.089780666,-0.24468042,0.05994713,0.0009271087,0.079712965,0.12091895,0.056619357,-0.044357635,-0.008085763,0.13385557,0.23692219,0.2569225,0.033040036,-0.06951795,0.04239491
151,-0.18246543,-0.050006453,-0.22346911,-0.11871208,-0.04923719,-0.13213588,-0.1914124,0.028207794,-0.20460083,-0.0882557,-0.37386557,0.052391984,-0.16898921,-0.031460445,-0.13676022,-0.04865188,-0.22124498,0.04725055,-0.0947659,0.05820827,-0.016214844,0.09448374,-0.25005376,0.06278225,0.0016062933,0.06902933,0.1218716,0.060513128,-0.037452966,-0.0060404656,0.1343257,0.23052067,0.25800592,0.027944863,-0.056046866,0.0427662
152,-0.17684413,-0.053997118,-0.21795829,-0.11688807,-0.045797773,-0.13759863,-0.18569635,0.03901604,-0.19846533,-0.0768373,-0.37809476,0.05667306,-0.16841519,-0.029908998,-0.13570046,-0.04216187,-0.2179282,0.050647225,-0.0952781,0.060216893,-0.017649109,0.09675794,-0.24902782,0.064409025,-0.00058433675,0.06849736,0.119862534,0.061831586,-0.039085854,-0.0061483225,0.1323584,0.23099312,0.25528666,0.035147388,-0.062647,0.04162456
153,-0.18160656,-0.055748317,-0.2226968,-0.12102997,-0.042681217,-0.13308485,-0.18982868,0.03868966,-0.20272048,-0.08361173,-0.37059295,0.056470245,-0.16901411,-0.028678594,-0.13682207,-0.05107959,-0.21728927,0.049350057,-0.09398816,0.06332894,-0.017094035,0.091460824,-0.25299212,0.06444247,0.0019854764,0.067443594,0.12274199,0.05803968,-0.03820934,-0.0067217983,0.13529423,0.2300272,0.2590288,0.029563472,-0.05661597,0.040781096
154,-0.18084916,-0.06128939,-0.2217177,-0.120127015,-0.041189034,-0.1328082,-0.18873888,0.045238465,-0.20168932,-0.082688056,-0.37037104,0.057677984,-0.1683269,-0.029993651,-0.13600852,-0.050761625,-0.21636145,0.05078075,-0.0932103,0.0642975,-0.016517328,0.09049537,-0.2541793,0.06456089,0.0029715763,0.070586294,0.124009095,0.057354722,-0.040766045,-0.007968182,0.13665108,0.23204412,0.26108512,0.032006044,-0.05953439,0.03815752
155,-0.18247135,-0.06454396,-0.22392124,-0.11932223,-0.042455614,-0.13132545,-0.19109659,0.044400543,-0.20416193,-0.08779003,-0.3702563,0.05643005,-0.16846113,-0.029606458,-0.13652983,-0.05280565,-0.21901412,0.05133814,-0.09334133,0.06708148,-0.017107854,0.09092006,-0.25762907,0.067772865,0.002592957,0.07013522,0.12440569,0.057763163,-0.03945811,-0.0065203947,0.13695483,0.23089093,0.26188105,0.03145034,-0.058342304,0.03994584
156,-0.18232442,-0.067720436,-0.22372562,-0.11907146,-0.04241626,-0.13197309,-0.19091663,0.049044307,-0.20371366,-0.08786412,-0.37000427,0.05586551,-0.1679213,-0.02924733,-0.1359682,-0.052470803,-0.21823429,0.051493037,-0.09282819,0.06858742,-0.017026272,0.09051693,-0.2582618,0.06838501,0.0028698419,0.072375424,0.1249637,0.057090126,-0.039840292,-0.007020547,0.13753286,0.23274736,0.26234666,0.033673786,-0.061318006,0.03995874
157,-0.18348701,-0.06792565,-0.22462684,-0.11951538,-0.04276861,-0.13063382,-0.19182417,0.05170353,-0.20399955,-0.08907334,-0.37007704,0.055372518,-0.16764297,-0.027672173,-0.13558981,-0.052522175,-0.21795872,0.05171154,-0.092421964,0.07098304,-0.017050998,0.08923455,-0.25822854,0.06857196,0.003265405,0.070443526,0.12516427,0.05623969,-0.04097412,-0.007015723,0.13780336,0.2324982,0.26166716,0.033758014,-0.06048096,0.04180016
158,-0.18101588,-0.06722558,-0.22155558,-0.11552179,-0.041396227,-0.13124903,-0.18883266,0.052230842,-0.20043345,-0.086441524,-0.37239707,0.05449958,-0.16527447,-0.026921822,-0.13283765,-0.04856398,-0.21752231,0.051801186,-0.09071516,0.0700045,-0.015703984,0.09086146,-0.25661215,0.06888474,0.003907055,0.06771933,0.12578423,0.0579523,-0.041788302,-0.0073902057,0.13833931,0.23042619,0.26232806,0.035862565,-0.05906042,0.041081913
159,-0.18140136,-0.06816165,-0.22199005,-0.115899,-0.042604707,-0.13123667,-0.18937431,0.051103793,-0.20045485,-0.0892036,-0.3737215,0.052131977,-0.16403946,-0.024305386,-0.1316545,-0.049701862,-0.2199021,0.05002719,-0.08938259,0.07179686,-0.015081411,0.0907757,-0.25970012,0.0688956,0.004826708,0.06605433,0.12661457,0.058993626,-0.043766104,-0.007596131,0.13915162,0.23005815,0.26272854,0.036000688,-0.059383135,0.04195421
160,-0.18124652,-0.0716455,-0.22186403,-0.11599835,-0.04310829,-0.13333388,-0.18930742,0.05378223,-0.20000947,-0.088011734,-0.3758959,0.052560147,-0.16436124,-0.022354398,-0.1320233,-0.048529103,-0.22026879,0.051095262,-0.090082005,0.07307571,-0.016407164,0.0911686,-0.261109,0.07074151,0.0035441588,0.067824334,0.125544,0.05917002,-0.045776494,-0.006960693,0.13815905,0.23219328,0.26123488,0.039154876,-0.063879974,0.042132806
161,-0.1814344,-0.06911633,-0.22146039,-0.114664085,-0.03947463,-0.13263343,-0.18857841,0.051491313,-0.19913568,-0.08816914,-0.37314343,0.051971015,-0.16307771,-0.020971542,-0.13070695,-0.048750505,-0.21826023,0.05116688,-0.08859979,0.07137993,-0.015717989,0.09021821,-0.25937414,0.07288174,0.0043781144,0.06763588,0.12669644,0.057463273,-0.044843014,-0.0064278166,0.13933305,0.23147933,0.2636221,0.038369596,-0.05973054,0.03879705
162,-0.1814733,-0.066735834,-0.22081904,-0.112048395,-0.036545854,-0.13111402,-0.1877541,0.053725425,-0.19747813,-0.087904535,-0.37016985,0.05011386,-0.16111395,-0.021048905,-0.12833801,-0.047159653,-0.21441856,0.050356645,-0.08644322,0.07016265,-0.0135401655,0.08859218,-0.2535558,0.072069034,0.0064934487,0.06370588,0.12869778,0.0550603,-0.041636314,-0.0072648693,0.14127745,0.2279067,0.2648983,0.036041237,-0.05294021,0.038913958
163,-0.17996447,-0.065544955,-0.21938995,-0.11242116,-0.03738757,-0.13174209,-0.18642557,0.060141575,-0.19538088,-0.08599261,-0.37200934,0.04979999,-0.15996163,-0.018216824,-0.1269612,-0.045256004,-0.2144565,0.050341543,-0.08558587,0.073129274,-0.013651933,0.08881575,-0.254269,0.07233556,0.006383031,0.06301907,0.1281571,0.055172443,-0.043611377,-0.0071957367,0.14081623,0.23001224,0.26337397,0.03790397,-0.054264132,0.039280124
164,-0.17955887,-0.0720404,-0.21969822,-0.11345099,-0.039025467,-0.13486874,-0.18686184,0.059742913,-0.1955611,-0.088092275,-0.37335292,0.04714548,-0.15923147,-0.017313559,-0.12641554,-0.046226762,-0.21539506,0.048529252,-0.084841266,0.0783686,-0.013297835,0.087649725,-0.25702783,0.07121919,0.007352855,0.06291264,0.12889744,0.055404373,-0.045862794,-0.007907942,0.14158784,0.23162182,0.2628263,0.038992673,-0.057165693,0.04147235
165,-0.1834279,-0.07547282,-0.2226482,-0.113168545,-0.035792492,-0.13253158,-0.1894258,0.05846099,-0.19742599,-0.08955937,-0.37102997,0.04824428,-0.16032127,-0.015963677,-0.12756312,-0.046958067,-0.2125149,0.051147446,-0.085620135,0.07725959,-0.014168087,0.083514914,-0.25352454,0.07398039,0.007534681,0.06403168,0.12943798,0.05069374,-0.047591463,-0.006949768,0.14243768,0.23160304,0.26436508,0.03648615,-0.05312405,0.041956842
166,-0.18311222,-0.076144636,-0.22252376,-0.11251842,-0.036180876,-0.13080366,-0.18937595,0.061084475,-0.19716002,-0.08932515,-0.3715173,0.049326688,-0.16020142,-0.015999341,-0.12739311,-0.046774544,-0.21303485,0.052121468,-0.08553324,0.07953314,-0.014738763,0.08384003,-0.25517642,0.07544393,0.0070218714,0.06347648,0.12895459,0.051209144,-0.048527975,-0.0062996508,0.14195584,0.23191078,0.26396027,0.03720248,-0.052312415,0.041889917
167,-0.18195285,-0.07518548,-0.22177646,-0.113798164,-0.037268523,-0.13083124,-0.1887044,0.061166905,-0.1962947,-0.09116352,-0.37136966,0.047335654,-0.15831782,-0.013105915,-0.12554836,-0.04837945,-0.21460064,0.04991644,-0.08337845,0.08188861,-0.014080418,0.083271675,-0.25891262,0.075794466,0.008183422,0.06378961,0.12998366,0.051610757,-0.05186139,-0.006661958,0.14303704,0.23299088,0.2655256,0.037859622,-0.052848354,0.040086705
168,-0.1811582,-0.082338765,-0.22101533,-0.11007763,-0.035651244,-0.13210993,-0.18793589,0.06219937,-0.19557156,-0.08978242,-0.37183008,0.048198164,-0.15826386,-0.017068926,-0.12547229,-0.046291307,-0.21262717,0.052128483,-0.08372934,0.08242257,-0.013723989,0.08298276,-0.25665316,0.07622321,0.008435834,0.06315105,0.13053282,0.05157719,-0.05201934,-0.0070313085,0.14356762,0.23125176,0.2659726,0.039590236,-0.052482013,0.040909223
169,-0.17870295,-0.08356271,-0.21971093,-0.10731738,-0.036649287,-0.1316503,-0.18685856,0.05869211,-0.19513662,-0.09259227,-0.3717084,0.045756336,-0.15636398,-0.020911193,-0.123720594,-0.048039693,-0.21530643,0.049420185,-0.08169872,0.08583818,-0.012017899,0.08516163,-0.261405,0.07542723,0.009803404,0.059615817,0.13210429,0.05579025,-0.050314438,-0.0076839756,0.14475581,0.22760719,0.26759154,0.040350616,-0.050409228,0.040392995
170,-0.18017687,-0.08247354,-0.2207386,-0.108908415,-0.0361557,-0.13011366,-0.18775664,0.064013764,-0.19550191,-0.09204842,-0.3722222,0.04756101,-0.15709011,-0.019021444,-0.12431593,-0.04763303,-0.21461937,0.051717866,-0.08235234,0.088649884,-0.013479328,0.08339286,-0.26109126,0.07741707,0.008942996,0.060670957,0.13105261,0.05345036,-0.0526495,-0.0067197257,0.14395055,0.23035356,0.266419,0.039621357,-0.048545904,0.04092531
171,-0.17851347,-0.08306745,-0.21906456,-0.10760785,-0.03486919,-0.13036147,-0.1860265,0.067091584,-0.19377483,-0.09012955,-0.3729876,0.04847708,-0.15623485,-0.020339496,-0.12332698,-0.046550546,-0.21429801,0.052445684,-0.08163723,0.0906373,-0.01319441,0.08400257,-0.2619003,0.07755285,0.009092653,0.060153615,0.13106,0.054527394,-0.053679906,-0.006956753,0.14391004,0.23092599,0.26631087,0.041106023,-0.047930967,0.040255338
172,-0.17929639,-0.082649164,-0.21986936,-0.106774606,-0.03215967,-0.128691,-0.18657385,0.064375244,-0.19460319,-0.09318977,-0.37024322,0.047531933,-0.15533133,-0.021955624,-0.12252668,-0.04933905,-0.21384908,0.051695563,-0.080088146,0.09122027,-0.011902013,0.081997745,-0.2627964,0.07775573,0.011097981,0.059574753,0.13315292,0.053589106,-0.054110445,-0.0073288693,0.14601147,0.22975159,0.26954013,0.03869497,-0.0431599,0.038631126
173,-0.17960726,-0.08310869,-0.21927328,-0.103781156,-0.029388394,-0.12897283,-0.1858205,0.06821903,-0.19296563,-0.08975751,-0.3733269,0.05022608,-0.15557903,-0.019998653,-0.122512095,-0.045513127,-0.21261466,0.05594741,-0.08100168,0.090116866,-0.013115061,0.08152635,-0.2596045,0.08092008,0.009798282,0.059829514,0.13184416,0.05223672,-0.057672486,-0.0058162212,0.14496145,0.23133777,0.26844487,0.040203057,-0.04319042,0.0395591
174,-0.17879136,-0.08183501,-0.21923447,-0.1044862,-0.031020002,-0.12973057,-0.18591946,0.06535446,-0.19273797,-0.09387456,-0.37321073,0.04533331,-0.15322718,-0.018317485,-0.12026264,-0.047889702,-0.21535644,0.051174767,-0.0783075,0.09304706,-0.011568169,0.08197684,-0.26359972,0.08003838,0.011509663,0.057930827,0.13352405,0.054053463,-0.057051774,-0.0064754346,0.14642328,0.229721,0.26958033,0.03971868,-0.042901512,0.039892454
175,-0.17756377,-0.08529082,-0.21773674,-0.10295414,-0.029880615,-0.13181415,-0.18438314,0.06840116,-0.19063748,-0.09113403,-0.37360343,0.04510739,-0.15234327,-0.018841451,-0.11918364,-0.04478722,-0.21275847,0.052111425,-0.07788957,0.09383887,-0.011118703,0.08141099,-0.260168,0.079666115,0.011853695,0.05775956,0.13382666,0.052918386,-0.05799557,-0.007353236,0.14681874,0.22940725,0.26910716,0.041560553,-0.04389919,0.040589735
176,-0.17764345,-0.086652406,-0.21815431,-0.103499435,-0.030322906,-0.13191858,-0.18482283,0.06662348,-0.19097263,-0.093179904,-0.37233672,0.043379176,-0.15155303,-0.019560097,-0.118507065,-0.046397544,-0.2125872,0.050564315,-0.07679727,0.096788034,-0.01049666,0.08039692,-0.2615047,0.07912012,0.012902594,0.0564158,0.13486661,0.053183466,-0.058686335,-0.007960997,0.14781244,0.22805265,0.26981533,0.041870795,-0.043736063,0.04101834
177,-0.17926271,-0.08545812,-0.21929777,-0.10290897,-0.030288223,-0.12994507,-0.18596606,0.066463426,-0.19179676,-0.09405737,-0.37369296,0.044621557,-0.15216121,-0.018562093,-0.119111136,-0.04601578,-0.21360534,0.05283841,-0.07755665,0.09819864,-0.011974805,0.08010284,-0.26181674,0.08250755,0.01159322,0.055994328,0.13370995,0.052746687,-0.061077215,-0.006137113,0.14678161,0.22810209,0.26916912,0.0421611,-0.04226099,0.04164917
178,-0.18045087,-0.08301675,-0.21959491,-0.1016597,-0.027465161,-0.12750421,-0.18603101,0.06900335,-0.19107111,-0.09317318,-0.3729325,0.04555695,-0.15174602,-0.018035965,-0.118539095,-0.044950716,-0.21170492,0.054558735,-0.07716234,0.09925887,-0.012169001,0.078399524,-0.2594278,0.08407639,0.011761845,0.055674814,0.13377434,0.050603457,-0.062485855,-0.0056962883,0.14703916,0.22877645,0.26949325,0.04114722,-0.038763754,0.041524064
179,-0.18009834,-0.08262128,-0.21873099,-0.09918033,-0.026007056,-0.12807333,-0.18511473,0.06716705,-0.18889886,-0.09235229,-0.37354645,0.04268328,-0.14982972,-0.016551875,-0.11656913,-0.043412257,-0.21134983,0.052440953,-0.07558244,0.09935807,-0.011034524,0.07875445,-0.25858596,0.08377536,0.01268312,0.05448606,0.1346959,0.05130278,-0.06280866,-0.006259303,0.14787555,0.22781244,0.2699632,0.04189525,-0.039380044,0.041985333
180,-0.1780599,-0.08261108,-0.21689337,-0.09731807,-0.026862076,-0.12925577,-0.18343122,0.06831366,-0.1866775,-0.09150123,-0.37479058,0.040745664,-0.14792971,-0.017573206,-0.114564605,-0.041625705,-0.21141987,0.051063105,-0.07404689,0.10251753,-0.00977029,0.079772875,-0.2588582,0.08236739,0.01362148,0.05290429,0.1352882,0.05316184,-0.06367821,-0.007195185,0.1483132,0.22809407,0.2692479,0.044064034,-0.04109568,0.0430447
181,-0.17818816,-0.085407816,-0.21699552,-0.09757705,-0.024033783,-0.13087566,-0.18325767,0.06908537,-0.18660222,-0.09199547,-0.3726269,0.040149163,-0.14738151,-0.019062424,-0.11401674,-0.042808667,-0.20916376,0.05082279,-0.07307871,0.10438416,-0.009312524,0.07762855,-0.25883424,0.08316661,0.014771247,0.054305617,0.13662542,0.051320434,-0.0632189,-0.0073360857,0.14972967,0.22787292,0.27161217,0.042820867,-0.037884004,0.041561976
182,-0.17970695,-0.086815454,-0.2180135,-0.095604844,-0.022271758,-0.12928918,-0.18414994,0.070615135,-0.1870128,-0.09246499,-0.37166792,0.04067953,-0.14751044,-0.020819586,-0.114044294,-0.04290131,-0.20773876,0.05194865,-0.07300673,0.10447002,-0.009160067,0.07621682,-0.25714794,0.084222674,0.015245062,0.05393606,0.1372124,0.049995527,-0.06359939,-0.0072179083,0.1504001,0.22694501,0.27240255,0.042082544,-0.035796184,0.04179133
183,-0.18062446,-0.0856909,-0.21833132,-0.094930544,-0.022428827,-0.12692548,-0.18449569,0.07523433,-0.18593672,-0.091654465,-0.37283546,0.040874597,-0.1468515,-0.018364605,-0.113190584,-0.042410083,-0.20797865,0.051968474,-0.07229437,0.10569302,-0.009322887,0.07563626,-0.2574491,0.08472463,0.015301753,0.053245958,0.13702533,0.049989413,-0.06664139,-0.0071863052,0.15030302,0.22819348,0.27165276,0.042576205,-0.036829248,0.04227275
184,-0.17993626,-0.08875713,-0.21757989,-0.09316306,-0.021622932,-0.12704884,-0.18372671,0.07635399,-0.18462856,-0.09067757,-0.37296793,0.04037386,-0.14591679,-0.019124683,-0.11224628,-0.04250835,-0.20778765,0.050973184,-0.07132052,0.10603014,-0.008672907,0.07598188,-0.25895116,0.08431959,0.015945854,0.052755933,0.13778764,0.051601212,-0.0678803,-0.007848397,0.15093727,0.22714834,0.2724433,0.04410113,-0.03862096,0.041519035
185,-0.18042006,-0.090095446,-0.21807463,-0.09249701,-0.019368434,-0.12792315,-0.18403147,0.07513577,-0.18448046,-0.09150259,-0.37239337,0.03917198,-0.14528467,-0.018484103,-0.11178302,-0.043992516,-0.20759274,0.050069705,-0.07047471,0.10675148,-0.008918454,0.07488943,-0.2609166,0.08657578,0.016222665,0.053499572,0.13838191,0.05119855,-0.06895916,-0.006894724,0.1515783,0.22672687,0.2743922,0.04341072,-0.03702585,0.040326104
186,-0.18095048,-0.09174468,-0.21832892,-0.09090561,-0.016084587,-0.12808304,-0.18402506,0.07761804,-0.18376195,-0.08989371,-0.37015015,0.039726354,-0.1450919,-0.019094614,-0.1115356,-0.043513402,-0.20399797,0.051153645,-0.07014489,0.10621234,-0.00876144,0.07280069,-0.25803828,0.08747511,0.016846962,0.053358,0.1392086,0.048862208,-0.06913437,-0.0070883897,0.15259543,0.22515965,0.27569705,0.04311215,-0.035238743,0.03999719
187,-0.17886809,-0.08938267,-0.21727839,-0.08652065,-0.0155859785,-0.12795965,-0.18303858,0.07627334,-0.18258269,-0.09065207,-0.37064764,0.038120788,-0.14345391,-0.022320498,-0.10991182,-0.04383278,-0.20490414,0.049665626,-0.06850062,0.10786614,-0.00707246,0.07432287,-0.25964582,0.08666027,0.0181247,0.049737453,0.1403907,0.05192787,-0.06749831,-0.0074073505,0.15342142,0.22243552,0.27594322,0.04474407,-0.035797525,0.04116701
188,-0.17955004,-0.083963774,-0.21742205,-0.08428093,-0.013822313,-0.12582031,-0.18307576,0.08023262,-0.18113537,-0.089543305,-0.37213114,0.03872974,-0.14257652,-0.018493012,-0.10888192,-0.04248736,-0.20510344,0.051169038,-0.06782992,0.10766846,-0.007928275,0.07406676,-0.2590195,0.09070353,0.017333345,0.049105436,0.13958599,0.051216695,-0.07028966,-0.0051233484,0.15281063,0.22376618,0.27589446,0.04489165,-0.034504518,0.041546337
189,-0.180697,-0.09039361,-0.21950103,-0.08207905,-0.011531861,-0.12623434,-0.18496987,0.07797717,-0.18332723,-0.091931656,-0.37025768,0.03894332,-0.143598,-0.02501963,-0.11011345,-0.045731653,-0.20388833,0.051303454,-0.068162315,0.10877929,-0.0065673743,0.07251565,-0.26017612,0.08875855,0.019278279,0.04816785,0.14163129,0.052052043,-0.06766854,-0.006306857,0.15462244,0.22094911,0.27751657,0.044644658,-0.034597676,0.04236254
190,-0.18024527,-0.091064565,-0.21928605,-0.08326778,-0.012089192,-0.12815543,-0.18478924,0.08288063,-0.18205047,-0.09079001,-0.37217772,0.038695283,-0.14296213,-0.02157277,-0.10943726,-0.046115078,-0.20454033,0.050710294,-0.06743361,0.111567795,-0.007286216,0.072210476,-0.26323387,0.089748174,0.018920375,0.048694756,0.14119792,0.05294591,-0.07034622,-0.005773225,0.15420808,0.2227757,0.27700892,0.04615417,-0.037027787,0.042346753
191,-0.18235283,-0.09020788,-0.22163941,-0.08650004,-0.013077403,-0.1279586,-0.18713747,0.085139215,-0.1836158,-0.09356002,-0.371803,0.037932593,-0.14324473,-0.019343238,-0.109866336,-0.049141373,-0.20463385,0.050371975,-0.06710704,0.114824556,-0.007874002,0.068974905,-0.264979,0.09023666,0.019580849,0.04912301,0.14156531,0.05123678,-0.07436225,-0.0056104627,0.15485819,0.22483099,0.27729067,0.045154735,-0.03729292,0.04298639
192,-0.1825691,-0.09517429,-0.2218897,-0.08416801,-0.0119204195,-0.12883641,-0.18731405,0.085719734,-0.18380329,-0.09285497,-0.37062746,0.03854266,-0.14368325,-0.024403747,-0.11023776,-0.048058502,-0.20184179,0.051956937,-0.0675586,0.11401556,-0.0065401085,0.0677871,-0.26090488,0.08782146,0.020986347,0.048044026,0.14279528,0.0504821,-0.07548102,-0.0076495092,0.15615605,0.22341289,0.27717674,0.046843875,-0.039231226,0.04450664
193,-0.18171817,-0.09306962,-0.22112852,-0.085455865,-0.012487353,-0.13098723,-0.18659948,0.08654523,-0.18224566,-0.09293992,-0.37262505,0.036761574,-0.14211541,-0.02067833,-0.108706616,-0.04852518,-0.2033741,0.050410904,-0.06601956,0.11654294,-0.0066394787,0.06765323,-0.26336437,0.08899995,0.021115134,0.04745032,0.14263313,0.05146955,-0.0797949,-0.006895412,0.15602042,0.2253463,0.27679473,0.048356835,-0.0412296,0.044821974
194,-0.18155126,-0.091116026,-0.22112863,-0.08489111,-0.011835712,-0.13110955,-0.1865587,0.08703734,-0.18191192,-0.09324694,-0.3726084,0.0367711,-0.14159715,-0.020949999,-0.108177684,-0.049871217,-0.20352973,0.050103508,-0.06517576,0.11833045,-0.006576183,0.06745107,-0.26496187,0.090022184,0.021358153,0.04581058,0.1428391,0.05226001,-0.08063351,-0.006304882,0.15614948,0.22428219,0.2770042,0.049035355,-0.04061953,0.04478843
195,-0.1826983,-0.0909679,-0.22184116,-0.08101242,-0.008969111,-0.12904069,-0.18706292,0.08509396,-0.18269269,-0.09340648,-0.36999848,0.03804292,-0.14213058,-0.026823351,-0.10871389,-0.05024951,-0.20103064,0.051720005,-0.065457106,0.11699591,-0.005880459,0.06681672,-0.26196244,0.090476796,0.02203433,0.043860342,0.14368635,0.051669512,-0.07946121,-0.0065356083,0.1569887,0.22115189,0.27799666,0.04913187,-0.037898537,0.044937424
196,-0.18225417,-0.08868704,-0.22124213,-0.079953045,-0.008238812,-0.12778424,-0.18643145,0.08694525,-0.1815259,-0.09233247,-0.3691989,0.03853063,-0.14130986,-0.026787166,-0.10782748,-0.05035359,-0.19995409,0.05184938,-0.06448838,0.11853592,-0.005952492,0.06669479,-0.26232195,0.091673635,0.022030188,0.04259347,0.1437222,0.052058797,-0.080134176,-0.0060616327,0.1570003,0.2203302,0.27833685,0.049987342,-0.036764294,0.044286698
197,-0.18242735,-0.08697647,-0.22166717,-0.0791533,-0.008096673,-0.12713003,-0.18684681,0.08607101,-0.18172213,-0.0938084,-0.36917916,0.037823442,-0.14078543,-0.027454587,-0.10747327,-0.051767565,-0.20062855,0.051469207,-0.063838184,0.120677955,-0.0060773008,0.066305816,-0.2645227,0.093256384,0.022202432,0.04249824,0.14393899,0.052799072,-0.08155576,-0.0051296456,0.15717727,0.22059046,0.27916384,0.050104056,-0.0360622,0.04391794
198,-0.18294823,-0.08690855,-0.22139904,-0.076839544,-0.005795351,-0.12628451,-0.18642947,0.08813174,-0.18060148,-0.09219971,-0.36881328,0.03859433,-0.14032286,-0.028033735,-0.10679078,-0.049996454,-0.19876668,0.052854136,-0.063469216,0.11905203,-0.0057290327,0.065702505,-0.26135314,0.09445842,0.022508135,0.043197513,0.1442435,0.05149576,-0.08393869,-0.0051366454,0.15769431,0.22115368,0.27986947,0.050770145,-0.03560966,0.043534186
199,-0.18281619,-0.09074472,-0.2216601,-0.07563495,-0.006413614,-0.1279199,-0.18674219,0.08472968,-0.18080382,-0.09439131,-0.36856025,0.03509462,-0.13940534,-0.031086074,-0.10617422,-0.05140542,-0.19945206,0.049933877,-0.062561035,0.120464206,-0.0047315913,0.065844126,-0.26395935,0.09384457,0.023623642,0.044800054,0.14550896,0.053102683,-0.08352547,-0.0056577227,0.1587239,0.22086807,0.2815296,0.05114952,-0.036777023,0.04266012
200,-0.18070263,-0.09518236,-0.21974854,-0.07406844,-0.007872519,-0.13095191,-0.18499053,0.08724668,-0.17850494,-0.091898605,-0.37075964,0.034184247,-0.1383534,-0.032836143,-0.10500195,-0.048482053,-0.19924633,0.049564853,-0.062095698,0.12318261,-0.0040665227,0.06758728,-0.26418513,0.09275522,0.023704097,0.04638043,0.14552584,0.05490228,-0.08372521,-0.0066595487,0.15852603,0.22242764,0.28058082,0.054110885,-0.03993642,0.042893678
201,-0.18179587,-0.09841671,-0.2206051,-0.074452005,-0.009566183,-0.13066882,-0.1859668,0.090822205,-0.17846037,-0.09161412,-0.37210602,0.033950776,-0.13860276,-0.032948956,-0.105315484,-0.04829989,-0.19949764,0.049392164,-0.062474877,0.12759322,-0.0049524307,0.06764987,-0.26644987,0.0935942,0.022971671,0.04858157,0.14500396,0.05538167,-0.082878225,-0.0063446225,0.15790278,0.2238805,0.2800097,0.054131147,-0.03983803,0.042904545
202,-0.1874414,-0.0932345,-0.22408009,-0.07611146,-0.007082292,-0.12467862,-0.18917961,0.09117143,-0.17999305,-0.094245695,-0.36814138,0.032716613,-0.13854808,-0.032386404,-0.10530392,-0.050823733,-0.19664834,0.04848015,-0.06167108,0.1288559,-0.0052488623,0.06316483,-0.26386154,0.09530857,0.024013406,0.04994341,0.14593925,0.050731763,-0.08467788,-0.0060167396,0.15934028,0.22564384,0.28195325,0.049443897,-0.033699103,0.042305447
203,-0.18820627,-0.09153585,-0.2225678,-0.07416032,-0.005642846,-0.124433264,-0.18760583,0.09486415,-0.17641431,-0.08957038,-0.3692359,0.03246711,-0.13705896,-0.029522462,-0.10327731,-0.044828136,-0.19411026,0.049422897,-0.060936358,0.12824579,-0.0052231727,0.06340918,-0.25672257,0.09695751,0.023440976,0.05017418,0.14512193,0.048340835,-0.08882508,-0.006120376,0.15894698,0.22781014,0.28017968,0.051565975,-0.034337677,0.043839715
204,-0.18937819,-0.09327641,-0.22374912,-0.07377974,-0.0059649013,-0.12420215,-0.188792,0.09069447,-0.17758009,-0.09116109,-0.36750087,0.031478785,-0.13737887,-0.034742676,-0.10388087,-0.045926552,-0.1924611,0.04915906,-0.06118086,0.13159391,-0.004415009,0.0621726,-0.25581774,0.09556594,0.024584798,0.049631696,0.14619692,0.048274696,-0.08808884,-0.0071789087,0.15993413,0.22662894,0.28026444,0.051907938,-0.03424382,0.045234654
205,-0.18774888,-0.094880395,-0.22222918,-0.07204076,-0.0068680434,-0.1261791,-0.1873748,0.08939199,-0.17588606,-0.09007964,-0.36945942,0.030520046,-0.13623522,-0.036832426,-0.10284829,-0.044164855,-0.19306777,0.049082693,-0.060601447,0.13482448,-0.003820632,0.06345286,-0.25690365,0.09550889,0.024825608,0.0503028,0.14633739,0.05039505,-0.0898588,-0.0073673017,0.15985212,0.22793637,0.279771,0.05472649,-0.036740787,0.045690566
206,-0.18794695,-0.09572401,-0.22181775,-0.07115462,-0.0066025467,-0.1257127,-0.18696025,0.093116015,-0.17455098,-0.088300236,-0.36986327,0.03117647,-0.13569303,-0.03584025,-0.102118954,-0.042918336,-0.19214316,0.04973107,-0.06011344,0.13532418,-0.0040518697,0.06321761,-0.25609168,0.09685793,0.02462209,0.051090866,0.14621541,0.050182406,-0.092623524,-0.0071484665,0.15983312,0.22844476,0.27995837,0.056057166,-0.03754439,0.04517338
207,-0.1910232,-0.09921277,-0.22446148,-0.070584945,-0.005001805,-0.1247445,-0.18944876,0.0903263,-0.17705885,-0.09062503,-0.36825952,0.031493034,-0.13715857,-0.03891323,-0.10394634,-0.04603329,-0.19145389,0.05018752,-0.06117116,0.13415162,-0.004355944,0.061101645,-0.2559058,0.09789879,0.025001828,0.05099297,0.14696687,0.049493458,-0.094672315,-0.0070236204,0.1607057,0.2263209,0.28155053,0.055383485,-0.03726906,0.04502362
208,-0.18922973,-0.09837158,-0.22234675,-0.07032097,-0.0055685537,-0.12633517,-0.18741599,0.091578335,-0.1742395,-0.089610204,-0.3701536,0.029156692,-0.13471824,-0.03643542,-0.10154835,-0.04644077,-0.19333744,0.047272388,-0.058810525,0.13570924,-0.003929796,0.06229748,-0.2593676,0.098444134,0.025251845,0.05040081,0.1471664,0.052263275,-0.09839971,-0.0068787034,0.16066474,0.22667518,0.2819438,0.05763671,-0.040052496,0.043520164
209,-0.18968038,-0.0981313,-0.22222213,-0.06802287,-0.0056698946,-0.12518562,-0.18731532,0.0930515,-0.17394862,-0.088452294,-0.36938068,0.03063722,-0.1349122,-0.039969478,-0.10138417,-0.04465707,-0.19165798,0.04890528,-0.05896791,0.13395545,-0.0030851702,0.06266762,-0.25436887,0.098102115,0.025610497,0.049493875,0.14741108,0.051423173,-0.10057055,-0.007956527,0.16108266,0.22614914,0.28121284,0.05917094,-0.041171115,0.044752695
210,-0.19124365,-0.1004718,-0.22472581,-0.069738224,-0.0078091854,-0.12523274,-0.18991189,0.09212388,-0.17624246,-0.09108063,-0.37021458,0.030711394,-0.13622896,-0.041363157,-0.10328619,-0.047927823,-0.1930904,0.049282473,-0.060189977,0.13834251,-0.003862874,0.061415493,-0.2574832,0.0978361,0.025466932,0.048589095,0.1471998,0.052369487,-0.10191819,-0.007692446,0.16078219,0.2262663,0.28009054,0.059486736,-0.0434408,0.046840545
211,-0.19169728,-0.09714592,-0.2248024,-0.0706118,-0.007011063,-0.12532926,-0.18993576,0.09452785,-0.17493936,-0.089139625,-0.37042376,0.03143501,-0.13579,-0.037672196,-0.10295121,-0.04780545,-0.1922244,0.050031994,-0.059831146,0.14090954,-0.00507836,0.060754184,-0.25775227,0.10066636,0.02451288,0.048235696,0.1462133,0.0518729,-0.10456832,-0.006135027,0.15997118,0.22738515,0.27948418,0.06079214,-0.043665376,0.04706018
212,-0.19154648,-0.09736818,-0.22532183,-0.06801377,-0.0031872198,-0.12462074,-0.19019409,0.090594396,-0.17486629,-0.08908245,-0.365815,0.030410964,-0.13528623,-0.043027684,-0.10283681,-0.050314482,-0.18848662,0.048153773,-0.05890508,0.13936682,-0.0029260325,0.05975321,-0.2557775,0.09872032,0.026815524,0.045736596,0.14868464,0.052377712,-0.101219974,-0.007640013,0.1621923,0.22278568,0.28169188,0.06128968,-0.043924563,0.046802446
213,-0.19107263,-0.09493717,-0.22455996,-0.06780655,-0.0011055901,-0.12536253,-0.18931381,0.094473414,-0.17215651,-0.08583922,-0.3666811,0.030397493,-0.13397887,-0.03809186,-0.1015446,-0.048711184,-0.18743902,0.048287515,-0.057910357,0.14085545,-0.0035810955,0.05927408,-0.25543162,0.10129668,0.026308145,0.045893934,0.1481091,0.051830605,-0.1042654,-0.0063242414,0.16180362,0.22468014,0.28157657,0.0626211,-0.044728797,0.046674285
214,-0.19146669,-0.09174515,-0.22531222,-0.06527594,0.0010642344,-0.12476094,-0.18990636,0.089842096,-0.17284676,-0.087470874,-0.36548713,0.029423965,-0.13381313,-0.042928133,-0.10183255,-0.05018789,-0.18688592,0.048364446,-0.057822254,0.1414342,-0.0028200701,0.058323488,-0.25545827,0.10208537,0.027368579,0.04601645,0.1491904,0.05169008,-0.104571976,-0.0059902426,0.16288294,0.22457959,0.283293,0.06214419,-0.043382756,0.046343237
215,-0.19177902,-0.09264799,-0.22554286,-0.06332502,0.0020416651,-0.12408271,-0.19006912,0.09065175,-0.17264286,-0.086904846,-0.3649508,0.030175006,-0.13382405,-0.045335036,-0.10187513,-0.050029177,-0.18569686,0.04930368,-0.057822447,0.1414213,-0.0024944858,0.057671886,-0.25441262,0.102755964,0.027828507,0.04725438,0.14969672,0.051324584,-0.10640312,-0.006153798,0.1634833,0.22539714,0.28431162,0.062566884,-0.043474086,0.04562093
216,-0.19018069,-0.096933834,-0.22471748,-0.06190993,-0.00041624755,-0.12589906,-0.18941459,0.09110877,-0.17139669,-0.086017005,-0.3671667,0.029256565,-0.13309823,-0.047640875,-0.10137206,-0.050104,-0.18711981,0.04760412,-0.057399694,0.14345638,-0.0012420422,0.05956949,-0.25646698,0.10015803,0.028561566,0.04699924,0.15024883,0.05499853,-0.10774125,-0.0076436074,0.1635294,0.22618225,0.28313679,0.065913826,-0.04953315,0.046540752
217,-0.19375046,-0.09650575,-0.22726104,-0.062391195,-0.00093321525,-0.12345756,-0.19194911,0.09523365,-0.17251168,-0.08639181,-0.36645776,0.029776327,-0.13410869,-0.047882825,-0.10227609,-0.051190797,-0.18612812,0.047143247,-0.05799889,0.14338423,-0.0017863517,0.05844693,-0.2544938,0.100826286,0.028253485,0.047591012,0.15002128,0.053153727,-0.10875746,-0.00790664,0.16360116,0.22664163,0.2825231,0.06474744,-0.04922364,0.04762877
218,-0.19646892,-0.09076927,-0.22889635,-0.06418117,-0.0020639626,-0.120470196,-0.1936276,0.098917276,-0.17196232,-0.087090746,-0.3677474,0.027538845,-0.13326567,-0.04269849,-0.10158913,-0.051492877,-0.18726966,0.045339227,-0.057322893,0.14658225,-0.0034175282,0.05730294,-0.25633463,0.10446509,0.02715626,0.04955344,0.1489829,0.051711388,-0.11157629,-0.0058665024,0.16287243,0.22958149,0.28236848,0.06285574,-0.047919992,0.047557063
219,-0.19383857,-0.09849602,-0.22738643,-0.06199562,0.0007250343,-0.12298819,-0.19198191,0.097700045,-0.17105035,-0.0841607,-0.36639753,0.030125543,-0.13361107,-0.049333543,-0.1020922,-0.04929956,-0.18382005,0.048195824,-0.058081016,0.14691496,-0.0017885015,0.05727542,-0.2536188,0.10230121,0.02857685,0.051437486,0.15031429,0.052071378,-0.110731654,-0.0076402617,0.16405396,0.23104604,0.28290054,0.064083435,-0.049390316,0.047769524
220,-0.19210628,-0.10124237,-0.2269221,-0.06301409,0.0011577224,-0.12735519,-0.19150382,0.0919147,-0.16963272,-0.08420402,-0.36802432,0.026622642,-0.13214241,-0.048497096,-0.101887286,-0.051396985,-0.18523297,0.045603164,-0.05750141,0.15161549,-0.0012866933,0.056814082,-0.25909674,0.10165967,0.029571006,0.052363284,0.15107295,0.055443972,-0.11343682,-0.007234886,0.16434622,0.234179,0.2834167,0.06611352,-0.054121252,0.047906313
221,-0.19448122,-0.09918934,-0.2281364,-0.059448626,0.003580748,-0.12471441,-0.19252472,0.08989087,-0.17072082,-0.082953796,-0.3614912,0.028202591,-0.13337097,-0.055998914,-0.10282324,-0.05074046,-0.17901832,0.046100643,-0.058139887,0.14662606,-0.00045546796,0.056541897,-0.24966608,0.10230604,0.029903907,0.050433327,0.15195835,0.052030157,-0.11035291,-0.008582432,0.16562265,0.22907469,0.2842145,0.065820105,-0.050157353,0.048566166
222,-0.19383,-0.09457167,-0.22678532,-0.06357553,0.0016927345,-0.124723524,-0.19135211,0.09791199,-0.16741683,-0.07983134,-0.3628783,0.028657468,-0.13133727,-0.046285752,-0.100557745,-0.05020193,-0.17930919,0.045040093,-0.05601589,0.15067981,-0.0014268627,0.05642901,-0.25090125,0.10374916,0.029062241,0.049490903,0.15051237,0.05239782,-0.11643683,-0.007720804,0.16433552,0.23336378,0.28209236,0.06829739,-0.053075302,0.048690826
223,-0.19217125,-0.092920765,-0.22627649,-0.06386588,0.00072725536,-0.12735291,-0.19091685,0.09301928,-0.16708745,-0.08091243,-0.3629507,0.026012067,-0.13042423,-0.046845853,-0.100440934,-0.05405563,-0.1809026,0.042149846,-0.05516082,0.15337181,-0.0014842708,0.056186777,-0.2561219,0.103868075,0.029434368,0.04834953,0.15082765,0.05569692,-0.11907326,-0.007088104,0.16422132,0.23377281,0.28277338,0.06990239,-0.055510066,0.047754407
224,-0.19328639,-0.098325476,-0.22772753,-0.061732717,0.0039680456,-0.13027734,-0.19212489,0.092534564,-0.16966072,-0.078750744,-0.35647538,0.029400127,-0.13379918,-0.055630974,-0.103425056,-0.0543335,-0.17408007,0.04376119,-0.05755683,0.14662752,-0.0019445918,0.054516193,-0.2478842,0.105190314,0.029036658,0.050385717,0.15111104,0.051612113,-0.11858356,-0.008187178,0.16514453,0.23135523,0.28413746,0.06912861,-0.052586332,0.047768313
225,-0.19061679,-0.09280166,-0.22621563,-0.06333526,-0.0011627374,-0.12687734,-0.19097517,0.095320545,-0.16794729,-0.07891258,-0.35669336,0.029929202,-0.13180189,-0.054791916,-0.10158671,-0.055654325,-0.1752636,0.043643538,-0.055535164,0.15233321,-0.00089757063,0.055621013,-0.25050747,0.1030913,0.029875482,0.04769297,0.15134619,0.05442276,-0.12013102,-0.009183752,0.16496195,0.23249947,0.28282797,0.07108286,-0.05494863,0.047528196
226,-0.19216298,-0.09268916,-0.22738838,-0.06409288,-0.002150251,-0.12583321,-0.19218822,0.09643133,-0.1684629,-0.079829805,-0.3568917,0.02940378,-0.13194844,-0.054088924,-0.10209624,-0.057771232,-0.17612064,0.043128848,-0.055657674,0.15433559,-0.0019758702,0.05432638,-0.252426,0.10494679,0.02936129,0.048155025,0.15100512,0.054327235,-0.123671986,-0.00843806,0.16476299,0.2328936,0.28347346,0.070326895,-0.054400653,0.04654534
227,-0.19437645,-0.09665499,-0.22914329,-0.062642545,-0.002815621,-0.12591106,-0.19395223,0.09717681,-0.1698384,-0.07997907,-0.35845822,0.030684195,-0.13358188,-0.05595132,-0.103809156,-0.05758143,-0.1769869,0.044558793,-0.05747338,0.1540298,-0.002896367,0.05437965,-0.25059053,0.10653261,0.028329646,0.048283223,0.15024562,0.053648077,-0.12660436,-0.008215163,0.16423225,0.23237397,0.2826064,0.07095479,-0.055206478,0.047853395
228,-0.19525106,-0.09324331,-0.2294338,-0.061093375,-0.004057536,-0.123890996,-0.19431514,0.0979075,-0.16911447,-0.08070195,-0.3598155,0.029194457,-0.13253331,-0.056302328,-0.10292093,-0.057836678,-0.1785538,0.043407466,-0.056658003,0.15550461,-0.0025393965,0.055094298,-0.2505187,0.1072376,0.02844537,0.046927597,0.15039033,0.054298777,-0.12847479,-0.008241276,0.16432104,0.23189531,0.28245363,0.071472965,-0.055488136,0.04799314
229,-0.1934238,-0.097343646,-0.22795357,-0.058945592,-0.0027715545,-0.12548319,-0.1927941,0.09895213,-0.1670679,-0.078180596,-0.36065486,0.02933415,-0.13156162,-0.057053305,-0.102182575,-0.056912746,-0.17810982,0.043423444,-0.056084644,0.15590225,-0.001753806,0.055765152,-0.25077993,0.10689349,0.029016832,0.047027443,0.15106924,0.05608879,-0.13008651,-0.008824738,0.16472074,0.23120531,0.28313622,0.073934324,-0.058301814,0.046977554
230,-0.19626479,-0.09870866,-0.2308033,-0.05961876,-0.0013642986,-0.12480131,-0.19550306,0.099656984,-0.16937062,-0.08017289,-0.35776088,0.029086053,-0.13291627,-0.06037919,-0.10402428,-0.06026909,-0.1758975,0.04311336,-0.057040967,0.15606806,-0.00196636,0.052688625,-0.2495556,0.1070814,0.02971568,0.047650017,0.15206715,0.053823296,-0.12976652,-0.009403051,0.16607697,0.22943796,0.28473842,0.07148151,-0.056331825,0.04702444
231,-0.1954989,-0.094601385,-0.229518,-0.058507092,-0.0017241609,-0.12387743,-0.1942672,0.104441434,-0.1665648,-0.07837642,-0.3595567,0.028151765,-0.13080207,-0.057441738,-0.10169327,-0.058898874,-0.17665784,0.04187444,-0.055067167,0.1575648,-0.0015708428,0.053519733,-0.24983695,0.10775937,0.029856896,0.047398694,0.1520115,0.05453581,-0.13230014,-0.009351192,0.16598357,0.23108873,0.28446358,0.072638445,-0.057429153,0.046427544
232,-0.19526619,-0.097301245,-0.23004967,-0.058413204,-0.0010234752,-0.12516579,-0.19474652,0.10490543,-0.1673883,-0.0780212,-0.35851416,0.029875552,-0.13181928,-0.06157111,-0.103041135,-0.059714667,-0.17505844,0.043731757,-0.0561088,0.15866782,-0.0011711925,0.05278612,-0.24910499,0.10670734,0.03044013,0.047988467,0.15263808,0.05428187,-0.13134661,-0.010240188,0.16660298,0.2306244,0.28472272,0.07256046,-0.057419613,0.04685771
233,-0.19754595,-0.09380429,-0.23176506,-0.058459207,-0.0015179432,-0.12345674,-0.1964546,0.10622376,-0.16797307,-0.07908733,-0.36101133,0.029971497,-0.13218151,-0.060035232,-0.103701174,-0.06018342,-0.17732684,0.044873916,-0.056853186,0.16095427,-0.0027233858,0.052318383,-0.2501742,0.10987548,0.029132344,0.048207525,0.15133862,0.053582195,-0.13460752,-0.0083317105,0.16557573,0.23317765,0.28400615,0.07139803,-0.05628687,0.04766409
234,-0.19519497,-0.093417384,-0.23030247,-0.05810126,-0.0017243326,-0.12731852,-0.19503455,0.100985385,-0.16608918,-0.0798426,-0.3615927,0.024747755,-0.12971972,-0.060190186,-0.10237583,-0.061625265,-0.17849779,0.041455187,-0.05532374,0.164506,-0.002041623,0.052012354,-0.25460476,0.11014999,0.03017392,0.04912395,0.15235572,0.056207344,-0.13596147,-0.0076428433,0.1661279,0.23460157,0.2856692,0.07222527,-0.05800954,0.04644074
235,-0.19424108,-0.097519,-0.228966,-0.054301832,0.0022376257,-0.12878343,-0.19350597,0.10149482,-0.16577628,-0.076269664,-0.3558883,0.028002366,-0.13067874,-0.067345746,-0.10254997,-0.058809996,-0.17185143,0.04324064,-0.055583805,0.15891074,-0.00085988524,0.052132282,-0.24558821,0.11043603,0.030731,0.049966194,0.15349121,0.05308572,-0.13353826,-0.009539194,0.16770226,0.23057598,0.2870766,0.0723626,-0.054780975,0.046088073
236,-0.19121422,-0.09165418,-0.22702773,-0.05362995,-0.0021199808,-0.12658808,-0.19186264,0.09862879,-0.16372862,-0.077417366,-0.35597512,0.025436569,-0.12778887,-0.06880087,-0.10065167,-0.060082097,-0.1730873,0.042363636,-0.053536516,0.16585888,0.00060996175,0.052991275,-0.2494839,0.10774879,0.032122202,0.047568794,0.1545224,0.056789752,-0.13242356,-0.010572112,0.16800043,0.23063208,0.28672782,0.07383456,-0.056161698,0.045675643
237,-0.19009107,-0.09808721,-0.22615646,-0.053402238,-0.00207839,-0.12958717,-0.19100736,0.10254014,-0.16214365,-0.07293483,-0.3569668,0.027631834,-0.1283477,-0.06596667,-0.10104853,-0.057061687,-0.1720296,0.042484082,-0.054496966,0.1647935,-0.00028001922,0.05450516,-0.2466176,0.10862158,0.030590905,0.048376564,0.15317814,0.05752496,-0.13611886,-0.010724321,0.1666811,0.23210849,0.28421643,0.07788449,-0.06130536,0.047839206
238,-0.1959397,-0.09999137,-0.23149319,-0.057720993,-0.0019094127,-0.1265138,-0.19623165,0.10062955,-0.16708428,-0.07704171,-0.35203934,0.02823588,-0.13150272,-0.06748208,-0.10526745,-0.06402618,-0.1696895,0.04211907,-0.057101224,0.16632284,-0.002167792,0.04975522,-0.24585718,0.10946512,0.030188276,0.047689825,0.15327774,0.054652974,-0.13682917,-0.010743028,0.16731615,0.22963692,0.28499946,0.07457942,-0.05816896,0.048889786
239,-0.195722,-0.09506173,-0.22983658,-0.05686319,-0.002616115,-0.12298126,-0.19465579,0.10505407,-0.163724,-0.074653015,-0.35387573,0.028043466,-0.12902164,-0.06265156,-0.10251052,-0.061284043,-0.17038332,0.042045865,-0.054966476,0.16881639,-0.0026013204,0.05062105,-0.24599831,0.1119779,0.029496169,0.048378326,0.1524712,0.054913934,-0.14071427,-0.009801017,0.16658728,0.23253997,0.28478435,0.07535367,-0.057191506,0.047283825
240,-0.19562484,-0.09201345,-0.22958282,-0.054849043,-0.0027760295,-0.12245195,-0.19441958,0.10124713,-0.1631292,-0.07561338,-0.35425854,0.025343874,-0.12789267,-0.06578059,-0.10213475,-0.061235424,-0.17096718,0.04116759,-0.05464502,0.17131975,-0.0021312346,0.050716802,-0.2466857,0.11254549,0.029973345,0.04895564,0.15313204,0.055450875,-0.1403245,-0.009708728,0.16708288,0.23247778,0.28568465,0.07461927,-0.055529658,0.046881534
241,-0.19495161,-0.10260522,-0.229062,-0.05334469,-0.00048757932,-0.12594524,-0.19378859,0.10188084,-0.16322805,-0.07254738,-0.35405162,0.028624613,-0.12951909,-0.069917075,-0.1037605,-0.06034149,-0.16912845,0.042806953,-0.056298327,0.1693037,-0.0014335503,0.051477056,-0.24402611,0.11113657,0.03026447,0.05062275,0.15375134,0.05589969,-0.14064361,-0.011488536,0.16758727,0.23096845,0.28583533,0.076649204,-0.057589047,0.04679806
242,-0.19542076,-0.097890265,-0.22941276,-0.05404372,-0.002037605,-0.12365539,-0.1942189,0.10077572,-0.1632731,-0.07493786,-0.35485235,0.027151741,-0.12844764,-0.07079585,-0.10335402,-0.06324369,-0.17144585,0.042026065,-0.0554922,0.17316762,-0.0011519723,0.051342797,-0.24694984,0.11083214,0.03075036,0.048779096,0.15422857,0.057431243,-0.14126398,-0.011540792,0.16775933,0.23027533,0.28605136,0.07588028,-0.05663808,0.046295926
243,-0.19582607,-0.100184605,-0.22854298,-0.05299877,-0.0005840071,-0.12451155,-0.19329053,0.10474486,-0.16146326,-0.071782626,-0.35633594,0.028513998,-0.12810656,-0.06830874,-0.10247915,-0.061388247,-0.1717983,0.041332964,-0.055038415,0.17130573,-0.0014022235,0.053023633,-0.2444861,0.11233406,0.029820278,0.048444707,0.15348658,0.05768394,-0.14496939,-0.011617978,0.16711828,0.23002774,0.28512508,0.07821356,-0.05833266,0.046361864
244,-0.19831641,-0.099038355,-0.23048207,-0.054201227,0.0003920254,-0.12376503,-0.19513601,0.10505009,-0.16310194,-0.07350242,-0.35460106,0.028730629,-0.12896487,-0.069897264,-0.103646606,-0.064503714,-0.1713323,0.04093965,-0.055517796,0.17172064,-0.0016722964,0.051241126,-0.24352898,0.11282524,0.030054418,0.047748458,0.15395546,0.056292027,-0.14596333,-0.012001899,0.16788109,0.22836383,0.28587493,0.07655249,-0.05643971,0.046474855
245,-0.19768007,-0.09904213,-0.23028791,-0.05421836,-0.0013503154,-0.12479945,-0.19504254,0.10499298,-0.16240843,-0.07343683,-0.35764945,0.028528241,-0.12847126,-0.06945073,-0.10369324,-0.065097295,-0.174271,0.040869243,-0.05569905,0.17477763,-0.001318149,0.052821133,-0.24555355,0.11161239,0.030024959,0.046001628,0.1537918,0.05885371,-0.14723365,-0.012408578,0.16724905,0.22847776,0.2841013,0.07884677,-0.05995832,0.04789996
246,-0.19634913,-0.10033375,-0.22958322,-0.05254277,0.00022438908,-0.12689641,-0.19426867,0.102640174,-0.1625125,-0.07249744,-0.35845214,0.030965647,-0.12913874,-0.07264625,-0.104818396,-0.06552832,-0.17462556,0.044214945,-0.05676427,0.17588231,-0.0010410303,0.05341375,-0.24624065,0.11202188,0.030148702,0.045977283,0.1540666,0.059924062,-0.14703219,-0.01221153,0.16727898,0.22700697,0.28467584,0.08017873,-0.05955002,0.04722282
247,-0.19821054,-0.09424303,-0.23039143,-0.053377677,0.002282721,-0.12447657,-0.19496016,0.10241578,-0.1623505,-0.0731508,-0.35665888,0.030694129,-0.12847775,-0.07316801,-0.10451525,-0.06853862,-0.17388062,0.04365321,-0.05576812,0.17718266,-0.0005328172,0.05291753,-0.24509613,0.11219827,0.030733986,0.042477038,0.15476431,0.059044227,-0.14574619,-0.012660725,0.16806905,0.22315906,0.28496823,0.0794228,-0.056886256,0.047142543
248,-0.19844809,-0.09142159,-0.22933231,-0.05292877,0.00517933,-0.12583321,-0.19376867,0.104748026,-0.159821,-0.07109756,-0.35680634,0.029142957,-0.12664783,-0.0702653,-0.102446705,-0.068393886,-0.1737027,0.040595394,-0.05372404,0.17628224,-0.00012881437,0.053702198,-0.24327199,0.113744,0.030775044,0.040762845,0.15499571,0.058749925,-0.14771405,-0.012661825,0.16840889,0.2212157,0.28520182,0.08060862,-0.056627564,0.046694648
249,-0.1991489,-0.09068882,-0.23067854,-0.054319218,0.0056365957,-0.12691405,-0.19506836,0.10461958,-0.1602901,-0.07118259,-0.35803708,0.02987588,-0.12723953,-0.06833695,-0.10375473,-0.0700733,-0.1746891,0.04153095,-0.054756496,0.17867824,-0.001105859,0.052911565,-0.24472754,0.11559332,0.03016084,0.04115708,0.1543998,0.05899458,-0.15029259,-0.01134168,0.16787875,0.22328284,0.28479195,0.081224106,-0.058150925,0.04766225
250,-0.20052795,-0.09314693,-0.23178077,-0.05337414,0.007943179,-0.12723245,-0.19601378,0.10607773,-0.16101156,-0.07045282,-0.3553337,0.030243376,-0.12820387,-0.07082361,-0.10463773,-0.07083568,-0.17183875,0.04049342,-0.05520019,0.17580625,-0.0011333755,0.05175453,-0.24124445,0.11669166,0.030287864,0.042415723,0.1549137,0.056869343,-0.15101032,-0.011887013,0.16884094,0.22137488,0.28620028,0.08062197,-0.057288222,0.047035273
