Epoch,Layer0_theta_1,Layer0_r,Layer0_theta_2,Layer0_bx,Layer0_bp,Layer0_kappa,Layer1_theta_1,Layer1_r,Layer1_theta_2,Layer1_bx,Layer1_bp,Layer1_kappa,Layer2_theta_1,Layer2_r,Layer2_theta_2,Layer2_bx,Layer2_bp,Layer2_kappa,Layer3_theta_1,Layer3_r,Layer3_theta_2,Layer3_bx,Layer3_bp,Layer3_kappa,Layer4_theta_1,Layer4_r,Layer4_theta_2,Layer4_bx,Layer4_bp,Layer4_kappa,Layer5_theta_1,Layer5_r,Layer5_theta_2,Layer5_bx,Layer5_bp,Layer5_kappa
1,-0.03593681,0.061460298,-0.033581205,0.01931608,-0.05370429,0.023255099,-0.032531574,0.06565624,-0.031821173,0.023510965,-0.063504316,0.020441769,-0.03072839,0.06326102,-0.032269206,0.029638575,-0.06542648,0.023647252,-0.0312172,0.056526706,-0.033163566,0.037093025,-0.06562764,0.0282152,-0.032284725,0.051843673,-0.032792676,0.044263475,-0.06585092,0.02907745,-0.03226501,0.05234732,-0.0315309,0.049260598,-0.066634245,0.027624084
2,-0.04383581,0.08930825,-0.04154432,-0.0028460529,-0.014310721,0.016133538,-0.03888923,0.09431235,-0.04037629,0.0014496336,-0.03665493,0.019746473,-0.03742819,0.08463769,-0.042067863,0.0034356513,-0.04738611,0.03460909,-0.03866906,0.07121301,-0.03947413,0.007519681,-0.053542566,0.040329408,-0.035539433,0.07366024,-0.031734228,0.019968582,-0.06723023,0.023399638,-0.02795261,0.081660055,-0.026050858,0.038330175,-0.09818062,0.016703153
3,-0.035182357,0.087661795,-0.034570742,-0.024028966,-0.029271135,0.023051295,-0.03134828,0.10052574,-0.029438958,-0.013120547,-0.058113575,0.010266871,-0.025844414,0.09471678,-0.027932677,-0.0041752816,-0.072671816,0.021231472,-0.023930108,0.07822089,-0.023110444,0.0085199,-0.07707714,0.030768724,-0.01864116,0.07879899,-0.0127776405,0.028739693,-0.08794025,0.011095639,-0.0090524675,0.088323064,-0.005633208,0.053644698,-0.13510695,0.0074408688
4,-0.04337785,0.07859168,-0.044030968,-0.03624254,-0.0453954,0.044566687,-0.04047948,0.09556804,-0.034533404,-0.020450177,-0.07220749,0.02167495,-0.03054592,0.093140386,-0.027540646,-0.019339195,-0.082699426,0.02889311,-0.022225495,0.08308543,-0.014986834,-0.0032735732,-0.083674364,0.028942546,-0.008674524,0.08983378,-0.0010375428,0.029855596,-0.10184614,0.005119832,0.003403163,0.09948611,0.0067151138,0.058193922,-0.15181823,0.006615064
5,-0.049609162,0.06565378,-0.050350763,-0.05293718,-0.07034884,0.052252784,-0.046452392,0.09095569,-0.03627751,-0.023947846,-0.09559894,0.02502842,-0.03232147,0.089684196,-0.02485023,-0.026546717,-0.09859753,0.03257003,-0.019136379,0.08250669,-0.0066941045,-0.0063931784,-0.093497984,0.029952237,0.0002129486,0.09272853,0.011184618,0.03540498,-0.113070674,0.0043904204,0.015327849,0.10349768,0.022215892,0.06210862,-0.14990088,6.4643566e-05
6,-0.052665055,0.057172082,-0.051523972,-0.07588461,-0.10735662,0.046476558,-0.047117896,0.09263523,-0.03372024,-0.026319083,-0.12933075,0.021908984,-0.030024095,0.09008628,-0.019278938,-0.028994136,-0.120278865,0.0334699,-0.013708406,0.08179218,0.0019512436,-0.0045213024,-0.10751964,0.03546947,0.008725115,0.09305352,0.02362637,0.042246245,-0.12405596,0.008438156,0.027115371,0.10619997,0.03902378,0.06638657,-0.14030755,-0.005998931
7,-0.061364006,0.05679028,-0.05651135,-0.10138218,-0.14687143,0.037095577,-0.051274203,0.098856606,-0.034067027,-0.032705624,-0.15789217,0.01988944,-0.03001048,0.097971946,-0.013243411,-0.037290797,-0.13711084,0.027255025,-0.006856153,0.08924168,0.009546387,-0.0053142947,-0.12359128,0.040715225,0.01649823,0.09252437,0.033560466,0.040909223,-0.13524355,0.01488264,0.03768741,0.108904526,0.054891355,0.05858484,-0.13251334,-0.014594961
8,-0.06801489,0.061781738,-0.058794927,-0.115014516,-0.1830042,0.02369456,-0.054210924,0.10484849,-0.03355072,-0.0332235,-0.18062864,0.019590441,-0.0300935,0.10762798,-0.004440309,-0.046291824,-0.14503208,0.012196297,0.0031358132,0.10387488,0.01970769,-0.004694473,-0.13641933,0.035258584,0.026516393,0.09197167,0.041931484,0.03914035,-0.14210552,0.018824482,0.04648989,0.1113001,0.06706899,0.047836322,-0.13013196,-0.023170361
9,-0.075428225,0.06354853,-0.06349694,-0.114139386,-0.21721166,0.02129748,-0.061656628,0.10649621,-0.040370338,-0.026670506,-0.2023571,0.03353754,-0.03869694,0.10949763,-0.006040806,-0.056475237,-0.14860761,0.01589525,0.0032121136,0.11412968,0.023966787,-0.008318216,-0.13383622,0.030124923,0.031669267,0.09648601,0.044367503,0.039595984,-0.1431789,0.02200716,0.048791427,0.114608735,0.06829572,0.045909103,-0.12938257,-0.021227919
10,-0.07050056,0.06326168,-0.057065003,-0.105668575,-0.2374742,0.009204208,-0.05835149,0.10809718,-0.037937935,-0.009549032,-0.21845263,0.035865728,-0.039915487,0.10802629,-0.004594961,-0.053536188,-0.14741471,0.017513838,0.004211402,0.11500612,0.02681897,-0.0078719035,-0.1264112,0.028397016,0.0345477,0.09528089,0.046746388,0.04269114,-0.13665435,0.023487896,0.05030797,0.11148786,0.07013407,0.052972876,-0.11719821,-0.018690614
11,-0.07367047,0.05773467,-0.060243785,-0.10835677,-0.23583743,0.008659533,-0.060857296,0.105173856,-0.04074472,-0.011955342,-0.21557118,0.040578492,-0.042188566,0.10907917,-0.0037223522,-0.062622644,-0.14495516,0.013619876,0.0070731677,0.1180255,0.028366378,-0.011545044,-0.12347495,0.02770538,0.03696595,0.09477741,0.047845073,0.039592754,-0.13746667,0.021460347,0.052071944,0.11144888,0.07159099,0.052167714,-0.12033704,-0.021568049
12,-0.0773697,0.050892465,-0.06391074,-0.11741195,-0.22829875,0.009136823,-0.062060077,0.10256737,-0.04181823,-0.018420972,-0.20726399,0.04025031,-0.041816536,0.10820114,-0.003535871,-0.07046395,-0.14244708,0.011612513,0.0090900455,0.11589389,0.027156685,-0.016629307,-0.11785636,0.031833205,0.037095822,0.091780424,0.04731873,0.035498995,-0.13485816,0.020819854,0.05246806,0.108810045,0.07119042,0.052522376,-0.120556146,-0.024048919
13,-0.08046811,0.04357528,-0.066642344,-0.12581916,-0.22641298,0.008852601,-0.06288576,0.1012653,-0.042470433,-0.02142752,-0.20526898,0.04035414,-0.04182203,0.105773576,-0.004176449,-0.074837536,-0.14178859,0.012232486,0.009424756,0.112820856,0.02562214,-0.01991715,-0.1118684,0.03572072,0.03651286,0.089592464,0.046562362,0.033506207,-0.12975374,0.021446774,0.052126884,0.10663639,0.06990051,0.055417337,-0.116126336,-0.022576591
14,-0.08204687,0.03751364,-0.06759052,-0.1307424,-0.22863856,0.005458275,-0.06299261,0.10117245,-0.042067103,-0.021249453,-0.20999399,0.040144157,-0.04149772,0.10515818,-0.0028299852,-0.07762121,-0.14346835,0.009657729,0.01135611,0.1126537,0.026800893,-0.020682001,-0.10945434,0.035062946,0.0379483,0.08816844,0.047350768,0.03331896,-0.1271569,0.021396926,0.05288959,0.10574004,0.07027115,0.05776025,-0.11288792,-0.021919386
15,-0.08436277,0.0321753,-0.069254965,-0.13624276,-0.23466767,0.0031893775,-0.06404493,0.10180979,-0.042361572,-0.02165975,-0.21855861,0.0409204,-0.04183794,0.10527691,-0.0014115836,-0.08032332,-0.14795843,0.0068788608,0.013107569,0.11417893,0.028674936,-0.020523721,-0.109865375,0.03274659,0.039777305,0.08793846,0.048123613,0.034675997,-0.12780996,0.021901168,0.05336715,0.10594468,0.07035074,0.06045911,-0.10991341,-0.02016791
16,-0.0864143,0.029754577,-0.070533626,-0.14087473,-0.24106367,0.0010276333,-0.06492498,0.10567651,-0.04285153,-0.018922124,-0.22956267,0.043030888,-0.043102767,0.10409708,-0.0018516029,-0.082181826,-0.15240373,0.008350601,0.012693706,0.11282969,0.028642239,-0.022782845,-0.10904253,0.033999722,0.04027927,0.08681629,0.048908886,0.033225328,-0.12881716,0.021741852,0.05443084,0.10529506,0.07125901,0.062117793,-0.10962412,-0.019272255
17,-0.088272795,0.024891283,-0.07205522,-0.14469446,-0.24528378,0.00068605074,-0.06602269,0.106858395,-0.043659322,-0.017000344,-0.23602252,0.04499609,-0.044450648,0.101572774,-0.002217633,-0.08432687,-0.15536071,0.008681084,0.012567497,0.11000965,0.029083349,-0.024609063,-0.10774847,0.033263337,0.041164503,0.08468217,0.05024744,0.033207394,-0.1294313,0.020288542,0.055706285,0.103370205,0.07220943,0.0663905,-0.10589593,-0.018341333
18,-0.090420485,0.021983348,-0.07381108,-0.1491257,-0.24696141,-0.0015536213,-0.06697184,0.10903656,-0.04401632,-0.017465875,-0.24129367,0.045057148,-0.04476822,0.10140902,-0.001429073,-0.08779909,-0.15939833,0.00616418,0.013902584,0.109859854,0.029397627,-0.026418416,-0.10903188,0.034123138,0.041854057,0.082435586,0.050768428,0.031527486,-0.13327748,0.020935053,0.056617856,0.10254847,0.073443286,0.06577022,-0.106959514,-0.017882925
19,-0.092213385,0.015928203,-0.07543499,-0.15070528,-0.2512411,-0.0006215118,-0.068689294,0.10904926,-0.044519257,-0.016384797,-0.24584103,0.045735396,-0.045599476,0.10077077,-0.00042194012,-0.08893348,-0.16390787,0.0032619217,0.014833983,0.109042786,0.030125985,-0.02575339,-0.112245634,0.03306685,0.042337954,0.080212645,0.05109963,0.03357892,-0.13866536,0.021186952,0.056576546,0.10145665,0.07330847,0.06969394,-0.10396483,-0.015972542
20,-0.09481521,0.014396071,-0.07773003,-0.15818313,-0.2562466,-0.0014846895,-0.06982322,0.11389038,-0.044473346,-0.016385505,-0.25347388,0.044912763,-0.045640666,0.10036336,-0.0007586263,-0.0908669,-0.16682164,0.003990995,0.014690845,0.10720288,0.029338367,-0.029352749,-0.111597955,0.035711445,0.042415284,0.07821761,0.05179427,0.030240202,-0.14161447,0.020792495,0.05802392,0.099833064,0.07468527,0.06980595,-0.1053692,-0.015361759
21,-0.09509779,0.010829048,-0.07788067,-0.15907387,-0.25882494,-0.0028850052,-0.07005091,0.11525402,-0.044003434,-0.014379946,-0.2578319,0.044633895,-0.04571757,0.09957178,-0.00012710344,-0.092567325,-0.16897216,0.0023252284,0.015596851,0.105479315,0.029608922,-0.03133357,-0.11130935,0.03598439,0.043139733,0.07540006,0.052919026,0.02851205,-0.14491484,0.019556386,0.059497006,0.09738322,0.07628782,0.07147962,-0.106053464,-0.015866565
22,-0.09447111,0.0058754315,-0.07733362,-0.15349099,-0.26175845,-0.0012492575,-0.0710924,0.115153104,-0.044191062,-0.011064355,-0.2595163,0.046176378,-0.04677324,0.099598266,0.00020126766,-0.093856074,-0.17169066,0.00029437442,0.01601146,0.10486544,0.029234815,-0.031706143,-0.11269721,0.03651028,0.04281504,0.0726918,0.05266362,0.028867802,-0.14994715,0.019697435,0.05924328,0.09530899,0.07609385,0.07486147,-0.10629554,-0.014809922
23,-0.09440551,0.006391759,-0.07721632,-0.15151055,-0.26563486,-0.0023023144,-0.07181575,0.12093563,-0.043896083,-0.008146605,-0.26503566,0.04679476,-0.047265664,0.10175564,-0.00016807028,-0.09589564,-0.17385596,0.00059354794,0.015952341,0.10573471,0.028043337,-0.035141822,-0.112166874,0.040416263,0.04246827,0.07126013,0.05285129,0.024103869,-0.15364918,0.01963905,0.06061529,0.094682366,0.07783387,0.0726585,-0.1120315,-0.015807925
24,-0.09412563,0.000925558,-0.077011704,-0.14752375,-0.26959476,-0.00064885314,-0.07291608,0.120422296,-0.044025697,-0.0064512477,-0.26579198,0.04773937,-0.047843218,0.10218444,0.0006372536,-0.09800321,-0.17593493,-0.0023972439,0.017193038,0.10577022,0.029230388,-0.03589576,-0.11280124,0.0379007,0.04376506,0.06950636,0.05392328,0.025117382,-0.15837924,0.01821936,0.06139781,0.092945404,0.078297324,0.07721218,-0.11087435,-0.015230017
25,-0.094210014,0.0003613943,-0.07714239,-0.14881757,-0.27443096,-0.0024876539,-0.07320431,0.12508422,-0.0434835,-0.0059117614,-0.26991558,0.04701488,-0.047425833,0.10408275,0.00087449874,-0.100588344,-0.17801027,-0.0033606205,0.017971138,0.10739474,0.028944697,-0.03932139,-0.11223966,0.040102877,0.044297338,0.068775825,0.054580696,0.020810548,-0.1624558,0.01759867,0.06316278,0.09299977,0.0800809,0.074899204,-0.11675337,-0.016234696
26,-0.09548574,-0.004297113,-0.0784557,-0.14656226,-0.27977812,0.0006196905,-0.075572476,0.124665745,-0.04479247,-0.0066966033,-0.2680978,0.04842022,-0.048579894,0.10362241,-0.00040300173,-0.10370224,-0.180243,-0.003145757,0.017261755,0.10759105,0.027364252,-0.04171086,-0.11003454,0.041564524,0.043431245,0.06838682,0.0534946,0.019822927,-0.16524687,0.018047784,0.062418282,0.09263619,0.0783681,0.07731526,-0.11806421,-0.013184966
27,-0.09527526,-0.009824351,-0.07824633,-0.14215964,-0.2836318,-0.0020370567,-0.07671098,0.12403984,-0.04553024,-0.005249841,-0.26658964,0.049728353,-0.04974498,0.10314314,-0.0009370558,-0.10586617,-0.18073048,-0.003790689,0.017282205,0.10676635,0.02721713,-0.043286633,-0.10800793,0.041496206,0.043761205,0.06671931,0.054129533,0.0186978,-0.16795474,0.016292553,0.06332387,0.0915217,0.07891741,0.07995954,-0.120076165,-0.013639294
28,-0.0980498,-0.013102502,-0.08114642,-0.14568189,-0.28935087,-0.001741714,-0.079348154,0.12672864,-0.046704028,-0.0064149355,-0.26894796,0.049874306,-0.05068102,0.10497247,-0.0018635315,-0.10796335,-0.18133944,-0.0036335194,0.016849225,0.10828826,0.02690497,-0.045284692,-0.10712412,0.0428219,0.04396953,0.06676309,0.054376747,0.016247492,-0.1699851,0.01614007,0.06421663,0.09265748,0.07966554,0.0780281,-0.12285827,-0.013851603
29,-0.099139445,-0.016819753,-0.082243614,-0.14850327,-0.29306623,-0.00036405819,-0.080137156,0.1278944,-0.046203665,-0.0076110335,-0.26648575,0.04781346,-0.049798567,0.10528902,-0.0017578788,-0.109212965,-0.18084507,-0.0054985206,0.01741055,0.108532414,0.026218262,-0.04598434,-0.105502464,0.043621425,0.043582633,0.06509833,0.053564258,0.016477348,-0.17136647,0.017284773,0.06341299,0.09186558,0.07801124,0.079932176,-0.123059094,-0.010348175
30,-0.100097775,-0.020633498,-0.08320175,-0.15121755,-0.29537183,-0.0012927284,-0.08068358,0.12959859,-0.046598874,-0.00913334,-0.265268,0.04770192,-0.049792454,0.10529502,-0.0013339208,-0.11213133,-0.18063682,-0.007612939,0.01881513,0.11023948,0.028161353,-0.04719429,-0.10476564,0.041504007,0.045784865,0.065418534,0.055151135,0.014264287,-0.17315198,0.015863439,0.065496355,0.09471448,0.08007256,0.07443407,-0.13097015,-0.013384553
31,-0.099271476,-0.023506613,-0.0822807,-0.14603338,-0.30018315,0.0026608773,-0.08141125,0.13169335,-0.046695556,-0.005567627,-0.26314664,0.04946433,-0.05085692,0.10276879,-0.0035163227,-0.11303362,-0.17845686,-0.0045104856,0.016987117,0.10629161,0.025555337,-0.049431473,-0.09788592,0.044060938,0.04420116,0.06321815,0.05421057,0.012029926,-0.17178471,0.014470987,0.06522635,0.092289135,0.078446835,0.0782919,-0.13225122,-0.011271088
32,-0.096387394,-0.023344731,-0.07931924,-0.13421552,-0.3002559,0.0026735486,-0.08120943,0.1357042,-0.046342816,-0.0010474438,-0.26189402,0.0520702,-0.051720653,0.10557653,-0.0036097358,-0.11573027,-0.17878434,-0.0049564717,0.017676998,0.10828059,0.025406078,-0.05174127,-0.09687816,0.04583872,0.0445893,0.05992825,0.054561846,0.0093487725,-0.17505214,0.0140862595,0.06628361,0.09034338,0.08004362,0.077815,-0.13181804,-0.013061587
33,-0.09592177,-0.02814465,-0.07889804,-0.12670071,-0.3065902,0.003127105,-0.08303874,0.13638608,-0.0466954,-0.0004600106,-0.26202407,0.053305615,-0.052260954,0.11063034,-0.002706679,-0.11683197,-0.1832958,-0.0071846563,0.018418895,0.11536234,0.025942368,-0.050441846,-0.10217554,0.047812436,0.04452214,0.059566014,0.053594552,0.010041234,-0.18008004,0.017046843,0.06521314,0.09338301,0.08002477,0.07505947,-0.13372594,-0.013817823
34,-0.08489676,-0.02310268,-0.067619585,-0.11260684,-0.31289262,0.00040588895,-0.07520981,0.14431013,-0.039892405,0.010737521,-0.2606987,0.051431388,-0.047927402,0.105792,-0.0014122243,-0.11547208,-0.17571595,-0.005128558,0.020309843,0.106425606,0.02523904,-0.054053605,-0.08482497,0.0492,0.045757696,0.05452222,0.056268003,0.0051506273,-0.17318034,0.010312321,0.0689948,0.08594704,0.08136353,0.08725153,-0.13136768,-0.013286029
35,-0.08646222,-0.028179094,-0.06926738,-0.116927594,-0.31707165,-0.0030301698,-0.07615567,0.14419475,-0.040204514,0.0014928937,-0.25339517,0.049562834,-0.045674037,0.1126931,0.0023399515,-0.12072551,-0.18249871,-0.013197309,0.025202831,0.12197564,0.029659811,-0.05267465,-0.093140796,0.04811044,0.049167834,0.05590979,0.0560523,0.008542994,-0.17869115,0.01690791,0.06792447,0.094718926,0.08124298,0.0785578,-0.13110875,-0.01171904
36,-0.086653695,-0.0308717,-0.0690625,-0.12250302,-0.31954068,-0.00097246666,-0.074786246,0.14584838,-0.039436027,-0.0023488062,-0.24715891,0.04853752,-0.043704305,0.11072108,0.0032850173,-0.12457191,-0.17921014,-0.015267154,0.027992096,0.12061126,0.03212254,-0.05468886,-0.0858788,0.04416851,0.05245967,0.05315879,0.05839755,0.0086127855,-0.17634456,0.014302096,0.07003717,0.09328445,0.08175967,0.083000965,-0.12729359,-0.010491214
37,-0.086688295,-0.03156276,-0.06920175,-0.1280092,-0.32833034,-0.0002402903,-0.07425951,0.15099719,-0.03853208,-0.0020632183,-0.2501054,0.04765548,-0.042761765,0.1108589,0.0023862093,-0.12429374,-0.17667674,-0.012475775,0.02724428,0.12074624,0.03184913,-0.055456415,-0.08134493,0.045841344,0.052718487,0.052794013,0.058577757,0.006411694,-0.17286968,0.013865147,0.07078261,0.094486356,0.082467385,0.08103306,-0.12857349,-0.011775288
38,-0.08673608,-0.037273433,-0.06914314,-0.12727913,-0.33823735,0.00064114545,-0.075129546,0.15090862,-0.039145485,-0.0008531628,-0.2521665,0.04881004,-0.04376587,0.10997037,0.0016757345,-0.12318015,-0.17783138,-0.011480083,0.025906889,0.12162747,0.03188657,-0.053135384,-0.0817165,0.045515906,0.05236154,0.0531839,0.057922635,0.008550835,-0.17237027,0.014498154,0.06962399,0.09731667,0.081833385,0.080303684,-0.12939893,-0.012904921
39,-0.08793978,-0.043313514,-0.07014267,-0.13351457,-0.34641045,0.00022086076,-0.07518583,0.15104517,-0.039321076,-0.0019860424,-0.25398698,0.04772366,-0.043643363,0.10887235,0.0020038919,-0.121877156,-0.17862609,-0.013180914,0.025708614,0.12161838,0.032571018,-0.050554533,-0.08405495,0.043603484,0.052427787,0.05217836,0.057681255,0.01239146,-0.17453068,0.014792587,0.06840393,0.09882885,0.08099785,0.082544714,-0.1283915,-0.01300535
40,-0.09074766,-0.045915317,-0.07240023,-0.14246804,-0.34806067,0.00078986346,-0.0753551,0.15413679,-0.04064736,-0.0052023474,-0.25416774,0.04793319,-0.044225544,0.107704915,0.0009692906,-0.124369055,-0.1787246,-0.013356032,0.025399739,0.11958301,0.032156546,-0.052823424,-0.08297919,0.043376114,0.05250868,0.049510065,0.057912223,0.011139737,-0.17922294,0.013295649,0.06896843,0.09776641,0.081543826,0.08352157,-0.13047749,-0.014201655
41,-0.09295785,-0.050125927,-0.07411216,-0.14920387,-0.3536836,0.0008033357,-0.07586292,0.15587299,-0.041689597,-0.0073316297,-0.25471532,0.047495592,-0.044795703,0.10695253,-0.00033189022,-0.12463753,-0.18012072,-0.013003209,0.023860488,0.12005478,0.030112313,-0.052508563,-0.084447026,0.045899805,0.05043148,0.04802227,0.055739153,0.012017044,-0.1836444,0.015229314,0.0667749,0.09875402,0.07947772,0.08334944,-0.13297255,-0.0127692465
42,-0.09308878,-0.05478793,-0.07342686,-0.15093301,-0.35641685,-0.0007481238,-0.07494478,0.15626346,-0.041985083,-0.0070874016,-0.25496486,0.047817867,-0.04519241,0.10491313,-0.00039499364,-0.12565897,-0.18007591,-0.014204102,0.02414992,0.11844877,0.030930782,-0.052382328,-0.083976336,0.04372629,0.05122086,0.046074186,0.05632474,0.012917759,-0.18616444,0.013817424,0.067068115,0.098204695,0.07981876,0.08439998,-0.13562022,-0.014264091
43,-0.09187958,-0.05203246,-0.07030561,-0.1361638,-0.35561046,0.0019593886,-0.075454414,0.16210635,-0.04455659,-0.0015218437,-0.24951613,0.05010943,-0.049536813,0.10164039,-0.0070611485,-0.12820627,-0.17557482,-0.004471525,0.018270604,0.11120093,0.02333625,-0.057599574,-0.07321553,0.05201809,0.045725014,0.0419833,0.052712355,0.004856806,-0.18554904,0.011211686,0.06609119,0.09247809,0.07732917,0.08876413,-0.14260657,-0.013829757
44,-0.09280415,-0.05704506,-0.06966648,-0.11949921,-0.3541776,0.0025114631,-0.07896989,0.15832356,-0.048473217,-0.00380234,-0.24324612,0.0541012,-0.05330961,0.10743914,-0.0072946833,-0.13413072,-0.18159646,-0.0068749837,0.019198123,0.12133441,0.025556987,-0.05780293,-0.08233363,0.05154707,0.047177862,0.038968608,0.052680917,0.0084094405,-0.19730411,0.014574233,0.06504876,0.0931564,0.078053094,0.08611596,-0.14495677,-0.015765987
45,-0.0920145,-0.05502117,-0.06833902,-0.11766354,-0.36301762,0.0020487488,-0.07863608,0.16289935,-0.048497435,-0.005474674,-0.24518688,0.05424701,-0.052844044,0.109446265,-0.0069050645,-0.1366957,-0.18395337,-0.0063106073,0.020137278,0.12537134,0.02760576,-0.059443187,-0.080290236,0.051490832,0.049561437,0.038640227,0.054378394,0.007866371,-0.20039988,0.013603345,0.066778384,0.09491541,0.07887032,0.08784857,-0.14837779,-0.015906088
46,-0.08414271,-0.049557973,-0.06024235,-0.11418733,-0.37542284,-0.001170802,-0.071941815,0.16991474,-0.042047847,0.0007817121,-0.24988753,0.048922442,-0.047232036,0.10617127,-0.0041595395,-0.13276474,-0.17969069,-0.005904775,0.022315199,0.12046084,0.028375322,-0.058238056,-0.06980923,0.052309927,0.05099118,0.035370227,0.05630327,0.0079188235,-0.19131434,0.010635932,0.06848561,0.09126819,0.07869173,0.09848033,-0.14348957,-0.014224474
47,-0.08625537,-0.05313139,-0.062620305,-0.11783192,-0.38272455,-0.0025701441,-0.073910594,0.1686828,-0.043792922,-0.007917095,-0.24644649,0.04976572,-0.046735935,0.111085266,-0.0005538421,-0.13928992,-0.18725477,-0.014965913,0.027490757,0.13430293,0.03585388,-0.05535602,-0.076573804,0.043772705,0.05707932,0.035583306,0.05913535,0.01895569,-0.19494161,0.014505162,0.067827456,0.09814638,0.07876552,0.094946094,-0.13672882,-0.014023082
48,-0.0850026,-0.049436513,-0.060882878,-0.121473014,-0.38433263,-0.0009847307,-0.07122542,0.17421673,-0.041004524,-0.009196129,-0.24540915,0.04669138,-0.04314605,0.11261677,0.0014869528,-0.1409999,-0.18632062,-0.016975602,0.030501,0.13310362,0.036097743,-0.058352187,-0.07240483,0.04570511,0.058157515,0.029851737,0.060138308,0.01691571,-0.19823125,0.012970595,0.069363214,0.09265166,0.079390764,0.10074417,-0.13453989,-0.012925422
49,-0.08369878,-0.050831072,-0.057924658,-0.112436496,-0.39128003,0.0028256397,-0.070984066,0.17631847,-0.0436103,-0.0062834634,-0.24089658,0.04909368,-0.046823315,0.10871398,-0.0046785707,-0.14191502,-0.1846838,-0.006310186,0.024096433,0.12904198,0.028585551,-0.061717864,-0.06232195,0.056347776,0.05253675,0.028472625,0.05620701,0.007909175,-0.19376542,0.011285588,0.0685703,0.09077503,0.07866032,0.09952415,-0.14341472,-0.016533552
50,-0.085071735,-0.060374577,-0.05778691,-0.109519936,-0.40006304,0.0026400704,-0.072135545,0.17014566,-0.047177747,-0.009744107,-0.2357401,0.052244812,-0.04993902,0.108414404,-0.0056297644,-0.1444783,-0.18877405,-0.007340399,0.023293944,0.13574247,0.030730793,-0.058733325,-0.06595158,0.053352125,0.053887773,0.028125256,0.05669469,0.014828909,-0.1964584,0.012517901,0.06695002,0.09454461,0.07796001,0.09994095,-0.1427863,-0.018128695
51,-0.08660431,-0.06204636,-0.059095714,-0.120838314,-0.4061053,0.0004374662,-0.07076229,0.17286034,-0.047154214,-0.0138159925,-0.23561242,0.050376765,-0.048778832,0.1089309,-0.0053262273,-0.14577822,-0.18885352,-0.008207402,0.024081903,0.13825507,0.031945862,-0.059161358,-0.06380598,0.053188942,0.0552828,0.027159829,0.057711117,0.015800998,-0.19791394,0.012134737,0.06758244,0.095972076,0.07804342,0.1014096,-0.14231393,-0.017570179
52,-0.08811449,-0.0649913,-0.06038886,-0.13376108,-0.41166785,-0.0013772117,-0.068928644,0.1758408,-0.047101613,-0.01845948,-0.2320192,0.048666924,-0.047419917,0.10690099,-0.00552731,-0.14811991,-0.18913291,-0.0092524,0.024709402,0.13889827,0.031705994,-0.0598666,-0.059168827,0.05336813,0.055557214,0.025396507,0.057567224,0.016278017,-0.20045862,0.011786225,0.067327395,0.09722078,0.07606634,0.10258354,-0.14481103,-0.015178721
53,-0.08866424,-0.07046337,-0.060522515,-0.13694754,-0.41735452,-0.0022899266,-0.06861311,0.17545104,-0.04877151,-0.020728983,-0.22882411,0.050662924,-0.048690602,0.10398148,-0.0067927362,-0.15102583,-0.19017313,-0.009285358,0.024254702,0.14003398,0.032768212,-0.059425894,-0.055851895,0.050157152,0.056795765,0.025291817,0.05812279,0.018441707,-0.2014461,0.010660961,0.067167886,0.09979647,0.07496499,0.101854205,-0.14929585,-0.015769523
54,-0.08773241,-0.07255564,-0.059717264,-0.1398042,-0.42597866,-0.0027332345,-0.06761454,0.1788468,-0.048073903,-0.01960239,-0.23069619,0.049967114,-0.048186727,0.1039204,-0.007572149,-0.15013011,-0.1904852,-0.007982893,0.022926839,0.14014205,0.030650444,-0.058473468,-0.054395158,0.05301771,0.054838233,0.023279427,0.056297086,0.019108512,-0.2032583,0.011846761,0.0653384,0.09978237,0.07297947,0.10248829,-0.1532727,-0.014777142
55,-0.086921625,-0.07322416,-0.05860083,-0.1406277,-0.4321926,-0.0016532711,-0.06669406,0.18263254,-0.048427492,-0.019141125,-0.23058748,0.051447608,-0.048704885,0.1018951,-0.009547752,-0.15187255,-0.18939763,-0.005122275,0.021551615,0.138315,0.029551612,-0.060265917,-0.048209164,0.05347016,0.0545169,0.022706384,0.056062225,0.01638822,-0.20491347,0.009400357,0.06597298,0.09987998,0.072385274,0.102806374,-0.16157642,-0.015965635
56,-0.08154168,-0.07583869,-0.05238997,-0.13192,-0.43885672,-0.0043134647,-0.063210994,0.18390854,-0.04588466,-0.013528574,-0.23336922,0.050622582,-0.047252577,0.10208678,-0.007906197,-0.14902216,-0.18947837,-0.0061664376,0.022225743,0.13830093,0.029804917,-0.05746621,-0.050043747,0.054547314,0.054343626,0.019811412,0.056099083,0.018529765,-0.20796141,0.00956003,0.065351315,0.09926851,0.07289279,0.104383215,-0.16874266,-0.018581698
57,-0.07940473,-0.07659974,-0.05039659,-0.13156782,-0.44599754,-0.005166597,-0.061734617,0.18664101,-0.044450764,-0.013146261,-0.2325189,0.04926907,-0.045669734,0.10193362,-0.0069629382,-0.14967145,-0.19086024,-0.008401476,0.023289748,0.13971774,0.029936977,-0.056581575,-0.048140556,0.05388473,0.05453276,0.018265141,0.05608523,0.02067442,-0.20942466,0.009300513,0.06469018,0.09978357,0.07126892,0.1069532,-0.17035355,-0.017021663
58,-0.08010877,-0.07708337,-0.05070853,-0.13557033,-0.44931182,-0.0049755094,-0.061111752,0.1898664,-0.045031082,-0.015573471,-0.23004487,0.04976986,-0.04565432,0.1012698,-0.0075758677,-0.15314066,-0.19147567,-0.009700208,0.023884535,0.13997842,0.030431096,-0.058302578,-0.044375453,0.051848065,0.05547363,0.016736371,0.056763727,0.020863596,-0.21372662,0.0073047737,0.06527124,0.099909395,0.070977464,0.10828544,-0.17385086,-0.017651513
59,-0.08109742,-0.07971874,-0.05114571,-0.14024612,-0.45508146,-0.005288974,-0.060600255,0.19193198,-0.045644242,-0.017561527,-0.22719303,0.04959132,-0.04580321,0.10110867,-0.008501013,-0.15507388,-0.19227965,-0.011188572,0.023481507,0.14146677,0.02925985,-0.058027767,-0.04347344,0.051840078,0.054438505,0.014459892,0.05560715,0.023322254,-0.21817029,0.007968001,0.063484825,0.10022266,0.06896369,0.1093713,-0.17589474,-0.016843265
60,-0.08201159,-0.08222542,-0.051602382,-0.14366797,-0.45876718,-0.004838841,-0.060328703,0.1941166,-0.046212893,-0.018318664,-0.2266103,0.049865495,-0.046252746,0.10147187,-0.009638559,-0.15695757,-0.19200924,-0.011687356,0.023010014,0.14196385,0.028676856,-0.05877758,-0.041578736,0.05115293,0.05412043,0.01269822,0.05518221,0.023875631,-0.22178768,0.0072335536,0.06296189,0.09981604,0.068305485,0.11009914,-0.17921147,-0.017693827
61,-0.082232505,-0.08485906,-0.05141181,-0.14579812,-0.46296376,-0.004730609,-0.059811015,0.19616635,-0.046243344,-0.017918954,-0.22626048,0.049452145,-0.04638651,0.102184206,-0.010711778,-0.15770744,-0.1914843,-0.012175856,0.022188924,0.14275438,0.027067637,-0.058551062,-0.04045524,0.05183415,0.052695118,0.01048555,0.05377463,0.025109855,-0.22418936,0.0077646156,0.06132022,0.09896696,0.066650905,0.11110713,-0.18116276,-0.017310945
62,-0.08242427,-0.086961165,-0.05105128,-0.14586614,-0.46559927,-0.003816945,-0.059622683,0.19782192,-0.04671946,-0.017148042,-0.2267939,0.050213546,-0.047141716,0.10288961,-0.012122787,-0.15896718,-0.19063391,-0.011542275,0.021252003,0.14295787,0.02621814,-0.059166912,-0.03825787,0.05164193,0.052135613,0.009145887,0.053200424,0.025018485,-0.22586782,0.0070078294,0.060857493,0.09796871,0.06613043,0.11170848,-0.1844556,-0.018376475
63,-0.08092558,-0.08883506,-0.049271036,-0.1440095,-0.4692252,-0.0035612942,-0.058618437,0.19919488,-0.045960758,-0.014759028,-0.22856551,0.049894832,-0.046906393,0.10349754,-0.012701405,-0.1587229,-0.18995458,-0.0110521875,0.020601572,0.14281316,0.0250175,-0.058823,-0.036120642,0.052358422,0.051161714,0.007821657,0.052314337,0.024952937,-0.2250924,0.006749279,0.06008212,0.09661538,0.06523536,0.11309901,-0.18608575,-0.018389098
64,-0.079097085,-0.09041001,-0.047670662,-0.14347982,-0.4752031,-0.004987576,-0.0575751,0.20085108,-0.04527507,-0.013327437,-0.2312593,0.04958024,-0.046501562,0.104503796,-0.01265153,-0.158494,-0.19198166,-0.0110825775,0.020191792,0.14449413,0.024343934,-0.057878282,-0.036189824,0.053274225,0.050461993,0.007243224,0.0516344,0.026221279,-0.22644031,0.007375377,0.059052322,0.09735004,0.064198114,0.11287214,-0.19047427,-0.01860661
65,-0.078425415,-0.092071235,-0.046458807,-0.14413458,-0.48000047,-0.0057458365,-0.05646076,0.20203097,-0.04568245,-0.013773956,-0.23018493,0.050291546,-0.046842255,0.10309422,-0.013493632,-0.16048951,-0.19322526,-0.011389805,0.01983812,0.14461808,0.02391056,-0.057870064,-0.033620805,0.052230854,0.050260983,0.006085443,0.051380087,0.027524108,-0.22794305,0.0065410445,0.05839463,0.097175606,0.06320124,0.11380996,-0.19418718,-0.0193574
66,-0.07840061,-0.09130083,-0.04607598,-0.14807495,-0.4823367,-0.0051508932,-0.054995753,0.20472664,-0.044757493,-0.014209769,-0.22877009,0.048588898,-0.04563881,0.10254534,-0.01423421,-0.1615479,-0.19143833,-0.011304849,0.019751012,0.14302748,0.021842986,-0.05938823,-0.029595902,0.054324858,0.048772763,0.0038609225,0.050092474,0.025247183,-0.22908418,0.0056817583,0.05803736,0.09481865,0.062280312,0.115926355,-0.19549191,-0.018797757
67,-0.077688254,-0.094734296,-0.045100685,-0.14668591,-0.48895293,-0.005754309,-0.054950513,0.20434292,-0.0453669,-0.014762672,-0.2288958,0.049479853,-0.046198756,0.10277989,-0.0146504715,-0.16354452,-0.19486152,-0.012272422,0.01948742,0.14631295,0.021994933,-0.058293637,-0.029175118,0.052756693,0.048890494,0.0039512655,0.05009004,0.02857767,-0.22986296,0.0061234143,0.056877438,0.09641187,0.06092765,0.1152756,-0.1995329,-0.019262375
68,-0.07756259,-0.09549876,-0.044443913,-0.14719234,-0.49011004,-0.0046288893,-0.054188296,0.2059466,-0.045009814,-0.014648787,-0.2284491,0.049141917,-0.045809846,0.10322398,-0.015235421,-0.16542546,-0.19428155,-0.012449071,0.01971845,0.14590065,0.021331176,-0.059659153,-0.025755512,0.05290447,0.048632864,0.0023442407,0.04984561,0.027353587,-0.23127422,0.004924107,0.057098348,0.09464922,0.060898475,0.11600947,-0.20243919,-0.020350192
69,-0.075514846,-0.096166916,-0.04187059,-0.1430322,-0.49217743,-0.003107179,-0.052996945,0.2072575,-0.04383975,-0.011897466,-0.22846279,0.048477534,-0.04517718,0.1036513,-0.015908878,-0.1650398,-0.19324693,-0.011416941,0.018962523,0.1449174,0.018748242,-0.059422918,-0.023100253,0.05568357,0.04643946,0.0003449945,0.047944486,0.026383968,-0.22999936,0.005369444,0.055730052,0.09207509,0.059527673,0.11751918,-0.20347244,-0.01979072
70,-0.07361659,-0.09762511,-0.039730676,-0.13841367,-0.4958662,-0.0040428047,-0.052534424,0.20817608,-0.04420995,-0.01084472,-0.23003279,0.050101705,-0.04589285,0.10474657,-0.016053928,-0.16698657,-0.19647582,-0.011870056,0.019024987,0.14805493,0.019713476,-0.05876881,-0.022814555,0.053717665,0.04733967,0.00027333203,0.04873343,0.02929709,-0.23152764,0.005284318,0.055422522,0.093552664,0.059344515,0.115572676,-0.21013881,-0.022019766
71,-0.073504046,-0.097785935,-0.039912283,-0.14424945,-0.5007837,-0.0045246966,-0.051187832,0.21010894,-0.04350224,-0.01171402,-0.22781707,0.048607387,-0.044832613,0.104355514,-0.016676791,-0.16830422,-0.19575049,-0.012608842,0.018998403,0.14839052,0.01813397,-0.058925122,-0.019047894,0.05455551,0.046178006,-0.001518092,0.04773933,0.029570762,-0.23082916,0.005074532,0.05442944,0.09233674,0.05769495,0.117552176,-0.20898156,-0.020696228
72,-0.07385374,-0.09924894,-0.04017959,-0.14836818,-0.5051679,-0.004552626,-0.050464824,0.21055001,-0.04409675,-0.0133155985,-0.2256618,0.049037192,-0.04508572,0.10313939,-0.017832838,-0.17088205,-0.19660008,-0.012717186,0.018623399,0.14860362,0.017352484,-0.05931366,-0.014895437,0.053727504,0.04581474,-0.002204713,0.047448333,0.030031048,-0.23029426,0.0039405464,0.054001883,0.09177898,0.056470517,0.118979946,-0.20964742,-0.0204811
73,-0.07244506,-0.09992559,-0.038552083,-0.14837073,-0.5074946,-0.0052902126,-0.048944727,0.21134733,-0.043139104,-0.012130054,-0.22723474,0.048259143,-0.044292543,0.10439368,-0.017684221,-0.17113627,-0.19666488,-0.013036325,0.018881353,0.14969116,0.017109033,-0.058925513,-0.013736887,0.05383321,0.045674942,-0.003196576,0.04737026,0.030962542,-0.23072219,0.003930824,0.05360933,0.09129468,0.05643888,0.118601464,-0.21396539,-0.022084367
74,-0.071259096,-0.10190176,-0.037004232,-0.14663722,-0.5095951,-0.0043236036,-0.048071355,0.2106287,-0.042864796,-0.010691858,-0.22645812,0.048397277,-0.044341728,0.10418324,-0.018445365,-0.17156972,-0.195767,-0.012653868,0.018367082,0.14911973,0.015887015,-0.05837972,-0.01090884,0.054060902,0.04475349,-0.004313607,0.046591446,0.031198638,-0.22847573,0.0035217577,0.05280938,0.089538746,0.055548728,0.120423004,-0.21383496,-0.022064166
75,-0.07039086,-0.10298663,-0.036319315,-0.14769876,-0.5116287,-0.0045501296,-0.047160443,0.21134938,-0.041989703,-0.010391368,-0.22633618,0.04732426,-0.043404397,0.10520298,-0.018246487,-0.17235811,-0.19655558,-0.013512858,0.018780362,0.150401,0.015249722,-0.05816174,-0.009205857,0.054310855,0.044296615,-0.0050041117,0.046260048,0.03182604,-0.2281465,0.003507883,0.052291855,0.08935867,0.054759264,0.120520025,-0.21588428,-0.022137973
76,-0.07066026,-0.10522007,-0.03652598,-0.1502783,-0.5150274,-0.004973724,-0.046780687,0.21154843,-0.04252201,-0.0112942485,-0.2265564,0.047878347,-0.043790273,0.105603255,-0.018908355,-0.17438936,-0.19857171,-0.013897006,0.01851319,0.15169561,0.014860599,-0.058200046,-0.0070627276,0.053516526,0.04410781,-0.0052358317,0.046185445,0.03275839,-0.22843277,0.0028237766,0.051903807,0.089650355,0.05394783,0.12069731,-0.2181114,-0.022677183
77,-0.06895098,-0.10551981,-0.034557316,-0.15130231,-0.5154652,-0.005660359,-0.0444013,0.2116443,-0.040730566,-0.009711993,-0.22710243,0.046039313,-0.04212181,0.10606721,-0.018159334,-0.17376536,-0.19720472,-0.014685511,0.019356105,0.15056433,0.014273087,-0.05770433,-0.005312228,0.054045185,0.043699685,-0.00705527,0.04584864,0.032669965,-0.22699834,0.0025714473,0.051615484,0.087499626,0.054002915,0.12212675,-0.21867725,-0.023288136
78,-0.06592058,-0.103280954,-0.030645613,-0.1448223,-0.5155813,-0.004910869,-0.042500187,0.21276423,-0.040003642,-0.0061851204,-0.23045175,0.047181096,-0.042205013,0.10727254,-0.018741788,-0.17283396,-0.19723755,-0.011645201,0.018255655,0.14968516,0.013174625,-0.057235952,-0.0043429583,0.056014884,0.042755168,-0.007583482,0.04508329,0.032359604,-0.2267752,0.0028540213,0.051025845,0.08642597,0.05439806,0.12087056,-0.22665085,-0.026329521
79,-0.06389378,-0.10080087,-0.029486539,-0.14622687,-0.5200999,-0.006180601,-0.04116148,0.21506311,-0.03959747,-0.0063413996,-0.22960636,0.04725958,-0.041677155,0.10736637,-0.018922456,-0.17375068,-0.19949926,-0.011276063,0.017986469,0.15114298,0.012228344,-0.05656462,-0.0026663872,0.05701611,0.042002283,-0.007934106,0.044604782,0.033445716,-0.22668672,0.002857573,0.050214153,0.086842574,0.05268973,0.121585034,-0.2296093,-0.025407108
80,-0.062754326,-0.10004375,-0.02988245,-0.14929625,-0.5247956,-0.0069824206,-0.040900726,0.2156298,-0.04007609,-0.007893572,-0.22794624,0.04814286,-0.04181316,0.10620835,-0.018866532,-0.17601956,-0.2032668,-0.011818326,0.018295553,0.15206385,0.012699745,-0.056105696,0.00023439224,0.05544011,0.04267545,-0.0074018906,0.045380447,0.0344203,-0.22429405,0.0014350419,0.050527338,0.08753961,0.0514868,0.12331445,-0.22787325,-0.023858752
81,-0.063337296,-0.101114936,-0.03127221,-0.15430436,-0.528331,-0.007256534,-0.04091657,0.21561068,-0.041512914,-0.010339914,-0.2267525,0.049652584,-0.04283427,0.10533052,-0.01990183,-0.1784139,-0.20588417,-0.011026861,0.01766302,0.15205148,0.012244915,-0.056817196,0.0019789136,0.055786654,0.042384792,-0.007318186,0.04520951,0.033786274,-0.22611623,0.00044408324,0.0506103,0.08802653,0.05087335,0.12339597,-0.23020618,-0.02419096
82,-0.06108852,-0.1031342,-0.029052522,-0.15281697,-0.5280975,-0.006366141,-0.039077982,0.21399784,-0.03982403,-0.008053326,-0.22502926,0.047860518,-0.041447386,0.104750246,-0.019661697,-0.17689732,-0.20370278,-0.010648669,0.01767189,0.14946876,0.009966879,-0.05609231,0.0034519418,0.058750547,0.04038716,-0.00935669,0.043426674,0.03246882,-0.22425428,0.0011653384,0.049457695,0.08570085,0.050009415,0.124671206,-0.23000789,-0.023666963
83,-0.058765065,-0.10584316,-0.02731748,-0.1496015,-0.5315901,-0.0072544073,-0.038664393,0.2124844,-0.039233435,-0.0071577616,-0.22813828,0.04806778,-0.041014347,0.10644928,-0.017969323,-0.17758937,-0.20828669,-0.012324337,0.018986007,0.15292309,0.011723391,-0.054299075,0.0018769284,0.056491464,0.041922897,-0.009269686,0.0450779,0.036183443,-0.2235173,0.0013275692,0.049625,0.0877109,0.050203077,0.122685954,-0.23630448,-0.025428696
84,-0.058457818,-0.10449359,-0.027528925,-0.15465444,-0.5314893,-0.0070254374,-0.037125472,0.21222956,-0.038290404,-0.008691357,-0.22614309,0.04648692,-0.03951,0.10588235,-0.017714493,-0.17850372,-0.20758197,-0.012001046,0.019832915,0.15122116,0.010971863,-0.05556299,0.004395545,0.058694266,0.041409638,-0.010267359,0.04465434,0.033624675,-0.22386278,0.0008354217,0.050112743,0.086665116,0.05086481,0.12232403,-0.23768136,-0.02673599
85,-0.055819448,-0.104308344,-0.025181556,-0.15091395,-0.5348869,-0.0069407006,-0.0362582,0.21123682,-0.03845994,-0.00782869,-0.22608621,0.047713008,-0.039919082,0.10502139,-0.017970597,-0.17906073,-0.21014574,-0.011059596,0.019258033,0.15106948,0.0100606,-0.054202512,0.005777621,0.059202865,0.04068535,-0.010591348,0.044184007,0.03475504,-0.22075546,0.0008337372,0.049270775,0.08654126,0.049778104,0.12345936,-0.23816451,-0.02643567
86,-0.053772792,-0.10217268,-0.024495736,-0.15092462,-0.53758186,-0.006455707,-0.03575737,0.21263467,-0.037940666,-0.0073677883,-0.22742258,0.04808395,-0.039430745,0.105790064,-0.017605847,-0.17978549,-0.21231028,-0.010144989,0.019559521,0.15133765,0.01063253,-0.054472424,0.007748618,0.0589542,0.041372925,-0.009862305,0.044965424,0.03404385,-0.22066431,-0.0005989579,0.05018922,0.087610245,0.05000324,0.12361333,-0.2406188,-0.027343081
87,-0.051872388,-0.09952935,-0.024107367,-0.15337607,-0.54055315,-0.00708967,-0.034737363,0.21421975,-0.03750909,-0.007828177,-0.22662163,0.04812425,-0.038798857,0.105930194,-0.017164228,-0.18074952,-0.21497978,-0.010093671,0.019961279,0.15164703,0.0104916,-0.05419017,0.009580675,0.059339747,0.041400105,-0.010513747,0.045173556,0.034255467,-0.22047935,-0.0011594555,0.05026061,0.08744967,0.049238935,0.12417274,-0.24132755,-0.026752407
88,-0.04933922,-0.10052059,-0.022724126,-0.15300322,-0.5450124,-0.0073322933,-0.033794638,0.21292806,-0.037022587,-0.0070182895,-0.22503147,0.047972724,-0.03842365,0.10564314,-0.01686204,-0.1802482,-0.21706027,-0.010105143,0.019611167,0.15198983,0.009156769,-0.052185718,0.009634835,0.060580052,0.04021335,-0.011605794,0.04431723,0.03603972,-0.21846369,-0.0002918453,0.048852198,0.086859964,0.047391843,0.12538627,-0.24100594,-0.02515635
89,-0.049126692,-0.10065678,-0.023681007,-0.15704264,-0.547638,-0.0073313722,-0.033593852,0.21433656,-0.037076976,-0.007904701,-0.22536561,0.04811835,-0.038259257,0.10718024,-0.016908871,-0.18180057,-0.21898282,-0.0102577275,0.01990811,0.15348317,0.00932249,-0.052808657,0.011025575,0.060573045,0.040474147,-0.011927602,0.044779465,0.03592468,-0.22144507,-0.0012369452,0.049312394,0.08773694,0.047257423,0.124335,-0.2453203,-0.026399242
90,-0.047551244,-0.10226112,-0.022261608,-0.15626362,-0.54732585,-0.0061585275,-0.03235541,0.21281861,-0.03662321,-0.0064398553,-0.22382362,0.048143283,-0.038090445,0.10594491,-0.017298322,-0.18173385,-0.21775143,-0.009408703,0.019663226,0.15060967,0.008131036,-0.052526757,0.014434704,0.061211858,0.03963235,-0.012889755,0.044033114,0.034555107,-0.21848582,-0.0020209965,0.049063846,0.085804716,0.047001284,0.1259604,-0.2427569,-0.026477631
91,-0.046334438,-0.10443575,-0.022040335,-0.15636458,-0.5506722,-0.006345535,-0.0323724,0.21423213,-0.036563717,-0.0054234383,-0.22452769,0.048469592,-0.038280405,0.108818926,-0.017418632,-0.18201594,-0.2196294,-0.009825889,0.019265871,0.15381238,0.007399506,-0.051498625,0.013595536,0.061595477,0.038925163,-0.014263905,0.043752525,0.03699494,-0.22012955,-0.0014218707,0.048016973,0.086605385,0.045652356,0.12508322,-0.24702199,-0.026621245
92,-0.045280028,-0.106283896,-0.021963933,-0.15798673,-0.5519692,-0.0058347792,-0.031829096,0.21425599,-0.03615984,-0.0045630876,-0.22394608,0.048432816,-0.03802328,0.10941872,-0.017441157,-0.18268324,-0.21941827,-0.010205071,0.019605506,0.15373433,0.007494722,-0.05141343,0.016513607,0.060516782,0.039239846,-0.014845984,0.044227123,0.036669157,-0.21846902,-0.003028106,0.048516154,0.086320765,0.045559328,0.1263268,-0.24538274,-0.02691549
93,-0.04485474,-0.10869633,-0.02188337,-0.16095477,-0.5536761,-0.0062622786,-0.030833894,0.21425644,-0.035880297,-0.0046567265,-0.22265849,0.047917943,-0.03766932,0.11009686,-0.017692002,-0.18321775,-0.21961129,-0.01075003,0.01953567,0.15423813,0.006340775,-0.05098492,0.017230837,0.06129558,0.038228296,-0.01616807,0.043542713,0.0373162,-0.21940964,-0.0030287353,0.047709305,0.08617678,0.04450908,0.12629327,-0.24754617,-0.027155075
94,-0.044035193,-0.110779494,-0.021318527,-0.16308932,-0.55363196,-0.0058899475,-0.029475356,0.21307334,-0.035261795,-0.004181195,-0.22048894,0.047144324,-0.037059844,0.10960983,-0.017927805,-0.18315686,-0.21857707,-0.010763428,0.019440217,0.1525303,0.0048218304,-0.050473776,0.019343922,0.06234059,0.036981404,-0.017525028,0.042502046,0.0367329,-0.21745975,-0.0032050032,0.046957087,0.08486264,0.043695558,0.12731673,-0.24610367,-0.026880769
95,-0.04315977,-0.11224556,-0.020910062,-0.16253486,-0.55504286,-0.005243552,-0.029372428,0.21279362,-0.03533132,-0.003489637,-0.22190882,0.047941063,-0.037318863,0.11120185,-0.01772995,-0.18394591,-0.22072247,-0.0109523935,0.019608434,0.1538381,0.005275005,-0.04972382,0.019962199,0.061030045,0.03748029,-0.01769522,0.043309458,0.0380715,-0.21620251,-0.004098414,0.047194,0.085832536,0.04357146,0.12678772,-0.24931721,-0.028012611
96,-0.04411542,-0.11241499,-0.022649515,-0.16664992,-0.55568385,-0.0039448403,-0.029777491,0.21445869,-0.036056645,-0.004756478,-0.22000243,0.04862172,-0.037844714,0.11286481,-0.019059045,-0.18590337,-0.22133535,-0.010310607,0.018924832,0.15492211,0.0038019249,-0.05045596,0.022308482,0.06243396,0.036232002,-0.018542737,0.0425177,0.037356876,-0.21737288,-0.0045054434,0.046748128,0.08601024,0.042557064,0.12573661,-0.2520697,-0.028435828
97,-0.041846327,-0.112603895,-0.02023277,-0.16408235,-0.5552436,-0.0043379534,-0.028123902,0.2142295,-0.035092775,-0.00274703,-0.21854419,0.048080068,-0.03721759,0.114006944,-0.018914612,-0.1855402,-0.22141849,-0.011016177,0.018884543,0.15576145,0.0018809149,-0.048348982,0.023347504,0.06348074,0.034610383,-0.02111012,0.04143225,0.03978559,-0.21219708,-0.0034178619,0.044939853,0.08494748,0.04087968,0.12642793,-0.25171754,-0.027462464
98,-0.04149255,-0.111536495,-0.019814825,-0.16716368,-0.5529768,-0.004897915,-0.026376422,0.21443298,-0.034844603,-0.0034143587,-0.21733503,0.04811911,-0.03676438,0.113397785,-0.018863855,-0.18763041,-0.22109511,-0.01185991,0.020059915,0.15450534,0.0024812932,-0.048970513,0.02742056,0.061902512,0.035418242,-0.022121053,0.042355664,0.03896927,-0.21028557,-0.0055777743,0.045975108,0.08420058,0.04154322,0.12671794,-0.25156748,-0.029032461
99,-0.03945101,-0.10772924,-0.017553844,-0.16462615,-0.5496721,-0.00407205,-0.024613058,0.21477088,-0.033630714,-0.0017235295,-0.21815541,0.047568925,-0.035765942,0.116512336,-0.018631503,-0.18629335,-0.22062042,-0.009849017,0.019725008,0.15460047,0.0010499915,-0.0483303,0.026398575,0.0651065,0.03405324,-0.02400485,0.041390862,0.040350586,-0.21111341,-0.0035584825,0.044681948,0.08393947,0.041214697,0.123933256,-0.25966957,-0.030738316
100,-0.03715739,-0.106292605,-0.015874324,-0.16023768,-0.5511314,-0.004369146,-0.024528481,0.21282881,-0.03538469,-0.0028167625,-0.21487832,0.050823286,-0.03753097,0.11492359,-0.018705629,-0.18841726,-0.22678287,-0.009578074,0.019397693,0.15557249,0.0007670576,-0.046044253,0.02628604,0.06475317,0.03391414,-0.024569254,0.04196986,0.043464318,-0.20605423,-0.0038159853,0.04411213,0.08381186,0.039321538,0.12490154,-0.26015583,-0.028905006
101,-0.03522317,-0.1006457,-0.014610208,-0.16308358,-0.5474722,-0.0054212203,-0.021879088,0.21220116,-0.034532327,-0.004333431,-0.2142482,0.050792594,-0.03616837,0.11440375,-0.016771458,-0.18984973,-0.22898354,-0.010037352,0.021872716,0.15326928,0.0030343984,-0.04624766,0.029244354,0.06329052,0.03625859,-0.025705751,0.044299025,0.043139193,-0.20293914,-0.0056496533,0.046150368,0.08191592,0.04112067,0.1250354,-0.2599785,-0.030312706
102,-0.033525757,-0.0984941,-0.014839938,-0.16706796,-0.5510602,-0.006119486,-0.021048298,0.21217586,-0.03366133,-0.005744358,-0.21138154,0.049713608,-0.034813467,0.1152256,-0.01562293,-0.18990485,-0.23288745,-0.010221167,0.022353824,0.15522991,0.0022522085,-0.044286598,0.028553255,0.06509092,0.035624895,-0.02731919,0.044595085,0.045850974,-0.20032981,-0.0047736117,0.045494534,0.08191864,0.039090987,0.12450188,-0.26295927,-0.028230693
103,-0.031821664,-0.10082637,-0.014016163,-0.163754,-0.5501096,-0.0031535425,-0.021260962,0.20757619,-0.033856116,-0.0037535965,-0.21357659,0.05130714,-0.035515428,0.11628049,-0.014871955,-0.18884087,-0.23397054,-0.007816869,0.022380104,0.15393989,0.004136859,-0.0431319,0.027612813,0.06358169,0.037438773,-0.02708714,0.046739504,0.047559835,-0.19770314,-0.0056344434,0.04676725,0.0825969,0.04054783,0.122403435,-0.26853374,-0.030967066
104,-0.032249745,-0.10094042,-0.016551197,-0.17476878,-0.5518447,-0.006060562,-0.020190483,0.20922117,-0.03369437,-0.006423876,-0.20904261,0.049701177,-0.03470484,0.115971506,-0.01482505,-0.18956675,-0.23467056,-0.009238984,0.022656983,0.15565036,0.0032571037,-0.042152323,0.027156468,0.06457834,0.036652956,-0.030507885,0.046787404,0.05027171,-0.19742206,-0.0051551103,0.045948014,0.08167209,0.038387284,0.121786825,-0.26886424,-0.028868262
105,-0.03248121,-0.103464216,-0.018075936,-0.18235734,-0.548824,-0.006487173,-0.018808393,0.20757785,-0.032835793,-0.008309175,-0.2041275,0.04789441,-0.033235274,0.11378137,-0.014185539,-0.1911012,-0.23372976,-0.0105849635,0.024419498,0.15303868,0.0036531456,-0.04283404,0.031325415,0.06403582,0.037263233,-0.03219061,0.047773704,0.04833492,-0.19455463,-0.0072512426,0.047294237,0.080123246,0.038249873,0.12194038,-0.26438436,-0.028205033
106,-0.028464038,-0.10039294,-0.01312542,-0.17256309,-0.54182005,-0.005671551,-0.016360374,0.2041193,-0.03143899,-0.0045707584,-0.21056709,0.04855032,-0.032489356,0.1184449,-0.012483043,-0.187363,-0.23584974,-0.0050442116,0.02376011,0.15084969,0.0036646365,-0.04192755,0.02696151,0.068387285,0.03711465,-0.031978913,0.047905818,0.050116353,-0.19692665,-0.0042864275,0.046856467,0.08215484,0.0398491,0.11489938,-0.2816322,-0.03331185
107,-0.025301822,-0.100379914,-0.0117267445,-0.16611455,-0.5461808,-0.007099938,-0.017467864,0.20328885,-0.0343663,-0.0076375282,-0.20353356,0.0537645,-0.03515392,0.11689958,-0.01176497,-0.19203454,-0.24551421,-0.0073175393,0.025118176,0.15203907,0.004467138,-0.040387787,0.028206227,0.06857859,0.038059197,-0.030948814,0.04959862,0.049030516,-0.19545299,-0.0073323874,0.048568998,0.08083101,0.038046803,0.11836751,-0.27682528,-0.030102476
108,-0.026064953,-0.09242436,-0.015199297,-0.16467068,-0.5509531,-0.0019132362,-0.021993348,0.20863108,-0.037300162,-0.013280836,-0.19623248,0.057353977,-0.037242085,0.120323196,-0.014787011,-0.19584711,-0.25060868,-0.0013496464,0.022600686,0.15332215,0.0011006006,-0.04392343,0.02922654,0.07843311,0.034727626,-0.028425088,0.047343407,0.042593215,-0.20856436,-0.0069002006,0.048678342,0.08406628,0.035086215,0.113659486,-0.28584462,-0.029615166
109,-0.016311942,-0.09278165,-0.0066703227,-0.15666358,-0.5627728,-0.008276952,-0.016927648,0.20493019,-0.033936735,-0.0077069043,-0.19841447,0.055165514,-0.034544732,0.11636434,-0.0097642,-0.1908163,-0.25039497,-0.004335915,0.025469607,0.15139791,0.0057598115,-0.038366966,0.0263928,0.072547294,0.03926355,-0.027964685,0.051991034,0.049137108,-0.19986099,-0.009793936,0.05042844,0.0857032,0.036436472,0.120671794,-0.2774197,-0.030247647
110,-0.017190162,-0.0957378,-0.010086494,-0.16782254,-0.57365495,-0.008918395,-0.017440004,0.20879824,-0.03346932,-0.010697773,-0.19175628,0.05222543,-0.0333299,0.11504246,-0.010957809,-0.19183312,-0.24648035,-0.006110495,0.025459873,0.15264465,0.004494189,-0.03926502,0.03099744,0.07387237,0.038251303,-0.029535979,0.05163889,0.04783495,-0.20638856,-0.0119773,0.05058121,0.084981576,0.034552716,0.1222453,-0.27254587,-0.029647384
111,-0.014215589,-0.0976724,-0.00796242,-0.16568539,-0.57700557,-0.0075398283,-0.016298838,0.20541756,-0.0321169,-0.007999504,-0.1971063,0.050728586,-0.032361187,0.11809655,-0.009915717,-0.18645918,-0.24551529,-0.0020933247,0.023695849,0.15287538,0.0047150045,-0.037465196,0.023615563,0.07519192,0.0381502,-0.031515297,0.052,0.053541213,-0.21117711,-0.009411339,0.049033497,0.08619626,0.03511343,0.11876885,-0.28241462,-0.033614233
112,-0.012971401,-0.1014161,-0.008171022,-0.16913651,-0.58346677,-0.009478146,-0.015817247,0.20504162,-0.033676043,-0.008817949,-0.19307591,0.05209955,-0.033971533,0.11211068,-0.011105075,-0.18860282,-0.24600455,-0.0037480239,0.023443332,0.15141317,0.0046600895,-0.03608328,0.028187703,0.072365895,0.03841061,-0.03278197,0.052558698,0.054318957,-0.20543857,-0.012113333,0.049080417,0.083971016,0.034226123,0.12317746,-0.27128264,-0.03237604
113,-0.011977296,-0.10006472,-0.008788714,-0.1721375,-0.584043,-0.008326608,-0.0154277,0.20743221,-0.032269247,-0.008618831,-0.19275378,0.05026432,-0.03237069,0.114312835,-0.010736852,-0.18799877,-0.24470636,-0.003275438,0.023793077,0.15223621,0.0038668565,-0.03656039,0.02886767,0.07415952,0.037673052,-0.035454836,0.052303884,0.05422966,-0.20807791,-0.01210696,0.048841964,0.083682805,0.03382323,0.12235707,-0.27134383,-0.0329187
114,-0.0103050815,-0.10293459,-0.00816093,-0.17205004,-0.5857978,-0.008283169,-0.014964621,0.20725416,-0.032223474,-0.0073697027,-0.19140139,0.050413128,-0.032566287,0.11293837,-0.010943093,-0.18837993,-0.24516632,-0.004147562,0.023675673,0.15155473,0.0029590148,-0.035336845,0.031222187,0.07330448,0.03701082,-0.037967555,0.05205209,0.054664686,-0.20385584,-0.013349466,0.048335362,0.082446896,0.03258317,0.124774985,-0.26509237,-0.031639557
115,-0.010528708,-0.10601976,-0.00891704,-0.17397664,-0.5850304,-0.0066534546,-0.014974618,0.20643817,-0.032249995,-0.007527671,-0.19115943,0.050230827,-0.032561358,0.113713115,-0.01143461,-0.18870103,-0.2453566,-0.0036624817,0.02324158,0.15061277,0.0017508641,-0.035614286,0.03189206,0.07434649,0.03588409,-0.03957702,0.051301938,0.053838175,-0.20553139,-0.013877794,0.047938995,0.08254875,0.03182436,0.12391858,-0.2659158,-0.03220459
116,-0.010628729,-0.109151475,-0.009272629,-0.17423481,-0.5853396,-0.006328762,-0.015277684,0.20732495,-0.033082467,-0.0067504053,-0.19319914,0.05110229,-0.033693265,0.11567401,-0.012448509,-0.18953884,-0.24646276,-0.004234822,0.022308487,0.15230727,0.00022749382,-0.03492526,0.031210093,0.07441858,0.03445189,-0.04264051,0.05058853,0.055779815,-0.20542984,-0.0141106425,0.046699446,0.08315407,0.030202901,0.12317602,-0.26962724,-0.032708224
117,-0.009701694,-0.1102313,-0.007903962,-0.17504922,-0.58058214,-0.006345747,-0.013093349,0.20586954,-0.032265667,-0.0059912596,-0.1924986,0.050336987,-0.032897193,0.11438519,-0.012419356,-0.19005877,-0.24476907,-0.0047349026,0.023002535,0.14873126,-0.00047858636,-0.035455298,0.0344384,0.074307375,0.03391448,-0.04416978,0.049837243,0.053547822,-0.2042587,-0.01537858,0.04669237,0.08197661,0.03039198,0.12351371,-0.26657712,-0.033671252
118,-0.008901961,-0.11187028,-0.007682439,-0.17525984,-0.5825776,-0.0064109513,-0.012971528,0.20672107,-0.032130748,-0.00534029,-0.19359171,0.050327383,-0.032880224,0.11689039,-0.012272836,-0.19029072,-0.24707825,-0.0061352006,0.02282183,0.1512149,-0.001883118,-0.033783235,0.03283348,0.074537076,0.03261687,-0.0473628,0.0494275,0.056118976,-0.2014821,-0.015330675,0.045466572,0.082883514,0.028433176,0.12392336,-0.26889735,-0.0328251
119,-0.009694435,-0.11294441,-0.007981785,-0.17811286,-0.58102757,-0.0056073647,-0.012103723,0.20569453,-0.032388173,-0.006182545,-0.19368093,0.05033851,-0.03300324,0.11726538,-0.012972312,-0.19157672,-0.24658777,-0.006795776,0.022862287,0.1500681,-0.0030785457,-0.03402621,0.034152117,0.07482295,0.03153531,-0.04910686,0.048593916,0.055796843,-0.20027062,-0.01589906,0.044797976,0.08257181,0.027779534,0.12381046,-0.27012742,-0.033686925
120,-0.011488191,-0.113275014,-0.009592183,-0.18235642,-0.57894856,-0.0043531284,-0.01204264,0.20549211,-0.033367258,-0.00830821,-0.1935364,0.05122329,-0.033696096,0.11791237,-0.013848691,-0.19413023,-0.2472022,-0.0075364476,0.023216343,0.14928202,-0.0032568313,-0.03519478,0.03593969,0.07417735,0.03137537,-0.05070341,0.04876195,0.054890927,-0.20066226,-0.01764589,0.0452038,0.08248991,0.027645817,0.12330089,-0.27206257,-0.034982327
121,-0.0098297,-0.11404501,-0.0074162134,-0.18042296,-0.5751924,-0.0057926932,-0.010093042,0.20302047,-0.032877192,-0.0075844424,-0.18943033,0.0503373,-0.03325745,0.11847829,-0.0135694435,-0.19353485,-0.24703038,-0.009799365,0.023213578,0.14970522,-0.005969908,-0.032423414,0.033285033,0.07568754,0.028868658,-0.056652904,0.046847966,0.059281476,-0.19362293,-0.015329057,0.042026706,0.08040067,0.02418833,0.124172196,-0.27320632,-0.032020867
122,-0.013791674,-0.1124173,-0.011161308,-0.18359512,-0.5715573,-0.0014789719,-0.0125152785,0.20208324,-0.035817865,-0.012324251,-0.18969451,0.053407248,-0.035700586,0.12000789,-0.015412008,-0.1976947,-0.25104406,-0.00793576,0.02266417,0.14950724,-0.005618645,-0.034638856,0.034635674,0.07575299,0.029144768,-0.05748859,0.048437096,0.05913774,-0.1940834,-0.017327234,0.043407027,0.08157298,0.024371296,0.1212583,-0.28125474,-0.03412483
123,-0.010099256,-0.11187426,-0.0057266518,-0.17797704,-0.5627335,-0.0031504987,-0.007936429,0.19535731,-0.033976756,-0.010127117,-0.18756947,0.052055106,-0.033999912,0.118529625,-0.013324006,-0.19553748,-0.2491413,-0.009111239,0.024204113,0.14495832,-0.006372019,-0.032001533,0.033863857,0.07626086,0.0285894,-0.06148287,0.047432225,0.062335182,-0.18573174,-0.015110864,0.041342758,0.07804847,0.023598567,0.12188257,-0.2811986,-0.033346724
124,-0.0145147,-0.10756403,-0.012336547,-0.19021806,-0.5662763,-0.0018307378,-0.010839547,0.20062444,-0.035947442,-0.016833695,-0.19153506,0.053476095,-0.034950636,0.12261688,-0.014068362,-0.1993624,-0.25595516,-0.007608854,0.024184648,0.1494468,-0.004743612,-0.03451067,0.033068992,0.07599402,0.029993087,-0.061603293,0.051184412,0.06390254,-0.18973075,-0.018325852,0.04426624,0.08217212,0.0243016,0.11890441,-0.29253247,-0.03614075
125,-0.012933424,-0.10964303,-0.010892876,-0.19277853,-0.5654779,-0.0025094314,-0.008382875,0.19456501,-0.035008058,-0.018440941,-0.18757914,0.05166923,-0.033506446,0.12141532,-0.013340806,-0.19809248,-0.2586415,-0.007902087,0.023580896,0.1466988,-0.00798526,-0.03093677,0.034486674,0.07839875,0.027264621,-0.067037515,0.04924062,0.0675423,-0.17471495,-0.01592883,0.041139904,0.0764832,0.020340828,0.12191123,-0.28558373,-0.030688185
126,-0.013131583,-0.10893621,-0.01051026,-0.18733993,-0.55761075,0.0011277974,-0.009029524,0.19422796,-0.03655775,-0.016618896,-0.19075277,0.055272378,-0.03571674,0.12379104,-0.014587738,-0.20001456,-0.25868297,-0.0041372445,0.023271604,0.14563978,-0.005734952,-0.03294439,0.037886094,0.07666118,0.029489398,-0.06987265,0.053342722,0.07044076,-0.17345323,-0.018879602,0.04379255,0.07626215,0.022391748,0.11769342,-0.29974255,-0.035666373
127,-0.006952216,-0.105214305,-0.0038022012,-0.18114777,-0.55008894,-0.0006843802,-0.0033661604,0.1918721,-0.032425683,-0.0125716,-0.18774179,0.05210777,-0.03173497,0.12480506,-0.011470487,-0.19707787,-0.25743368,-0.0054638195,0.02530956,0.14053085,-0.007036597,-0.030138342,0.040331323,0.078595184,0.028613063,-0.07546176,0.051989768,0.074079424,-0.16656171,-0.016384272,0.041386195,0.06975238,0.020444602,0.1181295,-0.30144784,-0.03443551
128,-0.009424786,-0.10469472,-0.008804834,-0.1922419,-0.5541687,-0.0018222501,-0.0052878866,0.19717206,-0.034547135,-0.01731586,-0.1855667,0.05399636,-0.03323805,0.12562981,-0.0120497905,-0.20074886,-0.262364,-0.007381209,0.02588144,0.14545797,-0.0049123936,-0.030663764,0.040561877,0.07567516,0.030643363,-0.077594884,0.056668956,0.07783023,-0.16354872,-0.020936996,0.044357497,0.06967733,0.020574022,0.12001362,-0.30419222,-0.035026744
129,-0.0100886505,-0.10795187,-0.011975539,-0.20218803,-0.5607609,-0.0029118606,-0.0059287,0.19980772,-0.033916008,-0.018694159,-0.18434457,0.051828235,-0.032235447,0.12885514,-0.012207071,-0.19953324,-0.26359764,-0.007936695,0.024576364,0.14882644,-0.0068808487,-0.028742181,0.039756216,0.077421606,0.028895855,-0.08034044,0.05667976,0.08144701,-0.16094452,-0.020957826,0.043398645,0.0697299,0.018312382,0.11969092,-0.30876043,-0.03470223
130,-0.010383564,-0.11507217,-0.01116915,-0.20117141,-0.5584922,-0.00062372175,-0.0051880972,0.19280642,-0.03522376,-0.018770209,-0.18424404,0.053648755,-0.03372881,0.124821566,-0.013172142,-0.2005791,-0.26395068,-0.0069379057,0.02401409,0.1425744,-0.0074221035,-0.028625762,0.04453363,0.076701805,0.028605785,-0.07994304,0.055574775,0.07976147,-0.15547156,-0.021123752,0.042632893,0.06579226,0.0180978,0.12088095,-0.30276257,-0.0344689
131,-0.010634489,-0.11909349,-0.011262503,-0.20471603,-0.55904675,-0.0022350796,-0.004151971,0.19215162,-0.035217892,-0.018744469,-0.18509664,0.053187355,-0.033739537,0.12552176,-0.013644809,-0.20022096,-0.26476422,-0.00687812,0.023001848,0.14137635,-0.008717989,-0.028223071,0.044254094,0.07740827,0.027399369,-0.08046838,0.054326806,0.0807398,-0.15489863,-0.020565314,0.041286867,0.06528117,0.016872967,0.1203425,-0.3055882,-0.034960657
132,-0.011167955,-0.12242496,-0.01214014,-0.20522329,-0.56026936,-0.0025259268,-0.0050392407,0.19373305,-0.036560178,-0.017509678,-0.18665257,0.05483858,-0.03553563,0.12616803,-0.015427169,-0.20126109,-0.265009,-0.0063359467,0.021481471,0.14188549,-0.009159484,-0.028530799,0.04528477,0.07623623,0.027004879,-0.081342086,0.054846946,0.08140006,-0.15055534,-0.022514679,0.0414021,0.06561778,0.016295059,0.122304186,-0.30300492,-0.03498246
133,-0.01052862,-0.122835755,-0.010712072,-0.2063588,-0.5556353,-0.0036586367,-0.0026551047,0.19389364,-0.03463974,-0.01662443,-0.1858839,0.05252601,-0.033487435,0.12792693,-0.014564126,-0.20108582,-0.262134,-0.008399711,0.023025284,0.13988154,-0.009808181,-0.028997896,0.046248756,0.07694751,0.026391508,-0.083925344,0.05387424,0.081935465,-0.15147465,-0.021815147,0.040449988,0.06428519,0.015585752,0.12061901,-0.3071098,-0.03603488
134,-0.012214329,-0.122258276,-0.01265979,-0.20794109,-0.55787146,-0.0017401525,-0.004402005,0.19696039,-0.036250196,-0.017438123,-0.18757164,0.054332886,-0.035202064,0.13026834,-0.017119447,-0.20266603,-0.26426443,-0.00563057,0.020511894,0.14050151,-0.011713687,-0.030510465,0.046212226,0.079093866,0.024423594,-0.083626054,0.05319801,0.081879295,-0.15245609,-0.022356808,0.03989937,0.06629127,0.014568313,0.120082736,-0.31043348,-0.0369586
135,-0.010160576,-0.11487733,-0.00773563,-0.19773914,-0.54933864,3.0921423e-05,-0.0016879637,0.19506995,-0.03600377,-0.015535026,-0.19173515,0.05657175,-0.03531647,0.1315771,-0.016611747,-0.20405105,-0.26675284,-0.003616423,0.021461997,0.13340478,-0.010922154,-0.03257897,0.049122564,0.07942909,0.025124338,-0.081357494,0.052422464,0.07979532,-0.15142195,-0.02206658,0.03963172,0.06499693,0.015590306,0.120431,-0.30967158,-0.038373005
136,-0.005544494,-0.10566502,-0.0026580514,-0.18883705,-0.5430435,-0.004815034,0.0013514814,0.19732241,-0.03572542,-0.014676234,-0.1849772,0.05763728,-0.035104383,0.13003522,-0.015982362,-0.20517324,-0.27084878,-0.0041036024,0.022048995,0.13162935,-0.012088722,-0.031517968,0.04717629,0.081753016,0.024067752,-0.08480138,0.05264253,0.08460503,-0.14142005,-0.021234829,0.038336962,0.06476805,0.013025215,0.12169045,-0.31258708,-0.03597474
137,-0.005489993,-0.10422383,-0.0051688617,-0.19613203,-0.54925656,-0.006989895,0.00049875845,0.19892974,-0.03583761,-0.018175755,-0.18321583,0.056981016,-0.034567125,0.13077518,-0.014796735,-0.20557657,-0.274705,-0.004520204,0.022862183,0.13250168,-0.010614156,-0.030661544,0.0477087,0.08144289,0.025609069,-0.08422219,0.05600532,0.08549094,-0.13556986,-0.024120858,0.04081372,0.06650749,0.01381045,0.12147909,-0.31095836,-0.03726906
138,-0.004762185,-0.105695985,-0.0067547983,-0.20405412,-0.55707717,-0.006648021,0.00066434825,0.19783571,-0.03305844,-0.020457717,-0.18405321,0.05265838,-0.030991212,0.13652754,-0.01212329,-0.20231146,-0.2776053,-0.004222364,0.023147535,0.13284275,-0.011431385,-0.028467614,0.04667761,0.08408602,0.024999905,-0.08439952,0.055814173,0.08610283,-0.13728563,-0.023230173,0.040588174,0.0669333,0.013213185,0.118175976,-0.31614518,-0.03878317
139,-0.0042156195,-0.10921618,-0.0069151768,-0.20373756,-0.56103307,-0.006131916,-1.9474479e-05,0.19316407,-0.034512397,-0.019884657,-0.18774028,0.054367494,-0.03281249,0.1344083,-0.012129185,-0.2020071,-0.2808306,-0.003092435,0.022213582,0.13039967,-0.010882751,-0.0269226,0.047198705,0.08232325,0.025727693,-0.08294471,0.056684688,0.08655016,-0.1288215,-0.024438022,0.040964976,0.06763361,0.013726967,0.12014863,-0.3101716,-0.038567115
140,-0.00557544,-0.111497276,-0.009161561,-0.20979476,-0.563,-0.00595,-0.00053112727,0.19338526,-0.034918644,-0.023057265,-0.18410511,0.05360301,-0.03263815,0.13362429,-0.012768058,-0.20451458,-0.28175607,-0.0062341182,0.023032347,0.12995818,-0.011547945,-0.028018693,0.04943268,0.08164203,0.025066271,-0.08439526,0.055965737,0.08462361,-0.12766086,-0.025779422,0.040644307,0.06536283,0.012607142,0.122115605,-0.30258793,-0.037468687
141,-0.0046276404,-0.11351774,-0.007973295,-0.20713246,-0.5609567,-0.0057266345,2.805068e-05,0.19287986,-0.03437632,-0.020073822,-0.18567134,0.053185448,-0.032582667,0.13602988,-0.012686808,-0.20356221,-0.27910703,-0.006742304,0.023028363,0.12838,-0.012023911,-0.027839622,0.04912274,0.08164097,0.024617344,-0.08526411,0.05503831,0.08573467,-0.1286953,-0.02533282,0.039674442,0.06566374,0.012227088,0.12029394,-0.3070408,-0.03944685
142,-0.004865258,-0.115529604,-0.008747268,-0.20778297,-0.56336963,-0.0060166935,-0.00081292365,0.1945197,-0.035672758,-0.019304367,-0.18617873,0.054364264,-0.0342092,0.13663237,-0.0143410945,-0.20360659,-0.2795827,-0.0058000945,0.020927776,0.12835096,-0.013704965,-0.027602658,0.047774706,0.08256375,0.022970319,-0.08523584,0.05370026,0.087111935,-0.1289992,-0.025035735,0.038270902,0.06639192,0.010786736,0.11973116,-0.31025144,-0.040290494
143,-0.004262468,-0.117063366,-0.0083134575,-0.20962125,-0.56352806,-0.007569796,0.00023745897,0.19533524,-0.035597105,-0.019057667,-0.18385923,0.053930894,-0.034131523,0.13521175,-0.014943993,-0.20446387,-0.27860796,-0.007823921,0.021008652,0.12675281,-0.014609086,-0.02775703,0.049045943,0.08192074,0.022131586,-0.08637757,0.052516107,0.08663317,-0.12615462,-0.025563003,0.037218116,0.06475286,0.009499774,0.121484615,-0.30498925,-0.03955128
144,-0.005624187,-0.11689199,-0.009743844,-0.21099313,-0.5639214,-0.006483263,-0.0008305536,0.19696935,-0.037118286,-0.020235844,-0.18358491,0.055410236,-0.035650954,0.13563636,-0.016764715,-0.20634384,-0.27970645,-0.0072656022,0.019876497,0.1260096,-0.015622374,-0.02934954,0.0489224,0.08261784,0.020997304,-0.08631763,0.051662177,0.08624554,-0.127618,-0.026013218,0.036598668,0.065377325,0.0086882645,0.12111466,-0.3060153,-0.040354986
145,-0.004011868,-0.11816326,-0.008035524,-0.2087786,-0.5642974,-0.006860315,0.00016094357,0.1959218,-0.03651535,-0.017722923,-0.18392561,0.054915532,-0.035423722,0.13694307,-0.016631676,-0.20519611,-0.27834255,-0.008295676,0.019517155,0.1252154,-0.016728261,-0.027943296,0.047799904,0.0824139,0.020026686,-0.08830231,0.050500244,0.088663116,-0.12299987,-0.025302675,0.03495493,0.06503176,0.0072267447,0.12229757,-0.30633268,-0.039748497
146,-0.0058717215,-0.118057914,-0.010519845,-0.21315718,-0.56640565,-0.0043432764,-0.0011751539,0.19793442,-0.037129145,-0.019286055,-0.18373485,0.054826424,-0.035837255,0.13887481,-0.01854134,-0.20675147,-0.27748224,-0.008191304,0.018472573,0.12532064,-0.018192496,-0.029652724,0.049367715,0.083296746,0.018504284,-0.089470595,0.04948023,0.08797009,-0.124753535,-0.02589981,0.03425432,0.06498358,0.006172297,0.12198947,-0.3069926,-0.040533304
147,-0.0033208723,-0.1199713,-0.007964462,-0.21060482,-0.56707597,-0.0056888377,0.0005483284,0.19614568,-0.036197234,-0.015785044,-0.18426266,0.054306947,-0.035415635,0.13887925,-0.01794545,-0.2048018,-0.27551374,-0.009126039,0.018260548,0.12421342,-0.018932316,-0.027340882,0.048757,0.08247057,0.018003853,-0.09100364,0.048616763,0.09027011,-0.11702176,-0.025275398,0.032784417,0.064560905,0.0050390526,0.12457118,-0.30368325,-0.039076913
148,-0.0043913694,-0.11440602,-0.007906714,-0.21141051,-0.5595756,-0.0032763018,0.0016872687,0.19714557,-0.03564498,-0.017383268,-0.18656681,0.05455172,-0.034521114,0.14142923,-0.017287083,-0.20768368,-0.27629608,-0.009910244,0.020903533,0.12076029,-0.016905492,-0.0313734,0.05119211,0.08162234,0.019685838,-0.0908251,0.049481902,0.08779735,-0.122312635,-0.026510572,0.034155168,0.06458037,0.0068760747,0.122595996,-0.30694193,-0.041769233
149,-0.0037037896,-0.11471356,-0.009040173,-0.21513738,-0.5659247,-0.0062567787,0.0010855978,0.20194261,-0.036260393,-0.016039362,-0.18618919,0.054494422,-0.0354626,0.14272477,-0.018940922,-0.20658293,-0.27748534,-0.009478476,0.017831687,0.12512259,-0.01921465,-0.029254736,0.04671581,0.081907354,0.017513277,-0.09402232,0.04890243,0.09388679,-0.11487338,-0.026432669,0.03227235,0.0659513,0.0038993973,0.12551506,-0.31049386,-0.039736502
150,-0.0072360546,-0.1150028,-0.011656662,-0.21850654,-0.5627232,-0.0030550496,-0.00015956967,0.20147946,-0.038588375,-0.019832963,-0.18423647,0.056300938,-0.037410222,0.14220522,-0.021798983,-0.20995095,-0.27803683,-0.0081690345,0.016592212,0.121698156,-0.020226108,-0.032644216,0.049325276,0.08296474,0.01631907,-0.09313963,0.047261447,0.09145311,-0.11836626,-0.02635442,0.031367753,0.06426981,0.0030562747,0.12417978,-0.3111599,-0.040530607
151,-0.003552267,-0.11688258,-0.006287615,-0.21283746,-0.5592391,-0.005964968,0.0039168946,0.19596493,-0.03739978,-0.015230039,-0.18752334,0.056172054,-0.036932155,0.140265,-0.02052701,-0.20737465,-0.27599812,-0.007862853,0.016757775,0.11637398,-0.019911258,-0.030646348,0.049569525,0.0815345,0.016846977,-0.09234261,0.04639817,0.09357775,-0.1103309,-0.025065726,0.029882642,0.0639966,0.002947544,0.12587029,-0.30949107,-0.040239014
152,-0.004028384,-0.1158623,-0.007886706,-0.21878418,-0.56329256,-0.0051932116,0.0037716222,0.19786052,-0.03734887,-0.018011088,-0.18554893,0.055232376,-0.036328122,0.1380965,-0.022322984,-0.20900774,-0.27808097,-0.006571396,0.015249413,0.11541375,-0.022220517,-0.032057367,0.052393634,0.08369071,0.014599925,-0.0928036,0.045110445,0.09150421,-0.10806851,-0.025554566,0.029003909,0.06330746,0.0014300729,0.1275735,-0.30321622,-0.038807724
153,-0.0039269673,-0.11434973,-0.008880515,-0.22212741,-0.5660214,-0.0059230262,0.003542795,0.20125984,-0.03689069,-0.017815707,-0.18880492,0.05410797,-0.035881095,0.13958807,-0.022975286,-0.20847349,-0.28019315,-0.0045108562,0.013595694,0.11672919,-0.023438433,-0.032375343,0.049644377,0.08524832,0.013279177,-0.09377192,0.045161728,0.09438688,-0.10996918,-0.025708998,0.028707225,0.066843726,0.00079262856,0.12525396,-0.31309137,-0.040834207
154,-0.0013196574,-0.11646423,-0.006273405,-0.21660823,-0.5683682,-0.0065032286,0.004161276,0.19989301,-0.037152525,-0.013864512,-0.19136298,0.05529921,-0.036940612,0.13816051,-0.023296203,-0.2075623,-0.28158846,-0.0037555671,0.012238636,0.11659922,-0.024356153,-0.03077363,0.047805108,0.084727384,0.012490746,-0.09510766,0.04537074,0.098039225,-0.10261945,-0.026169086,0.027987039,0.068738654,1.1845666e-05,0.1278416,-0.3133168,-0.04030948
155,-0.0034905223,-0.11525865,-0.006897476,-0.22113521,-0.56165284,-0.0049772463,0.0057952283,0.20084016,-0.037116274,-0.018004503,-0.18443991,0.054311283,-0.03603746,0.13444243,-0.025064958,-0.21287222,-0.27949336,-0.00750534,0.014366797,0.11146316,-0.02491877,-0.03610059,0.052970164,0.08451686,0.0116761625,-0.096485294,0.043051925,0.09312127,-0.10876412,-0.026709942,0.026957726,0.06406325,-0.0011001009,0.12812966,-0.306871,-0.04019659
156,-0.0027078846,-0.11815203,-0.0063858726,-0.21702151,-0.56389725,-0.0051805372,0.0046893917,0.19996004,-0.03777819,-0.014325976,-0.18833944,0.055190705,-0.03750881,0.13773957,-0.024692647,-0.21122062,-0.28001022,-0.0082277395,0.013523644,0.114523485,-0.024280332,-0.033735182,0.047119625,0.08204721,0.012277879,-0.09860381,0.04457943,0.10034577,-0.10252086,-0.027124263,0.026797198,0.06676811,-0.001423635,0.1291585,-0.3159569,-0.04102238
157,-0.003313554,-0.11558375,-0.006996827,-0.21866818,-0.5624301,-0.002687171,0.004764524,0.20224813,-0.03660948,-0.015272543,-0.18874018,0.05344745,-0.036005862,0.1419112,-0.025257085,-0.21121843,-0.28056177,-0.0064590606,0.012697597,0.11365922,-0.026077468,-0.035439022,0.046639763,0.085318334,0.01036571,-0.09936566,0.042505622,0.10069989,-0.111338556,-0.025391523,0.0253119,0.067386754,-0.0025172327,0.12471675,-0.32821077,-0.04387319
158,-0.0006552787,-0.11587265,-0.0044547375,-0.21895772,-0.5648741,-0.007613163,0.0072282664,0.20157117,-0.037579194,-0.013404896,-0.19010574,0.055091247,-0.037463605,0.13453425,-0.02574294,-0.21103252,-0.282387,-0.005763503,0.0115524,0.111517794,-0.025692444,-0.03402358,0.04479161,0.08304959,0.0108036315,-0.098413944,0.043385856,0.10443622,-0.1004518,-0.026180904,0.024982724,0.06842418,-0.002675595,0.12952092,-0.3227414,-0.042052615
159,-0.0031724954,-0.114381276,-0.00769482,-0.22682577,-0.56502354,-0.0048218,0.006476991,0.2044628,-0.03810411,-0.017414296,-0.18580377,0.05468541,-0.037276298,0.13183916,-0.028110199,-0.2151974,-0.28003633,-0.006837252,0.0121990265,0.10963302,-0.025787082,-0.03858052,0.050935384,0.0824512,0.010603803,-0.0989946,0.043316856,0.100046284,-0.103313915,-0.028458316,0.025670651,0.06559174,-0.0024955363,0.13086697,-0.3140678,-0.04243724
160,0.00055018585,-0.1174798,-0.0036487654,-0.21831146,-0.56465757,-0.0031624536,0.0078651365,0.20038968,-0.035605807,-0.0102530215,-0.19100651,0.053007994,-0.035785638,0.13725851,-0.026182774,-0.20998935,-0.27691147,-0.0056044892,0.011536319,0.10869145,-0.026732443,-0.034661137,0.04951267,0.08297002,0.010033547,-0.100464486,0.042193715,0.104236424,-0.098362856,-0.026095333,0.023796977,0.067345835,-0.0031986013,0.12967123,-0.3213802,-0.043430027
161,-0.00042107952,-0.11759471,-0.005440083,-0.22365849,-0.5659079,-0.0036661392,0.007644671,0.20385048,-0.036207926,-0.012905297,-0.18902245,0.05303297,-0.035949107,0.1371948,-0.02720062,-0.2123797,-0.28082705,-0.007110132,0.011102318,0.10993161,-0.028083134,-0.036052458,0.04773302,0.08347875,0.008512036,-0.10177338,0.041318927,0.10417259,-0.09968777,-0.026969733,0.023098752,0.066780865,-0.004743524,0.13128276,-0.3196375,-0.04257813
162,-0.007054764,-0.11570594,-0.012361846,-0.22734046,-0.56763965,0.004511941,0.0015187821,0.20878448,-0.041490495,-0.01906282,-0.1874411,0.057957377,-0.040801205,0.13947539,-0.033593602,-0.21863338,-0.2869653,-0.0025957972,0.0063237166,0.11111257,-0.032371003,-0.041797422,0.04917288,0.088546425,0.0038681738,-0.10067497,0.038628034,0.099825144,-0.1079784,-0.027465615,0.021791428,0.06743037,-0.007004074,0.13007228,-0.31936088,-0.042794194
163,0.0009524311,-0.09822097,-0.0019031847,-0.20022045,-0.5571958,0.007822939,0.004767126,0.20052406,-0.037687223,-0.013593469,-0.18487583,0.057723816,-0.037422482,0.15318878,-0.025111333,-0.20999853,-0.2853955,-0.004185762,0.010712629,0.11319243,-0.02867838,-0.035189208,0.039147157,0.08710186,0.0076824436,-0.10177134,0.0413784,0.11494403,-0.11169321,-0.02241107,0.02097505,0.07029434,-0.005541659,0.12823746,-0.34854946,-0.047253642
164,0.0025993402,-0.086949386,-0.0018421042,-0.21530409,-0.5592366,0.0016333706,0.009430225,0.21057348,-0.035636798,-0.020255504,-0.17055893,0.054901116,-0.033811342,0.14130321,-0.02478977,-0.21153356,-0.28256613,-0.007887786,0.012801222,0.11683728,-0.024997806,-0.03450115,0.042865153,0.0802876,0.011607448,-0.10472225,0.046943236,0.12161228,-0.09283724,-0.025182398,0.022769202,0.062044177,-0.0037839292,0.14199722,-0.32897374,-0.042403504
165,0.0036212206,-0.091448225,0.0001330038,-0.21972986,-0.5541738,0.0004903539,0.013491549,0.20920424,-0.036636833,-0.01858125,-0.1707373,0.05648417,-0.035198517,0.12802847,-0.029293284,-0.21118888,-0.27380732,0.0009875111,0.008855322,0.10491248,-0.023153126,-0.038454786,0.056144297,0.07850587,0.01366795,-0.09371826,0.046856888,0.11224037,-0.09403249,-0.026597532,0.023634888,0.057488576,-0.00022166787,0.1421317,-0.31459358,-0.04649503
166,0.006410018,-0.09995432,0.00089806446,-0.21598145,-0.5557285,-0.0020305805,0.012877528,0.21536523,-0.034388404,-0.014461282,-0.16669813,0.053997014,-0.03325302,0.13460955,-0.029899841,-0.20821232,-0.27689674,0.0038470323,0.0052790605,0.1128541,-0.030315049,-0.034939494,0.053042047,0.08715755,0.0070619322,-0.10131009,0.043578528,0.119031385,-0.096971266,-0.022125795,0.019760638,0.05987676,-0.005417781,0.13721058,-0.33571312,-0.0468444
167,0.005287841,-0.10634497,-0.0017575733,-0.2191673,-0.5515234,-0.004733201,0.0116135515,0.21797927,-0.038345482,-0.016252754,-0.1629393,0.058575988,-0.037403475,0.12482774,-0.03335861,-0.21481533,-0.2771279,0.0027952844,0.00564216,0.11473671,-0.029399285,-0.03790239,0.057151448,0.08470421,0.0078644,-0.1060719,0.047049094,0.119903244,-0.09046236,-0.026693583,0.022193983,0.0561429,-0.005031354,0.13984643,-0.3278753,-0.046177834
168,0.0059642103,-0.11520391,-0.00082066306,-0.21557249,-0.54630506,-0.005908585,0.012057873,0.21007937,-0.036532816,-0.01462892,-0.16910225,0.055823777,-0.035710886,0.13153237,-0.029440472,-0.21192652,-0.2788999,-0.0013533704,0.008024328,0.11452497,-0.028556721,-0.034582138,0.056463264,0.082192965,0.009105264,-0.107729405,0.046051078,0.120225854,-0.089254536,-0.024989413,0.02107933,0.051193085,-0.0064992486,0.13767679,-0.32951984,-0.045693956
169,0.00073215365,-0.119406804,-0.0059977295,-0.22278868,-0.54569846,-0.0032388775,0.009090482,0.20591755,-0.038187813,-0.022330143,-0.17269184,0.055440027,-0.03632544,0.13444737,-0.029048197,-0.21537489,-0.28727257,-0.0044952636,0.009213964,0.11460384,-0.027864905,-0.036822196,0.05462488,0.080613695,0.009498862,-0.10852277,0.046480745,0.117731914,-0.09204056,-0.02675707,0.021833807,0.046947036,-0.007003615,0.13679236,-0.32745272,-0.04601599
170,-0.0008552262,-0.12750651,-0.007984455,-0.22376204,-0.55091465,-0.0035070525,0.0067210943,0.20140746,-0.040027924,-0.022068871,-0.17652397,0.05640963,-0.03850572,0.13643658,-0.029368335,-0.21415313,-0.29047275,-0.004713364,0.0071546435,0.11633147,-0.028533615,-0.034594696,0.04991833,0.079420336,0.008875426,-0.10762749,0.04672235,0.12042926,-0.08694561,-0.027070405,0.021229165,0.0481218,-0.008111471,0.13865459,-0.32770416,-0.04529809
171,-0.0012958256,-0.124320425,-0.0074923895,-0.2243882,-0.5473457,-0.0012629817,0.007853128,0.20014988,-0.037680794,-0.024589442,-0.1782992,0.053826783,-0.035460934,0.14187075,-0.02714159,-0.21552154,-0.29412344,-0.0074977214,0.01012398,0.1140066,-0.027887143,-0.03699957,0.050469954,0.079535924,0.009307318,-0.10855001,0.04613195,0.118479766,-0.09150046,-0.026888669,0.02119107,0.04615628,-0.008136141,0.1371342,-0.3291333,-0.04623821
172,-0.001920414,-0.121073924,-0.007371391,-0.22390237,-0.5454142,-0.0034433962,0.008049816,0.20167863,-0.03897998,-0.024330854,-0.18244949,0.0560074,-0.03703954,0.14259492,-0.027142795,-0.21714514,-0.2983941,-0.0072866953,0.0103609115,0.11495933,-0.026386715,-0.038642876,0.046016507,0.07823601,0.010418703,-0.107295506,0.048137497,0.122570165,-0.09023782,-0.027767,0.022261672,0.051019154,-0.007170546,0.13913295,-0.3344786,-0.046573307
173,-0.0013251349,-0.11721257,-0.008027409,-0.2294848,-0.5464555,-0.0046302197,0.009034337,0.20529489,-0.037164163,-0.027253728,-0.17821866,0.05327308,-0.034447227,0.14277765,-0.02667111,-0.21812977,-0.30028576,-0.009053875,0.011263588,0.115425214,-0.027278882,-0.0395576,0.046528313,0.079248555,0.009500157,-0.10960055,0.047382507,0.12296476,-0.090270355,-0.027608039,0.021511847,0.048739422,-0.008486989,0.13997585,-0.33429113,-0.04556243
174,-0.0012403997,-0.11795535,-0.008644262,-0.22498286,-0.5498292,-0.001920167,0.0065691518,0.2037565,-0.03919358,-0.024555065,-0.18275754,0.05608395,-0.0372473,0.1432653,-0.02811113,-0.21719463,-0.30012172,-0.0050639883,0.008745863,0.11229592,-0.027521374,-0.038933672,0.05004845,0.079517,0.009525191,-0.105254784,0.04683482,0.12163077,-0.08578663,-0.026985597,0.02088062,0.04826537,-0.008434577,0.13958056,-0.33154148,-0.046403825
175,0.0018573215,-0.11750701,-0.00569073,-0.22092378,-0.55003816,-0.0030074073,0.008291375,0.20090486,-0.03802522,-0.021619527,-0.18225737,0.055402853,-0.036418095,0.14353801,-0.027018702,-0.21490477,-0.29824606,-0.0050662477,0.00873391,0.108887546,-0.028208077,-0.036693607,0.05253292,0.07994674,0.009229558,-0.104460545,0.045040473,0.122246,-0.07997279,-0.024846256,0.018833376,0.04627955,-0.0097587155,0.13997453,-0.32981312,-0.04562437
176,0.0007740912,-0.116487145,-0.008534788,-0.22786844,-0.55554557,-0.0034947214,0.006963188,0.20485723,-0.039059844,-0.023377022,-0.180971,0.0557197,-0.037266936,0.14227718,-0.029098734,-0.21675202,-0.2972974,-0.005494281,0.00774636,0.110562615,-0.028657245,-0.038244788,0.054235343,0.079264626,0.008707848,-0.10516784,0.045904532,0.12206251,-0.07596249,-0.027269527,0.019297203,0.046021067,-0.009905333,0.1431068,-0.32269812,-0.04544106
177,0.0008707435,-0.1181509,-0.007959432,-0.22804412,-0.55453444,-0.0050629466,0.0077316454,0.20479372,-0.0390959,-0.022984229,-0.18115568,0.05566745,-0.03737387,0.14353748,-0.02895614,-0.21714272,-0.29824567,-0.0070631895,0.0080009485,0.11003286,-0.028940402,-0.03858853,0.05251865,0.079054475,0.008307095,-0.10532499,0.04535836,0.12283008,-0.07632803,-0.027464448,0.018742656,0.046948917,-0.010532439,0.14294432,-0.32453728,-0.046073053
178,-0.0007841867,-0.1200185,-0.009009465,-0.22871731,-0.55426544,-0.0035407683,0.0069017396,0.204287,-0.040031984,-0.024074044,-0.18138197,0.056151457,-0.03824679,0.14602241,-0.030288974,-0.2183705,-0.29968646,-0.0073985965,0.0069517195,0.10921776,-0.030551462,-0.039983075,0.052093063,0.08026753,0.0065617524,-0.10535011,0.043558687,0.122068316,-0.079173416,-0.027169537,0.01744674,0.046886608,-0.011867527,0.14170751,-0.32645234,-0.04692664
179,0.00013157426,-0.12271106,-0.00841361,-0.22864884,-0.557464,-0.0042355284,0.0071202447,0.20336375,-0.039529186,-0.021756878,-0.18375607,0.055564348,-0.03810376,0.14882262,-0.02990985,-0.21667847,-0.2991968,-0.007723562,0.006216395,0.10977177,-0.03112336,-0.03863101,0.050356753,0.079958655,0.0060631176,-0.10530815,0.043402094,0.1241422,-0.07642291,-0.027312927,0.016875649,0.04898028,-0.012411914,0.1426067,-0.3277925,-0.047275826
180,-0.00026653142,-0.122198395,-0.008960047,-0.23129849,-0.55871904,-0.0035031473,0.0072653224,0.20470963,-0.039020833,-0.022858009,-0.18257302,0.054695487,-0.037331827,0.14957775,-0.030573413,-0.21819574,-0.2993046,-0.009004999,0.006527687,0.10923845,-0.03173626,-0.040407453,0.051571425,0.08006223,0.0053384276,-0.106332585,0.042953853,0.12269381,-0.07594267,-0.02822167,0.01660561,0.048264083,-0.0129150525,0.14401436,-0.32270345,-0.046799336
181,-0.00014801761,-0.12350352,-0.008418619,-0.22985281,-0.5593989,-0.003416669,0.0072742123,0.20492758,-0.039593026,-0.020747645,-0.18359204,0.055468496,-0.038336843,0.15070325,-0.03173083,-0.21799672,-0.2981245,-0.008694155,0.0051795417,0.10847912,-0.03297171,-0.04037618,0.05108532,0.080431975,0.004107487,-0.10602684,0.04161163,0.12344779,-0.074063815,-0.0277071,0.015220062,0.049284928,-0.014075721,0.14487,-0.32203642,-0.04645819
182,-0.00080834597,-0.12445745,-0.008457902,-0.23169439,-0.5590858,-0.0040524113,0.007862958,0.20542023,-0.04013087,-0.020999145,-0.18371135,0.05578729,-0.03889787,0.15084404,-0.032836597,-0.218682,-0.29854664,-0.008840594,0.004221082,0.10700941,-0.034096498,-0.04124582,0.050130602,0.08096481,0.0028572083,-0.10536328,0.039833415,0.123236775,-0.07509737,-0.027080052,0.013761947,0.049445458,-0.015318356,0.1450566,-0.32179973,-0.046258062
183,-0.0016411117,-0.12580636,-0.008869664,-0.23236683,-0.5593274,-0.0027420223,0.007627856,0.20491542,-0.04100103,-0.021257674,-0.18412472,0.056796506,-0.039834436,0.15072945,-0.034124102,-0.21989118,-0.29906222,-0.008234645,0.0034224626,0.10529765,-0.034705173,-0.04277796,0.0506929,0.08138562,0.0021329648,-0.10486227,0.03919582,0.12212137,-0.075576864,-0.02755951,0.013360151,0.04982465,-0.015630208,0.14533027,-0.31992137,-0.04660386
184,0.0014340606,-0.12531427,-0.005185977,-0.22895727,-0.55751556,-0.004782608,0.010529983,0.20301591,-0.03908285,-0.018551582,-0.1836518,0.05556528,-0.038132314,0.15130627,-0.032290243,-0.2186303,-0.29802024,-0.010319969,0.004972931,0.10320338,-0.034504637,-0.04158098,0.050845213,0.080719724,0.002475065,-0.105929196,0.038544096,0.12316079,-0.07138014,-0.026782043,0.012384127,0.049653143,-0.016230274,0.14675468,-0.31800717,-0.045637436
185,0.00026149733,-0.123421244,-0.006948607,-0.2354905,-0.5610901,-0.0053514773,0.010399441,0.205364,-0.039092936,-0.021357352,-0.18382978,0.05474695,-0.03766939,0.15208195,-0.032984816,-0.21965583,-0.3002961,-0.01032259,0.0043687373,0.103863895,-0.03536008,-0.043076616,0.049733605,0.081726335,0.0014176962,-0.106047556,0.038370863,0.12339835,-0.07254675,-0.027544288,0.012277695,0.05123583,-0.016694814,0.14696895,-0.31884438,-0.046474516
186,-0.0002213163,-0.12206025,-0.0069512585,-0.2370639,-0.5600846,-0.005140805,0.011028371,0.20468555,-0.039337765,-0.02121105,-0.18634853,0.055210736,-0.038007293,0.15169603,-0.033007406,-0.2200881,-0.29981074,-0.01000669,0.004771843,0.102394044,-0.034452893,-0.044109777,0.049862172,0.08108201,0.0022152364,-0.105970174,0.039437514,0.124898024,-0.0722217,-0.02833308,0.013020991,0.053423412,-0.01582231,0.14622872,-0.3231425,-0.048513375
187,0.0019323982,-0.123748824,-0.005051725,-0.23305039,-0.5615482,-0.0047558756,0.011514506,0.20210749,-0.03900868,-0.018211212,-0.18689781,0.05544562,-0.038141508,0.15212183,-0.032758225,-0.21869642,-0.29890645,-0.009513442,0.0042022713,0.10065726,-0.034901574,-0.042794216,0.050838314,0.081017554,0.0019878957,-0.10611035,0.03904883,0.1258794,-0.06698528,-0.02808713,0.012217783,0.05360245,-0.016354123,0.1472098,-0.3216453,-0.048296522
188,0.001873083,-0.12178063,-0.005900998,-0.23642893,-0.56187075,-0.0036416084,0.011692512,0.2037107,-0.038447373,-0.019485854,-0.18560629,0.05468145,-0.03728802,0.1522722,-0.033103414,-0.21995935,-0.29854894,-0.010106129,0.0048076776,0.09903308,-0.03468538,-0.0444324,0.05349255,0.08077909,0.002178953,-0.10611164,0.038887925,0.12419374,-0.06743891,-0.028796837,0.0122667225,0.05210062,-0.016226072,0.1473712,-0.3188673,-0.04892406
189,0.002940445,-0.12318529,-0.005529646,-0.23821807,-0.5658085,-0.005429398,0.012177237,0.20426881,-0.03889965,-0.018870473,-0.18410882,0.05501889,-0.03787528,0.1499132,-0.033923406,-0.21943145,-0.29907927,-0.009662917,0.003244927,0.09878019,-0.03583258,-0.043293692,0.05245361,0.080986395,0.0011280295,-0.105618194,0.038124133,0.12558003,-0.06253495,-0.02854158,0.011108268,0.051888037,-0.017444002,0.1498499,-0.3159243,-0.047430426
190,0.0015589488,-0.123494714,-0.006416069,-0.24104553,-0.5653943,-0.004885929,0.012243823,0.20373937,-0.0393998,-0.020971788,-0.1836389,0.054915536,-0.03808088,0.15094447,-0.034755614,-0.22054696,-0.3005993,-0.010293259,0.002715396,0.097477384,-0.037006747,-0.044478636,0.05164771,0.081915855,-0.00020056646,-0.105312,0.036292993,0.1251449,-0.06501002,-0.027745275,0.009719724,0.051508855,-0.018704366,0.14892617,-0.3178653,-0.047841907
191,0.0014389541,-0.123598024,-0.006269819,-0.23950164,-0.56509477,-0.0041802195,0.011931095,0.20527235,-0.0397466,-0.019360103,-0.18518683,0.055552173,-0.038758297,0.15295283,-0.03587415,-0.22086497,-0.30064827,-0.009399121,0.0015435875,0.09761694,-0.038142487,-0.045304812,0.05060817,0.083008185,-0.0014609313,-0.10579888,0.035606563,0.1260836,-0.06562858,-0.02780133,0.009077124,0.05383777,-0.019400327,0.14862677,-0.32034186,-0.04850233
192,0.002943537,-0.12151844,-0.0047996608,-0.23956347,-0.5640592,-0.004800947,0.013581654,0.20704167,-0.03820611,-0.016925069,-0.18617842,0.054376658,-0.0374541,0.15382153,-0.035800938,-0.22088927,-0.29786992,-0.010374204,0.0022821657,0.09687677,-0.038152218,-0.046048403,0.051568545,0.08255842,-0.0014838746,-0.10753292,0.03551084,0.12695816,-0.063585974,-0.02815825,0.008766511,0.05531706,-0.019569844,0.14986956,-0.31856823,-0.048512418
193,0.0023513085,-0.12168474,-0.0049577793,-0.2397048,-0.56307375,-0.0035646418,0.013584882,0.2068688,-0.038865782,-0.016939143,-0.18680833,0.055406667,-0.038195606,0.15319775,-0.03674235,-0.22243564,-0.29794404,-0.010173737,0.0022667157,0.09518086,-0.038104665,-0.047914088,0.05260995,0.082457155,-0.0015702421,-0.10738166,0.035599492,0.12609494,-0.063199654,-0.028887749,0.008892689,0.056156497,-0.019351756,0.15049237,-0.3159854,-0.048748873
194,0.003416821,-0.12194664,-0.0036740522,-0.24003087,-0.56183594,-0.004232824,0.015151878,0.20719537,-0.037595518,-0.016144818,-0.1858912,0.054165907,-0.036899906,0.15483339,-0.036091495,-0.22201067,-0.2983383,-0.01134281,0.0026562645,0.09466442,-0.03877475,-0.047636386,0.051360875,0.08290994,-0.0022748767,-0.10879546,0.034468673,0.12730142,-0.06288207,-0.028187577,0.007762337,0.05655687,-0.020385005,0.1506453,-0.31782633,-0.048492853
195,0.0035645298,-0.12342204,-0.0023616082,-0.23864046,-0.5595325,-0.0040827417,0.016320206,0.20488058,-0.038228907,-0.015503717,-0.18716252,0.055548176,-0.037729032,0.15321568,-0.036167864,-0.22291894,-0.3000858,-0.011169381,0.0028632549,0.0919325,-0.038389437,-0.048599444,0.051128507,0.08248012,-0.001999883,-0.10799427,0.03446654,0.12753992,-0.061574116,-0.028217042,0.0076385336,0.05750261,-0.020129982,0.1514707,-0.31703398,-0.04834037
196,0.002903667,-0.12340963,-0.0032253168,-0.2452115,-0.56092393,-0.005556705,0.017377976,0.205276,-0.03811579,-0.017245036,-0.18976149,0.055097993,-0.037342142,0.15179534,-0.03572895,-0.2236853,-0.30193695,-0.011870308,0.003586461,0.09133312,-0.037126694,-0.04968472,0.04991453,0.080962904,-0.0009520467,-0.10729435,0.03592703,0.1284451,-0.06052981,-0.029763885,0.008749019,0.059207816,-0.019123912,0.15270603,-0.31639862,-0.049053594
197,0.0040586726,-0.12380391,-0.0014317229,-0.2418262,-0.55958956,-0.005304821,0.018289175,0.2034971,-0.03851385,-0.015875112,-0.18879244,0.055941314,-0.038002353,0.15017349,-0.037117787,-0.22327188,-0.30138594,-0.009170702,0.0016223604,0.08740819,-0.039355423,-0.049964618,0.052762326,0.08375391,-0.0029736704,-0.10550884,0.033327688,0.12629409,-0.06106421,-0.027915265,0.0067085186,0.05900517,-0.02045273,0.15063004,-0.3166891,-0.049702942
198,0.0050232382,-0.12239881,-0.002830626,-0.2447611,-0.5644956,-0.004877975,0.017218085,0.20722722,-0.037403613,-0.0163619,-0.18643226,0.053808853,-0.036648765,0.15267517,-0.03845033,-0.2228595,-0.3009757,-0.008357168,-0.00028638786,0.09008346,-0.042523634,-0.049747508,0.05448903,0.086624235,-0.0059247795,-0.10828973,0.031364653,0.1258821,-0.059865918,-0.02737984,0.0049565816,0.05840512,-0.022873657,0.15062237,-0.3147523,-0.048842754
199,0.0060709952,-0.12239814,-0.0026137633,-0.24223284,-0.56489986,-0.004368431,0.016574511,0.20718168,-0.037900057,-0.012739882,-0.19021976,0.055236734,-0.037845407,0.15353513,-0.038571067,-0.22259313,-0.29911134,-0.0076069525,-0.00022247527,0.09119315,-0.041237324,-0.049918417,0.054435376,0.08494898,-0.0046509476,-0.109400034,0.03386994,0.12879197,-0.054850217,-0.029413104,0.0065193763,0.062576674,-0.021466468,0.15220824,-0.3153827,-0.050028633
200,0.0074687726,-0.116339326,-1.8289196e-05,-0.23876283,-0.5564891,-0.0032085916,0.019121114,0.2064447,-0.036012128,-0.012463039,-0.18956932,0.05435959,-0.035781484,0.15651496,-0.036614373,-0.2227766,-0.3002841,-0.0078416765,0.0021191598,0.08751569,-0.040202014,-0.051216412,0.054998748,0.0857745,-0.0037111084,-0.10938134,0.032864776,0.12853418,-0.058673553,-0.027514065,0.0058736997,0.06288364,-0.021114,0.14970616,-0.3215394,-0.05112497
201,0.0059821066,-0.113004826,-0.0024345173,-0.24533537,-0.55756015,-0.003623564,0.018621204,0.20979635,-0.037818927,-0.01612042,-0.1844172,0.055688992,-0.03714677,0.15284444,-0.038636386,-0.22653598,-0.3015841,-0.0100228535,0.0021910777,0.08838382,-0.040084634,-0.053760733,0.055066634,0.08422265,-0.003850147,-0.11077928,0.033101916,0.12970628,-0.055394992,-0.028927568,0.0056793764,0.060211156,-0.021871898,0.15417886,-0.31529608,-0.048883755
202,0.00567975,-0.11930381,-0.004312279,-0.24779491,-0.5640377,-0.004350052,0.016676255,0.2091986,-0.03957776,-0.013474952,-0.1847779,0.05664268,-0.039536186,0.15347615,-0.04018544,-0.22436045,-0.29905093,-0.01002503,-0.0009298732,0.09109949,-0.04153475,-0.050327946,0.05269729,0.08261213,-0.0050239535,-0.110272855,0.03243655,0.13443848,-0.047621757,-0.028839406,0.0040966533,0.06008196,-0.023631735,0.15704718,-0.31624126,-0.04818279
203,0.004185948,-0.1250914,-0.005490672,-0.2512775,-0.5631039,-0.003050699,0.016710896,0.20516841,-0.039546944,-0.015246995,-0.18282759,0.05538658,-0.03919159,0.15495497,-0.04017915,-0.22351779,-0.29814807,-0.011218237,-0.0013889419,0.0883738,-0.042506587,-0.049426027,0.054100905,0.082395785,-0.0057639834,-0.10865659,0.029918488,0.13265887,-0.049971204,-0.027287357,0.0021727995,0.056108225,-0.025020415,0.15462469,-0.31857565,-0.049270675
204,0.0037457612,-0.12908664,-0.0062234728,-0.25096634,-0.56499493,-0.002828786,0.015620767,0.20474322,-0.041122932,-0.014560051,-0.18195449,0.05692992,-0.04104748,0.15475415,-0.04157994,-0.22397113,-0.29840675,-0.011222134,-0.0028813689,0.08899081,-0.043270014,-0.0494396,0.05260308,0.0819934,-0.006611744,-0.108984865,0.029857635,0.1341213,-0.047315095,-0.028331865,0.0017846604,0.056616772,-0.02579963,0.15627746,-0.31749836,-0.049055696
205,0.005040309,-0.12836786,-0.0050002625,-0.25017494,-0.5603376,-0.0042294506,0.017205197,0.20544493,-0.039763182,-0.013651094,-0.18120931,0.055697218,-0.03966463,0.15633214,-0.040084038,-0.2241313,-0.29843634,-0.013790297,-0.00086834404,0.088154525,-0.04218943,-0.04959402,0.051502466,0.08079235,-0.005636652,-0.11079585,0.029955627,0.13537273,-0.047418255,-0.028639304,0.0017853855,0.056558825,-0.025867674,0.15592986,-0.31985664,-0.04954516
206,0.004840806,-0.12539032,-0.0058492823,-0.24855316,-0.5575824,-0.00091345,0.016166206,0.2067402,-0.040118914,-0.0137637835,-0.1821997,0.056618966,-0.04005374,0.15838961,-0.04058231,-0.2261789,-0.29984292,-0.013941913,-0.00023611744,0.08710902,-0.041487847,-0.052024137,0.053131297,0.080236614,-0.0051083234,-0.112086944,0.030404594,0.134764,-0.047009446,-0.029852562,0.002176561,0.0559741,-0.025490254,0.15682967,-0.3173734,-0.04963507
207,0.0059582987,-0.12575315,-0.004251327,-0.25002456,-0.5559655,-0.003995583,0.018466411,0.20876049,-0.039873064,-0.012661392,-0.18070444,0.05631991,-0.039940704,0.1558412,-0.04175848,-0.22616498,-0.3001209,-0.012856766,-0.0018250427,0.085114084,-0.04287272,-0.052348122,0.051045302,0.0814127,-0.006612961,-0.11142552,0.02816241,0.13639836,-0.04786799,-0.028487375,0.00017195556,0.05640474,-0.02720273,0.15726039,-0.31998467,-0.04882457
208,0.0069144983,-0.12690774,-0.004326434,-0.25067303,-0.5580767,-0.0029309727,0.018327162,0.21054801,-0.038955364,-0.0116248,-0.18045643,0.055123713,-0.039084163,0.1566187,-0.04252885,-0.225344,-0.29996574,-0.010902903,-0.0034308524,0.0837,-0.04419834,-0.052391306,0.053138215,0.08269916,-0.007755561,-0.110983305,0.027062152,0.13497287,-0.04810951,-0.028581554,-0.0006649353,0.055115663,-0.028010158,0.15646255,-0.3191658,-0.049439717
209,0.0072956863,-0.1291101,-0.005069237,-0.25129926,-0.5602384,-0.002455412,0.017497603,0.21103188,-0.039422363,-0.0106976405,-0.18121408,0.05566398,-0.039761603,0.15672985,-0.042789746,-0.22497268,-0.3005815,-0.0098836515,-0.004196366,0.08379151,-0.0439581,-0.05220025,0.052583452,0.082382984,-0.0075324755,-0.11063712,0.028235205,0.13588661,-0.0453732,-0.030159213,7.801388e-05,0.05640775,-0.02757695,0.15705371,-0.31922227,-0.050255675
210,0.007908043,-0.12651907,-0.004670421,-0.25407243,-0.55918837,-0.0037309434,0.01892734,0.21315478,-0.03790045,-0.01180869,-0.1800362,0.05375116,-0.037886426,0.15912348,-0.04211937,-0.22515978,-0.30268916,-0.011057818,-0.0036801053,0.08394722,-0.044543277,-0.052742936,0.050637186,0.083311796,-0.008302994,-0.112012416,0.027268818,0.13665421,-0.047158077,-0.029887948,-0.00067841716,0.057288926,-0.028521752,0.15656894,-0.32202354,-0.05059974
211,0.007086253,-0.12616082,-0.004537738,-0.25336525,-0.55745125,-0.0032940032,0.01906047,0.21181022,-0.039247792,-0.012098342,-0.18300985,0.05563909,-0.03936066,0.15912667,-0.04244911,-0.22638637,-0.30600932,-0.010422692,-0.0038808049,0.08221787,-0.044030663,-0.054196708,0.04885062,0.0830931,-0.0080734715,-0.1103786,0.027503494,0.13711998,-0.047250167,-0.030232027,-0.0004978356,0.059348054,-0.02813162,0.15710713,-0.3226265,-0.05089247
212,0.0072034826,-0.12635736,-0.004381094,-0.25462782,-0.5589718,-0.0028940458,0.019424748,0.21155976,-0.03941023,-0.012378373,-0.18299441,0.055732258,-0.03949956,0.15901598,-0.042984474,-0.22655794,-0.3074088,-0.010313301,-0.004749509,0.08143923,-0.044804726,-0.054361068,0.04861199,0.08318721,-0.008869577,-0.11017591,0.026686218,0.13746525,-0.044998378,-0.030093055,-0.0014206069,0.058532946,-0.029015714,0.1588316,-0.3201036,-0.04973162
213,0.007860695,-0.12810919,-0.004164,-0.2562258,-0.5628558,-0.0030722767,0.01965554,0.20989776,-0.039377674,-0.012428878,-0.18371685,0.055716958,-0.039462358,0.15859953,-0.04286295,-0.22637486,-0.30848733,-0.010555802,-0.0049947146,0.081522495,-0.044854194,-0.05426227,0.048503775,0.08268659,-0.008907696,-0.11007874,0.027368952,0.13790163,-0.041192748,-0.031070119,-0.0011662407,0.059265845,-0.028921241,0.16091815,-0.31665686,-0.049229264
214,0.0087990295,-0.13056713,-0.0026175447,-0.25461844,-0.562186,-0.0020265135,0.020802204,0.20625494,-0.03847667,-0.011030492,-0.18503328,0.055064566,-0.038696446,0.15972455,-0.042041473,-0.2253359,-0.30774832,-0.010941393,-0.0046281056,0.078690104,-0.044826683,-0.053756833,0.050328154,0.08217971,-0.008686832,-0.10917586,0.026599845,0.13681352,-0.039602067,-0.030488018,-0.0018982728,0.058292538,-0.029040456,0.16078061,-0.31494284,-0.04942151
215,0.0077399397,-0.1301798,-0.003421986,-0.25831887,-0.5622078,-0.0024901985,0.021173738,0.20773324,-0.03894342,-0.013025446,-0.18373893,0.054963365,-0.03887837,0.15898378,-0.043236583,-0.22692479,-0.30904242,-0.0116499,-0.005155606,0.07783246,-0.04563765,-0.05533886,0.049393963,0.08244188,-0.00970885,-0.10886937,0.025242426,0.1365165,-0.040713184,-0.030289777,-0.0029727393,0.05797393,-0.03012104,0.16135576,-0.31363848,-0.048883863
216,0.008618635,-0.13004611,-0.0022969805,-0.25727093,-0.5601753,-0.0034246766,0.022236388,0.20828159,-0.03832572,-0.011223084,-0.18364212,0.054518662,-0.038483035,0.15980755,-0.042802557,-0.2265315,-0.307449,-0.0126920445,-0.0045672837,0.07669969,-0.045309126,-0.054989234,0.04898616,0.08172446,-0.009370272,-0.10861545,0.024719208,0.13762692,-0.039730817,-0.029802114,-0.0035787753,0.059066687,-0.030337654,0.16082358,-0.31584954,-0.04962281
217,0.008847341,-0.12502496,-0.0020098593,-0.254011,-0.556219,-0.0022568614,0.021994522,0.21102615,-0.038603928,-0.009934079,-0.184099,0.05563742,-0.038989447,0.16107333,-0.04309906,-0.22819537,-0.30757758,-0.012229802,-0.0036511165,0.07627166,-0.044346433,-0.05740973,0.04929243,0.0821246,-0.008630522,-0.1096941,0.025861423,0.13861929,-0.041543126,-0.030859038,-0.0025080992,0.062488068,-0.029319186,0.15903072,-0.3211345,-0.052092623
218,0.010776557,-0.12340107,-0.0006785737,-0.25314993,-0.55709493,-0.0032234117,0.022966309,0.21257184,-0.038220312,-0.008307406,-0.18079185,0.05554016,-0.038797975,0.15843968,-0.04395333,-0.2281497,-0.3061757,-0.011701523,-0.0044734413,0.07603669,-0.045499127,-0.05717248,0.05011118,0.08317972,-0.009661892,-0.11157787,0.025239684,0.1403473,-0.037815493,-0.030482974,-0.0034722197,0.062431477,-0.030508174,0.16004863,-0.32147455,-0.05131638
219,0.010774984,-0.1267789,-0.0019000638,-0.2580063,-0.56254435,-0.0033519363,0.022577636,0.2111774,-0.03857701,-0.009121743,-0.17996535,0.055215508,-0.03906395,0.15677388,-0.04470154,-0.22746944,-0.30542827,-0.011399721,-0.0058080675,0.075995296,-0.04641893,-0.056215085,0.051031888,0.0830133,-0.010381803,-0.11049733,0.025009388,0.14039314,-0.034067817,-0.030789612,-0.0039896364,0.06180815,-0.031085417,0.16138497,-0.3186994,-0.051131114
220,0.010762486,-0.12880424,-0.002385151,-0.26262712,-0.5645045,-0.0032877545,0.023319203,0.20900989,-0.037529252,-0.009846818,-0.18152681,0.05357214,-0.037801534,0.15731275,-0.04376338,-0.22656138,-0.30439997,-0.012528589,-0.0051103877,0.07493409,-0.045844126,-0.055596456,0.052199308,0.081714496,-0.009654675,-0.1095253,0.025301876,0.1399234,-0.0329698,-0.031135842,-0.0038048849,0.061503746,-0.030630639,0.16124913,-0.31799844,-0.052209638
221,0.010366125,-0.1292535,-0.0021381988,-0.26021054,-0.5649396,-0.0023543593,0.0227297,0.20838876,-0.039216112,-0.009442379,-0.18265113,0.05585375,-0.039739612,0.15645319,-0.045063034,-0.2279795,-0.30745238,-0.011530115,-0.0063142627,0.07362998,-0.04659955,-0.05707603,0.050741885,0.08259601,-0.010666699,-0.10835368,0.02478992,0.14007087,-0.032887783,-0.031357,-0.004270916,0.06336153,-0.0310613,0.16187036,-0.31762564,-0.05229618
222,0.011579244,-0.1275073,-0.00011662927,-0.25773466,-0.56188834,-0.001523402,0.024388159,0.20825495,-0.037680145,-0.008576665,-0.18132485,0.05465361,-0.038164157,0.15596306,-0.045052588,-0.22880459,-0.3082196,-0.011939919,-0.0058061164,0.071255855,-0.04744979,-0.058494728,0.052470494,0.08384761,-0.0115121,-0.11031021,0.02332791,0.13903688,-0.035361823,-0.030491656,-0.0052955598,0.06206647,-0.032027856,0.16069306,-0.31864637,-0.052413095
223,0.013057219,-0.12469116,0.00083093264,-0.2570886,-0.5623892,-0.0015895364,0.025077194,0.21110094,-0.03642034,-0.0072571053,-0.18021397,0.0535054,-0.036965474,0.15765552,-0.04502293,-0.22824681,-0.3097287,-0.011681533,-0.006557904,0.0724561,-0.048884593,-0.057926428,0.050749008,0.08536087,-0.0129689155,-0.11227407,0.022098493,0.14150275,-0.0344513,-0.029547568,-0.0065793768,0.06280935,-0.03351139,0.1613378,-0.3218238,-0.051738914
224,0.0121096475,-0.12700519,-0.0006145213,-0.25894386,-0.56541556,-0.00092911103,0.023812965,0.21103828,-0.038392987,-0.0073372647,-0.18123107,0.05564229,-0.039143484,0.15614502,-0.046627544,-0.22952528,-0.31049433,-0.011506092,-0.0077522895,0.07311484,-0.04889598,-0.058823384,0.05038844,0.08412575,-0.013093744,-0.111280255,0.023144625,0.14272657,-0.030854847,-0.031244596,-0.006049248,0.0633075,-0.033237156,0.16445133,-0.31789866,-0.051262923
225,0.011697633,-0.13031441,-0.0011614021,-0.26287842,-0.5673729,-0.0023649528,0.024264028,0.20897539,-0.038168922,-0.008021661,-0.1822352,0.054706253,-0.038795847,0.15784004,-0.04599093,-0.22851454,-0.31073207,-0.013226133,-0.007828802,0.074140005,-0.048969086,-0.057474047,0.048504643,0.082795,-0.013145501,-0.11040369,0.022832999,0.14457956,-0.029023832,-0.031120367,-0.0065831845,0.06380992,-0.03371007,0.16534464,-0.3192081,-0.0515985
226,0.009913372,-0.13144204,-0.002604488,-0.2674532,-0.5658004,-0.0019816207,0.024485983,0.20872362,-0.037915785,-0.010930074,-0.18079574,0.053604096,-0.038056243,0.1592386,-0.046073847,-0.22973602,-0.31104258,-0.01536101,-0.007012153,0.07387284,-0.048863295,-0.058881786,0.049024098,0.08203211,-0.013135752,-0.11068276,0.022362288,0.14355458,-0.032217335,-0.03159677,-0.0067046885,0.06237136,-0.033940554,0.16433926,-0.32010657,-0.052794237
227,0.010484279,-0.13254412,-0.0019887118,-0.26474515,-0.5640561,-0.0015919917,0.024464224,0.21013051,-0.03790142,-0.00814687,-0.17981994,0.053758126,-0.038459588,0.16122533,-0.04725468,-0.22917196,-0.30768955,-0.015226984,-0.008247388,0.07367723,-0.0503256,-0.058287986,0.050481357,0.08248361,-0.014391136,-0.11147225,0.020487951,0.14386494,-0.030642455,-0.030602777,-0.008515311,0.061577898,-0.035498377,0.16403948,-0.32040435,-0.05272116
228,0.010380691,-0.13187104,-0.0025459367,-0.26592466,-0.5652309,-0.0020066751,0.02412593,0.21393842,-0.038597066,-0.006856758,-0.18008457,0.054552086,-0.039426118,0.16161829,-0.049033422,-0.2297247,-0.30650505,-0.014646023,-0.009823141,0.07442252,-0.05141913,-0.05883958,0.049954496,0.082726605,-0.015566431,-0.111452155,0.019703036,0.14505021,-0.029049564,-0.030837238,-0.0094027445,0.06254199,-0.036449686,0.16552517,-0.31897062,-0.052293986
229,0.009692365,-0.13225883,-0.0027236857,-0.26620293,-0.56490576,-0.0013628228,0.02407982,0.21479371,-0.039245076,-0.0062248074,-0.18195069,0.05536831,-0.040247794,0.16273521,-0.050058767,-0.22996388,-0.30651873,-0.013753902,-0.010949396,0.07368569,-0.052152697,-0.059421394,0.049696896,0.083174266,-0.016369848,-0.1104011,0.018832242,0.1452295,-0.029392272,-0.030597972,-0.010149714,0.06348096,-0.036935624,0.16556098,-0.3194298,-0.052690733
230,0.010448258,-0.12965566,-0.0012592925,-0.26622245,-0.56096655,-0.001082383,0.026088692,0.21369593,-0.037835296,-0.005649645,-0.18460277,0.05446582,-0.038789213,0.1644009,-0.048325237,-0.22940843,-0.30652273,-0.014339381,-0.009179345,0.07074566,-0.05079517,-0.059572227,0.050610855,0.0824463,-0.014963016,-0.10909342,0.018885957,0.14483711,-0.029787231,-0.029937956,-0.010058824,0.0642266,-0.03597162,0.16466627,-0.32097116,-0.0538173
231,0.011153051,-0.12912606,-0.001404424,-0.2682189,-0.5629005,-0.0013193594,0.026325721,0.21546505,-0.03794223,-0.0053362255,-0.18344444,0.054667678,-0.03895178,0.16345012,-0.049307927,-0.22989632,-0.30573526,-0.014356583,-0.009879866,0.070900105,-0.051417425,-0.05996646,0.050767947,0.08242058,-0.01560275,-0.10966556,0.018624201,0.14558017,-0.026328133,-0.030318256,-0.010632489,0.06441543,-0.0366015,0.1670539,-0.3168091,-0.052564006
232,0.011301297,-0.1305239,-0.001043557,-0.26854923,-0.56433904,-0.0016533853,0.02660612,0.2152611,-0.03856929,-0.00523083,-0.18319201,0.055390254,-0.03966027,0.16267885,-0.050079927,-0.23002544,-0.30707836,-0.013787053,-0.011071077,0.07020773,-0.052535463,-0.060076006,0.049761463,0.08329762,-0.01679613,-0.10893238,0.01771167,0.14583251,-0.024857244,-0.03002183,-0.011575449,0.06509987,-0.03752577,0.1678025,-0.31589493,-0.052042205
233,0.010969306,-0.13152719,-0.0014017859,-0.27072543,-0.56353265,-0.0012364197,0.027053205,0.21480408,-0.037887186,-0.006473082,-0.18326163,0.054442585,-0.038713176,0.16413483,-0.04966341,-0.23048271,-0.30789188,-0.014546632,-0.010348761,0.06939198,-0.052329767,-0.061113812,0.05065747,0.08329284,-0.01662587,-0.1088544,0.017866729,0.14416885,-0.026649049,-0.030736122,-0.011225911,0.06540785,-0.0371805,0.16660021,-0.31583565,-0.05341569
234,0.011993758,-0.13279957,-0.00037046184,-0.2702516,-0.563159,-0.0018034686,0.027990546,0.21416461,-0.037411273,-0.005028483,-0.18398532,0.05424579,-0.038412817,0.16492629,-0.04922308,-0.23004033,-0.30747327,-0.015396886,-0.010053258,0.06904852,-0.052192483,-0.060759716,0.050192505,0.08262473,-0.016485965,-0.10947684,0.017934654,0.1452246,-0.023769524,-0.031067504,-0.011457129,0.06651979,-0.037348714,0.16751613,-0.31490493,-0.053341776
235,0.011057683,-0.13232268,-0.0010677308,-0.270107,-0.5637831,-0.00045066228,0.027155042,0.21513936,-0.038773276,-0.0064027766,-0.18210317,0.05561751,-0.0396977,0.16413522,-0.051230375,-0.23221473,-0.30972716,-0.01498011,-0.011379805,0.06880794,-0.05378966,-0.06292843,0.05017719,0.08410796,-0.018302128,-0.110366665,0.016594779,0.14432499,-0.02418272,-0.03102313,-0.0125659965,0.06620869,-0.038737193,0.16827932,-0.31217775,-0.052264825
236,0.011801197,-0.13214901,6.93535e-05,-0.2696171,-0.56297815,-0.0006180533,0.028261738,0.2133602,-0.03830344,-0.005947004,-0.18229419,0.05524642,-0.039246846,0.16468763,-0.050506875,-0.23108378,-0.3111431,-0.014773281,-0.011703585,0.067873284,-0.05445711,-0.06170732,0.049005497,0.08489388,-0.0189024,-0.11005933,0.015309359,0.14593111,-0.022899773,-0.029374534,-0.01386597,0.06658839,-0.039608385,0.16803163,-0.31579587,-0.05224843
237,0.011600999,-0.13032492,-0.0009781345,-0.2772785,-0.5651195,-0.0032957923,0.029369371,0.2129132,-0.037546564,-0.010824594,-0.18002501,0.053354707,-0.03766115,0.1637886,-0.04914343,-0.23217607,-0.31425813,-0.018606698,-0.009774474,0.069948256,-0.0529944,-0.062363025,0.047067944,0.08249369,-0.017676815,-0.111555025,0.017051876,0.148212,-0.02127847,-0.03145493,-0.012577588,0.0651893,-0.039207947,0.17039496,-0.31536454,-0.05209686
238,0.012622954,-0.1255316,0.0023000652,-0.26349217,-0.56049097,0.0010530003,0.028921533,0.20637415,-0.03931645,-0.008173933,-0.18387438,0.0572154,-0.040041797,0.16788952,-0.04801106,-0.23117249,-0.31871632,-0.016087975,-0.010207238,0.06519226,-0.05343951,-0.062159795,0.051103592,0.08424074,-0.017714819,-0.10610782,0.015339741,0.145551,-0.0223594,-0.028713334,-0.013915147,0.065429054,-0.038674075,0.16758361,-0.3194979,-0.054530736
239,0.016193466,-0.12101051,0.0034996287,-0.26568285,-0.566201,-0.0012748245,0.030078504,0.21052067,-0.03767999,-0.0083724605,-0.17665991,0.055362433,-0.038166925,0.16467014,-0.049220238,-0.23179239,-0.31627882,-0.017193306,-0.010738487,0.06852991,-0.054595456,-0.06270251,0.055479165,0.08396538,-0.01852155,-0.109959796,0.01595447,0.14579885,-0.016387917,-0.03066659,-0.013935465,0.06169878,-0.039858125,0.17201965,-0.31064323,-0.052262403
240,0.01726416,-0.12259824,0.0036052796,-0.2660902,-0.56996197,-0.0023324096,0.029805481,0.21196982,-0.038266152,-0.00672553,-0.17673036,0.055868495,-0.03905321,0.16368711,-0.050510947,-0.23137592,-0.31540033,-0.016242689,-0.01257003,0.069652,-0.055022918,-0.06257059,0.055496562,0.08309945,-0.018902816,-0.1087629,0.01710667,0.14784858,-0.01208373,-0.0328427,-0.013369914,0.062303893,-0.039817337,0.17463318,-0.30881214,-0.052512117
241,0.016972087,-0.12330746,0.004180492,-0.26496452,-0.5667513,-0.00055667385,0.030442955,0.20705236,-0.0383576,-0.006972138,-0.18106516,0.056254648,-0.0391378,0.16652551,-0.04894936,-0.22950043,-0.31796086,-0.014076043,-0.0126926815,0.0663698,-0.054448925,-0.061768726,0.056147423,0.08364446,-0.0181544,-0.10362217,0.017301679,0.14739089,-0.014513229,-0.032119527,-0.012987991,0.064161085,-0.038326725,0.17146644,-0.31633043,-0.056035426
242,0.016318724,-0.12248887,0.0038028767,-0.26700303,-0.56600744,-0.001582723,0.030807987,0.20966366,-0.039492674,-0.01079956,-0.1743236,0.056837063,-0.039790455,0.1636219,-0.051464904,-0.23243645,-0.32280296,-0.014605755,-0.014546792,0.06776045,-0.05708995,-0.064231485,0.0543245,0.085887745,-0.021209462,-0.106406994,0.015089771,0.14848524,-0.015957132,-0.032003228,-0.014852293,0.061039835,-0.041178256,0.17346835,-0.31578204,-0.053677425
243,0.017603746,-0.123523556,0.0048354366,-0.26435298,-0.5647736,-0.0016157213,0.031162117,0.20824751,-0.038554367,-0.008344212,-0.17445168,0.055851158,-0.039104726,0.1679652,-0.05049938,-0.23003606,-0.32074603,-0.015119601,-0.014916886,0.06874858,-0.05802332,-0.061716676,0.055341065,0.08594382,-0.021711541,-0.10670407,0.013747097,0.14961492,-0.013953873,-0.030624742,-0.01624602,0.060909078,-0.042267207,0.17195661,-0.3201749,-0.054887168
244,0.017224763,-0.12270236,0.0028554169,-0.26617083,-0.56632155,-0.0010840603,0.029563729,0.21072586,-0.039166316,-0.007711335,-0.17423482,0.056477968,-0.03987764,0.16888674,-0.050859038,-0.23074026,-0.3160403,-0.016444966,-0.013828102,0.07117884,-0.056428883,-0.062600605,0.060211387,0.083570406,-0.019856842,-0.107358135,0.016522514,0.14844653,-0.011683688,-0.033739764,-0.013997645,0.06148445,-0.040488135,0.1716673,-0.31760094,-0.057715263
245,0.016688624,-0.12325345,0.0012871887,-0.2729941,-0.5699023,-0.004411815,0.029695963,0.21324717,-0.039879758,-0.010633284,-0.1683509,0.055569842,-0.04023266,0.16734351,-0.05240507,-0.23085386,-0.31653875,-0.018415948,-0.015926288,0.07558351,-0.05871792,-0.06161294,0.0567509,0.08387166,-0.022277482,-0.1106172,0.014653124,0.15297575,-0.006723518,-0.033654876,-0.016172329,0.058848746,-0.04383196,0.17497735,-0.31929377,-0.055514652
246,0.015889768,-0.12483493,0.0020819989,-0.26425576,-0.5643413,0.0014086515,0.028456679,0.20547599,-0.04158626,-0.00864833,-0.17134108,0.058334153,-0.042401716,0.17226869,-0.051948342,-0.22944883,-0.31678593,-0.016259313,-0.016610393,0.071679026,-0.059091993,-0.06040036,0.061582427,0.084600225,-0.022057507,-0.10742669,0.013225224,0.15108402,-0.0070798257,-0.03144999,-0.017392978,0.056389514,-0.043776803,0.171922,-0.3243492,-0.057735287
247,0.01902361,-0.11521525,0.0043033618,-0.26473927,-0.56145376,-0.00074988545,0.031177668,0.21107167,-0.038842075,-0.008069061,-0.17090523,0.05629065,-0.039469466,0.17191096,-0.050224558,-0.22887494,-0.31911415,-0.015224616,-0.015354666,0.06977636,-0.058322016,-0.06069811,0.062120646,0.08585738,-0.021291215,-0.105498284,0.013527699,0.1512177,-0.008218736,-0.030926513,-0.017032823,0.056804273,-0.043060683,0.17207408,-0.32579643,-0.057927534
248,0.021374976,-0.11189684,0.0054809535,-0.26971608,-0.5652147,-0.0040243333,0.033424374,0.2134782,-0.03901931,-0.00843179,-0.17134957,0.057180453,-0.03961613,0.16396126,-0.051047117,-0.22973834,-0.32020706,-0.013169089,-0.015946055,0.06735746,-0.057670712,-0.062162984,0.06286726,0.085754015,-0.020784903,-0.10164939,0.015122513,0.15092622,-0.003523408,-0.032255843,-0.016060827,0.057953738,-0.041973535,0.17698124,-0.31611794,-0.055781193
249,0.023134727,-0.11244109,0.0072040115,-0.27067822,-0.56305885,-0.0028350393,0.03573383,0.20925707,-0.036866467,-0.006989427,-0.17654651,0.05565834,-0.03748462,0.16400957,-0.04994675,-0.2284758,-0.31861937,-0.010647703,-0.015250238,0.063623674,-0.056566253,-0.063333,0.067833886,0.08586651,-0.019426238,-0.09925717,0.01661798,0.14738715,-0.0047450964,-0.033164315,-0.014603144,0.059606016,-0.03986224,0.17605701,-0.31231248,-0.057557784
250,0.024060713,-0.11527605,0.0076353233,-0.26923057,-0.5650465,-0.0015818875,0.03544022,0.20942946,-0.03589922,-0.005895122,-0.17538647,0.054456264,-0.036574855,0.16888152,-0.050571155,-0.22791553,-0.3185418,-0.011798146,-0.016532786,0.069411196,-0.058870055,-0.06289595,0.066903405,0.086814076,-0.021705804,-0.1062145,0.015361396,0.1505235,-0.0033080224,-0.033606894,-0.015861938,0.05900985,-0.04234488,0.1778374,-0.31383783,-0.05678391
